command,cpu_utilization,date,time,cpu_percent,mem_percent,power_watts,,,9.59
stress-ng --cpu 2 --cpu-load 2 --quiet --timeout 60s,1,4/23/2026,22:28:00,1.47,6.59,9.45,,,9.59
stress-ng --cpu 2 --cpu-load 2 --quiet --timeout 60s,1,4/23/2026,22:28:01,5.66,6.59,9.45,,,11.18
stress-ng --cpu 2 --cpu-load 2 --quiet --timeout 60s,1,4/23/2026,22:28:02,1.96,6.59,10.58,,,11.08
stress-ng --cpu 2 --cpu-load 2 --quiet --timeout 60s,1,4/23/2026,22:28:03,2.96,6.59,9.91,,,11.08
stress-ng --cpu 2 --cpu-load 2 --quiet --timeout 60s,1,4/23/2026,22:28:04,1.22,6.59,9.91,,,11.04
stress-ng --cpu 2 --cpu-load 2 --quiet --timeout 60s,1,4/23/2026,22:28:05,3.92,6.59,9.34,,,10.85
stress-ng --cpu 2 --cpu-load 2 --quiet --timeout 60s,1,4/23/2026,22:28:06,0.98,6.59,10,,,10.85
stress-ng --cpu 2 --cpu-load 2 --quiet --timeout 60s,1,4/23/2026,22:28:07,2.94,6.59,10,,,10.94
stress-ng --cpu 2 --cpu-load 2 --quiet --timeout 60s,1,4/23/2026,22:28:08,1.97,6.59,9.64,,,10.71
stress-ng --cpu 2 --cpu-load 2 --quiet --timeout 60s,1,4/23/2026,22:28:09,0.98,6.59,9.58,,,10.71
stress-ng --cpu 2 --cpu-load 2 --quiet --timeout 60s,1,4/23/2026,22:28:10,3.71,6.59,9.58,,,10.8
stress-ng --cpu 2 --cpu-load 2 --quiet --timeout 60s,1,4/23/2026,22:28:11,1.48,6.59,9.32,,,11.33
stress-ng --cpu 2 --cpu-load 2 --quiet --timeout 60s,1,4/23/2026,22:28:12,1.98,6.59,10.33,,,11.33
stress-ng --cpu 2 --cpu-load 2 --quiet --timeout 60s,1,4/23/2026,22:28:13,1.97,6.59,10.33,,,10.38
stress-ng --cpu 2 --cpu-load 2 --quiet --timeout 60s,1,4/23/2026,22:28:14,1.97,6.59,9.72,,,10.96
stress-ng --cpu 2 --cpu-load 2 --quiet --timeout 60s,1,4/23/2026,22:28:15,2.44,6.59,9.66,,,10.96
stress-ng --cpu 2 --cpu-load 2 --quiet --timeout 60s,1,4/23/2026,22:28:16,1.97,6.59,9.66,,,11.38
stress-ng --cpu 2 --cpu-load 2 --quiet --timeout 60s,1,4/23/2026,22:28:17,2.69,6.6,9.63,,,10.61
stress-ng --cpu 2 --cpu-load 2 --quiet --timeout 60s,1,4/23/2026,22:28:18,1.96,6.6,9.92,,,10.61
stress-ng --cpu 2 --cpu-load 2 --quiet --timeout 60s,1,4/23/2026,22:28:19,4.17,6.6,9.92,,,11.1
stress-ng --cpu 2 --cpu-load 2 --quiet --timeout 60s,1,4/23/2026,22:28:20,3.19,6.6,10.16,,,11.14
stress-ng --cpu 2 --cpu-load 2 --quiet --timeout 60s,1,4/23/2026,22:28:21,2.7,6.6,9.91,,,11.14
stress-ng --cpu 2 --cpu-load 2 --quiet --timeout 60s,1,4/23/2026,22:28:22,0.99,6.6,9.91,,,11.03
stress-ng --cpu 2 --cpu-load 2 --quiet --timeout 60s,1,4/23/2026,22:28:23,3.17,6.6,9.49,,,10.73
stress-ng --cpu 2 --cpu-load 2 --quiet --timeout 60s,1,4/23/2026,22:28:24,0.98,6.6,9.81,,,10.73
stress-ng --cpu 2 --cpu-load 2 --quiet --timeout 60s,1,4/23/2026,22:28:25,3.19,6.6,9.81,,,11.53
stress-ng --cpu 2 --cpu-load 2 --quiet --timeout 60s,1,4/23/2026,22:28:26,1.72,6.6,9.74,,,11.25
stress-ng --cpu 2 --cpu-load 2 --quiet --timeout 60s,1,4/23/2026,22:28:27,2.355,6.6,9.78,,,11.25
stress-ng --cpu 2 --cpu-load 2 --quiet --timeout 60s,1,4/23/2026,22:28:28,2.99,6.6,9.78,,,11.44
stress-ng --cpu 2 --cpu-load 2 --quiet --timeout 60s,1,4/23/2026,22:28:29,0.74,6.6,10.12,,,11.14
stress-ng --cpu 2 --cpu-load 2 --quiet --timeout 60s,1,4/23/2026,22:28:30,3.23,6.59,9.995,,,11.14
stress-ng --cpu 2 --cpu-load 2 --quiet --timeout 60s,1,4/23/2026,22:28:31,0.99,6.59,9.87,,,11.51
stress-ng --cpu 2 --cpu-load 2 --quiet --timeout 60s,1,4/23/2026,22:28:32,2.96,6.59,9.87,,,11.01
stress-ng --cpu 2 --cpu-load 2 --quiet --timeout 60s,1,4/23/2026,22:28:33,1.24,6.59,9.97,,,11.01
stress-ng --cpu 2 --cpu-load 2 --quiet --timeout 60s,1,4/23/2026,22:28:34,2.46,6.59,9.72,,,10.96
stress-ng --cpu 2 --cpu-load 2 --quiet --timeout 60s,1,4/23/2026,22:28:35,2.45,6.59,9.72,,,10.88
stress-ng --cpu 2 --cpu-load 2 --quiet --timeout 60s,1,4/23/2026,22:28:36,2.69,6.59,10.08,,,10.88
stress-ng --cpu 2 --cpu-load 2 --quiet --timeout 60s,1,4/23/2026,22:28:37,1.96,6.59,9.76,,,10.75
stress-ng --cpu 2 --cpu-load 2 --quiet --timeout 60s,1,4/23/2026,22:28:38,2.21,6.59,9.76,,,10.8
stress-ng --cpu 2 --cpu-load 2 --quiet --timeout 60s,1,4/23/2026,22:28:39,1.96,6.59,9.75,,,10.8
stress-ng --cpu 2 --cpu-load 2 --quiet --timeout 60s,1,4/23/2026,22:28:40,1.97,6.59,9.73,,,11.07
stress-ng --cpu 2 --cpu-load 2 --quiet --timeout 60s,1,4/23/2026,22:28:41,1.96,6.59,9.73,,,11.13
stress-ng --cpu 2 --cpu-load 2 --quiet --timeout 60s,1,4/23/2026,22:28:42,3.43,6.59,10.04,,,11.13
stress-ng --cpu 2 --cpu-load 2 --quiet --timeout 60s,1,4/23/2026,22:28:43,2.2,6.59,9.26,,,10.8
stress-ng --cpu 2 --cpu-load 2 --quiet --timeout 60s,1,4/23/2026,22:28:44,1.47,6.58,9.26,,,11.03
stress-ng --cpu 2 --cpu-load 2 --quiet --timeout 60s,1,4/23/2026,22:28:45,3.2,6.58,9.95,,,11.03
stress-ng --cpu 2 --cpu-load 2 --quiet --timeout 60s,1,4/23/2026,22:28:46,0.99,6.58,9.32,,,11.31
stress-ng --cpu 2 --cpu-load 2 --quiet --timeout 60s,1,4/23/2026,22:28:47,3.67,6.58,9.32,,,10.84
stress-ng --cpu 2 --cpu-load 2 --quiet --timeout 60s,1,4/23/2026,22:28:48,2.21,6.58,10.26,,,10.84
stress-ng --cpu 2 --cpu-load 2 --quiet --timeout 60s,1,4/23/2026,22:28:49,1.23,6.58,9.74,,,10.92
stress-ng --cpu 2 --cpu-load 2 --quiet --timeout 60s,1,4/23/2026,22:28:50,1.96,6.58,9.74,,,12.02
stress-ng --cpu 2 --cpu-load 2 --quiet --timeout 60s,1,4/23/2026,22:28:51,1.97,6.58,9.64,,,12.02
stress-ng --cpu 2 --cpu-load 2 --quiet --timeout 60s,1,4/23/2026,22:28:52,2.21,6.58,9.87,,,10.55
stress-ng --cpu 2 --cpu-load 2 --quiet --timeout 60s,1,4/23/2026,22:28:53,2.2,6.58,9.87,,,10.87
stress-ng --cpu 2 --cpu-load 2 --quiet --timeout 60s,1,4/23/2026,22:28:54,2.21,6.58,9.63,,,10.87
stress-ng --cpu 2 --cpu-load 2 --quiet --timeout 60s,1,4/23/2026,22:28:55,2.46,6.58,9.82,,,10.51
stress-ng --cpu 2 --cpu-load 2 --quiet --timeout 60s,1,4/23/2026,22:28:56,1.97,6.58,9.82,,,12.21
stress-ng --cpu 2 --cpu-load 2 --quiet --timeout 60s,1,4/23/2026,22:28:57,3.45,6.58,10.02,,,12.21
stress-ng --cpu 2 --cpu-load 2 --quiet --timeout 60s,1,4/23/2026,22:28:58,1.73,6.58,9.6,,,10.8
stress-ng --cpu 2 --cpu-load 2 --quiet --timeout 60s,1,4/23/2026,22:28:59,1.23,6.58,9.6,,,11.62
stress-ng --cpu 2 --cpu-load 2 --quiet --timeout 60s,1,4/23/2026,22:29:00,2.45,6.59,9.76,,,9.27
stress-ng --cpu 2 --cpu-load 2 --quiet --timeout 60s,1,4/24/2026,11:34:30,1.23,7.04,9.16,,,10.15
stress-ng --cpu 2 --cpu-load 2 --quiet --timeout 60s,1,4/24/2026,11:34:31,4.15,7.06,9.12,,,10.15
stress-ng --cpu 2 --cpu-load 2 --quiet --timeout 60s,1,4/24/2026,11:34:32,1.71,7.06,10.22,,,10.15
stress-ng --cpu 2 --cpu-load 2 --quiet --timeout 60s,1,4/24/2026,11:34:33,3.19,7.06,10.22,,,11.33
stress-ng --cpu 2 --cpu-load 2 --quiet --timeout 60s,1,4/24/2026,11:34:34,1.46,7.06,9.78,,,11.34
stress-ng --cpu 2 --cpu-load 2 --quiet --timeout 60s,1,4/24/2026,11:34:35,3.18,7.06,9.78,,,11.34
stress-ng --cpu 2 --cpu-load 2 --quiet --timeout 60s,1,4/24/2026,11:34:36,1.72,7.06,9.28,,,11.16
stress-ng --cpu 2 --cpu-load 2 --quiet --timeout 60s,1,4/24/2026,11:34:37,2.71,7.06,9.49,,,11.11
stress-ng --cpu 2 --cpu-load 2 --quiet --timeout 60s,1,4/24/2026,11:34:38,0.98,7.06,9.49,,,10.97
stress-ng --cpu 2 --cpu-load 2 --quiet --timeout 60s,1,4/24/2026,11:34:39,4.16,7.06,9.89,,,10.86
stress-ng --cpu 2 --cpu-load 2 --quiet --timeout 60s,1,4/24/2026,11:34:40,0.98,7.06,9.61,,,10.86
stress-ng --cpu 2 --cpu-load 2 --quiet --timeout 60s,1,4/24/2026,11:34:41,2.21,7.06,9.61,,,11.21
stress-ng --cpu 2 --cpu-load 2 --quiet --timeout 60s,1,4/24/2026,11:34:42,2.44,7.06,9.06,,,11.01
stress-ng --cpu 2 --cpu-load 2 --quiet --timeout 60s,1,4/24/2026,11:34:43,2.44,7.06,9.83,,,11.01
stress-ng --cpu 2 --cpu-load 2 --quiet --timeout 60s,1,4/24/2026,11:34:44,1.97,7.06,9.83,,,11.1
stress-ng --cpu 2 --cpu-load 2 --quiet --timeout 60s,1,4/24/2026,11:34:45,2.2,7.06,9.5,,,10.95
stress-ng --cpu 2 --cpu-load 2 --quiet --timeout 60s,1,4/24/2026,11:34:46,2.94,7.06,9.44,,,10.95
stress-ng --cpu 2 --cpu-load 2 --quiet --timeout 60s,1,4/24/2026,11:34:47,1.97,7.06,9.44,,,11.45
stress-ng --cpu 2 --cpu-load 2 --quiet --timeout 60s,1,4/24/2026,11:34:48,2.44,7.06,9.96,,,10.61
stress-ng --cpu 2 --cpu-load 2 --quiet --timeout 60s,1,4/24/2026,11:34:49,2.21,7.06,9.69,,,10.61
stress-ng --cpu 2 --cpu-load 2 --quiet --timeout 60s,1,4/24/2026,11:34:50,1.96,7.06,9.69,,,11.19
stress-ng --cpu 2 --cpu-load 2 --quiet --timeout 60s,1,4/24/2026,11:34:51,1.835,7.06,9.7,,,10.78
stress-ng --cpu 2 --cpu-load 2 --quiet --timeout 60s,1,4/24/2026,11:34:52,1.71,7.06,9.63,,,10.78
stress-ng --cpu 2 --cpu-load 2 --quiet --timeout 60s,1,4/24/2026,11:34:53,1.71,7.06,9.63,,,11.33
stress-ng --cpu 2 --cpu-load 2 --quiet --timeout 60s,1,4/24/2026,11:34:54,2.44,7.06,9.85,,,11.22
stress-ng --cpu 2 --cpu-load 2 --quiet --timeout 60s,1,4/24/2026,11:34:55,1.96,7.06,9.42,,,11.22
stress-ng --cpu 2 --cpu-load 2 --quiet --timeout 60s,1,4/24/2026,11:34:56,2.7,7.06,9.42,,,11.31
stress-ng --cpu 2 --cpu-load 2 --quiet --timeout 60s,1,4/24/2026,11:34:57,2.21,7.06,9.75,,,11.36
stress-ng --cpu 2 --cpu-load 2 --quiet --timeout 60s,1,4/24/2026,11:34:58,1.22,7.06,9.65,,,11.36
stress-ng --cpu 2 --cpu-load 2 --quiet --timeout 60s,1,4/24/2026,11:34:59,3.44,7.06,9.65,,,11.1
stress-ng --cpu 2 --cpu-load 2 --quiet --timeout 60s,1,4/24/2026,11:35:00,1.22,7.06,9.22,,,10.42
stress-ng --cpu 2 --cpu-load 2 --quiet --timeout 60s,1,4/24/2026,11:35:01,3.43,7.06,9.32,,,10.42
stress-ng --cpu 2 --cpu-load 2 --quiet --timeout 60s,1,4/24/2026,11:35:02,3.18,7.06,9.32,,,11.55
stress-ng --cpu 2 --cpu-load 2 --quiet --timeout 60s,1,4/24/2026,11:35:03,1.22,7.06,10.05,,,11.02
stress-ng --cpu 2 --cpu-load 2 --quiet --timeout 60s,1,4/24/2026,11:35:04,1.72,7.06,9.34,,,11.02
stress-ng --cpu 2 --cpu-load 2 --quiet --timeout 60s,1,4/24/2026,11:35:05,3.2,7.06,9.34,,,10.77
stress-ng --cpu 2 --cpu-load 2 --quiet --timeout 60s,1,4/24/2026,11:35:06,1.23,7.06,9.59,,,10.99
stress-ng --cpu 2 --cpu-load 2 --quiet --timeout 60s,1,4/24/2026,11:35:07,2.7,7.06,9.52,,,10.99
stress-ng --cpu 2 --cpu-load 2 --quiet --timeout 60s,1,4/24/2026,11:35:08,1.74,7.06,9.52,,,10.98
stress-ng --cpu 2 --cpu-load 2 --quiet --timeout 60s,1,4/24/2026,11:35:09,2.21,7.06,10.04,,,11.31
stress-ng --cpu 2 --cpu-load 2 --quiet --timeout 60s,1,4/24/2026,11:35:10,2.46,7.06,9.32,,,11.31
stress-ng --cpu 2 --cpu-load 2 --quiet --timeout 60s,1,4/24/2026,11:35:11,2.2,7.06,9.32,,,10.92
stress-ng --cpu 2 --cpu-load 2 --quiet --timeout 60s,1,4/24/2026,11:35:12,2.45,7.06,9.77,,,11.07
stress-ng --cpu 2 --cpu-load 2 --quiet --timeout 60s,1,4/24/2026,11:35:13,1.97,7.06,9.77,,,11.07
stress-ng --cpu 2 --cpu-load 2 --quiet --timeout 60s,1,4/24/2026,11:35:14,2.21,7.06,9.58,,,10.75
stress-ng --cpu 2 --cpu-load 2 --quiet --timeout 60s,1,4/24/2026,11:35:15,2.45,7.06,9.5,,,10.94
stress-ng --cpu 2 --cpu-load 2 --quiet --timeout 60s,1,4/24/2026,11:35:16,2.21,7.06,9.5,,,10.94
stress-ng --cpu 2 --cpu-load 2 --quiet --timeout 60s,1,4/24/2026,11:35:17,2.2,7.06,9.67,,,11.14
stress-ng --cpu 2 --cpu-load 2 --quiet --timeout 60s,1,4/24/2026,11:35:18,2.7,7.06,9.53,,,11.05
stress-ng --cpu 2 --cpu-load 2 --quiet --timeout 60s,1,4/24/2026,11:35:19,1.96,7.06,9.53,,,11.05
stress-ng --cpu 2 --cpu-load 2 --quiet --timeout 60s,1,4/24/2026,11:35:20,1.47,7.06,9.42,,,11.22
stress-ng --cpu 2 --cpu-load 2 --quiet --timeout 60s,1,4/24/2026,11:35:21,2.72,7.06,9.01,,,11.85
stress-ng --cpu 2 --cpu-load 2 --quiet --timeout 60s,1,4/24/2026,11:35:22,2.45,7.06,9.01,,,11.85
stress-ng --cpu 2 --cpu-load 2 --quiet --timeout 60s,1,4/24/2026,11:35:23,2.7,7.06,10.64,,,11.2
stress-ng --cpu 2 --cpu-load 2 --quiet --timeout 60s,1,4/24/2026,11:35:24,2.45,7.06,9.43,,,10.93
stress-ng --cpu 2 --cpu-load 2 --quiet --timeout 60s,1,4/24/2026,11:35:25,1.72,7.07,9.43,,,10.93
stress-ng --cpu 2 --cpu-load 2 --quiet --timeout 60s,1,4/24/2026,11:35:26,3.18,7.07,9.63,,,10.87
stress-ng --cpu 2 --cpu-load 2 --quiet --timeout 60s,1,4/24/2026,11:35:27,1.47,7.07,9.8,,,10.82
stress-ng --cpu 2 --cpu-load 2 --quiet --timeout 60s,1,4/24/2026,11:35:28,3.18,7.07,9.8,,,10.82
stress-ng --cpu 2 --cpu-load 2 --quiet --timeout 60s,1,4/24/2026,11:35:29,1.22,7.07,9.69,,,10.92
stress-ng --cpu 2 --cpu-load 2 --quiet --timeout 60s,1,4/24/2026,11:35:30,3.67,7.07,9.32,,,9.21
stress-ng --cpu 2 --cpu-load 2 --quiet --timeout 60s,1,4/24/2026,14:38:39,3.94,7.52,8.98,,,10.12
stress-ng --cpu 2 --cpu-load 2 --quiet --timeout 60s,1,4/24/2026,14:38:40,1.22,7.52,8.98,,,11.8
stress-ng --cpu 2 --cpu-load 2 --quiet --timeout 60s,1,4/24/2026,14:38:41,2.94,7.52,10.16,,,11.8
stress-ng --cpu 2 --cpu-load 2 --quiet --timeout 60s,1,4/24/2026,14:38:42,0.98,7.52,9.74,,,10.81
stress-ng --cpu 2 --cpu-load 2 --quiet --timeout 60s,1,4/24/2026,14:38:43,3.19,7.52,9.74,,,10.95
stress-ng --cpu 2 --cpu-load 2 --quiet --timeout 60s,1,4/24/2026,14:38:44,1.46,7.52,9.19,,,10.95
stress-ng --cpu 2 --cpu-load 2 --quiet --timeout 60s,1,4/24/2026,14:38:45,2.94,7.52,9.7,,,11.16
stress-ng --cpu 2 --cpu-load 2 --quiet --timeout 60s,1,4/24/2026,14:38:46,1.22,7.52,9.7,,,10.56
stress-ng --cpu 2 --cpu-load 2 --quiet --timeout 60s,1,4/24/2026,14:38:47,2.94,7.52,10.32,,,10.56
stress-ng --cpu 2 --cpu-load 2 --quiet --timeout 60s,1,4/24/2026,14:38:48,1.22,7.52,9.95,,,11.05
stress-ng --cpu 2 --cpu-load 2 --quiet --timeout 60s,1,4/24/2026,14:38:49,2.94,7.52,9.95,,,10.77
stress-ng --cpu 2 --cpu-load 2 --quiet --timeout 60s,1,4/24/2026,14:38:50,2.45,7.52,9.53,,,10.77
stress-ng --cpu 2 --cpu-load 2 --quiet --timeout 60s,1,4/24/2026,14:38:51,2.21,7.52,9.9,,,11.74
stress-ng --cpu 2 --cpu-load 2 --quiet --timeout 60s,1,4/24/2026,14:38:52,2.7,7.52,9.9,,,10.69
stress-ng --cpu 2 --cpu-load 2 --quiet --timeout 60s,1,4/24/2026,14:38:53,0.74,7.52,10.02,,,10.69
stress-ng --cpu 2 --cpu-load 2 --quiet --timeout 60s,1,4/24/2026,14:38:54,4.16,7.52,9.75,,,10.96
stress-ng --cpu 2 --cpu-load 2 --quiet --timeout 60s,1,4/24/2026,14:38:55,1.97,7.52,9.75,,,11.18
stress-ng --cpu 2 --cpu-load 2 --quiet --timeout 60s,1,4/24/2026,14:38:56,0.98,7.52,9.67,,,11.18
stress-ng --cpu 2 --cpu-load 2 --quiet --timeout 60s,1,4/24/2026,14:38:57,2.97,7.52,9.9,,,10.88
stress-ng --cpu 2 --cpu-load 2 --quiet --timeout 60s,1,4/24/2026,14:38:58,0.99,7.52,9.9,,,11.04
stress-ng --cpu 2 --cpu-load 2 --quiet --timeout 60s,1,4/24/2026,14:38:59,2.95,7.52,9.24,,,11.04
stress-ng --cpu 2 --cpu-load 2 --quiet --timeout 60s,1,4/24/2026,14:39:00,1.47,7.52,9.76,,,10.79
stress-ng --cpu 2 --cpu-load 2 --quiet --timeout 60s,1,4/24/2026,14:39:01,3.91,7.52,9.76,,,10.98
stress-ng --cpu 2 --cpu-load 2 --quiet --timeout 60s,1,4/24/2026,14:39:02,1.47,7.52,10.01,,,10.98
stress-ng --cpu 2 --cpu-load 2 --quiet --timeout 60s,1,4/24/2026,14:39:03,2.21,7.52,9.62,,,11.27
stress-ng --cpu 2 --cpu-load 2 --quiet --timeout 60s,1,4/24/2026,14:39:04,1.84,7.52,9.62,,,10.89
stress-ng --cpu 2 --cpu-load 2 --quiet --timeout 60s,1,4/24/2026,14:39:05,1.47,7.52,9.35,,,10.89
stress-ng --cpu 2 --cpu-load 2 --quiet --timeout 60s,1,4/24/2026,14:39:06,3.2,7.52,9.72,,,11.12
stress-ng --cpu 2 --cpu-load 2 --quiet --timeout 60s,1,4/24/2026,14:39:07,1.46,7.52,9.72,,,10.74
stress-ng --cpu 2 --cpu-load 2 --quiet --timeout 60s,1,4/24/2026,14:39:08,2.94,7.52,9.78,,,10.74
stress-ng --cpu 2 --cpu-load 2 --quiet --timeout 60s,1,4/24/2026,14:39:09,1.22,7.52,9.72,,,11.35
stress-ng --cpu 2 --cpu-load 2 --quiet --timeout 60s,1,4/24/2026,14:39:10,4.16,7.52,9.72,,,11.59
stress-ng --cpu 2 --cpu-load 2 --quiet --timeout 60s,1,4/24/2026,14:39:11,1.98,7.52,10.43,,,11.59
stress-ng --cpu 2 --cpu-load 2 --quiet --timeout 60s,1,4/24/2026,14:39:12,1.48,7.52,10.43,,,10.97
stress-ng --cpu 2 --cpu-load 2 --quiet --timeout 60s,1,4/24/2026,14:39:13,2.93,7.53,10.43,,,10.85
stress-ng --cpu 2 --cpu-load 2 --quiet --timeout 60s,1,4/24/2026,14:39:14,1.47,7.53,9.85,,,10.85
stress-ng --cpu 2 --cpu-load 2 --quiet --timeout 60s,1,4/24/2026,14:39:15,2.7,7.53,9.45,,,10.35
stress-ng --cpu 2 --cpu-load 2 --quiet --timeout 60s,1,4/24/2026,14:39:16,1.22,7.53,9.45,,,10.86
stress-ng --cpu 2 --cpu-load 2 --quiet --timeout 60s,1,4/24/2026,14:39:17,4.16,7.53,10.18,,,10.86
stress-ng --cpu 2 --cpu-load 2 --quiet --timeout 60s,1,4/24/2026,14:39:18,1.72,7.53,9.64,,,11.1
stress-ng --cpu 2 --cpu-load 2 --quiet --timeout 60s,1,4/24/2026,14:39:19,0.74,7.53,9.64,,,10.83
stress-ng --cpu 2 --cpu-load 2 --quiet --timeout 60s,1,4/24/2026,14:39:20,3.92,7.53,9.6,,,10.83
stress-ng --cpu 2 --cpu-load 2 --quiet --timeout 60s,1,4/24/2026,14:39:21,1.22,7.53,9.68,,,11.09
stress-ng --cpu 2 --cpu-load 2 --quiet --timeout 60s,1,4/24/2026,14:39:22,2.7,7.53,9.68,,,11.14
stress-ng --cpu 2 --cpu-load 2 --quiet --timeout 60s,1,4/24/2026,14:39:23,0.98,7.53,10.27,,,11.14
stress-ng --cpu 2 --cpu-load 2 --quiet --timeout 60s,1,4/24/2026,14:39:24,3.92,7.54,9.45,,,11.43
stress-ng --cpu 2 --cpu-load 2 --quiet --timeout 60s,1,4/24/2026,14:39:25,1.71,7.53,9.45,,,10.9
stress-ng --cpu 2 --cpu-load 2 --quiet --timeout 60s,1,4/24/2026,14:39:26,1.49,7.53,9.78,,,10.9
stress-ng --cpu 2 --cpu-load 2 --quiet --timeout 60s,1,4/24/2026,14:39:27,0.99,7.53,9.57,,,10.39
stress-ng --cpu 2 --cpu-load 2 --quiet --timeout 60s,1,4/24/2026,14:39:28,3.71,7.53,9.57,,,10.7
stress-ng --cpu 2 --cpu-load 2 --quiet --timeout 60s,1,4/24/2026,14:39:29,1.74,7.53,9.32,,,10.7
stress-ng --cpu 2 --cpu-load 2 --quiet --timeout 60s,1,4/24/2026,14:39:30,1.49,7.53,9.39,,,11.25
stress-ng --cpu 2 --cpu-load 2 --quiet --timeout 60s,1,4/24/2026,14:39:31,3.2,7.53,9.39,,,11.51
stress-ng --cpu 2 --cpu-load 2 --quiet --timeout 60s,1,4/24/2026,14:39:32,1.22,7.53,9.69,,,11.51
stress-ng --cpu 2 --cpu-load 2 --quiet --timeout 60s,1,4/24/2026,14:39:33,2.2,7.53,9.42,,,11.27
stress-ng --cpu 2 --cpu-load 2 --quiet --timeout 60s,1,4/24/2026,14:39:34,3.69,7.53,9.42,,,11.24
stress-ng --cpu 2 --cpu-load 2 --quiet --timeout 60s,1,4/24/2026,14:39:35,1.46,7.53,9.49,,,11.24
stress-ng --cpu 2 --cpu-load 2 --quiet --timeout 60s,1,4/24/2026,14:39:36,2.21,7.52,9.58,,,10.54
stress-ng --cpu 2 --cpu-load 2 --quiet --timeout 60s,1,4/24/2026,14:39:37,1.71,7.52,9.58,,,10.57
stress-ng --cpu 2 --cpu-load 2 --quiet --timeout 60s,1,4/24/2026,14:39:38,2.2,7.52,10.09,,,10.99010989
stress-ng --cpu 2 --cpu-load 2 --quiet --timeout 60s,1,4/24/2026,14:39:39,2.97,7.52,9.31,,,
stress-ng --cpu 2 --cpu-load 4 --quiet --timeout 60s,2,4/24/2026,2:20:08,1.7,6.57,9.22,,,
stress-ng --cpu 2 --cpu-load 4 --quiet --timeout 60s,2,4/24/2026,2:20:09,3.68,6.57,9.21,,,
stress-ng --cpu 2 --cpu-load 4 --quiet --timeout 60s,2,4/24/2026,2:20:10,3.43,6.57,10.64,,,
stress-ng --cpu 2 --cpu-load 4 --quiet --timeout 60s,2,4/24/2026,2:20:11,4.41,6.57,10.64,,,
stress-ng --cpu 2 --cpu-load 4 --quiet --timeout 60s,2,4/24/2026,2:20:12,3.7,6.57,10.25,,,
stress-ng --cpu 2 --cpu-load 4 --quiet --timeout 60s,2,4/24/2026,2:20:13,1.99,6.57,10.25,,,
stress-ng --cpu 2 --cpu-load 4 --quiet --timeout 60s,2,4/24/2026,2:20:14,1.74,6.57,10.07,,,
stress-ng --cpu 2 --cpu-load 4 --quiet --timeout 60s,2,4/24/2026,2:20:15,3.49,6.58,9.64,,,
stress-ng --cpu 2 --cpu-load 4 --quiet --timeout 60s,2,4/24/2026,2:20:16,2.48,6.57,9.64,,,
stress-ng --cpu 2 --cpu-load 4 --quiet --timeout 60s,2,4/24/2026,2:20:17,3.18,6.57,11.11,,,
stress-ng --cpu 2 --cpu-load 4 --quiet --timeout 60s,2,4/24/2026,2:20:18,3.18,6.58,10.06,,,
stress-ng --cpu 2 --cpu-load 4 --quiet --timeout 60s,2,4/24/2026,2:20:19,2.97,6.58,10.06,,,
stress-ng --cpu 2 --cpu-load 4 --quiet --timeout 60s,2,4/24/2026,2:20:20,2.72,6.58,10.1,,,
stress-ng --cpu 2 --cpu-load 4 --quiet --timeout 60s,2,4/24/2026,2:20:21,2.74,6.58,10.51,,,
stress-ng --cpu 2 --cpu-load 4 --quiet --timeout 60s,2,4/24/2026,2:20:22,3.96,6.58,10.51,,,
stress-ng --cpu 2 --cpu-load 4 --quiet --timeout 60s,2,4/24/2026,2:20:23,2.49,6.57,9.88,,,
stress-ng --cpu 2 --cpu-load 4 --quiet --timeout 60s,2,4/24/2026,2:20:24,2.97,6.57,9.64,,,
stress-ng --cpu 2 --cpu-load 4 --quiet --timeout 60s,2,4/24/2026,2:20:25,2.74,6.57,9.64,,,
stress-ng --cpu 2 --cpu-load 4 --quiet --timeout 60s,2,4/24/2026,2:20:26,2.72,6.57,10.89,,,
stress-ng --cpu 2 --cpu-load 4 --quiet --timeout 60s,2,4/24/2026,2:20:27,3.19,6.57,9.96,,,
stress-ng --cpu 2 --cpu-load 4 --quiet --timeout 60s,2,4/24/2026,2:20:28,3.66,6.57,9.96,,,
stress-ng --cpu 2 --cpu-load 4 --quiet --timeout 60s,2,4/24/2026,2:20:29,2.95,6.57,10.34,,,
stress-ng --cpu 2 --cpu-load 4 --quiet --timeout 60s,2,4/24/2026,2:20:30,3.42,6.57,10.12,,,
stress-ng --cpu 2 --cpu-load 4 --quiet --timeout 60s,2,4/24/2026,2:20:31,2.95,6.57,10.12,,,
stress-ng --cpu 2 --cpu-load 4 --quiet --timeout 60s,2,4/24/2026,2:20:32,3.18,6.57,10.4,,,
stress-ng --cpu 2 --cpu-load 4 --quiet --timeout 60s,2,4/24/2026,2:20:33,3.94,6.57,10.62,,,
stress-ng --cpu 2 --cpu-load 4 --quiet --timeout 60s,2,4/24/2026,2:20:34,3.47,6.57,10.62,,,
stress-ng --cpu 2 --cpu-load 4 --quiet --timeout 60s,2,4/24/2026,2:20:35,2.49,6.57,10.11,,,
stress-ng --cpu 2 --cpu-load 4 --quiet --timeout 60s,2,4/24/2026,2:20:36,3.21,6.57,9.97,,,
stress-ng --cpu 2 --cpu-load 4 --quiet --timeout 60s,2,4/24/2026,2:20:37,3.21,6.58,10.65,,,
stress-ng --cpu 2 --cpu-load 4 --quiet --timeout 60s,2,4/24/2026,2:20:38,3.43,6.58,10.65,,,
stress-ng --cpu 2 --cpu-load 4 --quiet --timeout 60s,2,4/24/2026,2:20:39,2.95,6.58,10.09,,,
stress-ng --cpu 2 --cpu-load 4 --quiet --timeout 60s,2,4/24/2026,2:20:40,4.12,6.58,10.09,,,
stress-ng --cpu 2 --cpu-load 4 --quiet --timeout 60s,2,4/24/2026,2:20:41,2.7,6.58,10.67,,,
stress-ng --cpu 2 --cpu-load 4 --quiet --timeout 60s,2,4/24/2026,2:20:42,3.18,6.58,9.93,,,
stress-ng --cpu 2 --cpu-load 4 --quiet --timeout 60s,2,4/24/2026,2:20:43,3.46,6.58,9.93,,,
stress-ng --cpu 2 --cpu-load 4 --quiet --timeout 60s,2,4/24/2026,2:20:44,2.98,6.58,10.94,,,
stress-ng --cpu 2 --cpu-load 4 --quiet --timeout 60s,2,4/24/2026,2:20:45,2.73,6.58,10.94,,,
stress-ng --cpu 2 --cpu-load 4 --quiet --timeout 60s,2,4/24/2026,2:20:46,2.98,6.58,10.41,,,
stress-ng --cpu 2 --cpu-load 4 --quiet --timeout 60s,2,4/24/2026,2:20:47,3.72,6.59,10.63,,,
stress-ng --cpu 2 --cpu-load 4 --quiet --timeout 60s,2,4/24/2026,2:20:48,2.7,6.59,10.63,,,
stress-ng --cpu 2 --cpu-load 4 --quiet --timeout 60s,2,4/24/2026,2:20:49,2.2,6.59,9.84,,,
stress-ng --cpu 2 --cpu-load 4 --quiet --timeout 60s,2,4/24/2026,2:20:50,3.45,6.59,10.07,,,
stress-ng --cpu 2 --cpu-load 4 --quiet --timeout 60s,2,4/24/2026,2:20:51,2.48,6.59,10.07,,,
stress-ng --cpu 2 --cpu-load 4 --quiet --timeout 60s,2,4/24/2026,2:20:52,2.7,6.59,10.16,,,
stress-ng --cpu 2 --cpu-load 4 --quiet --timeout 60s,2,4/24/2026,2:20:53,3.66,6.59,10.26,,,
stress-ng --cpu 2 --cpu-load 4 --quiet --timeout 60s,2,4/24/2026,2:20:54,3.93,6.59,10.26,,,
stress-ng --cpu 2 --cpu-load 4 --quiet --timeout 60s,2,4/24/2026,2:20:55,3.555,6.59,9.73,,,
stress-ng --cpu 2 --cpu-load 4 --quiet --timeout 60s,2,4/24/2026,2:20:56,3.18,6.59,10.27,,,
stress-ng --cpu 2 --cpu-load 4 --quiet --timeout 60s,2,4/24/2026,2:20:57,3.68,6.59,10.27,,,
stress-ng --cpu 2 --cpu-load 4 --quiet --timeout 60s,2,4/24/2026,2:20:58,1.96,6.6,9.68,,,
stress-ng --cpu 2 --cpu-load 4 --quiet --timeout 60s,2,4/24/2026,2:20:59,4.16,6.6,10.29,,,
stress-ng --cpu 2 --cpu-load 4 --quiet --timeout 60s,2,4/24/2026,2:21:00,2.7,6.6,10.29,,,
stress-ng --cpu 2 --cpu-load 4 --quiet --timeout 60s,2,4/24/2026,2:21:01,3.19,6.6,10.74,,,
stress-ng --cpu 2 --cpu-load 4 --quiet --timeout 60s,2,4/24/2026,2:21:02,3.42,6.6,10.05,,,
stress-ng --cpu 2 --cpu-load 4 --quiet --timeout 60s,2,4/24/2026,2:21:03,3.43,6.6,10.05,,,
stress-ng --cpu 2 --cpu-load 4 --quiet --timeout 60s,2,4/24/2026,2:21:04,1.96,6.6,10.54,,,
stress-ng --cpu 2 --cpu-load 4 --quiet --timeout 60s,2,4/24/2026,2:21:05,3.43,6.6,10,,,
stress-ng --cpu 2 --cpu-load 4 --quiet --timeout 60s,2,4/24/2026,2:21:06,3.19,6.6,10,,,
stress-ng --cpu 2 --cpu-load 4 --quiet --timeout 60s,2,4/24/2026,2:21:07,3.68,6.6,10.36,,,
stress-ng --cpu 2 --cpu-load 4 --quiet --timeout 60s,2,4/24/2026,2:21:08,2.73,6.6,9.49,,,
stress-ng --cpu 2 --cpu-load 4 --quiet --timeout 60s,2,4/24/2026,6:44:18,4.16,7.03,8.99,,,
stress-ng --cpu 2 --cpu-load 4 --quiet --timeout 60s,2,4/24/2026,6:44:19,3.19,7.03,9.91,,,
stress-ng --cpu 2 --cpu-load 4 --quiet --timeout 60s,2,4/24/2026,6:44:20,3.19,7.03,9.91,,,
stress-ng --cpu 2 --cpu-load 4 --quiet --timeout 60s,2,4/24/2026,6:44:21,4.41,7.03,10.44,,,
stress-ng --cpu 2 --cpu-load 4 --quiet --timeout 60s,2,4/24/2026,6:44:22,3.17,7.03,10.15,,,
stress-ng --cpu 2 --cpu-load 4 --quiet --timeout 60s,2,4/24/2026,6:44:23,2.81,7.03,10.15,,,
stress-ng --cpu 2 --cpu-load 4 --quiet --timeout 60s,2,4/24/2026,6:44:24,2.45,7.03,9.91,,,
stress-ng --cpu 2 --cpu-load 4 --quiet --timeout 60s,2,4/24/2026,6:44:25,3.68,7.02,10.12,,,
stress-ng --cpu 2 --cpu-load 4 --quiet --timeout 60s,2,4/24/2026,6:44:26,3.43,7.02,10.12,,,
stress-ng --cpu 2 --cpu-load 4 --quiet --timeout 60s,2,4/24/2026,6:44:27,2.94,7.02,9.71,,,
stress-ng --cpu 2 --cpu-load 4 --quiet --timeout 60s,2,4/24/2026,6:44:28,3.18,7.02,10.16,,,
stress-ng --cpu 2 --cpu-load 4 --quiet --timeout 60s,2,4/24/2026,6:44:29,4.41,7.02,10.16,,,
stress-ng --cpu 2 --cpu-load 4 --quiet --timeout 60s,2,4/24/2026,6:44:30,3.45,7.02,10.08,,,
stress-ng --cpu 2 --cpu-load 4 --quiet --timeout 60s,2,4/24/2026,6:44:31,2.21,7.02,10.14,,,
stress-ng --cpu 2 --cpu-load 4 --quiet --timeout 60s,2,4/24/2026,6:44:32,2.94,7.02,10.14,,,
stress-ng --cpu 2 --cpu-load 4 --quiet --timeout 60s,2,4/24/2026,6:44:33,3.18,7.02,10.24,,,
stress-ng --cpu 2 --cpu-load 4 --quiet --timeout 60s,2,4/24/2026,6:44:34,3.44,7.02,10,,,
stress-ng --cpu 2 --cpu-load 4 --quiet --timeout 60s,2,4/24/2026,6:44:35,3.18,7.02,10,,,
stress-ng --cpu 2 --cpu-load 4 --quiet --timeout 60s,2,4/24/2026,6:44:36,2.69,7.02,10.51,,,
stress-ng --cpu 2 --cpu-load 4 --quiet --timeout 60s,2,4/24/2026,6:44:37,3.7,7.02,10.28,,,
stress-ng --cpu 2 --cpu-load 4 --quiet --timeout 60s,2,4/24/2026,6:44:38,2.73,7.02,10.28,,,
stress-ng --cpu 2 --cpu-load 4 --quiet --timeout 60s,2,4/24/2026,6:44:39,1.98,7.02,10.45,,,
stress-ng --cpu 2 --cpu-load 4 --quiet --timeout 60s,2,4/24/2026,6:44:40,2.72,7.02,10.18,,,
stress-ng --cpu 2 --cpu-load 4 --quiet --timeout 60s,2,4/24/2026,6:44:41,2.96,7.02,10.18,,,
stress-ng --cpu 2 --cpu-load 4 --quiet --timeout 60s,2,4/24/2026,6:44:42,3.23,7.02,10.51,,,
stress-ng --cpu 2 --cpu-load 4 --quiet --timeout 60s,2,4/24/2026,6:44:43,2.72,7.02,9.75,,,
stress-ng --cpu 2 --cpu-load 4 --quiet --timeout 60s,2,4/24/2026,6:44:44,3.22,7.02,9.75,,,
stress-ng --cpu 2 --cpu-load 4 --quiet --timeout 60s,2,4/24/2026,6:44:45,3.43,7.02,10.21,,,
stress-ng --cpu 2 --cpu-load 4 --quiet --timeout 60s,2,4/24/2026,6:44:46,3.68,7.02,10.58,,,
stress-ng --cpu 2 --cpu-load 4 --quiet --timeout 60s,2,4/24/2026,6:44:47,2.94,7.02,10.58,,,
stress-ng --cpu 2 --cpu-load 4 --quiet --timeout 60s,2,4/24/2026,6:44:48,3.17,7.02,9.7,,,
stress-ng --cpu 2 --cpu-load 4 --quiet --timeout 60s,2,4/24/2026,6:44:49,2.94,7.02,10.36,,,
stress-ng --cpu 2 --cpu-load 4 --quiet --timeout 60s,2,4/24/2026,6:44:50,3.43,7.02,10.36,,,
stress-ng --cpu 2 --cpu-load 4 --quiet --timeout 60s,2,4/24/2026,6:44:51,2.95,7.02,11.5,,,
stress-ng --cpu 2 --cpu-load 4 --quiet --timeout 60s,2,4/24/2026,6:44:52,2.71,7.02,10.79,,,
stress-ng --cpu 2 --cpu-load 4 --quiet --timeout 60s,2,4/24/2026,6:44:53,4.65,7.02,10.79,,,
stress-ng --cpu 2 --cpu-load 4 --quiet --timeout 60s,2,4/24/2026,6:44:54,2.69,7.02,9.81,,,
stress-ng --cpu 2 --cpu-load 4 --quiet --timeout 60s,2,4/24/2026,6:44:55,2.74,7.02,10.52,,,
stress-ng --cpu 2 --cpu-load 4 --quiet --timeout 60s,2,4/24/2026,6:44:56,3.21,7.02,10.52,,,
stress-ng --cpu 2 --cpu-load 4 --quiet --timeout 60s,2,4/24/2026,6:44:57,3.67,7.02,10.23,,,
stress-ng --cpu 2 --cpu-load 4 --quiet --timeout 60s,2,4/24/2026,6:44:58,2.71,7.02,9.94,,,
stress-ng --cpu 2 --cpu-load 4 --quiet --timeout 60s,2,4/24/2026,6:44:59,3.18,7.02,9.94,,,
stress-ng --cpu 2 --cpu-load 4 --quiet --timeout 60s,2,4/24/2026,6:45:00,3.43,7.02,10.29,,,
stress-ng --cpu 2 --cpu-load 4 --quiet --timeout 60s,2,4/24/2026,6:45:01,3.94,7.02,10.52,,,
stress-ng --cpu 2 --cpu-load 4 --quiet --timeout 60s,2,4/24/2026,6:45:02,3.2,7.02,10.52,,,
stress-ng --cpu 2 --cpu-load 4 --quiet --timeout 60s,2,4/24/2026,6:45:03,2.96,7.02,9.79,,,
stress-ng --cpu 2 --cpu-load 4 --quiet --timeout 60s,2,4/24/2026,6:45:04,2.7,7.02,10.08,,,
stress-ng --cpu 2 --cpu-load 4 --quiet --timeout 60s,2,4/24/2026,6:45:05,3.94,7.02,10.08,,,
stress-ng --cpu 2 --cpu-load 4 --quiet --timeout 60s,2,4/24/2026,6:45:06,3.42,7.02,10.48,,,
stress-ng --cpu 2 --cpu-load 4 --quiet --timeout 60s,2,4/24/2026,6:45:07,3.94,7.02,10.04,,,
stress-ng --cpu 2 --cpu-load 4 --quiet --timeout 60s,2,4/24/2026,6:45:08,2.44,7.02,10.04,,,
stress-ng --cpu 2 --cpu-load 4 --quiet --timeout 60s,2,4/24/2026,6:45:09,2.95,7.02,9.98,,,
stress-ng --cpu 2 --cpu-load 4 --quiet --timeout 60s,2,4/24/2026,6:45:10,3.18,7.02,10.4,,,
stress-ng --cpu 2 --cpu-load 4 --quiet --timeout 60s,2,4/24/2026,6:45:11,2.94,7.02,10.4,,,
stress-ng --cpu 2 --cpu-load 4 --quiet --timeout 60s,2,4/24/2026,6:45:12,2.95,7.02,10.15,,,
stress-ng --cpu 2 --cpu-load 4 --quiet --timeout 60s,2,4/24/2026,6:45:13,3.44,7.02,9.9,,,
stress-ng --cpu 2 --cpu-load 4 --quiet --timeout 60s,2,4/24/2026,6:45:14,2.97,7.02,10.31,,,
stress-ng --cpu 2 --cpu-load 4 --quiet --timeout 60s,2,4/24/2026,6:45:15,2.96,7.02,10.31,,,
stress-ng --cpu 2 --cpu-load 4 --quiet --timeout 60s,2,4/24/2026,6:45:16,2.95,7.02,9.9,,,
stress-ng --cpu 2 --cpu-load 4 --quiet --timeout 60s,2,4/24/2026,6:45:17,3.92,7.03,10.52,,,
stress-ng --cpu 2 --cpu-load 4 --quiet --timeout 60s,2,4/24/2026,6:45:18,2.95,7.02,10.52,,,
stress-ng --cpu 2 --cpu-load 4 --quiet --timeout 60s,2,4/24/2026,20:56:53,3.93,7.56,8.93,,,
stress-ng --cpu 2 --cpu-load 4 --quiet --timeout 60s,2,4/24/2026,20:56:54,3.93,7.56,10.22,,,
stress-ng --cpu 2 --cpu-load 4 --quiet --timeout 60s,2,4/24/2026,20:56:55,2.94,7.56,10.22,,,
stress-ng --cpu 2 --cpu-load 4 --quiet --timeout 60s,2,4/24/2026,20:56:56,3.67,7.56,9.87,,,
stress-ng --cpu 2 --cpu-load 4 --quiet --timeout 60s,2,4/24/2026,20:56:57,3.91,7.56,9.62,,,
stress-ng --cpu 2 --cpu-load 4 --quiet --timeout 60s,2,4/24/2026,20:56:58,2.7,7.56,9.62,,,
stress-ng --cpu 2 --cpu-load 4 --quiet --timeout 60s,2,4/24/2026,20:56:59,2.94,7.56,9.57,,,
stress-ng --cpu 2 --cpu-load 4 --quiet --timeout 60s,2,4/24/2026,20:57:00,2.94,7.56,10.01,,,
stress-ng --cpu 2 --cpu-load 4 --quiet --timeout 60s,2,4/24/2026,20:57:01,2.7,7.56,10.01,,,
stress-ng --cpu 2 --cpu-load 4 --quiet --timeout 60s,2,4/24/2026,20:57:02,3.42,7.56,10.19,,,
stress-ng --cpu 2 --cpu-load 4 --quiet --timeout 60s,2,4/24/2026,20:57:03,3.18,7.56,9.54,,,
stress-ng --cpu 2 --cpu-load 4 --quiet --timeout 60s,2,4/24/2026,20:57:04,3.44,7.56,9.54,,,
stress-ng --cpu 2 --cpu-load 4 --quiet --timeout 60s,2,4/24/2026,20:57:05,4.13,7.56,10.31,,,
stress-ng --cpu 2 --cpu-load 4 --quiet --timeout 60s,2,4/24/2026,20:57:06,2.2,7.56,9.66,,,
stress-ng --cpu 2 --cpu-load 4 --quiet --timeout 60s,2,4/24/2026,20:57:07,4.45,7.56,9.66,,,
stress-ng --cpu 2 --cpu-load 4 --quiet --timeout 60s,2,4/24/2026,20:57:08,1.73,7.56,9.95,,,
stress-ng --cpu 2 --cpu-load 4 --quiet --timeout 60s,2,4/24/2026,20:57:09,3.72,7.56,10.39,,,
stress-ng --cpu 2 --cpu-load 4 --quiet --timeout 60s,2,4/24/2026,20:57:10,2.72,7.56,10.39,,,
stress-ng --cpu 2 --cpu-load 4 --quiet --timeout 60s,2,4/24/2026,20:57:11,2.94,7.56,10.41,,,
stress-ng --cpu 2 --cpu-load 4 --quiet --timeout 60s,2,4/24/2026,20:57:12,3.43,7.56,10.03,,,
stress-ng --cpu 2 --cpu-load 4 --quiet --timeout 60s,2,4/24/2026,20:57:13,2.47,7.56,10.03,,,
stress-ng --cpu 2 --cpu-load 4 --quiet --timeout 60s,2,4/24/2026,20:57:14,2.72,7.56,9.86,,,
stress-ng --cpu 2 --cpu-load 4 --quiet --timeout 60s,2,4/24/2026,20:57:15,2.96,7.56,10.01,,,
stress-ng --cpu 2 --cpu-load 4 --quiet --timeout 60s,2,4/24/2026,20:57:16,3.19,7.56,10.01,,,
stress-ng --cpu 2 --cpu-load 4 --quiet --timeout 60s,2,4/24/2026,20:57:17,2.72,7.56,9.98,,,
stress-ng --cpu 2 --cpu-load 4 --quiet --timeout 60s,2,4/24/2026,20:57:18,2.71,7.56,9.95,,,
stress-ng --cpu 2 --cpu-load 4 --quiet --timeout 60s,2,4/24/2026,20:57:19,3.69,7.56,9.95,,,
stress-ng --cpu 2 --cpu-load 4 --quiet --timeout 60s,2,4/24/2026,20:57:20,3.17,7.56,10.08,,,
stress-ng --cpu 2 --cpu-load 4 --quiet --timeout 60s,2,4/24/2026,20:57:21,2.7,7.56,9.61,,,
stress-ng --cpu 2 --cpu-load 4 --quiet --timeout 60s,2,4/24/2026,20:57:22,3.68,7.56,9.61,,,
stress-ng --cpu 2 --cpu-load 4 --quiet --timeout 60s,2,4/24/2026,20:57:23,2.21,7.56,9.73,,,
stress-ng --cpu 2 --cpu-load 4 --quiet --timeout 60s,2,4/24/2026,20:57:24,3.93,7.56,10.48,,,
stress-ng --cpu 2 --cpu-load 4 --quiet --timeout 60s,2,4/24/2026,20:57:25,2.97,7.56,10.48,,,
stress-ng --cpu 2 --cpu-load 4 --quiet --timeout 60s,2,4/24/2026,20:57:26,3.19,7.56,10.1,,,
stress-ng --cpu 2 --cpu-load 4 --quiet --timeout 60s,2,4/24/2026,20:57:27,3.17,7.56,9.78,,,
stress-ng --cpu 2 --cpu-load 4 --quiet --timeout 60s,2,4/24/2026,20:57:28,2.94,7.56,9.78,,,
stress-ng --cpu 2 --cpu-load 4 --quiet --timeout 60s,2,4/24/2026,20:57:29,2.46,7.56,10.32,,,
stress-ng --cpu 2 --cpu-load 4 --quiet --timeout 60s,2,4/24/2026,20:57:30,2.93,7.56,10.52,,,
stress-ng --cpu 2 --cpu-load 4 --quiet --timeout 60s,2,4/24/2026,20:57:31,2.7,7.56,10.52,,,
stress-ng --cpu 2 --cpu-load 4 --quiet --timeout 60s,2,4/24/2026,20:57:32,3.68,7.56,9.68,,,
stress-ng --cpu 2 --cpu-load 4 --quiet --timeout 60s,2,4/24/2026,20:57:33,3.94,7.56,9.73,,,
stress-ng --cpu 2 --cpu-load 4 --quiet --timeout 60s,2,4/24/2026,20:57:34,1.74,7.56,9.73,,,
stress-ng --cpu 2 --cpu-load 4 --quiet --timeout 60s,2,4/24/2026,20:57:35,4.19,7.56,9.41,,,
stress-ng --cpu 2 --cpu-load 4 --quiet --timeout 60s,2,4/24/2026,20:57:36,1.97,7.56,10.77,,,
stress-ng --cpu 2 --cpu-load 4 --quiet --timeout 60s,2,4/24/2026,20:57:37,2.47,7.56,10.77,,,
stress-ng --cpu 2 --cpu-load 4 --quiet --timeout 60s,2,4/24/2026,20:57:38,3.48,7.56,10.19,,,
stress-ng --cpu 2 --cpu-load 4 --quiet --timeout 60s,2,4/24/2026,20:57:39,2.71,7.56,9.61,,,
stress-ng --cpu 2 --cpu-load 4 --quiet --timeout 60s,2,4/24/2026,20:57:40,3.43,7.55,10.3,,,
stress-ng --cpu 2 --cpu-load 4 --quiet --timeout 60s,2,4/24/2026,20:57:41,3.2,7.55,10.3,,,
stress-ng --cpu 2 --cpu-load 4 --quiet --timeout 60s,2,4/24/2026,20:57:42,3.68,7.55,10.32,,,
stress-ng --cpu 2 --cpu-load 4 --quiet --timeout 60s,2,4/24/2026,20:57:43,2.7,7.55,10.14,,,
stress-ng --cpu 2 --cpu-load 4 --quiet --timeout 60s,2,4/24/2026,20:57:44,2.94,7.55,10.14,,,
stress-ng --cpu 2 --cpu-load 4 --quiet --timeout 60s,2,4/24/2026,20:57:45,2.82,7.55,9.94,,,
stress-ng --cpu 2 --cpu-load 4 --quiet --timeout 60s,2,4/24/2026,20:57:46,2.7,7.55,10.23,,,
stress-ng --cpu 2 --cpu-load 4 --quiet --timeout 60s,2,4/24/2026,20:57:47,2.94,7.55,10.23,,,
stress-ng --cpu 2 --cpu-load 4 --quiet --timeout 60s,2,4/24/2026,20:57:48,3.46,7.55,10.17,,,
stress-ng --cpu 2 --cpu-load 4 --quiet --timeout 60s,2,4/24/2026,20:57:49,2.71,7.55,9.55,,,
stress-ng --cpu 2 --cpu-load 4 --quiet --timeout 60s,2,4/24/2026,20:57:50,2.73,7.55,9.55,,,
stress-ng --cpu 2 --cpu-load 4 --quiet --timeout 60s,2,4/24/2026,20:57:51,2.97,7.55,9.99,,,
stress-ng --cpu 2 --cpu-load 4 --quiet --timeout 60s,2,4/24/2026,20:57:52,3.44,7.55,9.97,,,
stress-ng --cpu 2 --cpu-load 4 --quiet --timeout 60s,2,4/24/2026,20:57:53,3.47,7.52,9.97,,,
stress-ng --cpu 2 --cpu-load 6 --quiet --timeout 60s,3,4/23/2026,22:54:02,3.44,6.61,9.29,,,
stress-ng --cpu 2 --cpu-load 6 --quiet --timeout 60s,3,4/23/2026,22:54:03,3.18,6.61,10.32,,,
stress-ng --cpu 2 --cpu-load 6 --quiet --timeout 60s,3,4/23/2026,22:54:04,5.63,6.61,10.32,,,
stress-ng --cpu 2 --cpu-load 6 --quiet --timeout 60s,3,4/23/2026,22:54:05,3.94,6.61,10.32,,,
stress-ng --cpu 2 --cpu-load 6 --quiet --timeout 60s,3,4/23/2026,22:54:06,4.44,6.61,10.9,,,
stress-ng --cpu 2 --cpu-load 6 --quiet --timeout 60s,3,4/23/2026,22:54:07,4.41,6.61,10.4,,,
stress-ng --cpu 2 --cpu-load 6 --quiet --timeout 60s,3,4/23/2026,22:54:08,4.93,6.61,10.4,,,
stress-ng --cpu 2 --cpu-load 6 --quiet --timeout 60s,3,4/23/2026,22:54:09,2.97,6.61,11.01,,,
stress-ng --cpu 2 --cpu-load 6 --quiet --timeout 60s,3,4/23/2026,22:54:10,5.14,6.61,10.66,,,
stress-ng --cpu 2 --cpu-load 6 --quiet --timeout 60s,3,4/23/2026,22:54:11,3.18,6.61,10.66,,,
stress-ng --cpu 2 --cpu-load 6 --quiet --timeout 60s,3,4/23/2026,22:54:12,4.42,6.61,10.78,,,
stress-ng --cpu 2 --cpu-load 6 --quiet --timeout 60s,3,4/23/2026,22:54:13,4.88,6.61,10.51,,,
stress-ng --cpu 2 --cpu-load 6 --quiet --timeout 60s,3,4/23/2026,22:54:14,5.44,6.61,10.51,,,
stress-ng --cpu 2 --cpu-load 6 --quiet --timeout 60s,3,4/23/2026,22:54:15,2.97,6.61,10.42,,,
stress-ng --cpu 2 --cpu-load 6 --quiet --timeout 60s,3,4/23/2026,22:54:16,5.43,6.61,10.25,,,
stress-ng --cpu 2 --cpu-load 6 --quiet --timeout 60s,3,4/23/2026,22:54:17,2.96,6.61,10.25,,,
stress-ng --cpu 2 --cpu-load 6 --quiet --timeout 60s,3,4/23/2026,22:54:18,3.92,6.61,11.22,,,
stress-ng --cpu 2 --cpu-load 6 --quiet --timeout 60s,3,4/23/2026,22:54:19,4.46,6.61,10.21,,,
stress-ng --cpu 2 --cpu-load 6 --quiet --timeout 60s,3,4/23/2026,22:54:20,3.7,6.61,10.21,,,
stress-ng --cpu 2 --cpu-load 6 --quiet --timeout 60s,3,4/23/2026,22:54:21,4.41,6.61,10.58,,,
stress-ng --cpu 2 --cpu-load 6 --quiet --timeout 60s,3,4/23/2026,22:54:22,3.94,6.61,10.36,,,
stress-ng --cpu 2 --cpu-load 6 --quiet --timeout 60s,3,4/23/2026,22:54:23,4.16,6.61,10.36,,,
stress-ng --cpu 2 --cpu-load 6 --quiet --timeout 60s,3,4/23/2026,22:54:24,4.45,6.61,10.77,,,
stress-ng --cpu 2 --cpu-load 6 --quiet --timeout 60s,3,4/23/2026,22:54:25,3.67,6.61,10.35,,,
stress-ng --cpu 2 --cpu-load 6 --quiet --timeout 60s,3,4/23/2026,22:54:26,4.91,6.61,10.35,,,
stress-ng --cpu 2 --cpu-load 6 --quiet --timeout 60s,3,4/23/2026,22:54:27,3.23,6.61,10.64,,,
stress-ng --cpu 2 --cpu-load 6 --quiet --timeout 60s,3,4/23/2026,22:54:28,4.88,6.61,10.87,,,
stress-ng --cpu 2 --cpu-load 6 --quiet --timeout 60s,3,4/23/2026,22:54:29,3.69,6.61,10.87,,,
stress-ng --cpu 2 --cpu-load 6 --quiet --timeout 60s,3,4/23/2026,22:54:30,4.65,6.61,10.44,,,
stress-ng --cpu 2 --cpu-load 6 --quiet --timeout 60s,3,4/23/2026,22:54:31,3.71,6.61,9.86,,,
stress-ng --cpu 2 --cpu-load 6 --quiet --timeout 60s,3,4/23/2026,22:54:32,2.98,6.61,9.86,,,
stress-ng --cpu 2 --cpu-load 6 --quiet --timeout 60s,3,4/23/2026,22:54:33,4.45,6.61,11.66,,,
stress-ng --cpu 2 --cpu-load 6 --quiet --timeout 60s,3,4/23/2026,22:54:34,4.45,6.61,11.66,,,
stress-ng --cpu 2 --cpu-load 6 --quiet --timeout 60s,3,4/23/2026,22:54:35,3.45,6.61,11.66,,,
stress-ng --cpu 2 --cpu-load 6 --quiet --timeout 60s,3,4/23/2026,22:54:36,5.63,6.61,10.27,,,
stress-ng --cpu 2 --cpu-load 6 --quiet --timeout 60s,3,4/23/2026,22:54:37,3.44,6.61,10.92,,,
stress-ng --cpu 2 --cpu-load 6 --quiet --timeout 60s,3,4/23/2026,22:54:38,3.67,6.61,10.92,,,
stress-ng --cpu 2 --cpu-load 6 --quiet --timeout 60s,3,4/23/2026,22:54:39,5.18,6.61,10.41,,,
stress-ng --cpu 2 --cpu-load 6 --quiet --timeout 60s,3,4/23/2026,22:54:40,4.41,6.61,10.24,,,
stress-ng --cpu 2 --cpu-load 6 --quiet --timeout 60s,3,4/23/2026,22:54:41,4.16,6.61,10.24,,,
stress-ng --cpu 2 --cpu-load 6 --quiet --timeout 60s,3,4/23/2026,22:54:42,4.16,6.61,10.62,,,
stress-ng --cpu 2 --cpu-load 6 --quiet --timeout 60s,3,4/23/2026,22:54:43,4.91,6.61,11.05,,,
stress-ng --cpu 2 --cpu-load 6 --quiet --timeout 60s,3,4/23/2026,22:54:44,3.68,6.61,11.05,,,
stress-ng --cpu 2 --cpu-load 6 --quiet --timeout 60s,3,4/23/2026,22:54:45,4.72,6.61,10.62,,,
stress-ng --cpu 2 --cpu-load 6 --quiet --timeout 60s,3,4/23/2026,22:54:46,4.075,6.61,10.35,,,
stress-ng --cpu 2 --cpu-load 6 --quiet --timeout 60s,3,4/23/2026,22:54:47,3.43,6.61,10.35,,,
stress-ng --cpu 2 --cpu-load 6 --quiet --timeout 60s,3,4/23/2026,22:54:48,4.69,6.61,11.03,,,
stress-ng --cpu 2 --cpu-load 6 --quiet --timeout 60s,3,4/23/2026,22:54:49,4.21,6.61,10.49,,,
stress-ng --cpu 2 --cpu-load 6 --quiet --timeout 60s,3,4/23/2026,22:54:50,4.2,6.61,10.49,,,
stress-ng --cpu 2 --cpu-load 6 --quiet --timeout 60s,3,4/23/2026,22:54:51,3.43,6.61,10.18,,,
stress-ng --cpu 2 --cpu-load 6 --quiet --timeout 60s,3,4/23/2026,22:54:52,4.42,6.61,10.01,,,
stress-ng --cpu 2 --cpu-load 6 --quiet --timeout 60s,3,4/23/2026,22:54:53,4.4,6.61,10.01,,,
stress-ng --cpu 2 --cpu-load 6 --quiet --timeout 60s,3,4/23/2026,22:54:54,3.44,6.61,11.07,,,
stress-ng --cpu 2 --cpu-load 6 --quiet --timeout 60s,3,4/23/2026,22:54:55,4.91,6.61,10.03,,,
stress-ng --cpu 2 --cpu-load 6 --quiet --timeout 60s,3,4/23/2026,22:54:56,4.44,6.61,10.03,,,
stress-ng --cpu 2 --cpu-load 6 --quiet --timeout 60s,3,4/23/2026,22:54:57,3.73,6.61,10.82,,,
stress-ng --cpu 2 --cpu-load 6 --quiet --timeout 60s,3,4/23/2026,22:54:58,4.65,6.61,10.95,,,
stress-ng --cpu 2 --cpu-load 6 --quiet --timeout 60s,3,4/23/2026,22:54:59,3.95,6.61,10.95,,,
stress-ng --cpu 2 --cpu-load 6 --quiet --timeout 60s,3,4/23/2026,22:55:00,3.71,6.61,10.54,,,
stress-ng --cpu 2 --cpu-load 6 --quiet --timeout 60s,3,4/23/2026,22:55:01,4.16,6.61,10.59,,,
stress-ng --cpu 2 --cpu-load 6 --quiet --timeout 60s,3,4/23/2026,22:55:02,18.27,6.62,10.59,,,
stress-ng --cpu 2 --cpu-load 6 --quiet --timeout 60s,3,4/24/2026,11:26:29,3.71,7.08,9.07,,,
stress-ng --cpu 2 --cpu-load 6 --quiet --timeout 60s,3,4/24/2026,11:26:30,2.72,7.08,9.25,,,
stress-ng --cpu 2 --cpu-load 6 --quiet --timeout 60s,3,4/24/2026,11:26:31,5.13,7.08,10.15,,,
stress-ng --cpu 2 --cpu-load 6 --quiet --timeout 60s,3,4/24/2026,11:26:32,3.67,7.08,10.99,,,
stress-ng --cpu 2 --cpu-load 6 --quiet --timeout 60s,3,4/24/2026,11:26:33,4.92,7.08,10.99,,,
stress-ng --cpu 2 --cpu-load 6 --quiet --timeout 60s,3,4/24/2026,11:26:34,4.95,7.08,10.46,,,
stress-ng --cpu 2 --cpu-load 6 --quiet --timeout 60s,3,4/24/2026,11:26:35,3.21,7.08,10.46,,,
stress-ng --cpu 2 --cpu-load 6 --quiet --timeout 60s,3,4/24/2026,11:26:36,4.44,7.08,10.72,,,
stress-ng --cpu 2 --cpu-load 6 --quiet --timeout 60s,3,4/24/2026,11:26:37,3.18,7.08,10.76,,,
stress-ng --cpu 2 --cpu-load 6 --quiet --timeout 60s,3,4/24/2026,11:26:38,3.43,7.08,10.76,,,
stress-ng --cpu 2 --cpu-load 6 --quiet --timeout 60s,3,4/24/2026,11:26:39,4.67,7.08,10.34,,,
stress-ng --cpu 2 --cpu-load 6 --quiet --timeout 60s,3,4/24/2026,11:26:40,3.43,7.08,10.42,,,
stress-ng --cpu 2 --cpu-load 6 --quiet --timeout 60s,3,4/24/2026,11:26:41,3.96,7.08,10.42,,,
stress-ng --cpu 2 --cpu-load 6 --quiet --timeout 60s,3,4/24/2026,11:26:42,5.13,7.08,10.19,,,
stress-ng --cpu 2 --cpu-load 6 --quiet --timeout 60s,3,4/24/2026,11:26:43,2.94,7.08,10.52,,,
stress-ng --cpu 2 --cpu-load 6 --quiet --timeout 60s,3,4/24/2026,11:26:44,4.93,7.08,10.52,,,
stress-ng --cpu 2 --cpu-load 6 --quiet --timeout 60s,3,4/24/2026,11:26:45,4.44,7.08,10.18,,,
stress-ng --cpu 2 --cpu-load 6 --quiet --timeout 60s,3,4/24/2026,11:26:46,3.22,7.08,11.46,,,
stress-ng --cpu 2 --cpu-load 6 --quiet --timeout 60s,3,4/24/2026,11:26:47,4.23,7.08,11.46,,,
stress-ng --cpu 2 --cpu-load 6 --quiet --timeout 60s,3,4/24/2026,11:26:48,2.72,7.08,10.45,,,
stress-ng --cpu 2 --cpu-load 6 --quiet --timeout 60s,3,4/24/2026,11:26:49,4.45,7.08,10.42,,,
stress-ng --cpu 2 --cpu-load 6 --quiet --timeout 60s,3,4/24/2026,11:26:50,3.95,7.08,10.42,,,
stress-ng --cpu 2 --cpu-load 6 --quiet --timeout 60s,3,4/24/2026,11:26:51,3.95,7.08,10.51,,,
stress-ng --cpu 2 --cpu-load 6 --quiet --timeout 60s,3,4/24/2026,11:26:52,4.06,7.08,10.93,,,
stress-ng --cpu 2 --cpu-load 6 --quiet --timeout 60s,3,4/24/2026,11:26:53,4.17,7.08,10.93,,,
stress-ng --cpu 2 --cpu-load 6 --quiet --timeout 60s,3,4/24/2026,11:26:54,4.18,7.08,10.5,,,
stress-ng --cpu 2 --cpu-load 6 --quiet --timeout 60s,3,4/24/2026,11:26:55,3.71,7.08,10.63,,,
stress-ng --cpu 2 --cpu-load 6 --quiet --timeout 60s,3,4/24/2026,11:26:56,3.93,7.08,10.63,,,
stress-ng --cpu 2 --cpu-load 6 --quiet --timeout 60s,3,4/24/2026,11:26:57,3.92,7.08,10.66,,,
stress-ng --cpu 2 --cpu-load 6 --quiet --timeout 60s,3,4/24/2026,11:26:58,4.42,7.08,10.39,,,
stress-ng --cpu 2 --cpu-load 6 --quiet --timeout 60s,3,4/24/2026,11:26:59,4.18,7.08,10.39,,,
stress-ng --cpu 2 --cpu-load 6 --quiet --timeout 60s,3,4/24/2026,11:27:00,4.67,7.08,10.36,,,
stress-ng --cpu 2 --cpu-load 6 --quiet --timeout 60s,3,4/24/2026,11:27:01,4.17,7.08,10.5,,,
stress-ng --cpu 2 --cpu-load 6 --quiet --timeout 60s,3,4/24/2026,11:27:02,4.16,7.08,10.5,,,
stress-ng --cpu 2 --cpu-load 6 --quiet --timeout 60s,3,4/24/2026,11:27:03,3.2,7.08,10.78,,,
stress-ng --cpu 2 --cpu-load 6 --quiet --timeout 60s,3,4/24/2026,11:27:04,4.17,7.08,10.27,,,
stress-ng --cpu 2 --cpu-load 6 --quiet --timeout 60s,3,4/24/2026,11:27:05,4.65,7.08,10.27,,,
stress-ng --cpu 2 --cpu-load 6 --quiet --timeout 60s,3,4/24/2026,11:27:06,4.2,7.08,10.57,,,
stress-ng --cpu 2 --cpu-load 6 --quiet --timeout 60s,3,4/24/2026,11:27:07,4.2,7.08,10.84,,,
stress-ng --cpu 2 --cpu-load 6 --quiet --timeout 60s,3,4/24/2026,11:27:08,3.94,7.08,10.84,,,
stress-ng --cpu 2 --cpu-load 6 --quiet --timeout 60s,3,4/24/2026,11:27:09,3.46,7.08,10.71,,,
stress-ng --cpu 2 --cpu-load 6 --quiet --timeout 60s,3,4/24/2026,11:27:10,4.65,7.08,10.16,,,
stress-ng --cpu 2 --cpu-load 6 --quiet --timeout 60s,3,4/24/2026,11:27:11,4.65,7.08,10.16,,,
stress-ng --cpu 2 --cpu-load 6 --quiet --timeout 60s,3,4/24/2026,11:27:12,4.18,7.08,10.65,,,
stress-ng --cpu 2 --cpu-load 6 --quiet --timeout 60s,3,4/24/2026,11:27:13,3.47,7.08,9.85,,,
stress-ng --cpu 2 --cpu-load 6 --quiet --timeout 60s,3,4/24/2026,11:27:14,4.69,7.08,9.85,,,
stress-ng --cpu 2 --cpu-load 6 --quiet --timeout 60s,3,4/24/2026,11:27:15,3.2,7.08,10.81,,,
stress-ng --cpu 2 --cpu-load 6 --quiet --timeout 60s,3,4/24/2026,11:27:16,5.39,7.08,10.25,,,
stress-ng --cpu 2 --cpu-load 6 --quiet --timeout 60s,3,4/24/2026,11:27:17,4.19,7.08,10.25,,,
stress-ng --cpu 2 --cpu-load 6 --quiet --timeout 60s,3,4/24/2026,11:27:18,4.2,7.08,11.17,,,
stress-ng --cpu 2 --cpu-load 6 --quiet --timeout 60s,3,4/24/2026,11:27:19,3.68,7.08,10.56,,,
stress-ng --cpu 2 --cpu-load 6 --quiet --timeout 60s,3,4/24/2026,11:27:20,4.88,7.08,10.56,,,
stress-ng --cpu 2 --cpu-load 6 --quiet --timeout 60s,3,4/24/2026,11:27:21,4.93,7.09,10,,,
stress-ng --cpu 2 --cpu-load 6 --quiet --timeout 60s,3,4/24/2026,11:27:22,2.97,7.08,10.09,,,
stress-ng --cpu 2 --cpu-load 6 --quiet --timeout 60s,3,4/24/2026,11:27:23,4.21,7.08,10.09,,,
stress-ng --cpu 2 --cpu-load 6 --quiet --timeout 60s,3,4/24/2026,11:27:24,3.21,7.08,10.35,,,
stress-ng --cpu 2 --cpu-load 6 --quiet --timeout 60s,3,4/24/2026,11:27:25,3.97,7.08,10.69,,,
stress-ng --cpu 2 --cpu-load 6 --quiet --timeout 60s,3,4/24/2026,11:27:26,5.4,7.08,10.69,,,
stress-ng --cpu 2 --cpu-load 6 --quiet --timeout 60s,3,4/24/2026,11:27:27,2.72,7.08,10.73,,,
stress-ng --cpu 2 --cpu-load 6 --quiet --timeout 60s,3,4/24/2026,11:27:28,4.16,7.08,10.43,,,
stress-ng --cpu 2 --cpu-load 6 --quiet --timeout 60s,3,4/24/2026,11:27:29,6.43,7.06,10.92,,,
stress-ng --cpu 2 --cpu-load 6 --quiet --timeout 60s,3,4/24/2026,18:58:49,0.73,7.52,9.23,,,
stress-ng --cpu 2 --cpu-load 6 --quiet --timeout 60s,3,4/24/2026,18:58:50,3.68,7.55,9.43,,,
stress-ng --cpu 2 --cpu-load 6 --quiet --timeout 60s,3,4/24/2026,18:58:51,4.91,7.55,10.66,,,
stress-ng --cpu 2 --cpu-load 6 --quiet --timeout 60s,3,4/24/2026,18:58:52,4.67,7.55,10.66,,,
stress-ng --cpu 2 --cpu-load 6 --quiet --timeout 60s,3,4/24/2026,18:58:53,3.47,7.55,10.68,,,
stress-ng --cpu 2 --cpu-load 6 --quiet --timeout 60s,3,4/24/2026,18:58:54,4.15,7.55,10.7,,,
stress-ng --cpu 2 --cpu-load 6 --quiet --timeout 60s,3,4/24/2026,18:58:55,4.91,7.55,10.12,,,
stress-ng --cpu 2 --cpu-load 6 --quiet --timeout 60s,3,4/24/2026,18:58:56,2.48,7.55,10.12,,,
stress-ng --cpu 2 --cpu-load 6 --quiet --timeout 60s,3,4/24/2026,18:58:57,4.64,7.55,10.8,,,
stress-ng --cpu 2 --cpu-load 6 --quiet --timeout 60s,3,4/24/2026,18:58:58,3.68,7.55,10.27,,,
stress-ng --cpu 2 --cpu-load 6 --quiet --timeout 60s,3,4/24/2026,18:58:59,3.94,7.55,10.27,,,
stress-ng --cpu 2 --cpu-load 6 --quiet --timeout 60s,3,4/24/2026,18:59:00,5.39,7.55,10.74,,,
stress-ng --cpu 2 --cpu-load 6 --quiet --timeout 60s,3,4/24/2026,18:59:01,2.46,7.55,10.36,,,
stress-ng --cpu 2 --cpu-load 6 --quiet --timeout 60s,3,4/24/2026,18:59:02,4.65,7.55,10.36,,,
stress-ng --cpu 2 --cpu-load 6 --quiet --timeout 60s,3,4/24/2026,18:59:03,3.68,7.55,10.92,,,
stress-ng --cpu 2 --cpu-load 6 --quiet --timeout 60s,3,4/24/2026,18:59:04,4.17,7.55,10.26,,,
stress-ng --cpu 2 --cpu-load 6 --quiet --timeout 60s,3,4/24/2026,18:59:05,4.9,7.55,10.26,,,
stress-ng --cpu 2 --cpu-load 6 --quiet --timeout 60s,3,4/24/2026,18:59:06,3.69,7.55,10.13,,,
stress-ng --cpu 2 --cpu-load 6 --quiet --timeout 60s,3,4/24/2026,18:59:07,4.4,7.55,10.66,,,
stress-ng --cpu 2 --cpu-load 6 --quiet --timeout 60s,3,4/24/2026,18:59:08,4.9,7.55,10.66,,,
stress-ng --cpu 2 --cpu-load 6 --quiet --timeout 60s,3,4/24/2026,18:59:09,3.44,7.55,10.69,,,
stress-ng --cpu 2 --cpu-load 6 --quiet --timeout 60s,3,4/24/2026,18:59:10,3.72,7.55,10.23,,,
stress-ng --cpu 2 --cpu-load 6 --quiet --timeout 60s,3,4/24/2026,18:59:11,5.65,7.55,10.23,,,
stress-ng --cpu 2 --cpu-load 6 --quiet --timeout 60s,3,4/24/2026,18:59:12,2.97,7.55,10.62,,,
stress-ng --cpu 2 --cpu-load 6 --quiet --timeout 60s,3,4/24/2026,18:59:13,3.92,7.55,10.69,,,
stress-ng --cpu 2 --cpu-load 6 --quiet --timeout 60s,3,4/24/2026,18:59:14,4.92,7.55,10.69,,,
stress-ng --cpu 2 --cpu-load 6 --quiet --timeout 60s,3,4/24/2026,18:59:15,2.72,7.55,11.02,,,
stress-ng --cpu 2 --cpu-load 6 --quiet --timeout 60s,3,4/24/2026,18:59:16,5.17,7.55,10.32,,,
stress-ng --cpu 2 --cpu-load 6 --quiet --timeout 60s,3,4/24/2026,18:59:17,2.93,7.55,10.32,,,
stress-ng --cpu 2 --cpu-load 6 --quiet --timeout 60s,3,4/24/2026,18:59:18,4.17,7.55,11.14,,,
stress-ng --cpu 2 --cpu-load 6 --quiet --timeout 60s,3,4/24/2026,18:59:19,5.17,7.55,10.61,,,
stress-ng --cpu 2 --cpu-load 6 --quiet --timeout 60s,3,4/24/2026,18:59:20,3.95,7.55,10.61,,,
stress-ng --cpu 2 --cpu-load 6 --quiet --timeout 60s,3,4/24/2026,18:59:21,3.95,7.55,10.33,,,
stress-ng --cpu 2 --cpu-load 6 --quiet --timeout 60s,3,4/24/2026,18:59:22,3.93,7.55,11.15,,,
stress-ng --cpu 2 --cpu-load 6 --quiet --timeout 60s,3,4/24/2026,18:59:23,4.17,7.55,11.15,,,
stress-ng --cpu 2 --cpu-load 6 --quiet --timeout 60s,3,4/24/2026,18:59:24,4.18,7.55,10.58,,,
stress-ng --cpu 2 --cpu-load 6 --quiet --timeout 60s,3,4/24/2026,18:59:25,4.18,7.55,10.7,,,
stress-ng --cpu 2 --cpu-load 6 --quiet --timeout 60s,3,4/24/2026,18:59:26,3.93,7.55,10.7,,,
stress-ng --cpu 2 --cpu-load 6 --quiet --timeout 60s,3,4/24/2026,18:59:27,3.68,7.55,10.8,,,
stress-ng --cpu 2 --cpu-load 6 --quiet --timeout 60s,3,4/24/2026,18:59:28,4.16,7.55,10.61,,,
stress-ng --cpu 2 --cpu-load 6 --quiet --timeout 60s,3,4/24/2026,18:59:29,4.44,7.54,10.61,,,
stress-ng --cpu 2 --cpu-load 6 --quiet --timeout 60s,3,4/24/2026,18:59:30,2.98,7.54,10.63,,,
stress-ng --cpu 2 --cpu-load 6 --quiet --timeout 60s,3,4/24/2026,18:59:31,5.37,7.54,10.15,,,
stress-ng --cpu 2 --cpu-load 6 --quiet --timeout 60s,3,4/24/2026,18:59:32,3.67,7.54,10.15,,,
stress-ng --cpu 2 --cpu-load 6 --quiet --timeout 60s,3,4/24/2026,18:59:33,4.44,7.54,10.88,,,
stress-ng --cpu 2 --cpu-load 6 --quiet --timeout 60s,3,4/24/2026,18:59:34,4.2,7.54,10.14,,,
stress-ng --cpu 2 --cpu-load 6 --quiet --timeout 60s,3,4/24/2026,18:59:35,3.67,7.54,10.14,,,
stress-ng --cpu 2 --cpu-load 6 --quiet --timeout 60s,3,4/24/2026,18:59:36,4.16,7.54,10.79,,,
stress-ng --cpu 2 --cpu-load 6 --quiet --timeout 60s,3,4/24/2026,18:59:37,4.16,7.54,10.82,,,
stress-ng --cpu 2 --cpu-load 6 --quiet --timeout 60s,3,4/24/2026,18:59:38,4.16,7.54,10.82,,,
stress-ng --cpu 2 --cpu-load 6 --quiet --timeout 60s,3,4/24/2026,18:59:39,3.44,7.54,10.78,,,
stress-ng --cpu 2 --cpu-load 6 --quiet --timeout 60s,3,4/24/2026,18:59:40,4.15,7.54,10.12,,,
stress-ng --cpu 2 --cpu-load 6 --quiet --timeout 60s,3,4/24/2026,18:59:41,4.69,7.54,10.12,,,
stress-ng --cpu 2 --cpu-load 6 --quiet --timeout 60s,3,4/24/2026,18:59:42,3.47,7.54,11.02,,,
stress-ng --cpu 2 --cpu-load 6 --quiet --timeout 60s,3,4/24/2026,18:59:43,3.47,7.54,10.35,,,
stress-ng --cpu 2 --cpu-load 6 --quiet --timeout 60s,3,4/24/2026,18:59:44,4.19,7.54,10.35,,,
stress-ng --cpu 2 --cpu-load 6 --quiet --timeout 60s,3,4/24/2026,18:59:45,3.71,7.54,10.83,,,
stress-ng --cpu 2 --cpu-load 6 --quiet --timeout 60s,3,4/24/2026,18:59:46,4.18,7.54,10.34,,,
stress-ng --cpu 2 --cpu-load 6 --quiet --timeout 60s,3,4/24/2026,18:59:47,3.94,7.54,10.34,,,
stress-ng --cpu 2 --cpu-load 6 --quiet --timeout 60s,3,4/24/2026,18:59:48,3.96,7.54,10.84,,,
stress-ng --cpu 2 --cpu-load 6 --quiet --timeout 60s,3,4/24/2026,18:59:49,3.23,7.54,10.32,,,
stress-ng --cpu 2 --cpu-load 8 --quiet --timeout 60s,4,4/23/2026,21:55:59,1.22,6.59,9.59,,,
stress-ng --cpu 2 --cpu-load 8 --quiet --timeout 60s,4,4/23/2026,21:56:00,6.38,6.6,9.75,,,
stress-ng --cpu 2 --cpu-load 8 --quiet --timeout 60s,4,4/23/2026,21:56:01,5.13,6.6,9.75,,,
stress-ng --cpu 2 --cpu-load 8 --quiet --timeout 60s,4,4/23/2026,21:56:02,5.88,6.6,11.97,,,
stress-ng --cpu 2 --cpu-load 8 --quiet --timeout 60s,4,4/23/2026,21:56:03,5.67,6.6,11.26,,,
stress-ng --cpu 2 --cpu-load 8 --quiet --timeout 60s,4,4/23/2026,21:56:04,4.2,6.6,11.26,,,
stress-ng --cpu 2 --cpu-load 8 --quiet --timeout 60s,4,4/23/2026,21:56:05,4.47,6.61,10.39,,,
stress-ng --cpu 2 --cpu-load 8 --quiet --timeout 60s,4,4/23/2026,21:56:06,4.69,6.61,11.32,,,
stress-ng --cpu 2 --cpu-load 8 --quiet --timeout 60s,4,4/23/2026,21:56:07,5.39,6.61,11.32,,,
stress-ng --cpu 2 --cpu-load 8 --quiet --timeout 60s,4,4/23/2026,21:56:08,6.14,6.61,11,,,
stress-ng --cpu 2 --cpu-load 8 --quiet --timeout 60s,4,4/23/2026,21:56:09,4.67,6.61,10.65,,,
stress-ng --cpu 2 --cpu-load 8 --quiet --timeout 60s,4,4/23/2026,21:56:10,4.72,6.61,10.65,,,
stress-ng --cpu 2 --cpu-load 8 --quiet --timeout 60s,4,4/23/2026,21:56:11,5.065,6.61,10.97,,,
stress-ng --cpu 2 --cpu-load 8 --quiet --timeout 60s,4,4/23/2026,21:56:12,5.41,6.61,11.39,,,
stress-ng --cpu 2 --cpu-load 8 --quiet --timeout 60s,4,4/23/2026,21:56:13,4.19,6.61,11.39,,,
stress-ng --cpu 2 --cpu-load 8 --quiet --timeout 60s,4,4/23/2026,21:56:14,5.41,6.61,11.18,,,
stress-ng --cpu 2 --cpu-load 8 --quiet --timeout 60s,4,4/23/2026,21:56:15,5.22,6.61,10.93,,,
stress-ng --cpu 2 --cpu-load 8 --quiet --timeout 60s,4,4/23/2026,21:56:16,5.23,6.61,10.93,,,
stress-ng --cpu 2 --cpu-load 8 --quiet --timeout 60s,4,4/23/2026,21:56:17,4.67,6.61,11.93,,,
stress-ng --cpu 2 --cpu-load 8 --quiet --timeout 60s,4,4/23/2026,21:56:18,5.17,6.61,11.68,,,
stress-ng --cpu 2 --cpu-load 8 --quiet --timeout 60s,4,4/23/2026,21:56:19,4.69,6.61,11.43,,,
stress-ng --cpu 2 --cpu-load 8 --quiet --timeout 60s,4,4/23/2026,21:56:20,4.96,6.61,11.43,,,
stress-ng --cpu 2 --cpu-load 8 --quiet --timeout 60s,4,4/23/2026,21:56:21,4.98,6.61,11.07,,,
stress-ng --cpu 2 --cpu-load 8 --quiet --timeout 60s,4,4/23/2026,21:56:22,4.97,6.61,11.15,,,
stress-ng --cpu 2 --cpu-load 8 --quiet --timeout 60s,4,4/23/2026,21:56:23,4.46,6.61,11.15,,,
stress-ng --cpu 2 --cpu-load 8 --quiet --timeout 60s,4,4/23/2026,21:56:24,4.95,6.61,11.02,,,
stress-ng --cpu 2 --cpu-load 8 --quiet --timeout 60s,4,4/23/2026,21:56:25,4.9,6.61,10.29,,,
stress-ng --cpu 2 --cpu-load 8 --quiet --timeout 60s,4,4/23/2026,21:56:26,4.97,6.61,10.29,,,
stress-ng --cpu 2 --cpu-load 8 --quiet --timeout 60s,4,4/23/2026,21:56:27,4,6.61,11.41,,,
stress-ng --cpu 2 --cpu-load 8 --quiet --timeout 60s,4,4/23/2026,21:56:28,4.97,6.61,11.31,,,
stress-ng --cpu 2 --cpu-load 8 --quiet --timeout 60s,4,4/23/2026,21:56:29,5.72,6.61,11.31,,,
stress-ng --cpu 2 --cpu-load 8 --quiet --timeout 60s,4,4/23/2026,21:56:30,4.45,6.61,11.32,,,
stress-ng --cpu 2 --cpu-load 8 --quiet --timeout 60s,4,4/23/2026,21:56:31,5.66,6.6,10.54,,,
stress-ng --cpu 2 --cpu-load 8 --quiet --timeout 60s,4,4/23/2026,21:56:32,4.96,6.6,11.44,,,
stress-ng --cpu 2 --cpu-load 8 --quiet --timeout 60s,4,4/23/2026,21:56:33,4.97,6.6,11.44,,,
stress-ng --cpu 2 --cpu-load 8 --quiet --timeout 60s,4,4/23/2026,21:56:34,4.96,6.61,11.17,,,
stress-ng --cpu 2 --cpu-load 8 --quiet --timeout 60s,4,4/23/2026,21:56:35,4.9,6.61,11.17,,,
stress-ng --cpu 2 --cpu-load 8 --quiet --timeout 60s,4,4/23/2026,21:56:36,6.15,6.61,11.19,,,
stress-ng --cpu 2 --cpu-load 8 --quiet --timeout 60s,4,4/23/2026,21:56:37,3.96,6.61,10.38,,,
stress-ng --cpu 2 --cpu-load 8 --quiet --timeout 60s,4,4/23/2026,21:56:38,5.22,6.61,10.38,,,
stress-ng --cpu 2 --cpu-load 8 --quiet --timeout 60s,4,4/23/2026,21:56:39,4.73,6.61,11.5,,,
stress-ng --cpu 2 --cpu-load 8 --quiet --timeout 60s,4,4/23/2026,21:56:40,4.97,6.61,10.86,,,
stress-ng --cpu 2 --cpu-load 8 --quiet --timeout 60s,4,4/23/2026,21:56:41,4.23,6.61,10.86,,,
stress-ng --cpu 2 --cpu-load 8 --quiet --timeout 60s,4,4/23/2026,21:56:42,5.67,6.61,11.07,,,
stress-ng --cpu 2 --cpu-load 8 --quiet --timeout 60s,4,4/23/2026,21:56:43,4.43,6.61,11.3,,,
stress-ng --cpu 2 --cpu-load 8 --quiet --timeout 60s,4,4/23/2026,21:56:44,4.47,6.61,11.3,,,
stress-ng --cpu 2 --cpu-load 8 --quiet --timeout 60s,4,4/23/2026,21:56:45,4.73,6.61,10.66,,,
stress-ng --cpu 2 --cpu-load 8 --quiet --timeout 60s,4,4/23/2026,21:56:46,4.96,6.61,11.11,,,
stress-ng --cpu 2 --cpu-load 8 --quiet --timeout 60s,4,4/23/2026,21:56:47,5.48,6.61,11.11,,,
stress-ng --cpu 2 --cpu-load 8 --quiet --timeout 60s,4,4/23/2026,21:56:48,4.92,6.61,11.55,,,
stress-ng --cpu 2 --cpu-load 8 --quiet --timeout 60s,4,4/23/2026,21:56:49,5.17,6.61,11.32,,,
stress-ng --cpu 2 --cpu-load 8 --quiet --timeout 60s,4,4/23/2026,21:56:50,4.69,6.61,11.32,,,
stress-ng --cpu 2 --cpu-load 8 --quiet --timeout 60s,4,4/23/2026,21:56:51,5.66,6.61,10.98,,,
stress-ng --cpu 2 --cpu-load 8 --quiet --timeout 60s,4,4/23/2026,21:56:52,5.39,6.61,10.94,,,
stress-ng --cpu 2 --cpu-load 8 --quiet --timeout 60s,4,4/23/2026,21:56:53,4.92,6.61,10.94,,,
stress-ng --cpu 2 --cpu-load 8 --quiet --timeout 60s,4,4/23/2026,21:56:54,4.47,6.61,11.19,,,
stress-ng --cpu 2 --cpu-load 8 --quiet --timeout 60s,4,4/23/2026,21:56:55,4.72,6.61,11.06,,,
stress-ng --cpu 2 --cpu-load 8 --quiet --timeout 60s,4,4/23/2026,21:56:56,4.71,6.61,11.06,,,
stress-ng --cpu 2 --cpu-load 8 --quiet --timeout 60s,4,4/23/2026,21:56:57,6.14,6.61,11.48,,,
stress-ng --cpu 2 --cpu-load 8 --quiet --timeout 60s,4,4/23/2026,21:56:58,3.47,6.61,11.54,,,
stress-ng --cpu 2 --cpu-load 8 --quiet --timeout 60s,4,4/23/2026,21:56:59,6.61,6.61,11.54,,,
stress-ng --cpu 2 --cpu-load 8 --quiet --timeout 60s,4,4/24/2026,6:00:17,0.98,6.98,9.18,,,
stress-ng --cpu 2 --cpu-load 8 --quiet --timeout 60s,4,4/24/2026,6:00:18,5.88,7.02,9.18,,,
stress-ng --cpu 2 --cpu-load 8 --quiet --timeout 60s,4,4/24/2026,6:00:19,4.66,7.02,10.04,,,
stress-ng --cpu 2 --cpu-load 8 --quiet --timeout 60s,4,4/24/2026,6:00:20,5.88,7.03,11.17,,,
stress-ng --cpu 2 --cpu-load 8 --quiet --timeout 60s,4,4/24/2026,6:00:21,4.43,7.02,11.22,,,
stress-ng --cpu 2 --cpu-load 8 --quiet --timeout 60s,4,4/24/2026,6:00:22,5.97,7.02,11.22,,,
stress-ng --cpu 2 --cpu-load 8 --quiet --timeout 60s,4,4/24/2026,6:00:23,3.98,7.02,10.89,,,
stress-ng --cpu 2 --cpu-load 8 --quiet --timeout 60s,4,4/24/2026,6:00:24,4.46,7.02,10.98,,,
stress-ng --cpu 2 --cpu-load 8 --quiet --timeout 60s,4,4/24/2026,6:00:25,4.47,7.02,10.97,,,
stress-ng --cpu 2 --cpu-load 8 --quiet --timeout 60s,4,4/24/2026,6:00:26,5.91,7.02,10.97,,,
stress-ng --cpu 2 --cpu-load 8 --quiet --timeout 60s,4,4/24/2026,6:00:27,4.7,7.02,10.53,,,
stress-ng --cpu 2 --cpu-load 8 --quiet --timeout 60s,4,4/24/2026,6:00:28,5.14,7.02,10.74,,,
stress-ng --cpu 2 --cpu-load 8 --quiet --timeout 60s,4,4/24/2026,6:00:29,5.65,7.02,10.74,,,
stress-ng --cpu 2 --cpu-load 8 --quiet --timeout 60s,4,4/24/2026,6:00:30,4.44,7.02,11.25,,,
stress-ng --cpu 2 --cpu-load 8 --quiet --timeout 60s,4,4/24/2026,6:00:31,5.63,7.02,10.64,,,
stress-ng --cpu 2 --cpu-load 8 --quiet --timeout 60s,4,4/24/2026,6:00:32,5.18,7.02,10.64,,,
stress-ng --cpu 2 --cpu-load 8 --quiet --timeout 60s,4,4/24/2026,6:00:33,4.96,7.02,10.75,,,
stress-ng --cpu 2 --cpu-load 8 --quiet --timeout 60s,4,4/24/2026,6:00:34,4.88,7.02,11.57,,,
stress-ng --cpu 2 --cpu-load 8 --quiet --timeout 60s,4,4/24/2026,6:00:35,4.42,7.02,11.57,,,
stress-ng --cpu 2 --cpu-load 8 --quiet --timeout 60s,4,4/24/2026,6:00:36,4.67,7.02,11.44,,,
stress-ng --cpu 2 --cpu-load 8 --quiet --timeout 60s,4,4/24/2026,6:00:37,6.17,7.02,11.93,,,
stress-ng --cpu 2 --cpu-load 8 --quiet --timeout 60s,4,4/24/2026,6:00:38,4.46,7.02,11.93,,,
stress-ng --cpu 2 --cpu-load 8 --quiet --timeout 60s,4,4/24/2026,6:00:39,5.44,7.02,11.2,,,
stress-ng --cpu 2 --cpu-load 8 --quiet --timeout 60s,4,4/24/2026,6:00:40,4.93,7.02,11.13,,,
stress-ng --cpu 2 --cpu-load 8 --quiet --timeout 60s,4,4/24/2026,6:00:41,5.18,7.02,11.13,,,
stress-ng --cpu 2 --cpu-load 8 --quiet --timeout 60s,4,4/24/2026,6:00:42,4.7,7.02,11.2,,,
stress-ng --cpu 2 --cpu-load 8 --quiet --timeout 60s,4,4/24/2026,6:00:43,5.19,7.02,10.66,,,
stress-ng --cpu 2 --cpu-load 8 --quiet --timeout 60s,4,4/24/2026,6:00:44,5.15,7.02,10.66,,,
stress-ng --cpu 2 --cpu-load 8 --quiet --timeout 60s,4,4/24/2026,6:00:45,5.65,7.02,11.39,,,
stress-ng --cpu 2 --cpu-load 8 --quiet --timeout 60s,4,4/24/2026,6:00:46,4.43,7.02,10.86,,,
stress-ng --cpu 2 --cpu-load 8 --quiet --timeout 60s,4,4/24/2026,6:00:47,5.63,7.02,10.86,,,
stress-ng --cpu 2 --cpu-load 8 --quiet --timeout 60s,4,4/24/2026,6:00:48,4.9,7.02,10.7,,,
stress-ng --cpu 2 --cpu-load 8 --quiet --timeout 60s,4,4/24/2026,6:00:49,5.65,7.02,10.92,,,
stress-ng --cpu 2 --cpu-load 8 --quiet --timeout 60s,4,4/24/2026,6:00:50,4.92,7.02,10.92,,,
stress-ng --cpu 2 --cpu-load 8 --quiet --timeout 60s,4,4/24/2026,6:00:51,5.43,7.02,10.79,,,
stress-ng --cpu 2 --cpu-load 8 --quiet --timeout 60s,4,4/24/2026,6:00:52,5.15,7.02,11.39,,,
stress-ng --cpu 2 --cpu-load 8 --quiet --timeout 60s,4,4/24/2026,6:00:53,4.45,7.02,11.39,,,
stress-ng --cpu 2 --cpu-load 8 --quiet --timeout 60s,4,4/24/2026,6:00:54,5.47,7.02,11.02,,,
stress-ng --cpu 2 --cpu-load 8 --quiet --timeout 60s,4,4/24/2026,6:00:55,4.7,7.02,11.6,,,
stress-ng --cpu 2 --cpu-load 8 --quiet --timeout 60s,4,4/24/2026,6:00:56,4.45,7.02,11.6,,,
stress-ng --cpu 2 --cpu-load 8 --quiet --timeout 60s,4,4/24/2026,6:00:57,5.13,7.02,10.89,,,
stress-ng --cpu 2 --cpu-load 8 --quiet --timeout 60s,4,4/24/2026,6:00:58,5.21,7.02,10.67,,,
stress-ng --cpu 2 --cpu-load 8 --quiet --timeout 60s,4,4/24/2026,6:00:59,6.2,7.02,10.67,,,
stress-ng --cpu 2 --cpu-load 8 --quiet --timeout 60s,4,4/24/2026,6:01:00,4.47,7.02,11.69,,,
stress-ng --cpu 2 --cpu-load 8 --quiet --timeout 60s,4,4/24/2026,6:01:01,4.7,7.02,11.26,,,
stress-ng --cpu 2 --cpu-load 8 --quiet --timeout 60s,4,4/24/2026,6:01:02,3.93,7.02,11.26,,,
stress-ng --cpu 2 --cpu-load 8 --quiet --timeout 60s,4,4/24/2026,6:01:03,5.39,7.02,10.43,,,
stress-ng --cpu 2 --cpu-load 8 --quiet --timeout 60s,4,4/24/2026,6:01:04,5.89,7.02,11.36,,,
stress-ng --cpu 2 --cpu-load 8 --quiet --timeout 60s,4,4/24/2026,6:01:05,5.39,7.02,11.36,,,
stress-ng --cpu 2 --cpu-load 8 --quiet --timeout 60s,4,4/24/2026,6:01:06,6.89,7.02,10.63,,,
stress-ng --cpu 2 --cpu-load 8 --quiet --timeout 60s,4,4/24/2026,6:01:07,3.74,7.02,10.81,,,
stress-ng --cpu 2 --cpu-load 8 --quiet --timeout 60s,4,4/24/2026,6:01:08,4.21,7.02,10.81,,,
stress-ng --cpu 2 --cpu-load 8 --quiet --timeout 60s,4,4/24/2026,6:01:09,4.92,7.02,11.13,,,
stress-ng --cpu 2 --cpu-load 8 --quiet --timeout 60s,4,4/24/2026,6:01:10,4.65,7.02,11.72,,,
stress-ng --cpu 2 --cpu-load 8 --quiet --timeout 60s,4,4/24/2026,6:01:11,5.15,7.02,11.72,,,
stress-ng --cpu 2 --cpu-load 8 --quiet --timeout 60s,4,4/24/2026,6:01:12,5.17,7.02,10.86,,,
stress-ng --cpu 2 --cpu-load 8 --quiet --timeout 60s,4,4/24/2026,6:01:13,5.48,7.02,10.73,,,
stress-ng --cpu 2 --cpu-load 8 --quiet --timeout 60s,4,4/24/2026,6:01:14,4.7,7.02,10.73,,,
stress-ng --cpu 2 --cpu-load 8 --quiet --timeout 60s,4,4/24/2026,6:01:15,5.47,7.02,11.12,,,
stress-ng --cpu 2 --cpu-load 8 --quiet --timeout 60s,4,4/24/2026,6:01:16,3.72,7.02,11.19,,,
stress-ng --cpu 2 --cpu-load 8 --quiet --timeout 60s,4,4/24/2026,6:01:17,3.72,7.02,11.19,,,
stress-ng --cpu 2 --cpu-load 8 --quiet --timeout 60s,4,4/24/2026,16:54:44,5.88,7.57,9.05,,,
stress-ng --cpu 2 --cpu-load 8 --quiet --timeout 60s,4,4/24/2026,16:54:45,5.635,7.57,10.45,,,
stress-ng --cpu 2 --cpu-load 8 --quiet --timeout 60s,4,4/24/2026,16:54:46,5.39,7.57,10.45,,,
stress-ng --cpu 2 --cpu-load 8 --quiet --timeout 60s,4,4/24/2026,16:54:47,5.17,7.57,11.34,,,
stress-ng --cpu 2 --cpu-load 8 --quiet --timeout 60s,4,4/24/2026,16:54:48,6.61,7.57,11.34,,,
stress-ng --cpu 2 --cpu-load 8 --quiet --timeout 60s,4,4/24/2026,16:54:49,4.91,7.57,10.91,,,
stress-ng --cpu 2 --cpu-load 8 --quiet --timeout 60s,4,4/24/2026,16:54:50,5.47,7.58,10.78,,,
stress-ng --cpu 2 --cpu-load 8 --quiet --timeout 60s,4,4/24/2026,16:54:51,4.96,7.58,11.63,,,
stress-ng --cpu 2 --cpu-load 8 --quiet --timeout 60s,4,4/24/2026,16:54:52,5.94,7.58,11.63,,,
stress-ng --cpu 2 --cpu-load 8 --quiet --timeout 60s,4,4/24/2026,16:54:53,4.44,7.58,11,,,
stress-ng --cpu 2 --cpu-load 8 --quiet --timeout 60s,4,4/24/2026,16:54:54,4.47,7.58,11,,,
stress-ng --cpu 2 --cpu-load 8 --quiet --timeout 60s,4,4/24/2026,16:54:55,6.18,7.58,10.63,,,
stress-ng --cpu 2 --cpu-load 8 --quiet --timeout 60s,4,4/24/2026,16:54:56,4.92,7.58,10.8,,,
stress-ng --cpu 2 --cpu-load 8 --quiet --timeout 60s,4,4/24/2026,16:54:57,4.7,7.58,10.8,,,
stress-ng --cpu 2 --cpu-load 8 --quiet --timeout 60s,4,4/24/2026,16:54:58,5.15,7.58,11.25,,,
stress-ng --cpu 2 --cpu-load 8 --quiet --timeout 60s,4,4/24/2026,16:54:59,4.91,7.58,10.89,,,
stress-ng --cpu 2 --cpu-load 8 --quiet --timeout 60s,4,4/24/2026,16:55:00,4.72,7.58,10.89,,,
stress-ng --cpu 2 --cpu-load 8 --quiet --timeout 60s,4,4/24/2026,16:55:01,4.7,7.58,10.96,,,
stress-ng --cpu 2 --cpu-load 8 --quiet --timeout 60s,4,4/24/2026,16:55:02,6.2,7.58,11.12,,,
stress-ng --cpu 2 --cpu-load 8 --quiet --timeout 60s,4,4/24/2026,16:55:03,4.44,7.58,11.12,,,
stress-ng --cpu 2 --cpu-load 8 --quiet --timeout 60s,4,4/24/2026,16:55:04,4.7,7.58,11.25,,,
stress-ng --cpu 2 --cpu-load 8 --quiet --timeout 60s,4,4/24/2026,16:55:05,5.72,7.58,10.16,,,
stress-ng --cpu 2 --cpu-load 8 --quiet --timeout 60s,4,4/24/2026,16:55:06,4.47,7.58,11.74,,,
stress-ng --cpu 2 --cpu-load 8 --quiet --timeout 60s,4,4/24/2026,16:55:07,5.23,7.58,11.31,,,
stress-ng --cpu 2 --cpu-load 8 --quiet --timeout 60s,4,4/24/2026,16:55:08,4.92,7.58,11.31,,,
stress-ng --cpu 2 --cpu-load 8 --quiet --timeout 60s,4,4/24/2026,16:55:09,4.69,7.58,11.11,,,
stress-ng --cpu 2 --cpu-load 8 --quiet --timeout 60s,4,4/24/2026,16:55:10,20.44,7.6,11.89,,,
stress-ng --cpu 2 --cpu-load 8 --quiet --timeout 60s,4,4/24/2026,16:55:11,10.17,7.59,11.89,,,
stress-ng --cpu 2 --cpu-load 8 --quiet --timeout 60s,4,4/24/2026,16:55:12,4.7,7.59,13.34,,,
stress-ng --cpu 2 --cpu-load 8 --quiet --timeout 60s,4,4/24/2026,16:55:13,5.92,7.59,10.56,,,
stress-ng --cpu 2 --cpu-load 8 --quiet --timeout 60s,4,4/24/2026,16:55:14,5.21,7.59,10.56,,,
stress-ng --cpu 2 --cpu-load 8 --quiet --timeout 60s,4,4/24/2026,16:55:15,3.47,7.59,10.41,,,
stress-ng --cpu 2 --cpu-load 8 --quiet --timeout 60s,4,4/24/2026,16:55:16,5.65,7.59,10.67,,,
stress-ng --cpu 2 --cpu-load 8 --quiet --timeout 60s,4,4/24/2026,16:55:17,5.18,7.59,10.67,,,
stress-ng --cpu 2 --cpu-load 8 --quiet --timeout 60s,4,4/24/2026,16:55:18,5.19,7.59,10.24,,,
stress-ng --cpu 2 --cpu-load 8 --quiet --timeout 60s,4,4/24/2026,16:55:19,4.67,7.59,10.66,,,
stress-ng --cpu 2 --cpu-load 8 --quiet --timeout 60s,4,4/24/2026,16:55:20,5.47,7.59,10.66,,,
stress-ng --cpu 2 --cpu-load 8 --quiet --timeout 60s,4,4/24/2026,16:55:21,4.72,7.59,10.43,,,
stress-ng --cpu 2 --cpu-load 8 --quiet --timeout 60s,4,4/24/2026,16:55:22,4.71,7.59,10.5,,,
stress-ng --cpu 2 --cpu-load 8 --quiet --timeout 60s,4,4/24/2026,16:55:23,4.9,7.59,10.5,,,
stress-ng --cpu 2 --cpu-load 8 --quiet --timeout 60s,4,4/24/2026,16:55:24,5.67,7.59,10.24,,,
stress-ng --cpu 2 --cpu-load 8 --quiet --timeout 60s,4,4/24/2026,16:55:25,5.48,7.59,10.7,,,
stress-ng --cpu 2 --cpu-load 8 --quiet --timeout 60s,4,4/24/2026,16:55:26,4.19,7.59,10.7,,,
stress-ng --cpu 2 --cpu-load 8 --quiet --timeout 60s,4,4/24/2026,16:55:27,5.18,7.59,10.83,,,
stress-ng --cpu 2 --cpu-load 8 --quiet --timeout 60s,4,4/24/2026,16:55:28,5.19,7.59,10.81,,,
stress-ng --cpu 2 --cpu-load 8 --quiet --timeout 60s,4,4/24/2026,16:55:29,3.5,7.59,10.81,,,
stress-ng --cpu 2 --cpu-load 8 --quiet --timeout 60s,4,4/24/2026,16:55:30,6.69,7.59,10.77,,,
stress-ng --cpu 2 --cpu-load 8 --quiet --timeout 60s,4,4/24/2026,16:55:31,3.98,7.59,11.3,,,
stress-ng --cpu 2 --cpu-load 8 --quiet --timeout 60s,4,4/24/2026,16:55:32,3.99,7.59,11.3,,,
stress-ng --cpu 2 --cpu-load 8 --quiet --timeout 60s,4,4/24/2026,16:55:33,4.65,7.59,10.49,,,
stress-ng --cpu 2 --cpu-load 8 --quiet --timeout 60s,4,4/24/2026,16:55:34,4.9,7.59,10.89,,,
stress-ng --cpu 2 --cpu-load 8 --quiet --timeout 60s,4,4/24/2026,16:55:35,6.23,7.59,10.89,,,
stress-ng --cpu 2 --cpu-load 8 --quiet --timeout 60s,4,4/24/2026,16:55:36,3.49,7.59,11.51,,,
stress-ng --cpu 2 --cpu-load 8 --quiet --timeout 60s,4,4/24/2026,16:55:37,4.93,7.59,11.22,,,
stress-ng --cpu 2 --cpu-load 8 --quiet --timeout 60s,4,4/24/2026,16:55:38,4.91,7.59,11.22,,,
stress-ng --cpu 2 --cpu-load 8 --quiet --timeout 60s,4,4/24/2026,16:55:39,4.67,7.59,11.22,,,
stress-ng --cpu 2 --cpu-load 8 --quiet --timeout 60s,4,4/24/2026,16:55:40,6.34,7.59,11.36,,,
stress-ng --cpu 2 --cpu-load 8 --quiet --timeout 60s,4,4/24/2026,16:55:41,4.9,7.59,11.36,,,
stress-ng --cpu 2 --cpu-load 8 --quiet --timeout 60s,4,4/24/2026,16:55:42,5.39,7.58,10.55,,,
stress-ng --cpu 2 --cpu-load 8 --quiet --timeout 60s,4,4/24/2026,16:55:43,5.39,7.58,10.66,,,
stress-ng --cpu 2 --cpu-load 8 --quiet --timeout 60s,4,4/24/2026,16:55:44,5.88,7.57,10.66,,,
stress-ng --cpu 2 --cpu-load 10 --quiet --timeout 60s,5,4/24/2026,3:26:11,2.2,6.55,9.59,,,
stress-ng --cpu 2 --cpu-load 10 --quiet --timeout 60s,5,4/24/2026,3:26:12,8.37,6.56,9.59,,,
stress-ng --cpu 2 --cpu-load 10 --quiet --timeout 60s,5,4/24/2026,3:26:13,6.61,6.56,11.18,,,
stress-ng --cpu 2 --cpu-load 10 --quiet --timeout 60s,5,4/24/2026,3:26:14,4.93,6.56,11.08,,,
stress-ng --cpu 2 --cpu-load 10 --quiet --timeout 60s,5,4/24/2026,3:26:15,5.21,6.56,11.08,,,
stress-ng --cpu 2 --cpu-load 10 --quiet --timeout 60s,5,4/24/2026,3:26:16,6.11,6.56,11.04,,,
stress-ng --cpu 2 --cpu-load 10 --quiet --timeout 60s,5,4/24/2026,3:26:17,6.14,6.56,10.85,,,
stress-ng --cpu 2 --cpu-load 10 --quiet --timeout 60s,5,4/24/2026,3:26:18,6.17,6.56,10.85,,,
stress-ng --cpu 2 --cpu-load 10 --quiet --timeout 60s,5,4/24/2026,3:26:19,5.95,6.56,10.94,,,
stress-ng --cpu 2 --cpu-load 10 --quiet --timeout 60s,5,4/24/2026,3:26:20,6.46,6.56,10.71,,,
stress-ng --cpu 2 --cpu-load 10 --quiet --timeout 60s,5,4/24/2026,3:26:21,5.67,6.56,10.71,,,
stress-ng --cpu 2 --cpu-load 10 --quiet --timeout 60s,5,4/24/2026,3:26:22,6.14,6.56,10.8,,,
stress-ng --cpu 2 --cpu-load 10 --quiet --timeout 60s,5,4/24/2026,3:26:23,5.66,6.57,11.33,,,
stress-ng --cpu 2 --cpu-load 10 --quiet --timeout 60s,5,4/24/2026,3:26:24,5.69,6.57,11.33,,,
stress-ng --cpu 2 --cpu-load 10 --quiet --timeout 60s,5,4/24/2026,3:26:25,5.88,6.57,10.38,,,
stress-ng --cpu 2 --cpu-load 10 --quiet --timeout 60s,5,4/24/2026,3:26:26,6.61,6.57,10.96,,,
stress-ng --cpu 2 --cpu-load 10 --quiet --timeout 60s,5,4/24/2026,3:26:27,6.63,6.57,10.96,,,
stress-ng --cpu 2 --cpu-load 10 --quiet --timeout 60s,5,4/24/2026,3:26:28,6.14,6.57,11.38,,,
stress-ng --cpu 2 --cpu-load 10 --quiet --timeout 60s,5,4/24/2026,3:26:29,6.38,6.57,10.61,,,
stress-ng --cpu 2 --cpu-load 10 --quiet --timeout 60s,5,4/24/2026,3:26:30,6.37,6.57,10.61,,,
stress-ng --cpu 2 --cpu-load 10 --quiet --timeout 60s,5,4/24/2026,3:26:31,6.4,6.57,11.1,,,
stress-ng --cpu 2 --cpu-load 10 --quiet --timeout 60s,5,4/24/2026,3:26:32,6.61,6.57,11.14,,,
stress-ng --cpu 2 --cpu-load 10 --quiet --timeout 60s,5,4/24/2026,3:26:33,5.23,6.57,11.14,,,
stress-ng --cpu 2 --cpu-load 10 --quiet --timeout 60s,5,4/24/2026,3:26:34,5.94,6.57,11.03,,,
stress-ng --cpu 2 --cpu-load 10 --quiet --timeout 60s,5,4/24/2026,3:26:35,6.18,6.57,10.73,,,
stress-ng --cpu 2 --cpu-load 10 --quiet --timeout 60s,5,4/24/2026,3:26:36,5.45,6.57,10.73,,,
stress-ng --cpu 2 --cpu-load 10 --quiet --timeout 60s,5,4/24/2026,3:26:37,5.97,6.56,11.53,,,
stress-ng --cpu 2 --cpu-load 10 --quiet --timeout 60s,5,4/24/2026,3:26:38,5.95,6.56,11.25,,,
stress-ng --cpu 2 --cpu-load 10 --quiet --timeout 60s,5,4/24/2026,3:26:39,4.96,6.56,11.25,,,
stress-ng --cpu 2 --cpu-load 10 --quiet --timeout 60s,5,4/24/2026,3:26:40,6.84,6.56,11.44,,,
stress-ng --cpu 2 --cpu-load 10 --quiet --timeout 60s,5,4/24/2026,3:26:41,6.14,6.56,11.14,,,
stress-ng --cpu 2 --cpu-load 10 --quiet --timeout 60s,5,4/24/2026,3:26:42,5.63,6.56,11.14,,,
stress-ng --cpu 2 --cpu-load 10 --quiet --timeout 60s,5,4/24/2026,3:26:43,7.71,6.57,11.51,,,
stress-ng --cpu 2 --cpu-load 10 --quiet --timeout 60s,5,4/24/2026,3:26:44,5.98,6.57,11.01,,,
stress-ng --cpu 2 --cpu-load 10 --quiet --timeout 60s,5,4/24/2026,3:26:45,3.96,6.57,11.01,,,
stress-ng --cpu 2 --cpu-load 10 --quiet --timeout 60s,5,4/24/2026,3:26:46,7.88,6.57,10.96,,,
stress-ng --cpu 2 --cpu-load 10 --quiet --timeout 60s,5,4/24/2026,3:26:47,6.14,6.57,10.88,,,
stress-ng --cpu 2 --cpu-load 10 --quiet --timeout 60s,5,4/24/2026,3:26:48,6.37,6.57,10.88,,,
stress-ng --cpu 2 --cpu-load 10 --quiet --timeout 60s,5,4/24/2026,3:26:49,6.68,6.57,10.75,,,
stress-ng --cpu 2 --cpu-load 10 --quiet --timeout 60s,5,4/24/2026,3:26:50,4.7,6.58,10.8,,,
stress-ng --cpu 2 --cpu-load 10 --quiet --timeout 60s,5,4/24/2026,3:26:51,6.68,6.58,10.8,,,
stress-ng --cpu 2 --cpu-load 10 --quiet --timeout 60s,5,4/24/2026,3:26:52,5.92,6.58,11.07,,,
stress-ng --cpu 2 --cpu-load 10 --quiet --timeout 60s,5,4/24/2026,3:26:53,6.6,6.58,11.13,,,
stress-ng --cpu 2 --cpu-load 10 --quiet --timeout 60s,5,4/24/2026,3:26:54,6.86,6.58,11.13,,,
stress-ng --cpu 2 --cpu-load 10 --quiet --timeout 60s,5,4/24/2026,3:26:55,5.41,6.58,10.8,,,
stress-ng --cpu 2 --cpu-load 10 --quiet --timeout 60s,5,4/24/2026,3:26:56,6.89,6.58,11.03,,,
stress-ng --cpu 2 --cpu-load 10 --quiet --timeout 60s,5,4/24/2026,3:26:57,4.7,6.58,11.03,,,
stress-ng --cpu 2 --cpu-load 10 --quiet --timeout 60s,5,4/24/2026,3:26:58,6.6,6.58,11.31,,,
stress-ng --cpu 2 --cpu-load 10 --quiet --timeout 60s,5,4/24/2026,3:26:59,5.66,6.58,10.84,,,
stress-ng --cpu 2 --cpu-load 10 --quiet --timeout 60s,5,4/24/2026,3:27:00,6.4,6.58,10.84,,,
stress-ng --cpu 2 --cpu-load 10 --quiet --timeout 60s,5,4/24/2026,3:27:01,5.22,6.58,10.92,,,
stress-ng --cpu 2 --cpu-load 10 --quiet --timeout 60s,5,4/24/2026,3:27:02,6.43,6.58,12.02,,,
stress-ng --cpu 2 --cpu-load 10 --quiet --timeout 60s,5,4/24/2026,3:27:03,5.88,6.58,12.02,,,
stress-ng --cpu 2 --cpu-load 10 --quiet --timeout 60s,5,4/24/2026,3:27:04,6.65,6.58,10.55,,,
stress-ng --cpu 2 --cpu-load 10 --quiet --timeout 60s,5,4/24/2026,3:27:05,7.84,6.58,10.87,,,
stress-ng --cpu 2 --cpu-load 10 --quiet --timeout 60s,5,4/24/2026,3:27:06,5.17,6.58,10.87,,,
stress-ng --cpu 2 --cpu-load 10 --quiet --timeout 60s,5,4/24/2026,3:27:07,4.95,6.58,10.51,,,
stress-ng --cpu 2 --cpu-load 10 --quiet --timeout 60s,5,4/24/2026,3:27:08,5.675,6.58,12.21,,,
stress-ng --cpu 2 --cpu-load 10 --quiet --timeout 60s,5,4/24/2026,3:27:09,6.4,6.58,12.21,,,
stress-ng --cpu 2 --cpu-load 10 --quiet --timeout 60s,5,4/24/2026,3:27:10,7.67,6.58,10.8,,,
stress-ng --cpu 2 --cpu-load 10 --quiet --timeout 60s,5,4/24/2026,3:27:11,4.2,6.58,11.62,,,
stress-ng --cpu 2 --cpu-load 10 --quiet --timeout 60s,5,4/24/2026,4:30:13,1.22,6.97,9.27,,,
stress-ng --cpu 2 --cpu-load 10 --quiet --timeout 60s,5,4/24/2026,4:30:14,7.14,6.98,10.15,,,
stress-ng --cpu 2 --cpu-load 10 --quiet --timeout 60s,5,4/24/2026,4:30:15,7.1,6.98,10.15,,,
stress-ng --cpu 2 --cpu-load 10 --quiet --timeout 60s,5,4/24/2026,4:30:16,5.59,6.98,10.15,,,
stress-ng --cpu 2 --cpu-load 10 --quiet --timeout 60s,5,4/24/2026,4:30:17,6.37,6.98,11.33,,,
stress-ng --cpu 2 --cpu-load 10 --quiet --timeout 60s,5,4/24/2026,4:30:18,6.17,6.98,11.34,,,
stress-ng --cpu 2 --cpu-load 10 --quiet --timeout 60s,5,4/24/2026,4:30:19,6.21,6.99,11.34,,,
stress-ng --cpu 2 --cpu-load 10 --quiet --timeout 60s,5,4/24/2026,4:30:20,5.69,6.99,11.16,,,
stress-ng --cpu 2 --cpu-load 10 --quiet --timeout 60s,5,4/24/2026,4:30:21,6.86,6.99,11.11,,,
stress-ng --cpu 2 --cpu-load 10 --quiet --timeout 60s,5,4/24/2026,4:30:22,5.88,6.99,10.97,,,
stress-ng --cpu 2 --cpu-load 10 --quiet --timeout 60s,5,4/24/2026,4:30:23,6.15,6.99,10.86,,,
stress-ng --cpu 2 --cpu-load 10 --quiet --timeout 60s,5,4/24/2026,4:30:24,6.37,6.99,10.86,,,
stress-ng --cpu 2 --cpu-load 10 --quiet --timeout 60s,5,4/24/2026,4:30:25,5.92,6.99,11.21,,,
stress-ng --cpu 2 --cpu-load 10 --quiet --timeout 60s,5,4/24/2026,4:30:26,5.45,6.99,11.01,,,
stress-ng --cpu 2 --cpu-load 10 --quiet --timeout 60s,5,4/24/2026,4:30:27,6.17,6.99,11.01,,,
stress-ng --cpu 2 --cpu-load 10 --quiet --timeout 60s,5,4/24/2026,4:30:28,4.45,6.99,11.1,,,
stress-ng --cpu 2 --cpu-load 10 --quiet --timeout 60s,5,4/24/2026,4:30:29,6.41,6.99,10.95,,,
stress-ng --cpu 2 --cpu-load 10 --quiet --timeout 60s,5,4/24/2026,4:30:30,6.46,6.99,10.95,,,
stress-ng --cpu 2 --cpu-load 10 --quiet --timeout 60s,5,4/24/2026,4:30:31,6.46,6.99,11.45,,,
stress-ng --cpu 2 --cpu-load 10 --quiet --timeout 60s,5,4/24/2026,4:30:32,4.98,6.99,10.61,,,
stress-ng --cpu 2 --cpu-load 10 --quiet --timeout 60s,5,4/24/2026,4:30:33,4.46,6.99,10.61,,,
stress-ng --cpu 2 --cpu-load 10 --quiet --timeout 60s,5,4/24/2026,4:30:34,7.14,6.99,11.19,,,
stress-ng --cpu 2 --cpu-load 10 --quiet --timeout 60s,5,4/24/2026,4:30:35,5.88,6.99,10.78,,,
stress-ng --cpu 2 --cpu-load 10 --quiet --timeout 60s,5,4/24/2026,4:30:36,6.63,6.99,10.78,,,
stress-ng --cpu 2 --cpu-load 10 --quiet --timeout 60s,5,4/24/2026,4:30:37,6.68,6.99,11.33,,,
stress-ng --cpu 2 --cpu-load 10 --quiet --timeout 60s,5,4/24/2026,4:30:38,4.2,6.99,11.22,,,
stress-ng --cpu 2 --cpu-load 10 --quiet --timeout 60s,5,4/24/2026,4:30:39,5.94,6.99,11.22,,,
stress-ng --cpu 2 --cpu-load 10 --quiet --timeout 60s,5,4/24/2026,4:30:40,8.1,6.99,11.31,,,
stress-ng --cpu 2 --cpu-load 10 --quiet --timeout 60s,5,4/24/2026,4:30:41,5.73,6.99,11.36,,,
stress-ng --cpu 2 --cpu-load 10 --quiet --timeout 60s,5,4/24/2026,4:30:42,4.93,7,11.36,,,
stress-ng --cpu 2 --cpu-load 10 --quiet --timeout 60s,5,4/24/2026,4:30:43,6.4,7,11.1,,,
stress-ng --cpu 2 --cpu-load 10 --quiet --timeout 60s,5,4/24/2026,4:30:44,5.21,7,10.42,,,
stress-ng --cpu 2 --cpu-load 10 --quiet --timeout 60s,5,4/24/2026,4:30:45,6.63,7,10.42,,,
stress-ng --cpu 2 --cpu-load 10 --quiet --timeout 60s,5,4/24/2026,4:30:46,5.98,7,11.55,,,
stress-ng --cpu 2 --cpu-load 10 --quiet --timeout 60s,5,4/24/2026,4:30:47,5.97,7,11.02,,,
stress-ng --cpu 2 --cpu-load 10 --quiet --timeout 60s,5,4/24/2026,4:30:48,5.41,7,11.02,,,
stress-ng --cpu 2 --cpu-load 10 --quiet --timeout 60s,5,4/24/2026,4:30:49,6.65,7,10.77,,,
stress-ng --cpu 2 --cpu-load 10 --quiet --timeout 60s,5,4/24/2026,4:30:50,5.69,7,10.99,,,
stress-ng --cpu 2 --cpu-load 10 --quiet --timeout 60s,5,4/24/2026,4:30:51,5.88,7,10.99,,,
stress-ng --cpu 2 --cpu-load 10 --quiet --timeout 60s,5,4/24/2026,4:30:52,6.41,7,10.98,,,
stress-ng --cpu 2 --cpu-load 10 --quiet --timeout 60s,5,4/24/2026,4:30:53,5.7,7,11.31,,,
stress-ng --cpu 2 --cpu-load 10 --quiet --timeout 60s,5,4/24/2026,4:30:54,5.72,7,11.31,,,
stress-ng --cpu 2 --cpu-load 10 --quiet --timeout 60s,5,4/24/2026,4:30:55,5.7,7,10.92,,,
stress-ng --cpu 2 --cpu-load 10 --quiet --timeout 60s,5,4/24/2026,4:30:56,5.23,7.01,11.07,,,
stress-ng --cpu 2 --cpu-load 10 --quiet --timeout 60s,5,4/24/2026,4:30:57,5.47,7.01,11.07,,,
stress-ng --cpu 2 --cpu-load 10 --quiet --timeout 60s,5,4/24/2026,4:30:58,6.45,7.01,10.75,,,
stress-ng --cpu 2 --cpu-load 10 --quiet --timeout 60s,5,4/24/2026,4:30:59,5.7,7.01,10.94,,,
stress-ng --cpu 2 --cpu-load 10 --quiet --timeout 60s,5,4/24/2026,4:31:00,5.67,7,10.94,,,
stress-ng --cpu 2 --cpu-load 10 --quiet --timeout 60s,5,4/24/2026,4:31:01,6.86,7,11.14,,,
stress-ng --cpu 2 --cpu-load 10 --quiet --timeout 60s,5,4/24/2026,4:31:02,5.88,7,11.05,,,
stress-ng --cpu 2 --cpu-load 10 --quiet --timeout 60s,5,4/24/2026,4:31:03,7.14,7,11.05,,,
stress-ng --cpu 2 --cpu-load 10 --quiet --timeout 60s,5,4/24/2026,4:31:04,4.7,7,11.22,,,
stress-ng --cpu 2 --cpu-load 10 --quiet --timeout 60s,5,4/24/2026,4:31:05,5.72,7,11.85,,,
stress-ng --cpu 2 --cpu-load 10 --quiet --timeout 60s,5,4/24/2026,4:31:06,6.37,7,11.85,,,
stress-ng --cpu 2 --cpu-load 10 --quiet --timeout 60s,5,4/24/2026,4:31:07,7.67,7,11.2,,,
stress-ng --cpu 2 --cpu-load 10 --quiet --timeout 60s,5,4/24/2026,4:31:08,5.18,7,10.93,,,
stress-ng --cpu 2 --cpu-load 10 --quiet --timeout 60s,5,4/24/2026,4:31:09,6.43,7,10.93,,,
stress-ng --cpu 2 --cpu-load 10 --quiet --timeout 60s,5,4/24/2026,4:31:10,5.7,7,10.87,,,
stress-ng --cpu 2 --cpu-load 10 --quiet --timeout 60s,5,4/24/2026,4:31:11,5.95,7,10.82,,,
stress-ng --cpu 2 --cpu-load 10 --quiet --timeout 60s,5,4/24/2026,4:31:12,6.2,7,10.82,,,
stress-ng --cpu 2 --cpu-load 10 --quiet --timeout 60s,5,4/24/2026,4:31:13,4.93,7,10.92,,,
stress-ng --cpu 2 --cpu-load 10 --quiet --timeout 60s,5,4/24/2026,16:04:42,1.47,7.53,9.21,,,
stress-ng --cpu 2 --cpu-load 10 --quiet --timeout 60s,5,4/24/2026,16:04:43,5.69,7.56,10.12,,,
stress-ng --cpu 2 --cpu-load 10 --quiet --timeout 60s,5,4/24/2026,16:04:44,7.17,7.56,11.8,,,
stress-ng --cpu 2 --cpu-load 10 --quiet --timeout 60s,5,4/24/2026,16:04:45,6.18,7.56,11.8,,,
stress-ng --cpu 2 --cpu-load 10 --quiet --timeout 60s,5,4/24/2026,16:04:46,5.37,7.56,10.81,,,
stress-ng --cpu 2 --cpu-load 10 --quiet --timeout 60s,5,4/24/2026,16:04:47,5.92,7.57,10.95,,,
stress-ng --cpu 2 --cpu-load 10 --quiet --timeout 60s,5,4/24/2026,16:04:48,6.61,7.57,10.95,,,
stress-ng --cpu 2 --cpu-load 10 --quiet --timeout 60s,5,4/24/2026,16:04:49,6.15,7.57,11.16,,,
stress-ng --cpu 2 --cpu-load 10 --quiet --timeout 60s,5,4/24/2026,16:04:50,4.95,7.57,10.56,,,
stress-ng --cpu 2 --cpu-load 10 --quiet --timeout 60s,5,4/24/2026,16:04:51,6.37,7.57,10.56,,,
stress-ng --cpu 2 --cpu-load 10 --quiet --timeout 60s,5,4/24/2026,16:04:52,5.89,7.57,11.05,,,
stress-ng --cpu 2 --cpu-load 10 --quiet --timeout 60s,5,4/24/2026,16:04:53,5.91,7.57,10.77,,,
stress-ng --cpu 2 --cpu-load 10 --quiet --timeout 60s,5,4/24/2026,16:04:54,6.61,7.57,10.77,,,
stress-ng --cpu 2 --cpu-load 10 --quiet --timeout 60s,5,4/24/2026,16:04:55,6.96,7.57,11.74,,,
stress-ng --cpu 2 --cpu-load 10 --quiet --timeout 60s,5,4/24/2026,16:04:56,3.96,7.57,10.69,,,
stress-ng --cpu 2 --cpu-load 10 --quiet --timeout 60s,5,4/24/2026,16:04:57,6.46,7.57,10.69,,,
stress-ng --cpu 2 --cpu-load 10 --quiet --timeout 60s,5,4/24/2026,16:04:58,6.23,7.57,10.96,,,
stress-ng --cpu 2 --cpu-load 10 --quiet --timeout 60s,5,4/24/2026,16:04:59,5.92,7.57,11.18,,,
stress-ng --cpu 2 --cpu-load 10 --quiet --timeout 60s,5,4/24/2026,16:05:00,6.38,7.57,11.18,,,
stress-ng --cpu 2 --cpu-load 10 --quiet --timeout 60s,5,4/24/2026,16:05:01,5.98,7.57,10.88,,,
stress-ng --cpu 2 --cpu-load 10 --quiet --timeout 60s,5,4/24/2026,16:05:02,4.69,7.57,11.04,,,
stress-ng --cpu 2 --cpu-load 10 --quiet --timeout 60s,5,4/24/2026,16:05:03,5.92,7.57,11.04,,,
stress-ng --cpu 2 --cpu-load 10 --quiet --timeout 60s,5,4/24/2026,16:05:04,6.2,7.57,10.79,,,
stress-ng --cpu 2 --cpu-load 10 --quiet --timeout 60s,5,4/24/2026,16:05:05,6.73,7.57,10.98,,,
stress-ng --cpu 2 --cpu-load 10 --quiet --timeout 60s,5,4/24/2026,16:05:06,5.45,7.57,10.98,,,
stress-ng --cpu 2 --cpu-load 10 --quiet --timeout 60s,5,4/24/2026,16:05:07,6.41,7.57,11.27,,,
stress-ng --cpu 2 --cpu-load 10 --quiet --timeout 60s,5,4/24/2026,16:05:08,5.73,7.57,10.89,,,
stress-ng --cpu 2 --cpu-load 10 --quiet --timeout 60s,5,4/24/2026,16:05:09,6.15,7.57,10.89,,,
stress-ng --cpu 2 --cpu-load 10 --quiet --timeout 60s,5,4/24/2026,16:05:10,5.94,7.57,11.12,,,
stress-ng --cpu 2 --cpu-load 10 --quiet --timeout 60s,5,4/24/2026,16:05:11,7.12,7.57,10.74,,,
stress-ng --cpu 2 --cpu-load 10 --quiet --timeout 60s,5,4/24/2026,16:05:12,5.7,7.57,10.74,,,
stress-ng --cpu 2 --cpu-load 10 --quiet --timeout 60s,5,4/24/2026,16:05:13,6.17,7.57,11.35,,,
stress-ng --cpu 2 --cpu-load 10 --quiet --timeout 60s,5,4/24/2026,16:05:14,6.14,7.57,11.59,,,
stress-ng --cpu 2 --cpu-load 10 --quiet --timeout 60s,5,4/24/2026,16:05:15,6.66,7.57,11.59,,,
stress-ng --cpu 2 --cpu-load 10 --quiet --timeout 60s,5,4/24/2026,16:05:16,6.58,7.57,10.97,,,
stress-ng --cpu 2 --cpu-load 10 --quiet --timeout 60s,5,4/24/2026,16:05:17,6.14,7.57,10.85,,,
stress-ng --cpu 2 --cpu-load 10 --quiet --timeout 60s,5,4/24/2026,16:05:18,6.63,7.57,10.85,,,
stress-ng --cpu 2 --cpu-load 10 --quiet --timeout 60s,5,4/24/2026,16:05:19,5.94,7.57,10.35,,,
stress-ng --cpu 2 --cpu-load 10 --quiet --timeout 60s,5,4/24/2026,16:05:20,5.45,7.57,10.86,,,
stress-ng --cpu 2 --cpu-load 10 --quiet --timeout 60s,5,4/24/2026,16:05:21,4.93,7.57,10.86,,,
stress-ng --cpu 2 --cpu-load 10 --quiet --timeout 60s,5,4/24/2026,16:05:22,6.38,7.57,11.1,,,
stress-ng --cpu 2 --cpu-load 10 --quiet --timeout 60s,5,4/24/2026,16:05:23,5.88,7.57,10.83,,,
stress-ng --cpu 2 --cpu-load 10 --quiet --timeout 60s,5,4/24/2026,16:05:24,6.66,7.57,10.83,,,
stress-ng --cpu 2 --cpu-load 10 --quiet --timeout 60s,5,4/24/2026,16:05:25,5.44,7.57,11.09,,,
stress-ng --cpu 2 --cpu-load 10 --quiet --timeout 60s,5,4/24/2026,16:05:26,5.88,7.57,11.14,,,
stress-ng --cpu 2 --cpu-load 10 --quiet --timeout 60s,5,4/24/2026,16:05:27,6.15,7.57,11.14,,,
stress-ng --cpu 2 --cpu-load 10 --quiet --timeout 60s,5,4/24/2026,16:05:28,5.69,7.57,11.43,,,
stress-ng --cpu 2 --cpu-load 10 --quiet --timeout 60s,5,4/24/2026,16:05:29,6.43,7.57,10.9,,,
stress-ng --cpu 2 --cpu-load 10 --quiet --timeout 60s,5,4/24/2026,16:05:30,5.91,7.57,10.9,,,
stress-ng --cpu 2 --cpu-load 10 --quiet --timeout 60s,5,4/24/2026,16:05:31,6.64,7.57,10.39,,,
stress-ng --cpu 2 --cpu-load 10 --quiet --timeout 60s,5,4/24/2026,16:05:32,7.37,7.57,10.7,,,
stress-ng --cpu 2 --cpu-load 10 --quiet --timeout 60s,5,4/24/2026,16:05:33,5.88,7.57,10.7,,,
stress-ng --cpu 2 --cpu-load 10 --quiet --timeout 60s,5,4/24/2026,16:05:34,5.39,7.57,11.25,,,
stress-ng --cpu 2 --cpu-load 10 --quiet --timeout 60s,5,4/24/2026,16:05:35,6.37,7.57,11.51,,,
stress-ng --cpu 2 --cpu-load 10 --quiet --timeout 60s,5,4/24/2026,16:05:36,5.6,7.57,11.51,,,
stress-ng --cpu 2 --cpu-load 10 --quiet --timeout 60s,5,4/24/2026,16:05:37,6.63,7.57,11.27,,,
stress-ng --cpu 2 --cpu-load 10 --quiet --timeout 60s,5,4/24/2026,16:05:38,5.89,7.56,11.24,,,
stress-ng --cpu 2 --cpu-load 10 --quiet --timeout 60s,5,4/24/2026,16:05:39,7.07,7.56,11.24,,,
stress-ng --cpu 2 --cpu-load 10 --quiet --timeout 60s,5,4/24/2026,16:05:40,7.67,7.56,10.54,,,
stress-ng --cpu 2 --cpu-load 10 --quiet --timeout 60s,5,4/24/2026,16:05:41,4.47,7.56,10.57,,,
stress-ng --cpu 2 --cpu-load 10 --quiet --timeout 60s,5,4/24/2026,16:05:42,7.17,7.56,10.57,,,
stress-ng --cpu 2 --cpu-load 12 --quiet --timeout 60s,6,4/24/2026,4:08:12,0.98,6.58,10.09,,,
stress-ng --cpu 2 --cpu-load 12 --quiet --timeout 60s,6,4/24/2026,4:08:13,10.31,6.59,10.09,,,
stress-ng --cpu 2 --cpu-load 12 --quiet --timeout 60s,6,4/24/2026,4:08:14,6.2,6.59,11.48,,,
stress-ng --cpu 2 --cpu-load 12 --quiet --timeout 60s,6,4/24/2026,4:08:15,6.41,6.59,11.48,,,
stress-ng --cpu 2 --cpu-load 12 --quiet --timeout 60s,6,4/24/2026,4:08:16,6.96,6.59,11.48,,,
stress-ng --cpu 2 --cpu-load 12 --quiet --timeout 60s,6,4/24/2026,4:08:17,7.21,6.59,11.65,,,
stress-ng --cpu 2 --cpu-load 12 --quiet --timeout 60s,6,4/24/2026,4:08:18,6.17,6.59,11.05,,,
stress-ng --cpu 2 --cpu-load 12 --quiet --timeout 60s,6,4/24/2026,4:08:19,6.38,6.59,11.05,,,
stress-ng --cpu 2 --cpu-load 12 --quiet --timeout 60s,6,4/24/2026,4:08:20,7.35,6.59,11.61,,,
stress-ng --cpu 2 --cpu-load 12 --quiet --timeout 60s,6,4/24/2026,4:08:21,8.57,6.59,11.32,,,
stress-ng --cpu 2 --cpu-load 12 --quiet --timeout 60s,6,4/24/2026,4:08:22,6.46,6.6,11.32,,,
stress-ng --cpu 2 --cpu-load 12 --quiet --timeout 60s,6,4/24/2026,4:08:23,6.2,6.6,11.37,,,
stress-ng --cpu 2 --cpu-load 12 --quiet --timeout 60s,6,4/24/2026,4:08:24,8.57,6.6,11.25,,,
stress-ng --cpu 2 --cpu-load 12 --quiet --timeout 60s,6,4/24/2026,4:08:25,5.92,6.6,11.25,,,
stress-ng --cpu 2 --cpu-load 12 --quiet --timeout 60s,6,4/24/2026,4:08:26,8.14,6.6,11.4,,,
stress-ng --cpu 2 --cpu-load 12 --quiet --timeout 60s,6,4/24/2026,4:08:27,5.97,6.6,11.07,,,
stress-ng --cpu 2 --cpu-load 12 --quiet --timeout 60s,6,4/24/2026,4:08:28,6.66,6.6,11.07,,,
stress-ng --cpu 2 --cpu-load 12 --quiet --timeout 60s,6,4/24/2026,4:08:29,7.88,6.6,11.69,,,
stress-ng --cpu 2 --cpu-load 12 --quiet --timeout 60s,6,4/24/2026,4:08:30,6.4,6.6,12.36,,,
stress-ng --cpu 2 --cpu-load 12 --quiet --timeout 60s,6,4/24/2026,4:08:31,7.35,6.6,12.36,,,
stress-ng --cpu 2 --cpu-load 12 --quiet --timeout 60s,6,4/24/2026,4:08:32,8.1,6.6,10.97,,,
stress-ng --cpu 2 --cpu-load 12 --quiet --timeout 60s,6,4/24/2026,4:08:33,6.96,6.6,11.37,,,
stress-ng --cpu 2 --cpu-load 12 --quiet --timeout 60s,6,4/24/2026,4:08:34,6.18,6.6,11.37,,,
stress-ng --cpu 2 --cpu-load 12 --quiet --timeout 60s,6,4/24/2026,4:08:35,7.21,6.6,11.37,,,
stress-ng --cpu 2 --cpu-load 12 --quiet --timeout 60s,6,4/24/2026,4:08:36,6.18,6.6,11.53,,,
stress-ng --cpu 2 --cpu-load 12 --quiet --timeout 60s,6,4/24/2026,4:08:37,7.44,6.6,11.53,,,
stress-ng --cpu 2 --cpu-load 12 --quiet --timeout 60s,6,4/24/2026,4:08:38,6.65,6.6,11.46,,,
stress-ng --cpu 2 --cpu-load 12 --quiet --timeout 60s,6,4/24/2026,4:08:39,8.35,6.6,11.36,,,
stress-ng --cpu 2 --cpu-load 12 --quiet --timeout 60s,6,4/24/2026,4:08:40,6.2,6.6,11.36,,,
stress-ng --cpu 2 --cpu-load 12 --quiet --timeout 60s,6,4/24/2026,4:08:41,7.38,6.6,11.39,,,
stress-ng --cpu 2 --cpu-load 12 --quiet --timeout 60s,6,4/24/2026,4:08:42,6.48,6.6,10.98,,,
stress-ng --cpu 2 --cpu-load 12 --quiet --timeout 60s,6,4/24/2026,4:08:43,6.96,6.6,10.98,,,
stress-ng --cpu 2 --cpu-load 12 --quiet --timeout 60s,6,4/24/2026,4:08:44,6.69,6.6,11.47,,,
stress-ng --cpu 2 --cpu-load 12 --quiet --timeout 60s,6,4/24/2026,4:08:45,7.16,6.6,11.41,,,
stress-ng --cpu 2 --cpu-load 12 --quiet --timeout 60s,6,4/24/2026,4:08:46,7.69,6.6,11.6,,,
stress-ng --cpu 2 --cpu-load 12 --quiet --timeout 60s,6,4/24/2026,4:08:47,6.43,6.6,11.63,,,
stress-ng --cpu 2 --cpu-load 12 --quiet --timeout 60s,6,4/24/2026,4:08:48,7.14,6.6,11.63,,,
stress-ng --cpu 2 --cpu-load 12 --quiet --timeout 60s,6,4/24/2026,4:08:49,6.785,6.6,11.23,,,
stress-ng --cpu 2 --cpu-load 12 --quiet --timeout 60s,6,4/24/2026,4:08:50,6.43,6.6,10.98,,,
stress-ng --cpu 2 --cpu-load 12 --quiet --timeout 60s,6,4/24/2026,4:08:51,7.67,6.6,10.98,,,
stress-ng --cpu 2 --cpu-load 12 --quiet --timeout 60s,6,4/24/2026,4:08:52,7.17,6.6,11.22,,,
stress-ng --cpu 2 --cpu-load 12 --quiet --timeout 60s,6,4/24/2026,4:08:53,5.91,6.6,11.01,,,
stress-ng --cpu 2 --cpu-load 12 --quiet --timeout 60s,6,4/24/2026,4:08:54,6.37,6.6,11.01,,,
stress-ng --cpu 2 --cpu-load 12 --quiet --timeout 60s,6,4/24/2026,4:08:55,7.9,6.6,11.3,,,
stress-ng --cpu 2 --cpu-load 12 --quiet --timeout 60s,6,4/24/2026,4:08:56,6.2,6.6,10.88,,,
stress-ng --cpu 2 --cpu-load 12 --quiet --timeout 60s,6,4/24/2026,4:08:57,8.14,6.6,10.88,,,
stress-ng --cpu 2 --cpu-load 12 --quiet --timeout 60s,6,4/24/2026,4:08:58,6.46,6.6,10.99,,,
stress-ng --cpu 2 --cpu-load 12 --quiet --timeout 60s,6,4/24/2026,4:08:59,6.41,6.6,11.49,,,
stress-ng --cpu 2 --cpu-load 12 --quiet --timeout 60s,6,4/24/2026,4:09:00,7.37,6.6,11.49,,,
stress-ng --cpu 2 --cpu-load 12 --quiet --timeout 60s,6,4/24/2026,4:09:01,7.4,6.6,11.2,,,
stress-ng --cpu 2 --cpu-load 12 --quiet --timeout 60s,6,4/24/2026,4:09:02,6.14,6.6,11.41,,,
stress-ng --cpu 2 --cpu-load 12 --quiet --timeout 60s,6,4/24/2026,4:09:03,8.12,6.6,11.41,,,
stress-ng --cpu 2 --cpu-load 12 --quiet --timeout 60s,6,4/24/2026,4:09:04,6.41,6.6,11.5,,,
stress-ng --cpu 2 --cpu-load 12 --quiet --timeout 60s,6,4/24/2026,4:09:05,8.12,6.6,11.01,,,
stress-ng --cpu 2 --cpu-load 12 --quiet --timeout 60s,6,4/24/2026,4:09:06,6.2,6.6,11.01,,,
stress-ng --cpu 2 --cpu-load 12 --quiet --timeout 60s,6,4/24/2026,4:09:07,7.37,6.6,11.21,,,
stress-ng --cpu 2 --cpu-load 12 --quiet --timeout 60s,6,4/24/2026,4:09:08,6.2,6.6,11.34,,,
stress-ng --cpu 2 --cpu-load 12 --quiet --timeout 60s,6,4/24/2026,4:09:09,7.37,6.6,11.34,,,
stress-ng --cpu 2 --cpu-load 12 --quiet --timeout 60s,6,4/24/2026,4:09:10,7.17,6.6,11.22,,,
stress-ng --cpu 2 --cpu-load 12 --quiet --timeout 60s,6,4/24/2026,4:09:11,7.69,6.6,11.36,,,
stress-ng --cpu 2 --cpu-load 12 --quiet --timeout 60s,6,4/24/2026,4:09:12,5.21,6.6,11.36,,,
stress-ng --cpu 2 --cpu-load 12 --quiet --timeout 60s,6,4/24/2026,11:12:29,5.69,7.07,9.02,,,
stress-ng --cpu 2 --cpu-load 12 --quiet --timeout 60s,6,4/24/2026,11:12:30,7.94,7.07,10.71,,,
stress-ng --cpu 2 --cpu-load 12 --quiet --timeout 60s,6,4/24/2026,11:12:31,6.18,7.07,10.71,,,
stress-ng --cpu 2 --cpu-load 12 --quiet --timeout 60s,6,4/24/2026,11:12:32,6.61,7.07,10.71,,,
stress-ng --cpu 2 --cpu-load 12 --quiet --timeout 60s,6,4/24/2026,11:12:33,8.22,7.07,11.43,,,
stress-ng --cpu 2 --cpu-load 12 --quiet --timeout 60s,6,4/24/2026,11:12:34,5.92,7.07,10.88,,,
stress-ng --cpu 2 --cpu-load 12 --quiet --timeout 60s,6,4/24/2026,11:12:35,6.15,7.07,10.88,,,
stress-ng --cpu 2 --cpu-load 12 --quiet --timeout 60s,6,4/24/2026,11:12:36,7.82,7.07,11.19,,,
stress-ng --cpu 2 --cpu-load 12 --quiet --timeout 60s,6,4/24/2026,11:12:37,6.61,7.07,11.47,,,
stress-ng --cpu 2 --cpu-load 12 --quiet --timeout 60s,6,4/24/2026,11:12:38,8.84,7.07,11.47,,,
stress-ng --cpu 2 --cpu-load 12 --quiet --timeout 60s,6,4/24/2026,11:12:39,5.7,7.07,11.25,,,
stress-ng --cpu 2 --cpu-load 12 --quiet --timeout 60s,6,4/24/2026,11:12:40,7.61,7.07,11.19,,,
stress-ng --cpu 2 --cpu-load 12 --quiet --timeout 60s,6,4/24/2026,11:12:41,7.42,7.07,11.19,,,
stress-ng --cpu 2 --cpu-load 12 --quiet --timeout 60s,6,4/24/2026,11:12:42,5.94,7.07,11.47,,,
stress-ng --cpu 2 --cpu-load 12 --quiet --timeout 60s,6,4/24/2026,11:12:43,7.14,7.07,11.07,,,
stress-ng --cpu 2 --cpu-load 12 --quiet --timeout 60s,6,4/24/2026,11:12:44,7.16,7.07,11.07,,,
stress-ng --cpu 2 --cpu-load 12 --quiet --timeout 60s,6,4/24/2026,11:12:45,7.12,7.07,11.17,,,
stress-ng --cpu 2 --cpu-load 12 --quiet --timeout 60s,6,4/24/2026,11:12:46,7.16,7.07,11.19,,,
stress-ng --cpu 2 --cpu-load 12 --quiet --timeout 60s,6,4/24/2026,11:12:47,6.25,7.07,11.19,,,
stress-ng --cpu 2 --cpu-load 12 --quiet --timeout 60s,6,4/24/2026,11:12:48,5.94,7.07,11.7,,,
stress-ng --cpu 2 --cpu-load 12 --quiet --timeout 60s,6,4/24/2026,11:12:49,7.65,7.08,11.12,,,
stress-ng --cpu 2 --cpu-load 12 --quiet --timeout 60s,6,4/24/2026,11:12:50,7.69,7.08,11.12,,,
stress-ng --cpu 2 --cpu-load 12 --quiet --timeout 60s,6,4/24/2026,11:12:51,5.21,7.08,11.05,,,
stress-ng --cpu 2 --cpu-load 12 --quiet --timeout 60s,6,4/24/2026,11:12:52,7.59,7.08,11.33,,,
stress-ng --cpu 2 --cpu-load 12 --quiet --timeout 60s,6,4/24/2026,11:12:53,6.68,7.08,11.33,,,
stress-ng --cpu 2 --cpu-load 12 --quiet --timeout 60s,6,4/24/2026,11:12:54,7.07,7.08,11.08,,,
stress-ng --cpu 2 --cpu-load 12 --quiet --timeout 60s,6,4/24/2026,11:12:55,8.1,7.08,11.18,,,
stress-ng --cpu 2 --cpu-load 12 --quiet --timeout 60s,6,4/24/2026,11:12:56,5.92,7.08,11.85,,,
stress-ng --cpu 2 --cpu-load 12 --quiet --timeout 60s,6,4/24/2026,11:12:57,9.09,7.08,11.85,,,
stress-ng --cpu 2 --cpu-load 12 --quiet --timeout 60s,6,4/24/2026,11:12:58,6.41,7.08,11.18,,,
stress-ng --cpu 2 --cpu-load 12 --quiet --timeout 60s,6,4/24/2026,11:12:59,6.66,7.08,11.18,,,
stress-ng --cpu 2 --cpu-load 12 --quiet --timeout 60s,6,4/24/2026,11:13:00,7.38,7.09,11.12,,,
stress-ng --cpu 2 --cpu-load 12 --quiet --timeout 60s,6,4/24/2026,11:13:01,7.46,7.09,11.59,,,
stress-ng --cpu 2 --cpu-load 12 --quiet --timeout 60s,6,4/24/2026,11:13:02,5.19,7.09,11.59,,,
stress-ng --cpu 2 --cpu-load 12 --quiet --timeout 60s,6,4/24/2026,11:13:03,6.665,7.09,11.18,,,
stress-ng --cpu 2 --cpu-load 12 --quiet --timeout 60s,6,4/24/2026,11:13:04,8.14,7.09,10.99,,,
stress-ng --cpu 2 --cpu-load 12 --quiet --timeout 60s,6,4/24/2026,11:13:05,7.42,7.09,10.99,,,
stress-ng --cpu 2 --cpu-load 12 --quiet --timeout 60s,6,4/24/2026,11:13:06,5.98,7.09,11.35,,,
stress-ng --cpu 2 --cpu-load 12 --quiet --timeout 60s,6,4/24/2026,11:13:07,6.63,7.09,11.41,,,
stress-ng --cpu 2 --cpu-load 12 --quiet --timeout 60s,6,4/24/2026,11:13:08,8.14,7.08,11.41,,,
stress-ng --cpu 2 --cpu-load 12 --quiet --timeout 60s,6,4/24/2026,11:13:09,5.69,7.08,11.24,,,
stress-ng --cpu 2 --cpu-load 12 --quiet --timeout 60s,6,4/24/2026,11:13:10,7.16,7.08,11.41,,,
stress-ng --cpu 2 --cpu-load 12 --quiet --timeout 60s,6,4/24/2026,11:13:11,6.66,7.08,11.41,,,
stress-ng --cpu 2 --cpu-load 12 --quiet --timeout 60s,6,4/24/2026,11:13:12,7.19,7.08,11.25,,,
stress-ng --cpu 2 --cpu-load 12 --quiet --timeout 60s,6,4/24/2026,11:13:13,6.86,7.08,12,,,
stress-ng --cpu 2 --cpu-load 12 --quiet --timeout 60s,6,4/24/2026,11:13:14,8.14,7.08,12,,,
stress-ng --cpu 2 --cpu-load 12 --quiet --timeout 60s,6,4/24/2026,11:13:15,6.48,7.08,11.01,,,
stress-ng --cpu 2 --cpu-load 12 --quiet --timeout 60s,6,4/24/2026,11:13:16,6.94,7.08,11.19,,,
stress-ng --cpu 2 --cpu-load 12 --quiet --timeout 60s,6,4/24/2026,11:13:17,6.45,7.08,11.19,,,
stress-ng --cpu 2 --cpu-load 12 --quiet --timeout 60s,6,4/24/2026,11:13:18,7.37,7.07,11.8,,,
stress-ng --cpu 2 --cpu-load 12 --quiet --timeout 60s,6,4/24/2026,11:13:19,6.45,7.07,11.16,,,
stress-ng --cpu 2 --cpu-load 12 --quiet --timeout 60s,6,4/24/2026,11:13:20,6.46,7.07,11.16,,,
stress-ng --cpu 2 --cpu-load 12 --quiet --timeout 60s,6,4/24/2026,11:13:21,7.16,7.07,11.46,,,
stress-ng --cpu 2 --cpu-load 12 --quiet --timeout 60s,6,4/24/2026,11:13:22,7.4,7.07,11.21,,,
stress-ng --cpu 2 --cpu-load 12 --quiet --timeout 60s,6,4/24/2026,11:13:23,6.18,7.07,11.21,,,
stress-ng --cpu 2 --cpu-load 12 --quiet --timeout 60s,6,4/24/2026,11:13:24,7.69,7.07,10.95,,,
stress-ng --cpu 2 --cpu-load 12 --quiet --timeout 60s,6,4/24/2026,11:13:25,5.7,7.07,11.21,,,
stress-ng --cpu 2 --cpu-load 12 --quiet --timeout 60s,6,4/24/2026,11:13:26,7.37,7.07,11.21,,,
stress-ng --cpu 2 --cpu-load 12 --quiet --timeout 60s,6,4/24/2026,11:13:27,6.91,7.07,10.86,,,
stress-ng --cpu 2 --cpu-load 12 --quiet --timeout 60s,6,4/24/2026,11:13:28,7.17,7.07,10.86,,,
stress-ng --cpu 2 --cpu-load 12 --quiet --timeout 60s,6,4/24/2026,11:13:29,6.91,7.06,11.07,,,
stress-ng --cpu 2 --cpu-load 12 --quiet --timeout 60s,6,4/24/2026,14:46:39,1.47,7.52,9.11,,,
stress-ng --cpu 2 --cpu-load 12 --quiet --timeout 60s,6,4/24/2026,14:46:40,8.88,7.55,9.11,,,
stress-ng --cpu 2 --cpu-load 12 --quiet --timeout 60s,6,4/24/2026,14:46:41,7.98,7.55,10.2,,,
stress-ng --cpu 2 --cpu-load 12 --quiet --timeout 60s,6,4/24/2026,14:46:42,5.19,7.55,11.2,,,
stress-ng --cpu 2 --cpu-load 12 --quiet --timeout 60s,6,4/24/2026,14:46:43,7.59,7.55,11.42,,,
stress-ng --cpu 2 --cpu-load 12 --quiet --timeout 60s,6,4/24/2026,14:46:44,6.37,7.55,11.42,,,
stress-ng --cpu 2 --cpu-load 12 --quiet --timeout 60s,6,4/24/2026,14:46:45,7.84,7.55,11.02,,,
stress-ng --cpu 2 --cpu-load 12 --quiet --timeout 60s,6,4/24/2026,14:46:46,6.87,7.55,11.02,,,
stress-ng --cpu 2 --cpu-load 12 --quiet --timeout 60s,6,4/24/2026,14:46:47,7.92,7.55,11.62,,,
stress-ng --cpu 2 --cpu-load 12 --quiet --timeout 60s,6,4/24/2026,14:46:48,6.41,7.55,11.1,,,
stress-ng --cpu 2 --cpu-load 12 --quiet --timeout 60s,6,4/24/2026,14:46:49,6.38,7.55,11.1,,,
stress-ng --cpu 2 --cpu-load 12 --quiet --timeout 60s,6,4/24/2026,14:46:50,8.39,7.55,11.33,,,
stress-ng --cpu 2 --cpu-load 12 --quiet --timeout 60s,6,4/24/2026,14:46:51,7.19,7.55,11,,,
stress-ng --cpu 2 --cpu-load 12 --quiet --timeout 60s,6,4/24/2026,14:46:52,6.43,7.55,11,,,
stress-ng --cpu 2 --cpu-load 12 --quiet --timeout 60s,6,4/24/2026,14:46:53,6.91,7.55,11.37,,,
stress-ng --cpu 2 --cpu-load 12 --quiet --timeout 60s,6,4/24/2026,14:46:54,7.42,7.55,11.06,,,
stress-ng --cpu 2 --cpu-load 12 --quiet --timeout 60s,6,4/24/2026,14:46:55,6.45,7.55,11.06,,,
stress-ng --cpu 2 --cpu-load 12 --quiet --timeout 60s,6,4/24/2026,14:46:56,6.63,7.55,11.45,,,
stress-ng --cpu 2 --cpu-load 12 --quiet --timeout 60s,6,4/24/2026,14:46:57,7.4,7.55,11.08,,,
stress-ng --cpu 2 --cpu-load 12 --quiet --timeout 60s,6,4/24/2026,14:46:58,6.98,7.55,11.08,,,
stress-ng --cpu 2 --cpu-load 12 --quiet --timeout 60s,6,4/24/2026,14:46:59,6.41,7.55,11.29,,,
stress-ng --cpu 2 --cpu-load 12 --quiet --timeout 60s,6,4/24/2026,14:47:00,7.09,7.55,10.86,,,
stress-ng --cpu 2 --cpu-load 12 --quiet --timeout 60s,6,4/24/2026,14:47:01,8.62,7.55,10.86,,,
stress-ng --cpu 2 --cpu-load 12 --quiet --timeout 60s,6,4/24/2026,14:47:02,5.69,7.55,11.51,,,
stress-ng --cpu 2 --cpu-load 12 --quiet --timeout 60s,6,4/24/2026,14:47:03,6.89,7.55,11.46,,,
stress-ng --cpu 2 --cpu-load 12 --quiet --timeout 60s,6,4/24/2026,14:47:04,7.73,7.55,11.46,,,
stress-ng --cpu 2 --cpu-load 12 --quiet --timeout 60s,6,4/24/2026,14:47:05,5.95,7.55,11.61,,,
stress-ng --cpu 2 --cpu-load 12 --quiet --timeout 60s,6,4/24/2026,14:47:06,6.96,7.55,11.34,,,
stress-ng --cpu 2 --cpu-load 12 --quiet --timeout 60s,6,4/24/2026,14:47:07,6.94,7.55,11.34,,,
stress-ng --cpu 2 --cpu-load 12 --quiet --timeout 60s,6,4/24/2026,14:47:08,7.16,7.55,11.63,,,
stress-ng --cpu 2 --cpu-load 12 --quiet --timeout 60s,6,4/24/2026,14:47:09,6.93,7.55,11.2,,,
stress-ng --cpu 2 --cpu-load 12 --quiet --timeout 60s,6,4/24/2026,14:47:10,6.45,7.55,11.2,,,
stress-ng --cpu 2 --cpu-load 12 --quiet --timeout 60s,6,4/24/2026,14:47:11,7.42,7.54,11.44,,,
stress-ng --cpu 2 --cpu-load 12 --quiet --timeout 60s,6,4/24/2026,14:47:12,6.69,7.54,11.22,,,
stress-ng --cpu 2 --cpu-load 12 --quiet --timeout 60s,6,4/24/2026,14:47:13,6.96,7.54,11.63,,,
stress-ng --cpu 2 --cpu-load 12 --quiet --timeout 60s,6,4/24/2026,14:47:14,5.45,7.54,10.83,,,
stress-ng --cpu 2 --cpu-load 12 --quiet --timeout 60s,6,4/24/2026,14:47:15,7.82,7.54,10.83,,,
stress-ng --cpu 2 --cpu-load 12 --quiet --timeout 60s,6,4/24/2026,14:47:16,7.63,7.54,11.92,,,
stress-ng --cpu 2 --cpu-load 12 --quiet --timeout 60s,6,4/24/2026,14:47:17,7.19,7.54,11.1,,,
stress-ng --cpu 2 --cpu-load 12 --quiet --timeout 60s,6,4/24/2026,14:47:18,6.71,7.54,11.1,,,
stress-ng --cpu 2 --cpu-load 12 --quiet --timeout 60s,6,4/24/2026,14:47:19,5.92,7.54,11.26,,,
stress-ng --cpu 2 --cpu-load 12 --quiet --timeout 60s,6,4/24/2026,14:47:20,8.39,7.54,11.39,,,
stress-ng --cpu 2 --cpu-load 12 --quiet --timeout 60s,6,4/24/2026,14:47:21,5.69,7.54,11.39,,,
stress-ng --cpu 2 --cpu-load 12 --quiet --timeout 60s,6,4/24/2026,14:47:22,9.09,7.54,11.13,,,
stress-ng --cpu 2 --cpu-load 12 --quiet --timeout 60s,6,4/24/2026,14:47:23,5.23,7.54,10.97,,,
stress-ng --cpu 2 --cpu-load 12 --quiet --timeout 60s,6,4/24/2026,14:47:24,6.93,7.54,10.97,,,
stress-ng --cpu 2 --cpu-load 12 --quiet --timeout 60s,6,4/24/2026,14:47:25,7.42,7.54,11.42,,,
stress-ng --cpu 2 --cpu-load 12 --quiet --timeout 60s,6,4/24/2026,14:47:26,6.96,7.54,11.21,,,
stress-ng --cpu 2 --cpu-load 12 --quiet --timeout 60s,6,4/24/2026,14:47:27,7.48,7.54,11.21,,,
stress-ng --cpu 2 --cpu-load 12 --quiet --timeout 60s,6,4/24/2026,14:47:28,5.92,7.54,11.1,,,
stress-ng --cpu 2 --cpu-load 12 --quiet --timeout 60s,6,4/24/2026,14:47:29,6.4,7.54,11.41,,,
stress-ng --cpu 2 --cpu-load 12 --quiet --timeout 60s,6,4/24/2026,14:47:30,6.86,7.54,11.41,,,
stress-ng --cpu 2 --cpu-load 12 --quiet --timeout 60s,6,4/24/2026,14:47:31,7.57,7.54,11.09,,,
stress-ng --cpu 2 --cpu-load 12 --quiet --timeout 60s,6,4/24/2026,14:47:32,7.4,7.54,11.54,,,
stress-ng --cpu 2 --cpu-load 12 --quiet --timeout 60s,6,4/24/2026,14:47:33,6.46,7.54,11.54,,,
stress-ng --cpu 2 --cpu-load 12 --quiet --timeout 60s,6,4/24/2026,14:47:34,6.69,7.54,10.79,,,
stress-ng --cpu 2 --cpu-load 12 --quiet --timeout 60s,6,4/24/2026,14:47:35,6.38,7.54,11.79,,,
stress-ng --cpu 2 --cpu-load 12 --quiet --timeout 60s,6,4/24/2026,14:47:36,8.1,7.54,11.79,,,
stress-ng --cpu 2 --cpu-load 12 --quiet --timeout 60s,6,4/24/2026,14:47:37,7.255,7.54,11.39,,,
stress-ng --cpu 2 --cpu-load 12 --quiet --timeout 60s,6,4/24/2026,14:47:38,6.41,7.54,11.72,,,
stress-ng --cpu 2 --cpu-load 12 --quiet --timeout 60s,6,4/24/2026,14:47:39,7.69,7.54,11.72,,,
stress-ng --cpu 2 --cpu-load 14 --quiet --timeout 60s,7,4/24/2026,1:50:07,2.22,6.59,9.15,,,
stress-ng --cpu 2 --cpu-load 14 --quiet --timeout 60s,7,4/24/2026,1:50:08,8.95,6.59,9.39,,,
stress-ng --cpu 2 --cpu-load 14 --quiet --timeout 60s,7,4/24/2026,1:50:09,7.65,6.59,10.01,,,
stress-ng --cpu 2 --cpu-load 14 --quiet --timeout 60s,7,4/24/2026,1:50:10,8.45,6.59,11.82,,,
stress-ng --cpu 2 --cpu-load 14 --quiet --timeout 60s,7,4/24/2026,1:50:11,7.71,6.59,11.82,,,
stress-ng --cpu 2 --cpu-load 14 --quiet --timeout 60s,7,4/24/2026,1:50:12,7.65,6.59,11.76,,,
stress-ng --cpu 2 --cpu-load 14 --quiet --timeout 60s,7,4/24/2026,1:50:13,9.06,6.59,11.76,,,
stress-ng --cpu 2 --cpu-load 14 --quiet --timeout 60s,7,4/24/2026,1:50:14,8.39,6.59,11.66,,,
stress-ng --cpu 2 --cpu-load 14 --quiet --timeout 60s,7,4/24/2026,1:50:15,6.66,6.59,12.09,,,
stress-ng --cpu 2 --cpu-load 14 --quiet --timeout 60s,7,4/24/2026,1:50:16,9.62,6.59,12.09,,,
stress-ng --cpu 2 --cpu-load 14 --quiet --timeout 60s,7,4/24/2026,1:50:17,7.17,6.59,11.33,,,
stress-ng --cpu 2 --cpu-load 14 --quiet --timeout 60s,7,4/24/2026,1:50:18,8.64,6.59,11.48,,,
stress-ng --cpu 2 --cpu-load 14 --quiet --timeout 60s,7,4/24/2026,1:50:19,7.69,6.59,11.48,,,
stress-ng --cpu 2 --cpu-load 14 --quiet --timeout 60s,7,4/24/2026,1:50:20,6.69,6.59,11.58,,,
stress-ng --cpu 2 --cpu-load 14 --quiet --timeout 60s,7,4/24/2026,1:50:21,8.68,6.59,11.71,,,
stress-ng --cpu 2 --cpu-load 14 --quiet --timeout 60s,7,4/24/2026,1:50:22,7.16,6.59,11.71,,,
stress-ng --cpu 2 --cpu-load 14 --quiet --timeout 60s,7,4/24/2026,1:50:23,8.64,6.59,11.35,,,
stress-ng --cpu 2 --cpu-load 14 --quiet --timeout 60s,7,4/24/2026,1:50:24,7.42,6.59,11.61,,,
stress-ng --cpu 2 --cpu-load 14 --quiet --timeout 60s,7,4/24/2026,1:50:25,8.08,6.59,11.61,,,
stress-ng --cpu 2 --cpu-load 14 --quiet --timeout 60s,7,4/24/2026,1:50:26,8.33,6.59,12.15,,,
stress-ng --cpu 2 --cpu-load 14 --quiet --timeout 60s,7,4/24/2026,1:50:27,8.12,6.59,11.37,,,
stress-ng --cpu 2 --cpu-load 14 --quiet --timeout 60s,7,4/24/2026,1:50:28,7.17,6.59,11.37,,,
stress-ng --cpu 2 --cpu-load 14 --quiet --timeout 60s,7,4/24/2026,1:50:29,8.26,6.59,11.48,,,
stress-ng --cpu 2 --cpu-load 14 --quiet --timeout 60s,7,4/24/2026,1:50:30,9.35,6.59,11.57,,,
stress-ng --cpu 2 --cpu-load 14 --quiet --timeout 60s,7,4/24/2026,1:50:31,8.33,6.59,11.57,,,
stress-ng --cpu 2 --cpu-load 14 --quiet --timeout 60s,7,4/24/2026,1:50:32,8.41,6.59,11.27,,,
stress-ng --cpu 2 --cpu-load 14 --quiet --timeout 60s,7,4/24/2026,1:50:33,7.69,6.59,11.28,,,
stress-ng --cpu 2 --cpu-load 14 --quiet --timeout 60s,7,4/24/2026,1:50:34,7.65,6.59,11.28,,,
stress-ng --cpu 2 --cpu-load 14 --quiet --timeout 60s,7,4/24/2026,1:50:35,7.82,6.59,11.61,,,
stress-ng --cpu 2 --cpu-load 14 --quiet --timeout 60s,7,4/24/2026,1:50:36,8.66,6.59,11.83,,,
stress-ng --cpu 2 --cpu-load 14 --quiet --timeout 60s,7,4/24/2026,1:50:37,8.45,6.59,11.83,,,
stress-ng --cpu 2 --cpu-load 14 --quiet --timeout 60s,7,4/24/2026,1:50:38,6.66,6.59,12.47,,,
stress-ng --cpu 2 --cpu-load 14 --quiet --timeout 60s,7,4/24/2026,1:50:39,8.59,6.59,11.78,,,
stress-ng --cpu 2 --cpu-load 14 --quiet --timeout 60s,7,4/24/2026,1:50:40,7.88,6.59,11.78,,,
stress-ng --cpu 2 --cpu-load 14 --quiet --timeout 60s,7,4/24/2026,1:50:41,7.21,6.59,12.21,,,
stress-ng --cpu 2 --cpu-load 14 --quiet --timeout 60s,7,4/24/2026,1:50:42,7.69,6.59,11.34,,,
stress-ng --cpu 2 --cpu-load 14 --quiet --timeout 60s,7,4/24/2026,1:50:43,8.86,6.59,11.34,,,
stress-ng --cpu 2 --cpu-load 14 --quiet --timeout 60s,7,4/24/2026,1:50:44,8.31,6.59,11.72,,,
stress-ng --cpu 2 --cpu-load 14 --quiet --timeout 60s,7,4/24/2026,1:50:45,8.82,6.59,12.08,,,
stress-ng --cpu 2 --cpu-load 14 --quiet --timeout 60s,7,4/24/2026,1:50:46,8.1,6.59,12.08,,,
stress-ng --cpu 2 --cpu-load 14 --quiet --timeout 60s,7,4/24/2026,1:50:47,8.12,6.59,11.47,,,
stress-ng --cpu 2 --cpu-load 14 --quiet --timeout 60s,7,4/24/2026,1:50:48,7.42,6.59,11.56,,,
stress-ng --cpu 2 --cpu-load 14 --quiet --timeout 60s,7,4/24/2026,1:50:49,7.59,6.59,11.56,,,
stress-ng --cpu 2 --cpu-load 14 --quiet --timeout 60s,7,4/24/2026,1:50:50,8.1,6.59,11.85,,,
stress-ng --cpu 2 --cpu-load 14 --quiet --timeout 60s,7,4/24/2026,1:50:51,8.35,6.59,11.22,,,
stress-ng --cpu 2 --cpu-load 14 --quiet --timeout 60s,7,4/24/2026,1:50:52,8.62,6.59,11.22,,,
stress-ng --cpu 2 --cpu-load 14 --quiet --timeout 60s,7,4/24/2026,1:50:53,8.43,6.59,11.76,,,
stress-ng --cpu 2 --cpu-load 14 --quiet --timeout 60s,7,4/24/2026,1:50:54,6.41,6.59,11.14,,,
stress-ng --cpu 2 --cpu-load 14 --quiet --timeout 60s,7,4/24/2026,1:50:55,8.91,6.59,11.14,,,
stress-ng --cpu 2 --cpu-load 14 --quiet --timeout 60s,7,4/24/2026,1:50:56,6.91,6.59,11.94,,,
stress-ng --cpu 2 --cpu-load 14 --quiet --timeout 60s,7,4/24/2026,1:50:57,8.31,6.59,11.22,,,
stress-ng --cpu 2 --cpu-load 14 --quiet --timeout 60s,7,4/24/2026,1:50:58,8.8,6.59,11.22,,,
stress-ng --cpu 2 --cpu-load 14 --quiet --timeout 60s,7,4/24/2026,1:50:59,7.35,6.59,11.71,,,
stress-ng --cpu 2 --cpu-load 14 --quiet --timeout 60s,7,4/24/2026,1:51:00,8.86,6.59,11.84,,,
stress-ng --cpu 2 --cpu-load 14 --quiet --timeout 60s,7,4/24/2026,1:51:01,7.86,6.59,11.84,,,
stress-ng --cpu 2 --cpu-load 14 --quiet --timeout 60s,7,4/24/2026,1:51:02,9.15,6.59,11.95,,,
stress-ng --cpu 2 --cpu-load 14 --quiet --timeout 60s,7,4/24/2026,1:51:03,6.18,6.59,11.42,,,
stress-ng --cpu 2 --cpu-load 14 --quiet --timeout 60s,7,4/24/2026,1:51:04,7.4,6.59,11.42,,,
stress-ng --cpu 2 --cpu-load 14 --quiet --timeout 60s,7,4/24/2026,1:51:05,9.67,6.59,11.91,,,
stress-ng --cpu 2 --cpu-load 14 --quiet --timeout 60s,7,4/24/2026,1:51:06,7.67,6.59,11.89,,,
stress-ng --cpu 2 --cpu-load 14 --quiet --timeout 60s,7,4/24/2026,1:51:07,8.39,6.59,11.89,,,
stress-ng --cpu 2 --cpu-load 14 --quiet --timeout 60s,7,4/24/2026,4:34:13,1.22,6.99,9.3,,,
stress-ng --cpu 2 --cpu-load 14 --quiet --timeout 60s,7,4/24/2026,4:34:14,8.84,7.03,10.68,,,
stress-ng --cpu 2 --cpu-load 14 --quiet --timeout 60s,7,4/24/2026,4:34:15,9.33,7.03,10.68,,,
stress-ng --cpu 2 --cpu-load 14 --quiet --timeout 60s,7,4/24/2026,4:34:16,7.42,7.03,11.98,,,
stress-ng --cpu 2 --cpu-load 14 --quiet --timeout 60s,7,4/24/2026,4:34:17,8.91,7.03,11.24,,,
stress-ng --cpu 2 --cpu-load 14 --quiet --timeout 60s,7,4/24/2026,4:34:18,7.42,7.03,11.24,,,
stress-ng --cpu 2 --cpu-load 14 --quiet --timeout 60s,7,4/24/2026,4:34:19,7.92,7.03,11.26,,,
stress-ng --cpu 2 --cpu-load 14 --quiet --timeout 60s,7,4/24/2026,4:34:20,6.89,7.03,11.67,,,
stress-ng --cpu 2 --cpu-load 14 --quiet --timeout 60s,7,4/24/2026,4:34:21,8.35,7.03,11.67,,,
stress-ng --cpu 2 --cpu-load 14 --quiet --timeout 60s,7,4/24/2026,4:34:22,9.55,7.03,11.71,,,
stress-ng --cpu 2 --cpu-load 14 --quiet --timeout 60s,7,4/24/2026,4:34:23,7.92,7.03,11.28,,,
stress-ng --cpu 2 --cpu-load 14 --quiet --timeout 60s,7,4/24/2026,4:34:24,7.46,7.03,11.28,,,
stress-ng --cpu 2 --cpu-load 14 --quiet --timeout 60s,7,4/24/2026,4:34:25,7.65,7.03,11.73,,,
stress-ng --cpu 2 --cpu-load 14 --quiet --timeout 60s,7,4/24/2026,4:34:26,7.84,7.03,11.23,,,
stress-ng --cpu 2 --cpu-load 14 --quiet --timeout 60s,7,4/24/2026,4:34:27,8.35,7.03,11.23,,,
stress-ng --cpu 2 --cpu-load 14 --quiet --timeout 60s,7,4/24/2026,4:34:28,9.8,7.03,11.6,,,
stress-ng --cpu 2 --cpu-load 14 --quiet --timeout 60s,7,4/24/2026,4:34:29,7.44,7.03,11.22,,,
stress-ng --cpu 2 --cpu-load 14 --quiet --timeout 60s,7,4/24/2026,4:34:30,7.67,7.03,11.22,,,
stress-ng --cpu 2 --cpu-load 14 --quiet --timeout 60s,7,4/24/2026,4:34:31,7.4,7.03,11.99,,,
stress-ng --cpu 2 --cpu-load 14 --quiet --timeout 60s,7,4/24/2026,4:34:32,8.59,7.03,11.06,,,
stress-ng --cpu 2 --cpu-load 14 --quiet --timeout 60s,7,4/24/2026,4:34:33,8.82,7.03,11.06,,,
stress-ng --cpu 2 --cpu-load 14 --quiet --timeout 60s,7,4/24/2026,4:34:34,7.38,7.03,11.4,,,
stress-ng --cpu 2 --cpu-load 14 --quiet --timeout 60s,7,4/24/2026,4:34:35,8.57,7.03,11.7,,,
stress-ng --cpu 2 --cpu-load 14 --quiet --timeout 60s,7,4/24/2026,4:34:36,8.1,7.03,11.7,,,
stress-ng --cpu 2 --cpu-load 14 --quiet --timeout 60s,7,4/24/2026,4:34:37,9.09,7.02,11.76,,,
stress-ng --cpu 2 --cpu-load 14 --quiet --timeout 60s,7,4/24/2026,4:34:38,6.68,7.02,11.35,,,
stress-ng --cpu 2 --cpu-load 14 --quiet --timeout 60s,7,4/24/2026,4:34:39,8.1,7.02,11.35,,,
stress-ng --cpu 2 --cpu-load 14 --quiet --timeout 60s,7,4/24/2026,4:34:40,9.13,7.02,11.76,,,
stress-ng --cpu 2 --cpu-load 14 --quiet --timeout 60s,7,4/24/2026,4:34:41,6.69,7.02,12.1,,,
stress-ng --cpu 2 --cpu-load 14 --quiet --timeout 60s,7,4/24/2026,4:34:42,8.59,7.02,12.1,,,
stress-ng --cpu 2 --cpu-load 14 --quiet --timeout 60s,7,4/24/2026,4:34:43,7.17,7.02,11.49,,,
stress-ng --cpu 2 --cpu-load 14 --quiet --timeout 60s,7,4/24/2026,4:34:44,9.82,7.02,11.91,,,
stress-ng --cpu 2 --cpu-load 14 --quiet --timeout 60s,7,4/24/2026,4:34:45,6.63,7.02,11.91,,,
stress-ng --cpu 2 --cpu-load 14 --quiet --timeout 60s,7,4/24/2026,4:34:46,8.86,7.02,12.5,,,
stress-ng --cpu 2 --cpu-load 14 --quiet --timeout 60s,7,4/24/2026,4:34:47,8.59,7.02,12.03,,,
stress-ng --cpu 2 --cpu-load 14 --quiet --timeout 60s,7,4/24/2026,4:34:48,7.76,7.02,12.03,,,
stress-ng --cpu 2 --cpu-load 14 --quiet --timeout 60s,7,4/24/2026,4:34:49,6.93,7.02,11.42,,,
stress-ng --cpu 2 --cpu-load 14 --quiet --timeout 60s,7,4/24/2026,4:34:50,8.31,7.02,11.8,,,
stress-ng --cpu 2 --cpu-load 14 --quiet --timeout 60s,7,4/24/2026,4:34:51,8.37,7.02,11.8,,,
stress-ng --cpu 2 --cpu-load 14 --quiet --timeout 60s,7,4/24/2026,4:34:52,7.63,7.02,11.62,,,
stress-ng --cpu 2 --cpu-load 14 --quiet --timeout 60s,7,4/24/2026,4:34:53,8.84,7.02,11.51,,,
stress-ng --cpu 2 --cpu-load 14 --quiet --timeout 60s,7,4/24/2026,4:34:54,7.92,7.02,11.51,,,
stress-ng --cpu 2 --cpu-load 14 --quiet --timeout 60s,7,4/24/2026,4:34:55,6.41,7.02,11.34,,,
stress-ng --cpu 2 --cpu-load 14 --quiet --timeout 60s,7,4/24/2026,4:34:56,8.08,7.01,12.26,,,
stress-ng --cpu 2 --cpu-load 14 --quiet --timeout 60s,7,4/24/2026,4:34:57,8.33,7.01,12.26,,,
stress-ng --cpu 2 --cpu-load 14 --quiet --timeout 60s,7,4/24/2026,4:34:58,9.33,7.01,11.88,,,
stress-ng --cpu 2 --cpu-load 14 --quiet --timeout 60s,7,4/24/2026,4:34:59,6.68,7.01,11.47,,,
stress-ng --cpu 2 --cpu-load 14 --quiet --timeout 60s,7,4/24/2026,4:35:00,8.84,7.01,11.47,,,
stress-ng --cpu 2 --cpu-load 14 --quiet --timeout 60s,7,4/24/2026,4:35:01,8.57,7.01,11.5,,,
stress-ng --cpu 2 --cpu-load 14 --quiet --timeout 60s,7,4/24/2026,4:35:02,8.1,7.01,11.95,,,
stress-ng --cpu 2 --cpu-load 14 --quiet --timeout 60s,7,4/24/2026,4:35:03,8.41,7.01,11.95,,,
stress-ng --cpu 2 --cpu-load 14 --quiet --timeout 60s,7,4/24/2026,4:35:04,6.93,7.01,11.26,,,
stress-ng --cpu 2 --cpu-load 14 --quiet --timeout 60s,7,4/24/2026,4:35:05,9.06,7.01,11.65,,,
stress-ng --cpu 2 --cpu-load 14 --quiet --timeout 60s,7,4/24/2026,4:35:06,9.09,7.01,11.65,,,
stress-ng --cpu 2 --cpu-load 14 --quiet --timeout 60s,7,4/24/2026,4:35:07,8,7.01,11.97,,,
stress-ng --cpu 2 --cpu-load 14 --quiet --timeout 60s,7,4/24/2026,4:35:08,7.42,7.01,11.68,,,
stress-ng --cpu 2 --cpu-load 14 --quiet --timeout 60s,7,4/24/2026,4:35:09,8.31,7.01,11.68,,,
stress-ng --cpu 2 --cpu-load 14 --quiet --timeout 60s,7,4/24/2026,4:35:10,8.84,7.01,11.47,,,
stress-ng --cpu 2 --cpu-load 14 --quiet --timeout 60s,7,4/24/2026,4:35:11,7.63,7.01,11.66,,,
stress-ng --cpu 2 --cpu-load 14 --quiet --timeout 60s,7,4/24/2026,4:35:12,7.96,7.01,11.66,,,
stress-ng --cpu 2 --cpu-load 14 --quiet --timeout 60s,7,4/24/2026,4:35:13,9.13,7.01,11.7,,,
stress-ng --cpu 2 --cpu-load 14 --quiet --timeout 60s,7,4/24/2026,14:40:39,9.53,7.54,9.3,,,
stress-ng --cpu 2 --cpu-load 14 --quiet --timeout 60s,7,4/24/2026,14:40:40,8.62,7.54,10.12,,,
stress-ng --cpu 2 --cpu-load 14 --quiet --timeout 60s,7,4/24/2026,14:40:41,8.525,7.54,11.8,,,
stress-ng --cpu 2 --cpu-load 14 --quiet --timeout 60s,7,4/24/2026,14:40:42,8.43,7.54,11.8,,,
stress-ng --cpu 2 --cpu-load 14 --quiet --timeout 60s,7,4/24/2026,14:40:43,8.12,7.54,11.35,,,
stress-ng --cpu 2 --cpu-load 14 --quiet --timeout 60s,7,4/24/2026,14:40:44,6.94,7.54,11.57,,,
stress-ng --cpu 2 --cpu-load 14 --quiet --timeout 60s,7,4/24/2026,14:40:45,8.12,7.54,11.57,,,
stress-ng --cpu 2 --cpu-load 14 --quiet --timeout 60s,7,4/24/2026,14:40:46,7.96,7.55,11.28,,,
stress-ng --cpu 2 --cpu-load 14 --quiet --timeout 60s,7,4/24/2026,14:40:47,6.94,7.55,11.62,,,
stress-ng --cpu 2 --cpu-load 14 --quiet --timeout 60s,7,4/24/2026,14:40:48,9.09,7.55,11.62,,,
stress-ng --cpu 2 --cpu-load 14 --quiet --timeout 60s,7,4/24/2026,14:40:49,7.96,7.55,11.2,,,
stress-ng --cpu 2 --cpu-load 14 --quiet --timeout 60s,7,4/24/2026,14:40:50,6.18,7.55,11.67,,,
stress-ng --cpu 2 --cpu-load 14 --quiet --timeout 60s,7,4/24/2026,14:40:51,7.61,7.55,11.67,,,
stress-ng --cpu 2 --cpu-load 14 --quiet --timeout 60s,7,4/24/2026,14:40:52,8.86,7.55,11.91,,,
stress-ng --cpu 2 --cpu-load 14 --quiet --timeout 60s,7,4/24/2026,14:40:53,7.92,7.55,11.65,,,
stress-ng --cpu 2 --cpu-load 14 --quiet --timeout 60s,7,4/24/2026,14:40:54,8.12,7.55,11.65,,,
stress-ng --cpu 2 --cpu-load 14 --quiet --timeout 60s,7,4/24/2026,14:40:55,7.98,7.55,11.69,,,
stress-ng --cpu 2 --cpu-load 14 --quiet --timeout 60s,7,4/24/2026,14:40:56,6.68,7.55,11.68,,,
stress-ng --cpu 2 --cpu-load 14 --quiet --timeout 60s,7,4/24/2026,14:40:57,8.82,7.55,11.68,,,
stress-ng --cpu 2 --cpu-load 14 --quiet --timeout 60s,7,4/24/2026,14:40:58,7.59,7.54,11.4,,,
stress-ng --cpu 2 --cpu-load 14 --quiet --timeout 60s,7,4/24/2026,14:40:59,8.84,7.54,11.42,,,
stress-ng --cpu 2 --cpu-load 14 --quiet --timeout 60s,7,4/24/2026,14:41:00,8.1,7.54,11.42,,,
stress-ng --cpu 2 --cpu-load 14 --quiet --timeout 60s,7,4/24/2026,14:41:01,8.64,7.54,11.45,,,
stress-ng --cpu 2 --cpu-load 14 --quiet --timeout 60s,7,4/24/2026,14:41:02,6.94,7.54,12.1,,,
stress-ng --cpu 2 --cpu-load 14 --quiet --timeout 60s,7,4/24/2026,14:41:03,9.58,7.54,12.1,,,
stress-ng --cpu 2 --cpu-load 14 --quiet --timeout 60s,7,4/24/2026,14:41:04,6.94,7.54,11.23,,,
stress-ng --cpu 2 --cpu-load 14 --quiet --timeout 60s,7,4/24/2026,14:41:05,7.9,7.54,11.53,,,
stress-ng --cpu 2 --cpu-load 14 --quiet --timeout 60s,7,4/24/2026,14:41:06,8.47,7.54,11.53,,,
stress-ng --cpu 2 --cpu-load 14 --quiet --timeout 60s,7,4/24/2026,14:41:07,7.71,7.54,12.13,,,
stress-ng --cpu 2 --cpu-load 14 --quiet --timeout 60s,7,4/24/2026,14:41:08,7.94,7.54,11.5,,,
stress-ng --cpu 2 --cpu-load 14 --quiet --timeout 60s,7,4/24/2026,14:41:09,7.19,7.54,11.5,,,
stress-ng --cpu 2 --cpu-load 14 --quiet --timeout 60s,7,4/24/2026,14:41:10,9.33,7.54,11.42,,,
stress-ng --cpu 2 --cpu-load 14 --quiet --timeout 60s,7,4/24/2026,14:41:11,7.73,7.54,11.55,,,
stress-ng --cpu 2 --cpu-load 14 --quiet --timeout 60s,7,4/24/2026,14:41:12,8.14,7.54,11.55,,,
stress-ng --cpu 2 --cpu-load 14 --quiet --timeout 60s,7,4/24/2026,14:41:13,6.94,7.54,12.79,,,
stress-ng --cpu 2 --cpu-load 14 --quiet --timeout 60s,7,4/24/2026,14:41:14,8.51,7.54,11.46,,,
stress-ng --cpu 2 --cpu-load 14 --quiet --timeout 60s,7,4/24/2026,14:41:15,8.88,7.54,11.46,,,
stress-ng --cpu 2 --cpu-load 14 --quiet --timeout 60s,7,4/24/2026,14:41:16,6.68,7.54,11.78,,,
stress-ng --cpu 2 --cpu-load 14 --quiet --timeout 60s,7,4/24/2026,14:41:17,8.35,7.54,12.08,,,
stress-ng --cpu 2 --cpu-load 14 --quiet --timeout 60s,7,4/24/2026,14:41:18,8.14,7.54,12.08,,,
stress-ng --cpu 2 --cpu-load 14 --quiet --timeout 60s,7,4/24/2026,14:41:19,8.06,7.54,11.26,,,
stress-ng --cpu 2 --cpu-load 14 --quiet --timeout 60s,7,4/24/2026,14:41:20,7.65,7.54,11.76,,,
stress-ng --cpu 2 --cpu-load 14 --quiet --timeout 60s,7,4/24/2026,14:41:21,9.06,7.54,11.76,,,
stress-ng --cpu 2 --cpu-load 14 --quiet --timeout 60s,7,4/24/2026,14:41:22,8.16,7.54,11.64,,,
stress-ng --cpu 2 --cpu-load 14 --quiet --timeout 60s,7,4/24/2026,14:41:23,6.98,7.54,11.38,,,
stress-ng --cpu 2 --cpu-load 14 --quiet --timeout 60s,7,4/24/2026,14:41:24,7.96,7.54,11.38,,,
stress-ng --cpu 2 --cpu-load 14 --quiet --timeout 60s,7,4/24/2026,14:41:25,7.65,7.54,11.9,,,
stress-ng --cpu 2 --cpu-load 14 --quiet --timeout 60s,7,4/24/2026,14:41:26,8.39,7.54,11.44,,,
stress-ng --cpu 2 --cpu-load 14 --quiet --timeout 60s,7,4/24/2026,14:41:27,7.94,7.54,11.44,,,
stress-ng --cpu 2 --cpu-load 14 --quiet --timeout 60s,7,4/24/2026,14:41:28,6.45,7.54,11.54,,,
stress-ng --cpu 2 --cpu-load 14 --quiet --timeout 60s,7,4/24/2026,14:41:29,8.08,7.54,11.55,,,
stress-ng --cpu 2 --cpu-load 14 --quiet --timeout 60s,7,4/24/2026,14:41:30,9.22,7.54,11.55,,,
stress-ng --cpu 2 --cpu-load 14 --quiet --timeout 60s,7,4/24/2026,14:41:31,6.43,7.54,11.55,,,
stress-ng --cpu 2 --cpu-load 14 --quiet --timeout 60s,7,4/24/2026,14:41:32,8.62,7.54,11.12,,,
stress-ng --cpu 2 --cpu-load 14 --quiet --timeout 60s,7,4/24/2026,14:41:33,7.17,7.54,11.67,,,
stress-ng --cpu 2 --cpu-load 14 --quiet --timeout 60s,7,4/24/2026,14:41:34,8.91,7.54,11.67,,,
stress-ng --cpu 2 --cpu-load 14 --quiet --timeout 60s,7,4/24/2026,14:41:35,7.21,7.54,11.28,,,
stress-ng --cpu 2 --cpu-load 14 --quiet --timeout 60s,7,4/24/2026,14:41:36,7.17,7.54,11.99,,,
stress-ng --cpu 2 --cpu-load 14 --quiet --timeout 60s,7,4/24/2026,14:41:37,8.86,7.54,11.99,,,
stress-ng --cpu 2 --cpu-load 14 --quiet --timeout 60s,7,4/24/2026,14:41:38,7.4,7.54,11.34,,,
stress-ng --cpu 2 --cpu-load 14 --quiet --timeout 60s,7,4/24/2026,14:41:39,4.69,7.52,11.82,,,
stress-ng --cpu 2 --cpu-load 16 --quiet --timeout 60s,8,4/23/2026,20:19:56,7.4,6.58,9,,,
stress-ng --cpu 2 --cpu-load 16 --quiet --timeout 60s,8,4/23/2026,20:19:57,6.94,6.58,9.64,,,
stress-ng --cpu 2 --cpu-load 16 --quiet --timeout 60s,8,4/23/2026,20:19:58,8.95,6.58,9.69,,,
stress-ng --cpu 2 --cpu-load 16 --quiet --timeout 60s,8,4/23/2026,20:19:59,9.33,6.58,12.25,,,
stress-ng --cpu 2 --cpu-load 16 --quiet --timeout 60s,8,4/23/2026,20:20:00,9.32,6.58,12.25,,,
stress-ng --cpu 2 --cpu-load 16 --quiet --timeout 60s,8,4/23/2026,20:20:01,9.31,6.58,12.23,,,
stress-ng --cpu 2 --cpu-load 16 --quiet --timeout 60s,8,4/23/2026,20:20:02,9.13,6.58,12.23,,,
stress-ng --cpu 2 --cpu-load 16 --quiet --timeout 60s,8,4/23/2026,20:20:03,9.2,6.58,12.35,,,
stress-ng --cpu 2 --cpu-load 16 --quiet --timeout 60s,8,4/23/2026,20:20:04,8.14,6.59,12.17,,,
stress-ng --cpu 2 --cpu-load 16 --quiet --timeout 60s,8,4/23/2026,20:20:05,10.12,6.59,12.17,,,
stress-ng --cpu 2 --cpu-load 16 --quiet --timeout 60s,8,4/23/2026,20:20:06,8.47,6.59,12.11,,,
stress-ng --cpu 2 --cpu-load 16 --quiet --timeout 60s,8,4/23/2026,20:20:07,9.18,6.59,11.71,,,
stress-ng --cpu 2 --cpu-load 16 --quiet --timeout 60s,8,4/23/2026,20:20:08,7.96,6.59,11.71,,,
stress-ng --cpu 2 --cpu-load 16 --quiet --timeout 60s,8,4/23/2026,20:20:09,8.91,6.6,12.63,,,
stress-ng --cpu 2 --cpu-load 16 --quiet --timeout 60s,8,4/23/2026,20:20:10,8.62,6.6,11.75,,,
stress-ng --cpu 2 --cpu-load 16 --quiet --timeout 60s,8,4/23/2026,20:20:11,11.05,6.6,11.75,,,
stress-ng --cpu 2 --cpu-load 16 --quiet --timeout 60s,8,4/23/2026,20:20:12,8.47,6.6,11.87,,,
stress-ng --cpu 2 --cpu-load 16 --quiet --timeout 60s,8,4/23/2026,20:20:13,8.45,6.6,11.96,,,
stress-ng --cpu 2 --cpu-load 16 --quiet --timeout 60s,8,4/23/2026,20:20:14,8.95,6.6,11.96,,,
stress-ng --cpu 2 --cpu-load 16 --quiet --timeout 60s,8,4/23/2026,20:20:15,8.64,6.6,12.37,,,
stress-ng --cpu 2 --cpu-load 16 --quiet --timeout 60s,8,4/23/2026,20:20:16,9.62,6.6,11.89,,,
stress-ng --cpu 2 --cpu-load 16 --quiet --timeout 60s,8,4/23/2026,20:20:17,8.16,6.6,11.89,,,
stress-ng --cpu 2 --cpu-load 16 --quiet --timeout 60s,8,4/23/2026,20:20:18,8.86,6.59,11.78,,,
stress-ng --cpu 2 --cpu-load 16 --quiet --timeout 60s,8,4/23/2026,20:20:19,9.2,6.59,12.2,,,
stress-ng --cpu 2 --cpu-load 16 --quiet --timeout 60s,8,4/23/2026,20:20:20,9.4,6.59,12.2,,,
stress-ng --cpu 2 --cpu-load 16 --quiet --timeout 60s,8,4/23/2026,20:20:21,9.11,6.59,11.9,,,
stress-ng --cpu 2 --cpu-load 16 --quiet --timeout 60s,8,4/23/2026,20:20:22,7.92,6.59,11.9,,,
stress-ng --cpu 2 --cpu-load 16 --quiet --timeout 60s,8,4/23/2026,20:20:23,8.84,6.59,11.9,,,
stress-ng --cpu 2 --cpu-load 16 --quiet --timeout 60s,8,4/23/2026,20:20:24,9.48,6.59,11.98,,,
stress-ng --cpu 2 --cpu-load 16 --quiet --timeout 60s,8,4/23/2026,20:20:25,9.62,6.59,11.85,,,
stress-ng --cpu 2 --cpu-load 16 --quiet --timeout 60s,8,4/23/2026,20:20:26,7.92,6.59,11.85,,,
stress-ng --cpu 2 --cpu-load 16 --quiet --timeout 60s,8,4/23/2026,20:20:27,9.92,6.59,11.77,,,
stress-ng --cpu 2 --cpu-load 16 --quiet --timeout 60s,8,4/23/2026,20:20:28,8.75,6.59,11.9,,,
stress-ng --cpu 2 --cpu-load 16 --quiet --timeout 60s,8,4/23/2026,20:20:29,8.68,6.59,11.9,,,
stress-ng --cpu 2 --cpu-load 16 --quiet --timeout 60s,8,4/23/2026,20:20:30,8.47,6.59,12.46,,,
stress-ng --cpu 2 --cpu-load 16 --quiet --timeout 60s,8,4/23/2026,20:20:31,8.88,6.59,11.87,,,
stress-ng --cpu 2 --cpu-load 16 --quiet --timeout 60s,8,4/23/2026,20:20:32,8.53,6.59,11.87,,,
stress-ng --cpu 2 --cpu-load 16 --quiet --timeout 60s,8,4/23/2026,20:20:33,9.53,6.6,11.52,,,
stress-ng --cpu 2 --cpu-load 16 --quiet --timeout 60s,8,4/23/2026,20:20:34,10.12,6.6,12.01,,,
stress-ng --cpu 2 --cpu-load 16 --quiet --timeout 60s,8,4/23/2026,20:20:35,8.45,6.6,12.01,,,
stress-ng --cpu 2 --cpu-load 16 --quiet --timeout 60s,8,4/23/2026,20:20:36,8.72,6.6,11.79,,,
stress-ng --cpu 2 --cpu-load 16 --quiet --timeout 60s,8,4/23/2026,20:20:37,8.43,6.6,12.29,,,
stress-ng --cpu 2 --cpu-load 16 --quiet --timeout 60s,8,4/23/2026,20:20:38,8.88,6.6,12.29,,,
stress-ng --cpu 2 --cpu-load 16 --quiet --timeout 60s,8,4/23/2026,20:20:39,8.88,6.6,11.76,,,
stress-ng --cpu 2 --cpu-load 16 --quiet --timeout 60s,8,4/23/2026,20:20:40,8.66,6.6,12.19,,,
stress-ng --cpu 2 --cpu-load 16 --quiet --timeout 60s,8,4/23/2026,20:20:41,11.08,6.6,12.19,,,
stress-ng --cpu 2 --cpu-load 16 --quiet --timeout 60s,8,4/23/2026,20:20:42,6.45,6.6,11.69,,,
stress-ng --cpu 2 --cpu-load 16 --quiet --timeout 60s,8,4/23/2026,20:20:43,10,6.6,11.53,,,
stress-ng --cpu 2 --cpu-load 16 --quiet --timeout 60s,8,4/23/2026,20:20:44,8.84,6.6,11.53,,,
stress-ng --cpu 2 --cpu-load 16 --quiet --timeout 60s,8,4/23/2026,20:20:45,9.62,6.6,12.52,,,
stress-ng --cpu 2 --cpu-load 16 --quiet --timeout 60s,8,4/23/2026,20:20:46,8.43,6.6,11.98,,,
stress-ng --cpu 2 --cpu-load 16 --quiet --timeout 60s,8,4/23/2026,20:20:47,10.69,6.6,11.98,,,
stress-ng --cpu 2 --cpu-load 16 --quiet --timeout 60s,8,4/23/2026,20:20:48,7.21,6.6,11.78,,,
stress-ng --cpu 2 --cpu-load 16 --quiet --timeout 60s,8,4/23/2026,20:20:49,8.86,6.6,12.04,,,
stress-ng --cpu 2 --cpu-load 16 --quiet --timeout 60s,8,4/23/2026,20:20:50,8.84,6.6,12.04,,,
stress-ng --cpu 2 --cpu-load 16 --quiet --timeout 60s,8,4/23/2026,20:20:51,8.82,6.6,12.35,,,
stress-ng --cpu 2 --cpu-load 16 --quiet --timeout 60s,8,4/23/2026,20:20:52,9.38,6.6,12.04,,,
stress-ng --cpu 2 --cpu-load 16 --quiet --timeout 60s,8,4/23/2026,20:20:53,9.4,6.6,12.04,,,
stress-ng --cpu 2 --cpu-load 16 --quiet --timeout 60s,8,4/23/2026,20:20:54,7.94,6.6,11.93,,,
stress-ng --cpu 2 --cpu-load 16 --quiet --timeout 60s,8,4/23/2026,20:20:55,9.26,6.6,12,,,
stress-ng --cpu 2 --cpu-load 16 --quiet --timeout 60s,8,4/23/2026,20:20:56,10.61,6.63,12,,,
stress-ng --cpu 2 --cpu-load 16 --quiet --timeout 60s,8,4/24/2026,12:08:32,9.8,7.06,9.27,,,
stress-ng --cpu 2 --cpu-load 16 --quiet --timeout 60s,8,4/24/2026,12:08:33,7.9,7.06,9.27,,,
stress-ng --cpu 2 --cpu-load 16 --quiet --timeout 60s,8,4/24/2026,12:08:34,9.65,7.06,11.85,,,
stress-ng --cpu 2 --cpu-load 16 --quiet --timeout 60s,8,4/24/2026,12:08:35,8.59,7.06,11.46,,,
stress-ng --cpu 2 --cpu-load 16 --quiet --timeout 60s,8,4/24/2026,12:08:36,9.87,7.06,11.46,,,
stress-ng --cpu 2 --cpu-load 16 --quiet --timeout 60s,8,4/24/2026,12:08:37,9.18,7.06,11.87,,,
stress-ng --cpu 2 --cpu-load 16 --quiet --timeout 60s,8,4/24/2026,12:08:38,8.45,7.06,12.19,,,
stress-ng --cpu 2 --cpu-load 16 --quiet --timeout 60s,8,4/24/2026,12:08:39,8.2,7.06,12.19,,,
stress-ng --cpu 2 --cpu-load 16 --quiet --timeout 60s,8,4/24/2026,12:08:40,9.13,7.06,11.72,,,
stress-ng --cpu 2 --cpu-load 16 --quiet --timeout 60s,8,4/24/2026,12:08:41,8.08,7.06,11.52,,,
stress-ng --cpu 2 --cpu-load 16 --quiet --timeout 60s,8,4/24/2026,12:08:42,9.11,7.06,11.52,,,
stress-ng --cpu 2 --cpu-load 16 --quiet --timeout 60s,8,4/24/2026,12:08:43,10.59,7.06,11.28,,,
stress-ng --cpu 2 --cpu-load 16 --quiet --timeout 60s,8,4/24/2026,12:08:44,9.275,7.06,11.87,,,
stress-ng --cpu 2 --cpu-load 16 --quiet --timeout 60s,8,4/24/2026,12:08:45,7.96,7.06,11.87,,,
stress-ng --cpu 2 --cpu-load 16 --quiet --timeout 60s,8,4/24/2026,12:08:46,8.41,7.06,11.94,,,
stress-ng --cpu 2 --cpu-load 16 --quiet --timeout 60s,8,4/24/2026,12:08:47,8.12,7.06,11.21,,,
stress-ng --cpu 2 --cpu-load 16 --quiet --timeout 60s,8,4/24/2026,12:08:48,9.87,7.06,11.21,,,
stress-ng --cpu 2 --cpu-load 16 --quiet --timeout 60s,8,4/24/2026,12:08:49,9.42,7.06,12.2,,,
stress-ng --cpu 2 --cpu-load 16 --quiet --timeout 60s,8,4/24/2026,12:08:50,8.68,7.06,11.52,,,
stress-ng --cpu 2 --cpu-load 16 --quiet --timeout 60s,8,4/24/2026,12:08:51,8.47,7.06,11.52,,,
stress-ng --cpu 2 --cpu-load 16 --quiet --timeout 60s,8,4/24/2026,12:08:52,8.66,7.06,11.82,,,
stress-ng --cpu 2 --cpu-load 16 --quiet --timeout 60s,8,4/24/2026,12:08:53,8.62,7.06,11.55,,,
stress-ng --cpu 2 --cpu-load 16 --quiet --timeout 60s,8,4/24/2026,12:08:54,9.11,7.06,11.55,,,
stress-ng --cpu 2 --cpu-load 16 --quiet --timeout 60s,8,4/24/2026,12:08:55,9.87,7.06,11.88,,,
stress-ng --cpu 2 --cpu-load 16 --quiet --timeout 60s,8,4/24/2026,12:08:56,8.7,7.06,11.37,,,
stress-ng --cpu 2 --cpu-load 16 --quiet --timeout 60s,8,4/24/2026,12:08:57,8.7,7.06,11.37,,,
stress-ng --cpu 2 --cpu-load 16 --quiet --timeout 60s,8,4/24/2026,12:08:58,8.2,7.06,11.65,,,
stress-ng --cpu 2 --cpu-load 16 --quiet --timeout 60s,8,4/24/2026,12:08:59,8.62,7.06,12.28,,,
stress-ng --cpu 2 --cpu-load 16 --quiet --timeout 60s,8,4/24/2026,12:09:00,8.86,7.06,12.28,,,
stress-ng --cpu 2 --cpu-load 16 --quiet --timeout 60s,8,4/24/2026,12:09:01,9.04,7.06,11.3,,,
stress-ng --cpu 2 --cpu-load 16 --quiet --timeout 60s,8,4/24/2026,12:09:02,11.57,7.06,11.54,,,
stress-ng --cpu 2 --cpu-load 16 --quiet --timeout 60s,8,4/24/2026,12:09:03,7.21,7.06,11.54,,,
stress-ng --cpu 2 --cpu-load 16 --quiet --timeout 60s,8,4/24/2026,12:09:04,9.4,7.06,12.16,,,
stress-ng --cpu 2 --cpu-load 16 --quiet --timeout 60s,8,4/24/2026,12:09:05,9.2,7.06,11.87,,,
stress-ng --cpu 2 --cpu-load 16 --quiet --timeout 60s,8,4/24/2026,12:09:06,8.39,7.06,11.87,,,
stress-ng --cpu 2 --cpu-load 16 --quiet --timeout 60s,8,4/24/2026,12:09:07,9.33,7.06,11.63,,,
stress-ng --cpu 2 --cpu-load 16 --quiet --timeout 60s,8,4/24/2026,12:09:08,9.62,7.06,11.58,,,
stress-ng --cpu 2 --cpu-load 16 --quiet --timeout 60s,8,4/24/2026,12:09:09,8.33,7.06,11.58,,,
stress-ng --cpu 2 --cpu-load 16 --quiet --timeout 60s,8,4/24/2026,12:09:10,8.84,7.06,11.82,,,
stress-ng --cpu 2 --cpu-load 16 --quiet --timeout 60s,8,4/24/2026,12:09:11,10.37,7.06,11.75,,,
stress-ng --cpu 2 --cpu-load 16 --quiet --timeout 60s,8,4/24/2026,12:09:12,8.16,7.06,11.75,,,
stress-ng --cpu 2 --cpu-load 16 --quiet --timeout 60s,8,4/24/2026,12:09:13,8.82,7.06,11.89,,,
stress-ng --cpu 2 --cpu-load 16 --quiet --timeout 60s,8,4/24/2026,12:09:14,9.58,7.06,12.01,,,
stress-ng --cpu 2 --cpu-load 16 --quiet --timeout 60s,8,4/24/2026,12:09:15,9.13,7.06,12.01,,,
stress-ng --cpu 2 --cpu-load 16 --quiet --timeout 60s,8,4/24/2026,12:09:16,8.41,7.06,11.79,,,
stress-ng --cpu 2 --cpu-load 16 --quiet --timeout 60s,8,4/24/2026,12:09:17,9.18,7.06,12.02,,,
stress-ng --cpu 2 --cpu-load 16 --quiet --timeout 60s,8,4/24/2026,12:09:18,8.93,7.06,12.02,,,
stress-ng --cpu 2 --cpu-load 16 --quiet --timeout 60s,8,4/24/2026,12:09:19,8.59,7.06,11.85,,,
stress-ng --cpu 2 --cpu-load 16 --quiet --timeout 60s,8,4/24/2026,12:09:20,9.6,7.06,12.04,,,
stress-ng --cpu 2 --cpu-load 16 --quiet --timeout 60s,8,4/24/2026,12:09:21,8.14,7.06,12.04,,,
stress-ng --cpu 2 --cpu-load 16 --quiet --timeout 60s,8,4/24/2026,12:09:22,9.38,7.06,11.9,,,
stress-ng --cpu 2 --cpu-load 16 --quiet --timeout 60s,8,4/24/2026,12:09:23,8.66,7.06,11.76,,,
stress-ng --cpu 2 --cpu-load 16 --quiet --timeout 60s,8,4/24/2026,12:09:24,8.86,7.06,11.76,,,
stress-ng --cpu 2 --cpu-load 16 --quiet --timeout 60s,8,4/24/2026,12:09:25,8.8,7.06,11.76,,,
stress-ng --cpu 2 --cpu-load 16 --quiet --timeout 60s,8,4/24/2026,12:09:26,9.33,7.06,11.76,,,
stress-ng --cpu 2 --cpu-load 16 --quiet --timeout 60s,8,4/24/2026,12:09:27,9.87,7.06,11.52,,,
stress-ng --cpu 2 --cpu-load 16 --quiet --timeout 60s,8,4/24/2026,12:09:28,8.45,7.06,11.52,,,
stress-ng --cpu 2 --cpu-load 16 --quiet --timeout 60s,8,4/24/2026,12:09:29,9.18,7.06,11.69,,,
stress-ng --cpu 2 --cpu-load 16 --quiet --timeout 60s,8,4/24/2026,12:09:30,8.47,7.06,12.1,,,
stress-ng --cpu 2 --cpu-load 16 --quiet --timeout 60s,8,4/24/2026,12:09:31,8.41,7.06,12.1,,,
stress-ng --cpu 2 --cpu-load 16 --quiet --timeout 60s,8,4/24/2026,12:09:32,8.1,7.04,11.66,,,
stress-ng --cpu 2 --cpu-load 16 --quiet --timeout 60s,8,4/24/2026,13:18:34,0.99,7.53,9.32,,,
stress-ng --cpu 2 --cpu-load 16 --quiet --timeout 60s,8,4/24/2026,13:18:35,3.72,7.55,9.2,,,
stress-ng --cpu 2 --cpu-load 16 --quiet --timeout 60s,8,4/24/2026,13:18:36,8.8,7.55,9.23,,,
stress-ng --cpu 2 --cpu-load 16 --quiet --timeout 60s,8,4/24/2026,13:18:37,9.58,7.55,12.11,,,
stress-ng --cpu 2 --cpu-load 16 --quiet --timeout 60s,8,4/24/2026,13:18:38,10.78,7.55,12.11,,,
stress-ng --cpu 2 --cpu-load 16 --quiet --timeout 60s,8,4/24/2026,13:18:39,7.73,7.56,11.81,,,
stress-ng --cpu 2 --cpu-load 16 --quiet --timeout 60s,8,4/24/2026,13:18:40,9.67,7.56,11.81,,,
stress-ng --cpu 2 --cpu-load 16 --quiet --timeout 60s,8,4/24/2026,13:18:41,8.88,7.56,11.97,,,
stress-ng --cpu 2 --cpu-load 16 --quiet --timeout 60s,8,4/24/2026,13:18:42,9.85,7.56,11.47,,,
stress-ng --cpu 2 --cpu-load 16 --quiet --timeout 60s,8,4/24/2026,13:18:43,8.47,7.56,11.47,,,
stress-ng --cpu 2 --cpu-load 16 --quiet --timeout 60s,8,4/24/2026,13:18:44,8.68,7.56,12,,,
stress-ng --cpu 2 --cpu-load 16 --quiet --timeout 60s,8,4/24/2026,13:18:45,9.65,7.56,11.56,,,
stress-ng --cpu 2 --cpu-load 16 --quiet --timeout 60s,8,4/24/2026,13:18:46,7.82,7.56,11.56,,,
stress-ng --cpu 2 --cpu-load 16 --quiet --timeout 60s,8,4/24/2026,13:18:47,9.9,7.56,11.92,,,
stress-ng --cpu 2 --cpu-load 16 --quiet --timeout 60s,8,4/24/2026,13:18:48,8.7,7.56,11.67,,,
stress-ng --cpu 2 --cpu-load 16 --quiet --timeout 60s,8,4/24/2026,13:18:49,8.88,7.56,11.67,,,
stress-ng --cpu 2 --cpu-load 16 --quiet --timeout 60s,8,4/24/2026,13:18:50,9.09,7.56,12.87,,,
stress-ng --cpu 2 --cpu-load 16 --quiet --timeout 60s,8,4/24/2026,13:18:51,9.06,7.56,11.48,,,
stress-ng --cpu 2 --cpu-load 16 --quiet --timeout 60s,8,4/24/2026,13:18:52,9.35,7.56,11.48,,,
stress-ng --cpu 2 --cpu-load 16 --quiet --timeout 60s,8,4/24/2026,13:18:53,7.88,7.56,11.96,,,
stress-ng --cpu 2 --cpu-load 16 --quiet --timeout 60s,8,4/24/2026,13:18:54,9.06,7.56,11.66,,,
stress-ng --cpu 2 --cpu-load 16 --quiet --timeout 60s,8,4/24/2026,13:18:55,10.07,7.56,11.66,,,
stress-ng --cpu 2 --cpu-load 16 --quiet --timeout 60s,8,4/24/2026,13:18:56,8.64,7.56,12.06,,,
stress-ng --cpu 2 --cpu-load 16 --quiet --timeout 60s,8,4/24/2026,13:18:57,8.88,7.56,11.6,,,
stress-ng --cpu 2 --cpu-load 16 --quiet --timeout 60s,8,4/24/2026,13:18:58,9.11,7.56,11.6,,,
stress-ng --cpu 2 --cpu-load 16 --quiet --timeout 60s,8,4/24/2026,13:18:59,9.65,7.56,12.29,,,
stress-ng --cpu 2 --cpu-load 16 --quiet --timeout 60s,8,4/24/2026,13:19:00,7.96,7.56,11.73,,,
stress-ng --cpu 2 --cpu-load 16 --quiet --timeout 60s,8,4/24/2026,13:19:01,9.42,7.56,11.73,,,
stress-ng --cpu 2 --cpu-load 16 --quiet --timeout 60s,8,4/24/2026,13:19:02,8.95,7.56,12,,,
stress-ng --cpu 2 --cpu-load 16 --quiet --timeout 60s,8,4/24/2026,13:19:03,7.75,7.56,11.98,,,
stress-ng --cpu 2 --cpu-load 16 --quiet --timeout 60s,8,4/24/2026,13:19:04,9.35,7.56,11.98,,,
stress-ng --cpu 2 --cpu-load 16 --quiet --timeout 60s,8,4/24/2026,13:19:05,9.85,7.56,12.08,,,
stress-ng --cpu 2 --cpu-load 16 --quiet --timeout 60s,8,4/24/2026,13:19:06,8.37,7.56,11.89,,,
stress-ng --cpu 2 --cpu-load 16 --quiet --timeout 60s,8,4/24/2026,13:19:07,10.56,7.56,11.89,,,
stress-ng --cpu 2 --cpu-load 16 --quiet --timeout 60s,8,4/24/2026,13:19:08,8.37,7.56,12.08,,,
stress-ng --cpu 2 --cpu-load 16 --quiet --timeout 60s,8,4/24/2026,13:19:09,8.88,7.56,12.28,,,
stress-ng --cpu 2 --cpu-load 16 --quiet --timeout 60s,8,4/24/2026,13:19:10,8.57,7.56,12.28,,,
stress-ng --cpu 2 --cpu-load 16 --quiet --timeout 60s,8,4/24/2026,13:19:11,10.89,7.56,11.63,,,
stress-ng --cpu 2 --cpu-load 16 --quiet --timeout 60s,8,4/24/2026,13:19:12,7.96,7.56,11.79,,,
stress-ng --cpu 2 --cpu-load 16 --quiet --timeout 60s,8,4/24/2026,13:19:13,8.39,7.56,11.79,,,
stress-ng --cpu 2 --cpu-load 16 --quiet --timeout 60s,8,4/24/2026,13:19:14,8.57,7.56,12.27,,,
stress-ng --cpu 2 --cpu-load 16 --quiet --timeout 60s,8,4/24/2026,13:19:15,10.31,7.56,11.82,,,
stress-ng --cpu 2 --cpu-load 16 --quiet --timeout 60s,8,4/24/2026,13:19:16,9.97,7.56,11.82,,,
stress-ng --cpu 2 --cpu-load 16 --quiet --timeout 60s,8,4/24/2026,13:19:17,7.98,7.57,11.43,,,
stress-ng --cpu 2 --cpu-load 16 --quiet --timeout 60s,8,4/24/2026,13:19:18,9.13,7.57,12.17,,,
stress-ng --cpu 2 --cpu-load 16 --quiet --timeout 60s,8,4/24/2026,13:19:19,9.11,7.57,12.17,,,
stress-ng --cpu 2 --cpu-load 16 --quiet --timeout 60s,8,4/24/2026,13:19:20,8.62,7.57,12.19,,,
stress-ng --cpu 2 --cpu-load 16 --quiet --timeout 60s,8,4/24/2026,13:19:21,9.04,7.57,11.88,,,
stress-ng --cpu 2 --cpu-load 16 --quiet --timeout 60s,8,4/24/2026,13:19:22,9.35,7.57,11.88,,,
stress-ng --cpu 2 --cpu-load 16 --quiet --timeout 60s,8,4/24/2026,13:19:23,10.07,7.57,11.88,,,
stress-ng --cpu 2 --cpu-load 16 --quiet --timeout 60s,8,4/24/2026,13:19:24,7.96,7.58,11.86,,,
stress-ng --cpu 2 --cpu-load 16 --quiet --timeout 60s,8,4/24/2026,13:19:25,9.67,7.58,11.86,,,
stress-ng --cpu 2 --cpu-load 16 --quiet --timeout 60s,8,4/24/2026,13:19:26,7.69,7.58,12.35,,,
stress-ng --cpu 2 --cpu-load 16 --quiet --timeout 60s,8,4/24/2026,13:19:27,9.09,7.58,11.78,,,
stress-ng --cpu 2 --cpu-load 16 --quiet --timeout 60s,8,4/24/2026,13:19:28,9.87,7.58,11.78,,,
stress-ng --cpu 2 --cpu-load 16 --quiet --timeout 60s,8,4/24/2026,13:19:29,8.41,7.58,12.24,,,
stress-ng --cpu 2 --cpu-load 16 --quiet --timeout 60s,8,4/24/2026,13:19:30,9.36,7.58,11.89,,,
stress-ng --cpu 2 --cpu-load 16 --quiet --timeout 60s,8,4/24/2026,13:19:31,10.31,7.58,11.89,,,
stress-ng --cpu 2 --cpu-load 16 --quiet --timeout 60s,8,4/24/2026,13:19:32,8.45,7.58,11.75,,,
stress-ng --cpu 2 --cpu-load 16 --quiet --timeout 60s,8,4/24/2026,13:19:33,7.94,7.58,12.33,,,
stress-ng --cpu 2 --cpu-load 16 --quiet --timeout 60s,8,4/24/2026,13:19:34,8.68,7.58,12.33,,,
stress-ng --cpu 2 --cpu-load 16 --quiet --timeout 60s,8,4/24/2026,13:19:35,9.92,7.57,11.63,,,
stress-ng --cpu 2 --cpu-load 18 --quiet --timeout 60s,9,4/23/2026,23:46:03,1.22,6.59,9.33,,,
stress-ng --cpu 2 --cpu-load 18 --quiet --timeout 60s,9,4/23/2026,23:46:04,5.92,6.62,9.33,,,
stress-ng --cpu 2 --cpu-load 18 --quiet --timeout 60s,9,4/23/2026,23:46:05,9.42,6.62,11.75,,,
stress-ng --cpu 2 --cpu-load 18 --quiet --timeout 60s,9,4/23/2026,23:46:06,10,6.62,11.68,,,
stress-ng --cpu 2 --cpu-load 18 --quiet --timeout 60s,9,4/23/2026,23:46:07,10.44,6.62,11.68,,,
stress-ng --cpu 2 --cpu-load 18 --quiet --timeout 60s,9,4/23/2026,23:46:08,9.18,6.62,11.96,,,
stress-ng --cpu 2 --cpu-load 18 --quiet --timeout 60s,9,4/23/2026,23:46:09,9.7,6.62,12.57,,,
stress-ng --cpu 2 --cpu-load 18 --quiet --timeout 60s,9,4/23/2026,23:46:10,9.18,6.62,12.57,,,
stress-ng --cpu 2 --cpu-load 18 --quiet --timeout 60s,9,4/23/2026,23:46:11,10.69,6.62,12.12,,,
stress-ng --cpu 2 --cpu-load 18 --quiet --timeout 60s,9,4/23/2026,23:46:12,9.77,6.62,11.92,,,
stress-ng --cpu 2 --cpu-load 18 --quiet --timeout 60s,9,4/23/2026,23:46:13,10.89,6.62,11.92,,,
stress-ng --cpu 2 --cpu-load 18 --quiet --timeout 60s,9,4/23/2026,23:46:14,8.91,6.62,11.78,,,
stress-ng --cpu 2 --cpu-load 18 --quiet --timeout 60s,9,4/23/2026,23:46:15,10.86,6.62,12.09,,,
stress-ng --cpu 2 --cpu-load 18 --quiet --timeout 60s,9,4/23/2026,23:46:16,8.88,6.62,12.09,,,
stress-ng --cpu 2 --cpu-load 18 --quiet --timeout 60s,9,4/23/2026,23:46:17,10.81,6.62,12.17,,,
stress-ng --cpu 2 --cpu-load 18 --quiet --timeout 60s,9,4/23/2026,23:46:18,10.61,6.62,11.89,,,
stress-ng --cpu 2 --cpu-load 18 --quiet --timeout 60s,9,4/23/2026,23:46:19,8.66,6.62,11.89,,,
stress-ng --cpu 2 --cpu-load 18 --quiet --timeout 60s,9,4/23/2026,23:46:20,10.59,6.62,12.43,,,
stress-ng --cpu 2 --cpu-load 18 --quiet --timeout 60s,9,4/23/2026,23:46:21,10.42,6.62,11.72,,,
stress-ng --cpu 2 --cpu-load 18 --quiet --timeout 60s,9,4/23/2026,23:46:22,9.22,6.62,11.72,,,
stress-ng --cpu 2 --cpu-load 18 --quiet --timeout 60s,9,4/23/2026,23:46:23,9.6,6.62,11.94,,,
stress-ng --cpu 2 --cpu-load 18 --quiet --timeout 60s,9,4/23/2026,23:46:24,10.17,6.62,12.12,,,
stress-ng --cpu 2 --cpu-load 18 --quiet --timeout 60s,9,4/23/2026,23:46:25,9.62,6.62,12.12,,,
stress-ng --cpu 2 --cpu-load 18 --quiet --timeout 60s,9,4/23/2026,23:46:26,10.61,6.62,12.16,,,
stress-ng --cpu 2 --cpu-load 18 --quiet --timeout 60s,9,4/23/2026,23:46:27,8.95,6.62,12.18,,,
stress-ng --cpu 2 --cpu-load 18 --quiet --timeout 60s,9,4/23/2026,23:46:28,12.37,6.62,12.18,,,
stress-ng --cpu 2 --cpu-load 18 --quiet --timeout 60s,9,4/23/2026,23:46:29,7.48,6.62,12.23,,,
stress-ng --cpu 2 --cpu-load 18 --quiet --timeout 60s,9,4/23/2026,23:46:30,10.14,6.62,12.31,,,
stress-ng --cpu 2 --cpu-load 18 --quiet --timeout 60s,9,4/23/2026,23:46:31,10.42,6.62,12.31,,,
stress-ng --cpu 2 --cpu-load 18 --quiet --timeout 60s,9,4/23/2026,23:46:32,9.7,6.62,12.25,,,
stress-ng --cpu 2 --cpu-load 18 --quiet --timeout 60s,9,4/23/2026,23:46:33,9.45,6.62,11.74,,,
stress-ng --cpu 2 --cpu-load 18 --quiet --timeout 60s,9,4/23/2026,23:46:34,9.92,6.62,11.74,,,
stress-ng --cpu 2 --cpu-load 18 --quiet --timeout 60s,9,4/23/2026,23:46:35,9.72,6.62,12.19,,,
stress-ng --cpu 2 --cpu-load 18 --quiet --timeout 60s,9,4/23/2026,23:46:36,9.7,6.62,11.95,,,
stress-ng --cpu 2 --cpu-load 18 --quiet --timeout 60s,9,4/23/2026,23:46:37,9.13,6.62,11.95,,,
stress-ng --cpu 2 --cpu-load 18 --quiet --timeout 60s,9,4/23/2026,23:46:38,10.44,6.62,11.9,,,
stress-ng --cpu 2 --cpu-load 18 --quiet --timeout 60s,9,4/23/2026,23:46:39,9.15,6.62,12.11,,,
stress-ng --cpu 2 --cpu-load 18 --quiet --timeout 60s,9,4/23/2026,23:46:40,9.4,6.62,12.11,,,
stress-ng --cpu 2 --cpu-load 18 --quiet --timeout 60s,9,4/23/2026,23:46:41,10.66,6.62,12.83,,,
stress-ng --cpu 2 --cpu-load 18 --quiet --timeout 60s,9,4/23/2026,23:46:42,9.62,6.62,11.83,,,
stress-ng --cpu 2 --cpu-load 18 --quiet --timeout 60s,9,4/23/2026,23:46:43,11.33,6.62,11.83,,,
stress-ng --cpu 2 --cpu-load 18 --quiet --timeout 60s,9,4/23/2026,23:46:44,8.88,6.62,11.85,,,
stress-ng --cpu 2 --cpu-load 18 --quiet --timeout 60s,9,4/23/2026,23:46:45,10.89,6.62,12.43,,,
stress-ng --cpu 2 --cpu-load 18 --quiet --timeout 60s,9,4/23/2026,23:46:46,9.35,6.62,12.43,,,
stress-ng --cpu 2 --cpu-load 18 --quiet --timeout 60s,9,4/23/2026,23:46:47,10.37,6.62,11.74,,,
stress-ng --cpu 2 --cpu-load 18 --quiet --timeout 60s,9,4/23/2026,23:46:48,9.15,6.62,12.18,,,
stress-ng --cpu 2 --cpu-load 18 --quiet --timeout 60s,9,4/23/2026,23:46:49,10.53,6.62,12.18,,,
stress-ng --cpu 2 --cpu-load 18 --quiet --timeout 60s,9,4/23/2026,23:46:50,10.69,6.62,12.05,,,
stress-ng --cpu 2 --cpu-load 18 --quiet --timeout 60s,9,4/23/2026,23:46:51,10.37,6.62,12.3,,,
stress-ng --cpu 2 --cpu-load 18 --quiet --timeout 60s,9,4/23/2026,23:46:52,9.95,6.62,12.3,,,
stress-ng --cpu 2 --cpu-load 18 --quiet --timeout 60s,9,4/23/2026,23:46:53,10.22,6.62,11.98,,,
stress-ng --cpu 2 --cpu-load 18 --quiet --timeout 60s,9,4/23/2026,23:46:54,10.39,6.62,11.91,,,
stress-ng --cpu 2 --cpu-load 18 --quiet --timeout 60s,9,4/23/2026,23:46:55,9.13,6.62,11.91,,,
stress-ng --cpu 2 --cpu-load 18 --quiet --timeout 60s,9,4/23/2026,23:46:56,10.61,6.62,12.47,,,
stress-ng --cpu 2 --cpu-load 18 --quiet --timeout 60s,9,4/23/2026,23:46:57,9.4,6.62,12.1,,,
stress-ng --cpu 2 --cpu-load 18 --quiet --timeout 60s,9,4/23/2026,23:46:58,9.31,6.62,12.1,,,
stress-ng --cpu 2 --cpu-load 18 --quiet --timeout 60s,9,4/23/2026,23:46:59,10.78,6.62,11.62,,,
stress-ng --cpu 2 --cpu-load 18 --quiet --timeout 60s,9,4/23/2026,23:47:00,10.83,6.62,12.31,,,
stress-ng --cpu 2 --cpu-load 18 --quiet --timeout 60s,9,4/23/2026,23:47:01,8.91,6.62,12.31,,,
stress-ng --cpu 2 --cpu-load 18 --quiet --timeout 60s,9,4/23/2026,23:47:02,9.8,6.62,11.96,,,
stress-ng --cpu 2 --cpu-load 18 --quiet --timeout 60s,9,4/23/2026,23:47:03,9.82,6.62,11.42,,,
stress-ng --cpu 2 --cpu-load 18 --quiet --timeout 60s,9,4/24/2026,7:54:20,0.98,7.06,9.45,,,
stress-ng --cpu 2 --cpu-load 18 --quiet --timeout 60s,9,4/24/2026,7:54:21,7.92,7.09,9.33,,,
stress-ng --cpu 2 --cpu-load 18 --quiet --timeout 60s,9,4/24/2026,7:54:22,8.95,7.09,9.41,,,
stress-ng --cpu 2 --cpu-load 18 --quiet --timeout 60s,9,4/24/2026,7:54:23,9.92,7.09,12.29,,,
stress-ng --cpu 2 --cpu-load 18 --quiet --timeout 60s,9,4/24/2026,7:54:24,10.19,7.09,12.29,,,
stress-ng --cpu 2 --cpu-load 18 --quiet --timeout 60s,9,4/24/2026,7:54:25,8.7,7.09,12.21,,,
stress-ng --cpu 2 --cpu-load 18 --quiet --timeout 60s,9,4/24/2026,7:54:26,11.08,7.09,12.21,,,
stress-ng --cpu 2 --cpu-load 18 --quiet --timeout 60s,9,4/24/2026,7:54:27,8.66,7.08,12.59,,,
stress-ng --cpu 2 --cpu-load 18 --quiet --timeout 60s,9,4/24/2026,7:54:28,10.59,7.09,12.01,,,
stress-ng --cpu 2 --cpu-load 18 --quiet --timeout 60s,9,4/24/2026,7:54:29,9.4,7.09,12.01,,,
stress-ng --cpu 2 --cpu-load 18 --quiet --timeout 60s,9,4/24/2026,7:54:30,11.05,7.09,11.93,,,
stress-ng --cpu 2 --cpu-load 18 --quiet --timeout 60s,9,4/24/2026,7:54:31,8.66,7.09,12.54,,,
stress-ng --cpu 2 --cpu-load 18 --quiet --timeout 60s,9,4/24/2026,7:54:32,11.05,7.09,12.54,,,
stress-ng --cpu 2 --cpu-load 18 --quiet --timeout 60s,9,4/24/2026,7:54:33,9.38,7.09,11.5,,,
stress-ng --cpu 2 --cpu-load 18 --quiet --timeout 60s,9,4/24/2026,7:54:34,10.12,7.09,12.58,,,
stress-ng --cpu 2 --cpu-load 18 --quiet --timeout 60s,9,4/24/2026,7:54:35,9.42,7.09,12.58,,,
stress-ng --cpu 2 --cpu-load 18 --quiet --timeout 60s,9,4/24/2026,7:54:36,10.53,7.09,11.97,,,
stress-ng --cpu 2 --cpu-load 18 --quiet --timeout 60s,9,4/24/2026,7:54:37,10.34,7.09,12.26,,,
stress-ng --cpu 2 --cpu-load 18 --quiet --timeout 60s,9,4/24/2026,7:54:38,9.9,7.09,12.29,,,
stress-ng --cpu 2 --cpu-load 18 --quiet --timeout 60s,9,4/24/2026,7:54:39,10.26,7.09,12.15,,,
stress-ng --cpu 2 --cpu-load 18 --quiet --timeout 60s,9,4/24/2026,7:54:40,10.22,7.09,12.15,,,
stress-ng --cpu 2 --cpu-load 18 --quiet --timeout 60s,9,4/24/2026,7:54:41,10.42,7.09,11.72,,,
stress-ng --cpu 2 --cpu-load 18 --quiet --timeout 60s,9,4/24/2026,7:54:42,9.38,7.09,12.29,,,
stress-ng --cpu 2 --cpu-load 18 --quiet --timeout 60s,9,4/24/2026,7:54:43,9.6,7.09,12.29,,,
stress-ng --cpu 2 --cpu-load 18 --quiet --timeout 60s,9,4/24/2026,7:54:44,11.02,7.09,11.56,,,
stress-ng --cpu 2 --cpu-load 18 --quiet --timeout 60s,9,4/24/2026,7:54:45,10.89,7.09,12.26,,,
stress-ng --cpu 2 --cpu-load 18 --quiet --timeout 60s,9,4/24/2026,7:54:46,10.61,7.09,12.26,,,
stress-ng --cpu 2 --cpu-load 18 --quiet --timeout 60s,9,4/24/2026,7:54:47,9.4,7.09,12.47,,,
stress-ng --cpu 2 --cpu-load 18 --quiet --timeout 60s,9,4/24/2026,7:54:48,11.11,7.09,12.81,,,
stress-ng --cpu 2 --cpu-load 18 --quiet --timeout 60s,9,4/24/2026,7:54:49,9.15,7.09,12.81,,,
stress-ng --cpu 2 --cpu-load 18 --quiet --timeout 60s,9,4/24/2026,7:54:50,10.89,7.09,12.13,,,
stress-ng --cpu 2 --cpu-load 18 --quiet --timeout 60s,9,4/24/2026,7:54:51,8.18,7.09,11.92,,,
stress-ng --cpu 2 --cpu-load 18 --quiet --timeout 60s,9,4/24/2026,7:54:52,11.11,7.1,11.92,,,
stress-ng --cpu 2 --cpu-load 18 --quiet --timeout 60s,9,4/24/2026,7:54:53,9.65,7.1,12.7,,,
stress-ng --cpu 2 --cpu-load 18 --quiet --timeout 60s,9,4/24/2026,7:54:54,9.95,7.1,12.42,,,
stress-ng --cpu 2 --cpu-load 18 --quiet --timeout 60s,9,4/24/2026,7:54:55,9.13,7.1,12.42,,,
stress-ng --cpu 2 --cpu-load 18 --quiet --timeout 60s,9,4/24/2026,7:54:56,10.53,7.1,11.9,,,
stress-ng --cpu 2 --cpu-load 18 --quiet --timeout 60s,9,4/24/2026,7:54:57,11.57,7.1,12.37,,,
stress-ng --cpu 2 --cpu-load 18 --quiet --timeout 60s,9,4/24/2026,7:54:58,8.66,7.1,12.37,,,
stress-ng --cpu 2 --cpu-load 18 --quiet --timeout 60s,9,4/24/2026,7:54:59,10.26,7.1,12.16,,,
stress-ng --cpu 2 --cpu-load 18 --quiet --timeout 60s,9,4/24/2026,7:55:00,10.66,7.1,12.46,,,
stress-ng --cpu 2 --cpu-load 18 --quiet --timeout 60s,9,4/24/2026,7:55:01,9.42,7.1,12.46,,,
stress-ng --cpu 2 --cpu-load 18 --quiet --timeout 60s,9,4/24/2026,7:55:02,23.13,7.11,12.47,,,
stress-ng --cpu 2 --cpu-load 18 --quiet --timeout 60s,9,4/24/2026,7:55:03,9.62,7.11,15.96,,,
stress-ng --cpu 2 --cpu-load 18 --quiet --timeout 60s,9,4/24/2026,7:55:04,11.05,7.11,15.96,,,
stress-ng --cpu 2 --cpu-load 18 --quiet --timeout 60s,9,4/24/2026,7:55:05,10.37,7.11,11.74,,,
stress-ng --cpu 2 --cpu-load 18 --quiet --timeout 60s,9,4/24/2026,7:55:06,10.66,7.11,12.2,,,
stress-ng --cpu 2 --cpu-load 18 --quiet --timeout 60s,9,4/24/2026,7:55:07,8.64,7.11,12.2,,,
stress-ng --cpu 2 --cpu-load 18 --quiet --timeout 60s,9,4/24/2026,7:55:08,10.81,7.11,12.37,,,
stress-ng --cpu 2 --cpu-load 18 --quiet --timeout 60s,9,4/24/2026,7:55:09,10.44,7.11,12.4,,,
stress-ng --cpu 2 --cpu-load 18 --quiet --timeout 60s,9,4/24/2026,7:55:10,9.62,7.11,12.4,,,
stress-ng --cpu 2 --cpu-load 18 --quiet --timeout 60s,9,4/24/2026,7:55:11,9.87,7.11,12.36,,,
stress-ng --cpu 2 --cpu-load 18 --quiet --timeout 60s,9,4/24/2026,7:55:12,9.4,7.11,12.29,,,
stress-ng --cpu 2 --cpu-load 18 --quiet --timeout 60s,9,4/24/2026,7:55:13,10.86,7.11,12.29,,,
stress-ng --cpu 2 --cpu-load 18 --quiet --timeout 60s,9,4/24/2026,7:55:14,9.38,7.11,12.19,,,
stress-ng --cpu 2 --cpu-load 18 --quiet --timeout 60s,9,4/24/2026,7:55:15,10.07,7.11,11.63,,,
stress-ng --cpu 2 --cpu-load 18 --quiet --timeout 60s,9,4/24/2026,7:55:16,10.86,7.11,11.63,,,
stress-ng --cpu 2 --cpu-load 18 --quiet --timeout 60s,9,4/24/2026,7:55:17,13.64,7.11,12.45,,,
stress-ng --cpu 2 --cpu-load 18 --quiet --timeout 60s,9,4/24/2026,7:55:18,8.91,7.11,12.8,,,
stress-ng --cpu 2 --cpu-load 18 --quiet --timeout 60s,9,4/24/2026,7:55:19,10.81,7.11,12.8,,,
stress-ng --cpu 2 --cpu-load 18 --quiet --timeout 60s,9,4/24/2026,7:55:20,9.87,7.1,11.63,,,
stress-ng --cpu 2 --cpu-load 18 --quiet --timeout 60s,9,4/24/2026,20:36:52,1.22,7.54,9.28,,,
stress-ng --cpu 2 --cpu-load 18 --quiet --timeout 60s,9,4/24/2026,20:36:53,7.67,7.56,9.28,,,
stress-ng --cpu 2 --cpu-load 18 --quiet --timeout 60s,9,4/24/2026,20:36:54,11.38,7.56,11.8,,,
stress-ng --cpu 2 --cpu-load 18 --quiet --timeout 60s,9,4/24/2026,20:36:55,9.92,7.56,11.8,,,
stress-ng --cpu 2 --cpu-load 18 --quiet --timeout 60s,9,4/24/2026,20:36:56,9.13,7.56,11.8,,,
stress-ng --cpu 2 --cpu-load 18 --quiet --timeout 60s,9,4/24/2026,20:36:57,9.87,7.57,12.13,,,
stress-ng --cpu 2 --cpu-load 18 --quiet --timeout 60s,9,4/24/2026,20:36:58,9.75,7.57,11.94,,,
stress-ng --cpu 2 --cpu-load 18 --quiet --timeout 60s,9,4/24/2026,20:36:59,10.19,7.57,11.94,,,
stress-ng --cpu 2 --cpu-load 18 --quiet --timeout 60s,9,4/24/2026,20:37:00,8.86,7.57,12.37,,,
stress-ng --cpu 2 --cpu-load 18 --quiet --timeout 60s,9,4/24/2026,20:37:01,9.82,7.57,11.43,,,
stress-ng --cpu 2 --cpu-load 18 --quiet --timeout 60s,9,4/24/2026,20:37:02,10.42,7.57,11.43,,,
stress-ng --cpu 2 --cpu-load 18 --quiet --timeout 60s,9,4/24/2026,20:37:03,9.4,7.57,11.74,,,
stress-ng --cpu 2 --cpu-load 18 --quiet --timeout 60s,9,4/24/2026,20:37:04,11.33,7.57,11.66,,,
stress-ng --cpu 2 --cpu-load 18 --quiet --timeout 60s,9,4/24/2026,20:37:05,8.45,7.57,11.66,,,
stress-ng --cpu 2 --cpu-load 18 --quiet --timeout 60s,9,4/24/2026,20:37:06,9.65,7.57,12.09,,,
stress-ng --cpu 2 --cpu-load 18 --quiet --timeout 60s,9,4/24/2026,20:37:07,10.17,7.57,11.76,,,
stress-ng --cpu 2 --cpu-load 18 --quiet --timeout 60s,9,4/24/2026,20:37:08,8.91,7.57,11.76,,,
stress-ng --cpu 2 --cpu-load 18 --quiet --timeout 60s,9,4/24/2026,20:37:09,10.09,7.57,12.1,,,
stress-ng --cpu 2 --cpu-load 18 --quiet --timeout 60s,9,4/24/2026,20:37:10,10.66,7.57,11.94,,,
stress-ng --cpu 2 --cpu-load 18 --quiet --timeout 60s,9,4/24/2026,20:37:11,9.45,7.57,11.94,,,
stress-ng --cpu 2 --cpu-load 18 --quiet --timeout 60s,9,4/24/2026,20:37:12,9.35,7.57,12.23,,,
stress-ng --cpu 2 --cpu-load 18 --quiet --timeout 60s,9,4/24/2026,20:37:13,10.53,7.57,11.75,,,
stress-ng --cpu 2 --cpu-load 18 --quiet --timeout 60s,9,4/24/2026,20:37:14,9.33,7.57,11.75,,,
stress-ng --cpu 2 --cpu-load 18 --quiet --timeout 60s,9,4/24/2026,20:37:15,9.85,7.57,11.84,,,
stress-ng --cpu 2 --cpu-load 18 --quiet --timeout 60s,9,4/24/2026,20:37:16,11.46,7.57,12.15,,,
stress-ng --cpu 2 --cpu-load 18 --quiet --timeout 60s,9,4/24/2026,20:37:17,8.35,7.57,12.15,,,
stress-ng --cpu 2 --cpu-load 18 --quiet --timeout 60s,9,4/24/2026,20:37:18,11.85,7.57,11.92,,,
stress-ng --cpu 2 --cpu-load 18 --quiet --timeout 60s,9,4/24/2026,20:37:19,8.66,7.57,11.37,,,
stress-ng --cpu 2 --cpu-load 18 --quiet --timeout 60s,9,4/24/2026,20:37:20,10.09,7.57,11.37,,,
stress-ng --cpu 2 --cpu-load 18 --quiet --timeout 60s,9,4/24/2026,20:37:21,9.87,7.57,12.16,,,
stress-ng --cpu 2 --cpu-load 18 --quiet --timeout 60s,9,4/24/2026,20:37:22,9.09,7.57,11.72,,,
stress-ng --cpu 2 --cpu-load 18 --quiet --timeout 60s,9,4/24/2026,20:37:23,10.09,7.57,11.72,,,
stress-ng --cpu 2 --cpu-load 18 --quiet --timeout 60s,9,4/24/2026,20:37:24,10.34,7.57,12.9,,,
stress-ng --cpu 2 --cpu-load 18 --quiet --timeout 60s,9,4/24/2026,20:37:25,9.7,7.57,12.9,,,
stress-ng --cpu 2 --cpu-load 18 --quiet --timeout 60s,9,4/24/2026,20:37:26,9.67,7.57,12.9,,,
stress-ng --cpu 2 --cpu-load 18 --quiet --timeout 60s,9,4/24/2026,20:37:27,10.44,7.57,12.55,,,
stress-ng --cpu 2 --cpu-load 18 --quiet --timeout 60s,9,4/24/2026,20:37:28,9.2,7.57,11.57,,,
stress-ng --cpu 2 --cpu-load 18 --quiet --timeout 60s,9,4/24/2026,20:37:29,9.45,7.57,11.57,,,
stress-ng --cpu 2 --cpu-load 18 --quiet --timeout 60s,9,4/24/2026,20:37:30,9.4,7.57,12.08,,,
stress-ng --cpu 2 --cpu-load 18 --quiet --timeout 60s,9,4/24/2026,20:37:31,10.44,7.57,11.62,,,
stress-ng --cpu 2 --cpu-load 18 --quiet --timeout 60s,9,4/24/2026,20:37:32,8.86,7.57,11.62,,,
stress-ng --cpu 2 --cpu-load 18 --quiet --timeout 60s,9,4/24/2026,20:37:33,10.12,7.57,11.81,,,
stress-ng --cpu 2 --cpu-load 18 --quiet --timeout 60s,9,4/24/2026,20:37:34,10.14,7.57,12.02,,,
stress-ng --cpu 2 --cpu-load 18 --quiet --timeout 60s,9,4/24/2026,20:37:35,10.22,7.57,12.02,,,
stress-ng --cpu 2 --cpu-load 18 --quiet --timeout 60s,9,4/24/2026,20:37:36,9.7,7.57,12.3,,,
stress-ng --cpu 2 --cpu-load 18 --quiet --timeout 60s,9,4/24/2026,20:37:37,9.95,7.57,11.96,,,
stress-ng --cpu 2 --cpu-load 18 --quiet --timeout 60s,9,4/24/2026,20:37:38,8.88,7.57,11.96,,,
stress-ng --cpu 2 --cpu-load 18 --quiet --timeout 60s,9,4/24/2026,20:37:39,10.83,7.57,11.6,,,
stress-ng --cpu 2 --cpu-load 18 --quiet --timeout 60s,9,4/24/2026,20:37:40,10.14,7.57,11.72,,,
stress-ng --cpu 2 --cpu-load 18 --quiet --timeout 60s,9,4/24/2026,20:37:41,9.82,7.56,11.72,,,
stress-ng --cpu 2 --cpu-load 18 --quiet --timeout 60s,9,4/24/2026,20:37:42,9.38,7.56,12.1,,,
stress-ng --cpu 2 --cpu-load 18 --quiet --timeout 60s,9,4/24/2026,20:37:43,10.39,7.56,11.71,,,
stress-ng --cpu 2 --cpu-load 18 --quiet --timeout 60s,9,4/24/2026,20:37:44,8.91,7.56,11.71,,,
stress-ng --cpu 2 --cpu-load 18 --quiet --timeout 60s,9,4/24/2026,20:37:45,10.61,7.56,12.53,,,
stress-ng --cpu 2 --cpu-load 18 --quiet --timeout 60s,9,4/24/2026,20:37:46,9.45,7.56,11.8,,,
stress-ng --cpu 2 --cpu-load 18 --quiet --timeout 60s,9,4/24/2026,20:37:47,9.18,7.56,11.8,,,
stress-ng --cpu 2 --cpu-load 18 --quiet --timeout 60s,9,4/24/2026,20:37:48,9.4,7.56,11.92,,,
stress-ng --cpu 2 --cpu-load 18 --quiet --timeout 60s,9,4/24/2026,20:37:49,9.4,7.56,12.21,,,
stress-ng --cpu 2 --cpu-load 18 --quiet --timeout 60s,9,4/24/2026,20:37:50,10.61,7.56,12.21,,,
stress-ng --cpu 2 --cpu-load 18 --quiet --timeout 60s,9,4/24/2026,20:37:51,9.6,7.56,11.95,,,
stress-ng --cpu 2 --cpu-load 18 --quiet --timeout 60s,9,4/24/2026,20:37:52,7.16,7.55,11.79,,,
stress-ng --cpu 2 --cpu-load 20 --quiet --timeout 60s,10,4/23/2026,21:27:58,1.47,6.59,9.25,,,
stress-ng --cpu 2 --cpu-load 20 --quiet --timeout 60s,10,4/23/2026,21:27:59,10.12,6.61,9.25,,,
stress-ng --cpu 2 --cpu-load 20 --quiet --timeout 60s,10,4/23/2026,21:28:00,11.66,6.61,11.74,,,
stress-ng --cpu 2 --cpu-load 20 --quiet --timeout 60s,10,4/23/2026,21:28:01,9.87,6.61,11.74,,,
stress-ng --cpu 2 --cpu-load 20 --quiet --timeout 60s,10,4/23/2026,21:28:02,11.79,6.61,11.74,,,
stress-ng --cpu 2 --cpu-load 20 --quiet --timeout 60s,10,4/23/2026,21:28:03,10.14,6.61,11.17,,,
stress-ng --cpu 2 --cpu-load 20 --quiet --timeout 60s,10,4/23/2026,21:28:04,11.51,6.61,12.34,,,
stress-ng --cpu 2 --cpu-load 20 --quiet --timeout 60s,10,4/23/2026,21:28:05,12.99,6.61,12.34,,,
stress-ng --cpu 2 --cpu-load 20 --quiet --timeout 60s,10,4/23/2026,21:28:06,10.94,6.61,12.09,,,
stress-ng --cpu 2 --cpu-load 20 --quiet --timeout 60s,10,4/23/2026,21:28:07,10.44,6.61,11.95,,,
stress-ng --cpu 2 --cpu-load 20 --quiet --timeout 60s,10,4/23/2026,21:28:08,9.65,6.61,11.95,,,
stress-ng --cpu 2 --cpu-load 20 --quiet --timeout 60s,10,4/23/2026,21:28:09,10.78,6.61,12.73,,,
stress-ng --cpu 2 --cpu-load 20 --quiet --timeout 60s,10,4/23/2026,21:28:10,16.21,6.62,12.09,,,
stress-ng --cpu 2 --cpu-load 20 --quiet --timeout 60s,10,4/23/2026,21:28:11,10.81,6.62,13.87,,,
stress-ng --cpu 2 --cpu-load 20 --quiet --timeout 60s,10,4/23/2026,21:28:12,10.83,6.62,13.87,,,
stress-ng --cpu 2 --cpu-load 20 --quiet --timeout 60s,10,4/23/2026,21:28:13,11.6,6.62,12.85,,,
stress-ng --cpu 2 --cpu-load 20 --quiet --timeout 60s,10,4/23/2026,21:28:14,12.37,6.62,12.85,,,
stress-ng --cpu 2 --cpu-load 20 --quiet --timeout 60s,10,4/23/2026,21:28:15,9.7,6.62,12.23,,,
stress-ng --cpu 2 --cpu-load 20 --quiet --timeout 60s,10,4/23/2026,21:28:16,10.94,6.62,12.09,,,
stress-ng --cpu 2 --cpu-load 20 --quiet --timeout 60s,10,4/23/2026,21:28:17,11.22,6.62,12.09,,,
stress-ng --cpu 2 --cpu-load 20 --quiet --timeout 60s,10,4/23/2026,21:28:18,9.92,6.62,13.31,,,
stress-ng --cpu 2 --cpu-load 20 --quiet --timeout 60s,10,4/23/2026,21:28:19,11.16,6.62,12.22,,,
stress-ng --cpu 2 --cpu-load 20 --quiet --timeout 60s,10,4/23/2026,21:28:20,11.05,6.62,12.22,,,
stress-ng --cpu 2 --cpu-load 20 --quiet --timeout 60s,10,4/23/2026,21:28:21,11.98,6.62,13.09,,,
stress-ng --cpu 2 --cpu-load 20 --quiet --timeout 60s,10,4/23/2026,21:28:22,11.3,6.62,12.33,,,
stress-ng --cpu 2 --cpu-load 20 --quiet --timeout 60s,10,4/23/2026,21:28:23,11.54,6.62,12.33,,,
stress-ng --cpu 2 --cpu-load 20 --quiet --timeout 60s,10,4/23/2026,21:28:24,11.38,6.62,11.97,,,
stress-ng --cpu 2 --cpu-load 20 --quiet --timeout 60s,10,4/23/2026,21:28:25,11.13,6.62,12.69,,,
stress-ng --cpu 2 --cpu-load 20 --quiet --timeout 60s,10,4/23/2026,21:28:26,9.9,6.62,12.69,,,
stress-ng --cpu 2 --cpu-load 20 --quiet --timeout 60s,10,4/23/2026,21:28:27,10.53,6.62,12.23,,,
stress-ng --cpu 2 --cpu-load 20 --quiet --timeout 60s,10,4/23/2026,21:28:28,11.79,6.62,12.37,,,
stress-ng --cpu 2 --cpu-load 20 --quiet --timeout 60s,10,4/23/2026,21:28:29,11.35,6.62,12.37,,,
stress-ng --cpu 2 --cpu-load 20 --quiet --timeout 60s,10,4/23/2026,21:28:30,11.85,6.62,12.5,,,
stress-ng --cpu 2 --cpu-load 20 --quiet --timeout 60s,10,4/23/2026,21:28:31,10.69,6.62,12.63,,,
stress-ng --cpu 2 --cpu-load 20 --quiet --timeout 60s,10,4/23/2026,21:28:32,9.4,6.62,12.63,,,
stress-ng --cpu 2 --cpu-load 20 --quiet --timeout 60s,10,4/23/2026,21:28:33,10.78,6.62,12.23,,,
stress-ng --cpu 2 --cpu-load 20 --quiet --timeout 60s,10,4/23/2026,21:28:34,11.3,6.62,12.55,,,
stress-ng --cpu 2 --cpu-load 20 --quiet --timeout 60s,10,4/23/2026,21:28:35,11.27,6.62,12.55,,,
stress-ng --cpu 2 --cpu-load 20 --quiet --timeout 60s,10,4/23/2026,21:28:36,10.31,6.61,12.16,,,
stress-ng --cpu 2 --cpu-load 20 --quiet --timeout 60s,10,4/23/2026,21:28:37,11.91,6.61,12.45,,,
stress-ng --cpu 2 --cpu-load 20 --quiet --timeout 60s,10,4/23/2026,21:28:38,11.35,6.61,12.45,,,
stress-ng --cpu 2 --cpu-load 20 --quiet --timeout 60s,10,4/23/2026,21:28:39,9.97,6.61,11.83,,,
stress-ng --cpu 2 --cpu-load 20 --quiet --timeout 60s,10,4/23/2026,21:28:40,11.38,6.61,11.91,,,
stress-ng --cpu 2 --cpu-load 20 --quiet --timeout 60s,10,4/23/2026,21:28:41,11.49,6.61,11.91,,,
stress-ng --cpu 2 --cpu-load 20 --quiet --timeout 60s,10,4/23/2026,21:28:42,11.73,6.61,13.02,,,
stress-ng --cpu 2 --cpu-load 20 --quiet --timeout 60s,10,4/23/2026,21:28:43,11.27,6.61,12.76,,,
stress-ng --cpu 2 --cpu-load 20 --quiet --timeout 60s,10,4/23/2026,21:28:44,11.3,6.61,12.76,,,
stress-ng --cpu 2 --cpu-load 20 --quiet --timeout 60s,10,4/23/2026,21:28:45,12.06,6.61,12.04,,,
stress-ng --cpu 2 --cpu-load 20 --quiet --timeout 60s,10,4/23/2026,21:28:46,10.69,6.61,12.64,,,
stress-ng --cpu 2 --cpu-load 20 --quiet --timeout 60s,10,4/23/2026,21:28:47,9.45,6.61,12.64,,,
stress-ng --cpu 2 --cpu-load 20 --quiet --timeout 60s,10,4/23/2026,21:28:48,11.46,6.61,12.1,,,
stress-ng --cpu 2 --cpu-load 20 --quiet --timeout 60s,10,4/23/2026,21:28:49,11.73,6.61,12.43,,,
stress-ng --cpu 2 --cpu-load 20 --quiet --timeout 60s,10,4/23/2026,21:28:50,11.11,6.61,12.43,,,
stress-ng --cpu 2 --cpu-load 20 --quiet --timeout 60s,10,4/23/2026,21:28:51,11.45,6.61,12.29,,,
stress-ng --cpu 2 --cpu-load 20 --quiet --timeout 60s,10,4/23/2026,21:28:52,11.79,6.61,12.3,,,
stress-ng --cpu 2 --cpu-load 20 --quiet --timeout 60s,10,4/23/2026,21:28:53,10.89,6.61,12.3,,,
stress-ng --cpu 2 --cpu-load 20 --quiet --timeout 60s,10,4/23/2026,21:28:54,9.67,6.61,11.96,,,
stress-ng --cpu 2 --cpu-load 20 --quiet --timeout 60s,10,4/23/2026,21:28:55,11.76,6.61,12.22,,,
stress-ng --cpu 2 --cpu-load 20 --quiet --timeout 60s,10,4/23/2026,21:28:56,11.13,6.61,12.22,,,
stress-ng --cpu 2 --cpu-load 20 --quiet --timeout 60s,10,4/23/2026,21:28:57,11.38,6.61,12.85,,,
stress-ng --cpu 2 --cpu-load 20 --quiet --timeout 60s,10,4/23/2026,21:28:58,9.47,6.61,12.63,,,
stress-ng --cpu 2 --cpu-load 20 --quiet --timeout 60s,10,4/24/2026,12:40:33,1.23,7.06,9.53,,,
stress-ng --cpu 2 --cpu-load 20 --quiet --timeout 60s,10,4/24/2026,12:40:34,11,7.07,9.89,,,
stress-ng --cpu 2 --cpu-load 20 --quiet --timeout 60s,10,4/24/2026,12:40:35,12.28,7.07,11.32,,,
stress-ng --cpu 2 --cpu-load 20 --quiet --timeout 60s,10,4/24/2026,12:40:36,11.11,7.07,11.32,,,
stress-ng --cpu 2 --cpu-load 20 --quiet --timeout 60s,10,4/24/2026,12:40:37,10.34,7.07,12.65,,,
stress-ng --cpu 2 --cpu-load 20 --quiet --timeout 60s,10,4/24/2026,12:40:38,11.3,7.07,12.08,,,
stress-ng --cpu 2 --cpu-load 20 --quiet --timeout 60s,10,4/24/2026,12:40:39,11.57,7.07,12.08,,,
stress-ng --cpu 2 --cpu-load 20 --quiet --timeout 60s,10,4/24/2026,12:40:40,10.47,7.07,12.32,,,
stress-ng --cpu 2 --cpu-load 20 --quiet --timeout 60s,10,4/24/2026,12:40:41,10.34,7.07,12.36,,,
stress-ng --cpu 2 --cpu-load 20 --quiet --timeout 60s,10,4/24/2026,12:40:42,12.87,7.07,12.36,,,
stress-ng --cpu 2 --cpu-load 20 --quiet --timeout 60s,10,4/24/2026,12:40:43,9.62,7.07,11.87,,,
stress-ng --cpu 2 --cpu-load 20 --quiet --timeout 60s,10,4/24/2026,12:40:44,11.79,7.07,11.88,,,
stress-ng --cpu 2 --cpu-load 20 --quiet --timeout 60s,10,4/24/2026,12:40:45,10.34,7.07,11.88,,,
stress-ng --cpu 2 --cpu-load 20 --quiet --timeout 60s,10,4/24/2026,12:40:46,11.76,7.07,11.97,,,
stress-ng --cpu 2 --cpu-load 20 --quiet --timeout 60s,10,4/24/2026,12:40:47,11.38,7.07,12.06,,,
stress-ng --cpu 2 --cpu-load 20 --quiet --timeout 60s,10,4/24/2026,12:40:48,10.61,7.07,12.06,,,
stress-ng --cpu 2 --cpu-load 20 --quiet --timeout 60s,10,4/24/2026,12:40:49,10.89,7.07,12.23,,,
stress-ng --cpu 2 --cpu-load 20 --quiet --timeout 60s,10,4/24/2026,12:40:50,10.59,7.07,11.91,,,
stress-ng --cpu 2 --cpu-load 20 --quiet --timeout 60s,10,4/24/2026,12:40:51,11.33,7.07,11.91,,,
stress-ng --cpu 2 --cpu-load 20 --quiet --timeout 60s,10,4/24/2026,12:40:52,11.38,7.07,12.84,,,
stress-ng --cpu 2 --cpu-load 20 --quiet --timeout 60s,10,4/24/2026,12:40:53,11.22,7.07,12.43,,,
stress-ng --cpu 2 --cpu-load 20 --quiet --timeout 60s,10,4/24/2026,12:40:54,10.17,7.07,12.43,,,
stress-ng --cpu 2 --cpu-load 20 --quiet --timeout 60s,10,4/24/2026,12:40:55,10.19,7.07,12.28,,,
stress-ng --cpu 2 --cpu-load 20 --quiet --timeout 60s,10,4/24/2026,12:40:56,10.59,7.07,12.9,,,
stress-ng --cpu 2 --cpu-load 20 --quiet --timeout 60s,10,4/24/2026,12:40:57,11.88,7.07,12.9,,,
stress-ng --cpu 2 --cpu-load 20 --quiet --timeout 60s,10,4/24/2026,12:40:58,10.12,7.07,12.36,,,
stress-ng --cpu 2 --cpu-load 20 --quiet --timeout 60s,10,4/24/2026,12:40:59,11.57,7.07,12.97,,,
stress-ng --cpu 2 --cpu-load 20 --quiet --timeout 60s,10,4/24/2026,12:41:00,10.94,7.07,12.97,,,
stress-ng --cpu 2 --cpu-load 20 --quiet --timeout 60s,10,4/24/2026,12:41:01,9.87,7.07,11.91,,,
stress-ng --cpu 2 --cpu-load 20 --quiet --timeout 60s,10,4/24/2026,12:41:02,12.25,7.07,12.67,,,
stress-ng --cpu 2 --cpu-load 20 --quiet --timeout 60s,10,4/24/2026,12:41:03,10.69,7.07,12.67,,,
stress-ng --cpu 2 --cpu-load 20 --quiet --timeout 60s,10,4/24/2026,12:41:04,10.66,7.07,11.73,,,
stress-ng --cpu 2 --cpu-load 20 --quiet --timeout 60s,10,4/24/2026,12:41:05,11.38,7.07,12.64,,,
stress-ng --cpu 2 --cpu-load 20 --quiet --timeout 60s,10,4/24/2026,12:41:06,10.19,7.07,12.64,,,
stress-ng --cpu 2 --cpu-load 20 --quiet --timeout 60s,10,4/24/2026,12:41:07,11.63,7.07,12.27,,,
stress-ng --cpu 2 --cpu-load 20 --quiet --timeout 60s,10,4/24/2026,12:41:08,10.39,7.07,12.96,,,
stress-ng --cpu 2 --cpu-load 20 --quiet --timeout 60s,10,4/24/2026,12:41:09,10.91,7.07,12.96,,,
stress-ng --cpu 2 --cpu-load 20 --quiet --timeout 60s,10,4/24/2026,12:41:10,9.9,7.07,11.72,,,
stress-ng --cpu 2 --cpu-load 20 --quiet --timeout 60s,10,4/24/2026,12:41:11,12.03,7.07,12.96,,,
stress-ng --cpu 2 --cpu-load 20 --quiet --timeout 60s,10,4/24/2026,12:41:12,10.37,7.07,12.96,,,
stress-ng --cpu 2 --cpu-load 20 --quiet --timeout 60s,10,4/24/2026,12:41:13,11.79,7.07,11.86,,,
stress-ng --cpu 2 --cpu-load 20 --quiet --timeout 60s,10,4/24/2026,12:41:14,11.72,7.07,12.42,,,
stress-ng --cpu 2 --cpu-load 20 --quiet --timeout 60s,10,4/24/2026,12:41:15,9.62,7.07,12.42,,,
stress-ng --cpu 2 --cpu-load 20 --quiet --timeout 60s,10,4/24/2026,12:41:16,11,7.07,11.31,,,
stress-ng --cpu 2 --cpu-load 20 --quiet --timeout 60s,10,4/24/2026,12:41:17,11.3,7.07,13.34,,,
stress-ng --cpu 2 --cpu-load 20 --quiet --timeout 60s,10,4/24/2026,12:41:18,10.59,7.07,13.34,,,
stress-ng --cpu 2 --cpu-load 20 --quiet --timeout 60s,10,4/24/2026,12:41:19,11.51,7.07,11.88,,,
stress-ng --cpu 2 --cpu-load 20 --quiet --timeout 60s,10,4/24/2026,12:41:20,11.35,7.07,12.39,,,
stress-ng --cpu 2 --cpu-load 20 --quiet --timeout 60s,10,4/24/2026,12:41:21,11.13,7.07,12.39,,,
stress-ng --cpu 2 --cpu-load 20 --quiet --timeout 60s,10,4/24/2026,12:41:22,10.19,7.07,12.39,,,
stress-ng --cpu 2 --cpu-load 20 --quiet --timeout 60s,10,4/24/2026,12:41:23,11.33,7.07,12.73,,,
stress-ng --cpu 2 --cpu-load 20 --quiet --timeout 60s,10,4/24/2026,12:41:24,10.66,7.07,12.73,,,
stress-ng --cpu 2 --cpu-load 20 --quiet --timeout 60s,10,4/24/2026,12:41:25,12.12,7.07,11.86,,,
stress-ng --cpu 2 --cpu-load 20 --quiet --timeout 60s,10,4/24/2026,12:41:26,9.82,7.07,12,,,
stress-ng --cpu 2 --cpu-load 20 --quiet --timeout 60s,10,4/24/2026,12:41:27,11.51,7.07,12,,,
stress-ng --cpu 2 --cpu-load 20 --quiet --timeout 60s,10,4/24/2026,12:41:28,11.33,7.07,11.65,,,
stress-ng --cpu 2 --cpu-load 20 --quiet --timeout 60s,10,4/24/2026,12:41:29,11.44,7.07,12.15,,,
stress-ng --cpu 2 --cpu-load 20 --quiet --timeout 60s,10,4/24/2026,12:41:30,8.88,7.07,12.15,,,
stress-ng --cpu 2 --cpu-load 20 --quiet --timeout 60s,10,4/24/2026,12:41:31,12,7.07,11.79,,,
stress-ng --cpu 2 --cpu-load 20 --quiet --timeout 60s,10,4/24/2026,12:41:32,11.49,7.07,12.62,,,
stress-ng --cpu 2 --cpu-load 20 --quiet --timeout 60s,10,4/24/2026,12:41:33,11.49,7.07,12.62,,,
stress-ng --cpu 2 --cpu-load 20 --quiet --timeout 60s,10,4/24/2026,19:10:49,3.69,7.54,9.14,,,
stress-ng --cpu 2 --cpu-load 20 --quiet --timeout 60s,10,4/24/2026,19:10:50,11.05,7.54,9.14,,,
stress-ng --cpu 2 --cpu-load 20 --quiet --timeout 60s,10,4/24/2026,19:10:51,11.51,7.54,11.8,,,
stress-ng --cpu 2 --cpu-load 20 --quiet --timeout 60s,10,4/24/2026,19:10:52,11.54,7.54,11.8,,,
stress-ng --cpu 2 --cpu-load 20 --quiet --timeout 60s,10,4/24/2026,19:10:53,11.16,7.54,11.8,,,
stress-ng --cpu 2 --cpu-load 20 --quiet --timeout 60s,10,4/24/2026,19:10:54,9.92,7.54,11.42,,,
stress-ng --cpu 2 --cpu-load 20 --quiet --timeout 60s,10,4/24/2026,19:10:55,10.37,7.54,11.58,,,
stress-ng --cpu 2 --cpu-load 20 --quiet --timeout 60s,10,4/24/2026,19:10:56,10.83,7.54,11.58,,,
stress-ng --cpu 2 --cpu-load 20 --quiet --timeout 60s,10,4/24/2026,19:10:57,11.19,7.54,12.1,,,
stress-ng --cpu 2 --cpu-load 20 --quiet --timeout 60s,10,4/24/2026,19:10:58,11.33,7.54,11.57,,,
stress-ng --cpu 2 --cpu-load 20 --quiet --timeout 60s,10,4/24/2026,19:10:59,11.01,7.54,11.57,,,
stress-ng --cpu 2 --cpu-load 20 --quiet --timeout 60s,10,4/24/2026,19:11:00,10.69,7.54,11.65,,,
stress-ng --cpu 2 --cpu-load 20 --quiet --timeout 60s,10,4/24/2026,19:11:01,11.54,7.55,12.38,,,
stress-ng --cpu 2 --cpu-load 20 --quiet --timeout 60s,10,4/24/2026,19:11:02,10.94,7.55,12.38,,,
stress-ng --cpu 2 --cpu-load 20 --quiet --timeout 60s,10,4/24/2026,19:11:03,10.61,7.55,12.36,,,
stress-ng --cpu 2 --cpu-load 20 --quiet --timeout 60s,10,4/24/2026,19:11:04,11.85,7.55,11.91,,,
stress-ng --cpu 2 --cpu-load 20 --quiet --timeout 60s,10,4/24/2026,19:11:05,10.47,7.55,11.91,,,
stress-ng --cpu 2 --cpu-load 20 --quiet --timeout 60s,10,4/24/2026,19:11:06,10.17,7.55,11.24,,,
stress-ng --cpu 2 --cpu-load 20 --quiet --timeout 60s,10,4/24/2026,19:11:07,10.75,7.55,12.29,,,
stress-ng --cpu 2 --cpu-load 20 --quiet --timeout 60s,10,4/24/2026,19:11:08,11.57,7.55,12.29,,,
stress-ng --cpu 2 --cpu-load 20 --quiet --timeout 60s,10,4/24/2026,19:11:09,10.19,7.55,12.29,,,
stress-ng --cpu 2 --cpu-load 20 --quiet --timeout 60s,10,4/24/2026,19:11:10,10.94,7.55,12.11,,,
stress-ng --cpu 2 --cpu-load 20 --quiet --timeout 60s,10,4/24/2026,19:11:11,10.42,7.55,12.11,,,
stress-ng --cpu 2 --cpu-load 20 --quiet --timeout 60s,10,4/24/2026,19:11:12,10.86,7.55,12.21,,,
stress-ng --cpu 2 --cpu-load 20 --quiet --timeout 60s,10,4/24/2026,19:11:13,10.59,7.54,12.46,,,
stress-ng --cpu 2 --cpu-load 20 --quiet --timeout 60s,10,4/24/2026,19:11:14,11.85,7.54,12.46,,,
stress-ng --cpu 2 --cpu-load 20 --quiet --timeout 60s,10,4/24/2026,19:11:15,10.19,7.54,12.29,,,
stress-ng --cpu 2 --cpu-load 20 --quiet --timeout 60s,10,4/24/2026,19:11:16,10.66,7.54,12.25,,,
stress-ng --cpu 2 --cpu-load 20 --quiet --timeout 60s,10,4/24/2026,19:11:17,10.37,7.54,12.25,,,
stress-ng --cpu 2 --cpu-load 20 --quiet --timeout 60s,10,4/24/2026,19:11:18,11.08,7.54,12.22,,,
stress-ng --cpu 2 --cpu-load 20 --quiet --timeout 60s,10,4/24/2026,19:11:19,10.97,7.54,12.46,,,
stress-ng --cpu 2 --cpu-load 20 --quiet --timeout 60s,10,4/24/2026,19:11:20,9.15,7.54,12.46,,,
stress-ng --cpu 2 --cpu-load 20 --quiet --timeout 60s,10,4/24/2026,19:11:21,12.56,7.54,11.97,,,
stress-ng --cpu 2 --cpu-load 20 --quiet --timeout 60s,10,4/24/2026,19:11:22,11.16,7.54,12.37,,,
stress-ng --cpu 2 --cpu-load 20 --quiet --timeout 60s,10,4/24/2026,19:11:23,9.15,7.54,12.37,,,
stress-ng --cpu 2 --cpu-load 20 --quiet --timeout 60s,10,4/24/2026,19:11:24,11.63,7.54,12.25,,,
stress-ng --cpu 2 --cpu-load 20 --quiet --timeout 60s,10,4/24/2026,19:11:25,11.08,7.54,11.82,,,
stress-ng --cpu 2 --cpu-load 20 --quiet --timeout 60s,10,4/24/2026,19:11:26,9.92,7.54,11.82,,,
stress-ng --cpu 2 --cpu-load 20 --quiet --timeout 60s,10,4/24/2026,19:11:27,11.3,7.54,12.14,,,
stress-ng --cpu 2 --cpu-load 20 --quiet --timeout 60s,10,4/24/2026,19:11:28,11.02,7.54,12.58,,,
stress-ng --cpu 2 --cpu-load 20 --quiet --timeout 60s,10,4/24/2026,19:11:29,11.33,7.54,12.58,,,
stress-ng --cpu 2 --cpu-load 20 --quiet --timeout 60s,10,4/24/2026,19:11:30,10.17,7.54,11.77,,,
stress-ng --cpu 2 --cpu-load 20 --quiet --timeout 60s,10,4/24/2026,19:11:31,10.94,7.54,12.22,,,
stress-ng --cpu 2 --cpu-load 20 --quiet --timeout 60s,10,4/24/2026,19:11:32,10.64,7.54,12.22,,,
stress-ng --cpu 2 --cpu-load 20 --quiet --timeout 60s,10,4/24/2026,19:11:33,11.05,7.54,12.17,,,
stress-ng --cpu 2 --cpu-load 20 --quiet --timeout 60s,10,4/24/2026,19:11:34,11.49,7.54,12.24,,,
stress-ng --cpu 2 --cpu-load 20 --quiet --timeout 60s,10,4/24/2026,19:11:35,10.61,7.54,12.24,,,
stress-ng --cpu 2 --cpu-load 20 --quiet --timeout 60s,10,4/24/2026,19:11:36,10.69,7.54,12.17,,,
stress-ng --cpu 2 --cpu-load 20 --quiet --timeout 60s,10,4/24/2026,19:11:37,10.47,7.54,12.39,,,
stress-ng --cpu 2 --cpu-load 20 --quiet --timeout 60s,10,4/24/2026,19:11:38,10.34,7.54,12.9,,,
stress-ng --cpu 2 --cpu-load 20 --quiet --timeout 60s,10,4/24/2026,19:11:39,10.81,7.55,12.9,,,
stress-ng --cpu 2 --cpu-load 20 --quiet --timeout 60s,10,4/24/2026,19:11:40,11.3,7.55,12.32,,,
stress-ng --cpu 2 --cpu-load 20 --quiet --timeout 60s,10,4/24/2026,19:11:41,11.91,7.55,12.32,,,
stress-ng --cpu 2 --cpu-load 20 --quiet --timeout 60s,10,4/24/2026,19:11:42,10.61,7.55,12.04,,,
stress-ng --cpu 2 --cpu-load 20 --quiet --timeout 60s,10,4/24/2026,19:11:43,9.87,7.55,13.17,,,
stress-ng --cpu 2 --cpu-load 20 --quiet --timeout 60s,10,4/24/2026,19:11:44,10.56,7.55,13.17,,,
stress-ng --cpu 2 --cpu-load 20 --quiet --timeout 60s,10,4/24/2026,19:11:45,11.05,7.55,12.29,,,
stress-ng --cpu 2 --cpu-load 20 --quiet --timeout 60s,10,4/24/2026,19:11:46,11.02,7.55,12.23,,,
stress-ng --cpu 2 --cpu-load 20 --quiet --timeout 60s,10,4/24/2026,19:11:47,10.31,7.55,12.23,,,
stress-ng --cpu 2 --cpu-load 20 --quiet --timeout 60s,10,4/24/2026,19:11:48,11.27,7.55,12.65,,,
stress-ng --cpu 2 --cpu-load 20 --quiet --timeout 60s,10,4/24/2026,19:11:49,10.78,7.54,12.72,,,
stress-ng --cpu 2 --cpu-load 22 --quiet --timeout 60s,11,4/23/2026,22:56:02,7.59,6.61,9.09,,,
stress-ng --cpu 2 --cpu-load 22 --quiet --timeout 60s,11,4/23/2026,22:56:03,15.09,6.61,11.34,,,
stress-ng --cpu 2 --cpu-load 22 --quiet --timeout 60s,11,4/23/2026,22:56:04,11.88,6.61,11.34,,,
stress-ng --cpu 2 --cpu-load 22 --quiet --timeout 60s,11,4/23/2026,22:56:05,12.18,6.61,11.94,,,
stress-ng --cpu 2 --cpu-load 22 --quiet --timeout 60s,11,4/23/2026,22:56:06,10.86,6.61,12.19,,,
stress-ng --cpu 2 --cpu-load 22 --quiet --timeout 60s,11,4/23/2026,22:56:07,12.09,6.61,12.19,,,
stress-ng --cpu 2 --cpu-load 22 --quiet --timeout 60s,11,4/23/2026,22:56:08,12.83,6.61,12.66,,,
stress-ng --cpu 2 --cpu-load 22 --quiet --timeout 60s,11,4/23/2026,22:56:09,11.66,6.61,12.58,,,
stress-ng --cpu 2 --cpu-load 22 --quiet --timeout 60s,11,4/23/2026,22:56:10,11.91,6.6,12.58,,,
stress-ng --cpu 2 --cpu-load 22 --quiet --timeout 60s,11,4/23/2026,22:56:11,12.03,6.6,11.54,,,
stress-ng --cpu 2 --cpu-load 22 --quiet --timeout 60s,11,4/23/2026,22:56:12,12.15,6.6,12,,,
stress-ng --cpu 2 --cpu-load 22 --quiet --timeout 60s,11,4/23/2026,22:56:13,11.91,6.6,12,,,
stress-ng --cpu 2 --cpu-load 22 --quiet --timeout 60s,11,4/23/2026,22:56:14,11.88,6.6,13.06,,,
stress-ng --cpu 2 --cpu-load 22 --quiet --timeout 60s,11,4/23/2026,22:56:15,10.97,6.6,12.59,,,
stress-ng --cpu 2 --cpu-load 22 --quiet --timeout 60s,11,4/23/2026,22:56:16,13.72,6.6,12.59,,,
stress-ng --cpu 2 --cpu-load 22 --quiet --timeout 60s,11,4/23/2026,22:56:17,10.91,6.6,12.62,,,
stress-ng --cpu 2 --cpu-load 22 --quiet --timeout 60s,11,4/23/2026,22:56:18,13.97,6.6,12.69,,,
stress-ng --cpu 2 --cpu-load 22 --quiet --timeout 60s,11,4/23/2026,22:56:19,10.14,6.6,12.69,,,
stress-ng --cpu 2 --cpu-load 22 --quiet --timeout 60s,11,4/23/2026,22:56:20,12.62,6.6,11.65,,,
stress-ng --cpu 2 --cpu-load 22 --quiet --timeout 60s,11,4/23/2026,22:56:21,11.35,6.6,12.59,,,
stress-ng --cpu 2 --cpu-load 22 --quiet --timeout 60s,11,4/23/2026,22:56:22,12.77,6.6,12.59,,,
stress-ng --cpu 2 --cpu-load 22 --quiet --timeout 60s,11,4/23/2026,22:56:23,11.47,6.6,12.75,,,
stress-ng --cpu 2 --cpu-load 22 --quiet --timeout 60s,11,4/23/2026,22:56:24,11.41,6.6,12.77,,,
stress-ng --cpu 2 --cpu-load 22 --quiet --timeout 60s,11,4/23/2026,22:56:25,11.13,6.6,12.77,,,
stress-ng --cpu 2 --cpu-load 22 --quiet --timeout 60s,11,4/23/2026,22:56:26,12.59,6.6,12.48,,,
stress-ng --cpu 2 --cpu-load 22 --quiet --timeout 60s,11,4/23/2026,22:56:27,11.44,6.6,12.85,,,
stress-ng --cpu 2 --cpu-load 22 --quiet --timeout 60s,11,4/23/2026,22:56:28,12.18,6.6,12.85,,,
stress-ng --cpu 2 --cpu-load 22 --quiet --timeout 60s,11,4/23/2026,22:56:29,11.44,6.6,12.38,,,
stress-ng --cpu 2 --cpu-load 22 --quiet --timeout 60s,11,4/23/2026,22:56:30,11.41,6.6,12.64,,,
stress-ng --cpu 2 --cpu-load 22 --quiet --timeout 60s,11,4/23/2026,22:56:31,11.66,6.6,12.64,,,
stress-ng --cpu 2 --cpu-load 22 --quiet --timeout 60s,11,4/23/2026,22:56:32,11.16,6.6,11.95,,,
stress-ng --cpu 2 --cpu-load 22 --quiet --timeout 60s,11,4/23/2026,22:56:33,12.15,6.6,12.63,,,
stress-ng --cpu 2 --cpu-load 22 --quiet --timeout 60s,11,4/23/2026,22:56:34,11.47,6.6,12.63,,,
stress-ng --cpu 2 --cpu-load 22 --quiet --timeout 60s,11,4/23/2026,22:56:35,11.33,6.6,11.88,,,
stress-ng --cpu 2 --cpu-load 22 --quiet --timeout 60s,11,4/23/2026,22:56:36,12.03,6.6,12.6,,,
stress-ng --cpu 2 --cpu-load 22 --quiet --timeout 60s,11,4/23/2026,22:56:37,12.59,6.6,12.6,,,
stress-ng --cpu 2 --cpu-load 22 --quiet --timeout 60s,11,4/23/2026,22:56:38,11.72,6.6,12.04,,,
stress-ng --cpu 2 --cpu-load 22 --quiet --timeout 60s,11,4/23/2026,22:56:39,12.43,6.6,12.66,,,
stress-ng --cpu 2 --cpu-load 22 --quiet --timeout 60s,11,4/23/2026,22:56:40,10.34,6.6,12.66,,,
stress-ng --cpu 2 --cpu-load 22 --quiet --timeout 60s,11,4/23/2026,22:56:41,12.08,6.605,11.98,,,
stress-ng --cpu 2 --cpu-load 22 --quiet --timeout 60s,11,4/23/2026,22:56:42,13.82,6.61,12.27,,,
stress-ng --cpu 2 --cpu-load 22 --quiet --timeout 60s,11,4/23/2026,22:56:43,10.47,6.61,12.27,,,
stress-ng --cpu 2 --cpu-load 22 --quiet --timeout 60s,11,4/23/2026,22:56:44,11.63,6.61,12.47,,,
stress-ng --cpu 2 --cpu-load 22 --quiet --timeout 60s,11,4/23/2026,22:56:45,12.37,6.61,12.88,,,
stress-ng --cpu 2 --cpu-load 22 --quiet --timeout 60s,11,4/23/2026,22:56:46,12.43,6.61,12.88,,,
stress-ng --cpu 2 --cpu-load 22 --quiet --timeout 60s,11,4/23/2026,22:56:47,10.19,6.61,12.16,,,
stress-ng --cpu 2 --cpu-load 22 --quiet --timeout 60s,11,4/23/2026,22:56:48,12.87,6.61,13.21,,,
stress-ng --cpu 2 --cpu-load 22 --quiet --timeout 60s,11,4/23/2026,22:56:49,10.94,6.61,13.21,,,
stress-ng --cpu 2 --cpu-load 22 --quiet --timeout 60s,11,4/23/2026,22:56:50,13.15,6.61,12.32,,,
stress-ng --cpu 2 --cpu-load 22 --quiet --timeout 60s,11,4/23/2026,22:56:51,11.47,6.61,12.05,,,
stress-ng --cpu 2 --cpu-load 22 --quiet --timeout 60s,11,4/23/2026,22:56:52,11.66,6.61,12.05,,,
stress-ng --cpu 2 --cpu-load 22 --quiet --timeout 60s,11,4/23/2026,22:56:53,11.91,6.62,11.91,,,
stress-ng --cpu 2 --cpu-load 22 --quiet --timeout 60s,11,4/23/2026,22:56:54,12.12,6.62,12.04,,,
stress-ng --cpu 2 --cpu-load 22 --quiet --timeout 60s,11,4/23/2026,22:56:55,11.44,6.62,12.04,,,
stress-ng --cpu 2 --cpu-load 22 --quiet --timeout 60s,11,4/23/2026,22:56:56,12,6.62,12.46,,,
stress-ng --cpu 2 --cpu-load 22 --quiet --timeout 60s,11,4/23/2026,22:56:57,12.59,6.62,12.13,,,
stress-ng --cpu 2 --cpu-load 22 --quiet --timeout 60s,11,4/23/2026,22:56:58,11.97,6.62,12.13,,,
stress-ng --cpu 2 --cpu-load 22 --quiet --timeout 60s,11,4/23/2026,22:56:59,11.41,6.62,12.84,,,
stress-ng --cpu 2 --cpu-load 22 --quiet --timeout 60s,11,4/23/2026,22:57:00,11.41,6.62,12.8,,,
stress-ng --cpu 2 --cpu-load 22 --quiet --timeout 60s,11,4/23/2026,22:57:01,13.02,6.62,12.8,,,
stress-ng --cpu 2 --cpu-load 22 --quiet --timeout 60s,11,4/23/2026,22:57:02,11.41,6.61,12.55,,,
stress-ng --cpu 2 --cpu-load 22 --quiet --timeout 60s,11,4/24/2026,11:44:31,10.86,7.05,9.09,,,
stress-ng --cpu 2 --cpu-load 22 --quiet --timeout 60s,11,4/24/2026,11:44:32,12.25,7.05,10.02,,,
stress-ng --cpu 2 --cpu-load 22 --quiet --timeout 60s,11,4/24/2026,11:44:33,11.11,7.05,10.02,,,
stress-ng --cpu 2 --cpu-load 22 --quiet --timeout 60s,11,4/24/2026,11:44:34,13.62,7.05,11.65,,,
stress-ng --cpu 2 --cpu-load 22 --quiet --timeout 60s,11,4/24/2026,11:44:35,12.43,7.05,11.65,,,
stress-ng --cpu 2 --cpu-load 22 --quiet --timeout 60s,11,4/24/2026,11:44:36,11.63,7.05,11.8,,,
stress-ng --cpu 2 --cpu-load 22 --quiet --timeout 60s,11,4/24/2026,11:44:37,10.64,7.05,12.66,,,
stress-ng --cpu 2 --cpu-load 22 --quiet --timeout 60s,11,4/24/2026,11:44:38,12.5,7.05,12.77,,,
stress-ng --cpu 2 --cpu-load 22 --quiet --timeout 60s,11,4/24/2026,11:44:39,13.72,7.05,12.77,,,
stress-ng --cpu 2 --cpu-load 22 --quiet --timeout 60s,11,4/24/2026,11:44:40,12.315,7.05,12.2,,,
stress-ng --cpu 2 --cpu-load 22 --quiet --timeout 60s,11,4/24/2026,11:44:41,10.91,7.05,12.2,,,
stress-ng --cpu 2 --cpu-load 22 --quiet --timeout 60s,11,4/24/2026,11:44:42,12.18,7.05,12.54,,,
stress-ng --cpu 2 --cpu-load 22 --quiet --timeout 60s,11,4/24/2026,11:44:43,12.4,7.05,13.01,,,
stress-ng --cpu 2 --cpu-load 22 --quiet --timeout 60s,11,4/24/2026,11:44:44,10.69,7.05,13.01,,,
stress-ng --cpu 2 --cpu-load 22 --quiet --timeout 60s,11,4/24/2026,11:44:45,12.03,7.05,12.99,,,
stress-ng --cpu 2 --cpu-load 22 --quiet --timeout 60s,11,4/24/2026,11:44:46,12.87,7.05,12.63,,,
stress-ng --cpu 2 --cpu-load 22 --quiet --timeout 60s,11,4/24/2026,11:44:47,11.69,7.05,12.63,,,
stress-ng --cpu 2 --cpu-load 22 --quiet --timeout 60s,11,4/24/2026,11:44:48,11.66,7.05,11.19,,,
stress-ng --cpu 2 --cpu-load 22 --quiet --timeout 60s,11,4/24/2026,11:44:49,11.11,7.05,13.39,,,
stress-ng --cpu 2 --cpu-load 22 --quiet --timeout 60s,11,4/24/2026,11:44:50,12.77,7.05,13.39,,,
stress-ng --cpu 2 --cpu-load 22 --quiet --timeout 60s,11,4/24/2026,11:44:51,12.4,7.05,12.55,,,
stress-ng --cpu 2 --cpu-load 22 --quiet --timeout 60s,11,4/24/2026,11:44:52,11.97,7.05,12.31,,,
stress-ng --cpu 2 --cpu-load 22 --quiet --timeout 60s,11,4/24/2026,11:44:53,11.41,7.05,12.31,,,
stress-ng --cpu 2 --cpu-load 22 --quiet --timeout 60s,11,4/24/2026,11:44:54,11.11,7.05,12.65,,,
stress-ng --cpu 2 --cpu-load 22 --quiet --timeout 60s,11,4/24/2026,11:44:55,13.2,7.05,12.66,,,
stress-ng --cpu 2 --cpu-load 22 --quiet --timeout 60s,11,4/24/2026,11:44:56,11.47,7.05,12.66,,,
stress-ng --cpu 2 --cpu-load 22 --quiet --timeout 60s,11,4/24/2026,11:44:57,11.38,7.05,11.69,,,
stress-ng --cpu 2 --cpu-load 22 --quiet --timeout 60s,11,4/24/2026,11:44:58,11.6,7.05,12.35,,,
stress-ng --cpu 2 --cpu-load 22 --quiet --timeout 60s,11,4/24/2026,11:44:59,12.8,7.05,12.35,,,
stress-ng --cpu 2 --cpu-load 22 --quiet --timeout 60s,11,4/24/2026,11:45:00,11.44,7.05,12.49,,,
stress-ng --cpu 2 --cpu-load 22 --quiet --timeout 60s,11,4/24/2026,11:45:01,11.63,7.05,12.68,,,
stress-ng --cpu 2 --cpu-load 22 --quiet --timeout 60s,11,4/24/2026,11:45:02,12.59,7.05,12.68,,,
stress-ng --cpu 2 --cpu-load 22 --quiet --timeout 60s,11,4/24/2026,11:45:03,12.15,7.06,12.71,,,
stress-ng --cpu 2 --cpu-load 22 --quiet --timeout 60s,11,4/24/2026,11:45:04,10.91,7.06,13.18,,,
stress-ng --cpu 2 --cpu-load 22 --quiet --timeout 60s,11,4/24/2026,11:45:05,12.28,7.06,13.18,,,
stress-ng --cpu 2 --cpu-load 22 --quiet --timeout 60s,11,4/24/2026,11:45:06,12.56,7.06,12.5,,,
stress-ng --cpu 2 --cpu-load 22 --quiet --timeout 60s,11,4/24/2026,11:45:07,12.15,7.06,12.16,,,
stress-ng --cpu 2 --cpu-load 22 --quiet --timeout 60s,11,4/24/2026,11:45:08,12.96,7.06,12.16,,,
stress-ng --cpu 2 --cpu-load 22 --quiet --timeout 60s,11,4/24/2026,11:45:09,10.14,7.06,12.73,,,
stress-ng --cpu 2 --cpu-load 22 --quiet --timeout 60s,11,4/24/2026,11:45:10,12.25,7.06,11.32,,,
stress-ng --cpu 2 --cpu-load 22 --quiet --timeout 60s,11,4/24/2026,11:45:11,12.25,7.06,11.32,,,
stress-ng --cpu 2 --cpu-load 22 --quiet --timeout 60s,11,4/24/2026,11:45:12,12.19,7.06,12.53,,,
stress-ng --cpu 2 --cpu-load 22 --quiet --timeout 60s,11,4/24/2026,11:45:13,12.46,7.06,12.54,,,
stress-ng --cpu 2 --cpu-load 22 --quiet --timeout 60s,11,4/24/2026,11:45:14,12.12,7.06,12.54,,,
stress-ng --cpu 2 --cpu-load 22 --quiet --timeout 60s,11,4/24/2026,11:45:15,12.68,7.06,12.52,,,
stress-ng --cpu 2 --cpu-load 22 --quiet --timeout 60s,11,4/24/2026,11:45:16,11.69,7.06,12.52,,,
stress-ng --cpu 2 --cpu-load 22 --quiet --timeout 60s,11,4/24/2026,11:45:17,11.19,7.06,12.52,,,
stress-ng --cpu 2 --cpu-load 22 --quiet --timeout 60s,11,4/24/2026,11:45:18,11.35,7.06,12.67,,,
stress-ng --cpu 2 --cpu-load 22 --quiet --timeout 60s,11,4/24/2026,11:45:19,12.56,7.06,12.43,,,
stress-ng --cpu 2 --cpu-load 22 --quiet --timeout 60s,11,4/24/2026,11:45:20,10.91,7.06,12.43,,,
stress-ng --cpu 2 --cpu-load 22 --quiet --timeout 60s,11,4/24/2026,11:45:21,11.76,7.06,12.54,,,
stress-ng --cpu 2 --cpu-load 22 --quiet --timeout 60s,11,4/24/2026,11:45:22,13.02,7.06,11.77,,,
stress-ng --cpu 2 --cpu-load 22 --quiet --timeout 60s,11,4/24/2026,11:45:23,11.72,7.06,11.77,,,
stress-ng --cpu 2 --cpu-load 22 --quiet --timeout 60s,11,4/24/2026,11:45:24,10.42,7.06,13.05,,,
stress-ng --cpu 2 --cpu-load 22 --quiet --timeout 60s,11,4/24/2026,11:45:25,13.02,7.06,12.36,,,
stress-ng --cpu 2 --cpu-load 22 --quiet --timeout 60s,11,4/24/2026,11:45:26,11.57,7.06,12.36,,,
stress-ng --cpu 2 --cpu-load 22 --quiet --timeout 60s,11,4/24/2026,11:45:27,13.05,7.06,12.06,,,
stress-ng --cpu 2 --cpu-load 22 --quiet --timeout 60s,11,4/24/2026,11:45:28,10.42,7.06,12.37,,,
stress-ng --cpu 2 --cpu-load 22 --quiet --timeout 60s,11,4/24/2026,11:45:29,12.59,7.06,12.37,,,
stress-ng --cpu 2 --cpu-load 22 --quiet --timeout 60s,11,4/24/2026,11:45:30,12.8,7.06,12.69,,,
stress-ng --cpu 2 --cpu-load 22 --quiet --timeout 60s,11,4/24/2026,11:45:31,7.17,7.04,11.47,,,
stress-ng --cpu 2 --cpu-load 22 --quiet --timeout 60s,11,4/24/2026,16:32:43,4.18,7.57,9.04,,,
stress-ng --cpu 2 --cpu-load 22 --quiet --timeout 60s,11,4/24/2026,16:32:44,11.33,7.58,9.33,,,
stress-ng --cpu 2 --cpu-load 22 --quiet --timeout 60s,11,4/24/2026,16:32:45,12.77,7.58,11.26,,,
stress-ng --cpu 2 --cpu-load 22 --quiet --timeout 60s,11,4/24/2026,16:32:46,12.77,7.58,11.26,,,
stress-ng --cpu 2 --cpu-load 22 --quiet --timeout 60s,11,4/24/2026,16:32:47,11.88,7.58,11.92,,,
stress-ng --cpu 2 --cpu-load 22 --quiet --timeout 60s,11,4/24/2026,16:32:48,11.41,7.58,11.92,,,
stress-ng --cpu 2 --cpu-load 22 --quiet --timeout 60s,11,4/24/2026,16:32:49,12.12,7.58,12.31,,,
stress-ng --cpu 2 --cpu-load 22 --quiet --timeout 60s,11,4/24/2026,16:32:50,12.06,7.58,11.78,,,
stress-ng --cpu 2 --cpu-load 22 --quiet --timeout 60s,11,4/24/2026,16:32:51,11.33,7.58,11.78,,,
stress-ng --cpu 2 --cpu-load 22 --quiet --timeout 60s,11,4/24/2026,16:32:52,12.8,7.58,12.67,,,
stress-ng --cpu 2 --cpu-load 22 --quiet --timeout 60s,11,4/24/2026,16:32:53,11.72,7.57,12.67,,,
stress-ng --cpu 2 --cpu-load 22 --quiet --timeout 60s,11,4/24/2026,16:32:54,11.69,7.57,12.67,,,
stress-ng --cpu 2 --cpu-load 22 --quiet --timeout 60s,11,4/24/2026,16:32:55,11.41,7.57,12.42,,,
stress-ng --cpu 2 --cpu-load 22 --quiet --timeout 60s,11,4/24/2026,16:32:56,11.76,7.57,12.23,,,
stress-ng --cpu 2 --cpu-load 22 --quiet --timeout 60s,11,4/24/2026,16:32:57,13.05,7.57,12.23,,,
stress-ng --cpu 2 --cpu-load 22 --quiet --timeout 60s,11,4/24/2026,16:32:58,11.22,7.57,12.64,,,
stress-ng --cpu 2 --cpu-load 22 --quiet --timeout 60s,11,4/24/2026,16:32:59,11.13,7.57,12.74,,,
stress-ng --cpu 2 --cpu-load 22 --quiet --timeout 60s,11,4/24/2026,16:33:00,12.5,7.57,12.74,,,
stress-ng --cpu 2 --cpu-load 22 --quiet --timeout 60s,11,4/24/2026,16:33:01,11.66,7.57,12.38,,,
stress-ng --cpu 2 --cpu-load 22 --quiet --timeout 60s,11,4/24/2026,16:33:02,11.79,7.57,12.39,,,
stress-ng --cpu 2 --cpu-load 22 --quiet --timeout 60s,11,4/24/2026,16:33:03,13.02,7.57,12.39,,,
stress-ng --cpu 2 --cpu-load 22 --quiet --timeout 60s,11,4/24/2026,16:33:04,11.72,7.57,12.74,,,
stress-ng --cpu 2 --cpu-load 22 --quiet --timeout 60s,11,4/24/2026,16:33:05,10.86,7.57,12.38,,,
stress-ng --cpu 2 --cpu-load 22 --quiet --timeout 60s,11,4/24/2026,16:33:06,12.34,7.57,12.38,,,
stress-ng --cpu 2 --cpu-load 22 --quiet --timeout 60s,11,4/24/2026,16:33:07,11.91,7.57,12.58,,,
stress-ng --cpu 2 --cpu-load 22 --quiet --timeout 60s,11,4/24/2026,16:33:08,11.41,7.57,12.59,,,
stress-ng --cpu 2 --cpu-load 22 --quiet --timeout 60s,11,4/24/2026,16:33:09,11.94,7.57,12.59,,,
stress-ng --cpu 2 --cpu-load 22 --quiet --timeout 60s,11,4/24/2026,16:33:10,11.19,7.57,12.5,,,
stress-ng --cpu 2 --cpu-load 22 --quiet --timeout 60s,11,4/24/2026,16:33:11,12.18,7.57,12.31,,,
stress-ng --cpu 2 --cpu-load 22 --quiet --timeout 60s,11,4/24/2026,16:33:12,11.6,7.57,12.31,,,
stress-ng --cpu 2 --cpu-load 22 --quiet --timeout 60s,11,4/24/2026,16:33:13,11.69,7.57,12.88,,,
stress-ng --cpu 2 --cpu-load 22 --quiet --timeout 60s,11,4/24/2026,16:33:14,11.935,7.57,12.65,,,
stress-ng --cpu 2 --cpu-load 22 --quiet --timeout 60s,11,4/24/2026,16:33:15,12.18,7.57,12.65,,,
stress-ng --cpu 2 --cpu-load 22 --quiet --timeout 60s,11,4/24/2026,16:33:16,11.16,7.57,12.24,,,
stress-ng --cpu 2 --cpu-load 22 --quiet --timeout 60s,11,4/24/2026,16:33:17,11.69,7.57,12.65,,,
stress-ng --cpu 2 --cpu-load 22 --quiet --timeout 60s,11,4/24/2026,16:33:18,11.6,7.57,12.65,,,
stress-ng --cpu 2 --cpu-load 22 --quiet --timeout 60s,11,4/24/2026,16:33:19,12.34,7.57,12.38,,,
stress-ng --cpu 2 --cpu-load 22 --quiet --timeout 60s,11,4/24/2026,16:33:20,11.63,7.57,12.07,,,
stress-ng --cpu 2 --cpu-load 22 --quiet --timeout 60s,11,4/24/2026,16:33:21,12.59,7.57,12.07,,,
stress-ng --cpu 2 --cpu-load 22 --quiet --timeout 60s,11,4/24/2026,16:33:22,11.38,7.57,12.09,,,
stress-ng --cpu 2 --cpu-load 22 --quiet --timeout 60s,11,4/24/2026,16:33:23,11.11,7.57,12.8,,,
stress-ng --cpu 2 --cpu-load 22 --quiet --timeout 60s,11,4/24/2026,16:33:24,12.22,7.57,12.8,,,
stress-ng --cpu 2 --cpu-load 22 --quiet --timeout 60s,11,4/24/2026,16:33:25,13.33,7.57,12.66,,,
stress-ng --cpu 2 --cpu-load 22 --quiet --timeout 60s,11,4/24/2026,16:33:26,11.16,7.57,12.42,,,
stress-ng --cpu 2 --cpu-load 22 --quiet --timeout 60s,11,4/24/2026,16:33:27,12.15,7.57,12.42,,,
stress-ng --cpu 2 --cpu-load 22 --quiet --timeout 60s,11,4/24/2026,16:33:28,11.69,7.57,12.72,,,
stress-ng --cpu 2 --cpu-load 22 --quiet --timeout 60s,11,4/24/2026,16:33:29,11.88,7.57,12.72,,,
stress-ng --cpu 2 --cpu-load 22 --quiet --timeout 60s,11,4/24/2026,16:33:30,11.41,7.57,11.81,,,
stress-ng --cpu 2 --cpu-load 22 --quiet --timeout 60s,11,4/24/2026,16:33:31,12.37,7.57,12.08,,,
stress-ng --cpu 2 --cpu-load 22 --quiet --timeout 60s,11,4/24/2026,16:33:32,12.4,7.57,12.08,,,
stress-ng --cpu 2 --cpu-load 22 --quiet --timeout 60s,11,4/24/2026,16:33:33,11.97,7.57,12.34,,,
stress-ng --cpu 2 --cpu-load 22 --quiet --timeout 60s,11,4/24/2026,16:33:34,11.13,7.57,12.22,,,
stress-ng --cpu 2 --cpu-load 22 --quiet --timeout 60s,11,4/24/2026,16:33:35,12.46,7.57,12.22,,,
stress-ng --cpu 2 --cpu-load 22 --quiet --timeout 60s,11,4/24/2026,16:33:36,11.13,7.57,12.6,,,
stress-ng --cpu 2 --cpu-load 22 --quiet --timeout 60s,11,4/24/2026,16:33:37,12.21,7.57,12.72,,,
stress-ng --cpu 2 --cpu-load 22 --quiet --timeout 60s,11,4/24/2026,16:33:38,11.66,7.57,12.72,,,
stress-ng --cpu 2 --cpu-load 22 --quiet --timeout 60s,11,4/24/2026,16:33:39,12.21,7.57,12.77,,,
stress-ng --cpu 2 --cpu-load 22 --quiet --timeout 60s,11,4/24/2026,16:33:40,10.39,7.57,12.17,,,
stress-ng --cpu 2 --cpu-load 22 --quiet --timeout 60s,11,4/24/2026,16:33:41,12,7.57,12.17,,,
stress-ng --cpu 2 --cpu-load 22 --quiet --timeout 60s,11,4/24/2026,16:33:42,12.06,7.57,12.01,,,
stress-ng --cpu 2 --cpu-load 22 --quiet --timeout 60s,11,4/24/2026,16:33:43,12.34,7.57,12.02,,,
stress-ng --cpu 2 --cpu-load 24 --quiet --timeout 60s,12,4/24/2026,3:02:10,7.63,6.58,9.5,,,
stress-ng --cpu 2 --cpu-load 24 --quiet --timeout 60s,12,4/24/2026,3:02:11,11.97,6.58,10.69,,,
stress-ng --cpu 2 --cpu-load 24 --quiet --timeout 60s,12,4/24/2026,3:02:12,13.82,6.58,10.69,,,
stress-ng --cpu 2 --cpu-load 24 --quiet --timeout 60s,12,4/24/2026,3:02:13,12.62,6.58,10.69,,,
stress-ng --cpu 2 --cpu-load 24 --quiet --timeout 60s,12,4/24/2026,3:02:14,13.21,6.58,11.17,,,
stress-ng --cpu 2 --cpu-load 24 --quiet --timeout 60s,12,4/24/2026,3:02:15,12.15,6.58,11.36,,,
stress-ng --cpu 2 --cpu-load 24 --quiet --timeout 60s,12,4/24/2026,3:02:16,12.87,6.58,11.36,,,
stress-ng --cpu 2 --cpu-load 24 --quiet --timeout 60s,12,4/24/2026,3:02:17,12.59,6.58,13.26,,,
stress-ng --cpu 2 --cpu-load 24 --quiet --timeout 60s,12,4/24/2026,3:02:18,13.54,6.58,13.26,,,
stress-ng --cpu 2 --cpu-load 24 --quiet --timeout 60s,12,4/24/2026,3:02:19,13.58,6.58,13.26,,,
stress-ng --cpu 2 --cpu-load 24 --quiet --timeout 60s,12,4/24/2026,3:02:20,11.91,6.58,13.2,,,
stress-ng --cpu 2 --cpu-load 24 --quiet --timeout 60s,12,4/24/2026,3:02:21,12.77,6.58,12.74,,,
stress-ng --cpu 2 --cpu-load 24 --quiet --timeout 60s,12,4/24/2026,3:02:22,13.14,6.58,12.74,,,
stress-ng --cpu 2 --cpu-load 24 --quiet --timeout 60s,12,4/24/2026,3:02:23,13.51,6.58,12.85,,,
stress-ng --cpu 2 --cpu-load 24 --quiet --timeout 60s,12,4/24/2026,3:02:24,13.86,6.58,12.99,,,
stress-ng --cpu 2 --cpu-load 24 --quiet --timeout 60s,12,4/24/2026,3:02:25,12,6.58,12.99,,,
stress-ng --cpu 2 --cpu-load 24 --quiet --timeout 60s,12,4/24/2026,3:02:26,12.37,6.58,12.83,,,
stress-ng --cpu 2 --cpu-load 24 --quiet --timeout 60s,12,4/24/2026,3:02:27,13.51,6.58,13.18,,,
stress-ng --cpu 2 --cpu-load 24 --quiet --timeout 60s,12,4/24/2026,3:02:28,13.68,6.58,13.18,,,
stress-ng --cpu 2 --cpu-load 24 --quiet --timeout 60s,12,4/24/2026,3:02:29,11.38,6.58,12.81,,,
stress-ng --cpu 2 --cpu-load 24 --quiet --timeout 60s,12,4/24/2026,3:02:30,13.54,6.58,12.84,,,
stress-ng --cpu 2 --cpu-load 24 --quiet --timeout 60s,12,4/24/2026,3:02:31,13.39,6.58,12.84,,,
stress-ng --cpu 2 --cpu-load 24 --quiet --timeout 60s,12,4/24/2026,3:02:32,11.82,6.58,12.54,,,
stress-ng --cpu 2 --cpu-load 24 --quiet --timeout 60s,12,4/24/2026,3:02:33,14.32,6.58,13.38,,,
stress-ng --cpu 2 --cpu-load 24 --quiet --timeout 60s,12,4/24/2026,3:02:34,11.88,6.58,13.38,,,
stress-ng --cpu 2 --cpu-load 24 --quiet --timeout 60s,12,4/24/2026,3:02:35,13.82,6.58,12.1,,,
stress-ng --cpu 2 --cpu-load 24 --quiet --timeout 60s,12,4/24/2026,3:02:36,12.18,6.58,12.66,,,
stress-ng --cpu 2 --cpu-load 24 --quiet --timeout 60s,12,4/24/2026,3:02:37,12.59,6.58,12.66,,,
stress-ng --cpu 2 --cpu-load 24 --quiet --timeout 60s,12,4/24/2026,3:02:38,13.58,6.58,13.74,,,
stress-ng --cpu 2 --cpu-load 24 --quiet --timeout 60s,12,4/24/2026,3:02:39,12.74,6.58,12.49,,,
stress-ng --cpu 2 --cpu-load 24 --quiet --timeout 60s,12,4/24/2026,3:02:40,14.1,6.58,12.49,,,
stress-ng --cpu 2 --cpu-load 24 --quiet --timeout 60s,12,4/24/2026,3:02:41,11.35,6.58,11.94,,,
stress-ng --cpu 2 --cpu-load 24 --quiet --timeout 60s,12,4/24/2026,3:02:42,14.07,6.58,12.4,,,
stress-ng --cpu 2 --cpu-load 24 --quiet --timeout 60s,12,4/24/2026,3:02:43,12.65,6.58,13.28,,,
stress-ng --cpu 2 --cpu-load 24 --quiet --timeout 60s,12,4/24/2026,3:02:44,12.74,6.58,13.28,,,
stress-ng --cpu 2 --cpu-load 24 --quiet --timeout 60s,12,4/24/2026,3:02:45,13.33,6.58,12.35,,,
stress-ng --cpu 2 --cpu-load 24 --quiet --timeout 60s,12,4/24/2026,3:02:46,12.15,6.58,12.35,,,
stress-ng --cpu 2 --cpu-load 24 --quiet --timeout 60s,12,4/24/2026,3:02:47,13.44,6.58,12.44,,,
stress-ng --cpu 2 --cpu-load 24 --quiet --timeout 60s,12,4/24/2026,3:02:48,13.33,6.58,12.82,,,
stress-ng --cpu 2 --cpu-load 24 --quiet --timeout 60s,12,4/24/2026,3:02:49,11.85,6.58,12.82,,,
stress-ng --cpu 2 --cpu-load 24 --quiet --timeout 60s,12,4/24/2026,3:02:50,13.51,6.58,12.89,,,
stress-ng --cpu 2 --cpu-load 24 --quiet --timeout 60s,12,4/24/2026,3:02:51,13.75,6.58,12.32,,,
stress-ng --cpu 2 --cpu-load 24 --quiet --timeout 60s,12,4/24/2026,3:02:52,12.37,6.58,12.32,,,
stress-ng --cpu 2 --cpu-load 24 --quiet --timeout 60s,12,4/24/2026,3:02:53,13.33,6.58,11.64,,,
stress-ng --cpu 2 --cpu-load 24 --quiet --timeout 60s,12,4/24/2026,3:02:54,13.36,6.58,12.82,,,
stress-ng --cpu 2 --cpu-load 24 --quiet --timeout 60s,12,4/24/2026,3:02:55,12.4,6.58,12.82,,,
stress-ng --cpu 2 --cpu-load 24 --quiet --timeout 60s,12,4/24/2026,3:02:56,13.15,6.58,12.75,,,
stress-ng --cpu 2 --cpu-load 24 --quiet --timeout 60s,12,4/24/2026,3:02:57,12.71,6.58,12.36,,,
stress-ng --cpu 2 --cpu-load 24 --quiet --timeout 60s,12,4/24/2026,3:02:58,12.15,6.58,13.23,,,
stress-ng --cpu 2 --cpu-load 24 --quiet --timeout 60s,12,4/24/2026,3:02:59,13.36,6.58,13.23,,,
stress-ng --cpu 2 --cpu-load 24 --quiet --timeout 60s,12,4/24/2026,3:03:00,13.08,6.58,12.93,,,
stress-ng --cpu 2 --cpu-load 24 --quiet --timeout 60s,12,4/24/2026,3:03:01,12.15,6.58,12.93,,,
stress-ng --cpu 2 --cpu-load 24 --quiet --timeout 60s,12,4/24/2026,3:03:02,13.36,6.58,11.53,,,
stress-ng --cpu 2 --cpu-load 24 --quiet --timeout 60s,12,4/24/2026,3:03:03,12.18,6.58,12.5,,,
stress-ng --cpu 2 --cpu-load 24 --quiet --timeout 60s,12,4/24/2026,3:03:04,13.43,6.58,12.5,,,
stress-ng --cpu 2 --cpu-load 24 --quiet --timeout 60s,12,4/24/2026,3:03:05,13.43,6.58,12.75,,,
stress-ng --cpu 2 --cpu-load 24 --quiet --timeout 60s,12,4/24/2026,3:03:06,12.18,6.58,12.7,,,
stress-ng --cpu 2 --cpu-load 24 --quiet --timeout 60s,12,4/24/2026,3:03:07,12.62,6.58,12.7,,,
stress-ng --cpu 2 --cpu-load 24 --quiet --timeout 60s,12,4/24/2026,3:03:08,13.3,6.58,12.36,,,
stress-ng --cpu 2 --cpu-load 24 --quiet --timeout 60s,12,4/24/2026,3:03:09,12.15,6.58,11.69,,,
stress-ng --cpu 2 --cpu-load 24 --quiet --timeout 60s,12,4/24/2026,3:03:10,13.89,6.58,11.69,,,
stress-ng --cpu 2 --cpu-load 24 --quiet --timeout 60s,12,4/24/2026,11:28:29,7.88,7.06,8.8,,,
stress-ng --cpu 2 --cpu-load 24 --quiet --timeout 60s,12,4/24/2026,11:28:30,13.93,7.06,10.73,,,
stress-ng --cpu 2 --cpu-load 24 --quiet --timeout 60s,12,4/24/2026,11:28:31,14.85,7.06,10.73,,,
stress-ng --cpu 2 --cpu-load 24 --quiet --timeout 60s,12,4/24/2026,11:28:32,11.6,7.06,11.61,,,
stress-ng --cpu 2 --cpu-load 24 --quiet --timeout 60s,12,4/24/2026,11:28:33,12.325,7.065,11.48,,,
stress-ng --cpu 2 --cpu-load 24 --quiet --timeout 60s,12,4/24/2026,11:28:34,13.05,7.07,11.48,,,
stress-ng --cpu 2 --cpu-load 24 --quiet --timeout 60s,12,4/24/2026,11:28:35,12.4,7.07,11.96,,,
stress-ng --cpu 2 --cpu-load 24 --quiet --timeout 60s,12,4/24/2026,11:28:36,12.18,7.07,13.27,,,
stress-ng --cpu 2 --cpu-load 24 --quiet --timeout 60s,12,4/24/2026,11:28:37,14.53,7.07,13.27,,,
stress-ng --cpu 2 --cpu-load 24 --quiet --timeout 60s,12,4/24/2026,11:28:38,11.75,7.07,12.99,,,
stress-ng --cpu 2 --cpu-load 24 --quiet --timeout 60s,12,4/24/2026,11:28:39,12.37,7.07,12.72,,,
stress-ng --cpu 2 --cpu-load 24 --quiet --timeout 60s,12,4/24/2026,11:28:40,15.38,7.07,12.72,,,
stress-ng --cpu 2 --cpu-load 24 --quiet --timeout 60s,12,4/24/2026,11:28:41,12.12,7.07,12.64,,,
stress-ng --cpu 2 --cpu-load 24 --quiet --timeout 60s,12,4/24/2026,11:28:42,13.17,7.07,12.1,,,
stress-ng --cpu 2 --cpu-load 24 --quiet --timeout 60s,12,4/24/2026,11:28:43,13.05,7.07,12.1,,,
stress-ng --cpu 2 --cpu-load 24 --quiet --timeout 60s,12,4/24/2026,11:28:44,13.48,7.07,12.84,,,
stress-ng --cpu 2 --cpu-load 24 --quiet --timeout 60s,12,4/24/2026,11:28:45,14.07,7.07,12.71,,,
stress-ng --cpu 2 --cpu-load 24 --quiet --timeout 60s,12,4/24/2026,11:28:46,11.72,7.07,12.71,,,
stress-ng --cpu 2 --cpu-load 24 --quiet --timeout 60s,12,4/24/2026,11:28:47,12.12,7.07,12.44,,,
stress-ng --cpu 2 --cpu-load 24 --quiet --timeout 60s,12,4/24/2026,11:28:48,13.61,7.07,12.73,,,
stress-ng --cpu 2 --cpu-load 24 --quiet --timeout 60s,12,4/24/2026,11:28:49,12.4,7.07,12.73,,,
stress-ng --cpu 2 --cpu-load 24 --quiet --timeout 60s,12,4/24/2026,11:28:50,14.32,7.07,13.15,,,
stress-ng --cpu 2 --cpu-load 24 --quiet --timeout 60s,12,4/24/2026,11:28:51,12.59,7.07,12.59,,,
stress-ng --cpu 2 --cpu-load 24 --quiet --timeout 60s,12,4/24/2026,11:28:52,13.9,7.07,12.59,,,
stress-ng --cpu 2 --cpu-load 24 --quiet --timeout 60s,12,4/24/2026,11:28:53,13.82,7.07,11.52,,,
stress-ng --cpu 2 --cpu-load 24 --quiet --timeout 60s,12,4/24/2026,11:28:54,11.41,7.07,12.56,,,
stress-ng --cpu 2 --cpu-load 24 --quiet --timeout 60s,12,4/24/2026,11:28:55,14.07,7.07,12.56,,,
stress-ng --cpu 2 --cpu-load 24 --quiet --timeout 60s,12,4/24/2026,11:28:56,11.85,7.07,13.04,,,
stress-ng --cpu 2 --cpu-load 24 --quiet --timeout 60s,12,4/24/2026,11:28:57,13.82,7.07,12.51,,,
stress-ng --cpu 2 --cpu-load 24 --quiet --timeout 60s,12,4/24/2026,11:28:58,12.18,7.07,12.51,,,
stress-ng --cpu 2 --cpu-load 24 --quiet --timeout 60s,12,4/24/2026,11:28:59,12.9,7.07,12.65,,,
stress-ng --cpu 2 --cpu-load 24 --quiet --timeout 60s,12,4/24/2026,11:29:00,12.43,7.07,12.88,,,
stress-ng --cpu 2 --cpu-load 24 --quiet --timeout 60s,12,4/24/2026,11:29:01,12.65,7.07,12.88,,,
stress-ng --cpu 2 --cpu-load 24 --quiet --timeout 60s,12,4/24/2026,11:29:02,12.93,7.07,12.62,,,
stress-ng --cpu 2 --cpu-load 24 --quiet --timeout 60s,12,4/24/2026,11:29:03,12.15,7.07,12.56,,,
stress-ng --cpu 2 --cpu-load 24 --quiet --timeout 60s,12,4/24/2026,11:29:04,14.14,7.07,12.56,,,
stress-ng --cpu 2 --cpu-load 24 --quiet --timeout 60s,12,4/24/2026,11:29:05,11.66,7.07,12.52,,,
stress-ng --cpu 2 --cpu-load 24 --quiet --timeout 60s,12,4/24/2026,11:29:06,13.39,7.07,13.08,,,
stress-ng --cpu 2 --cpu-load 24 --quiet --timeout 60s,12,4/24/2026,11:29:07,12.4,7.07,13.08,,,
stress-ng --cpu 2 --cpu-load 24 --quiet --timeout 60s,12,4/24/2026,11:29:08,13.54,7.07,11.78,,,
stress-ng --cpu 2 --cpu-load 24 --quiet --timeout 60s,12,4/24/2026,11:29:09,12.43,7.07,12.28,,,
stress-ng --cpu 2 --cpu-load 24 --quiet --timeout 60s,12,4/24/2026,11:29:10,13.15,7.07,12.28,,,
stress-ng --cpu 2 --cpu-load 24 --quiet --timeout 60s,12,4/24/2026,11:29:11,12.12,7.07,12.92,,,
stress-ng --cpu 2 --cpu-load 24 --quiet --timeout 60s,12,4/24/2026,11:29:12,14.56,7.07,12.34,,,
stress-ng --cpu 2 --cpu-load 24 --quiet --timeout 60s,12,4/24/2026,11:29:13,12.21,7.07,12.34,,,
stress-ng --cpu 2 --cpu-load 24 --quiet --timeout 60s,12,4/24/2026,11:29:14,12.09,7.07,12.14,,,
stress-ng --cpu 2 --cpu-load 24 --quiet --timeout 60s,12,4/24/2026,11:29:15,13.54,7.07,12.62,,,
stress-ng --cpu 2 --cpu-load 24 --quiet --timeout 60s,12,4/24/2026,11:29:16,13.68,7.07,12.62,,,
stress-ng --cpu 2 --cpu-load 24 --quiet --timeout 60s,12,4/24/2026,11:29:17,11.94,7.07,12.96,,,
stress-ng --cpu 2 --cpu-load 24 --quiet --timeout 60s,12,4/24/2026,11:29:18,13.36,7.07,12.89,,,
stress-ng --cpu 2 --cpu-load 24 --quiet --timeout 60s,12,4/24/2026,11:29:19,12.4,7.07,12.89,,,
stress-ng --cpu 2 --cpu-load 24 --quiet --timeout 60s,12,4/24/2026,11:29:20,14.1,7.07,12.44,,,
stress-ng --cpu 2 --cpu-load 24 --quiet --timeout 60s,12,4/24/2026,11:29:21,11.13,7.07,13.01,,,
stress-ng --cpu 2 --cpu-load 24 --quiet --timeout 60s,12,4/24/2026,11:29:22,13.05,7.07,13.01,,,
stress-ng --cpu 2 --cpu-load 24 --quiet --timeout 60s,12,4/24/2026,11:29:23,13.3,7.07,12.65,,,
stress-ng --cpu 2 --cpu-load 24 --quiet --timeout 60s,12,4/24/2026,11:29:24,13.33,7.07,12.2,,,
stress-ng --cpu 2 --cpu-load 24 --quiet --timeout 60s,12,4/24/2026,11:29:25,12.09,7.07,12.2,,,
stress-ng --cpu 2 --cpu-load 24 --quiet --timeout 60s,12,4/24/2026,11:29:26,13.51,7.07,12.63,,,
stress-ng --cpu 2 --cpu-load 24 --quiet --timeout 60s,12,4/24/2026,11:29:27,12.87,7.07,12.73,,,
stress-ng --cpu 2 --cpu-load 24 --quiet --timeout 60s,12,4/24/2026,11:29:28,12.8,7.07,12.73,,,
stress-ng --cpu 2 --cpu-load 24 --quiet --timeout 60s,12,4/24/2026,11:29:29,13.23,7.07,12.01,,,
stress-ng --cpu 2 --cpu-load 24 --quiet --timeout 60s,12,4/24/2026,20:34:52,1.96,7.56,9.2,,,
stress-ng --cpu 2 --cpu-load 24 --quiet --timeout 60s,12,4/24/2026,20:34:53,10.37,7.57,10.01,,,
stress-ng --cpu 2 --cpu-load 24 --quiet --timeout 60s,12,4/24/2026,20:34:54,12.06,7.57,11.52,,,
stress-ng --cpu 2 --cpu-load 24 --quiet --timeout 60s,12,4/24/2026,20:34:55,13.05,7.57,11.52,,,
stress-ng --cpu 2 --cpu-load 24 --quiet --timeout 60s,12,4/24/2026,20:34:56,13.75,7.57,12.85,,,
stress-ng --cpu 2 --cpu-load 24 --quiet --timeout 60s,12,4/24/2026,20:34:57,12.18,7.57,12.84,,,
stress-ng --cpu 2 --cpu-load 24 --quiet --timeout 60s,12,4/24/2026,20:34:58,12.4,7.57,12.84,,,
stress-ng --cpu 2 --cpu-load 24 --quiet --timeout 60s,12,4/24/2026,20:34:59,12.83,7.57,12.71,,,
stress-ng --cpu 2 --cpu-load 24 --quiet --timeout 60s,12,4/24/2026,20:35:00,13.39,7.57,13.13,,,
stress-ng --cpu 2 --cpu-load 24 --quiet --timeout 60s,12,4/24/2026,20:35:01,12.18,7.57,13.13,,,
stress-ng --cpu 2 --cpu-load 24 --quiet --timeout 60s,12,4/24/2026,20:35:02,12.56,7.58,12.58,,,
stress-ng --cpu 2 --cpu-load 24 --quiet --timeout 60s,12,4/24/2026,20:35:03,13.75,7.58,12.83,,,
stress-ng --cpu 2 --cpu-load 24 --quiet --timeout 60s,12,4/24/2026,20:35:04,13.18,7.58,12.83,,,
stress-ng --cpu 2 --cpu-load 24 --quiet --timeout 60s,12,4/24/2026,20:35:05,11.69,7.58,13.03,,,
stress-ng --cpu 2 --cpu-load 24 --quiet --timeout 60s,12,4/24/2026,20:35:06,13.79,7.58,13.11,,,
stress-ng --cpu 2 --cpu-load 24 --quiet --timeout 60s,12,4/24/2026,20:35:07,12.4,7.58,13.11,,,
stress-ng --cpu 2 --cpu-load 24 --quiet --timeout 60s,12,4/24/2026,20:35:08,11.94,7.58,12.71,,,
stress-ng --cpu 2 --cpu-load 24 --quiet --timeout 60s,12,4/24/2026,20:35:09,12.62,7.58,13.02,,,
stress-ng --cpu 2 --cpu-load 24 --quiet --timeout 60s,12,4/24/2026,20:35:10,13.05,7.58,13.02,,,
stress-ng --cpu 2 --cpu-load 24 --quiet --timeout 60s,12,4/24/2026,20:35:11,13.54,7.58,12.79,,,
stress-ng --cpu 2 --cpu-load 24 --quiet --timeout 60s,12,4/24/2026,20:35:12,11.91,7.58,12.62,,,
stress-ng --cpu 2 --cpu-load 24 --quiet --timeout 60s,12,4/24/2026,20:35:13,12.99,7.58,12.62,,,
stress-ng --cpu 2 --cpu-load 24 --quiet --timeout 60s,12,4/24/2026,20:35:14,12.99,7.58,12.03,,,
stress-ng --cpu 2 --cpu-load 24 --quiet --timeout 60s,12,4/24/2026,20:35:15,13.05,7.58,12.9,,,
stress-ng --cpu 2 --cpu-load 24 --quiet --timeout 60s,12,4/24/2026,20:35:16,12.37,7.58,12.9,,,
stress-ng --cpu 2 --cpu-load 24 --quiet --timeout 60s,12,4/24/2026,20:35:17,13.44,7.58,13.1,,,
stress-ng --cpu 2 --cpu-load 24 --quiet --timeout 60s,12,4/24/2026,20:35:18,12.31,7.58,12.74,,,
stress-ng --cpu 2 --cpu-load 24 --quiet --timeout 60s,12,4/24/2026,20:35:19,13.79,7.58,12.74,,,
stress-ng --cpu 2 --cpu-load 24 --quiet --timeout 60s,12,4/24/2026,20:35:20,14.1,7.58,12.68,,,
stress-ng --cpu 2 --cpu-load 24 --quiet --timeout 60s,12,4/24/2026,20:35:21,11.41,7.58,11.69,,,
stress-ng --cpu 2 --cpu-load 24 --quiet --timeout 60s,12,4/24/2026,20:35:22,12.12,7.58,11.69,,,
stress-ng --cpu 2 --cpu-load 24 --quiet --timeout 60s,12,4/24/2026,20:35:23,13.05,7.58,12.39,,,
stress-ng --cpu 2 --cpu-load 24 --quiet --timeout 60s,12,4/24/2026,20:35:24,13.44,7.58,12.5,,,
stress-ng --cpu 2 --cpu-load 24 --quiet --timeout 60s,12,4/24/2026,20:35:25,12.93,7.58,12.5,,,
stress-ng --cpu 2 --cpu-load 24 --quiet --timeout 60s,12,4/24/2026,20:35:26,12.37,7.58,12.51,,,
stress-ng --cpu 2 --cpu-load 24 --quiet --timeout 60s,12,4/24/2026,20:35:27,12.87,7.58,12.72,,,
stress-ng --cpu 2 --cpu-load 24 --quiet --timeout 60s,12,4/24/2026,20:35:28,13.36,7.58,12.72,,,
stress-ng --cpu 2 --cpu-load 24 --quiet --timeout 60s,12,4/24/2026,20:35:29,12.15,7.58,13.03,,,
stress-ng --cpu 2 --cpu-load 24 --quiet --timeout 60s,12,4/24/2026,20:35:30,12.34,7.58,13.22,,,
stress-ng --cpu 2 --cpu-load 24 --quiet --timeout 60s,12,4/24/2026,20:35:31,13.05,7.58,13.22,,,
stress-ng --cpu 2 --cpu-load 24 --quiet --timeout 60s,12,4/24/2026,20:35:32,13.86,7.58,12.78,,,
stress-ng --cpu 2 --cpu-load 24 --quiet --timeout 60s,12,4/24/2026,20:35:33,11.69,7.58,13.05,,,
stress-ng --cpu 2 --cpu-load 24 --quiet --timeout 60s,12,4/24/2026,20:35:34,12.62,7.58,13.05,,,
stress-ng --cpu 2 --cpu-load 24 --quiet --timeout 60s,12,4/24/2026,20:35:35,13.15,7.58,13.05,,,
stress-ng --cpu 2 --cpu-load 24 --quiet --timeout 60s,12,4/24/2026,20:35:36,11.88,7.58,13.16,,,
stress-ng --cpu 2 --cpu-load 24 --quiet --timeout 60s,12,4/24/2026,20:35:37,12.8,7.58,13.16,,,
stress-ng --cpu 2 --cpu-load 24 --quiet --timeout 60s,12,4/24/2026,20:35:38,13.75,7.58,12.77,,,
stress-ng --cpu 2 --cpu-load 24 --quiet --timeout 60s,12,4/24/2026,20:35:39,12.9,7.58,13.22,,,
stress-ng --cpu 2 --cpu-load 24 --quiet --timeout 60s,12,4/24/2026,20:35:40,12.43,7.58,13.22,,,
stress-ng --cpu 2 --cpu-load 24 --quiet --timeout 60s,12,4/24/2026,20:35:41,12.31,7.58,12.8,,,
stress-ng --cpu 2 --cpu-load 24 --quiet --timeout 60s,12,4/24/2026,20:35:42,13.54,7.58,12.56,,,
stress-ng --cpu 2 --cpu-load 24 --quiet --timeout 60s,12,4/24/2026,20:35:43,12.43,7.58,12.56,,,
stress-ng --cpu 2 --cpu-load 24 --quiet --timeout 60s,12,4/24/2026,20:35:44,13.21,7.58,12.46,,,
stress-ng --cpu 2 --cpu-load 24 --quiet --timeout 60s,12,4/24/2026,20:35:45,13.08,7.58,12.5,,,
stress-ng --cpu 2 --cpu-load 24 --quiet --timeout 60s,12,4/24/2026,20:35:46,11.6,7.58,12.5,,,
stress-ng --cpu 2 --cpu-load 24 --quiet --timeout 60s,12,4/24/2026,20:35:47,13.33,7.58,12.2,,,
stress-ng --cpu 2 --cpu-load 24 --quiet --timeout 60s,12,4/24/2026,20:35:48,12.4,7.58,12.92,,,
stress-ng --cpu 2 --cpu-load 24 --quiet --timeout 60s,12,4/24/2026,20:35:49,13.43,7.58,12.92,,,
stress-ng --cpu 2 --cpu-load 24 --quiet --timeout 60s,12,4/24/2026,20:35:50,11.91,7.58,12.5,,,
stress-ng --cpu 2 --cpu-load 24 --quiet --timeout 60s,12,4/24/2026,20:35:51,13.33,7.58,11.76,,,
stress-ng --cpu 2 --cpu-load 24 --quiet --timeout 60s,12,4/24/2026,20:35:52,9.62,7.57,11.76,,,
stress-ng --cpu 2 --cpu-load 26 --quiet --timeout 60s,13,4/24/2026,0:36:05,2.22,6.6,9.34,,,
stress-ng --cpu 2 --cpu-load 26 --quiet --timeout 60s,13,4/24/2026,0:36:06,16.12,6.61,11.92,,,
stress-ng --cpu 2 --cpu-load 26 --quiet --timeout 60s,13,4/24/2026,0:36:07,13.11,6.61,11.92,,,
stress-ng --cpu 2 --cpu-load 26 --quiet --timeout 60s,13,4/24/2026,0:36:08,13.54,6.61,11.92,,,
stress-ng --cpu 2 --cpu-load 26 --quiet --timeout 60s,13,4/24/2026,0:36:09,15.19,6.61,11.72,,,
stress-ng --cpu 2 --cpu-load 26 --quiet --timeout 60s,13,4/24/2026,0:36:10,14.17,6.61,12.31,,,
stress-ng --cpu 2 --cpu-load 26 --quiet --timeout 60s,13,4/24/2026,0:36:11,14.17,6.61,13.49,,,
stress-ng --cpu 2 --cpu-load 26 --quiet --timeout 60s,13,4/24/2026,0:36:12,13.68,6.61,13.49,,,
stress-ng --cpu 2 --cpu-load 26 --quiet --timeout 60s,13,4/24/2026,0:36:13,13.89,6.61,13.24,,,
stress-ng --cpu 2 --cpu-load 26 --quiet --timeout 60s,13,4/24/2026,0:36:14,13.68,6.61,13.24,,,
stress-ng --cpu 2 --cpu-load 26 --quiet --timeout 60s,13,4/24/2026,0:36:15,13.33,6.61,12.95,,,
stress-ng --cpu 2 --cpu-load 26 --quiet --timeout 60s,13,4/24/2026,0:36:16,14.28,6.61,12.95,,,
stress-ng --cpu 2 --cpu-load 26 --quiet --timeout 60s,13,4/24/2026,0:36:17,14.39,6.61,13.39,,,
stress-ng --cpu 2 --cpu-load 26 --quiet --timeout 60s,13,4/24/2026,0:36:18,13.89,6.61,12.86,,,
stress-ng --cpu 2 --cpu-load 26 --quiet --timeout 60s,13,4/24/2026,0:36:19,13.18,6.61,12.86,,,
stress-ng --cpu 2 --cpu-load 26 --quiet --timeout 60s,13,4/24/2026,0:36:20,13.3,6.61,12.65,,,
stress-ng --cpu 2 --cpu-load 26 --quiet --timeout 60s,13,4/24/2026,0:36:21,15.47,6.61,12.59,,,
stress-ng --cpu 2 --cpu-load 26 --quiet --timeout 60s,13,4/24/2026,0:36:22,13.64,6.61,12.59,,,
stress-ng --cpu 2 --cpu-load 26 --quiet --timeout 60s,13,4/24/2026,0:36:23,13.21,6.61,13.17,,,
stress-ng --cpu 2 --cpu-load 26 --quiet --timeout 60s,13,4/24/2026,0:36:24,13.64,6.61,13.33,,,
stress-ng --cpu 2 --cpu-load 26 --quiet --timeout 60s,13,4/24/2026,0:36:25,13.93,6.61,13.33,,,
stress-ng --cpu 2 --cpu-load 26 --quiet --timeout 60s,13,4/24/2026,0:36:26,13.18,6.61,13.81,,,
stress-ng --cpu 2 --cpu-load 26 --quiet --timeout 60s,13,4/24/2026,0:36:27,13.61,6.61,13.15,,,
stress-ng --cpu 2 --cpu-load 26 --quiet --timeout 60s,13,4/24/2026,0:36:28,14.1,6.61,13.15,,,
stress-ng --cpu 2 --cpu-load 26 --quiet --timeout 60s,13,4/24/2026,0:36:29,15.27,6.61,12.63,,,
stress-ng --cpu 2 --cpu-load 26 --quiet --timeout 60s,13,4/24/2026,0:36:30,13.15,6.61,11.57,,,
stress-ng --cpu 2 --cpu-load 26 --quiet --timeout 60s,13,4/24/2026,0:36:31,14.53,6.61,11.57,,,
stress-ng --cpu 2 --cpu-load 26 --quiet --timeout 60s,13,4/24/2026,0:36:32,13.64,6.61,13.69,,,
stress-ng --cpu 2 --cpu-load 26 --quiet --timeout 60s,13,4/24/2026,0:36:33,14.71,6.61,12.76,,,
stress-ng --cpu 2 --cpu-load 26 --quiet --timeout 60s,13,4/24/2026,0:36:34,12.34,6.61,12.76,,,
stress-ng --cpu 2 --cpu-load 26 --quiet --timeout 60s,13,4/24/2026,0:36:35,14.53,6.61,13.18,,,
stress-ng --cpu 2 --cpu-load 26 --quiet --timeout 60s,13,4/24/2026,0:36:36,13.64,6.61,13.41,,,
stress-ng --cpu 2 --cpu-load 26 --quiet --timeout 60s,13,4/24/2026,0:36:37,14.91,6.61,13.41,,,
stress-ng --cpu 2 --cpu-load 26 --quiet --timeout 60s,13,4/24/2026,0:36:38,13.86,6.61,13.04,,,
stress-ng --cpu 2 --cpu-load 26 --quiet --timeout 60s,13,4/24/2026,0:36:39,13.86,6.61,12.85,,,
stress-ng --cpu 2 --cpu-load 26 --quiet --timeout 60s,13,4/24/2026,0:36:40,13.71,6.61,12.85,,,
stress-ng --cpu 2 --cpu-load 26 --quiet --timeout 60s,13,4/24/2026,0:36:41,14.14,6.61,13.43,,,
stress-ng --cpu 2 --cpu-load 26 --quiet --timeout 60s,13,4/24/2026,0:36:42,13.33,6.61,12.86,,,
stress-ng --cpu 2 --cpu-load 26 --quiet --timeout 60s,13,4/24/2026,0:36:43,14.56,6.61,12.86,,,
stress-ng --cpu 2 --cpu-load 26 --quiet --timeout 60s,13,4/24/2026,0:36:44,13.05,6.61,13.32,,,
stress-ng --cpu 2 --cpu-load 26 --quiet --timeout 60s,13,4/24/2026,0:36:45,14.25,6.61,12.94,,,
stress-ng --cpu 2 --cpu-load 26 --quiet --timeout 60s,13,4/24/2026,0:36:46,13.86,6.61,12.94,,,
stress-ng --cpu 2 --cpu-load 26 --quiet --timeout 60s,13,4/24/2026,0:36:47,13.54,6.61,12.96,,,
stress-ng --cpu 2 --cpu-load 26 --quiet --timeout 60s,13,4/24/2026,0:36:48,14.7,6.61,12.26,,,
stress-ng --cpu 2 --cpu-load 26 --quiet --timeout 60s,13,4/24/2026,0:36:49,14.25,6.61,12.26,,,
stress-ng --cpu 2 --cpu-load 26 --quiet --timeout 60s,13,4/24/2026,0:36:50,14.42,6.61,12.97,,,
stress-ng --cpu 2 --cpu-load 26 --quiet --timeout 60s,13,4/24/2026,0:36:51,14.53,6.61,13.22,,,
stress-ng --cpu 2 --cpu-load 26 --quiet --timeout 60s,13,4/24/2026,0:36:52,13.21,6.61,13.22,,,
stress-ng --cpu 2 --cpu-load 26 --quiet --timeout 60s,13,4/24/2026,0:36:53,14.39,6.61,13.34,,,
stress-ng --cpu 2 --cpu-load 26 --quiet --timeout 60s,13,4/24/2026,0:36:54,13.18,6.61,13.03,,,
stress-ng --cpu 2 --cpu-load 26 --quiet --timeout 60s,13,4/24/2026,0:36:55,13.71,6.61,13.03,,,
stress-ng --cpu 2 --cpu-load 26 --quiet --timeout 60s,13,4/24/2026,0:36:56,13.21,6.61,13.7,,,
stress-ng --cpu 2 --cpu-load 26 --quiet --timeout 60s,13,4/24/2026,0:36:57,14.1,6.6,13.6,,,
stress-ng --cpu 2 --cpu-load 26 --quiet --timeout 60s,13,4/24/2026,0:36:58,13.64,6.6,13.6,,,
stress-ng --cpu 2 --cpu-load 26 --quiet --timeout 60s,13,4/24/2026,0:36:59,13.36,6.6,13.25,,,
stress-ng --cpu 2 --cpu-load 26 --quiet --timeout 60s,13,4/24/2026,0:37:00,13.82,6.6,12.18,,,
stress-ng --cpu 2 --cpu-load 26 --quiet --timeout 60s,13,4/24/2026,0:37:01,13.89,6.6,12.18,,,
stress-ng --cpu 2 --cpu-load 26 --quiet --timeout 60s,13,4/24/2026,0:37:02,13.735,6.6,13.66,,,
stress-ng --cpu 2 --cpu-load 26 --quiet --timeout 60s,13,4/24/2026,0:37:03,13.58,6.6,12.92,,,
stress-ng --cpu 2 --cpu-load 26 --quiet --timeout 60s,13,4/24/2026,0:37:04,15.02,6.6,12.92,,,
stress-ng --cpu 2 --cpu-load 26 --quiet --timeout 60s,13,4/24/2026,0:37:05,13.64,6.6,12.69,,,
stress-ng --cpu 2 --cpu-load 26 --quiet --timeout 60s,13,4/24/2026,12:36:33,5.88,7.05,9.14,,,
stress-ng --cpu 2 --cpu-load 26 --quiet --timeout 60s,13,4/24/2026,12:36:34,13.97,7.05,10.38,,,
stress-ng --cpu 2 --cpu-load 26 --quiet --timeout 60s,13,4/24/2026,12:36:35,14.66,7.05,10.38,,,
stress-ng --cpu 2 --cpu-load 26 --quiet --timeout 60s,13,4/24/2026,12:36:36,14.81,7.05,11.68,,,
stress-ng --cpu 2 --cpu-load 26 --quiet --timeout 60s,13,4/24/2026,12:36:37,13.46,7.05,11.68,,,
stress-ng --cpu 2 --cpu-load 26 --quiet --timeout 60s,13,4/24/2026,12:36:38,14.07,7.05,12.74,,,
stress-ng --cpu 2 --cpu-load 26 --quiet --timeout 60s,13,4/24/2026,12:36:39,13.43,7.05,12.78,,,
stress-ng --cpu 2 --cpu-load 26 --quiet --timeout 60s,13,4/24/2026,12:36:40,13.43,7.05,13.8,,,
stress-ng --cpu 2 --cpu-load 26 --quiet --timeout 60s,13,4/24/2026,12:36:41,14.14,7.05,13.8,,,
stress-ng --cpu 2 --cpu-load 26 --quiet --timeout 60s,13,4/24/2026,12:36:42,13.36,7.05,13.33,,,
stress-ng --cpu 2 --cpu-load 26 --quiet --timeout 60s,13,4/24/2026,12:36:43,14.35,7.05,13.33,,,
stress-ng --cpu 2 --cpu-load 26 --quiet --timeout 60s,13,4/24/2026,12:36:44,14.14,7.05,13.27,,,
stress-ng --cpu 2 --cpu-load 26 --quiet --timeout 60s,13,4/24/2026,12:36:45,12.59,7.05,12.81,,,
stress-ng --cpu 2 --cpu-load 26 --quiet --timeout 60s,13,4/24/2026,12:36:46,14.25,7.06,12.81,,,
stress-ng --cpu 2 --cpu-load 26 --quiet --timeout 60s,13,4/24/2026,12:36:47,13.79,7.06,12.47,,,
stress-ng --cpu 2 --cpu-load 26 --quiet --timeout 60s,13,4/24/2026,12:36:48,14.77,7.06,13.18,,,
stress-ng --cpu 2 --cpu-load 26 --quiet --timeout 60s,13,4/24/2026,12:36:49,12.93,7.06,12.97,,,
stress-ng --cpu 2 --cpu-load 26 --quiet --timeout 60s,13,4/24/2026,12:36:50,14.14,7.06,13.71,,,
stress-ng --cpu 2 --cpu-load 26 --quiet --timeout 60s,13,4/24/2026,12:36:51,13.93,7.06,13.71,,,
stress-ng --cpu 2 --cpu-load 26 --quiet --timeout 60s,13,4/24/2026,12:36:52,13.64,7.06,13.08,,,
stress-ng --cpu 2 --cpu-load 26 --quiet --timeout 60s,13,4/24/2026,12:36:53,13.64,7.06,13.37,,,
stress-ng --cpu 2 --cpu-load 26 --quiet --timeout 60s,13,4/24/2026,12:36:54,13.46,7.06,13.37,,,
stress-ng --cpu 2 --cpu-load 26 --quiet --timeout 60s,13,4/24/2026,12:36:55,13.64,7.06,13.12,,,
stress-ng --cpu 2 --cpu-load 26 --quiet --timeout 60s,13,4/24/2026,12:36:56,13.68,7.06,12.91,,,
stress-ng --cpu 2 --cpu-load 26 --quiet --timeout 60s,13,4/24/2026,12:36:57,12.68,7.06,12.91,,,
stress-ng --cpu 2 --cpu-load 26 --quiet --timeout 60s,13,4/24/2026,12:36:58,13.82,7.06,12.95,,,
stress-ng --cpu 2 --cpu-load 26 --quiet --timeout 60s,13,4/24/2026,12:36:59,14.74,7.06,13.68,,,
stress-ng --cpu 2 --cpu-load 26 --quiet --timeout 60s,13,4/24/2026,12:37:00,14.28,7.06,13.68,,,
stress-ng --cpu 2 --cpu-load 26 --quiet --timeout 60s,13,4/24/2026,12:37:01,14.17,7.06,12.81,,,
stress-ng --cpu 2 --cpu-load 26 --quiet --timeout 60s,13,4/24/2026,12:37:02,14.71,7.06,13.38,,,
stress-ng --cpu 2 --cpu-load 26 --quiet --timeout 60s,13,4/24/2026,12:37:03,12.62,7.06,13.38,,,
stress-ng --cpu 2 --cpu-load 26 --quiet --timeout 60s,13,4/24/2026,12:37:04,14.77,7.06,12.06,,,
stress-ng --cpu 2 --cpu-load 26 --quiet --timeout 60s,13,4/24/2026,12:37:05,13.43,7.06,14.42,,,
stress-ng --cpu 2 --cpu-load 26 --quiet --timeout 60s,13,4/24/2026,12:37:06,13.82,7.06,14.42,,,
stress-ng --cpu 2 --cpu-load 26 --quiet --timeout 60s,13,4/24/2026,12:37:07,14.32,7.06,12.68,,,
stress-ng --cpu 2 --cpu-load 26 --quiet --timeout 60s,13,4/24/2026,12:37:08,13.15,7.06,12.95,,,
stress-ng --cpu 2 --cpu-load 26 --quiet --timeout 60s,13,4/24/2026,12:37:09,14.21,7.06,12.95,,,
stress-ng --cpu 2 --cpu-load 26 --quiet --timeout 60s,13,4/24/2026,12:37:10,14.03,7.06,13.03,,,
stress-ng --cpu 2 --cpu-load 26 --quiet --timeout 60s,13,4/24/2026,12:37:11,14,7.06,13.17,,,
stress-ng --cpu 2 --cpu-load 26 --quiet --timeout 60s,13,4/24/2026,12:37:12,14.98,7.06,13.17,,,
stress-ng --cpu 2 --cpu-load 26 --quiet --timeout 60s,13,4/24/2026,12:37:13,13.54,7.06,12.09,,,
stress-ng --cpu 2 --cpu-load 26 --quiet --timeout 60s,13,4/24/2026,12:37:14,14.56,7.07,13.54,,,
stress-ng --cpu 2 --cpu-load 26 --quiet --timeout 60s,13,4/24/2026,12:37:15,13.3,7.07,13.54,,,
stress-ng --cpu 2 --cpu-load 26 --quiet --timeout 60s,13,4/24/2026,12:37:16,16.12,7.07,12.89,,,
stress-ng --cpu 2 --cpu-load 26 --quiet --timeout 60s,13,4/24/2026,12:37:17,12.71,7.07,12.61,,,
stress-ng --cpu 2 --cpu-load 26 --quiet --timeout 60s,13,4/24/2026,12:37:18,13.18,7.07,12.61,,,
stress-ng --cpu 2 --cpu-load 26 --quiet --timeout 60s,13,4/24/2026,12:37:19,14.14,7.07,13.28,,,
stress-ng --cpu 2 --cpu-load 26 --quiet --timeout 60s,13,4/24/2026,12:37:20,13.11,7.07,13.62,,,
stress-ng --cpu 2 --cpu-load 26 --quiet --timeout 60s,13,4/24/2026,12:37:21,13.96,7.07,13.62,,,
stress-ng --cpu 2 --cpu-load 26 --quiet --timeout 60s,13,4/24/2026,12:37:22,13.15,7.07,13.55,,,
stress-ng --cpu 2 --cpu-load 26 --quiet --timeout 60s,13,4/24/2026,12:37:23,13.86,7.07,13.07,,,
stress-ng --cpu 2 --cpu-load 26 --quiet --timeout 60s,13,4/24/2026,12:37:24,13.68,7.07,13.07,,,
stress-ng --cpu 2 --cpu-load 26 --quiet --timeout 60s,13,4/24/2026,12:37:25,13.79,7.07,13.44,,,
stress-ng --cpu 2 --cpu-load 26 --quiet --timeout 60s,13,4/24/2026,12:37:26,14.6,7.07,12.61,,,
stress-ng --cpu 2 --cpu-load 26 --quiet --timeout 60s,13,4/24/2026,12:37:27,13.93,7.07,12.61,,,
stress-ng --cpu 2 --cpu-load 26 --quiet --timeout 60s,13,4/24/2026,12:37:28,13.93,7.07,13.27,,,
stress-ng --cpu 2 --cpu-load 26 --quiet --timeout 60s,13,4/24/2026,12:37:29,13.66,7.07,13.39,,,
stress-ng --cpu 2 --cpu-load 26 --quiet --timeout 60s,13,4/24/2026,12:37:30,13.39,7.07,13.39,,,
stress-ng --cpu 2 --cpu-load 26 --quiet --timeout 60s,13,4/24/2026,12:37:31,12.65,7.07,12.75,,,
stress-ng --cpu 2 --cpu-load 26 --quiet --timeout 60s,13,4/24/2026,12:37:32,14.07,7.07,12.76,,,
stress-ng --cpu 2 --cpu-load 26 --quiet --timeout 60s,13,4/24/2026,12:37:33,14.07,7.07,12.76,,,
stress-ng --cpu 2 --cpu-load 26 --quiet --timeout 60s,13,4/24/2026,15:20:40,10.89,7.53,8.96,,,
stress-ng --cpu 2 --cpu-load 26 --quiet --timeout 60s,13,4/24/2026,15:20:41,11.85,7.53,12.01,,,
stress-ng --cpu 2 --cpu-load 26 --quiet --timeout 60s,13,4/24/2026,15:20:42,16.99,7.53,12.01,,,
stress-ng --cpu 2 --cpu-load 26 --quiet --timeout 60s,13,4/24/2026,15:20:43,11.94,7.53,12.01,,,
stress-ng --cpu 2 --cpu-load 26 --quiet --timeout 60s,13,4/24/2026,15:20:44,14.6,7.53,12.12,,,
stress-ng --cpu 2 --cpu-load 26 --quiet --timeout 60s,13,4/24/2026,15:20:45,13.68,7.53,12.39,,,
stress-ng --cpu 2 --cpu-load 26 --quiet --timeout 60s,13,4/24/2026,15:20:46,13.33,7.53,13.42,,,
stress-ng --cpu 2 --cpu-load 26 --quiet --timeout 60s,13,4/24/2026,15:20:47,15.72,7.53,13.42,,,
stress-ng --cpu 2 --cpu-load 26 --quiet --timeout 60s,13,4/24/2026,15:20:48,14.42,7.53,11.52,,,
stress-ng --cpu 2 --cpu-load 26 --quiet --timeout 60s,13,4/24/2026,15:20:49,11.41,7.53,11.52,,,
stress-ng --cpu 2 --cpu-load 26 --quiet --timeout 60s,13,4/24/2026,15:20:50,16.21,7.53,11.34,,,
stress-ng --cpu 2 --cpu-load 26 --quiet --timeout 60s,13,4/24/2026,15:20:51,12.43,7.53,11.34,,,
stress-ng --cpu 2 --cpu-load 26 --quiet --timeout 60s,13,4/24/2026,15:20:52,13.11,7.53,11.34,,,
stress-ng --cpu 2 --cpu-load 26 --quiet --timeout 60s,13,4/24/2026,15:20:53,13.86,7.53,12.44,,,
stress-ng --cpu 2 --cpu-load 26 --quiet --timeout 60s,13,4/24/2026,15:20:54,13.75,7.53,13.15,,,
stress-ng --cpu 2 --cpu-load 26 --quiet --timeout 60s,13,4/24/2026,15:20:55,13.97,7.53,13.15,,,
stress-ng --cpu 2 --cpu-load 26 --quiet --timeout 60s,13,4/24/2026,15:20:56,15.34,7.53,12.81,,,
stress-ng --cpu 2 --cpu-load 26 --quiet --timeout 60s,13,4/24/2026,15:20:57,12.65,7.53,13.83,,,
stress-ng --cpu 2 --cpu-load 26 --quiet --timeout 60s,13,4/24/2026,15:20:58,14.39,7.53,13.83,,,
stress-ng --cpu 2 --cpu-load 26 --quiet --timeout 60s,13,4/24/2026,15:20:59,13.68,7.53,12.69,,,
stress-ng --cpu 2 --cpu-load 26 --quiet --timeout 60s,13,4/24/2026,15:21:00,14.42,7.53,13.64,,,
stress-ng --cpu 2 --cpu-load 26 --quiet --timeout 60s,13,4/24/2026,15:21:01,12.93,7.53,13.64,,,
stress-ng --cpu 2 --cpu-load 26 --quiet --timeout 60s,13,4/24/2026,15:21:02,15.02,7.53,13.36,,,
stress-ng --cpu 2 --cpu-load 26 --quiet --timeout 60s,13,4/24/2026,15:21:03,13.36,7.54,12.25,,,
stress-ng --cpu 2 --cpu-load 26 --quiet --timeout 60s,13,4/24/2026,15:21:04,14.1,7.54,12.25,,,
stress-ng --cpu 2 --cpu-load 26 --quiet --timeout 60s,13,4/24/2026,15:21:05,14.21,7.54,13.18,,,
stress-ng --cpu 2 --cpu-load 26 --quiet --timeout 60s,13,4/24/2026,15:21:06,13.36,7.54,13.37,,,
stress-ng --cpu 2 --cpu-load 26 --quiet --timeout 60s,13,4/24/2026,15:21:07,14.92,7.54,13.37,,,
stress-ng --cpu 2 --cpu-load 26 --quiet --timeout 60s,13,4/24/2026,15:21:08,13.11,7.54,13.3,,,
stress-ng --cpu 2 --cpu-load 26 --quiet --timeout 60s,13,4/24/2026,15:21:09,14.21,7.54,13.43,,,
stress-ng --cpu 2 --cpu-load 26 --quiet --timeout 60s,13,4/24/2026,15:21:10,13.36,7.54,13.43,,,
stress-ng --cpu 2 --cpu-load 26 --quiet --timeout 60s,13,4/24/2026,15:21:11,14.17,7.54,13.2,,,
stress-ng --cpu 2 --cpu-load 26 --quiet --timeout 60s,13,4/24/2026,15:21:12,13.89,7.54,13.56,,,
stress-ng --cpu 2 --cpu-load 26 --quiet --timeout 60s,13,4/24/2026,15:21:13,13.89,7.54,13.65,,,
stress-ng --cpu 2 --cpu-load 26 --quiet --timeout 60s,13,4/24/2026,15:21:14,13.64,7.54,12.95,,,
stress-ng --cpu 2 --cpu-load 26 --quiet --timeout 60s,13,4/24/2026,15:21:15,13.46,7.54,12.95,,,
stress-ng --cpu 2 --cpu-load 26 --quiet --timeout 60s,13,4/24/2026,15:21:16,13.89,7.54,13.1,,,
stress-ng --cpu 2 --cpu-load 26 --quiet --timeout 60s,13,4/24/2026,15:21:17,12.93,7.54,13.39,,,
stress-ng --cpu 2 --cpu-load 26 --quiet --timeout 60s,13,4/24/2026,15:21:18,14.14,7.54,13.39,,,
stress-ng --cpu 2 --cpu-load 26 --quiet --timeout 60s,13,4/24/2026,15:21:19,13.66,7.54,12.92,,,
stress-ng --cpu 2 --cpu-load 26 --quiet --timeout 60s,13,4/24/2026,15:21:20,13.18,7.54,13.31,,,
stress-ng --cpu 2 --cpu-load 26 --quiet --timeout 60s,13,4/24/2026,15:21:21,13.79,7.54,13.31,,,
stress-ng --cpu 2 --cpu-load 26 --quiet --timeout 60s,13,4/24/2026,15:21:22,14.66,7.54,12.73,,,
stress-ng --cpu 2 --cpu-load 26 --quiet --timeout 60s,13,4/24/2026,15:21:23,14.25,7.54,12.29,,,
stress-ng --cpu 2 --cpu-load 26 --quiet --timeout 60s,13,4/24/2026,15:21:24,15.55,7.54,12.29,,,
stress-ng --cpu 2 --cpu-load 26 --quiet --timeout 60s,13,4/24/2026,15:21:25,12.9,7.54,13.18,,,
stress-ng --cpu 2 --cpu-load 26 --quiet --timeout 60s,13,4/24/2026,15:21:26,14.64,7.54,12.76,,,
stress-ng --cpu 2 --cpu-load 26 --quiet --timeout 60s,13,4/24/2026,15:21:27,13.89,7.54,12.76,,,
stress-ng --cpu 2 --cpu-load 26 --quiet --timeout 60s,13,4/24/2026,15:21:28,14.17,7.54,13.1,,,
stress-ng --cpu 2 --cpu-load 26 --quiet --timeout 60s,13,4/24/2026,15:21:29,13.68,7.54,13.25,,,
stress-ng --cpu 2 --cpu-load 26 --quiet --timeout 60s,13,4/24/2026,15:21:30,13.33,7.54,13.25,,,
stress-ng --cpu 2 --cpu-load 26 --quiet --timeout 60s,13,4/24/2026,15:21:31,13.89,7.54,13.5,,,
stress-ng --cpu 2 --cpu-load 26 --quiet --timeout 60s,13,4/24/2026,15:21:32,13.93,7.54,13.78,,,
stress-ng --cpu 2 --cpu-load 26 --quiet --timeout 60s,13,4/24/2026,15:21:33,13.11,7.54,13.78,,,
stress-ng --cpu 2 --cpu-load 26 --quiet --timeout 60s,13,4/24/2026,15:21:34,14.07,7.54,13.02,,,
stress-ng --cpu 2 --cpu-load 26 --quiet --timeout 60s,13,4/24/2026,15:21:35,13.79,7.54,13.15,,,
stress-ng --cpu 2 --cpu-load 26 --quiet --timeout 60s,13,4/24/2026,15:21:36,15.72,7.54,13.15,,,
stress-ng --cpu 2 --cpu-load 26 --quiet --timeout 60s,13,4/24/2026,15:21:37,12.12,7.54,13.2,,,
stress-ng --cpu 2 --cpu-load 26 --quiet --timeout 60s,13,4/24/2026,15:21:38,14.35,7.54,13.45,,,
stress-ng --cpu 2 --cpu-load 26 --quiet --timeout 60s,13,4/24/2026,15:21:39,13.61,7.54,13.45,,,
stress-ng --cpu 2 --cpu-load 26 --quiet --timeout 60s,13,4/24/2026,15:21:40,13.15,7.53,13.24,,,
stress-ng --cpu 2 --cpu-load 28 --quiet --timeout 60s,14,4/23/2026,20:13:56,4.17,6.64,9.2,,,
stress-ng --cpu 2 --cpu-load 28 --quiet --timeout 60s,14,4/23/2026,20:13:57,17.48,6.64,9.2,,,
stress-ng --cpu 2 --cpu-load 28 --quiet --timeout 60s,14,4/23/2026,20:13:58,14.46,6.64,12.16,,,
stress-ng --cpu 2 --cpu-load 28 --quiet --timeout 60s,14,4/23/2026,20:13:59,15.38,6.64,12.16,,,
stress-ng --cpu 2 --cpu-load 28 --quiet --timeout 60s,14,4/23/2026,20:14:00,13.15,6.64,12.16,,,
stress-ng --cpu 2 --cpu-load 28 --quiet --timeout 60s,14,4/23/2026,20:14:01,15.19,6.64,11.73,,,
stress-ng --cpu 2 --cpu-load 28 --quiet --timeout 60s,14,4/23/2026,20:14:02,14.98,6.64,11.84,,,
stress-ng --cpu 2 --cpu-load 28 --quiet --timeout 60s,14,4/23/2026,20:14:03,16.58,6.64,11.84,,,
stress-ng --cpu 2 --cpu-load 28 --quiet --timeout 60s,14,4/23/2026,20:14:04,13.51,6.64,13.09,,,
stress-ng --cpu 2 --cpu-load 28 --quiet --timeout 60s,14,4/23/2026,20:14:05,15.51,6.64,11.48,,,
stress-ng --cpu 2 --cpu-load 28 --quiet --timeout 60s,14,4/23/2026,20:14:06,14.85,6.64,11.48,,,
stress-ng --cpu 2 --cpu-load 28 --quiet --timeout 60s,14,4/23/2026,20:14:07,15.84,6.64,13.24,,,
stress-ng --cpu 2 --cpu-load 28 --quiet --timeout 60s,14,4/23/2026,20:14:08,14.92,6.64,13.24,,,
stress-ng --cpu 2 --cpu-load 28 --quiet --timeout 60s,14,4/23/2026,20:14:09,15.59,6.64,13.24,,,
stress-ng --cpu 2 --cpu-load 28 --quiet --timeout 60s,14,4/23/2026,20:14:10,15.5,6.64,13.68,,,
stress-ng --cpu 2 --cpu-load 28 --quiet --timeout 60s,14,4/23/2026,20:14:11,14.32,6.64,13.2,,,
stress-ng --cpu 2 --cpu-load 28 --quiet --timeout 60s,14,4/23/2026,20:14:12,14.18,6.64,13.2,,,
stress-ng --cpu 2 --cpu-load 28 --quiet --timeout 60s,14,4/23/2026,20:14:13,15.8,6.64,11.41,,,
stress-ng --cpu 2 --cpu-load 28 --quiet --timeout 60s,14,4/23/2026,20:14:14,14.35,6.64,12.46,,,
stress-ng --cpu 2 --cpu-load 28 --quiet --timeout 60s,14,4/23/2026,20:14:15,16.33,6.64,12.46,,,
stress-ng --cpu 2 --cpu-load 28 --quiet --timeout 60s,14,4/23/2026,20:14:16,13.39,6.64,12.52,,,
stress-ng --cpu 2 --cpu-load 28 --quiet --timeout 60s,14,4/23/2026,20:14:17,15.51,6.64,13.59,,,
stress-ng --cpu 2 --cpu-load 28 --quiet --timeout 60s,14,4/23/2026,20:14:18,16,6.64,13.59,,,
stress-ng --cpu 2 --cpu-load 28 --quiet --timeout 60s,14,4/23/2026,20:14:19,14.78,6.64,13.23,,,
stress-ng --cpu 2 --cpu-load 28 --quiet --timeout 60s,14,4/23/2026,20:14:20,13.64,6.64,13.55,,,
stress-ng --cpu 2 --cpu-load 28 --quiet --timeout 60s,14,4/23/2026,20:14:21,14.1,6.64,13.55,,,
stress-ng --cpu 2 --cpu-load 28 --quiet --timeout 60s,14,4/23/2026,20:14:22,15.42,6.64,12.94,,,
stress-ng --cpu 2 --cpu-load 28 --quiet --timeout 60s,14,4/23/2026,20:14:23,14.64,6.64,13.45,,,
stress-ng --cpu 2 --cpu-load 28 --quiet --timeout 60s,14,4/23/2026,20:14:24,15.17,6.64,13.45,,,
stress-ng --cpu 2 --cpu-load 28 --quiet --timeout 60s,14,4/23/2026,20:14:25,13.64,6.63,13.3,,,
stress-ng --cpu 2 --cpu-load 28 --quiet --timeout 60s,14,4/23/2026,20:14:26,14.82,6.63,13.65,,,
stress-ng --cpu 2 --cpu-load 28 --quiet --timeout 60s,14,4/23/2026,20:14:27,16,6.63,13.65,,,
stress-ng --cpu 2 --cpu-load 28 --quiet --timeout 60s,14,4/23/2026,20:14:28,13.86,6.63,12.75,,,
stress-ng --cpu 2 --cpu-load 28 --quiet --timeout 60s,14,4/23/2026,20:14:29,14.98,6.63,13.77,,,
stress-ng --cpu 2 --cpu-load 28 --quiet --timeout 60s,14,4/23/2026,20:14:30,15.27,6.63,12.14,,,
stress-ng --cpu 2 --cpu-load 28 --quiet --timeout 60s,14,4/23/2026,20:14:31,15.51,6.63,13.32,,,
stress-ng --cpu 2 --cpu-load 28 --quiet --timeout 60s,14,4/23/2026,20:14:32,14.07,6.63,13.32,,,
stress-ng --cpu 2 --cpu-load 28 --quiet --timeout 60s,14,4/23/2026,20:14:33,15.27,6.63,13.59,,,
stress-ng --cpu 2 --cpu-load 28 --quiet --timeout 60s,14,4/23/2026,20:14:34,15.38,6.63,13.73,,,
stress-ng --cpu 2 --cpu-load 28 --quiet --timeout 60s,14,4/23/2026,20:14:35,14.35,6.63,13.73,,,
stress-ng --cpu 2 --cpu-load 28 --quiet --timeout 60s,14,4/23/2026,20:14:36,14.74,6.63,12.66,,,
stress-ng --cpu 2 --cpu-load 28 --quiet --timeout 60s,14,4/23/2026,20:14:37,15.23,6.63,12.84,,,
stress-ng --cpu 2 --cpu-load 28 --quiet --timeout 60s,14,4/23/2026,20:14:38,15.34,6.63,12.84,,,
stress-ng --cpu 2 --cpu-load 28 --quiet --timeout 60s,14,4/23/2026,20:14:39,13.96,6.63,13.61,,,
stress-ng --cpu 2 --cpu-load 28 --quiet --timeout 60s,14,4/23/2026,20:14:40,16.12,6.63,12.57,,,
stress-ng --cpu 2 --cpu-load 28 --quiet --timeout 60s,14,4/23/2026,20:14:41,13.61,6.63,12.57,,,
stress-ng --cpu 2 --cpu-load 28 --quiet --timeout 60s,14,4/23/2026,20:14:42,16.29,6.63,12.86,,,
stress-ng --cpu 2 --cpu-load 28 --quiet --timeout 60s,14,4/23/2026,20:14:43,15.67,6.63,11.61,,,
stress-ng --cpu 2 --cpu-load 28 --quiet --timeout 60s,14,4/23/2026,20:14:44,13.93,6.63,11.61,,,
stress-ng --cpu 2 --cpu-load 28 --quiet --timeout 60s,14,4/23/2026,20:14:45,14.14,6.63,11.6,,,
stress-ng --cpu 2 --cpu-load 28 --quiet --timeout 60s,14,4/23/2026,20:14:46,16.08,6.63,11.36,,,
stress-ng --cpu 2 --cpu-load 28 --quiet --timeout 60s,14,4/23/2026,20:14:47,14.14,6.63,11.36,,,
stress-ng --cpu 2 --cpu-load 28 --quiet --timeout 60s,14,4/23/2026,20:14:48,14.42,6.63,12.33,,,
stress-ng --cpu 2 --cpu-load 28 --quiet --timeout 60s,14,4/23/2026,20:14:49,15.17,6.63,12.69,,,
stress-ng --cpu 2 --cpu-load 28 --quiet --timeout 60s,14,4/23/2026,20:14:50,15.38,6.63,12.69,,,
stress-ng --cpu 2 --cpu-load 28 --quiet --timeout 60s,14,4/23/2026,20:14:51,13.21,6.62,13.08,,,
stress-ng --cpu 2 --cpu-load 28 --quiet --timeout 60s,14,4/23/2026,20:14:52,14.81,6.63,13.12,,,
stress-ng --cpu 2 --cpu-load 28 --quiet --timeout 60s,14,4/23/2026,20:14:53,14.74,6.63,13.12,,,
stress-ng --cpu 2 --cpu-load 28 --quiet --timeout 60s,14,4/23/2026,20:14:54,15.4,6.63,12.7,,,
stress-ng --cpu 2 --cpu-load 28 --quiet --timeout 60s,14,4/23/2026,20:14:55,15.27,6.63,12.41,,,
stress-ng --cpu 2 --cpu-load 28 --quiet --timeout 60s,14,4/23/2026,20:14:56,15.27,6.63,12.41,,,
stress-ng --cpu 2 --cpu-load 28 --quiet --timeout 60s,14,4/24/2026,8:46:22,1.22,7.05,9,,,
stress-ng --cpu 2 --cpu-load 28 --quiet --timeout 60s,14,4/24/2026,8:46:23,12.28,7.08,9,,,
stress-ng --cpu 2 --cpu-load 28 --quiet --timeout 60s,14,4/24/2026,8:46:24,14.03,7.08,12.19,,,
stress-ng --cpu 2 --cpu-load 28 --quiet --timeout 60s,14,4/24/2026,8:46:25,15.72,7.08,12.19,,,
stress-ng --cpu 2 --cpu-load 28 --quiet --timeout 60s,14,4/24/2026,8:46:26,14.46,7.08,12.19,,,
stress-ng --cpu 2 --cpu-load 28 --quiet --timeout 60s,14,4/24/2026,8:46:27,16.5,7.08,11.79,,,
stress-ng --cpu 2 --cpu-load 28 --quiet --timeout 60s,14,4/24/2026,8:46:28,14.17,7.08,11.63,,,
stress-ng --cpu 2 --cpu-load 28 --quiet --timeout 60s,14,4/24/2026,8:46:29,14.46,7.08,11.63,,,
stress-ng --cpu 2 --cpu-load 28 --quiet --timeout 60s,14,4/24/2026,8:46:30,15.34,7.08,12.66,,,
stress-ng --cpu 2 --cpu-load 28 --quiet --timeout 60s,14,4/24/2026,8:46:31,13.86,7.08,13.18,,,
stress-ng --cpu 2 --cpu-load 28 --quiet --timeout 60s,14,4/24/2026,8:46:32,17.15,7.08,13.18,,,
stress-ng --cpu 2 --cpu-load 28 --quiet --timeout 60s,14,4/24/2026,8:46:33,13.43,7.08,12.5,,,
stress-ng --cpu 2 --cpu-load 28 --quiet --timeout 60s,14,4/24/2026,8:46:34,14.39,7.08,12.22,,,
stress-ng --cpu 2 --cpu-load 28 --quiet --timeout 60s,14,4/24/2026,8:46:35,15.76,7.08,13.56,,,
stress-ng --cpu 2 --cpu-load 28 --quiet --timeout 60s,14,4/24/2026,8:46:36,15.59,7.08,12.57,,,
stress-ng --cpu 2 --cpu-load 28 --quiet --timeout 60s,14,4/24/2026,8:46:37,13.68,7.08,12.57,,,
stress-ng --cpu 2 --cpu-load 28 --quiet --timeout 60s,14,4/24/2026,8:46:38,14.53,7.08,12.49,,,
stress-ng --cpu 2 --cpu-load 28 --quiet --timeout 60s,14,4/24/2026,8:46:39,15.42,7.08,13.32,,,
stress-ng --cpu 2 --cpu-load 28 --quiet --timeout 60s,14,4/24/2026,8:46:40,14.1,7.08,13.32,,,
stress-ng --cpu 2 --cpu-load 28 --quiet --timeout 60s,14,4/24/2026,8:46:41,14.74,7.08,13.32,,,
stress-ng --cpu 2 --cpu-load 28 --quiet --timeout 60s,14,4/24/2026,8:46:42,14.7,7.08,12.14,,,
stress-ng --cpu 2 --cpu-load 28 --quiet --timeout 60s,14,4/24/2026,8:46:43,16,7.08,12.14,,,
stress-ng --cpu 2 --cpu-load 28 --quiet --timeout 60s,14,4/24/2026,8:46:44,14.14,7.08,12.86,,,
stress-ng --cpu 2 --cpu-load 28 --quiet --timeout 60s,14,4/24/2026,8:46:45,14.32,7.08,12.29,,,
stress-ng --cpu 2 --cpu-load 28 --quiet --timeout 60s,14,4/24/2026,8:46:46,15.8,7.08,12.29,,,
stress-ng --cpu 2 --cpu-load 28 --quiet --timeout 60s,14,4/24/2026,8:46:47,14.39,7.08,12.52,,,
stress-ng --cpu 2 --cpu-load 28 --quiet --timeout 60s,14,4/24/2026,8:46:48,14.14,7.08,13.55,,,
stress-ng --cpu 2 --cpu-load 28 --quiet --timeout 60s,14,4/24/2026,8:46:49,15.72,7.08,13.55,,,
stress-ng --cpu 2 --cpu-load 28 --quiet --timeout 60s,14,4/24/2026,8:46:50,14.88,7.08,12.99,,,
stress-ng --cpu 2 --cpu-load 28 --quiet --timeout 60s,14,4/24/2026,8:46:51,14.35,7.08,12.37,,,
stress-ng --cpu 2 --cpu-load 28 --quiet --timeout 60s,14,4/24/2026,8:46:52,16.08,7.08,12.37,,,
stress-ng --cpu 2 --cpu-load 28 --quiet --timeout 60s,14,4/24/2026,8:46:53,15.59,7.08,11.55,,,
stress-ng --cpu 2 --cpu-load 28 --quiet --timeout 60s,14,4/24/2026,8:46:54,14.71,7.08,11.75,,,
stress-ng --cpu 2 --cpu-load 28 --quiet --timeout 60s,14,4/24/2026,8:46:55,13.21,7.08,11.75,,,
stress-ng --cpu 2 --cpu-load 28 --quiet --timeout 60s,14,4/24/2026,8:46:56,15.06,7.08,11.77,,,
stress-ng --cpu 2 --cpu-load 28 --quiet --timeout 60s,14,4/24/2026,8:46:57,15.13,7.08,13.33,,,
stress-ng --cpu 2 --cpu-load 28 --quiet --timeout 60s,14,4/24/2026,8:46:58,15.34,7.08,13.33,,,
stress-ng --cpu 2 --cpu-load 28 --quiet --timeout 60s,14,4/24/2026,8:46:59,14.42,7.08,12.71,,,
stress-ng --cpu 2 --cpu-load 28 --quiet --timeout 60s,14,4/24/2026,8:47:00,14.81,7.08,13.39,,,
stress-ng --cpu 2 --cpu-load 28 --quiet --timeout 60s,14,4/24/2026,8:47:01,15.27,7.08,13.39,,,
stress-ng --cpu 2 --cpu-load 28 --quiet --timeout 60s,14,4/24/2026,8:47:02,15.06,7.08,12.6,,,
stress-ng --cpu 2 --cpu-load 28 --quiet --timeout 60s,14,4/24/2026,8:47:03,14.39,7.08,12.77,,,
stress-ng --cpu 2 --cpu-load 28 --quiet --timeout 60s,14,4/24/2026,8:47:04,15.76,7.08,12.77,,,
stress-ng --cpu 2 --cpu-load 28 --quiet --timeout 60s,14,4/24/2026,8:47:05,14.6,7.08,13.23,,,
stress-ng --cpu 2 --cpu-load 28 --quiet --timeout 60s,14,4/24/2026,8:47:06,15.47,7.08,13.26,,,
stress-ng --cpu 2 --cpu-load 28 --quiet --timeout 60s,14,4/24/2026,8:47:07,14.14,7.08,13.26,,,
stress-ng --cpu 2 --cpu-load 28 --quiet --timeout 60s,14,4/24/2026,8:47:08,15.46,7.08,13.06,,,
stress-ng --cpu 2 --cpu-load 28 --quiet --timeout 60s,14,4/24/2026,8:47:09,13.79,7.08,13.36,,,
stress-ng --cpu 2 --cpu-load 28 --quiet --timeout 60s,14,4/24/2026,8:47:10,16.29,7.08,13.36,,,
stress-ng --cpu 2 --cpu-load 28 --quiet --timeout 60s,14,4/24/2026,8:47:11,13.82,7.08,13.05,,,
stress-ng --cpu 2 --cpu-load 28 --quiet --timeout 60s,14,4/24/2026,8:47:12,15.3,7.08,13.57,,,
stress-ng --cpu 2 --cpu-load 28 --quiet --timeout 60s,14,4/24/2026,8:47:13,15.34,7.08,13.57,,,
stress-ng --cpu 2 --cpu-load 28 --quiet --timeout 60s,14,4/24/2026,8:47:14,15.51,7.08,12.1,,,
stress-ng --cpu 2 --cpu-load 28 --quiet --timeout 60s,14,4/24/2026,8:47:15,14.17,7.08,12.09,,,
stress-ng --cpu 2 --cpu-load 28 --quiet --timeout 60s,14,4/24/2026,8:47:16,14.35,7.08,12.09,,,
stress-ng --cpu 2 --cpu-load 28 --quiet --timeout 60s,14,4/24/2026,8:47:17,15.38,7.08,13.28,,,
stress-ng --cpu 2 --cpu-load 28 --quiet --timeout 60s,14,4/24/2026,8:47:18,13.82,7.08,13.52,,,
stress-ng --cpu 2 --cpu-load 28 --quiet --timeout 60s,14,4/24/2026,8:47:19,16,7.08,13.52,,,
stress-ng --cpu 2 --cpu-load 28 --quiet --timeout 60s,14,4/24/2026,8:47:20,13.82,7.08,12.92,,,
stress-ng --cpu 2 --cpu-load 28 --quiet --timeout 60s,14,4/24/2026,8:47:21,16.33,7.08,13.27,,,
stress-ng --cpu 2 --cpu-load 28 --quiet --timeout 60s,14,4/24/2026,8:47:22,11.11,7.09,13.27,,,
stress-ng --cpu 2 --cpu-load 28 --quiet --timeout 60s,14,4/24/2026,16:34:43,2.7,7.62,9.41,,,
stress-ng --cpu 2 --cpu-load 28 --quiet --timeout 60s,14,4/24/2026,16:34:44,16.66,7.62,9.41,,,
stress-ng --cpu 2 --cpu-load 28 --quiet --timeout 60s,14,4/24/2026,16:34:45,13.64,7.62,11.02,,,
stress-ng --cpu 2 --cpu-load 28 --quiet --timeout 60s,14,4/24/2026,16:34:46,16.21,7.61,11.59,,,
stress-ng --cpu 2 --cpu-load 28 --quiet --timeout 60s,14,4/24/2026,16:34:47,14.1,7.6,11.59,,,
stress-ng --cpu 2 --cpu-load 28 --quiet --timeout 60s,14,4/24/2026,16:34:48,14.49,7.6,12.83,,,
stress-ng --cpu 2 --cpu-load 28 --quiet --timeout 60s,14,4/24/2026,16:34:49,16.46,7.6,12.27,,,
stress-ng --cpu 2 --cpu-load 28 --quiet --timeout 60s,14,4/24/2026,16:34:50,13.89,7.6,12.27,,,
stress-ng --cpu 2 --cpu-load 28 --quiet --timeout 60s,14,4/24/2026,16:34:51,15.84,7.6,12.79,,,
stress-ng --cpu 2 --cpu-load 28 --quiet --timeout 60s,14,4/24/2026,16:34:52,13.93,7.6,13.62,,,
stress-ng --cpu 2 --cpu-load 28 --quiet --timeout 60s,14,4/24/2026,16:34:53,15.09,7.6,13.62,,,
stress-ng --cpu 2 --cpu-load 28 --quiet --timeout 60s,14,4/24/2026,16:34:54,14.88,7.6,13.29,,,
stress-ng --cpu 2 --cpu-load 28 --quiet --timeout 60s,14,4/24/2026,16:34:55,14.6,7.6,13.56,,,
stress-ng --cpu 2 --cpu-load 28 --quiet --timeout 60s,14,4/24/2026,16:34:56,15.38,7.59,13.56,,,
stress-ng --cpu 2 --cpu-load 28 --quiet --timeout 60s,14,4/24/2026,16:34:57,14.14,7.59,13.145,,,
stress-ng --cpu 2 --cpu-load 28 --quiet --timeout 60s,14,4/24/2026,16:34:58,14.39,7.59,12.73,,,
stress-ng --cpu 2 --cpu-load 28 --quiet --timeout 60s,14,4/24/2026,16:34:59,15.3,7.59,13.72,,,
stress-ng --cpu 2 --cpu-load 28 --quiet --timeout 60s,14,4/24/2026,16:35:00,15.27,7.59,13.72,,,
stress-ng --cpu 2 --cpu-load 28 --quiet --timeout 60s,14,4/24/2026,16:35:01,16.37,7.59,12.75,,,
stress-ng --cpu 2 --cpu-load 28 --quiet --timeout 60s,14,4/24/2026,16:35:02,13.33,7.59,12.92,,,
stress-ng --cpu 2 --cpu-load 28 --quiet --timeout 60s,14,4/24/2026,16:35:03,15.55,7.59,12.92,,,
stress-ng --cpu 2 --cpu-load 28 --quiet --timeout 60s,14,4/24/2026,16:35:04,14.21,7.59,12.8,,,
stress-ng --cpu 2 --cpu-load 28 --quiet --timeout 60s,14,4/24/2026,16:35:05,15.23,7.59,13.58,,,
stress-ng --cpu 2 --cpu-load 28 --quiet --timeout 60s,14,4/24/2026,16:35:06,15.06,7.59,13.58,,,
stress-ng --cpu 2 --cpu-load 28 --quiet --timeout 60s,14,4/24/2026,16:35:07,15.97,7.59,12.41,,,
stress-ng --cpu 2 --cpu-load 28 --quiet --timeout 60s,14,4/24/2026,16:35:08,15.13,7.59,11.63,,,
stress-ng --cpu 2 --cpu-load 28 --quiet --timeout 60s,14,4/24/2026,16:35:09,14.03,7.59,11.63,,,
stress-ng --cpu 2 --cpu-load 28 --quiet --timeout 60s,14,4/24/2026,16:35:10,16.54,7.59,12.46,,,
stress-ng --cpu 2 --cpu-load 28 --quiet --timeout 60s,14,4/24/2026,16:35:11,14.17,7.59,13.3,,,
stress-ng --cpu 2 --cpu-load 28 --quiet --timeout 60s,14,4/24/2026,16:35:12,14.6,7.59,13.3,,,
stress-ng --cpu 2 --cpu-load 28 --quiet --timeout 60s,14,4/24/2026,16:35:13,15.84,7.59,12.85,,,
stress-ng --cpu 2 --cpu-load 28 --quiet --timeout 60s,14,4/24/2026,16:35:14,14.39,7.59,13.55,,,
stress-ng --cpu 2 --cpu-load 28 --quiet --timeout 60s,14,4/24/2026,16:35:15,13.86,7.59,13.55,,,
stress-ng --cpu 2 --cpu-load 28 --quiet --timeout 60s,14,4/24/2026,16:35:16,15.23,7.59,12.3,,,
stress-ng --cpu 2 --cpu-load 28 --quiet --timeout 60s,14,4/24/2026,16:35:17,15.25,7.59,13.34,,,
stress-ng --cpu 2 --cpu-load 28 --quiet --timeout 60s,14,4/24/2026,16:35:18,15.27,7.59,13.34,,,
stress-ng --cpu 2 --cpu-load 28 --quiet --timeout 60s,14,4/24/2026,16:35:19,15.17,7.59,12.36,,,
stress-ng --cpu 2 --cpu-load 28 --quiet --timeout 60s,14,4/24/2026,16:35:20,14.14,7.59,13.2,,,
stress-ng --cpu 2 --cpu-load 28 --quiet --timeout 60s,14,4/24/2026,16:35:21,14.56,7.59,13.2,,,
stress-ng --cpu 2 --cpu-load 28 --quiet --timeout 60s,14,4/24/2026,16:35:22,15.47,7.59,13.4,,,
stress-ng --cpu 2 --cpu-load 28 --quiet --timeout 60s,14,4/24/2026,16:35:23,14.39,7.59,12.79,,,
stress-ng --cpu 2 --cpu-load 28 --quiet --timeout 60s,14,4/24/2026,16:35:24,15.06,7.59,12.79,,,
stress-ng --cpu 2 --cpu-load 28 --quiet --timeout 60s,14,4/24/2026,16:35:25,14.92,7.59,13.14,,,
stress-ng --cpu 2 --cpu-load 28 --quiet --timeout 60s,14,4/24/2026,16:35:26,14.6,7.59,12.95,,,
stress-ng --cpu 2 --cpu-load 28 --quiet --timeout 60s,14,4/24/2026,16:35:27,15.09,7.59,12.95,,,
stress-ng --cpu 2 --cpu-load 28 --quiet --timeout 60s,14,4/24/2026,16:35:28,15.92,7.59,12.68,,,
stress-ng --cpu 2 --cpu-load 28 --quiet --timeout 60s,14,4/24/2026,16:35:29,14.1,7.59,12.78,,,
stress-ng --cpu 2 --cpu-load 28 --quiet --timeout 60s,14,4/24/2026,16:35:30,14.07,7.59,12.78,,,
stress-ng --cpu 2 --cpu-load 28 --quiet --timeout 60s,14,4/24/2026,16:35:31,15.72,7.59,13.14,,,
stress-ng --cpu 2 --cpu-load 28 --quiet --timeout 60s,14,4/24/2026,16:35:32,14.6,7.59,12.28,,,
stress-ng --cpu 2 --cpu-load 28 --quiet --timeout 60s,14,4/24/2026,16:35:33,15.55,7.59,12.28,,,
stress-ng --cpu 2 --cpu-load 28 --quiet --timeout 60s,14,4/24/2026,16:35:34,14.7,7.59,12.42,,,
stress-ng --cpu 2 --cpu-load 28 --quiet --timeout 60s,14,4/24/2026,16:35:35,15.51,7.59,12.58,,,
stress-ng --cpu 2 --cpu-load 28 --quiet --timeout 60s,14,4/24/2026,16:35:36,14.39,7.59,12.58,,,
stress-ng --cpu 2 --cpu-load 28 --quiet --timeout 60s,14,4/24/2026,16:35:37,14.56,7.59,12.81,,,
stress-ng --cpu 2 --cpu-load 28 --quiet --timeout 60s,14,4/24/2026,16:35:38,15.8,7.59,12.71,,,
stress-ng --cpu 2 --cpu-load 28 --quiet --timeout 60s,14,4/24/2026,16:35:39,13.82,7.59,12.71,,,
stress-ng --cpu 2 --cpu-load 28 --quiet --timeout 60s,14,4/24/2026,16:35:40,16.99,7.59,12.43,,,
stress-ng --cpu 2 --cpu-load 28 --quiet --timeout 60s,14,4/24/2026,16:35:41,13.89,7.59,12.96,,,
stress-ng --cpu 2 --cpu-load 28 --quiet --timeout 60s,14,4/24/2026,16:35:42,14.32,7.59,12.96,,,
stress-ng --cpu 2 --cpu-load 28 --quiet --timeout 60s,14,4/24/2026,16:35:43,15.15,7.59,12.76,,,
stress-ng --cpu 2 --cpu-load 30 --quiet --timeout 60s,15,4/23/2026,21:29:58,1.46,6.59,9.42,,,
stress-ng --cpu 2 --cpu-load 30 --quiet --timeout 60s,15,4/23/2026,21:29:59,14.28,6.62,9.35,,,
stress-ng --cpu 2 --cpu-load 30 --quiet --timeout 60s,15,4/23/2026,21:30:00,16.21,6.62,12.5,,,
stress-ng --cpu 2 --cpu-load 30 --quiet --timeout 60s,15,4/23/2026,21:30:01,17.16,6.62,12.5,,,
stress-ng --cpu 2 --cpu-load 30 --quiet --timeout 60s,15,4/23/2026,21:30:02,14.42,6.62,11.61,,,
stress-ng --cpu 2 --cpu-load 30 --quiet --timeout 60s,15,4/23/2026,21:30:03,15.3,6.62,11.81,,,
stress-ng --cpu 2 --cpu-load 30 --quiet --timeout 60s,15,4/23/2026,21:30:04,16.7,6.62,11.81,,,
stress-ng --cpu 2 --cpu-load 30 --quiet --timeout 60s,15,4/23/2026,21:30:05,15.27,6.62,11.83,,,
stress-ng --cpu 2 --cpu-load 30 --quiet --timeout 60s,15,4/23/2026,21:30:06,16.33,6.62,12.37,,,
stress-ng --cpu 2 --cpu-load 30 --quiet --timeout 60s,15,4/23/2026,21:30:07,16.87,6.62,12.37,,,
stress-ng --cpu 2 --cpu-load 30 --quiet --timeout 60s,15,4/23/2026,21:30:08,16.74,6.61,11.53,,,
stress-ng --cpu 2 --cpu-load 30 --quiet --timeout 60s,15,4/23/2026,21:30:09,15.27,6.61,11.77,,,
stress-ng --cpu 2 --cpu-load 30 --quiet --timeout 60s,15,4/23/2026,21:30:10,17.31,6.61,11.77,,,
stress-ng --cpu 2 --cpu-load 30 --quiet --timeout 60s,15,4/23/2026,21:30:11,16.33,6.61,12.03,,,
stress-ng --cpu 2 --cpu-load 30 --quiet --timeout 60s,15,4/23/2026,21:30:12,16.62,6.61,12.1,,,
stress-ng --cpu 2 --cpu-load 30 --quiet --timeout 60s,15,4/23/2026,21:30:13,14.17,6.61,12.1,,,
stress-ng --cpu 2 --cpu-load 30 --quiet --timeout 60s,15,4/23/2026,21:30:14,16.21,6.61,12.35,,,
stress-ng --cpu 2 --cpu-load 30 --quiet --timeout 60s,15,4/23/2026,21:30:15,15.59,6.61,12.57,,,
stress-ng --cpu 2 --cpu-load 30 --quiet --timeout 60s,15,4/23/2026,21:30:16,16.04,6.61,12.57,,,
stress-ng --cpu 2 --cpu-load 30 --quiet --timeout 60s,15,4/23/2026,21:30:17,15.76,6.62,13.21,,,
stress-ng --cpu 2 --cpu-load 30 --quiet --timeout 60s,15,4/23/2026,21:30:18,16.25,6.62,13.29,,,
stress-ng --cpu 2 --cpu-load 30 --quiet --timeout 60s,15,4/23/2026,21:30:19,16.46,6.62,13.29,,,
stress-ng --cpu 2 --cpu-load 30 --quiet --timeout 60s,15,4/23/2026,21:30:20,15.67,6.62,12.57,,,
stress-ng --cpu 2 --cpu-load 30 --quiet --timeout 60s,15,4/23/2026,21:30:21,16.37,6.62,13.33,,,
stress-ng --cpu 2 --cpu-load 30 --quiet --timeout 60s,15,4/23/2026,21:30:22,15.17,6.62,13.33,,,
stress-ng --cpu 2 --cpu-load 30 --quiet --timeout 60s,15,4/23/2026,21:30:23,16.08,6.62,12.96,,,
stress-ng --cpu 2 --cpu-load 30 --quiet --timeout 60s,15,4/23/2026,21:30:24,15.63,6.62,13.02,,,
stress-ng --cpu 2 --cpu-load 30 --quiet --timeout 60s,15,4/23/2026,21:30:25,15.17,6.62,13.02,,,
stress-ng --cpu 2 --cpu-load 30 --quiet --timeout 60s,15,4/23/2026,21:30:26,16.04,6.62,13.41,,,
stress-ng --cpu 2 --cpu-load 30 --quiet --timeout 60s,15,4/23/2026,21:30:27,14.39,6.62,12.99,,,
stress-ng --cpu 2 --cpu-load 30 --quiet --timeout 60s,15,4/23/2026,21:30:28,17.19,6.62,12.99,,,
stress-ng --cpu 2 --cpu-load 30 --quiet --timeout 60s,15,4/23/2026,21:30:29,16.12,6.62,12.98,,,
stress-ng --cpu 2 --cpu-load 30 --quiet --timeout 60s,15,4/23/2026,21:30:30,15.67,6.62,14.67,,,
stress-ng --cpu 2 --cpu-load 30 --quiet --timeout 60s,15,4/23/2026,21:30:31,15.13,6.62,14.67,,,
stress-ng --cpu 2 --cpu-load 30 --quiet --timeout 60s,15,4/23/2026,21:30:32,16.21,6.62,13.01,,,
stress-ng --cpu 2 --cpu-load 30 --quiet --timeout 60s,15,4/23/2026,21:30:33,16.12,6.62,13.09,,,
stress-ng --cpu 2 --cpu-load 30 --quiet --timeout 60s,15,4/23/2026,21:30:34,15.09,6.62,13.09,,,
stress-ng --cpu 2 --cpu-load 30 --quiet --timeout 60s,15,4/23/2026,21:30:35,16.04,6.62,12.47,,,
stress-ng --cpu 2 --cpu-load 30 --quiet --timeout 60s,15,4/23/2026,21:30:36,17.15,6.62,12.65,,,
stress-ng --cpu 2 --cpu-load 30 --quiet --timeout 60s,15,4/23/2026,21:30:37,15.27,6.62,12.65,,,
stress-ng --cpu 2 --cpu-load 30 --quiet --timeout 60s,15,4/23/2026,21:30:38,16.83,6.62,11.61,,,
stress-ng --cpu 2 --cpu-load 30 --quiet --timeout 60s,15,4/23/2026,21:30:39,14.88,6.62,13.55,,,
stress-ng --cpu 2 --cpu-load 30 --quiet --timeout 60s,15,4/23/2026,21:30:40,15.72,6.62,13.55,,,
stress-ng --cpu 2 --cpu-load 30 --quiet --timeout 60s,15,4/23/2026,21:30:41,17.24,6.62,13.38,,,
stress-ng --cpu 2 --cpu-load 30 --quiet --timeout 60s,15,4/23/2026,21:30:42,15.13,6.62,13.47,,,
stress-ng --cpu 2 --cpu-load 30 --quiet --timeout 60s,15,4/23/2026,21:30:43,15.21,6.62,13.47,,,
stress-ng --cpu 2 --cpu-load 30 --quiet --timeout 60s,15,4/23/2026,21:30:44,15.59,6.62,13.21,,,
stress-ng --cpu 2 --cpu-load 30 --quiet --timeout 60s,15,4/23/2026,21:30:45,17.28,6.62,13.57,,,
stress-ng --cpu 2 --cpu-load 30 --quiet --timeout 60s,15,4/23/2026,21:30:46,16.205,6.62,13.57,,,
stress-ng --cpu 2 --cpu-load 30 --quiet --timeout 60s,15,4/23/2026,21:30:47,15.13,6.62,12.45,,,
stress-ng --cpu 2 --cpu-load 30 --quiet --timeout 60s,15,4/23/2026,21:30:48,17.41,6.62,13.01,,,
stress-ng --cpu 2 --cpu-load 30 --quiet --timeout 60s,15,4/23/2026,21:30:49,14.46,6.62,13.01,,,
stress-ng --cpu 2 --cpu-load 30 --quiet --timeout 60s,15,4/23/2026,21:30:50,15.59,6.63,13.17,,,
stress-ng --cpu 2 --cpu-load 30 --quiet --timeout 60s,15,4/23/2026,21:30:51,15.42,6.63,13.56,,,
stress-ng --cpu 2 --cpu-load 30 --quiet --timeout 60s,15,4/23/2026,21:30:52,15.8,6.63,13.56,,,
stress-ng --cpu 2 --cpu-load 30 --quiet --timeout 60s,15,4/23/2026,21:30:53,15.88,6.63,13.23,,,
stress-ng --cpu 2 --cpu-load 30 --quiet --timeout 60s,15,4/23/2026,21:30:54,16.54,6.63,13.3,,,
stress-ng --cpu 2 --cpu-load 30 --quiet --timeout 60s,15,4/23/2026,21:30:55,16.08,6.63,13.3,,,
stress-ng --cpu 2 --cpu-load 30 --quiet --timeout 60s,15,4/23/2026,21:30:56,16.12,6.63,12.38,,,
stress-ng --cpu 2 --cpu-load 30 --quiet --timeout 60s,15,4/23/2026,21:30:57,16.12,6.63,13.23,,,
stress-ng --cpu 2 --cpu-load 30 --quiet --timeout 60s,15,4/23/2026,21:30:58,14.6,6.63,13.23,,,
stress-ng --cpu 2 --cpu-load 30 --quiet --timeout 60s,15,4/24/2026,10:26:27,0.73,7.04,9.17,,,
stress-ng --cpu 2 --cpu-load 30 --quiet --timeout 60s,15,4/24/2026,10:26:28,10.86,7.04,9.17,,,
stress-ng --cpu 2 --cpu-load 30 --quiet --timeout 60s,15,4/24/2026,10:26:29,15.3,7.04,11.25,,,
stress-ng --cpu 2 --cpu-load 30 --quiet --timeout 60s,15,4/24/2026,10:26:30,17.48,7.04,11.83,,,
stress-ng --cpu 2 --cpu-load 30 --quiet --timeout 60s,15,4/24/2026,10:26:31,15.13,7.04,11.83,,,
stress-ng --cpu 2 --cpu-load 30 --quiet --timeout 60s,15,4/24/2026,10:26:32,16.79,7.04,11.68,,,
stress-ng --cpu 2 --cpu-load 30 --quiet --timeout 60s,15,4/24/2026,10:26:33,14.56,7.04,12.29,,,
stress-ng --cpu 2 --cpu-load 30 --quiet --timeout 60s,15,4/24/2026,10:26:34,16.74,7.04,12.29,,,
stress-ng --cpu 2 --cpu-load 30 --quiet --timeout 60s,15,4/24/2026,10:26:35,16.37,7.04,12.94,,,
stress-ng --cpu 2 --cpu-load 30 --quiet --timeout 60s,15,4/24/2026,10:26:36,14.67,7.05,13.65,,,
stress-ng --cpu 2 --cpu-load 30 --quiet --timeout 60s,15,4/24/2026,10:26:37,15.76,7.05,13.65,,,
stress-ng --cpu 2 --cpu-load 30 --quiet --timeout 60s,15,4/24/2026,10:26:38,15.59,7.05,13.33,,,
stress-ng --cpu 2 --cpu-load 30 --quiet --timeout 60s,15,4/24/2026,10:26:39,17.07,7.05,12.99,,,
stress-ng --cpu 2 --cpu-load 30 --quiet --timeout 60s,15,4/24/2026,10:26:40,14.88,7.05,12.99,,,
stress-ng --cpu 2 --cpu-load 30 --quiet --timeout 60s,15,4/24/2026,10:26:41,15.64,7.05,12.94,,,
stress-ng --cpu 2 --cpu-load 30 --quiet --timeout 60s,15,4/24/2026,10:26:42,17.98,7.05,12.33,,,
stress-ng --cpu 2 --cpu-load 30 --quiet --timeout 60s,15,4/24/2026,10:26:43,15.67,7.05,12.33,,,
stress-ng --cpu 2 --cpu-load 30 --quiet --timeout 60s,15,4/24/2026,10:26:44,14.88,7.05,11.97,,,
stress-ng --cpu 2 --cpu-load 30 --quiet --timeout 60s,15,4/24/2026,10:26:45,16.04,7.05,12.65,,,
stress-ng --cpu 2 --cpu-load 30 --quiet --timeout 60s,15,4/24/2026,10:26:46,16.12,7.05,12.65,,,
stress-ng --cpu 2 --cpu-load 30 --quiet --timeout 60s,15,4/24/2026,10:26:47,16.16,7.05,13.33,,,
stress-ng --cpu 2 --cpu-load 30 --quiet --timeout 60s,15,4/24/2026,10:26:48,15.8,7.05,13.24,,,
stress-ng --cpu 2 --cpu-load 30 --quiet --timeout 60s,15,4/24/2026,10:26:49,15.76,7.05,13.24,,,
stress-ng --cpu 2 --cpu-load 30 --quiet --timeout 60s,15,4/24/2026,10:26:50,15.8,7.05,12.43,,,
stress-ng --cpu 2 --cpu-load 30 --quiet --timeout 60s,15,4/24/2026,10:26:51,16.62,7.05,12.92,,,
stress-ng --cpu 2 --cpu-load 30 --quiet --timeout 60s,15,4/24/2026,10:26:52,14.96,7.05,12.92,,,
stress-ng --cpu 2 --cpu-load 30 --quiet --timeout 60s,15,4/24/2026,10:26:53,16.08,7.05,12.61,,,
stress-ng --cpu 2 --cpu-load 30 --quiet --timeout 60s,15,4/24/2026,10:26:54,16.83,7.05,13.57,,,
stress-ng --cpu 2 --cpu-load 30 --quiet --timeout 60s,15,4/24/2026,10:26:55,14.6,7.05,13.57,,,
stress-ng --cpu 2 --cpu-load 30 --quiet --timeout 60s,15,4/24/2026,10:26:56,15.76,7.05,12.41,,,
stress-ng --cpu 2 --cpu-load 30 --quiet --timeout 60s,15,4/24/2026,10:26:57,16.37,7.05,13.5,,,
stress-ng --cpu 2 --cpu-load 30 --quiet --timeout 60s,15,4/24/2026,10:26:58,16.29,7.05,13.5,,,
stress-ng --cpu 2 --cpu-load 30 --quiet --timeout 60s,15,4/24/2026,10:26:59,15.92,7.05,12.63,,,
stress-ng --cpu 2 --cpu-load 30 --quiet --timeout 60s,15,4/24/2026,10:27:00,15.63,7.05,14.01,,,
stress-ng --cpu 2 --cpu-load 30 --quiet --timeout 60s,15,4/24/2026,10:27:01,15.13,7.05,14.01,,,
stress-ng --cpu 2 --cpu-load 30 --quiet --timeout 60s,15,4/24/2026,10:27:02,16.2,7.05,12.76,,,
stress-ng --cpu 2 --cpu-load 30 --quiet --timeout 60s,15,4/24/2026,10:27:03,14.85,7.05,13.32,,,
stress-ng --cpu 2 --cpu-load 30 --quiet --timeout 60s,15,4/24/2026,10:27:04,15.59,7.05,13.32,,,
stress-ng --cpu 2 --cpu-load 30 --quiet --timeout 60s,15,4/24/2026,10:27:05,16.74,7.05,13.97,,,
stress-ng --cpu 2 --cpu-load 30 --quiet --timeout 60s,15,4/24/2026,10:27:06,16.79,7.05,13.42,,,
stress-ng --cpu 2 --cpu-load 30 --quiet --timeout 60s,15,4/24/2026,10:27:07,15.09,7.05,13.42,,,
stress-ng --cpu 2 --cpu-load 30 --quiet --timeout 60s,15,4/24/2026,10:27:08,15.13,7.05,12.83,,,
stress-ng --cpu 2 --cpu-load 30 --quiet --timeout 60s,15,4/24/2026,10:27:09,17.03,7.05,13.51,,,
stress-ng --cpu 2 --cpu-load 30 --quiet --timeout 60s,15,4/24/2026,10:27:10,17.24,7.05,13.51,,,
stress-ng --cpu 2 --cpu-load 30 --quiet --timeout 60s,15,4/24/2026,10:27:11,14.56,7.06,11.79,,,
stress-ng --cpu 2 --cpu-load 30 --quiet --timeout 60s,15,4/24/2026,10:27:12,17.32,7.06,12.11,,,
stress-ng --cpu 2 --cpu-load 30 --quiet --timeout 60s,15,4/24/2026,10:27:13,14.32,7.06,12.11,,,
stress-ng --cpu 2 --cpu-load 30 --quiet --timeout 60s,15,4/24/2026,10:27:14,17.24,7.06,11.34,,,
stress-ng --cpu 2 --cpu-load 30 --quiet --timeout 60s,15,4/24/2026,10:27:15,14.32,7.06,11.96,,,
stress-ng --cpu 2 --cpu-load 30 --quiet --timeout 60s,15,4/24/2026,10:27:16,16.99,7.06,11.96,,,
stress-ng --cpu 2 --cpu-load 30 --quiet --timeout 60s,15,4/24/2026,10:27:17,15.51,7.06,11.97,,,
stress-ng --cpu 2 --cpu-load 30 --quiet --timeout 60s,15,4/24/2026,10:27:18,16.395,7.06,11.57,,,
stress-ng --cpu 2 --cpu-load 30 --quiet --timeout 60s,15,4/24/2026,10:27:19,17.28,7.06,11.57,,,
stress-ng --cpu 2 --cpu-load 30 --quiet --timeout 60s,15,4/24/2026,10:27:20,14.96,7.06,11.83,,,
stress-ng --cpu 2 --cpu-load 30 --quiet --timeout 60s,15,4/24/2026,10:27:21,14.81,7.06,12.12,,,
stress-ng --cpu 2 --cpu-load 30 --quiet --timeout 60s,15,4/24/2026,10:27:22,17.89,7.06,12.12,,,
stress-ng --cpu 2 --cpu-load 30 --quiet --timeout 60s,15,4/24/2026,10:27:23,14.17,7.06,11.39,,,
stress-ng --cpu 2 --cpu-load 30 --quiet --timeout 60s,15,4/24/2026,10:27:24,16.09,7.06,13.23,,,
stress-ng --cpu 2 --cpu-load 30 --quiet --timeout 60s,15,4/24/2026,10:27:25,18.22,7.06,13.23,,,
stress-ng --cpu 2 --cpu-load 30 --quiet --timeout 60s,15,4/24/2026,10:27:26,14.32,7.06,13.18,,,
stress-ng --cpu 2 --cpu-load 30 --quiet --timeout 60s,15,4/24/2026,10:27:27,16,7.06,11.76,,,
stress-ng --cpu 2 --cpu-load 30 --quiet --timeout 60s,15,4/24/2026,17:36:45,1.22,7.84,9.33,,,
stress-ng --cpu 2 --cpu-load 30 --quiet --timeout 60s,15,4/24/2026,17:36:46,17.77,7.89,9.17,,,
stress-ng --cpu 2 --cpu-load 30 --quiet --timeout 60s,15,4/24/2026,17:36:47,17.86,7.89,10.29,,,
stress-ng --cpu 2 --cpu-load 30 --quiet --timeout 60s,15,4/24/2026,17:36:48,21.97,7.89,12.37,,,
stress-ng --cpu 2 --cpu-load 30 --quiet --timeout 60s,15,4/24/2026,17:36:49,18.81,7.88,12.37,,,
stress-ng --cpu 2 --cpu-load 30 --quiet --timeout 60s,15,4/24/2026,17:36:50,17.73,7.88,13.44,,,
stress-ng --cpu 2 --cpu-load 30 --quiet --timeout 60s,15,4/24/2026,17:36:51,19.35,7.88,13.44,,,
stress-ng --cpu 2 --cpu-load 30 --quiet --timeout 60s,15,4/24/2026,17:36:52,17.24,7.88,12.62,,,
stress-ng --cpu 2 --cpu-load 30 --quiet --timeout 60s,15,4/24/2026,17:36:53,16.91,7.86,13.38,,,
stress-ng --cpu 2 --cpu-load 30 --quiet --timeout 60s,15,4/24/2026,17:36:54,15.84,7.86,13.38,,,
stress-ng --cpu 2 --cpu-load 30 --quiet --timeout 60s,15,4/24/2026,17:36:55,18.76,7.86,13.58,,,
stress-ng --cpu 2 --cpu-load 30 --quiet --timeout 60s,15,4/24/2026,17:36:56,17.4,7.86,13.58,,,
stress-ng --cpu 2 --cpu-load 30 --quiet --timeout 60s,15,4/24/2026,17:36:57,20,7.89,13.58,,,
stress-ng --cpu 2 --cpu-load 30 --quiet --timeout 60s,15,4/24/2026,17:36:58,15.67,7.89,14.33,,,
stress-ng --cpu 2 --cpu-load 30 --quiet --timeout 60s,15,4/24/2026,17:36:59,15.67,7.89,14.48,,,
stress-ng --cpu 2 --cpu-load 30 --quiet --timeout 60s,15,4/24/2026,17:37:00,16.33,7.89,14.48,,,
stress-ng --cpu 2 --cpu-load 30 --quiet --timeout 60s,15,4/24/2026,17:37:01,18.47,7.89,12.93,,,
stress-ng --cpu 2 --cpu-load 30 --quiet --timeout 60s,15,4/24/2026,17:37:02,15.13,7.89,13.59,,,
stress-ng --cpu 2 --cpu-load 30 --quiet --timeout 60s,15,4/24/2026,17:37:03,16.08,7.89,13.59,,,
stress-ng --cpu 2 --cpu-load 30 --quiet --timeout 60s,15,4/24/2026,17:37:04,16.25,7.89,12.55,,,
stress-ng --cpu 2 --cpu-load 30 --quiet --timeout 60s,15,4/24/2026,17:37:05,16.12,7.89,13.38,,,
stress-ng --cpu 2 --cpu-load 30 --quiet --timeout 60s,15,4/24/2026,17:37:06,16.25,7.89,13.38,,,
stress-ng --cpu 2 --cpu-load 30 --quiet --timeout 60s,15,4/24/2026,17:37:07,17.91,7.89,12.74,,,
stress-ng --cpu 2 --cpu-load 30 --quiet --timeout 60s,15,4/24/2026,17:37:08,15.59,7.89,13.14,,,
stress-ng --cpu 2 --cpu-load 30 --quiet --timeout 60s,15,4/24/2026,17:37:09,17.48,7.89,14.29,,,
stress-ng --cpu 2 --cpu-load 30 --quiet --timeout 60s,15,4/24/2026,17:37:10,19.36,7.89,14.29,,,
stress-ng --cpu 2 --cpu-load 30 --quiet --timeout 60s,15,4/24/2026,17:37:11,19.55,7.89,13.26,,,
stress-ng --cpu 2 --cpu-load 30 --quiet --timeout 60s,15,4/24/2026,17:37:12,16.41,7.89,13.26,,,
stress-ng --cpu 2 --cpu-load 30 --quiet --timeout 60s,15,4/24/2026,17:37:13,14.67,7.89,13.86,,,
stress-ng --cpu 2 --cpu-load 30 --quiet --timeout 60s,15,4/24/2026,17:37:14,18.31,7.89,14.06,,,
stress-ng --cpu 2 --cpu-load 30 --quiet --timeout 60s,15,4/24/2026,17:37:15,16.41,7.89,14.06,,,
stress-ng --cpu 2 --cpu-load 30 --quiet --timeout 60s,15,4/24/2026,17:37:16,15.8,7.88,13.41,,,
stress-ng --cpu 2 --cpu-load 30 --quiet --timeout 60s,15,4/24/2026,17:37:17,17.41,7.89,13.36,,,
stress-ng --cpu 2 --cpu-load 30 --quiet --timeout 60s,15,4/24/2026,17:37:18,14.14,7.88,13.36,,,
stress-ng --cpu 2 --cpu-load 30 --quiet --timeout 60s,15,4/24/2026,17:37:19,16.25,7.88,13.11,,,
stress-ng --cpu 2 --cpu-load 30 --quiet --timeout 60s,15,4/24/2026,17:37:20,18.36,7.88,13.29,,,
stress-ng --cpu 2 --cpu-load 30 --quiet --timeout 60s,15,4/24/2026,17:37:21,16.12,7.88,13.29,,,
stress-ng --cpu 2 --cpu-load 30 --quiet --timeout 60s,15,4/24/2026,17:37:22,15.63,7.88,13.54,,,
stress-ng --cpu 2 --cpu-load 30 --quiet --timeout 60s,15,4/24/2026,17:37:23,16.95,7.88,12.67,,,
stress-ng --cpu 2 --cpu-load 30 --quiet --timeout 60s,15,4/24/2026,17:37:24,16.16,7.88,12.67,,,
stress-ng --cpu 2 --cpu-load 30 --quiet --timeout 60s,15,4/24/2026,17:37:25,17.35,7.88,13.61,,,
stress-ng --cpu 2 --cpu-load 30 --quiet --timeout 60s,15,4/24/2026,17:37:26,16.42,7.88,12.75,,,
stress-ng --cpu 2 --cpu-load 30 --quiet --timeout 60s,15,4/24/2026,17:37:27,15.72,7.88,12.75,,,
stress-ng --cpu 2 --cpu-load 30 --quiet --timeout 60s,15,4/24/2026,17:37:28,15.47,7.88,12.61,,,
stress-ng --cpu 2 --cpu-load 30 --quiet --timeout 60s,15,4/24/2026,17:37:29,17.48,7.88,12.65,,,
stress-ng --cpu 2 --cpu-load 30 --quiet --timeout 60s,15,4/24/2026,17:37:30,15.38,7.88,12.65,,,
stress-ng --cpu 2 --cpu-load 30 --quiet --timeout 60s,15,4/24/2026,17:37:31,15.59,7.88,13.08,,,
stress-ng --cpu 2 --cpu-load 30 --quiet --timeout 60s,15,4/24/2026,17:37:32,15.3,7.88,12.78,,,
stress-ng --cpu 2 --cpu-load 30 --quiet --timeout 60s,15,4/24/2026,17:37:33,15.93,7.88,12.78,,,
stress-ng --cpu 2 --cpu-load 30 --quiet --timeout 60s,15,4/24/2026,17:37:34,16.58,7.88,12.36,,,
stress-ng --cpu 2 --cpu-load 30 --quiet --timeout 60s,15,4/24/2026,17:37:35,15.59,7.88,13.03,,,
stress-ng --cpu 2 --cpu-load 30 --quiet --timeout 60s,15,4/24/2026,17:37:36,15.88,7.88,13.03,,,
stress-ng --cpu 2 --cpu-load 30 --quiet --timeout 60s,15,4/24/2026,17:37:37,15.09,7.88,12.51,,,
stress-ng --cpu 2 --cpu-load 30 --quiet --timeout 60s,15,4/24/2026,17:37:38,18.87,7.88,12.64,,,
stress-ng --cpu 2 --cpu-load 30 --quiet --timeout 60s,15,4/24/2026,17:37:39,16.99,7.88,14.3,,,
stress-ng --cpu 2 --cpu-load 30 --quiet --timeout 60s,15,4/24/2026,17:37:40,16.25,7.88,14.3,,,
stress-ng --cpu 2 --cpu-load 30 --quiet --timeout 60s,15,4/24/2026,17:37:41,17.53,7.88,12.33,,,
stress-ng --cpu 2 --cpu-load 30 --quiet --timeout 60s,15,4/24/2026,17:37:42,16.16,7.88,12.33,,,
stress-ng --cpu 2 --cpu-load 30 --quiet --timeout 60s,15,4/24/2026,17:37:43,14.85,7.88,12.48,,,
stress-ng --cpu 2 --cpu-load 30 --quiet --timeout 60s,15,4/24/2026,17:37:44,15.13,7.88,12.42,,,
stress-ng --cpu 2 --cpu-load 30 --quiet --timeout 60s,15,4/24/2026,17:37:45,18.4,7.88,12.42,,,
stress-ng --cpu 2 --cpu-load 32 --quiet --timeout 60s,16,4/23/2026,21:25:58,10.83,6.63,9.2,,,
stress-ng --cpu 2 --cpu-load 32 --quiet --timeout 60s,16,4/23/2026,21:25:59,13.93,6.63,9.22,,,
stress-ng --cpu 2 --cpu-load 32 --quiet --timeout 60s,16,4/23/2026,21:26:00,17.03,6.63,12.33,,,
stress-ng --cpu 2 --cpu-load 32 --quiet --timeout 60s,16,4/23/2026,21:26:01,17.64,6.63,12.33,,,
stress-ng --cpu 2 --cpu-load 32 --quiet --timeout 60s,16,4/23/2026,21:26:02,16.99,6.63,12.34,,,
stress-ng --cpu 2 --cpu-load 32 --quiet --timeout 60s,16,4/23/2026,21:26:03,17.6,6.63,12.21,,,
stress-ng --cpu 2 --cpu-load 32 --quiet --timeout 60s,16,4/23/2026,21:26:04,18.02,6.63,12.21,,,
stress-ng --cpu 2 --cpu-load 32 --quiet --timeout 60s,16,4/23/2026,21:26:05,15.06,6.63,12.45,,,
stress-ng --cpu 2 --cpu-load 32 --quiet --timeout 60s,16,4/23/2026,21:26:06,16.74,6.63,11.66,,,
stress-ng --cpu 2 --cpu-load 32 --quiet --timeout 60s,16,4/23/2026,21:26:07,17.11,6.63,11.66,,,
stress-ng --cpu 2 --cpu-load 32 --quiet --timeout 60s,16,4/23/2026,21:26:08,18.38,6.63,12.34,,,
stress-ng --cpu 2 --cpu-load 32 --quiet --timeout 60s,16,4/23/2026,21:26:09,15.55,6.63,12.1,,,
stress-ng --cpu 2 --cpu-load 32 --quiet --timeout 60s,16,4/23/2026,21:26:10,18.51,6.63,12.1,,,
stress-ng --cpu 2 --cpu-load 32 --quiet --timeout 60s,16,4/23/2026,21:26:11,17.82,6.63,12.54,,,
stress-ng --cpu 2 --cpu-load 32 --quiet --timeout 60s,16,4/23/2026,21:26:12,15.09,6.63,11.86,,,
stress-ng --cpu 2 --cpu-load 32 --quiet --timeout 60s,16,4/23/2026,21:26:13,17.44,6.63,11.86,,,
stress-ng --cpu 2 --cpu-load 32 --quiet --timeout 60s,16,4/23/2026,21:26:14,17.24,6.63,12.18,,,
stress-ng --cpu 2 --cpu-load 32 --quiet --timeout 60s,16,4/23/2026,21:26:15,17.61,6.63,11.99,,,
stress-ng --cpu 2 --cpu-load 32 --quiet --timeout 60s,16,4/23/2026,21:26:16,17.12,6.63,11.99,,,
stress-ng --cpu 2 --cpu-load 32 --quiet --timeout 60s,16,4/23/2026,21:26:17,15.59,6.63,11.98,,,
stress-ng --cpu 2 --cpu-load 32 --quiet --timeout 60s,16,4/23/2026,21:26:18,16.87,6.63,11.92,,,
stress-ng --cpu 2 --cpu-load 32 --quiet --timeout 60s,16,4/23/2026,21:26:19,19.21,6.63,11.92,,,
stress-ng --cpu 2 --cpu-load 32 --quiet --timeout 60s,16,4/23/2026,21:26:20,15.63,6.63,12.63,,,
stress-ng --cpu 2 --cpu-load 32 --quiet --timeout 60s,16,4/23/2026,21:26:21,16.66,6.63,13.07,,,
stress-ng --cpu 2 --cpu-load 32 --quiet --timeout 60s,16,4/23/2026,21:26:22,17.03,6.63,13.07,,,
stress-ng --cpu 2 --cpu-load 32 --quiet --timeout 60s,16,4/23/2026,21:26:23,18.47,6.63,12.21,,,
stress-ng --cpu 2 --cpu-load 32 --quiet --timeout 60s,16,4/23/2026,21:26:24,16.2,6.63,12.34,,,
stress-ng --cpu 2 --cpu-load 32 --quiet --timeout 60s,16,4/23/2026,21:26:25,15.88,6.63,12.34,,,
stress-ng --cpu 2 --cpu-load 32 --quiet --timeout 60s,16,4/23/2026,21:26:26,17.41,6.63,12.38,,,
stress-ng --cpu 2 --cpu-load 32 --quiet --timeout 60s,16,4/23/2026,21:26:27,15.59,6.63,12.64,,,
stress-ng --cpu 2 --cpu-load 32 --quiet --timeout 60s,16,4/23/2026,21:26:28,17.91,6.63,12.64,,,
stress-ng --cpu 2 --cpu-load 32 --quiet --timeout 60s,16,4/23/2026,21:26:29,15.55,6.63,12.63,,,
stress-ng --cpu 2 --cpu-load 32 --quiet --timeout 60s,16,4/23/2026,21:26:30,17.48,6.63,13.54,,,
stress-ng --cpu 2 --cpu-load 32 --quiet --timeout 60s,16,4/23/2026,21:26:31,17.57,6.63,13.54,,,
stress-ng --cpu 2 --cpu-load 32 --quiet --timeout 60s,16,4/23/2026,21:26:32,16.91,6.63,12.98,,,
stress-ng --cpu 2 --cpu-load 32 --quiet --timeout 60s,16,4/23/2026,21:26:33,15.42,6.63,13.06,,,
stress-ng --cpu 2 --cpu-load 32 --quiet --timeout 60s,16,4/23/2026,21:26:34,16.5,6.63,13.06,,,
stress-ng --cpu 2 --cpu-load 32 --quiet --timeout 60s,16,4/23/2026,21:26:35,17.57,6.63,12.97,,,
stress-ng --cpu 2 --cpu-load 32 --quiet --timeout 60s,16,4/23/2026,21:26:36,16.62,6.63,12.91,,,
stress-ng --cpu 2 --cpu-load 32 --quiet --timeout 60s,16,4/23/2026,21:26:37,16.58,6.63,12.91,,,
stress-ng --cpu 2 --cpu-load 32 --quiet --timeout 60s,16,4/23/2026,21:26:38,17.32,6.63,12.83,,,
stress-ng --cpu 2 --cpu-load 32 --quiet --timeout 60s,16,4/23/2026,21:26:39,16.33,6.63,12.3,,,
stress-ng --cpu 2 --cpu-load 32 --quiet --timeout 60s,16,4/23/2026,21:26:40,17.98,6.63,12.3,,,
stress-ng --cpu 2 --cpu-load 32 --quiet --timeout 60s,16,4/23/2026,21:26:41,15.67,6.63,12.77,,,
stress-ng --cpu 2 --cpu-load 32 --quiet --timeout 60s,16,4/23/2026,21:26:42,17.03,6.63,12.75,,,
stress-ng --cpu 2 --cpu-load 32 --quiet --timeout 60s,16,4/23/2026,21:26:43,18.11,6.63,12.75,,,
stress-ng --cpu 2 --cpu-load 32 --quiet --timeout 60s,16,4/23/2026,21:26:44,17.16,6.63,13.14,,,
stress-ng --cpu 2 --cpu-load 32 --quiet --timeout 60s,16,4/23/2026,21:26:45,15.84,6.63,12.41,,,
stress-ng --cpu 2 --cpu-load 32 --quiet --timeout 60s,16,4/23/2026,21:26:46,16.46,6.63,12.41,,,
stress-ng --cpu 2 --cpu-load 32 --quiet --timeout 60s,16,4/23/2026,21:26:47,16.95,6.63,11.75,,,
stress-ng --cpu 2 --cpu-load 32 --quiet --timeout 60s,16,4/23/2026,21:26:48,17.48,6.63,12.66,,,
stress-ng --cpu 2 --cpu-load 32 --quiet --timeout 60s,16,4/23/2026,21:26:49,16.62,6.63,12.66,,,
stress-ng --cpu 2 --cpu-load 32 --quiet --timeout 60s,16,4/23/2026,21:26:50,17.61,6.63,12.69,,,
stress-ng --cpu 2 --cpu-load 32 --quiet --timeout 60s,16,4/23/2026,21:26:51,16.83,6.63,14.39,,,
stress-ng --cpu 2 --cpu-load 32 --quiet --timeout 60s,16,4/23/2026,21:26:52,16.66,6.63,14.39,,,
stress-ng --cpu 2 --cpu-load 32 --quiet --timeout 60s,16,4/23/2026,21:26:53,18.85,6.63,12.65,,,
stress-ng --cpu 2 --cpu-load 32 --quiet --timeout 60s,16,4/23/2026,21:26:54,14.92,6.63,12.26,,,
stress-ng --cpu 2 --cpu-load 32 --quiet --timeout 60s,16,4/23/2026,21:26:55,17.24,6.63,12.26,,,
stress-ng --cpu 2 --cpu-load 32 --quiet --timeout 60s,16,4/23/2026,21:26:56,17.24,6.63,11.85,,,
stress-ng --cpu 2 --cpu-load 32 --quiet --timeout 60s,16,4/23/2026,21:26:57,16.62,6.63,12.76,,,
stress-ng --cpu 2 --cpu-load 32 --quiet --timeout 60s,16,4/23/2026,21:26:58,15.23,6.62,12.76,,,
stress-ng --cpu 2 --cpu-load 32 --quiet --timeout 60s,16,4/24/2026,8:06:21,13.39,7.07,9.18,,,
stress-ng --cpu 2 --cpu-load 32 --quiet --timeout 60s,16,4/24/2026,8:06:22,17.03,7.07,9.18,,,
stress-ng --cpu 2 --cpu-load 32 --quiet --timeout 60s,16,4/24/2026,8:06:23,16.91,7.07,12.21,,,
stress-ng --cpu 2 --cpu-load 32 --quiet --timeout 60s,16,4/24/2026,8:06:24,17.45,7.07,12.6,,,
stress-ng --cpu 2 --cpu-load 32 --quiet --timeout 60s,16,4/24/2026,8:06:25,15.8,7.07,12.6,,,
stress-ng --cpu 2 --cpu-load 32 --quiet --timeout 60s,16,4/24/2026,8:06:26,17.24,7.07,11.9,,,
stress-ng --cpu 2 --cpu-load 32 --quiet --timeout 60s,16,4/24/2026,8:06:27,17.53,7.07,12.43,,,
stress-ng --cpu 2 --cpu-load 32 --quiet --timeout 60s,16,4/24/2026,8:06:28,17.82,7.07,12.43,,,
stress-ng --cpu 2 --cpu-load 32 --quiet --timeout 60s,16,4/24/2026,8:06:29,16.95,7.07,12.14,,,
stress-ng --cpu 2 --cpu-load 32 --quiet --timeout 60s,16,4/24/2026,8:06:30,14.92,7.07,11.91,,,
stress-ng --cpu 2 --cpu-load 32 --quiet --timeout 60s,16,4/24/2026,8:06:31,18.22,7.07,11.91,,,
stress-ng --cpu 2 --cpu-load 32 --quiet --timeout 60s,16,4/24/2026,8:06:32,15.97,7.07,11.56,,,
stress-ng --cpu 2 --cpu-load 32 --quiet --timeout 60s,16,4/24/2026,8:06:33,16.91,7.07,12.08,,,
stress-ng --cpu 2 --cpu-load 32 --quiet --timeout 60s,16,4/24/2026,8:06:34,16.91,7.07,12.08,,,
stress-ng --cpu 2 --cpu-load 32 --quiet --timeout 60s,16,4/24/2026,8:06:35,18.31,7.07,12.46,,,
stress-ng --cpu 2 --cpu-load 32 --quiet --timeout 60s,16,4/24/2026,8:06:36,17.61,7.07,12.39,,,
stress-ng --cpu 2 --cpu-load 32 --quiet --timeout 60s,16,4/24/2026,8:06:37,15.3,7.07,12.39,,,
stress-ng --cpu 2 --cpu-load 32 --quiet --timeout 60s,16,4/24/2026,8:06:38,17.73,7.07,12.55,,,
stress-ng --cpu 2 --cpu-load 32 --quiet --timeout 60s,16,4/24/2026,8:06:39,16.21,7.07,11.87,,,
stress-ng --cpu 2 --cpu-load 32 --quiet --timeout 60s,16,4/24/2026,8:06:40,18.09,7.07,11.87,,,
stress-ng --cpu 2 --cpu-load 32 --quiet --timeout 60s,16,4/24/2026,8:06:41,17.89,7.07,11.95,,,
stress-ng --cpu 2 --cpu-load 32 --quiet --timeout 60s,16,4/24/2026,8:06:42,17.12,7.07,11.89,,,
stress-ng --cpu 2 --cpu-load 32 --quiet --timeout 60s,16,4/24/2026,8:06:43,16.12,7.07,11.89,,,
stress-ng --cpu 2 --cpu-load 32 --quiet --timeout 60s,16,4/24/2026,8:06:44,17.93,7.07,11.84,,,
stress-ng --cpu 2 --cpu-load 32 --quiet --timeout 60s,16,4/24/2026,8:06:45,15.13,7.07,12.03,,,
stress-ng --cpu 2 --cpu-load 32 --quiet --timeout 60s,16,4/24/2026,8:06:46,19.16,7.07,12.03,,,
stress-ng --cpu 2 --cpu-load 32 --quiet --timeout 60s,16,4/24/2026,8:06:47,14.88,7.08,12.24,,,
stress-ng --cpu 2 --cpu-load 32 --quiet --timeout 60s,16,4/24/2026,8:06:48,19.36,7.08,12.49,,,
stress-ng --cpu 2 --cpu-load 32 --quiet --timeout 60s,16,4/24/2026,8:06:49,16.16,7.08,12.49,,,
stress-ng --cpu 2 --cpu-load 32 --quiet --timeout 60s,16,4/24/2026,8:06:50,16.04,7.08,11.97,,,
stress-ng --cpu 2 --cpu-load 32 --quiet --timeout 60s,16,4/24/2026,8:06:51,18.67,7.08,12.4,,,
stress-ng --cpu 2 --cpu-load 32 --quiet --timeout 60s,16,4/24/2026,8:06:52,16.16,7.08,12.4,,,
stress-ng --cpu 2 --cpu-load 32 --quiet --timeout 60s,16,4/24/2026,8:06:53,15.38,7.08,12.71,,,
stress-ng --cpu 2 --cpu-load 32 --quiet --timeout 60s,16,4/24/2026,8:06:54,16.95,7.08,12.71,,,
stress-ng --cpu 2 --cpu-load 32 --quiet --timeout 60s,16,4/24/2026,8:06:55,17.44,7.08,12.71,,,
stress-ng --cpu 2 --cpu-load 32 --quiet --timeout 60s,16,4/24/2026,8:06:56,17.11,7.08,11.82,,,
stress-ng --cpu 2 --cpu-load 32 --quiet --timeout 60s,16,4/24/2026,8:06:57,18.47,7.08,13.34,,,
stress-ng --cpu 2 --cpu-load 32 --quiet --timeout 60s,16,4/24/2026,8:06:58,16.08,7.08,13.34,,,
stress-ng --cpu 2 --cpu-load 32 --quiet --timeout 60s,16,4/24/2026,8:06:59,17.28,7.08,13.39,,,
stress-ng --cpu 2 --cpu-load 32 --quiet --timeout 60s,16,4/24/2026,8:07:00,16.58,7.08,13.43,,,
stress-ng --cpu 2 --cpu-load 32 --quiet --timeout 60s,16,4/24/2026,8:07:01,17.44,7.08,13.43,,,
stress-ng --cpu 2 --cpu-load 32 --quiet --timeout 60s,16,4/24/2026,8:07:02,17.36,7.08,13.17,,,
stress-ng --cpu 2 --cpu-load 32 --quiet --timeout 60s,16,4/24/2026,8:07:03,16.16,7.08,13.67,,,
stress-ng --cpu 2 --cpu-load 32 --quiet --timeout 60s,16,4/24/2026,8:07:04,16.37,7.08,13.67,,,
stress-ng --cpu 2 --cpu-load 32 --quiet --timeout 60s,16,4/24/2026,8:07:05,17.24,7.08,12.93,,,
stress-ng --cpu 2 --cpu-load 32 --quiet --timeout 60s,16,4/24/2026,8:07:06,17.12,7.08,12.83,,,
stress-ng --cpu 2 --cpu-load 32 --quiet --timeout 60s,16,4/24/2026,8:07:07,17.61,7.08,12.83,,,
stress-ng --cpu 2 --cpu-load 32 --quiet --timeout 60s,16,4/24/2026,8:07:08,15.42,7.08,13.52,,,
stress-ng --cpu 2 --cpu-load 32 --quiet --timeout 60s,16,4/24/2026,8:07:09,19.05,7.08,13.38,,,
stress-ng --cpu 2 --cpu-load 32 --quiet --timeout 60s,16,4/24/2026,8:07:10,15.34,7.08,13.38,,,
stress-ng --cpu 2 --cpu-load 32 --quiet --timeout 60s,16,4/24/2026,8:07:11,17.24,7.08,12.17,,,
stress-ng --cpu 2 --cpu-load 32 --quiet --timeout 60s,16,4/24/2026,8:07:12,16.5,7.08,12.27,,,
stress-ng --cpu 2 --cpu-load 32 --quiet --timeout 60s,16,4/24/2026,8:07:13,18.96,7.08,12.27,,,
stress-ng --cpu 2 --cpu-load 32 --quiet --timeout 60s,16,4/24/2026,8:07:14,15.09,7.08,12.68,,,
stress-ng --cpu 2 --cpu-load 32 --quiet --timeout 60s,16,4/24/2026,8:07:15,17.28,7.08,11.93,,,
stress-ng --cpu 2 --cpu-load 32 --quiet --timeout 60s,16,4/24/2026,8:07:16,18.31,7.08,11.93,,,
stress-ng --cpu 2 --cpu-load 32 --quiet --timeout 60s,16,4/24/2026,8:07:17,14.88,7.08,11.84,,,
stress-ng --cpu 2 --cpu-load 32 --quiet --timeout 60s,16,4/24/2026,8:07:18,16.95,7.08,12.54,,,
stress-ng --cpu 2 --cpu-load 32 --quiet --timeout 60s,16,4/24/2026,8:07:19,18.13,7.08,12.54,,,
stress-ng --cpu 2 --cpu-load 32 --quiet --timeout 60s,16,4/24/2026,8:07:20,17.16,7.08,11.87,,,
stress-ng --cpu 2 --cpu-load 32 --quiet --timeout 60s,16,4/24/2026,8:07:21,10.12,7.07,11.78,,,
stress-ng --cpu 2 --cpu-load 32 --quiet --timeout 60s,16,4/24/2026,16:10:42,1.22,7.53,9.61,,,
stress-ng --cpu 2 --cpu-load 32 --quiet --timeout 60s,16,4/24/2026,16:10:43,12.8,7.54,9.61,,,
stress-ng --cpu 2 --cpu-load 32 --quiet --timeout 60s,16,4/24/2026,16:10:44,17.89,7.54,12.8,,,
stress-ng --cpu 2 --cpu-load 32 --quiet --timeout 60s,16,4/24/2026,16:10:45,17.11,7.54,12.8,,,
stress-ng --cpu 2 --cpu-load 32 --quiet --timeout 60s,16,4/24/2026,16:10:46,17.15,7.54,12.8,,,
stress-ng --cpu 2 --cpu-load 32 --quiet --timeout 60s,16,4/24/2026,16:10:47,18.42,7.54,12.82,,,
stress-ng --cpu 2 --cpu-load 32 --quiet --timeout 60s,16,4/24/2026,16:10:48,17.12,7.54,12.2,,,
stress-ng --cpu 2 --cpu-load 32 --quiet --timeout 60s,16,4/24/2026,16:10:49,15.42,7.54,12.2,,,
stress-ng --cpu 2 --cpu-load 32 --quiet --timeout 60s,16,4/24/2026,16:10:50,18.06,7.54,12.37,,,
stress-ng --cpu 2 --cpu-load 32 --quiet --timeout 60s,16,4/24/2026,16:10:51,16.37,7.54,12.78,,,
stress-ng --cpu 2 --cpu-load 32 --quiet --timeout 60s,16,4/24/2026,16:10:52,17.7,7.54,12.78,,,
stress-ng --cpu 2 --cpu-load 32 --quiet --timeout 60s,16,4/24/2026,16:10:53,15.59,7.54,13.04,,,
stress-ng --cpu 2 --cpu-load 32 --quiet --timeout 60s,16,4/24/2026,16:10:54,16.7,7.54,12.35,,,
stress-ng --cpu 2 --cpu-load 32 --quiet --timeout 60s,16,4/24/2026,16:10:55,19.11,7.54,12.35,,,
stress-ng --cpu 2 --cpu-load 32 --quiet --timeout 60s,16,4/24/2026,16:10:56,15.59,7.54,12.26,,,
stress-ng --cpu 2 --cpu-load 32 --quiet --timeout 60s,16,4/24/2026,16:10:57,17.82,7.54,12.42,,,
stress-ng --cpu 2 --cpu-load 32 --quiet --timeout 60s,16,4/24/2026,16:10:58,15.71,7.54,12.42,,,
stress-ng --cpu 2 --cpu-load 32 --quiet --timeout 60s,16,4/24/2026,16:10:59,16.58,7.54,13.24,,,
stress-ng --cpu 2 --cpu-load 32 --quiet --timeout 60s,16,4/24/2026,16:11:00,18.11,7.54,12.86,,,
stress-ng --cpu 2 --cpu-load 32 --quiet --timeout 60s,16,4/24/2026,16:11:01,16.41,7.54,12.86,,,
stress-ng --cpu 2 --cpu-load 32 --quiet --timeout 60s,16,4/24/2026,16:11:02,15.96,7.54,13.15,,,
stress-ng --cpu 2 --cpu-load 32 --quiet --timeout 60s,16,4/24/2026,16:11:03,17.36,7.54,13.14,,,
stress-ng --cpu 2 --cpu-load 32 --quiet --timeout 60s,16,4/24/2026,16:11:04,17.12,7.54,13.14,,,
stress-ng --cpu 2 --cpu-load 32 --quiet --timeout 60s,16,4/24/2026,16:11:05,16.12,7.54,13.08,,,
stress-ng --cpu 2 --cpu-load 32 --quiet --timeout 60s,16,4/24/2026,16:11:06,17.77,7.54,11.99,,,
stress-ng --cpu 2 --cpu-load 32 --quiet --timeout 60s,16,4/24/2026,16:11:07,16.29,7.54,11.99,,,
stress-ng --cpu 2 --cpu-load 32 --quiet --timeout 60s,16,4/24/2026,16:11:08,16.79,7.54,13.12,,,
stress-ng --cpu 2 --cpu-load 32 --quiet --timeout 60s,16,4/24/2026,16:11:09,16.95,7.54,13.12,,,
stress-ng --cpu 2 --cpu-load 32 --quiet --timeout 60s,16,4/24/2026,16:11:10,19.16,7.54,13.12,,,
stress-ng --cpu 2 --cpu-load 32 --quiet --timeout 60s,16,4/24/2026,16:11:11,17.02,7.54,13.47,,,
stress-ng --cpu 2 --cpu-load 32 --quiet --timeout 60s,16,4/24/2026,16:11:12,14.88,7.54,13.07,,,
stress-ng --cpu 2 --cpu-load 32 --quiet --timeout 60s,16,4/24/2026,16:11:13,18.18,7.54,13.07,,,
stress-ng --cpu 2 --cpu-load 32 --quiet --timeout 60s,16,4/24/2026,16:11:14,18.27,7.54,12.34,,,
stress-ng --cpu 2 --cpu-load 32 --quiet --timeout 60s,16,4/24/2026,16:11:15,16.16,7.54,12.69,,,
stress-ng --cpu 2 --cpu-load 32 --quiet --timeout 60s,16,4/24/2026,16:11:16,16.16,7.54,12.69,,,
stress-ng --cpu 2 --cpu-load 32 --quiet --timeout 60s,16,4/24/2026,16:11:17,16.08,7.54,13.47,,,
stress-ng --cpu 2 --cpu-load 32 --quiet --timeout 60s,16,4/24/2026,16:11:18,17.77,7.54,13.23,,,
stress-ng --cpu 2 --cpu-load 32 --quiet --timeout 60s,16,4/24/2026,16:11:19,17.16,7.54,13.23,,,
stress-ng --cpu 2 --cpu-load 32 --quiet --timeout 60s,16,4/24/2026,16:11:20,16.16,7.54,12.72,,,
stress-ng --cpu 2 --cpu-load 32 --quiet --timeout 60s,16,4/24/2026,16:11:21,15.88,7.54,13.43,,,
stress-ng --cpu 2 --cpu-load 32 --quiet --timeout 60s,16,4/24/2026,16:11:22,16.99,7.54,13.43,,,
stress-ng --cpu 2 --cpu-load 32 --quiet --timeout 60s,16,4/24/2026,16:11:23,16.87,7.54,12.96,,,
stress-ng --cpu 2 --cpu-load 32 --quiet --timeout 60s,16,4/24/2026,16:11:24,16.58,7.54,12.9,,,
stress-ng --cpu 2 --cpu-load 32 --quiet --timeout 60s,16,4/24/2026,16:11:25,17.03,7.54,12.9,,,
stress-ng --cpu 2 --cpu-load 32 --quiet --timeout 60s,16,4/24/2026,16:11:26,17.2,7.54,13.41,,,
stress-ng --cpu 2 --cpu-load 32 --quiet --timeout 60s,16,4/24/2026,16:11:27,17.4,7.54,13.45,,,
stress-ng --cpu 2 --cpu-load 32 --quiet --timeout 60s,16,4/24/2026,16:11:28,17.57,7.54,13.45,,,
stress-ng --cpu 2 --cpu-load 32 --quiet --timeout 60s,16,4/24/2026,16:11:29,16.37,7.54,12.68,,,
stress-ng --cpu 2 --cpu-load 32 --quiet --timeout 60s,16,4/24/2026,16:11:30,16.87,7.54,13.28,,,
stress-ng --cpu 2 --cpu-load 32 --quiet --timeout 60s,16,4/24/2026,16:11:31,15.84,7.54,13.28,,,
stress-ng --cpu 2 --cpu-load 32 --quiet --timeout 60s,16,4/24/2026,16:11:32,17.44,7.54,12.68,,,
stress-ng --cpu 2 --cpu-load 32 --quiet --timeout 60s,16,4/24/2026,16:11:33,16.5,7.54,13.01,,,
stress-ng --cpu 2 --cpu-load 32 --quiet --timeout 60s,16,4/24/2026,16:11:34,18.56,7.54,13.01,,,
stress-ng --cpu 2 --cpu-load 32 --quiet --timeout 60s,16,4/24/2026,16:11:35,15.55,7.54,13.4,,,
stress-ng --cpu 2 --cpu-load 32 --quiet --timeout 60s,16,4/24/2026,16:11:36,17.73,7.54,11.72,,,
stress-ng --cpu 2 --cpu-load 32 --quiet --timeout 60s,16,4/24/2026,16:11:37,18.11,7.54,11.72,,,
stress-ng --cpu 2 --cpu-load 32 --quiet --timeout 60s,16,4/24/2026,16:11:38,14.88,7.54,12.25,,,
stress-ng --cpu 2 --cpu-load 32 --quiet --timeout 60s,16,4/24/2026,16:11:39,16.91,7.54,11.67,,,
stress-ng --cpu 2 --cpu-load 32 --quiet --timeout 60s,16,4/24/2026,16:11:40,17.31,7.54,11.67,,,
stress-ng --cpu 2 --cpu-load 32 --quiet --timeout 60s,16,4/24/2026,16:11:41,18.76,7.54,12.2,,,
stress-ng --cpu 2 --cpu-load 32 --quiet --timeout 60s,16,4/24/2026,16:11:42,16.25,7.54,11.94,,,
stress-ng --cpu 2 --cpu-load 34 --quiet --timeout 60s,17,4/24/2026,4:00:12,0.99,6.58,9.4,,,
stress-ng --cpu 2 --cpu-load 34 --quiet --timeout 60s,17,4/24/2026,4:00:13,16.37,6.62,9.4,,,
stress-ng --cpu 2 --cpu-load 34 --quiet --timeout 60s,17,4/24/2026,4:00:14,17.36,6.62,12.23,,,
stress-ng --cpu 2 --cpu-load 34 --quiet --timeout 60s,17,4/24/2026,4:00:15,17.61,6.62,12.23,,,
stress-ng --cpu 2 --cpu-load 34 --quiet --timeout 60s,17,4/24/2026,4:00:16,19.21,6.62,12.23,,,
stress-ng --cpu 2 --cpu-load 34 --quiet --timeout 60s,17,4/24/2026,4:00:17,17.16,6.62,12.64,,,
stress-ng --cpu 2 --cpu-load 34 --quiet --timeout 60s,17,4/24/2026,4:00:18,18.61,6.62,12.2,,,
stress-ng --cpu 2 --cpu-load 34 --quiet --timeout 60s,17,4/24/2026,4:00:19,17.86,6.62,12.2,,,
stress-ng --cpu 2 --cpu-load 34 --quiet --timeout 60s,17,4/24/2026,4:00:20,17.2,6.62,12.14,,,
stress-ng --cpu 2 --cpu-load 34 --quiet --timeout 60s,17,4/24/2026,4:00:21,17.82,6.62,12.09,,,
stress-ng --cpu 2 --cpu-load 34 --quiet --timeout 60s,17,4/24/2026,4:00:22,17.95,6.62,12.09,,,
stress-ng --cpu 2 --cpu-load 34 --quiet --timeout 60s,17,4/24/2026,4:00:23,17.7,6.62,11.89,,,
stress-ng --cpu 2 --cpu-load 34 --quiet --timeout 60s,17,4/24/2026,4:00:24,17.12,6.62,12.05,,,
stress-ng --cpu 2 --cpu-load 34 --quiet --timeout 60s,17,4/24/2026,4:00:25,17.57,6.62,12.05,,,
stress-ng --cpu 2 --cpu-load 34 --quiet --timeout 60s,17,4/24/2026,4:00:26,17.4,6.62,12.18,,,
stress-ng --cpu 2 --cpu-load 34 --quiet --timeout 60s,17,4/24/2026,4:00:27,20,6.62,12.05,,,
stress-ng --cpu 2 --cpu-load 34 --quiet --timeout 60s,17,4/24/2026,4:00:28,17.7,6.62,12.05,,,
stress-ng --cpu 2 --cpu-load 34 --quiet --timeout 60s,17,4/24/2026,4:00:29,17.36,6.62,12.31,,,
stress-ng --cpu 2 --cpu-load 34 --quiet --timeout 60s,17,4/24/2026,4:00:30,17.82,6.62,12.2,,,
stress-ng --cpu 2 --cpu-load 34 --quiet --timeout 60s,17,4/24/2026,4:00:31,16.5,6.62,12.2,,,
stress-ng --cpu 2 --cpu-load 34 --quiet --timeout 60s,17,4/24/2026,4:00:32,18.56,6.62,11.63,,,
stress-ng --cpu 2 --cpu-load 34 --quiet --timeout 60s,17,4/24/2026,4:00:33,19.05,6.62,12.22,,,
stress-ng --cpu 2 --cpu-load 34 --quiet --timeout 60s,17,4/24/2026,4:00:34,17.45,6.62,12.22,,,
stress-ng --cpu 2 --cpu-load 34 --quiet --timeout 60s,17,4/24/2026,4:00:35,17.82,6.61,12.59,,,
stress-ng --cpu 2 --cpu-load 34 --quiet --timeout 60s,17,4/24/2026,4:00:36,16.54,6.61,12.14,,,
stress-ng --cpu 2 --cpu-load 34 --quiet --timeout 60s,17,4/24/2026,4:00:37,19.26,6.61,12.14,,,
stress-ng --cpu 2 --cpu-load 34 --quiet --timeout 60s,17,4/24/2026,4:00:38,18.85,6.61,12.08,,,
stress-ng --cpu 2 --cpu-load 34 --quiet --timeout 60s,17,4/24/2026,4:00:39,17.91,6.61,11.99,,,
stress-ng --cpu 2 --cpu-load 34 --quiet --timeout 60s,17,4/24/2026,4:00:40,17.61,6.61,11.99,,,
stress-ng --cpu 2 --cpu-load 34 --quiet --timeout 60s,17,4/24/2026,4:00:41,17.16,6.61,12.29,,,
stress-ng --cpu 2 --cpu-load 34 --quiet --timeout 60s,17,4/24/2026,4:00:42,18.27,6.61,12.2,,,
stress-ng --cpu 2 --cpu-load 34 --quiet --timeout 60s,17,4/24/2026,4:00:43,18.4,6.61,12.2,,,
stress-ng --cpu 2 --cpu-load 34 --quiet --timeout 60s,17,4/24/2026,4:00:44,18.15,6.61,12.02,,,
stress-ng --cpu 2 --cpu-load 34 --quiet --timeout 60s,17,4/24/2026,4:00:45,16.33,6.61,11.95,,,
stress-ng --cpu 2 --cpu-load 34 --quiet --timeout 60s,17,4/24/2026,4:00:46,19.75,6.61,13.24,,,
stress-ng --cpu 2 --cpu-load 34 --quiet --timeout 60s,17,4/24/2026,4:00:47,17.61,6.61,13.24,,,
stress-ng --cpu 2 --cpu-load 34 --quiet --timeout 60s,17,4/24/2026,4:00:48,17.61,6.61,11.78,,,
stress-ng --cpu 2 --cpu-load 34 --quiet --timeout 60s,17,4/24/2026,4:00:49,18.11,6.61,11.78,,,
stress-ng --cpu 2 --cpu-load 34 --quiet --timeout 60s,17,4/24/2026,4:00:50,18.15,6.6,12.6,,,
stress-ng --cpu 2 --cpu-load 34 --quiet --timeout 60s,17,4/24/2026,4:00:51,17.28,6.6,11.87,,,
stress-ng --cpu 2 --cpu-load 34 --quiet --timeout 60s,17,4/24/2026,4:00:52,17.44,6.6,12.17,,,
stress-ng --cpu 2 --cpu-load 34 --quiet --timeout 60s,17,4/24/2026,4:00:53,19.01,6.6,12.17,,,
stress-ng --cpu 2 --cpu-load 34 --quiet --timeout 60s,17,4/24/2026,4:00:54,17.57,6.6,12.11,,,
stress-ng --cpu 2 --cpu-load 34 --quiet --timeout 60s,17,4/24/2026,4:00:55,18.09,6.61,12.11,,,
stress-ng --cpu 2 --cpu-load 34 --quiet --timeout 60s,17,4/24/2026,4:00:56,19.7,6.61,12.34,,,
stress-ng --cpu 2 --cpu-load 34 --quiet --timeout 60s,17,4/24/2026,4:00:57,16.54,6.61,12.37,,,
stress-ng --cpu 2 --cpu-load 34 --quiet --timeout 60s,17,4/24/2026,4:00:58,18.71,6.61,12.37,,,
stress-ng --cpu 2 --cpu-load 34 --quiet --timeout 60s,17,4/24/2026,4:00:59,16.5,6.61,12.2,,,
stress-ng --cpu 2 --cpu-load 34 --quiet --timeout 60s,17,4/24/2026,4:01:00,20,6.61,12.02,,,
stress-ng --cpu 2 --cpu-load 34 --quiet --timeout 60s,17,4/24/2026,4:01:01,16.87,6.61,12.02,,,
stress-ng --cpu 2 --cpu-load 34 --quiet --timeout 60s,17,4/24/2026,4:01:02,18.02,6.61,12.18,,,
stress-ng --cpu 2 --cpu-load 34 --quiet --timeout 60s,17,4/24/2026,4:01:03,18.31,6.61,11.7,,,
stress-ng --cpu 2 --cpu-load 34 --quiet --timeout 60s,17,4/24/2026,4:01:04,17.91,6.61,11.7,,,
stress-ng --cpu 2 --cpu-load 34 --quiet --timeout 60s,17,4/24/2026,4:01:05,18.15,6.61,12.44,,,
stress-ng --cpu 2 --cpu-load 34 --quiet --timeout 60s,17,4/24/2026,4:01:06,17.2,6.61,12.23,,,
stress-ng --cpu 2 --cpu-load 34 --quiet --timeout 60s,17,4/24/2026,4:01:07,18.02,6.61,12.23,,,
stress-ng --cpu 2 --cpu-load 34 --quiet --timeout 60s,17,4/24/2026,4:01:08,18.61,6.61,12.05,,,
stress-ng --cpu 2 --cpu-load 34 --quiet --timeout 60s,17,4/24/2026,4:01:09,17.2,6.61,11.89,,,
stress-ng --cpu 2 --cpu-load 34 --quiet --timeout 60s,17,4/24/2026,4:01:10,18.36,6.61,11.89,,,
stress-ng --cpu 2 --cpu-load 34 --quiet --timeout 60s,17,4/24/2026,4:01:11,17.7,6.61,12.16,,,
stress-ng --cpu 2 --cpu-load 34 --quiet --timeout 60s,17,4/24/2026,4:01:12,11.08,6.6,12.07,,,
stress-ng --cpu 2 --cpu-load 34 --quiet --timeout 60s,17,4/24/2026,7:32:20,13.75,7,9.04,,,
stress-ng --cpu 2 --cpu-load 34 --quiet --timeout 60s,17,4/24/2026,7:32:21,17.7,7,10.88,,,
stress-ng --cpu 2 --cpu-load 34 --quiet --timeout 60s,17,4/24/2026,7:32:22,16.83,7,10.88,,,
stress-ng --cpu 2 --cpu-load 34 --quiet --timeout 60s,17,4/24/2026,7:32:23,18.38,7,12.47,,,
stress-ng --cpu 2 --cpu-load 34 --quiet --timeout 60s,17,4/24/2026,7:32:24,16.83,7,11.89,,,
stress-ng --cpu 2 --cpu-load 34 --quiet --timeout 60s,17,4/24/2026,7:32:25,18.58,7,11.89,,,
stress-ng --cpu 2 --cpu-load 34 --quiet --timeout 60s,17,4/24/2026,7:32:26,18.62,7,12.24,,,
stress-ng --cpu 2 --cpu-load 34 --quiet --timeout 60s,17,4/24/2026,7:32:27,19.95,7,12.53,,,
stress-ng --cpu 2 --cpu-load 34 --quiet --timeout 60s,17,4/24/2026,7:32:28,17.66,7,12.53,,,
stress-ng --cpu 2 --cpu-load 34 --quiet --timeout 60s,17,4/24/2026,7:32:29,16.08,7,12.12,,,
stress-ng --cpu 2 --cpu-load 34 --quiet --timeout 60s,17,4/24/2026,7:32:30,17.645,7,11.91,,,
stress-ng --cpu 2 --cpu-load 34 --quiet --timeout 60s,17,4/24/2026,7:32:31,19.21,7,11.91,,,
stress-ng --cpu 2 --cpu-load 34 --quiet --timeout 60s,17,4/24/2026,7:32:32,16.87,7,12.22,,,
stress-ng --cpu 2 --cpu-load 34 --quiet --timeout 60s,17,4/24/2026,7:32:33,19.16,7,12.06,,,
stress-ng --cpu 2 --cpu-load 34 --quiet --timeout 60s,17,4/24/2026,7:32:34,18.4,7,12.06,,,
stress-ng --cpu 2 --cpu-load 34 --quiet --timeout 60s,17,4/24/2026,7:32:35,17.12,7,11.84,,,
stress-ng --cpu 2 --cpu-load 34 --quiet --timeout 60s,17,4/24/2026,7:32:36,17.41,7,12.37,,,
stress-ng --cpu 2 --cpu-load 34 --quiet --timeout 60s,17,4/24/2026,7:32:37,18.45,7,12.37,,,
stress-ng --cpu 2 --cpu-load 34 --quiet --timeout 60s,17,4/24/2026,7:32:38,16.33,7,12.01,,,
stress-ng --cpu 2 --cpu-load 34 --quiet --timeout 60s,17,4/24/2026,7:32:39,18.85,7,12.38,,,
stress-ng --cpu 2 --cpu-load 34 --quiet --timeout 60s,17,4/24/2026,7:32:40,17.61,7,12.38,,,
stress-ng --cpu 2 --cpu-load 34 --quiet --timeout 60s,17,4/24/2026,7:32:41,18.81,7,11.93,,,
stress-ng --cpu 2 --cpu-load 34 --quiet --timeout 60s,17,4/24/2026,7:32:42,17.66,7,12.06,,,
stress-ng --cpu 2 --cpu-load 34 --quiet --timeout 60s,17,4/24/2026,7:32:43,16.87,7,12.06,,,
stress-ng --cpu 2 --cpu-load 34 --quiet --timeout 60s,17,4/24/2026,7:32:44,17.7,7,12.43,,,
stress-ng --cpu 2 --cpu-load 34 --quiet --timeout 60s,17,4/24/2026,7:32:45,17.77,7,11.85,,,
stress-ng --cpu 2 --cpu-load 34 --quiet --timeout 60s,17,4/24/2026,7:32:46,18.4,7,11.85,,,
stress-ng --cpu 2 --cpu-load 34 --quiet --timeout 60s,17,4/24/2026,7:32:47,17.03,7,11.97,,,
stress-ng --cpu 2 --cpu-load 34 --quiet --timeout 60s,17,4/24/2026,7:32:48,18.18,7,12.21,,,
stress-ng --cpu 2 --cpu-load 34 --quiet --timeout 60s,17,4/24/2026,7:32:49,19.16,7,12.21,,,
stress-ng --cpu 2 --cpu-load 34 --quiet --timeout 60s,17,4/24/2026,7:32:50,16.08,7,11.92,,,
stress-ng --cpu 2 --cpu-load 34 --quiet --timeout 60s,17,4/24/2026,7:32:51,19.55,7,12.2,,,
stress-ng --cpu 2 --cpu-load 34 --quiet --timeout 60s,17,4/24/2026,7:32:52,17.91,7,12.2,,,
stress-ng --cpu 2 --cpu-load 34 --quiet --timeout 60s,17,4/24/2026,7:32:53,17.16,7,12.9,,,
stress-ng --cpu 2 --cpu-load 34 --quiet --timeout 60s,17,4/24/2026,7:32:54,17.28,7,12.02,,,
stress-ng --cpu 2 --cpu-load 34 --quiet --timeout 60s,17,4/24/2026,7:32:55,17.03,7,12.02,,,
stress-ng --cpu 2 --cpu-load 34 --quiet --timeout 60s,17,4/24/2026,7:32:56,20.14,7,11.94,,,
stress-ng --cpu 2 --cpu-load 34 --quiet --timeout 60s,17,4/24/2026,7:32:57,16.54,7,13.5,,,
stress-ng --cpu 2 --cpu-load 34 --quiet --timeout 60s,17,4/24/2026,7:32:58,18.22,7,13.5,,,
stress-ng --cpu 2 --cpu-load 34 --quiet --timeout 60s,17,4/24/2026,7:32:59,18.61,7,11.69,,,
stress-ng --cpu 2 --cpu-load 34 --quiet --timeout 60s,17,4/24/2026,7:33:00,17.86,7,12.01,,,
stress-ng --cpu 2 --cpu-load 34 --quiet --timeout 60s,17,4/24/2026,7:33:01,17.07,7,12.01,,,
stress-ng --cpu 2 --cpu-load 34 --quiet --timeout 60s,17,4/24/2026,7:33:02,19.05,7,11.64,,,
stress-ng --cpu 2 --cpu-load 34 --quiet --timeout 60s,17,4/24/2026,7:33:03,15.92,7,12.69,,,
stress-ng --cpu 2 --cpu-load 34 --quiet --timeout 60s,17,4/24/2026,7:33:04,18.58,7,12.69,,,
stress-ng --cpu 2 --cpu-load 34 --quiet --timeout 60s,17,4/24/2026,7:33:05,19.21,7,11.96,,,
stress-ng --cpu 2 --cpu-load 34 --quiet --timeout 60s,17,4/24/2026,7:33:06,16.58,7,12.1,,,
stress-ng --cpu 2 --cpu-load 34 --quiet --timeout 60s,17,4/24/2026,7:33:07,19.55,7,12.1,,,
stress-ng --cpu 2 --cpu-load 34 --quiet --timeout 60s,17,4/24/2026,7:33:08,16.83,7,12.46,,,
stress-ng --cpu 2 --cpu-load 34 --quiet --timeout 60s,17,4/24/2026,7:33:09,17.93,7,12.39,,,
stress-ng --cpu 2 --cpu-load 34 --quiet --timeout 60s,17,4/24/2026,7:33:10,18.91,7,12.39,,,
stress-ng --cpu 2 --cpu-load 34 --quiet --timeout 60s,17,4/24/2026,7:33:11,16.95,7,11.78,,,
stress-ng --cpu 2 --cpu-load 34 --quiet --timeout 60s,17,4/24/2026,7:33:12,17.89,7,12.29,,,
stress-ng --cpu 2 --cpu-load 34 --quiet --timeout 60s,17,4/24/2026,7:33:13,19.11,7,12.29,,,
stress-ng --cpu 2 --cpu-load 34 --quiet --timeout 60s,17,4/24/2026,7:33:14,17.32,7,12.18,,,
stress-ng --cpu 2 --cpu-load 34 --quiet --timeout 60s,17,4/24/2026,7:33:15,19.45,7,12.02,,,
stress-ng --cpu 2 --cpu-load 34 --quiet --timeout 60s,17,4/24/2026,7:33:16,16.08,7,12.02,,,
stress-ng --cpu 2 --cpu-load 34 --quiet --timeout 60s,17,4/24/2026,7:33:17,19.7,7,11.7,,,
stress-ng --cpu 2 --cpu-load 34 --quiet --timeout 60s,17,4/24/2026,7:33:18,18.15,7,12.16,,,
stress-ng --cpu 2 --cpu-load 34 --quiet --timeout 60s,17,4/24/2026,7:33:19,17.45,7,12.16,,,
stress-ng --cpu 2 --cpu-load 34 --quiet --timeout 60s,17,4/24/2026,7:33:20,13.11,6.99,11.98,,,
stress-ng --cpu 2 --cpu-load 34 --quiet --timeout 60s,17,4/24/2026,19:58:51,14.7,7.56,9.25,,,
stress-ng --cpu 2 --cpu-load 34 --quiet --timeout 60s,17,4/24/2026,19:58:52,16.805,7.56,9.25,,,
stress-ng --cpu 2 --cpu-load 34 --quiet --timeout 60s,17,4/24/2026,19:58:53,18.91,7.56,11.62,,,
stress-ng --cpu 2 --cpu-load 34 --quiet --timeout 60s,17,4/24/2026,19:58:54,18.61,7.56,12.11,,,
stress-ng --cpu 2 --cpu-load 34 --quiet --timeout 60s,17,4/24/2026,19:58:55,17.66,7.56,12.11,,,
stress-ng --cpu 2 --cpu-load 34 --quiet --timeout 60s,17,4/24/2026,19:58:56,16.83,7.56,12.17,,,
stress-ng --cpu 2 --cpu-load 34 --quiet --timeout 60s,17,4/24/2026,19:58:57,17.57,7.56,11.6,,,
stress-ng --cpu 2 --cpu-load 34 --quiet --timeout 60s,17,4/24/2026,19:58:58,18.56,7.56,11.6,,,
stress-ng --cpu 2 --cpu-load 34 --quiet --timeout 60s,17,4/24/2026,19:58:59,17.28,7.55,11.83,,,
stress-ng --cpu 2 --cpu-load 34 --quiet --timeout 60s,17,4/24/2026,19:59:00,18.27,7.56,12.03,,,
stress-ng --cpu 2 --cpu-load 34 --quiet --timeout 60s,17,4/24/2026,19:59:01,18.4,7.56,12.03,,,
stress-ng --cpu 2 --cpu-load 34 --quiet --timeout 60s,17,4/24/2026,19:59:02,17.82,7.56,12.34,,,
stress-ng --cpu 2 --cpu-load 34 --quiet --timeout 60s,17,4/24/2026,19:59:03,16.7,7.56,11.96,,,
stress-ng --cpu 2 --cpu-load 34 --quiet --timeout 60s,17,4/24/2026,19:59:04,18.56,7.56,11.96,,,
stress-ng --cpu 2 --cpu-load 34 --quiet --timeout 60s,17,4/24/2026,19:59:05,18.45,7.56,11.82,,,
stress-ng --cpu 2 --cpu-load 34 --quiet --timeout 60s,17,4/24/2026,19:59:06,17.32,7.56,12.32,,,
stress-ng --cpu 2 --cpu-load 34 --quiet --timeout 60s,17,4/24/2026,19:59:07,16.58,7.56,12.32,,,
stress-ng --cpu 2 --cpu-load 34 --quiet --timeout 60s,17,4/24/2026,19:59:08,19.01,7.56,11.97,,,
stress-ng --cpu 2 --cpu-load 34 --quiet --timeout 60s,17,4/24/2026,19:59:09,18.65,7.56,12.33,,,
stress-ng --cpu 2 --cpu-load 34 --quiet --timeout 60s,17,4/24/2026,19:59:10,16.83,7.56,12.33,,,
stress-ng --cpu 2 --cpu-load 34 --quiet --timeout 60s,17,4/24/2026,19:59:11,18.71,7.56,12.67,,,
stress-ng --cpu 2 --cpu-load 34 --quiet --timeout 60s,17,4/24/2026,19:59:12,18.4,7.56,12.6,,,
stress-ng --cpu 2 --cpu-load 34 --quiet --timeout 60s,17,4/24/2026,19:59:13,18.11,7.56,12.6,,,
stress-ng --cpu 2 --cpu-load 34 --quiet --timeout 60s,17,4/24/2026,19:59:14,17.66,7.56,11.61,,,
stress-ng --cpu 2 --cpu-load 34 --quiet --timeout 60s,17,4/24/2026,19:59:15,17.12,7.56,12.19,,,
stress-ng --cpu 2 --cpu-load 34 --quiet --timeout 60s,17,4/24/2026,19:59:16,17.69,7.56,12.19,,,
stress-ng --cpu 2 --cpu-load 34 --quiet --timeout 60s,17,4/24/2026,19:59:17,17.19,7.56,12.38,,,
stress-ng --cpu 2 --cpu-load 34 --quiet --timeout 60s,17,4/24/2026,19:59:18,19.95,7.56,12.74,,,
stress-ng --cpu 2 --cpu-load 34 --quiet --timeout 60s,17,4/24/2026,19:59:19,16.08,7.56,12.74,,,
stress-ng --cpu 2 --cpu-load 34 --quiet --timeout 60s,17,4/24/2026,19:59:20,18.91,7.56,12.06,,,
stress-ng --cpu 2 --cpu-load 34 --quiet --timeout 60s,17,4/24/2026,19:59:21,16.08,7.56,11.93,,,
stress-ng --cpu 2 --cpu-load 34 --quiet --timeout 60s,17,4/24/2026,19:59:22,19.41,7.56,11.93,,,
stress-ng --cpu 2 --cpu-load 34 --quiet --timeout 60s,17,4/24/2026,19:59:23,17.41,7.56,11.92,,,
stress-ng --cpu 2 --cpu-load 34 --quiet --timeout 60s,17,4/24/2026,19:59:24,17.7,7.56,12.6,,,
stress-ng --cpu 2 --cpu-load 34 --quiet --timeout 60s,17,4/24/2026,19:59:25,18.36,7.56,12.6,,,
stress-ng --cpu 2 --cpu-load 34 --quiet --timeout 60s,17,4/24/2026,19:59:26,16.04,7.56,12.06,,,
stress-ng --cpu 2 --cpu-load 34 --quiet --timeout 60s,17,4/24/2026,19:59:27,18.71,7.56,11.57,,,
stress-ng --cpu 2 --cpu-load 34 --quiet --timeout 60s,17,4/24/2026,19:59:28,18.31,7.56,11.57,,,
stress-ng --cpu 2 --cpu-load 34 --quiet --timeout 60s,17,4/24/2026,19:59:29,17.66,7.56,12.1,,,
stress-ng --cpu 2 --cpu-load 34 --quiet --timeout 60s,17,4/24/2026,19:59:30,17.41,7.56,12.12,,,
stress-ng --cpu 2 --cpu-load 34 --quiet --timeout 60s,17,4/24/2026,19:59:31,18.15,7.56,12.12,,,
stress-ng --cpu 2 --cpu-load 34 --quiet --timeout 60s,17,4/24/2026,19:59:32,17.66,7.56,11.72,,,
stress-ng --cpu 2 --cpu-load 34 --quiet --timeout 60s,17,4/24/2026,19:59:33,17.41,7.56,12.83,,,
stress-ng --cpu 2 --cpu-load 34 --quiet --timeout 60s,17,4/24/2026,19:59:34,18.15,7.56,12.83,,,
stress-ng --cpu 2 --cpu-load 34 --quiet --timeout 60s,17,4/24/2026,19:59:35,17.66,7.56,11.71,,,
stress-ng --cpu 2 --cpu-load 34 --quiet --timeout 60s,17,4/24/2026,19:59:36,17.7,7.56,12.28,,,
stress-ng --cpu 2 --cpu-load 34 --quiet --timeout 60s,17,4/24/2026,19:59:37,16.91,7.56,12.28,,,
stress-ng --cpu 2 --cpu-load 34 --quiet --timeout 60s,17,4/24/2026,19:59:38,18.61,7.56,12.47,,,
stress-ng --cpu 2 --cpu-load 34 --quiet --timeout 60s,17,4/24/2026,19:59:39,16.66,7.56,12.12,,,
stress-ng --cpu 2 --cpu-load 34 --quiet --timeout 60s,17,4/24/2026,19:59:40,18.76,7.56,12.12,,,
stress-ng --cpu 2 --cpu-load 34 --quiet --timeout 60s,17,4/24/2026,19:59:41,16.12,7.56,11.79,,,
stress-ng --cpu 2 --cpu-load 34 --quiet --timeout 60s,17,4/24/2026,19:59:42,18.62,7.56,12.3,,,
stress-ng --cpu 2 --cpu-load 34 --quiet --timeout 60s,17,4/24/2026,19:59:43,18.96,7.56,12.3,,,
stress-ng --cpu 2 --cpu-load 34 --quiet --timeout 60s,17,4/24/2026,19:59:44,16.08,7.56,11.91,,,
stress-ng --cpu 2 --cpu-load 34 --quiet --timeout 60s,17,4/24/2026,19:59:45,18.09,7.56,11.93,,,
stress-ng --cpu 2 --cpu-load 34 --quiet --timeout 60s,17,4/24/2026,19:59:46,20.14,7.56,11.93,,,
stress-ng --cpu 2 --cpu-load 34 --quiet --timeout 60s,17,4/24/2026,19:59:47,15.63,7.56,12.46,,,
stress-ng --cpu 2 --cpu-load 34 --quiet --timeout 60s,17,4/24/2026,19:59:48,18.47,7.56,12.08,,,
stress-ng --cpu 2 --cpu-load 34 --quiet --timeout 60s,17,4/24/2026,19:59:49,16.54,7.56,12.08,,,
stress-ng --cpu 2 --cpu-load 34 --quiet --timeout 60s,17,4/24/2026,19:59:50,19.95,7.56,11.73,,,
stress-ng --cpu 2 --cpu-load 34 --quiet --timeout 60s,17,4/24/2026,19:59:51,9.95,7.54,12.79,,,
stress-ng --cpu 2 --cpu-load 36 --quiet --timeout 60s,18,4/24/2026,2:22:08,1.22,6.61,9.24,,,
stress-ng --cpu 2 --cpu-load 36 --quiet --timeout 60s,18,4/24/2026,2:22:09,17.69,6.62,9.24,,,
stress-ng --cpu 2 --cpu-load 36 --quiet --timeout 60s,18,4/24/2026,2:22:10,20.04,6.62,11.23,,,
stress-ng --cpu 2 --cpu-load 36 --quiet --timeout 60s,18,4/24/2026,2:22:11,18.81,6.62,13,,,
stress-ng --cpu 2 --cpu-load 36 --quiet --timeout 60s,18,4/24/2026,2:22:12,17.61,6.62,13,,,
stress-ng --cpu 2 --cpu-load 36 --quiet --timeout 60s,18,4/24/2026,2:22:13,20.54,6.62,12.24,,,
stress-ng --cpu 2 --cpu-load 36 --quiet --timeout 60s,18,4/24/2026,2:22:14,17.86,6.62,12.32,,,
stress-ng --cpu 2 --cpu-load 36 --quiet --timeout 60s,18,4/24/2026,2:22:15,17.98,6.62,12.32,,,
stress-ng --cpu 2 --cpu-load 36 --quiet --timeout 60s,18,4/24/2026,2:22:16,19.21,6.62,12.49,,,
stress-ng --cpu 2 --cpu-load 36 --quiet --timeout 60s,18,4/24/2026,2:22:17,20.98,6.62,12.58,,,
stress-ng --cpu 2 --cpu-load 36 --quiet --timeout 60s,18,4/24/2026,2:22:18,18.56,6.62,12.58,,,
stress-ng --cpu 2 --cpu-load 36 --quiet --timeout 60s,18,4/24/2026,2:22:19,18.76,6.62,12.4,,,
stress-ng --cpu 2 --cpu-load 36 --quiet --timeout 60s,18,4/24/2026,2:22:20,19.07,6.62,12.8,,,
stress-ng --cpu 2 --cpu-load 36 --quiet --timeout 60s,18,4/24/2026,2:22:21,20.04,6.62,12.8,,,
stress-ng --cpu 2 --cpu-load 36 --quiet --timeout 60s,18,4/24/2026,2:22:22,18.31,6.62,12.49,,,
stress-ng --cpu 2 --cpu-load 36 --quiet --timeout 60s,18,4/24/2026,2:22:23,19.85,6.62,12.56,,,
stress-ng --cpu 2 --cpu-load 36 --quiet --timeout 60s,18,4/24/2026,2:22:24,20.19,6.62,12.56,,,
stress-ng --cpu 2 --cpu-load 36 --quiet --timeout 60s,18,4/24/2026,2:22:25,17.66,6.62,12.19,,,
stress-ng --cpu 2 --cpu-load 36 --quiet --timeout 60s,18,4/24/2026,2:22:26,18.36,6.62,12.31,,,
stress-ng --cpu 2 --cpu-load 36 --quiet --timeout 60s,18,4/24/2026,2:22:27,20.24,6.62,12.43,,,
stress-ng --cpu 2 --cpu-load 36 --quiet --timeout 60s,18,4/24/2026,2:22:28,20.24,6.62,12.43,,,
stress-ng --cpu 2 --cpu-load 36 --quiet --timeout 60s,18,4/24/2026,2:22:29,18.02,6.62,11.94,,,
stress-ng --cpu 2 --cpu-load 36 --quiet --timeout 60s,18,4/24/2026,2:22:30,18.96,6.62,12.24,,,
stress-ng --cpu 2 --cpu-load 36 --quiet --timeout 60s,18,4/24/2026,2:22:31,19.11,6.62,12.24,,,
stress-ng --cpu 2 --cpu-load 36 --quiet --timeout 60s,18,4/24/2026,2:22:32,18.42,6.62,12.54,,,
stress-ng --cpu 2 --cpu-load 36 --quiet --timeout 60s,18,4/24/2026,2:22:33,19.7,6.62,12.41,,,
stress-ng --cpu 2 --cpu-load 36 --quiet --timeout 60s,18,4/24/2026,2:22:34,18.27,6.62,12.41,,,
stress-ng --cpu 2 --cpu-load 36 --quiet --timeout 60s,18,4/24/2026,2:22:35,19.41,6.62,11.9,,,
stress-ng --cpu 2 --cpu-load 36 --quiet --timeout 60s,18,4/24/2026,2:22:36,20.19,6.62,12.63,,,
stress-ng --cpu 2 --cpu-load 36 --quiet --timeout 60s,18,4/24/2026,2:22:37,18.4,6.62,12.63,,,
stress-ng --cpu 2 --cpu-load 36 --quiet --timeout 60s,18,4/24/2026,2:22:38,18.335,6.62,12.26,,,
stress-ng --cpu 2 --cpu-load 36 --quiet --timeout 60s,18,4/24/2026,2:22:39,18.27,6.62,12.31,,,
stress-ng --cpu 2 --cpu-load 36 --quiet --timeout 60s,18,4/24/2026,2:22:40,20.14,6.62,12.31,,,
stress-ng --cpu 2 --cpu-load 36 --quiet --timeout 60s,18,4/24/2026,2:22:41,17.36,6.62,12,,,
stress-ng --cpu 2 --cpu-load 36 --quiet --timeout 60s,18,4/24/2026,2:22:42,20.14,6.62,12.76,,,
stress-ng --cpu 2 --cpu-load 36 --quiet --timeout 60s,18,4/24/2026,2:22:43,18.9,6.62,12.76,,,
stress-ng --cpu 2 --cpu-load 36 --quiet --timeout 60s,18,4/24/2026,2:22:44,17.5,6.62,11.77,,,
stress-ng --cpu 2 --cpu-load 36 --quiet --timeout 60s,18,4/24/2026,2:22:45,18.56,6.62,12.12,,,
stress-ng --cpu 2 --cpu-load 36 --quiet --timeout 60s,18,4/24/2026,2:22:46,19.85,6.62,12.12,,,
stress-ng --cpu 2 --cpu-load 36 --quiet --timeout 60s,18,4/24/2026,2:22:47,18.9,6.62,12.09,,,
stress-ng --cpu 2 --cpu-load 36 --quiet --timeout 60s,18,4/24/2026,2:22:48,18.36,6.62,12.4,,,
stress-ng --cpu 2 --cpu-load 36 --quiet --timeout 60s,18,4/24/2026,2:22:49,17.86,6.63,12.4,,,
stress-ng --cpu 2 --cpu-load 36 --quiet --timeout 60s,18,4/24/2026,2:22:50,18.76,6.63,11.93,,,
stress-ng --cpu 2 --cpu-load 36 --quiet --timeout 60s,18,4/24/2026,2:22:51,18.91,6.63,12.75,,,
stress-ng --cpu 2 --cpu-load 36 --quiet --timeout 60s,18,4/24/2026,2:22:52,19.7,6.63,12.75,,,
stress-ng --cpu 2 --cpu-load 36 --quiet --timeout 60s,18,4/24/2026,2:22:53,18.11,6.63,12.22,,,
stress-ng --cpu 2 --cpu-load 36 --quiet --timeout 60s,18,4/24/2026,2:22:54,19.45,6.63,12.59,,,
stress-ng --cpu 2 --cpu-load 36 --quiet --timeout 60s,18,4/24/2026,2:22:55,19.25,6.63,12.59,,,
stress-ng --cpu 2 --cpu-load 36 --quiet --timeout 60s,18,4/24/2026,2:22:56,18.31,6.63,11.85,,,
stress-ng --cpu 2 --cpu-load 36 --quiet --timeout 60s,18,4/24/2026,2:22:57,18.31,6.63,12.16,,,
stress-ng --cpu 2 --cpu-load 36 --quiet --timeout 60s,18,4/24/2026,2:22:58,20.88,6.63,12.16,,,
stress-ng --cpu 2 --cpu-load 36 --quiet --timeout 60s,18,4/24/2026,2:22:59,17.36,6.63,12.24,,,
stress-ng --cpu 2 --cpu-load 36 --quiet --timeout 60s,18,4/24/2026,2:23:00,18.47,6.63,12.1,,,
stress-ng --cpu 2 --cpu-load 36 --quiet --timeout 60s,18,4/24/2026,2:23:01,19.7,6.63,12.1,,,
stress-ng --cpu 2 --cpu-load 36 --quiet --timeout 60s,18,4/24/2026,2:23:02,20,6.63,12.75,,,
stress-ng --cpu 2 --cpu-load 36 --quiet --timeout 60s,18,4/24/2026,2:23:03,18.61,6.63,11.83,,,
stress-ng --cpu 2 --cpu-load 36 --quiet --timeout 60s,18,4/24/2026,2:23:04,18.31,6.63,11.83,,,
stress-ng --cpu 2 --cpu-load 36 --quiet --timeout 60s,18,4/24/2026,2:23:05,18.91,6.63,12.2,,,
stress-ng --cpu 2 --cpu-load 36 --quiet --timeout 60s,18,4/24/2026,2:23:06,19.65,6.63,12.53,,,
stress-ng --cpu 2 --cpu-load 36 --quiet --timeout 60s,18,4/24/2026,2:23:07,19.4,6.63,12.53,,,
stress-ng --cpu 2 --cpu-load 36 --quiet --timeout 60s,18,4/24/2026,2:23:08,18.56,6.63,12.74,,,
stress-ng --cpu 2 --cpu-load 36 --quiet --timeout 60s,18,4/24/2026,9:44:26,7.1,7.07,8.98,,,
stress-ng --cpu 2 --cpu-load 36 --quiet --timeout 60s,18,4/24/2026,9:44:27,19.55,7.07,11.05,,,
stress-ng --cpu 2 --cpu-load 36 --quiet --timeout 60s,18,4/24/2026,9:44:28,18.96,7.07,11.05,,,
stress-ng --cpu 2 --cpu-load 36 --quiet --timeout 60s,18,4/24/2026,9:44:29,20.49,7.07,11.05,,,
stress-ng --cpu 2 --cpu-load 36 --quiet --timeout 60s,18,4/24/2026,9:44:30,18.4,7.07,13.16,,,
stress-ng --cpu 2 --cpu-load 36 --quiet --timeout 60s,18,4/24/2026,9:44:31,17.45,7.07,11.97,,,
stress-ng --cpu 2 --cpu-load 36 --quiet --timeout 60s,18,4/24/2026,9:44:32,20,7.07,12.27,,,
stress-ng --cpu 2 --cpu-load 36 --quiet --timeout 60s,18,4/24/2026,9:44:33,18.56,7.08,12.27,,,
stress-ng --cpu 2 --cpu-load 36 --quiet --timeout 60s,18,4/24/2026,9:44:34,18.47,7.08,12.26,,,
stress-ng --cpu 2 --cpu-load 36 --quiet --timeout 60s,18,4/24/2026,9:44:35,19.65,7.08,12.26,,,
stress-ng --cpu 2 --cpu-load 36 --quiet --timeout 60s,18,4/24/2026,9:44:36,18.76,7.08,12.14,,,
stress-ng --cpu 2 --cpu-load 36 --quiet --timeout 60s,18,4/24/2026,9:44:37,20.24,7.08,12.61,,,
stress-ng --cpu 2 --cpu-load 36 --quiet --timeout 60s,18,4/24/2026,9:44:38,17.53,7.08,12.61,,,
stress-ng --cpu 2 --cpu-load 36 --quiet --timeout 60s,18,4/24/2026,9:44:39,20.68,7.08,12.41,,,
stress-ng --cpu 2 --cpu-load 36 --quiet --timeout 60s,18,4/24/2026,9:44:40,18.15,7.08,12.39,,,
stress-ng --cpu 2 --cpu-load 36 --quiet --timeout 60s,18,4/24/2026,9:44:41,17.66,7.08,12.39,,,
stress-ng --cpu 2 --cpu-load 36 --quiet --timeout 60s,18,4/24/2026,9:44:42,19.65,7.08,12.23,,,
stress-ng --cpu 2 --cpu-load 36 --quiet --timeout 60s,18,4/24/2026,9:44:43,19.45,7.08,12.02,,,
stress-ng --cpu 2 --cpu-load 36 --quiet --timeout 60s,18,4/24/2026,9:44:44,19.3,7.08,12.02,,,
stress-ng --cpu 2 --cpu-load 36 --quiet --timeout 60s,18,4/24/2026,9:44:45,18.4,7.08,12.05,,,
stress-ng --cpu 2 --cpu-load 36 --quiet --timeout 60s,18,4/24/2026,9:44:46,17.61,7.08,12.05,,,
stress-ng --cpu 2 --cpu-load 36 --quiet --timeout 60s,18,4/24/2026,9:44:47,19.85,7.08,12.05,,,
stress-ng --cpu 2 --cpu-load 36 --quiet --timeout 60s,18,4/24/2026,9:44:48,19.3,7.08,11.89,,,
stress-ng --cpu 2 --cpu-load 36 --quiet --timeout 60s,18,4/24/2026,9:44:49,17.86,7.08,12.22,,,
stress-ng --cpu 2 --cpu-load 36 --quiet --timeout 60s,18,4/24/2026,9:44:50,18.06,7.08,12.22,,,
stress-ng --cpu 2 --cpu-load 36 --quiet --timeout 60s,18,4/24/2026,9:44:51,18.91,7.08,12.05,,,
stress-ng --cpu 2 --cpu-load 36 --quiet --timeout 60s,18,4/24/2026,9:44:52,19.11,7.08,12.22,,,
stress-ng --cpu 2 --cpu-load 36 --quiet --timeout 60s,18,4/24/2026,9:44:53,19.36,7.08,12.22,,,
stress-ng --cpu 2 --cpu-load 36 --quiet --timeout 60s,18,4/24/2026,9:44:54,19.5,7.07,12.46,,,
stress-ng --cpu 2 --cpu-load 36 --quiet --timeout 60s,18,4/24/2026,9:44:55,19.055,7.07,12.32,,,
stress-ng --cpu 2 --cpu-load 36 --quiet --timeout 60s,18,4/24/2026,9:44:56,18.61,7.07,12.32,,,
stress-ng --cpu 2 --cpu-load 36 --quiet --timeout 60s,18,4/24/2026,9:44:57,18.22,7.07,12.11,,,
stress-ng --cpu 2 --cpu-load 36 --quiet --timeout 60s,18,4/24/2026,9:44:58,19.35,7.07,11.91,,,
stress-ng --cpu 2 --cpu-load 36 --quiet --timeout 60s,18,4/24/2026,9:44:59,18.71,7.07,11.91,,,
stress-ng --cpu 2 --cpu-load 36 --quiet --timeout 60s,18,4/24/2026,9:45:00,19.75,7.08,12.45,,,
stress-ng --cpu 2 --cpu-load 36 --quiet --timeout 60s,18,4/24/2026,9:45:01,18.02,7.08,12.4,,,
stress-ng --cpu 2 --cpu-load 36 --quiet --timeout 60s,18,4/24/2026,9:45:02,20.93,7.08,12.4,,,
stress-ng --cpu 2 --cpu-load 36 --quiet --timeout 60s,18,4/24/2026,9:45:03,17.41,7.08,12.54,,,
stress-ng --cpu 2 --cpu-load 36 --quiet --timeout 60s,18,4/24/2026,9:45:04,20.14,7.08,13,,,
stress-ng --cpu 2 --cpu-load 36 --quiet --timeout 60s,18,4/24/2026,9:45:05,19.35,7.08,13,,,
stress-ng --cpu 2 --cpu-load 36 --quiet --timeout 60s,18,4/24/2026,9:45:06,17.36,7.08,12.88,,,
stress-ng --cpu 2 --cpu-load 36 --quiet --timeout 60s,18,4/24/2026,9:45:07,20,7.08,12.2,,,
stress-ng --cpu 2 --cpu-load 36 --quiet --timeout 60s,18,4/24/2026,9:45:08,19.85,7.08,12.2,,,
stress-ng --cpu 2 --cpu-load 36 --quiet --timeout 60s,18,4/24/2026,9:45:09,18.36,7.08,12.1,,,
stress-ng --cpu 2 --cpu-load 36 --quiet --timeout 60s,18,4/24/2026,9:45:10,17.7,7.08,12,,,
stress-ng --cpu 2 --cpu-load 36 --quiet --timeout 60s,18,4/24/2026,9:45:11,19.9,7.08,12,,,
stress-ng --cpu 2 --cpu-load 36 --quiet --timeout 60s,18,4/24/2026,9:45:12,20.09,7.08,11.87,,,
stress-ng --cpu 2 --cpu-load 36 --quiet --timeout 60s,18,4/24/2026,9:45:13,17.91,7.08,12.06,,,
stress-ng --cpu 2 --cpu-load 36 --quiet --timeout 60s,18,4/24/2026,9:45:14,18.36,7.08,12.06,,,
stress-ng --cpu 2 --cpu-load 36 --quiet --timeout 60s,18,4/24/2026,9:45:15,18.02,7.08,12.23,,,
stress-ng --cpu 2 --cpu-load 36 --quiet --timeout 60s,18,4/24/2026,9:45:16,18.91,7.08,11.92,,,
stress-ng --cpu 2 --cpu-load 36 --quiet --timeout 60s,18,4/24/2026,9:45:17,21.18,7.08,11.92,,,
stress-ng --cpu 2 --cpu-load 36 --quiet --timeout 60s,18,4/24/2026,9:45:18,18.45,7.08,12.6,,,
stress-ng --cpu 2 --cpu-load 36 --quiet --timeout 60s,18,4/24/2026,9:45:19,17.07,7.08,12.6,,,
stress-ng --cpu 2 --cpu-load 36 --quiet --timeout 60s,18,4/24/2026,9:45:20,19.41,7.08,12.6,,,
stress-ng --cpu 2 --cpu-load 36 --quiet --timeout 60s,18,4/24/2026,9:45:21,19.65,7.08,12.7,,,
stress-ng --cpu 2 --cpu-load 36 --quiet --timeout 60s,18,4/24/2026,9:45:22,19.36,7.08,11.85,,,
stress-ng --cpu 2 --cpu-load 36 --quiet --timeout 60s,18,4/24/2026,9:45:23,19.5,7.08,11.85,,,
stress-ng --cpu 2 --cpu-load 36 --quiet --timeout 60s,18,4/24/2026,9:45:24,18.65,7.08,12.38,,,
stress-ng --cpu 2 --cpu-load 36 --quiet --timeout 60s,18,4/24/2026,9:45:25,17.86,7.08,11.78,,,
stress-ng --cpu 2 --cpu-load 36 --quiet --timeout 60s,18,4/24/2026,9:45:26,20.14,7.06,11.78,,,
stress-ng --cpu 2 --cpu-load 36 --quiet --timeout 60s,18,4/24/2026,20:26:52,7.4,7.57,8.79,,,
stress-ng --cpu 2 --cpu-load 36 --quiet --timeout 60s,18,4/24/2026,20:26:53,18.4,7.57,8.79,,,
stress-ng --cpu 2 --cpu-load 36 --quiet --timeout 60s,18,4/24/2026,20:26:54,19.05,7.58,11.92,,,
stress-ng --cpu 2 --cpu-load 36 --quiet --timeout 60s,18,4/24/2026,20:26:55,18.22,7.58,11.92,,,
stress-ng --cpu 2 --cpu-load 36 --quiet --timeout 60s,18,4/24/2026,20:26:56,20.93,7.58,11.92,,,
stress-ng --cpu 2 --cpu-load 36 --quiet --timeout 60s,18,4/24/2026,20:26:57,17.95,7.58,12.3,,,
stress-ng --cpu 2 --cpu-load 36 --quiet --timeout 60s,18,4/24/2026,20:26:58,18.4,7.58,11.55,,,
stress-ng --cpu 2 --cpu-load 36 --quiet --timeout 60s,18,4/24/2026,20:26:59,17.82,7.58,11.55,,,
stress-ng --cpu 2 --cpu-load 36 --quiet --timeout 60s,18,4/24/2026,20:27:00,20.14,7.58,12.51,,,
stress-ng --cpu 2 --cpu-load 36 --quiet --timeout 60s,18,4/24/2026,20:27:01,18.45,7.58,10.94,,,
stress-ng --cpu 2 --cpu-load 36 --quiet --timeout 60s,18,4/24/2026,20:27:02,18.06,7.58,10.94,,,
stress-ng --cpu 2 --cpu-load 36 --quiet --timeout 60s,18,4/24/2026,20:27:03,19.4,7.58,12.26,,,
stress-ng --cpu 2 --cpu-load 36 --quiet --timeout 60s,18,4/24/2026,20:27:04,18.11,7.58,12.26,,,
stress-ng --cpu 2 --cpu-load 36 --quiet --timeout 60s,18,4/24/2026,20:27:05,17.66,7.58,12.26,,,
stress-ng --cpu 2 --cpu-load 36 --quiet --timeout 60s,18,4/24/2026,20:27:06,19.45,7.58,12.09,,,
stress-ng --cpu 2 --cpu-load 36 --quiet --timeout 60s,18,4/24/2026,20:27:07,19.55,7.58,11.91,,,
stress-ng --cpu 2 --cpu-load 36 --quiet --timeout 60s,18,4/24/2026,20:27:08,18.4,7.58,11.91,,,
stress-ng --cpu 2 --cpu-load 36 --quiet --timeout 60s,18,4/24/2026,20:27:09,17.45,7.58,12.01,,,
stress-ng --cpu 2 --cpu-load 36 --quiet --timeout 60s,18,4/24/2026,20:27:10,18.47,7.58,11.82,,,
stress-ng --cpu 2 --cpu-load 36 --quiet --timeout 60s,18,4/24/2026,20:27:11,19.16,7.58,11.82,,,
stress-ng --cpu 2 --cpu-load 36 --quiet --timeout 60s,18,4/24/2026,20:27:12,19.5,7.58,12.22,,,
stress-ng --cpu 2 --cpu-load 36 --quiet --timeout 60s,18,4/24/2026,20:27:13,18.47,7.58,12.27,,,
stress-ng --cpu 2 --cpu-load 36 --quiet --timeout 60s,18,4/24/2026,20:27:14,19.21,7.58,12.27,,,
stress-ng --cpu 2 --cpu-load 36 --quiet --timeout 60s,18,4/24/2026,20:27:15,19.3,7.58,12.53,,,
stress-ng --cpu 2 --cpu-load 36 --quiet --timeout 60s,18,4/24/2026,20:27:16,18.85,7.58,11.81,,,
stress-ng --cpu 2 --cpu-load 36 --quiet --timeout 60s,18,4/24/2026,20:27:17,17.36,7.58,11.81,,,
stress-ng --cpu 2 --cpu-load 36 --quiet --timeout 60s,18,4/24/2026,20:27:18,20.88,7.58,11.88,,,
stress-ng --cpu 2 --cpu-load 36 --quiet --timeout 60s,18,4/24/2026,20:27:19,16.66,7.58,12.44,,,
stress-ng --cpu 2 --cpu-load 36 --quiet --timeout 60s,18,4/24/2026,20:27:20,19.7,7.58,12.44,,,
stress-ng --cpu 2 --cpu-load 36 --quiet --timeout 60s,18,4/24/2026,20:27:21,19.95,7.58,12.13,,,
stress-ng --cpu 2 --cpu-load 36 --quiet --timeout 60s,18,4/24/2026,20:27:22,17.41,7.58,11.75,,,
stress-ng --cpu 2 --cpu-load 36 --quiet --timeout 60s,18,4/24/2026,20:27:23,18.47,7.58,11.75,,,
stress-ng --cpu 2 --cpu-load 36 --quiet --timeout 60s,18,4/24/2026,20:27:24,18.91,7.58,12.05,,,
stress-ng --cpu 2 --cpu-load 36 --quiet --timeout 60s,18,4/24/2026,20:27:25,19.5,7.58,12.58,,,
stress-ng --cpu 2 --cpu-load 36 --quiet --timeout 60s,18,4/24/2026,20:27:26,19.9,7.58,12.58,,,
stress-ng --cpu 2 --cpu-load 36 --quiet --timeout 60s,18,4/24/2026,20:27:27,17.66,7.58,12.27,,,
stress-ng --cpu 2 --cpu-load 36 --quiet --timeout 60s,18,4/24/2026,20:27:28,18.4,7.58,12.27,,,
stress-ng --cpu 2 --cpu-load 36 --quiet --timeout 60s,18,4/24/2026,20:27:29,17.98,7.58,12.11,,,
stress-ng --cpu 2 --cpu-load 36 --quiet --timeout 60s,18,4/24/2026,20:27:30,19.41,7.58,12.34,,,
stress-ng --cpu 2 --cpu-load 36 --quiet --timeout 60s,18,4/24/2026,20:27:31,18.51,7.58,12.34,,,
stress-ng --cpu 2 --cpu-load 36 --quiet --timeout 60s,18,4/24/2026,20:27:32,18.62,7.58,12.2,,,
stress-ng --cpu 2 --cpu-load 36 --quiet --timeout 60s,18,4/24/2026,20:27:33,19.41,7.58,12.83,,,
stress-ng --cpu 2 --cpu-load 36 --quiet --timeout 60s,18,4/24/2026,20:27:34,20.24,7.58,12.83,,,
stress-ng --cpu 2 --cpu-load 36 --quiet --timeout 60s,18,4/24/2026,20:27:35,18.85,7.58,11.93,,,
stress-ng --cpu 2 --cpu-load 36 --quiet --timeout 60s,18,4/24/2026,20:27:36,18.65,7.58,12.74,,,
stress-ng --cpu 2 --cpu-load 36 --quiet --timeout 60s,18,4/24/2026,20:27:37,17.12,7.58,12.74,,,
stress-ng --cpu 2 --cpu-load 36 --quiet --timeout 60s,18,4/24/2026,20:27:38,18.535,7.58,11.73,,,
stress-ng --cpu 2 --cpu-load 36 --quiet --timeout 60s,18,4/24/2026,20:27:39,19.95,7.58,13.18,,,
stress-ng --cpu 2 --cpu-load 36 --quiet --timeout 60s,18,4/24/2026,20:27:40,19.75,7.58,13.18,,,
stress-ng --cpu 2 --cpu-load 36 --quiet --timeout 60s,18,4/24/2026,20:27:41,19.75,7.58,11.91,,,
stress-ng --cpu 2 --cpu-load 36 --quiet --timeout 60s,18,4/24/2026,20:27:42,18.4,7.58,12.2,,,
stress-ng --cpu 2 --cpu-load 36 --quiet --timeout 60s,18,4/24/2026,20:27:43,17.86,7.58,12.2,,,
stress-ng --cpu 2 --cpu-load 36 --quiet --timeout 60s,18,4/24/2026,20:27:44,19.95,7.58,12.17,,,
stress-ng --cpu 2 --cpu-load 36 --quiet --timeout 60s,18,4/24/2026,20:27:45,18.15,7.58,12.97,,,
stress-ng --cpu 2 --cpu-load 36 --quiet --timeout 60s,18,4/24/2026,20:27:46,18.51,7.58,12.97,,,
stress-ng --cpu 2 --cpu-load 36 --quiet --timeout 60s,18,4/24/2026,20:27:47,20,7.58,11.92,,,
stress-ng --cpu 2 --cpu-load 36 --quiet --timeout 60s,18,4/24/2026,20:27:48,18.11,7.58,12.07,,,
stress-ng --cpu 2 --cpu-load 36 --quiet --timeout 60s,18,4/24/2026,20:27:49,18.65,7.58,12.07,,,
stress-ng --cpu 2 --cpu-load 36 --quiet --timeout 60s,18,4/24/2026,20:27:50,17.82,7.58,12.29,,,
stress-ng --cpu 2 --cpu-load 36 --quiet --timeout 60s,18,4/24/2026,20:27:51,21.18,7.58,11.89,,,
stress-ng --cpu 2 --cpu-load 36 --quiet --timeout 60s,18,4/24/2026,20:27:52,18.65,7.58,11.89,,,
stress-ng --cpu 2 --cpu-load 38 --quiet --timeout 60s,19,4/24/2026,3:12:10,0.99,6.58,9.21,,,
stress-ng --cpu 2 --cpu-load 38 --quiet --timeout 60s,19,4/24/2026,3:12:11,20.69,6.61,10.37,,,
stress-ng --cpu 2 --cpu-load 38 --quiet --timeout 60s,19,4/24/2026,3:12:12,19.05,6.61,10.37,,,
stress-ng --cpu 2 --cpu-load 38 --quiet --timeout 60s,19,4/24/2026,3:12:13,19.7,6.61,12.25,,,
stress-ng --cpu 2 --cpu-load 38 --quiet --timeout 60s,19,4/24/2026,3:12:14,19.55,6.61,12.75,,,
stress-ng --cpu 2 --cpu-load 38 --quiet --timeout 60s,19,4/24/2026,3:12:15,20.48,6.61,12.75,,,
stress-ng --cpu 2 --cpu-load 38 --quiet --timeout 60s,19,4/24/2026,3:12:16,19.5,6.61,12.56,,,
stress-ng --cpu 2 --cpu-load 38 --quiet --timeout 60s,19,4/24/2026,3:12:17,21.33,6.61,12.46,,,
stress-ng --cpu 2 --cpu-load 38 --quiet --timeout 60s,19,4/24/2026,3:12:18,18.96,6.61,12.46,,,
stress-ng --cpu 2 --cpu-load 38 --quiet --timeout 60s,19,4/24/2026,3:12:19,20.19,6.61,11.94,,,
stress-ng --cpu 2 --cpu-load 38 --quiet --timeout 60s,19,4/24/2026,3:12:20,20.94,6.61,12.87,,,
stress-ng --cpu 2 --cpu-load 38 --quiet --timeout 60s,19,4/24/2026,3:12:21,18.61,6.61,12.87,,,
stress-ng --cpu 2 --cpu-load 38 --quiet --timeout 60s,19,4/24/2026,3:12:22,20.63,6.61,12.22,,,
stress-ng --cpu 2 --cpu-load 38 --quiet --timeout 60s,19,4/24/2026,3:12:23,20.02,6.61,12.26,,,
stress-ng --cpu 2 --cpu-load 38 --quiet --timeout 60s,19,4/24/2026,3:12:24,19.41,6.61,12.26,,,
stress-ng --cpu 2 --cpu-load 38 --quiet --timeout 60s,19,4/24/2026,3:12:25,21.13,6.61,12.21,,,
stress-ng --cpu 2 --cpu-load 38 --quiet --timeout 60s,19,4/24/2026,3:12:26,19.85,6.61,12.71,,,
stress-ng --cpu 2 --cpu-load 38 --quiet --timeout 60s,19,4/24/2026,3:12:27,20.98,6.61,12.71,,,
stress-ng --cpu 2 --cpu-load 38 --quiet --timeout 60s,19,4/24/2026,3:12:28,19.15,6.61,11.98,,,
stress-ng --cpu 2 --cpu-load 38 --quiet --timeout 60s,19,4/24/2026,3:12:29,20.14,6.61,12.87,,,
stress-ng --cpu 2 --cpu-load 38 --quiet --timeout 60s,19,4/24/2026,3:12:30,19.05,6.61,12.87,,,
stress-ng --cpu 2 --cpu-load 38 --quiet --timeout 60s,19,4/24/2026,3:12:31,20.98,6.61,12.22,,,
stress-ng --cpu 2 --cpu-load 38 --quiet --timeout 60s,19,4/24/2026,3:12:32,19.05,6.61,12.46,,,
stress-ng --cpu 2 --cpu-load 38 --quiet --timeout 60s,19,4/24/2026,3:12:33,20.39,6.61,12.46,,,
stress-ng --cpu 2 --cpu-load 38 --quiet --timeout 60s,19,4/24/2026,3:12:34,20.29,6.61,12.32,,,
stress-ng --cpu 2 --cpu-load 38 --quiet --timeout 60s,19,4/24/2026,3:12:35,19.65,6.61,12.46,,,
stress-ng --cpu 2 --cpu-load 38 --quiet --timeout 60s,19,4/24/2026,3:12:36,19.45,6.61,12.46,,,
stress-ng --cpu 2 --cpu-load 38 --quiet --timeout 60s,19,4/24/2026,3:12:37,20.69,6.61,12.35,,,
stress-ng --cpu 2 --cpu-load 38 --quiet --timeout 60s,19,4/24/2026,3:12:38,18.51,6.61,12.36,,,
stress-ng --cpu 2 --cpu-load 38 --quiet --timeout 60s,19,4/24/2026,3:12:39,20.68,6.61,12.36,,,
stress-ng --cpu 2 --cpu-load 38 --quiet --timeout 60s,19,4/24/2026,3:12:40,20.29,6.61,12.44,,,
stress-ng --cpu 2 --cpu-load 38 --quiet --timeout 60s,19,4/24/2026,3:12:41,19.05,6.61,12.88,,,
stress-ng --cpu 2 --cpu-load 38 --quiet --timeout 60s,19,4/24/2026,3:12:42,21.13,6.61,12.88,,,
stress-ng --cpu 2 --cpu-load 38 --quiet --timeout 60s,19,4/24/2026,3:12:43,18.65,6.61,12.44,,,
stress-ng --cpu 2 --cpu-load 38 --quiet --timeout 60s,19,4/24/2026,3:12:44,19.85,6.61,12.2,,,
stress-ng --cpu 2 --cpu-load 38 --quiet --timeout 60s,19,4/24/2026,3:12:45,20.04,6.61,12.2,,,
stress-ng --cpu 2 --cpu-load 38 --quiet --timeout 60s,19,4/24/2026,3:12:46,21.67,6.61,13.12,,,
stress-ng --cpu 2 --cpu-load 38 --quiet --timeout 60s,19,4/24/2026,3:12:47,18.31,6.61,12.65,,,
stress-ng --cpu 2 --cpu-load 38 --quiet --timeout 60s,19,4/24/2026,3:12:48,20.34,6.61,12.65,,,
stress-ng --cpu 2 --cpu-load 38 --quiet --timeout 60s,19,4/24/2026,3:12:49,20.34,6.61,12.75,,,
stress-ng --cpu 2 --cpu-load 38 --quiet --timeout 60s,19,4/24/2026,3:12:50,19.1,6.61,12.75,,,
stress-ng --cpu 2 --cpu-load 38 --quiet --timeout 60s,19,4/24/2026,3:12:51,19.95,6.61,12.75,,,
stress-ng --cpu 2 --cpu-load 38 --quiet --timeout 60s,19,4/24/2026,3:12:52,20.19,6.61,12.75,,,
stress-ng --cpu 2 --cpu-load 38 --quiet --timeout 60s,19,4/24/2026,3:12:53,20.14,6.61,12.44,,,
stress-ng --cpu 2 --cpu-load 38 --quiet --timeout 60s,19,4/24/2026,3:12:54,20.93,6.6,12.65,,,
stress-ng --cpu 2 --cpu-load 38 --quiet --timeout 60s,19,4/24/2026,3:12:55,19.7,6.6,12.65,,,
stress-ng --cpu 2 --cpu-load 38 --quiet --timeout 60s,19,4/24/2026,3:12:56,19.55,6.6,12.15,,,
stress-ng --cpu 2 --cpu-load 38 --quiet --timeout 60s,19,4/24/2026,3:12:57,19.15,6.6,12.52,,,
stress-ng --cpu 2 --cpu-load 38 --quiet --timeout 60s,19,4/24/2026,3:12:58,19.36,6.6,12.52,,,
stress-ng --cpu 2 --cpu-load 38 --quiet --timeout 60s,19,4/24/2026,3:12:59,22.22,6.6,12.03,,,
stress-ng --cpu 2 --cpu-load 38 --quiet --timeout 60s,19,4/24/2026,3:13:00,17.82,6.6,12.25,,,
stress-ng --cpu 2 --cpu-load 38 --quiet --timeout 60s,19,4/24/2026,3:13:01,21.58,6.6,12.25,,,
stress-ng --cpu 2 --cpu-load 38 --quiet --timeout 60s,19,4/24/2026,3:13:02,18.06,6.6,13.16,,,
stress-ng --cpu 2 --cpu-load 38 --quiet --timeout 60s,19,4/24/2026,3:13:03,21.13,6.6,12.25,,,
stress-ng --cpu 2 --cpu-load 38 --quiet --timeout 60s,19,4/24/2026,3:13:04,18.9,6.6,12.25,,,
stress-ng --cpu 2 --cpu-load 38 --quiet --timeout 60s,19,4/24/2026,3:13:05,20.84,6.6,12.58,,,
stress-ng --cpu 2 --cpu-load 38 --quiet --timeout 60s,19,4/24/2026,3:13:06,18.76,6.6,12.37,,,
stress-ng --cpu 2 --cpu-load 38 --quiet --timeout 60s,19,4/24/2026,3:13:07,20.68,6.6,12.37,,,
stress-ng --cpu 2 --cpu-load 38 --quiet --timeout 60s,19,4/24/2026,3:13:08,21.28,6.6,12.33,,,
stress-ng --cpu 2 --cpu-load 38 --quiet --timeout 60s,19,4/24/2026,3:13:09,17.86,6.6,12.71,,,
stress-ng --cpu 2 --cpu-load 38 --quiet --timeout 60s,19,4/24/2026,3:13:10,21.13,6.6,12.71,,,
stress-ng --cpu 2 --cpu-load 38 --quiet --timeout 60s,19,4/24/2026,7:56:20,1.22,7.05,9.09,,,
stress-ng --cpu 2 --cpu-load 38 --quiet --timeout 60s,19,4/24/2026,7:56:21,10.56,7.08,9.24,,,
stress-ng --cpu 2 --cpu-load 38 --quiet --timeout 60s,19,4/24/2026,7:56:22,20.98,7.08,9.41,,,
stress-ng --cpu 2 --cpu-load 38 --quiet --timeout 60s,19,4/24/2026,7:56:23,18.36,7.08,12.96,,,
stress-ng --cpu 2 --cpu-load 38 --quiet --timeout 60s,19,4/24/2026,7:56:24,21.92,7.08,12.96,,,
stress-ng --cpu 2 --cpu-load 38 --quiet --timeout 60s,19,4/24/2026,7:56:25,18.56,7.08,12.19,,,
stress-ng --cpu 2 --cpu-load 38 --quiet --timeout 60s,19,4/24/2026,7:56:26,21.72,7.08,12.19,,,
stress-ng --cpu 2 --cpu-load 38 --quiet --timeout 60s,19,4/24/2026,7:56:27,17.66,7.08,12.24,,,
stress-ng --cpu 2 --cpu-load 38 --quiet --timeout 60s,19,4/24/2026,7:56:28,20.53,7.08,12.42,,,
stress-ng --cpu 2 --cpu-load 38 --quiet --timeout 60s,19,4/24/2026,7:56:29,20.93,7.08,12.42,,,
stress-ng --cpu 2 --cpu-load 38 --quiet --timeout 60s,19,4/24/2026,7:56:30,19.5,7.08,12.55,,,
stress-ng --cpu 2 --cpu-load 38 --quiet --timeout 60s,19,4/24/2026,7:56:31,20.24,7.08,12.35,,,
stress-ng --cpu 2 --cpu-load 38 --quiet --timeout 60s,19,4/24/2026,7:56:32,19.55,7.08,12.35,,,
stress-ng --cpu 2 --cpu-load 38 --quiet --timeout 60s,19,4/24/2026,7:56:33,19.8,7.08,12.31,,,
stress-ng --cpu 2 --cpu-load 38 --quiet --timeout 60s,19,4/24/2026,7:56:34,21.67,7.08,12.37,,,
stress-ng --cpu 2 --cpu-load 38 --quiet --timeout 60s,19,4/24/2026,7:56:35,18.36,7.08,12.37,,,
stress-ng --cpu 2 --cpu-load 38 --quiet --timeout 60s,19,4/24/2026,7:56:36,20.34,7.08,12.7,,,
stress-ng --cpu 2 --cpu-load 38 --quiet --timeout 60s,19,4/24/2026,7:56:37,20.74,7.08,12.87,,,
stress-ng --cpu 2 --cpu-load 38 --quiet --timeout 60s,19,4/24/2026,7:56:38,19.95,7.08,12.87,,,
stress-ng --cpu 2 --cpu-load 38 --quiet --timeout 60s,19,4/24/2026,7:56:39,19.55,7.08,12.57,,,
stress-ng --cpu 2 --cpu-load 38 --quiet --timeout 60s,19,4/24/2026,7:56:40,20.14,7.08,12.34,,,
stress-ng --cpu 2 --cpu-load 38 --quiet --timeout 60s,19,4/24/2026,7:56:41,18.31,7.08,12.34,,,
stress-ng --cpu 2 --cpu-load 38 --quiet --timeout 60s,19,4/24/2026,7:56:42,20.04,7.08,12.25,,,
stress-ng --cpu 2 --cpu-load 38 --quiet --timeout 60s,19,4/24/2026,7:56:43,20.04,7.08,12.72,,,
stress-ng --cpu 2 --cpu-load 38 --quiet --timeout 60s,19,4/24/2026,7:56:44,21.48,7.08,12.72,,,
stress-ng --cpu 2 --cpu-load 38 --quiet --timeout 60s,19,4/24/2026,7:56:45,19.85,7.08,12.47,,,
stress-ng --cpu 2 --cpu-load 38 --quiet --timeout 60s,19,4/24/2026,7:56:46,19.85,7.08,12.7,,,
stress-ng --cpu 2 --cpu-load 38 --quiet --timeout 60s,19,4/24/2026,7:56:47,19.3,7.08,12.7,,,
stress-ng --cpu 2 --cpu-load 38 --quiet --timeout 60s,19,4/24/2026,7:56:48,20.34,7.08,12.78,,,
stress-ng --cpu 2 --cpu-load 38 --quiet --timeout 60s,19,4/24/2026,7:56:49,19.55,7.08,12.3,,,
stress-ng --cpu 2 --cpu-load 38 --quiet --timeout 60s,19,4/24/2026,7:56:50,20.39,7.08,12.3,,,
stress-ng --cpu 2 --cpu-load 38 --quiet --timeout 60s,19,4/24/2026,7:56:51,18.91,7.08,12.07,,,
stress-ng --cpu 2 --cpu-load 38 --quiet --timeout 60s,19,4/24/2026,7:56:52,21.92,7.08,12.38,,,
stress-ng --cpu 2 --cpu-load 38 --quiet --timeout 60s,19,4/24/2026,7:56:53,18.9,7.08,12.38,,,
stress-ng --cpu 2 --cpu-load 38 --quiet --timeout 60s,19,4/24/2026,7:56:54,20.14,7.08,13,,,
stress-ng --cpu 2 --cpu-load 38 --quiet --timeout 60s,19,4/24/2026,7:56:55,18.61,7.08,12.21,,,
stress-ng --cpu 2 --cpu-load 38 --quiet --timeout 60s,19,4/24/2026,7:56:56,20,7.08,12.21,,,
stress-ng --cpu 2 --cpu-load 38 --quiet --timeout 60s,19,4/24/2026,7:56:57,19.7,7.08,12.54,,,
stress-ng --cpu 2 --cpu-load 38 --quiet --timeout 60s,19,4/24/2026,7:56:58,21.62,7.08,13.14,,,
stress-ng --cpu 2 --cpu-load 38 --quiet --timeout 60s,19,4/24/2026,7:56:59,18.36,7.08,13.14,,,
stress-ng --cpu 2 --cpu-load 38 --quiet --timeout 60s,19,4/24/2026,7:57:00,19.85,7.08,12.72,,,
stress-ng --cpu 2 --cpu-load 38 --quiet --timeout 60s,19,4/24/2026,7:57:01,20.49,7.08,12.37,,,
stress-ng --cpu 2 --cpu-load 38 --quiet --timeout 60s,19,4/24/2026,7:57:02,21.97,7.08,12.37,,,
stress-ng --cpu 2 --cpu-load 38 --quiet --timeout 60s,19,4/24/2026,7:57:03,19.15,7.08,12.93,,,
stress-ng --cpu 2 --cpu-load 38 --quiet --timeout 60s,19,4/24/2026,7:57:04,18.65,7.08,12.18,,,
stress-ng --cpu 2 --cpu-load 38 --quiet --timeout 60s,19,4/24/2026,7:57:05,20.98,7.09,12.18,,,
stress-ng --cpu 2 --cpu-load 38 --quiet --timeout 60s,19,4/24/2026,7:57:06,19.75,7.09,12.84,,,
stress-ng --cpu 2 --cpu-load 38 --quiet --timeout 60s,19,4/24/2026,7:57:07,19.35,7.09,12.59,,,
stress-ng --cpu 2 --cpu-load 38 --quiet --timeout 60s,19,4/24/2026,7:57:08,19.85,7.09,12.59,,,
stress-ng --cpu 2 --cpu-load 38 --quiet --timeout 60s,19,4/24/2026,7:57:09,21.58,7.09,12.66,,,
stress-ng --cpu 2 --cpu-load 38 --quiet --timeout 60s,19,4/24/2026,7:57:10,18.85,7.09,12.18,,,
stress-ng --cpu 2 --cpu-load 38 --quiet --timeout 60s,19,4/24/2026,7:57:11,20.39,7.09,12.18,,,
stress-ng --cpu 2 --cpu-load 38 --quiet --timeout 60s,19,4/24/2026,7:57:12,18.61,7.09,12.39,,,
stress-ng --cpu 2 --cpu-load 38 --quiet --timeout 60s,19,4/24/2026,7:57:13,20.265,7.09,12.58,,,
stress-ng --cpu 2 --cpu-load 38 --quiet --timeout 60s,19,4/24/2026,7:57:14,21.92,7.09,12.58,,,
stress-ng --cpu 2 --cpu-load 38 --quiet --timeout 60s,19,4/24/2026,7:57:15,17.66,7.09,12.91,,,
stress-ng --cpu 2 --cpu-load 38 --quiet --timeout 60s,19,4/24/2026,7:57:16,21.18,7.09,12.14,,,
stress-ng --cpu 2 --cpu-load 38 --quiet --timeout 60s,19,4/24/2026,7:57:17,18.81,7.09,12.14,,,
stress-ng --cpu 2 --cpu-load 38 --quiet --timeout 60s,19,4/24/2026,7:57:18,20.68,7.09,12.69,,,
stress-ng --cpu 2 --cpu-load 38 --quiet --timeout 60s,19,4/24/2026,7:57:19,20.09,7.09,12.95,,,
stress-ng --cpu 2 --cpu-load 38 --quiet --timeout 60s,19,4/24/2026,7:57:20,19.05,7.09,12.95,,,
stress-ng --cpu 2 --cpu-load 38 --quiet --timeout 60s,19,4/24/2026,14:16:38,3.71,7.54,9.45,,,
stress-ng --cpu 2 --cpu-load 38 --quiet --timeout 60s,19,4/24/2026,14:16:39,19.75,7.54,9.85,,,
stress-ng --cpu 2 --cpu-load 38 --quiet --timeout 60s,19,4/24/2026,14:16:40,19.75,7.54,12.41,,,
stress-ng --cpu 2 --cpu-load 38 --quiet --timeout 60s,19,4/24/2026,14:16:41,20.84,7.54,12.41,,,
stress-ng --cpu 2 --cpu-load 38 --quiet --timeout 60s,19,4/24/2026,14:16:42,18.81,7.54,12.33,,,
stress-ng --cpu 2 --cpu-load 38 --quiet --timeout 60s,19,4/24/2026,14:16:43,21.07,7.54,12.33,,,
stress-ng --cpu 2 --cpu-load 38 --quiet --timeout 60s,19,4/24/2026,14:16:44,19.75,7.54,12.06,,,
stress-ng --cpu 2 --cpu-load 38 --quiet --timeout 60s,19,4/24/2026,14:16:45,19.7,7.54,12.42,,,
stress-ng --cpu 2 --cpu-load 38 --quiet --timeout 60s,19,4/24/2026,14:16:46,20.74,7.54,12.42,,,
stress-ng --cpu 2 --cpu-load 38 --quiet --timeout 60s,19,4/24/2026,14:16:47,18.27,7.54,12.28,,,
stress-ng --cpu 2 --cpu-load 38 --quiet --timeout 60s,19,4/24/2026,14:16:48,21.92,7.54,12.11,,,
stress-ng --cpu 2 --cpu-load 38 --quiet --timeout 60s,19,4/24/2026,14:16:49,18.11,7.54,12.11,,,
stress-ng --cpu 2 --cpu-load 38 --quiet --timeout 60s,19,4/24/2026,14:16:50,19.65,7.54,12.98,,,
stress-ng --cpu 2 --cpu-load 38 --quiet --timeout 60s,19,4/24/2026,14:16:51,21.78,7.54,12.39,,,
stress-ng --cpu 2 --cpu-load 38 --quiet --timeout 60s,19,4/24/2026,14:16:52,18.06,7.54,12.39,,,
stress-ng --cpu 2 --cpu-load 38 --quiet --timeout 60s,19,4/24/2026,14:16:53,20.14,7.54,12.76,,,
stress-ng --cpu 2 --cpu-load 38 --quiet --timeout 60s,19,4/24/2026,14:16:54,20.29,7.54,12.17,,,
stress-ng --cpu 2 --cpu-load 38 --quiet --timeout 60s,19,4/24/2026,14:16:55,21.09,7.54,12.17,,,
stress-ng --cpu 2 --cpu-load 38 --quiet --timeout 60s,19,4/24/2026,14:16:56,18.61,7.54,12.54,,,
stress-ng --cpu 2 --cpu-load 38 --quiet --timeout 60s,19,4/24/2026,14:16:57,20.54,7.54,12.03,,,
stress-ng --cpu 2 --cpu-load 38 --quiet --timeout 60s,19,4/24/2026,14:16:58,19.7,7.54,12.03,,,
stress-ng --cpu 2 --cpu-load 38 --quiet --timeout 60s,19,4/24/2026,14:16:59,20.29,7.54,12.36,,,
stress-ng --cpu 2 --cpu-load 38 --quiet --timeout 60s,19,4/24/2026,14:17:00,19.55,7.54,12.68,,,
stress-ng --cpu 2 --cpu-load 38 --quiet --timeout 60s,19,4/24/2026,14:17:01,20.29,7.54,12.68,,,
stress-ng --cpu 2 --cpu-load 38 --quiet --timeout 60s,19,4/24/2026,14:17:02,19.85,7.54,12.82,,,
stress-ng --cpu 2 --cpu-load 38 --quiet --timeout 60s,19,4/24/2026,14:17:03,19.05,7.54,12.38,,,
stress-ng --cpu 2 --cpu-load 38 --quiet --timeout 60s,19,4/24/2026,14:17:04,21.78,7.54,12.38,,,
stress-ng --cpu 2 --cpu-load 38 --quiet --timeout 60s,19,4/24/2026,14:17:05,17.82,7.54,12.1,,,
stress-ng --cpu 2 --cpu-load 38 --quiet --timeout 60s,19,4/24/2026,14:17:06,20.09,7.54,12.16,,,
stress-ng --cpu 2 --cpu-load 38 --quiet --timeout 60s,19,4/24/2026,14:17:07,21.03,7.54,12.16,,,
stress-ng --cpu 2 --cpu-load 38 --quiet --timeout 60s,19,4/24/2026,14:17:08,19.5,7.54,12.95,,,
stress-ng --cpu 2 --cpu-load 38 --quiet --timeout 60s,19,4/24/2026,14:17:09,20.63,7.54,11.96,,,
stress-ng --cpu 2 --cpu-load 38 --quiet --timeout 60s,19,4/24/2026,14:17:10,20.89,7.54,11.96,,,
stress-ng --cpu 2 --cpu-load 38 --quiet --timeout 60s,19,4/24/2026,14:17:11,18.76,7.54,13.05,,,
stress-ng --cpu 2 --cpu-load 38 --quiet --timeout 60s,19,4/24/2026,14:17:12,19.95,7.54,12.6,,,
stress-ng --cpu 2 --cpu-load 38 --quiet --timeout 60s,19,4/24/2026,14:17:13,21.28,7.54,12.6,,,
stress-ng --cpu 2 --cpu-load 38 --quiet --timeout 60s,19,4/24/2026,14:17:14,18.61,7.54,12.69,,,
stress-ng --cpu 2 --cpu-load 38 --quiet --timeout 60s,19,4/24/2026,14:17:15,20.98,7.54,12.11,,,
stress-ng --cpu 2 --cpu-load 38 --quiet --timeout 60s,19,4/24/2026,14:17:16,17.86,7.54,12.11,,,
stress-ng --cpu 2 --cpu-load 38 --quiet --timeout 60s,19,4/24/2026,14:17:17,20.58,7.54,12.27,,,
stress-ng --cpu 2 --cpu-load 38 --quiet --timeout 60s,19,4/24/2026,14:17:18,20.49,7.54,12.52,,,
stress-ng --cpu 2 --cpu-load 38 --quiet --timeout 60s,19,4/24/2026,14:17:19,20.04,7.54,12.52,,,
stress-ng --cpu 2 --cpu-load 38 --quiet --timeout 60s,19,4/24/2026,14:17:20,18.81,7.54,12.05,,,
stress-ng --cpu 2 --cpu-load 38 --quiet --timeout 60s,19,4/24/2026,14:17:21,21.42,7.54,12.66,,,
stress-ng --cpu 2 --cpu-load 38 --quiet --timeout 60s,19,4/24/2026,14:17:22,19.85,7.54,12.66,,,
stress-ng --cpu 2 --cpu-load 38 --quiet --timeout 60s,19,4/24/2026,14:17:23,18.61,7.55,12.75,,,
stress-ng --cpu 2 --cpu-load 38 --quiet --timeout 60s,19,4/24/2026,14:17:24,21.42,7.55,12.63,,,
stress-ng --cpu 2 --cpu-load 38 --quiet --timeout 60s,19,4/24/2026,14:17:25,17.86,7.55,12.63,,,
stress-ng --cpu 2 --cpu-load 38 --quiet --timeout 60s,19,4/24/2026,14:17:26,20.29,7.55,12.85,,,
stress-ng --cpu 2 --cpu-load 38 --quiet --timeout 60s,19,4/24/2026,14:17:27,21.67,7.55,12.39,,,
stress-ng --cpu 2 --cpu-load 38 --quiet --timeout 60s,19,4/24/2026,14:17:28,18.51,7.55,12.39,,,
stress-ng --cpu 2 --cpu-load 38 --quiet --timeout 60s,19,4/24/2026,14:17:29,20.68,7.55,12.77,,,
stress-ng --cpu 2 --cpu-load 38 --quiet --timeout 60s,19,4/24/2026,14:17:30,20.59,7.55,12.27,,,
stress-ng --cpu 2 --cpu-load 38 --quiet --timeout 60s,19,4/24/2026,14:17:31,18.95,7.55,12.27,,,
stress-ng --cpu 2 --cpu-load 38 --quiet --timeout 60s,19,4/24/2026,14:17:32,20.98,7.55,12.4,,,
stress-ng --cpu 2 --cpu-load 38 --quiet --timeout 60s,19,4/24/2026,14:17:33,17.66,7.55,12.88,,,
stress-ng --cpu 2 --cpu-load 38 --quiet --timeout 60s,19,4/24/2026,14:17:34,20.98,7.55,12.88,,,
stress-ng --cpu 2 --cpu-load 38 --quiet --timeout 60s,19,4/24/2026,14:17:35,19.01,7.55,12.19,,,
stress-ng --cpu 2 --cpu-load 38 --quiet --timeout 60s,19,4/24/2026,14:17:36,19.95,7.55,12.76,,,
stress-ng --cpu 2 --cpu-load 38 --quiet --timeout 60s,19,4/24/2026,14:17:37,21.03,7.55,12.76,,,
stress-ng --cpu 2 --cpu-load 38 --quiet --timeout 60s,19,4/24/2026,14:17:38,6.93,7.55,12.7,,,
stress-ng --cpu 2 --cpu-load 40 --quiet --timeout 60s,20,4/23/2026,23:16:02,0.98,6.59,8.95,,,
stress-ng --cpu 2 --cpu-load 40 --quiet --timeout 60s,20,4/23/2026,23:16:03,15.68,6.59,10.56,,,
stress-ng --cpu 2 --cpu-load 40 --quiet --timeout 60s,20,4/23/2026,23:16:04,20.74,6.59,10.56,,,
stress-ng --cpu 2 --cpu-load 40 --quiet --timeout 60s,20,4/23/2026,23:16:05,20.84,6.59,10.56,,,
stress-ng --cpu 2 --cpu-load 40 --quiet --timeout 60s,20,4/23/2026,23:16:06,21.18,6.59,13.47,,,
stress-ng --cpu 2 --cpu-load 40 --quiet --timeout 60s,20,4/23/2026,23:16:07,20.88,6.6,12.14,,,
stress-ng --cpu 2 --cpu-load 40 --quiet --timeout 60s,20,4/23/2026,23:16:08,22.38,6.6,12.14,,,
stress-ng --cpu 2 --cpu-load 40 --quiet --timeout 60s,20,4/23/2026,23:16:09,19.85,6.6,12.86,,,
stress-ng --cpu 2 --cpu-load 40 --quiet --timeout 60s,20,4/23/2026,23:16:10,21.33,6.6,12.47,,,
stress-ng --cpu 2 --cpu-load 40 --quiet --timeout 60s,20,4/23/2026,23:16:11,21.53,6.6,12.47,,,
stress-ng --cpu 2 --cpu-load 40 --quiet --timeout 60s,20,4/23/2026,23:16:12,20.54,6.6,13.08,,,
stress-ng --cpu 2 --cpu-load 40 --quiet --timeout 60s,20,4/23/2026,23:16:13,20.98,6.6,12.72,,,
stress-ng --cpu 2 --cpu-load 40 --quiet --timeout 60s,20,4/23/2026,23:16:14,21.53,6.6,12.72,,,
stress-ng --cpu 2 --cpu-load 40 --quiet --timeout 60s,20,4/23/2026,23:16:15,20.84,6.6,12.82,,,
stress-ng --cpu 2 --cpu-load 40 --quiet --timeout 60s,20,4/23/2026,23:16:16,20.89,6.6,12.32,,,
stress-ng --cpu 2 --cpu-load 40 --quiet --timeout 60s,20,4/23/2026,23:16:17,20.39,6.6,12.32,,,
stress-ng --cpu 2 --cpu-load 40 --quiet --timeout 60s,20,4/23/2026,23:16:18,21.33,6.6,12.88,,,
stress-ng --cpu 2 --cpu-load 40 --quiet --timeout 60s,20,4/23/2026,23:16:19,20.19,6.6,12.34,,,
stress-ng --cpu 2 --cpu-load 40 --quiet --timeout 60s,20,4/23/2026,23:16:20,21.48,6.6,12.34,,,
stress-ng --cpu 2 --cpu-load 40 --quiet --timeout 60s,20,4/23/2026,23:16:21,20.19,6.6,12.82,,,
stress-ng --cpu 2 --cpu-load 40 --quiet --timeout 60s,20,4/23/2026,23:16:22,20.34,6.6,12.57,,,
stress-ng --cpu 2 --cpu-load 40 --quiet --timeout 60s,20,4/23/2026,23:16:23,21.78,6.6,12.57,,,
stress-ng --cpu 2 --cpu-load 40 --quiet --timeout 60s,20,4/23/2026,23:16:24,20.39,6.6,12.24,,,
stress-ng --cpu 2 --cpu-load 40 --quiet --timeout 60s,20,4/23/2026,23:16:25,20.69,6.6,12.48,,,
stress-ng --cpu 2 --cpu-load 40 --quiet --timeout 60s,20,4/23/2026,23:16:26,19.85,6.6,12.48,,,
stress-ng --cpu 2 --cpu-load 40 --quiet --timeout 60s,20,4/23/2026,23:16:27,20.59,6.6,13.35,,,
stress-ng --cpu 2 --cpu-load 40 --quiet --timeout 60s,20,4/23/2026,23:16:28,21.78,6.6,12.33,,,
stress-ng --cpu 2 --cpu-load 40 --quiet --timeout 60s,20,4/23/2026,23:16:29,20.29,6.6,12.33,,,
stress-ng --cpu 2 --cpu-load 40 --quiet --timeout 60s,20,4/23/2026,23:16:30,20.34,6.6,12.95,,,
stress-ng --cpu 2 --cpu-load 40 --quiet --timeout 60s,20,4/23/2026,23:16:31,21.37,6.6,12.45,,,
stress-ng --cpu 2 --cpu-load 40 --quiet --timeout 60s,20,4/23/2026,23:16:32,21.33,6.6,12.45,,,
stress-ng --cpu 2 --cpu-load 40 --quiet --timeout 60s,20,4/23/2026,23:16:33,21.09,6.6,12.87,,,
stress-ng --cpu 2 --cpu-load 40 --quiet --timeout 60s,20,4/23/2026,23:16:34,20.14,6.6,12.54,,,
stress-ng --cpu 2 --cpu-load 40 --quiet --timeout 60s,20,4/23/2026,23:16:35,21.62,6.6,14.27,,,
stress-ng --cpu 2 --cpu-load 40 --quiet --timeout 60s,20,4/23/2026,23:16:36,21.18,6.59,14.27,,,
stress-ng --cpu 2 --cpu-load 40 --quiet --timeout 60s,20,4/23/2026,23:16:37,20.89,6.59,12.54,,,
stress-ng --cpu 2 --cpu-load 40 --quiet --timeout 60s,20,4/23/2026,23:16:38,19.75,6.59,12.54,,,
stress-ng --cpu 2 --cpu-load 40 --quiet --timeout 60s,20,4/23/2026,23:16:39,22.6,6.59,12.48,,,
stress-ng --cpu 2 --cpu-load 40 --quiet --timeout 60s,20,4/23/2026,23:16:40,21,6.59,12.96,,,
stress-ng --cpu 2 --cpu-load 40 --quiet --timeout 60s,20,4/23/2026,23:16:41,19.4,6.59,13.13,,,
stress-ng --cpu 2 --cpu-load 40 --quiet --timeout 60s,20,4/23/2026,23:16:42,21.32,6.59,13.13,,,
stress-ng --cpu 2 --cpu-load 40 --quiet --timeout 60s,20,4/23/2026,23:16:43,20.83,6.59,12.54,,,
stress-ng --cpu 2 --cpu-load 40 --quiet --timeout 60s,20,4/23/2026,23:16:44,21.13,6.59,12.54,,,
stress-ng --cpu 2 --cpu-load 40 --quiet --timeout 60s,20,4/23/2026,23:16:45,21.13,6.59,12.58,,,
stress-ng --cpu 2 --cpu-load 40 --quiet --timeout 60s,20,4/23/2026,23:16:46,21.86,6.59,12.55,,,
stress-ng --cpu 2 --cpu-load 40 --quiet --timeout 60s,20,4/23/2026,23:16:47,20.24,6.59,12.55,,,
stress-ng --cpu 2 --cpu-load 40 --quiet --timeout 60s,20,4/23/2026,23:16:48,20.14,6.59,12.61,,,
stress-ng --cpu 2 --cpu-load 40 --quiet --timeout 60s,20,4/23/2026,23:16:49,22.49,6.59,12.64,,,
stress-ng --cpu 2 --cpu-load 40 --quiet --timeout 60s,20,4/23/2026,23:16:50,20.59,6.59,12.64,,,
stress-ng --cpu 2 --cpu-load 40 --quiet --timeout 60s,20,4/23/2026,23:16:51,20.53,6.59,13.27,,,
stress-ng --cpu 2 --cpu-load 40 --quiet --timeout 60s,20,4/23/2026,23:16:52,22.71,6.59,12.17,,,
stress-ng --cpu 2 --cpu-load 40 --quiet --timeout 60s,20,4/23/2026,23:16:53,20.34,6.59,12.17,,,
stress-ng --cpu 2 --cpu-load 40 --quiet --timeout 60s,20,4/23/2026,23:16:54,19.55,6.59,13.08,,,
stress-ng --cpu 2 --cpu-load 40 --quiet --timeout 60s,20,4/23/2026,23:16:55,22.16,6.59,12.62,,,
stress-ng --cpu 2 --cpu-load 40 --quiet --timeout 60s,20,4/23/2026,23:16:56,21.125,6.59,12.62,,,
stress-ng --cpu 2 --cpu-load 40 --quiet --timeout 60s,20,4/23/2026,23:16:57,20.09,6.59,12.49,,,
stress-ng --cpu 2 --cpu-load 40 --quiet --timeout 60s,20,4/23/2026,23:16:58,21.28,6.59,12.63,,,
stress-ng --cpu 2 --cpu-load 40 --quiet --timeout 60s,20,4/23/2026,23:16:59,20.39,6.59,12.63,,,
stress-ng --cpu 2 --cpu-load 40 --quiet --timeout 60s,20,4/23/2026,23:17:00,20.39,6.59,12.74,,,
stress-ng --cpu 2 --cpu-load 40 --quiet --timeout 60s,20,4/23/2026,23:17:01,21.09,6.59,13.29,,,
stress-ng --cpu 2 --cpu-load 40 --quiet --timeout 60s,20,4/23/2026,23:17:02,21.64,6.59,13.29,,,
stress-ng --cpu 2 --cpu-load 40 --quiet --timeout 60s,20,4/24/2026,11:14:29,9.35,7.05,9.01,,,
stress-ng --cpu 2 --cpu-load 40 --quiet --timeout 60s,20,4/24/2026,11:14:30,20.59,7.05,11.96,,,
stress-ng --cpu 2 --cpu-load 40 --quiet --timeout 60s,20,4/24/2026,11:14:31,21.64,7.05,11.96,,,
stress-ng --cpu 2 --cpu-load 40 --quiet --timeout 60s,20,4/24/2026,11:14:32,21.03,7.05,12.32,,,
stress-ng --cpu 2 --cpu-load 40 --quiet --timeout 60s,20,4/24/2026,11:14:33,20.5,7.05,12.42,,,
stress-ng --cpu 2 --cpu-load 40 --quiet --timeout 60s,20,4/24/2026,11:14:34,19.6,7.05,12.42,,,
stress-ng --cpu 2 --cpu-load 40 --quiet --timeout 60s,20,4/24/2026,11:14:35,22.6,7.05,12.73,,,
stress-ng --cpu 2 --cpu-load 40 --quiet --timeout 60s,20,4/24/2026,11:14:36,22.52,7.05,13.37,,,
stress-ng --cpu 2 --cpu-load 40 --quiet --timeout 60s,20,4/24/2026,11:14:37,20.24,7.05,13.37,,,
stress-ng --cpu 2 --cpu-load 40 --quiet --timeout 60s,20,4/24/2026,11:14:38,21.86,7.05,12.83,,,
stress-ng --cpu 2 --cpu-load 40 --quiet --timeout 60s,20,4/24/2026,11:14:39,21.39,7.05,12.82,,,
stress-ng --cpu 2 --cpu-load 40 --quiet --timeout 60s,20,4/24/2026,11:14:40,20.14,7.05,12.82,,,
stress-ng --cpu 2 --cpu-load 40 --quiet --timeout 60s,20,4/24/2026,11:14:41,20.98,7.05,12.7,,,
stress-ng --cpu 2 --cpu-load 40 --quiet --timeout 60s,20,4/24/2026,11:14:42,21.97,7.05,12.57,,,
stress-ng --cpu 2 --cpu-load 40 --quiet --timeout 60s,20,4/24/2026,11:14:43,20.69,7.05,12.57,,,
stress-ng --cpu 2 --cpu-load 40 --quiet --timeout 60s,20,4/24/2026,11:14:44,19.35,7.05,12.63,,,
stress-ng --cpu 2 --cpu-load 40 --quiet --timeout 60s,20,4/24/2026,11:14:45,21.03,7.05,12.73,,,
stress-ng --cpu 2 --cpu-load 40 --quiet --timeout 60s,20,4/24/2026,11:14:46,20.88,7.05,12.73,,,
stress-ng --cpu 2 --cpu-load 40 --quiet --timeout 60s,20,4/24/2026,11:14:47,22.66,7.05,12.52,,,
stress-ng --cpu 2 --cpu-load 40 --quiet --timeout 60s,20,4/24/2026,11:14:48,20.64,7.05,12.75,,,
stress-ng --cpu 2 --cpu-load 40 --quiet --timeout 60s,20,4/24/2026,11:14:49,20.89,7.05,12.75,,,
stress-ng --cpu 2 --cpu-load 40 --quiet --timeout 60s,20,4/24/2026,11:14:50,20.14,7.05,12.59,,,
stress-ng --cpu 2 --cpu-load 40 --quiet --timeout 60s,20,4/24/2026,11:14:51,20.59,7.05,13.16,,,
stress-ng --cpu 2 --cpu-load 40 --quiet --timeout 60s,20,4/24/2026,11:14:52,21.23,7.05,13.16,,,
stress-ng --cpu 2 --cpu-load 40 --quiet --timeout 60s,20,4/24/2026,11:14:53,20.39,7.05,12.13,,,
stress-ng --cpu 2 --cpu-load 40 --quiet --timeout 60s,20,4/24/2026,11:14:54,20.49,7.05,13.05,,,
stress-ng --cpu 2 --cpu-load 40 --quiet --timeout 60s,20,4/24/2026,11:14:55,22.52,7.05,13.05,,,
stress-ng --cpu 2 --cpu-load 40 --quiet --timeout 60s,20,4/24/2026,11:14:56,19.5,7.05,12.85,,,
stress-ng --cpu 2 --cpu-load 40 --quiet --timeout 60s,20,4/24/2026,11:14:57,21.37,7.05,12.79,,,
stress-ng --cpu 2 --cpu-load 40 --quiet --timeout 60s,20,4/24/2026,11:14:58,20.88,7.05,12.79,,,
stress-ng --cpu 2 --cpu-load 40 --quiet --timeout 60s,20,4/24/2026,11:14:59,20.39,7.05,12.99,,,
stress-ng --cpu 2 --cpu-load 40 --quiet --timeout 60s,20,4/24/2026,11:15:00,21.155,7.05,13.19,,,
stress-ng --cpu 2 --cpu-load 40 --quiet --timeout 60s,20,4/24/2026,11:15:01,21.92,7.05,13.19,,,
stress-ng --cpu 2 --cpu-load 40 --quiet --timeout 60s,20,4/24/2026,11:15:02,21.78,7.05,13.19,,,
stress-ng --cpu 2 --cpu-load 40 --quiet --timeout 60s,20,4/24/2026,11:15:03,20.19,7.05,13.43,,,
stress-ng --cpu 2 --cpu-load 40 --quiet --timeout 60s,20,4/24/2026,11:15:04,20.24,7.05,12.88,,,
stress-ng --cpu 2 --cpu-load 40 --quiet --timeout 60s,20,4/24/2026,11:15:05,23.15,7.05,12.88,,,
stress-ng --cpu 2 --cpu-load 40 --quiet --timeout 60s,20,4/24/2026,11:15:06,19.05,7.05,12.38,,,
stress-ng --cpu 2 --cpu-load 40 --quiet --timeout 60s,20,4/24/2026,11:15:07,22.16,7.05,13.21,,,
stress-ng --cpu 2 --cpu-load 40 --quiet --timeout 60s,20,4/24/2026,11:15:08,20.14,7.05,13.21,,,
stress-ng --cpu 2 --cpu-load 40 --quiet --timeout 60s,20,4/24/2026,11:15:09,19.95,7.05,12.25,,,
stress-ng --cpu 2 --cpu-load 40 --quiet --timeout 60s,20,4/24/2026,11:15:10,20.84,7.05,12.93,,,
stress-ng --cpu 2 --cpu-load 40 --quiet --timeout 60s,20,4/24/2026,11:15:11,22.58,7.05,12.93,,,
stress-ng --cpu 2 --cpu-load 40 --quiet --timeout 60s,20,4/24/2026,11:15:12,20.14,7.05,13.68,,,
stress-ng --cpu 2 --cpu-load 40 --quiet --timeout 60s,20,4/24/2026,11:15:13,19.5,7.05,12.43,,,
stress-ng --cpu 2 --cpu-load 40 --quiet --timeout 60s,20,4/24/2026,11:15:14,22.46,7.05,12.43,,,
stress-ng --cpu 2 --cpu-load 40 --quiet --timeout 60s,20,4/24/2026,11:15:15,19.65,7.05,12.58,,,
stress-ng --cpu 2 --cpu-load 40 --quiet --timeout 60s,20,4/24/2026,11:15:16,20.63,7.05,13.5,,,
stress-ng --cpu 2 --cpu-load 40 --quiet --timeout 60s,20,4/24/2026,11:15:17,22.08,7.05,13.5,,,
stress-ng --cpu 2 --cpu-load 40 --quiet --timeout 60s,20,4/24/2026,11:15:18,20.79,7.05,12.51,,,
stress-ng --cpu 2 --cpu-load 40 --quiet --timeout 60s,20,4/24/2026,11:15:19,20,7.05,12.53,,,
stress-ng --cpu 2 --cpu-load 40 --quiet --timeout 60s,20,4/24/2026,11:15:20,21.37,7.05,12.53,,,
stress-ng --cpu 2 --cpu-load 40 --quiet --timeout 60s,20,4/24/2026,11:15:21,21.18,7.05,12.24,,,
stress-ng --cpu 2 --cpu-load 40 --quiet --timeout 60s,20,4/24/2026,11:15:22,21.72,7.05,12.69,,,
stress-ng --cpu 2 --cpu-load 40 --quiet --timeout 60s,20,4/24/2026,11:15:23,19.6,7.05,12.69,,,
stress-ng --cpu 2 --cpu-load 40 --quiet --timeout 60s,20,4/24/2026,11:15:24,20.79,7.05,12.46,,,
stress-ng --cpu 2 --cpu-load 40 --quiet --timeout 60s,20,4/24/2026,11:15:25,20.59,7.05,12.64,,,
stress-ng --cpu 2 --cpu-load 40 --quiet --timeout 60s,20,4/24/2026,11:15:26,22.16,7.06,12.64,,,
stress-ng --cpu 2 --cpu-load 40 --quiet --timeout 60s,20,4/24/2026,11:15:27,20.64,7.06,12.76,,,
stress-ng --cpu 2 --cpu-load 40 --quiet --timeout 60s,20,4/24/2026,11:15:28,21.19,7.06,12.72,,,
stress-ng --cpu 2 --cpu-load 40 --quiet --timeout 60s,20,4/24/2026,11:15:29,19.85,7.02,12.72,,,
stress-ng --cpu 2 --cpu-load 40 --quiet --timeout 60s,20,4/24/2026,21:08:53,0.99,7.56,9.11,,,
stress-ng --cpu 2 --cpu-load 40 --quiet --timeout 60s,20,4/24/2026,21:08:54,12.46,7.59,10.67,,,
stress-ng --cpu 2 --cpu-load 40 --quiet --timeout 60s,20,4/24/2026,21:08:55,20.89,7.59,10.67,,,
stress-ng --cpu 2 --cpu-load 40 --quiet --timeout 60s,20,4/24/2026,21:08:56,20.14,7.59,10.67,,,
stress-ng --cpu 2 --cpu-load 40 --quiet --timeout 60s,20,4/24/2026,21:08:57,20.68,7.59,12.59,,,
stress-ng --cpu 2 --cpu-load 40 --quiet --timeout 60s,20,4/24/2026,21:08:58,20.88,7.59,13.04,,,
stress-ng --cpu 2 --cpu-load 40 --quiet --timeout 60s,20,4/24/2026,21:08:59,20.84,7.59,13.04,,,
stress-ng --cpu 2 --cpu-load 40 --quiet --timeout 60s,20,4/24/2026,21:09:00,22.02,7.59,12.66,,,
stress-ng --cpu 2 --cpu-load 40 --quiet --timeout 60s,20,4/24/2026,21:09:01,21.19,7.59,12.66,,,
stress-ng --cpu 2 --cpu-load 40 --quiet --timeout 60s,20,4/24/2026,21:09:02,19.75,7.59,12.66,,,
stress-ng --cpu 2 --cpu-load 40 --quiet --timeout 60s,20,4/24/2026,21:09:03,21.48,7.59,12.84,,,
stress-ng --cpu 2 --cpu-load 40 --quiet --timeout 60s,20,4/24/2026,21:09:04,20.49,7.59,12.18,,,
stress-ng --cpu 2 --cpu-load 40 --quiet --timeout 60s,20,4/24/2026,21:09:05,20.04,7.59,12.18,,,
stress-ng --cpu 2 --cpu-load 40 --quiet --timeout 60s,20,4/24/2026,21:09:06,21.07,7.59,12.36,,,
stress-ng --cpu 2 --cpu-load 40 --quiet --timeout 60s,20,4/24/2026,21:09:07,21.81,7.59,13.09,,,
stress-ng --cpu 2 --cpu-load 40 --quiet --timeout 60s,20,4/24/2026,21:09:08,20.63,7.59,13.09,,,
stress-ng --cpu 2 --cpu-load 40 --quiet --timeout 60s,20,4/24/2026,21:09:09,22.16,7.59,12.35,,,
stress-ng --cpu 2 --cpu-load 40 --quiet --timeout 60s,20,4/24/2026,21:09:10,20.89,7.59,12.5,,,
stress-ng --cpu 2 --cpu-load 40 --quiet --timeout 60s,20,4/24/2026,21:09:11,20,7.59,12.5,,,
stress-ng --cpu 2 --cpu-load 40 --quiet --timeout 60s,20,4/24/2026,21:09:12,21.03,7.59,13.13,,,
stress-ng --cpu 2 --cpu-load 40 --quiet --timeout 60s,20,4/24/2026,21:09:13,20.84,7.59,12.5,,,
stress-ng --cpu 2 --cpu-load 40 --quiet --timeout 60s,20,4/24/2026,21:09:14,21.28,7.59,12.5,,,
stress-ng --cpu 2 --cpu-load 40 --quiet --timeout 60s,20,4/24/2026,21:09:15,20.44,7.59,12.54,,,
stress-ng --cpu 2 --cpu-load 40 --quiet --timeout 60s,20,4/24/2026,21:09:16,21.33,7.59,12.5,,,
stress-ng --cpu 2 --cpu-load 40 --quiet --timeout 60s,20,4/24/2026,21:09:17,20.89,7.59,12.5,,,
stress-ng --cpu 2 --cpu-load 40 --quiet --timeout 60s,20,4/24/2026,21:09:18,19.05,7.59,12.96,,,
stress-ng --cpu 2 --cpu-load 40 --quiet --timeout 60s,20,4/24/2026,21:09:19,22.35,7.59,12.19,,,
stress-ng --cpu 2 --cpu-load 40 --quiet --timeout 60s,20,4/24/2026,21:09:20,19.6,7.59,12.19,,,
stress-ng --cpu 2 --cpu-load 40 --quiet --timeout 60s,20,4/24/2026,21:09:21,20.93,7.59,12.8,,,
stress-ng --cpu 2 --cpu-load 40 --quiet --timeout 60s,20,4/24/2026,21:09:22,20.79,7.58,12.03,,,
stress-ng --cpu 2 --cpu-load 40 --quiet --timeout 60s,20,4/24/2026,21:09:23,21.14,7.58,12.03,,,
stress-ng --cpu 2 --cpu-load 40 --quiet --timeout 60s,20,4/24/2026,21:09:24,20.59,7.58,12.3,,,
stress-ng --cpu 2 --cpu-load 40 --quiet --timeout 60s,20,4/24/2026,21:09:25,20.69,7.58,12.32,,,
stress-ng --cpu 2 --cpu-load 40 --quiet --timeout 60s,20,4/24/2026,21:09:26,20.04,7.58,12.32,,,
stress-ng --cpu 2 --cpu-load 40 --quiet --timeout 60s,20,4/24/2026,21:09:27,20.14,7.58,12.98,,,
stress-ng --cpu 2 --cpu-load 40 --quiet --timeout 60s,20,4/24/2026,21:09:28,21.37,7.58,12.14,,,
stress-ng --cpu 2 --cpu-load 40 --quiet --timeout 60s,20,4/24/2026,21:09:29,21.92,7.58,12.14,,,
stress-ng --cpu 2 --cpu-load 40 --quiet --timeout 60s,20,4/24/2026,21:09:30,20.64,7.58,12.52,,,
stress-ng --cpu 2 --cpu-load 40 --quiet --timeout 60s,20,4/24/2026,21:09:31,21.28,7.58,12.84,,,
stress-ng --cpu 2 --cpu-load 40 --quiet --timeout 60s,20,4/24/2026,21:09:32,20.84,7.58,12.84,,,
stress-ng --cpu 2 --cpu-load 40 --quiet --timeout 60s,20,4/24/2026,21:09:33,20.64,7.58,12.87,,,
stress-ng --cpu 2 --cpu-load 40 --quiet --timeout 60s,20,4/24/2026,21:09:34,21.28,7.58,12.82,,,
stress-ng --cpu 2 --cpu-load 40 --quiet --timeout 60s,20,4/24/2026,21:09:35,20.89,7.58,12.82,,,
stress-ng --cpu 2 --cpu-load 40 --quiet --timeout 60s,20,4/24/2026,21:09:36,20.64,7.58,12.8,,,
stress-ng --cpu 2 --cpu-load 40 --quiet --timeout 60s,20,4/24/2026,21:09:37,20.69,7.58,12.8,,,
stress-ng --cpu 2 --cpu-load 40 --quiet --timeout 60s,20,4/24/2026,21:09:38,18.9,7.57,12.8,,,
stress-ng --cpu 2 --cpu-load 40 --quiet --timeout 60s,20,4/24/2026,21:09:39,22,7.57,12.98,,,
stress-ng --cpu 2 --cpu-load 40 --quiet --timeout 60s,20,4/24/2026,21:09:40,20.88,7.57,12.55,,,
stress-ng --cpu 2 --cpu-load 40 --quiet --timeout 60s,20,4/24/2026,21:09:41,21.37,7.57,12.55,,,
stress-ng --cpu 2 --cpu-load 40 --quiet --timeout 60s,20,4/24/2026,21:09:42,20.44,7.57,12.84,,,
stress-ng --cpu 2 --cpu-load 40 --quiet --timeout 60s,20,4/24/2026,21:09:43,20.63,7.57,12.24,,,
stress-ng --cpu 2 --cpu-load 40 --quiet --timeout 60s,20,4/24/2026,21:09:44,22.11,7.57,12.24,,,
stress-ng --cpu 2 --cpu-load 40 --quiet --timeout 60s,20,4/24/2026,21:09:45,20.89,7.57,12.36,,,
stress-ng --cpu 2 --cpu-load 40 --quiet --timeout 60s,20,4/24/2026,21:09:46,21.09,7.57,12.89,,,
stress-ng --cpu 2 --cpu-load 40 --quiet --timeout 60s,20,4/24/2026,21:09:47,19.95,7.57,12.89,,,
stress-ng --cpu 2 --cpu-load 40 --quiet --timeout 60s,20,4/24/2026,21:09:48,19.01,7.57,12.39,,,
stress-ng --cpu 2 --cpu-load 40 --quiet --timeout 60s,20,4/24/2026,21:09:49,21.78,7.57,12.91,,,
stress-ng --cpu 2 --cpu-load 40 --quiet --timeout 60s,20,4/24/2026,21:09:50,20.89,7.57,12.91,,,
stress-ng --cpu 2 --cpu-load 40 --quiet --timeout 60s,20,4/24/2026,21:09:51,20.89,7.57,12.63,,,
stress-ng --cpu 2 --cpu-load 40 --quiet --timeout 60s,20,4/24/2026,21:09:52,20.29,7.57,12.61,,,
stress-ng --cpu 2 --cpu-load 40 --quiet --timeout 60s,20,4/24/2026,21:09:53,17.28,7.56,12.61,,,
stress-ng --cpu 2 --cpu-load 42 --quiet --timeout 60s,21,4/24/2026,1:20:06,5.72,6.58,9.12,,,
stress-ng --cpu 2 --cpu-load 42 --quiet --timeout 60s,21,4/24/2026,1:20:07,22.27,6.58,9.07,,,
stress-ng --cpu 2 --cpu-load 42 --quiet --timeout 60s,21,4/24/2026,1:20:08,22.41,6.58,13.56,,,
stress-ng --cpu 2 --cpu-load 42 --quiet --timeout 60s,21,4/24/2026,1:20:09,22.16,6.58,13.56,,,
stress-ng --cpu 2 --cpu-load 42 --quiet --timeout 60s,21,4/24/2026,1:20:10,22.6,6.58,13.21,,,
stress-ng --cpu 2 --cpu-load 42 --quiet --timeout 60s,21,4/24/2026,1:20:11,21.97,6.58,13.71,,,
stress-ng --cpu 2 --cpu-load 42 --quiet --timeout 60s,21,4/24/2026,1:20:12,23.51,6.58,13.71,,,
stress-ng --cpu 2 --cpu-load 42 --quiet --timeout 60s,21,4/24/2026,1:20:13,21.94,6.58,13.23,,,
stress-ng --cpu 2 --cpu-load 42 --quiet --timeout 60s,21,4/24/2026,1:20:14,21.58,6.58,13.37,,,
stress-ng --cpu 2 --cpu-load 42 --quiet --timeout 60s,21,4/24/2026,1:20:15,20.04,6.58,13.37,,,
stress-ng --cpu 2 --cpu-load 42 --quiet --timeout 60s,21,4/24/2026,1:20:16,22.11,6.58,12.58,,,
stress-ng --cpu 2 --cpu-load 42 --quiet --timeout 60s,21,4/24/2026,1:20:17,22.96,6.58,13.71,,,
stress-ng --cpu 2 --cpu-load 42 --quiet --timeout 60s,21,4/24/2026,1:20:18,22.08,6.58,13.71,,,
stress-ng --cpu 2 --cpu-load 42 --quiet --timeout 60s,21,4/24/2026,1:20:19,21.58,6.58,12.73,,,
stress-ng --cpu 2 --cpu-load 42 --quiet --timeout 60s,21,4/24/2026,1:20:20,22.19,6.58,13.11,,,
stress-ng --cpu 2 --cpu-load 42 --quiet --timeout 60s,21,4/24/2026,1:20:21,20.89,6.58,13.11,,,
stress-ng --cpu 2 --cpu-load 42 --quiet --timeout 60s,21,4/24/2026,1:20:22,20.84,6.58,13.06,,,
stress-ng --cpu 2 --cpu-load 42 --quiet --timeout 60s,21,4/24/2026,1:20:23,22.85,6.58,13.13,,,
stress-ng --cpu 2 --cpu-load 42 --quiet --timeout 60s,21,4/24/2026,1:20:24,21.44,6.58,13.13,,,
stress-ng --cpu 2 --cpu-load 42 --quiet --timeout 60s,21,4/24/2026,1:20:25,22.02,6.58,12.55,,,
stress-ng --cpu 2 --cpu-load 42 --quiet --timeout 60s,21,4/24/2026,1:20:26,21.89,6.58,12.82,,,
stress-ng --cpu 2 --cpu-load 42 --quiet --timeout 60s,21,4/24/2026,1:20:27,20.34,6.58,12.82,,,
stress-ng --cpu 2 --cpu-load 42 --quiet --timeout 60s,21,4/24/2026,1:20:28,22.96,6.58,12.67,,,
stress-ng --cpu 2 --cpu-load 42 --quiet --timeout 60s,21,4/24/2026,1:20:29,21.33,6.58,13.59,,,
stress-ng --cpu 2 --cpu-load 42 --quiet --timeout 60s,21,4/24/2026,1:20:30,22.02,6.58,13.59,,,
stress-ng --cpu 2 --cpu-load 42 --quiet --timeout 60s,21,4/24/2026,1:20:31,22.325,6.58,13.23,,,
stress-ng --cpu 2 --cpu-load 42 --quiet --timeout 60s,21,4/24/2026,1:20:32,22.63,6.58,13.31,,,
stress-ng --cpu 2 --cpu-load 42 --quiet --timeout 60s,21,4/24/2026,1:20:33,20.79,6.58,13.31,,,
stress-ng --cpu 2 --cpu-load 42 --quiet --timeout 60s,21,4/24/2026,1:20:34,22.13,6.58,12.88,,,
stress-ng --cpu 2 --cpu-load 42 --quiet --timeout 60s,21,4/24/2026,1:20:35,22.27,6.58,12.84,,,
stress-ng --cpu 2 --cpu-load 42 --quiet --timeout 60s,21,4/24/2026,1:20:36,20.89,6.58,12.84,,,
stress-ng --cpu 2 --cpu-load 42 --quiet --timeout 60s,21,4/24/2026,1:20:37,21.48,6.58,13.28,,,
stress-ng --cpu 2 --cpu-load 42 --quiet --timeout 60s,21,4/24/2026,1:20:38,21.97,6.58,14.44,,,
stress-ng --cpu 2 --cpu-load 42 --quiet --timeout 60s,21,4/24/2026,1:20:39,22.77,6.58,14.44,,,
stress-ng --cpu 2 --cpu-load 42 --quiet --timeout 60s,21,4/24/2026,1:20:40,21.03,6.58,13.2,,,
stress-ng --cpu 2 --cpu-load 42 --quiet --timeout 60s,21,4/24/2026,1:20:41,22.66,6.58,12.88,,,
stress-ng --cpu 2 --cpu-load 42 --quiet --timeout 60s,21,4/24/2026,1:20:42,21.78,6.58,12.88,,,
stress-ng --cpu 2 --cpu-load 42 --quiet --timeout 60s,21,4/24/2026,1:20:43,21.28,6.58,13.08,,,
stress-ng --cpu 2 --cpu-load 42 --quiet --timeout 60s,21,4/24/2026,1:20:44,22.22,6.58,13.37,,,
stress-ng --cpu 2 --cpu-load 42 --quiet --timeout 60s,21,4/24/2026,1:20:45,22.52,6.58,13.37,,,
stress-ng --cpu 2 --cpu-load 42 --quiet --timeout 60s,21,4/24/2026,1:20:46,20.69,6.58,12.93,,,
stress-ng --cpu 2 --cpu-load 42 --quiet --timeout 60s,21,4/24/2026,1:20:47,21.33,6.58,12.93,,,
stress-ng --cpu 2 --cpu-load 42 --quiet --timeout 60s,21,4/24/2026,1:20:48,22.08,6.58,12.93,,,
stress-ng --cpu 2 --cpu-load 42 --quiet --timeout 60s,21,4/24/2026,1:20:49,21.83,6.59,12.73,,,
stress-ng --cpu 2 --cpu-load 42 --quiet --timeout 60s,21,4/24/2026,1:20:50,22.27,6.59,12.67,,,
stress-ng --cpu 2 --cpu-load 42 --quiet --timeout 60s,21,4/24/2026,1:20:51,20.34,6.59,12.67,,,
stress-ng --cpu 2 --cpu-load 42 --quiet --timeout 60s,21,4/24/2026,1:20:52,22.35,6.59,13.14,,,
stress-ng --cpu 2 --cpu-load 42 --quiet --timeout 60s,21,4/24/2026,1:20:53,22.33,6.59,13.26,,,
stress-ng --cpu 2 --cpu-load 42 --quiet --timeout 60s,21,4/24/2026,1:20:54,22.58,6.59,13.26,,,
stress-ng --cpu 2 --cpu-load 42 --quiet --timeout 60s,21,4/24/2026,1:20:55,20.04,6.59,12.65,,,
stress-ng --cpu 2 --cpu-load 42 --quiet --timeout 60s,21,4/24/2026,1:20:56,22.46,6.59,12.75,,,
stress-ng --cpu 2 --cpu-load 42 --quiet --timeout 60s,21,4/24/2026,1:20:57,21.67,6.59,12.75,,,
stress-ng --cpu 2 --cpu-load 42 --quiet --timeout 60s,21,4/24/2026,1:20:58,22.24,6.59,12.65,,,
stress-ng --cpu 2 --cpu-load 42 --quiet --timeout 60s,21,4/24/2026,1:20:59,21.67,6.59,12.94,,,
stress-ng --cpu 2 --cpu-load 42 --quiet --timeout 60s,21,4/24/2026,1:21:00,23.34,6.59,12.94,,,
stress-ng --cpu 2 --cpu-load 42 --quiet --timeout 60s,21,4/24/2026,1:21:01,21.33,6.59,12.63,,,
stress-ng --cpu 2 --cpu-load 42 --quiet --timeout 60s,21,4/24/2026,1:21:02,21.89,6.6,12.5,,,
stress-ng --cpu 2 --cpu-load 42 --quiet --timeout 60s,21,4/24/2026,1:21:03,21.33,6.6,12.5,,,
stress-ng --cpu 2 --cpu-load 42 --quiet --timeout 60s,21,4/24/2026,1:21:04,22.82,6.6,13.56,,,
stress-ng --cpu 2 --cpu-load 42 --quiet --timeout 60s,21,4/24/2026,1:21:05,21.28,6.6,12.92,,,
stress-ng --cpu 2 --cpu-load 42 --quiet --timeout 60s,21,4/24/2026,1:21:06,21.33,6.6,12.92,,,
stress-ng --cpu 2 --cpu-load 42 --quiet --timeout 60s,21,4/24/2026,7:16:19,3.94,6.99,9.04,,,
stress-ng --cpu 2 --cpu-load 42 --quiet --timeout 60s,21,4/24/2026,7:16:20,20.89,6.99,9.04,,,
stress-ng --cpu 2 --cpu-load 42 --quiet --timeout 60s,21,4/24/2026,7:16:21,21.92,6.99,12.06,,,
stress-ng --cpu 2 --cpu-load 42 --quiet --timeout 60s,21,4/24/2026,7:16:22,21.86,6.99,12.06,,,
stress-ng --cpu 2 --cpu-load 42 --quiet --timeout 60s,21,4/24/2026,7:16:23,23.2,6.99,12.06,,,
stress-ng --cpu 2 --cpu-load 42 --quiet --timeout 60s,21,4/24/2026,7:16:24,20.94,6.99,13.22,,,
stress-ng --cpu 2 --cpu-load 42 --quiet --timeout 60s,21,4/24/2026,7:16:25,22.08,6.99,13.11,,,
stress-ng --cpu 2 --cpu-load 42 --quiet --timeout 60s,21,4/24/2026,7:16:26,20.98,6.99,13.11,,,
stress-ng --cpu 2 --cpu-load 42 --quiet --timeout 60s,21,4/24/2026,7:16:27,21.78,6.99,13.07,,,
stress-ng --cpu 2 --cpu-load 42 --quiet --timeout 60s,21,4/24/2026,7:16:28,22.85,6.99,12.95,,,
stress-ng --cpu 2 --cpu-load 42 --quiet --timeout 60s,21,4/24/2026,7:16:29,21.97,6.99,12.95,,,
stress-ng --cpu 2 --cpu-load 42 --quiet --timeout 60s,21,4/24/2026,7:16:30,22.58,6.99,13.02,,,
stress-ng --cpu 2 --cpu-load 42 --quiet --timeout 60s,21,4/24/2026,7:16:31,20.64,6.99,12.36,,,
stress-ng --cpu 2 --cpu-load 42 --quiet --timeout 60s,21,4/24/2026,7:16:32,21.97,6.99,12.36,,,
stress-ng --cpu 2 --cpu-load 42 --quiet --timeout 60s,21,4/24/2026,7:16:33,22.315,6.99,14,,,
stress-ng --cpu 2 --cpu-load 42 --quiet --timeout 60s,21,4/24/2026,7:16:34,22.66,6.99,12.52,,,
stress-ng --cpu 2 --cpu-load 42 --quiet --timeout 60s,21,4/24/2026,7:16:35,21.58,6.99,12.52,,,
stress-ng --cpu 2 --cpu-load 42 --quiet --timeout 60s,21,4/24/2026,7:16:36,22.22,6.99,12.75,,,
stress-ng --cpu 2 --cpu-load 42 --quiet --timeout 60s,21,4/24/2026,7:16:37,21.14,6.99,12.96,,,
stress-ng --cpu 2 --cpu-load 42 --quiet --timeout 60s,21,4/24/2026,7:16:38,22.13,6.99,12.96,,,
stress-ng --cpu 2 --cpu-load 42 --quiet --timeout 60s,21,4/24/2026,7:16:39,21.23,6.99,13.01,,,
stress-ng --cpu 2 --cpu-load 42 --quiet --timeout 60s,21,4/24/2026,7:16:40,23.15,6.99,12.46,,,
stress-ng --cpu 2 --cpu-load 42 --quiet --timeout 60s,21,4/24/2026,7:16:41,19.45,6.99,12.46,,,
stress-ng --cpu 2 --cpu-load 42 --quiet --timeout 60s,21,4/24/2026,7:16:42,22.35,6.99,13,,,
stress-ng --cpu 2 --cpu-load 42 --quiet --timeout 60s,21,4/24/2026,7:16:43,22.71,6.99,12.84,,,
stress-ng --cpu 2 --cpu-load 42 --quiet --timeout 60s,21,4/24/2026,7:16:44,22.82,6.99,12.84,,,
stress-ng --cpu 2 --cpu-load 42 --quiet --timeout 60s,21,4/24/2026,7:16:45,21.09,6.99,13.1,,,
stress-ng --cpu 2 --cpu-load 42 --quiet --timeout 60s,21,4/24/2026,7:16:46,21.78,6.99,12.66,,,
stress-ng --cpu 2 --cpu-load 42 --quiet --timeout 60s,21,4/24/2026,7:16:47,22.58,6.99,12.66,,,
stress-ng --cpu 2 --cpu-load 42 --quiet --timeout 60s,21,4/24/2026,7:16:48,20.64,6.99,13.32,,,
stress-ng --cpu 2 --cpu-load 42 --quiet --timeout 60s,21,4/24/2026,7:16:49,23.07,6.99,12.84,,,
stress-ng --cpu 2 --cpu-load 42 --quiet --timeout 60s,21,4/24/2026,7:16:50,20.14,7,12.84,,,
stress-ng --cpu 2 --cpu-load 42 --quiet --timeout 60s,21,4/24/2026,7:16:51,22.33,7,12.82,,,
stress-ng --cpu 2 --cpu-load 42 --quiet --timeout 60s,21,4/24/2026,7:16:52,21.72,7,13.08,,,
stress-ng --cpu 2 --cpu-load 42 --quiet --timeout 60s,21,4/24/2026,7:16:53,22.44,7,13.08,,,
stress-ng --cpu 2 --cpu-load 42 --quiet --timeout 60s,21,4/24/2026,7:16:54,21.03,7,12.83,,,
stress-ng --cpu 2 --cpu-load 42 --quiet --timeout 60s,21,4/24/2026,7:16:55,23.01,7,12.72,,,
stress-ng --cpu 2 --cpu-load 42 --quiet --timeout 60s,21,4/24/2026,7:16:56,20.64,7,12.72,,,
stress-ng --cpu 2 --cpu-load 42 --quiet --timeout 60s,21,4/24/2026,7:16:57,21.78,7,12.86,,,
stress-ng --cpu 2 --cpu-load 42 --quiet --timeout 60s,21,4/24/2026,7:16:58,22.44,6.99,12.78,,,
stress-ng --cpu 2 --cpu-load 42 --quiet --timeout 60s,21,4/24/2026,7:16:59,21.28,6.99,12.78,,,
stress-ng --cpu 2 --cpu-load 42 --quiet --timeout 60s,21,4/24/2026,7:17:00,21.69,7,13.06,,,
stress-ng --cpu 2 --cpu-load 42 --quiet --timeout 60s,21,4/24/2026,7:17:01,20.84,7,12.88,,,
stress-ng --cpu 2 --cpu-load 42 --quiet --timeout 60s,21,4/24/2026,7:17:02,22.46,7,12.88,,,
stress-ng --cpu 2 --cpu-load 42 --quiet --timeout 60s,21,4/24/2026,7:17:03,21.72,7,13.01,,,
stress-ng --cpu 2 --cpu-load 42 --quiet --timeout 60s,21,4/24/2026,7:17:04,21.58,7,13.17,,,
stress-ng --cpu 2 --cpu-load 42 --quiet --timeout 60s,21,4/24/2026,7:17:05,22.52,7,13.17,,,
stress-ng --cpu 2 --cpu-load 42 --quiet --timeout 60s,21,4/24/2026,7:17:06,22.33,7,12.71,,,
stress-ng --cpu 2 --cpu-load 42 --quiet --timeout 60s,21,4/24/2026,7:17:07,22.27,7,13.09,,,
stress-ng --cpu 2 --cpu-load 42 --quiet --timeout 60s,21,4/24/2026,7:17:08,21.19,7,13.09,,,
stress-ng --cpu 2 --cpu-load 42 --quiet --timeout 60s,21,4/24/2026,7:17:09,21.83,7,12.91,,,
stress-ng --cpu 2 --cpu-load 42 --quiet --timeout 60s,21,4/24/2026,7:17:10,20.84,7,12.27,,,
stress-ng --cpu 2 --cpu-load 42 --quiet --timeout 60s,21,4/24/2026,7:17:11,21.64,7,12.27,,,
stress-ng --cpu 2 --cpu-load 42 --quiet --timeout 60s,21,4/24/2026,7:17:12,22.46,7,12.9,,,
stress-ng --cpu 2 --cpu-load 42 --quiet --timeout 60s,21,4/24/2026,7:17:13,21.89,7,13.45,,,
stress-ng --cpu 2 --cpu-load 42 --quiet --timeout 60s,21,4/24/2026,7:17:14,20.49,7,13.45,,,
stress-ng --cpu 2 --cpu-load 42 --quiet --timeout 60s,21,4/24/2026,7:17:15,22.96,7,12.55,,,
stress-ng --cpu 2 --cpu-load 42 --quiet --timeout 60s,21,4/24/2026,7:17:16,21.64,7,12.8,,,
stress-ng --cpu 2 --cpu-load 42 --quiet --timeout 60s,21,4/24/2026,7:17:17,22.38,7,12.8,,,
stress-ng --cpu 2 --cpu-load 42 --quiet --timeout 60s,21,4/24/2026,7:17:18,20.79,7,12.58,,,
stress-ng --cpu 2 --cpu-load 42 --quiet --timeout 60s,21,4/24/2026,7:17:19,20.93,7,13.01,,,
stress-ng --cpu 2 --cpu-load 42 --quiet --timeout 60s,21,4/24/2026,18:42:48,0.98,7.53,9.09,,,
stress-ng --cpu 2 --cpu-load 42 --quiet --timeout 60s,21,4/24/2026,18:42:49,19.65,7.54,10.73,,,
stress-ng --cpu 2 --cpu-load 42 --quiet --timeout 60s,21,4/24/2026,18:42:50,21.92,7.54,10.73,,,
stress-ng --cpu 2 --cpu-load 42 --quiet --timeout 60s,21,4/24/2026,18:42:51,23.51,7.54,10.73,,,
stress-ng --cpu 2 --cpu-load 42 --quiet --timeout 60s,21,4/24/2026,18:42:52,21.39,7.54,13.18,,,
stress-ng --cpu 2 --cpu-load 42 --quiet --timeout 60s,21,4/24/2026,18:42:53,21.64,7.54,12.42,,,
stress-ng --cpu 2 --cpu-load 42 --quiet --timeout 60s,21,4/24/2026,18:42:54,21.14,7.54,13.05,,,
stress-ng --cpu 2 --cpu-load 42 --quiet --timeout 60s,21,4/24/2026,18:42:55,20.98,7.55,13.05,,,
stress-ng --cpu 2 --cpu-load 42 --quiet --timeout 60s,21,4/24/2026,18:42:56,22.66,7.55,12.91,,,
stress-ng --cpu 2 --cpu-load 42 --quiet --timeout 60s,21,4/24/2026,18:42:57,20.64,7.55,12.91,,,
stress-ng --cpu 2 --cpu-load 42 --quiet --timeout 60s,21,4/24/2026,18:42:58,22.22,7.55,13.06,,,
stress-ng --cpu 2 --cpu-load 42 --quiet --timeout 60s,21,4/24/2026,18:42:59,20.89,7.55,12.72,,,
stress-ng --cpu 2 --cpu-load 42 --quiet --timeout 60s,21,4/24/2026,18:43:00,22.19,7.55,12.72,,,
stress-ng --cpu 2 --cpu-load 42 --quiet --timeout 60s,21,4/24/2026,18:43:01,23.7,7.55,13.24,,,
stress-ng --cpu 2 --cpu-load 42 --quiet --timeout 60s,21,4/24/2026,18:43:02,20.54,7.55,12.43,,,
stress-ng --cpu 2 --cpu-load 42 --quiet --timeout 60s,21,4/24/2026,18:43:03,20.79,7.55,12.54,,,
stress-ng --cpu 2 --cpu-load 42 --quiet --timeout 60s,21,4/24/2026,18:43:04,22.79,7.55,12.64,,,
stress-ng --cpu 2 --cpu-load 42 --quiet --timeout 60s,21,4/24/2026,18:43:05,21.67,7.55,12.64,,,
stress-ng --cpu 2 --cpu-load 42 --quiet --timeout 60s,21,4/24/2026,18:43:06,21.83,7.55,12.99,,,
stress-ng --cpu 2 --cpu-load 42 --quiet --timeout 60s,21,4/24/2026,18:43:07,21.72,7.55,12.61,,,
stress-ng --cpu 2 --cpu-load 42 --quiet --timeout 60s,21,4/24/2026,18:43:08,22.3,7.55,12.61,,,
stress-ng --cpu 2 --cpu-load 42 --quiet --timeout 60s,21,4/24/2026,18:43:09,21.78,7.55,12.61,,,
stress-ng --cpu 2 --cpu-load 42 --quiet --timeout 60s,21,4/24/2026,18:43:10,21.09,7.55,12.79,,,
stress-ng --cpu 2 --cpu-load 42 --quiet --timeout 60s,21,4/24/2026,18:43:11,22.46,7.55,12.79,,,
stress-ng --cpu 2 --cpu-load 42 --quiet --timeout 60s,21,4/24/2026,18:43:12,21.53,7.55,12.53,,,
stress-ng --cpu 2 --cpu-load 42 --quiet --timeout 60s,21,4/24/2026,18:43:13,21.33,7.55,12.89,,,
stress-ng --cpu 2 --cpu-load 42 --quiet --timeout 60s,21,4/24/2026,18:43:14,21.39,7.55,12.89,,,
stress-ng --cpu 2 --cpu-load 42 --quiet --timeout 60s,21,4/24/2026,18:43:15,22.02,7.55,12.55,,,
stress-ng --cpu 2 --cpu-load 42 --quiet --timeout 60s,21,4/24/2026,18:43:16,22.27,7.55,13.05,,,
stress-ng --cpu 2 --cpu-load 42 --quiet --timeout 60s,21,4/24/2026,18:43:17,21.39,7.55,13.05,,,
stress-ng --cpu 2 --cpu-load 42 --quiet --timeout 60s,21,4/24/2026,18:43:18,20.59,7.55,12.75,,,
stress-ng --cpu 2 --cpu-load 42 --quiet --timeout 60s,21,4/24/2026,18:43:19,23.26,7.55,12.74,,,
stress-ng --cpu 2 --cpu-load 42 --quiet --timeout 60s,21,4/24/2026,18:43:20,21.33,7.55,12.74,,,
stress-ng --cpu 2 --cpu-load 42 --quiet --timeout 60s,21,4/24/2026,18:43:21,20.93,7.55,13.26,,,
stress-ng --cpu 2 --cpu-load 42 --quiet --timeout 60s,21,4/24/2026,18:43:22,22.11,7.55,12.99,,,
stress-ng --cpu 2 --cpu-load 42 --quiet --timeout 60s,21,4/24/2026,18:43:23,22.6,7.55,12.99,,,
stress-ng --cpu 2 --cpu-load 42 --quiet --timeout 60s,21,4/24/2026,18:43:24,21.78,7.55,13.27,,,
stress-ng --cpu 2 --cpu-load 42 --quiet --timeout 60s,21,4/24/2026,18:43:25,21.53,7.55,13.36,,,
stress-ng --cpu 2 --cpu-load 42 --quiet --timeout 60s,21,4/24/2026,18:43:26,21.78,7.55,13.36,,,
stress-ng --cpu 2 --cpu-load 42 --quiet --timeout 60s,21,4/24/2026,18:43:27,21.18,7.55,12.82,,,
stress-ng --cpu 2 --cpu-load 42 --quiet --timeout 60s,21,4/24/2026,18:43:28,21.81,7.55,12.92,,,
stress-ng --cpu 2 --cpu-load 42 --quiet --timeout 60s,21,4/24/2026,18:43:29,21.53,7.55,12.92,,,
stress-ng --cpu 2 --cpu-load 42 --quiet --timeout 60s,21,4/24/2026,18:43:30,22.065,7.55,13.11,,,
stress-ng --cpu 2 --cpu-load 42 --quiet --timeout 60s,21,4/24/2026,18:43:31,22.6,7.55,12.96,,,
stress-ng --cpu 2 --cpu-load 42 --quiet --timeout 60s,21,4/24/2026,18:43:32,22.35,7.55,12.96,,,
stress-ng --cpu 2 --cpu-load 42 --quiet --timeout 60s,21,4/24/2026,18:43:33,20.89,7.55,12.92,,,
stress-ng --cpu 2 --cpu-load 42 --quiet --timeout 60s,21,4/24/2026,18:43:34,21.97,7.55,13.02,,,
stress-ng --cpu 2 --cpu-load 42 --quiet --timeout 60s,21,4/24/2026,18:43:35,21.78,7.55,13.02,,,
stress-ng --cpu 2 --cpu-load 42 --quiet --timeout 60s,21,4/24/2026,18:43:36,21.89,7.55,13.08,,,
stress-ng --cpu 2 --cpu-load 42 --quiet --timeout 60s,21,4/24/2026,18:43:37,21.33,7.55,13.37,,,
stress-ng --cpu 2 --cpu-load 42 --quiet --timeout 60s,21,4/24/2026,18:43:38,21.23,7.55,13.37,,,
stress-ng --cpu 2 --cpu-load 42 --quiet --timeout 60s,21,4/24/2026,18:43:39,21.92,7.55,12.9,,,
stress-ng --cpu 2 --cpu-load 42 --quiet --timeout 60s,21,4/24/2026,18:43:40,22.9,7.55,12.72,,,
stress-ng --cpu 2 --cpu-load 42 --quiet --timeout 60s,21,4/24/2026,18:43:41,20.14,7.55,12.72,,,
stress-ng --cpu 2 --cpu-load 42 --quiet --timeout 60s,21,4/24/2026,18:43:42,22.52,7.55,12.54,,,
stress-ng --cpu 2 --cpu-load 42 --quiet --timeout 60s,21,4/24/2026,18:43:43,21.09,7.55,12.81,,,
stress-ng --cpu 2 --cpu-load 42 --quiet --timeout 60s,21,4/24/2026,18:43:44,22.3,7.55,12.81,,,
stress-ng --cpu 2 --cpu-load 42 --quiet --timeout 60s,21,4/24/2026,18:43:45,21.53,7.55,12.94,,,
stress-ng --cpu 2 --cpu-load 42 --quiet --timeout 60s,21,4/24/2026,18:43:46,22.82,7.55,12.57,,,
stress-ng --cpu 2 --cpu-load 42 --quiet --timeout 60s,21,4/24/2026,18:43:47,21.14,7.55,12.57,,,
stress-ng --cpu 2 --cpu-load 42 --quiet --timeout 60s,21,4/24/2026,18:43:48,21.53,7.55,12.59,,,
stress-ng --cpu 2 --cpu-load 44 --quiet --timeout 60s,22,4/23/2026,22:22:00,1.47,6.6,9.24,,,
stress-ng --cpu 2 --cpu-load 44 --quiet --timeout 60s,22,4/23/2026,22:22:01,19.01,6.62,9.32,,,
stress-ng --cpu 2 --cpu-load 44 --quiet --timeout 60s,22,4/23/2026,22:22:02,23.45,6.62,11.92,,,
stress-ng --cpu 2 --cpu-load 44 --quiet --timeout 60s,22,4/23/2026,22:22:03,23.76,6.62,11.92,,,
stress-ng --cpu 2 --cpu-load 44 --quiet --timeout 60s,22,4/23/2026,22:22:04,21.64,6.62,13.89,,,
stress-ng --cpu 2 --cpu-load 44 --quiet --timeout 60s,22,4/23/2026,22:22:05,22.08,6.62,13.89,,,
stress-ng --cpu 2 --cpu-load 44 --quiet --timeout 60s,22,4/23/2026,22:22:06,23.63,6.62,13.16,,,
stress-ng --cpu 2 --cpu-load 44 --quiet --timeout 60s,22,4/23/2026,22:22:07,23.82,6.62,13.54,,,
stress-ng --cpu 2 --cpu-load 44 --quiet --timeout 60s,22,4/23/2026,22:22:08,21.39,6.62,13.54,,,
stress-ng --cpu 2 --cpu-load 44 --quiet --timeout 60s,22,4/23/2026,22:22:09,23.32,6.62,13.56,,,
stress-ng --cpu 2 --cpu-load 44 --quiet --timeout 60s,22,4/23/2026,22:22:10,22.13,6.62,13.27,,,
stress-ng --cpu 2 --cpu-load 44 --quiet --timeout 60s,22,4/23/2026,22:22:11,22.77,6.62,13.27,,,
stress-ng --cpu 2 --cpu-load 44 --quiet --timeout 60s,22,4/23/2026,22:22:12,22.33,6.62,13.5,,,
stress-ng --cpu 2 --cpu-load 44 --quiet --timeout 60s,22,4/23/2026,22:22:13,23.01,6.62,14,,,
stress-ng --cpu 2 --cpu-load 44 --quiet --timeout 60s,22,4/23/2026,22:22:14,23.13,6.62,14,,,
stress-ng --cpu 2 --cpu-load 44 --quiet --timeout 60s,22,4/23/2026,22:22:15,22.52,6.62,13.93,,,
stress-ng --cpu 2 --cpu-load 44 --quiet --timeout 60s,22,4/23/2026,22:22:16,22.9,6.62,13.25,,,
stress-ng --cpu 2 --cpu-load 44 --quiet --timeout 60s,22,4/23/2026,22:22:17,22.96,6.62,13.25,,,
stress-ng --cpu 2 --cpu-load 44 --quiet --timeout 60s,22,4/23/2026,22:22:18,22.71,6.62,13.75,,,
stress-ng --cpu 2 --cpu-load 44 --quiet --timeout 60s,22,4/23/2026,22:22:19,23.69,6.62,13.74,,,
stress-ng --cpu 2 --cpu-load 44 --quiet --timeout 60s,22,4/23/2026,22:22:20,21.33,6.62,13.74,,,
stress-ng --cpu 2 --cpu-load 44 --quiet --timeout 60s,22,4/23/2026,22:22:21,23.76,6.62,13.04,,,
stress-ng --cpu 2 --cpu-load 44 --quiet --timeout 60s,22,4/23/2026,22:22:22,22.19,6.63,13.84,,,
stress-ng --cpu 2 --cpu-load 44 --quiet --timeout 60s,22,4/23/2026,22:22:23,22.66,6.63,13.84,,,
stress-ng --cpu 2 --cpu-load 44 --quiet --timeout 60s,22,4/23/2026,22:22:24,23.34,6.63,13.73,,,
stress-ng --cpu 2 --cpu-load 44 --quiet --timeout 60s,22,4/23/2026,22:22:25,23.45,6.63,13.39,,,
stress-ng --cpu 2 --cpu-load 44 --quiet --timeout 60s,22,4/23/2026,22:22:26,21.09,6.63,13.39,,,
stress-ng --cpu 2 --cpu-load 44 --quiet --timeout 60s,22,4/23/2026,22:22:27,24.38,6.63,13.2,,,
stress-ng --cpu 2 --cpu-load 44 --quiet --timeout 60s,22,4/23/2026,22:22:28,22.13,6.63,13.43,,,
stress-ng --cpu 2 --cpu-load 44 --quiet --timeout 60s,22,4/23/2026,22:22:29,22.08,6.63,13.43,,,
stress-ng --cpu 2 --cpu-load 44 --quiet --timeout 60s,22,4/23/2026,22:22:30,22.96,6.63,13.34,,,
stress-ng --cpu 2 --cpu-load 44 --quiet --timeout 60s,22,4/23/2026,22:22:31,23.07,6.63,13.82,,,
stress-ng --cpu 2 --cpu-load 44 --quiet --timeout 60s,22,4/23/2026,22:22:32,21.83,6.63,13.82,,,
stress-ng --cpu 2 --cpu-load 44 --quiet --timeout 60s,22,4/23/2026,22:22:33,22.63,6.63,14.13,,,
stress-ng --cpu 2 --cpu-load 44 --quiet --timeout 60s,22,4/23/2026,22:22:34,22.77,6.63,14.24,,,
stress-ng --cpu 2 --cpu-load 44 --quiet --timeout 60s,22,4/23/2026,22:22:35,23.76,6.63,14.24,,,
stress-ng --cpu 2 --cpu-load 44 --quiet --timeout 60s,22,4/23/2026,22:22:36,22.08,6.63,13.31,,,
stress-ng --cpu 2 --cpu-load 44 --quiet --timeout 60s,22,4/23/2026,22:22:37,23.76,6.63,13.14,,,
stress-ng --cpu 2 --cpu-load 44 --quiet --timeout 60s,22,4/23/2026,22:22:38,22.13,6.63,13.14,,,
stress-ng --cpu 2 --cpu-load 44 --quiet --timeout 60s,22,4/23/2026,22:22:39,23.38,6.63,13.79,,,
stress-ng --cpu 2 --cpu-load 44 --quiet --timeout 60s,22,4/23/2026,22:22:40,22.44,6.63,13.94,,,
stress-ng --cpu 2 --cpu-load 44 --quiet --timeout 60s,22,4/23/2026,22:22:41,23.32,6.63,13.94,,,
stress-ng --cpu 2 --cpu-load 44 --quiet --timeout 60s,22,4/23/2026,22:22:42,22.755,6.63,12.99,,,
stress-ng --cpu 2 --cpu-load 44 --quiet --timeout 60s,22,4/23/2026,22:22:43,22.19,6.63,13.74,,,
stress-ng --cpu 2 --cpu-load 44 --quiet --timeout 60s,22,4/23/2026,22:22:44,22.52,6.63,13.74,,,
stress-ng --cpu 2 --cpu-load 44 --quiet --timeout 60s,22,4/23/2026,22:22:45,21.33,6.63,14.06,,,
stress-ng --cpu 2 --cpu-load 44 --quiet --timeout 60s,22,4/23/2026,22:22:46,23.82,6.63,13.34,,,
stress-ng --cpu 2 --cpu-load 44 --quiet --timeout 60s,22,4/23/2026,22:22:47,22.13,6.63,13.34,,,
stress-ng --cpu 2 --cpu-load 44 --quiet --timeout 60s,22,4/23/2026,22:22:48,22.66,6.63,13.81,,,
stress-ng --cpu 2 --cpu-load 44 --quiet --timeout 60s,22,4/23/2026,22:22:49,23.34,6.63,14.1,,,
stress-ng --cpu 2 --cpu-load 44 --quiet --timeout 60s,22,4/23/2026,22:22:50,22.98,6.63,14.1,,,
stress-ng --cpu 2 --cpu-load 44 --quiet --timeout 60s,22,4/23/2026,22:22:51,22.71,6.63,13.78,,,
stress-ng --cpu 2 --cpu-load 44 --quiet --timeout 60s,22,4/23/2026,22:22:52,22.77,6.63,13.3,,,
stress-ng --cpu 2 --cpu-load 44 --quiet --timeout 60s,22,4/23/2026,22:22:53,24.12,6.63,13.3,,,
stress-ng --cpu 2 --cpu-load 44 --quiet --timeout 60s,22,4/23/2026,22:22:54,21.58,6.63,13.83,,,
stress-ng --cpu 2 --cpu-load 44 --quiet --timeout 60s,22,4/23/2026,22:22:55,22.58,6.63,13.61,,,
stress-ng --cpu 2 --cpu-load 44 --quiet --timeout 60s,22,4/23/2026,22:22:56,24,6.63,13.61,,,
stress-ng --cpu 2 --cpu-load 44 --quiet --timeout 60s,22,4/23/2026,22:22:57,21.58,6.63,13.8,,,
stress-ng --cpu 2 --cpu-load 44 --quiet --timeout 60s,22,4/23/2026,22:22:58,22.9,6.63,13.46,,,
stress-ng --cpu 2 --cpu-load 44 --quiet --timeout 60s,22,4/23/2026,22:22:59,23.39,6.63,13.46,,,
stress-ng --cpu 2 --cpu-load 44 --quiet --timeout 60s,22,4/23/2026,22:23:00,23.39,6.63,13.66,,,
stress-ng --cpu 2 --cpu-load 44 --quiet --timeout 60s,22,4/24/2026,4:40:13,1.46,7.01,9.25,,,
stress-ng --cpu 2 --cpu-load 44 --quiet --timeout 60s,22,4/24/2026,4:40:14,23.03,7.03,9.15,,,
stress-ng --cpu 2 --cpu-load 44 --quiet --timeout 60s,22,4/24/2026,4:40:15,23.82,7.04,12.11,,,
stress-ng --cpu 2 --cpu-load 44 --quiet --timeout 60s,22,4/24/2026,4:40:16,21.83,7.04,12.11,,,
stress-ng --cpu 2 --cpu-load 44 --quiet --timeout 60s,22,4/24/2026,4:40:17,22.88,7.04,13.46,,,
stress-ng --cpu 2 --cpu-load 44 --quiet --timeout 60s,22,4/24/2026,4:40:18,22.58,7.04,13.46,,,
stress-ng --cpu 2 --cpu-load 44 --quiet --timeout 60s,22,4/24/2026,4:40:19,22.08,7.04,13.47,,,
stress-ng --cpu 2 --cpu-load 44 --quiet --timeout 60s,22,4/24/2026,4:40:20,24.38,7.04,13.24,,,
stress-ng --cpu 2 --cpu-load 44 --quiet --timeout 60s,22,4/24/2026,4:40:21,21.94,7.04,13.24,,,
stress-ng --cpu 2 --cpu-load 44 --quiet --timeout 60s,22,4/24/2026,4:40:22,23.45,7.04,13.55,,,
stress-ng --cpu 2 --cpu-load 44 --quiet --timeout 60s,22,4/24/2026,4:40:23,22.69,7.04,13.56,,,
stress-ng --cpu 2 --cpu-load 44 --quiet --timeout 60s,22,4/24/2026,4:40:24,22.52,7.04,13.56,,,
stress-ng --cpu 2 --cpu-load 44 --quiet --timeout 60s,22,4/24/2026,4:40:25,22.08,7.04,13.89,,,
stress-ng --cpu 2 --cpu-load 44 --quiet --timeout 60s,22,4/24/2026,4:40:26,23.88,7.04,13.71,,,
stress-ng --cpu 2 --cpu-load 44 --quiet --timeout 60s,22,4/24/2026,4:40:27,22.02,7.04,13.71,,,
stress-ng --cpu 2 --cpu-load 44 --quiet --timeout 60s,22,4/24/2026,4:40:28,23.01,7.04,13.52,,,
stress-ng --cpu 2 --cpu-load 44 --quiet --timeout 60s,22,4/24/2026,4:40:29,23.63,7.04,13.51,,,
stress-ng --cpu 2 --cpu-load 44 --quiet --timeout 60s,22,4/24/2026,4:40:30,21.03,7.04,13.51,,,
stress-ng --cpu 2 --cpu-load 44 --quiet --timeout 60s,22,4/24/2026,4:40:31,23.45,7.04,13.93,,,
stress-ng --cpu 2 --cpu-load 44 --quiet --timeout 60s,22,4/24/2026,4:40:32,22.66,7.04,13.6,,,
stress-ng --cpu 2 --cpu-load 44 --quiet --timeout 60s,22,4/24/2026,4:40:33,22.58,7.04,13.6,,,
stress-ng --cpu 2 --cpu-load 44 --quiet --timeout 60s,22,4/24/2026,4:40:34,24.06,7.04,13.69,,,
stress-ng --cpu 2 --cpu-load 44 --quiet --timeout 60s,22,4/24/2026,4:40:35,21.83,7.04,13.58,,,
stress-ng --cpu 2 --cpu-load 44 --quiet --timeout 60s,22,4/24/2026,4:40:36,22.77,7.04,14.25,,,
stress-ng --cpu 2 --cpu-load 44 --quiet --timeout 60s,22,4/24/2026,4:40:37,24.44,7.04,14.25,,,
stress-ng --cpu 2 --cpu-load 44 --quiet --timeout 60s,22,4/24/2026,4:40:38,21.89,7.04,13.84,,,
stress-ng --cpu 2 --cpu-load 44 --quiet --timeout 60s,22,4/24/2026,4:40:39,22.63,7.04,13.84,,,
stress-ng --cpu 2 --cpu-load 44 --quiet --timeout 60s,22,4/24/2026,4:40:40,22.44,7.04,13.2,,,
stress-ng --cpu 2 --cpu-load 44 --quiet --timeout 60s,22,4/24/2026,4:40:41,22.58,7.04,13.5,,,
stress-ng --cpu 2 --cpu-load 44 --quiet --timeout 60s,22,4/24/2026,4:40:42,23.38,7.04,13.5,,,
stress-ng --cpu 2 --cpu-load 44 --quiet --timeout 60s,22,4/24/2026,4:40:43,21.89,7.04,13.44,,,
stress-ng --cpu 2 --cpu-load 44 --quiet --timeout 60s,22,4/24/2026,4:40:44,22.33,7.04,13.18,,,
stress-ng --cpu 2 --cpu-load 44 --quiet --timeout 60s,22,4/24/2026,4:40:45,22.58,7.04,13.18,,,
stress-ng --cpu 2 --cpu-load 44 --quiet --timeout 60s,22,4/24/2026,4:40:46,23.13,7.04,13.56,,,
stress-ng --cpu 2 --cpu-load 44 --quiet --timeout 60s,22,4/24/2026,4:40:47,22.38,7.04,13.88,,,
stress-ng --cpu 2 --cpu-load 44 --quiet --timeout 60s,22,4/24/2026,4:40:48,22.27,7.04,13.88,,,
stress-ng --cpu 2 --cpu-load 44 --quiet --timeout 60s,22,4/24/2026,4:40:49,22.82,7.04,13.65,,,
stress-ng --cpu 2 --cpu-load 44 --quiet --timeout 60s,22,4/24/2026,4:40:50,23.82,7.04,13.69,,,
stress-ng --cpu 2 --cpu-load 44 --quiet --timeout 60s,22,4/24/2026,4:40:51,21.53,7.04,13.69,,,
stress-ng --cpu 2 --cpu-load 44 --quiet --timeout 60s,22,4/24/2026,4:40:52,23.2,7.04,14.08,,,
stress-ng --cpu 2 --cpu-load 44 --quiet --timeout 60s,22,4/24/2026,4:40:53,23.39,7.04,13.76,,,
stress-ng --cpu 2 --cpu-load 44 --quiet --timeout 60s,22,4/24/2026,4:40:54,22.77,7.04,13.76,,,
stress-ng --cpu 2 --cpu-load 44 --quiet --timeout 60s,22,4/24/2026,4:40:55,22.94,7.04,14.12,,,
stress-ng --cpu 2 --cpu-load 44 --quiet --timeout 60s,22,4/24/2026,4:40:56,22.08,7.04,14.03,,,
stress-ng --cpu 2 --cpu-load 44 --quiet --timeout 60s,22,4/24/2026,4:40:57,22.7,7.04,14.03,,,
stress-ng --cpu 2 --cpu-load 44 --quiet --timeout 60s,22,4/24/2026,4:40:58,23.32,7.04,13.56,,,
stress-ng --cpu 2 --cpu-load 44 --quiet --timeout 60s,22,4/24/2026,4:40:59,21.78,7.04,13.48,,,
stress-ng --cpu 2 --cpu-load 44 --quiet --timeout 60s,22,4/24/2026,4:41:00,23.32,7.04,13.48,,,
stress-ng --cpu 2 --cpu-load 44 --quiet --timeout 60s,22,4/24/2026,4:41:01,23.13,7.04,14.16,,,
stress-ng --cpu 2 --cpu-load 44 --quiet --timeout 60s,22,4/24/2026,4:41:02,23.38,7.04,13.26,,,
stress-ng --cpu 2 --cpu-load 44 --quiet --timeout 60s,22,4/24/2026,4:41:03,21.53,7.04,13.26,,,
stress-ng --cpu 2 --cpu-load 44 --quiet --timeout 60s,22,4/24/2026,4:41:04,22.58,7.04,13.24,,,
stress-ng --cpu 2 --cpu-load 44 --quiet --timeout 60s,22,4/24/2026,4:41:05,22.63,7.04,13.27,,,
stress-ng --cpu 2 --cpu-load 44 --quiet --timeout 60s,22,4/24/2026,4:41:06,22.82,7.04,13.27,,,
stress-ng --cpu 2 --cpu-load 44 --quiet --timeout 60s,22,4/24/2026,4:41:07,22.66,7.04,13.89,,,
stress-ng --cpu 2 --cpu-load 44 --quiet --timeout 60s,22,4/24/2026,4:41:08,22.52,7.04,13.62,,,
stress-ng --cpu 2 --cpu-load 44 --quiet --timeout 60s,22,4/24/2026,4:41:09,22.88,7.04,13.62,,,
stress-ng --cpu 2 --cpu-load 44 --quiet --timeout 60s,22,4/24/2026,4:41:10,22.58,7.04,13.5,,,
stress-ng --cpu 2 --cpu-load 44 --quiet --timeout 60s,22,4/24/2026,4:41:11,23.89,7.04,13.98,,,
stress-ng --cpu 2 --cpu-load 44 --quiet --timeout 60s,22,4/24/2026,4:41:12,22.63,7.04,13.95,,,
stress-ng --cpu 2 --cpu-load 44 --quiet --timeout 60s,22,4/24/2026,4:41:13,22.52,7.04,13.51,,,
stress-ng --cpu 2 --cpu-load 44 --quiet --timeout 60s,22,4/24/2026,13:04:34,12.83,7.59,9.07,,,
stress-ng --cpu 2 --cpu-load 44 --quiet --timeout 60s,22,4/24/2026,13:04:35,24,7.59,11.55,,,
stress-ng --cpu 2 --cpu-load 44 --quiet --timeout 60s,22,4/24/2026,13:04:36,22.52,7.59,11.55,,,
stress-ng --cpu 2 --cpu-load 44 --quiet --timeout 60s,22,4/24/2026,13:04:37,22.52,7.59,11.55,,,
stress-ng --cpu 2 --cpu-load 44 --quiet --timeout 60s,22,4/24/2026,13:04:38,22.52,7.59,14.34,,,
stress-ng --cpu 2 --cpu-load 44 --quiet --timeout 60s,22,4/24/2026,13:04:39,23.88,7.59,13.51,,,
stress-ng --cpu 2 --cpu-load 44 --quiet --timeout 60s,22,4/24/2026,13:04:40,21.83,7.59,13.51,,,
stress-ng --cpu 2 --cpu-load 44 --quiet --timeout 60s,22,4/24/2026,13:04:41,22.77,7.59,13.77,,,
stress-ng --cpu 2 --cpu-load 44 --quiet --timeout 60s,22,4/24/2026,13:04:42,23.76,7.59,13.44,,,
stress-ng --cpu 2 --cpu-load 44 --quiet --timeout 60s,22,4/24/2026,13:04:43,21.64,7.59,13.44,,,
stress-ng --cpu 2 --cpu-load 44 --quiet --timeout 60s,22,4/24/2026,13:04:44,22.96,7.59,13.23,,,
stress-ng --cpu 2 --cpu-load 44 --quiet --timeout 60s,22,4/24/2026,13:04:45,23.045,7.59,13.5,,,
stress-ng --cpu 2 --cpu-load 44 --quiet --timeout 60s,22,4/24/2026,13:04:46,23.13,7.59,13.5,,,
stress-ng --cpu 2 --cpu-load 44 --quiet --timeout 60s,22,4/24/2026,13:04:47,23.32,7.59,14,,,
stress-ng --cpu 2 --cpu-load 44 --quiet --timeout 60s,22,4/24/2026,13:04:48,23.01,7.59,13.33,,,
stress-ng --cpu 2 --cpu-load 44 --quiet --timeout 60s,22,4/24/2026,13:04:49,22.69,7.59,13.33,,,
stress-ng --cpu 2 --cpu-load 44 --quiet --timeout 60s,22,4/24/2026,13:04:50,22.77,7.59,13.53,,,
stress-ng --cpu 2 --cpu-load 44 --quiet --timeout 60s,22,4/24/2026,13:04:51,22.58,7.59,13.3,,,
stress-ng --cpu 2 --cpu-load 44 --quiet --timeout 60s,22,4/24/2026,13:04:52,21.44,7.59,13.3,,,
stress-ng --cpu 2 --cpu-load 44 --quiet --timeout 60s,22,4/24/2026,13:04:53,23.07,7.59,14.4,,,
stress-ng --cpu 2 --cpu-load 44 --quiet --timeout 60s,22,4/24/2026,13:04:54,23.32,7.59,13.34,,,
stress-ng --cpu 2 --cpu-load 44 --quiet --timeout 60s,22,4/24/2026,13:04:55,22.58,7.59,13.34,,,
stress-ng --cpu 2 --cpu-load 44 --quiet --timeout 60s,22,4/24/2026,13:04:56,22.38,7.59,13.68,,,
stress-ng --cpu 2 --cpu-load 44 --quiet --timeout 60s,22,4/24/2026,13:04:57,23.32,7.59,14.23,,,
stress-ng --cpu 2 --cpu-load 44 --quiet --timeout 60s,22,4/24/2026,13:04:58,22.13,7.59,14.23,,,
stress-ng --cpu 2 --cpu-load 44 --quiet --timeout 60s,22,4/24/2026,13:04:59,23.63,7.59,13.19,,,
stress-ng --cpu 2 --cpu-load 44 --quiet --timeout 60s,22,4/24/2026,13:05:00,21.89,7.59,13.18,,,
stress-ng --cpu 2 --cpu-load 44 --quiet --timeout 60s,22,4/24/2026,13:05:01,22.27,7.59,13.18,,,
stress-ng --cpu 2 --cpu-load 44 --quiet --timeout 60s,22,4/24/2026,13:05:02,22.63,7.59,13.61,,,
stress-ng --cpu 2 --cpu-load 44 --quiet --timeout 60s,22,4/24/2026,13:05:03,23.2,7.59,13.46,,,
stress-ng --cpu 2 --cpu-load 44 --quiet --timeout 60s,22,4/24/2026,13:05:04,23.82,7.59,13.46,,,
stress-ng --cpu 2 --cpu-load 44 --quiet --timeout 60s,22,4/24/2026,13:05:05,23.01,7.59,14.21,,,
stress-ng --cpu 2 --cpu-load 44 --quiet --timeout 60s,22,4/24/2026,13:05:06,21.33,7.59,13.66,,,
stress-ng --cpu 2 --cpu-load 44 --quiet --timeout 60s,22,4/24/2026,13:05:07,23.76,7.59,13.66,,,
stress-ng --cpu 2 --cpu-load 44 --quiet --timeout 60s,22,4/24/2026,13:05:08,23.01,7.59,13.9,,,
stress-ng --cpu 2 --cpu-load 44 --quiet --timeout 60s,22,4/24/2026,13:05:09,22.63,7.59,13.37,,,
stress-ng --cpu 2 --cpu-load 44 --quiet --timeout 60s,22,4/24/2026,13:05:10,21.83,7.59,13.37,,,
stress-ng --cpu 2 --cpu-load 44 --quiet --timeout 60s,22,4/24/2026,13:05:11,23.82,7.59,13.5,,,
stress-ng --cpu 2 --cpu-load 44 --quiet --timeout 60s,22,4/24/2026,13:05:12,22.13,7.59,13.91,,,
stress-ng --cpu 2 --cpu-load 44 --quiet --timeout 60s,22,4/24/2026,13:05:13,22.08,7.59,13.91,,,
stress-ng --cpu 2 --cpu-load 44 --quiet --timeout 60s,22,4/24/2026,13:05:14,24.62,7.59,13.96,,,
stress-ng --cpu 2 --cpu-load 44 --quiet --timeout 60s,22,4/24/2026,13:05:15,21.39,7.59,13.89,,,
stress-ng --cpu 2 --cpu-load 44 --quiet --timeout 60s,22,4/24/2026,13:05:16,22.82,7.59,13.89,,,
stress-ng --cpu 2 --cpu-load 44 --quiet --timeout 60s,22,4/24/2026,13:05:17,21.89,7.58,13.6,,,
stress-ng --cpu 2 --cpu-load 44 --quiet --timeout 60s,22,4/24/2026,13:05:18,23.38,7.59,13.34,,,
stress-ng --cpu 2 --cpu-load 44 --quiet --timeout 60s,22,4/24/2026,13:05:19,22.96,7.59,13.34,,,
stress-ng --cpu 2 --cpu-load 44 --quiet --timeout 60s,22,4/24/2026,13:05:20,23.19,7.59,13.27,,,
stress-ng --cpu 2 --cpu-load 44 --quiet --timeout 60s,22,4/24/2026,13:05:21,22.33,7.58,13.33,,,
stress-ng --cpu 2 --cpu-load 44 --quiet --timeout 60s,22,4/24/2026,13:05:22,22.82,7.58,13.33,,,
stress-ng --cpu 2 --cpu-load 44 --quiet --timeout 60s,22,4/24/2026,13:05:23,22.58,7.59,13.67,,,
stress-ng --cpu 2 --cpu-load 44 --quiet --timeout 60s,22,4/24/2026,13:05:24,22.02,7.59,13.57,,,
stress-ng --cpu 2 --cpu-load 44 --quiet --timeout 60s,22,4/24/2026,13:05:25,24.06,7.59,13.57,,,
stress-ng --cpu 2 --cpu-load 44 --quiet --timeout 60s,22,4/24/2026,13:05:26,22.19,7.58,13.74,,,
stress-ng --cpu 2 --cpu-load 44 --quiet --timeout 60s,22,4/24/2026,13:05:27,23.13,7.58,13.66,,,
stress-ng --cpu 2 --cpu-load 44 --quiet --timeout 60s,22,4/24/2026,13:05:28,21.33,7.58,13.66,,,
stress-ng --cpu 2 --cpu-load 44 --quiet --timeout 60s,22,4/24/2026,13:05:29,23.19,7.59,13.39,,,
stress-ng --cpu 2 --cpu-load 44 --quiet --timeout 60s,22,4/24/2026,13:05:30,22.77,7.59,13.65,,,
stress-ng --cpu 2 --cpu-load 44 --quiet --timeout 60s,22,4/24/2026,13:05:31,22.58,7.59,13.65,,,
stress-ng --cpu 2 --cpu-load 44 --quiet --timeout 60s,22,4/24/2026,13:05:32,22.08,7.58,13.79,,,
stress-ng --cpu 2 --cpu-load 44 --quiet --timeout 60s,22,4/24/2026,13:05:33,23.26,7.58,13.78,,,
stress-ng --cpu 2 --cpu-load 44 --quiet --timeout 60s,22,4/24/2026,13:05:34,23.26,7.57,13.78,,,
stress-ng --cpu 2 --cpu-load 46 --quiet --timeout 60s,23,4/24/2026,0:50:05,1.47,6.6,9.02,,,
stress-ng --cpu 2 --cpu-load 46 --quiet --timeout 60s,23,4/24/2026,0:50:06,14.74,6.61,11.54,,,
stress-ng --cpu 2 --cpu-load 46 --quiet --timeout 60s,23,4/24/2026,0:50:07,23.63,6.61,11.54,,,
stress-ng --cpu 2 --cpu-load 46 --quiet --timeout 60s,23,4/24/2026,0:50:08,24.06,6.61,11.54,,,
stress-ng --cpu 2 --cpu-load 46 --quiet --timeout 60s,23,4/24/2026,0:50:09,22.88,6.61,14.75,,,
stress-ng --cpu 2 --cpu-load 46 --quiet --timeout 60s,23,4/24/2026,0:50:10,24.62,6.61,14.8,,,
stress-ng --cpu 2 --cpu-load 46 --quiet --timeout 60s,23,4/24/2026,0:50:11,22.82,6.61,14.8,,,
stress-ng --cpu 2 --cpu-load 46 --quiet --timeout 60s,23,4/24/2026,0:50:12,24.31,6.61,14.59,,,
stress-ng --cpu 2 --cpu-load 46 --quiet --timeout 60s,23,4/24/2026,0:50:13,23.57,6.61,13.52,,,
stress-ng --cpu 2 --cpu-load 46 --quiet --timeout 60s,23,4/24/2026,0:50:14,23.95,6.61,13.52,,,
stress-ng --cpu 2 --cpu-load 46 --quiet --timeout 60s,23,4/24/2026,0:50:15,24.18,6.61,14.82,,,
stress-ng --cpu 2 --cpu-load 46 --quiet --timeout 60s,23,4/24/2026,0:50:16,22.58,6.61,14.32,,,
stress-ng --cpu 2 --cpu-load 46 --quiet --timeout 60s,23,4/24/2026,0:50:17,23.88,6.61,14.32,,,
stress-ng --cpu 2 --cpu-load 46 --quiet --timeout 60s,23,4/24/2026,0:50:18,24.12,6.61,14.62,,,
stress-ng --cpu 2 --cpu-load 46 --quiet --timeout 60s,23,4/24/2026,0:50:19,23.57,6.61,14.12,,,
stress-ng --cpu 2 --cpu-load 46 --quiet --timeout 60s,23,4/24/2026,0:50:20,24.12,6.61,14.12,,,
stress-ng --cpu 2 --cpu-load 46 --quiet --timeout 60s,23,4/24/2026,0:50:21,23.76,6.61,14.68,,,
stress-ng --cpu 2 --cpu-load 46 --quiet --timeout 60s,23,4/24/2026,0:50:22,22.25,6.61,13.19,,,
stress-ng --cpu 2 --cpu-load 46 --quiet --timeout 60s,23,4/24/2026,0:50:23,24.5,6.61,13.19,,,
stress-ng --cpu 2 --cpu-load 46 --quiet --timeout 60s,23,4/24/2026,0:50:24,23.57,6.61,15.05,,,
stress-ng --cpu 2 --cpu-load 46 --quiet --timeout 60s,23,4/24/2026,0:50:25,23.19,6.61,14.6,,,
stress-ng --cpu 2 --cpu-load 46 --quiet --timeout 60s,23,4/24/2026,0:50:26,23.63,6.61,14.85,,,
stress-ng --cpu 2 --cpu-load 46 --quiet --timeout 60s,23,4/24/2026,0:50:27,23.38,6.61,14.85,,,
stress-ng --cpu 2 --cpu-load 46 --quiet --timeout 60s,23,4/24/2026,0:50:28,24.06,6.61,14.55,,,
stress-ng --cpu 2 --cpu-load 46 --quiet --timeout 60s,23,4/24/2026,0:50:29,23.94,6.61,14.55,,,
stress-ng --cpu 2 --cpu-load 46 --quiet --timeout 60s,23,4/24/2026,0:50:30,24.12,6.61,14.41,,,
stress-ng --cpu 2 --cpu-load 46 --quiet --timeout 60s,23,4/24/2026,0:50:31,23.13,6.61,14.05,,,
stress-ng --cpu 2 --cpu-load 46 --quiet --timeout 60s,23,4/24/2026,0:50:32,24.06,6.61,14.05,,,
stress-ng --cpu 2 --cpu-load 46 --quiet --timeout 60s,23,4/24/2026,0:50:33,23.82,6.61,14.21,,,
stress-ng --cpu 2 --cpu-load 46 --quiet --timeout 60s,23,4/24/2026,0:50:34,23.32,6.61,13.83,,,
stress-ng --cpu 2 --cpu-load 46 --quiet --timeout 60s,23,4/24/2026,0:50:35,23.5,6.61,13.83,,,
stress-ng --cpu 2 --cpu-load 46 --quiet --timeout 60s,23,4/24/2026,0:50:36,23.76,6.61,15.58,,,
stress-ng --cpu 2 --cpu-load 46 --quiet --timeout 60s,23,4/24/2026,0:50:37,24.06,6.61,14.99,,,
stress-ng --cpu 2 --cpu-load 46 --quiet --timeout 60s,23,4/24/2026,0:50:38,22.63,6.61,14.41,,,
stress-ng --cpu 2 --cpu-load 46 --quiet --timeout 60s,23,4/24/2026,0:50:39,24.12,6.61,14.39,,,
stress-ng --cpu 2 --cpu-load 46 --quiet --timeout 60s,23,4/24/2026,0:50:40,24.06,6.61,14.39,,,
stress-ng --cpu 2 --cpu-load 46 --quiet --timeout 60s,23,4/24/2026,0:50:41,22.88,6.61,14.67,,,
stress-ng --cpu 2 --cpu-load 46 --quiet --timeout 60s,23,4/24/2026,0:50:42,23.26,6.61,14.4,,,
stress-ng --cpu 2 --cpu-load 46 --quiet --timeout 60s,23,4/24/2026,0:50:43,24.12,6.61,14.4,,,
stress-ng --cpu 2 --cpu-load 46 --quiet --timeout 60s,23,4/24/2026,0:50:44,23.32,6.61,14.73,,,
stress-ng --cpu 2 --cpu-load 46 --quiet --timeout 60s,23,4/24/2026,0:50:45,23.94,6.61,14.62,,,
stress-ng --cpu 2 --cpu-load 46 --quiet --timeout 60s,23,4/24/2026,0:50:46,23.82,6.61,14.62,,,
stress-ng --cpu 2 --cpu-load 46 --quiet --timeout 60s,23,4/24/2026,0:50:47,22.63,6.61,14.16,,,
stress-ng --cpu 2 --cpu-load 46 --quiet --timeout 60s,23,4/24/2026,0:50:48,23.7,6.61,14.82,,,
stress-ng --cpu 2 --cpu-load 46 --quiet --timeout 60s,23,4/24/2026,0:50:49,25.06,6.61,14.82,,,
stress-ng --cpu 2 --cpu-load 46 --quiet --timeout 60s,23,4/24/2026,0:50:50,23.2,6.61,14.68,,,
stress-ng --cpu 2 --cpu-load 46 --quiet --timeout 60s,23,4/24/2026,0:50:51,23.07,6.61,13.55,,,
stress-ng --cpu 2 --cpu-load 46 --quiet --timeout 60s,23,4/24/2026,0:50:52,25,6.61,13.55,,,
stress-ng --cpu 2 --cpu-load 46 --quiet --timeout 60s,23,4/24/2026,0:50:53,23.32,6.61,14.19,,,
stress-ng --cpu 2 --cpu-load 46 --quiet --timeout 60s,23,4/24/2026,0:50:54,23.76,6.61,14.86,,,
stress-ng --cpu 2 --cpu-load 46 --quiet --timeout 60s,23,4/24/2026,0:50:55,24.38,6.61,14.86,,,
stress-ng --cpu 2 --cpu-load 46 --quiet --timeout 60s,23,4/24/2026,0:50:56,23.13,6.61,14.25,,,
stress-ng --cpu 2 --cpu-load 46 --quiet --timeout 60s,23,4/24/2026,0:50:57,24.31,6.61,14.68,,,
stress-ng --cpu 2 --cpu-load 46 --quiet --timeout 60s,23,4/24/2026,0:50:58,22.82,6.61,14.68,,,
stress-ng --cpu 2 --cpu-load 46 --quiet --timeout 60s,23,4/24/2026,0:50:59,23.7,6.61,14.33,,,
stress-ng --cpu 2 --cpu-load 46 --quiet --timeout 60s,23,4/24/2026,0:51:00,23.82,6.61,14,,,
stress-ng --cpu 2 --cpu-load 46 --quiet --timeout 60s,23,4/24/2026,0:51:01,23.82,6.61,14,,,
stress-ng --cpu 2 --cpu-load 46 --quiet --timeout 60s,23,4/24/2026,0:51:02,23.51,6.61,14.05,,,
stress-ng --cpu 2 --cpu-load 46 --quiet --timeout 60s,23,4/24/2026,0:51:03,24,6.61,14.54,,,
stress-ng --cpu 2 --cpu-load 46 --quiet --timeout 60s,23,4/24/2026,0:51:04,24.31,6.61,14.54,,,
stress-ng --cpu 2 --cpu-load 46 --quiet --timeout 60s,23,4/24/2026,0:51:05,23.63,6.62,14.34,,,
stress-ng --cpu 2 --cpu-load 46 --quiet --timeout 60s,23,4/24/2026,9:54:26,1.22,7.03,8.96,,,
stress-ng --cpu 2 --cpu-load 46 --quiet --timeout 60s,23,4/24/2026,9:54:27,23.58,7.05,11.27,,,
stress-ng --cpu 2 --cpu-load 46 --quiet --timeout 60s,23,4/24/2026,9:54:28,24.06,7.05,11.27,,,
stress-ng --cpu 2 --cpu-load 46 --quiet --timeout 60s,23,4/24/2026,9:54:29,24.62,7.05,14.1,,,
stress-ng --cpu 2 --cpu-load 46 --quiet --timeout 60s,23,4/24/2026,9:54:30,23.82,7.05,14.02,,,
stress-ng --cpu 2 --cpu-load 46 --quiet --timeout 60s,23,4/24/2026,9:54:31,22.38,7.05,14.02,,,
stress-ng --cpu 2 --cpu-load 46 --quiet --timeout 60s,23,4/24/2026,9:54:32,23.95,7.05,13.67,,,
stress-ng --cpu 2 --cpu-load 46 --quiet --timeout 60s,23,4/24/2026,9:54:33,25,7.05,14.65,,,
stress-ng --cpu 2 --cpu-load 46 --quiet --timeout 60s,23,4/24/2026,9:54:34,23.13,7.05,14.65,,,
stress-ng --cpu 2 --cpu-load 46 --quiet --timeout 60s,23,4/24/2026,9:54:35,23.32,7.05,14.14,,,
stress-ng --cpu 2 --cpu-load 46 --quiet --timeout 60s,23,4/24/2026,9:54:36,23.45,7.05,14.1,,,
stress-ng --cpu 2 --cpu-load 46 --quiet --timeout 60s,23,4/24/2026,9:54:37,25,7.05,14.1,,,
stress-ng --cpu 2 --cpu-load 46 --quiet --timeout 60s,23,4/24/2026,9:54:38,23.19,7.05,13.78,,,
stress-ng --cpu 2 --cpu-load 46 --quiet --timeout 60s,23,4/24/2026,9:54:39,22.82,7.05,14.41,,,
stress-ng --cpu 2 --cpu-load 46 --quiet --timeout 60s,23,4/24/2026,9:54:40,24.87,7.05,14.41,,,
stress-ng --cpu 2 --cpu-load 46 --quiet --timeout 60s,23,4/24/2026,9:54:41,23.07,7.05,13.82,,,
stress-ng --cpu 2 --cpu-load 46 --quiet --timeout 60s,23,4/24/2026,9:54:42,23.13,7.05,15.11,,,
stress-ng --cpu 2 --cpu-load 46 --quiet --timeout 60s,23,4/24/2026,9:54:43,23.32,7.05,15.11,,,
stress-ng --cpu 2 --cpu-load 46 --quiet --timeout 60s,23,4/24/2026,9:54:44,24.19,7.05,14.87,,,
stress-ng --cpu 2 --cpu-load 46 --quiet --timeout 60s,23,4/24/2026,9:54:45,24.62,7.05,14.63,,,
stress-ng --cpu 2 --cpu-load 46 --quiet --timeout 60s,23,4/24/2026,9:54:46,22.82,7.05,14.56,,,
stress-ng --cpu 2 --cpu-load 46 --quiet --timeout 60s,23,4/24/2026,9:54:47,24.12,7.05,14.56,,,
stress-ng --cpu 2 --cpu-load 46 --quiet --timeout 60s,23,4/24/2026,9:54:48,22.82,7.05,13.86,,,
stress-ng --cpu 2 --cpu-load 46 --quiet --timeout 60s,23,4/24/2026,9:54:49,23.83,7.05,14.9,,,
stress-ng --cpu 2 --cpu-load 46 --quiet --timeout 60s,23,4/24/2026,9:54:50,24.19,7.05,14.9,,,
stress-ng --cpu 2 --cpu-load 46 --quiet --timeout 60s,23,4/24/2026,9:54:51,23.38,7.05,13.26,,,
stress-ng --cpu 2 --cpu-load 46 --quiet --timeout 60s,23,4/24/2026,9:54:52,24.75,7.05,14.18,,,
stress-ng --cpu 2 --cpu-load 46 --quiet --timeout 60s,23,4/24/2026,9:54:53,23.57,7.05,14.18,,,
stress-ng --cpu 2 --cpu-load 46 --quiet --timeout 60s,23,4/24/2026,9:54:54,24.12,7.05,14.29,,,
stress-ng --cpu 2 --cpu-load 46 --quiet --timeout 60s,23,4/24/2026,9:54:55,22.13,7.05,14.51,,,
stress-ng --cpu 2 --cpu-load 46 --quiet --timeout 60s,23,4/24/2026,9:54:56,23.82,7.05,14.51,,,
stress-ng --cpu 2 --cpu-load 46 --quiet --timeout 60s,23,4/24/2026,9:54:57,24.31,7.05,14.29,,,
stress-ng --cpu 2 --cpu-load 46 --quiet --timeout 60s,23,4/24/2026,9:54:58,23.19,7.05,14.29,,,
stress-ng --cpu 2 --cpu-load 46 --quiet --timeout 60s,23,4/24/2026,9:54:59,24.25,7.05,14.29,,,
stress-ng --cpu 2 --cpu-load 46 --quiet --timeout 60s,23,4/24/2026,9:55:00,23.07,7.05,15.26,,,
stress-ng --cpu 2 --cpu-load 46 --quiet --timeout 60s,23,4/24/2026,9:55:01,23.82,7.05,15.22,,,
stress-ng --cpu 2 --cpu-load 46 --quiet --timeout 60s,23,4/24/2026,9:55:02,36.97,7.07,15.22,,,
stress-ng --cpu 2 --cpu-load 46 --quiet --timeout 60s,23,4/24/2026,9:55:03,23.63,7.07,19.3,,,
stress-ng --cpu 2 --cpu-load 46 --quiet --timeout 60s,23,4/24/2026,9:55:04,23.38,7.07,19.3,,,
stress-ng --cpu 2 --cpu-load 46 --quiet --timeout 60s,23,4/24/2026,9:55:05,23.76,7.07,19.3,,,
stress-ng --cpu 2 --cpu-load 46 --quiet --timeout 60s,23,4/24/2026,9:55:06,24.75,7.07,14.02,,,
stress-ng --cpu 2 --cpu-load 46 --quiet --timeout 60s,23,4/24/2026,9:55:07,22.88,7.07,14.04,,,
stress-ng --cpu 2 --cpu-load 46 --quiet --timeout 60s,23,4/24/2026,9:55:08,24.06,7.07,14.04,,,
stress-ng --cpu 2 --cpu-load 46 --quiet --timeout 60s,23,4/24/2026,9:55:09,24.06,7.07,14.09,,,
stress-ng --cpu 2 --cpu-load 46 --quiet --timeout 60s,23,4/24/2026,9:55:10,22.94,7.07,13.69,,,
stress-ng --cpu 2 --cpu-load 46 --quiet --timeout 60s,23,4/24/2026,9:55:11,23.89,7.07,13.69,,,
stress-ng --cpu 2 --cpu-load 46 --quiet --timeout 60s,23,4/24/2026,9:55:12,23.38,7.07,14.49,,,
stress-ng --cpu 2 --cpu-load 46 --quiet --timeout 60s,23,4/24/2026,9:55:13,24.31,7.07,15.1,,,
stress-ng --cpu 2 --cpu-load 46 --quiet --timeout 60s,23,4/24/2026,9:55:14,23.51,7.07,15.1,,,
stress-ng --cpu 2 --cpu-load 46 --quiet --timeout 60s,23,4/24/2026,9:55:15,23.88,7.07,15.67,,,
stress-ng --cpu 2 --cpu-load 46 --quiet --timeout 60s,23,4/24/2026,9:55:16,23.76,7.07,14.65,,,
stress-ng --cpu 2 --cpu-load 46 --quiet --timeout 60s,23,4/24/2026,9:55:17,25.43,7.07,14.65,,,
stress-ng --cpu 2 --cpu-load 46 --quiet --timeout 60s,23,4/24/2026,9:55:18,24.62,7.07,16.39,,,
stress-ng --cpu 2 --cpu-load 46 --quiet --timeout 60s,23,4/24/2026,9:55:19,23.44,7.07,16.39,,,
stress-ng --cpu 2 --cpu-load 46 --quiet --timeout 60s,23,4/24/2026,9:55:20,23.32,7.07,16.39,,,
stress-ng --cpu 2 --cpu-load 46 --quiet --timeout 60s,23,4/24/2026,9:55:21,24.25,7.07,14.57,,,
stress-ng --cpu 2 --cpu-load 46 --quiet --timeout 60s,23,4/24/2026,9:55:22,23.72,7.07,13.77,,,
stress-ng --cpu 2 --cpu-load 46 --quiet --timeout 60s,23,4/24/2026,9:55:23,23.19,7.07,14.27,,,
stress-ng --cpu 2 --cpu-load 46 --quiet --timeout 60s,23,4/24/2026,9:55:24,23.82,7.07,14.27,,,
stress-ng --cpu 2 --cpu-load 46 --quiet --timeout 60s,23,4/24/2026,9:55:25,23.57,7.07,14.6,,,
stress-ng --cpu 2 --cpu-load 46 --quiet --timeout 60s,23,4/24/2026,9:55:26,23.88,7.07,14.6,,,
stress-ng --cpu 2 --cpu-load 46 --quiet --timeout 60s,23,4/24/2026,18:08:47,5.92,7.55,9.02,,,
stress-ng --cpu 2 --cpu-load 46 --quiet --timeout 60s,23,4/24/2026,18:08:48,23.7,7.55,11.2,,,
stress-ng --cpu 2 --cpu-load 46 --quiet --timeout 60s,23,4/24/2026,18:08:49,23.63,7.56,11.2,,,
stress-ng --cpu 2 --cpu-load 46 --quiet --timeout 60s,23,4/24/2026,18:08:50,24.56,7.56,15.26,,,
stress-ng --cpu 2 --cpu-load 46 --quiet --timeout 60s,23,4/24/2026,18:08:51,22.82,7.56,15.26,,,
stress-ng --cpu 2 --cpu-load 46 --quiet --timeout 60s,23,4/24/2026,18:08:52,24.19,7.56,13.77,,,
stress-ng --cpu 2 --cpu-load 46 --quiet --timeout 60s,23,4/24/2026,18:08:53,22.96,7.56,14.19,,,
stress-ng --cpu 2 --cpu-load 46 --quiet --timeout 60s,23,4/24/2026,18:08:54,24.56,7.56,14.19,,,
stress-ng --cpu 2 --cpu-load 46 --quiet --timeout 60s,23,4/24/2026,18:08:55,24.06,7.56,13.55,,,
stress-ng --cpu 2 --cpu-load 46 --quiet --timeout 60s,23,4/24/2026,18:08:56,22.63,7.56,14.55,,,
stress-ng --cpu 2 --cpu-load 46 --quiet --timeout 60s,23,4/24/2026,18:08:57,24.18,7.56,14.55,,,
stress-ng --cpu 2 --cpu-load 46 --quiet --timeout 60s,23,4/24/2026,18:08:58,23.63,7.56,13.79,,,
stress-ng --cpu 2 --cpu-load 46 --quiet --timeout 60s,23,4/24/2026,18:08:59,23.57,7.56,14.89,,,
stress-ng --cpu 2 --cpu-load 46 --quiet --timeout 60s,23,4/24/2026,18:09:00,23.19,7.56,14.89,,,
stress-ng --cpu 2 --cpu-load 46 --quiet --timeout 60s,23,4/24/2026,18:09:01,23.76,7.56,14.39,,,
stress-ng --cpu 2 --cpu-load 46 --quiet --timeout 60s,23,4/24/2026,18:09:02,23.32,7.56,13.82,,,
stress-ng --cpu 2 --cpu-load 46 --quiet --timeout 60s,23,4/24/2026,18:09:03,22.94,7.56,13.82,,,
stress-ng --cpu 2 --cpu-load 46 --quiet --timeout 60s,23,4/24/2026,18:09:04,23.45,7.56,14.15,,,
stress-ng --cpu 2 --cpu-load 46 --quiet --timeout 60s,23,4/24/2026,18:09:05,23.57,7.56,14.52,,,
stress-ng --cpu 2 --cpu-load 46 --quiet --timeout 60s,23,4/24/2026,18:09:06,25.24,7.56,14.52,,,
stress-ng --cpu 2 --cpu-load 46 --quiet --timeout 60s,23,4/24/2026,18:09:07,22.58,7.56,13.88,,,
stress-ng --cpu 2 --cpu-load 46 --quiet --timeout 60s,23,4/24/2026,18:09:08,23.32,7.56,13.78,,,
stress-ng --cpu 2 --cpu-load 46 --quiet --timeout 60s,23,4/24/2026,18:09:09,24.06,7.56,14.88,,,
stress-ng --cpu 2 --cpu-load 46 --quiet --timeout 60s,23,4/24/2026,18:09:10,23.32,7.55,14.88,,,
stress-ng --cpu 2 --cpu-load 46 --quiet --timeout 60s,23,4/24/2026,18:09:11,24.31,7.55,14.29,,,
stress-ng --cpu 2 --cpu-load 46 --quiet --timeout 60s,23,4/24/2026,18:09:12,23.44,7.56,14.29,,,
stress-ng --cpu 2 --cpu-load 46 --quiet --timeout 60s,23,4/24/2026,18:09:13,23.82,7.55,14.45,,,
stress-ng --cpu 2 --cpu-load 46 --quiet --timeout 60s,23,4/24/2026,18:09:14,23.69,7.55,14.65,,,
stress-ng --cpu 2 --cpu-load 46 --quiet --timeout 60s,23,4/24/2026,18:09:15,22.52,7.55,14.65,,,
stress-ng --cpu 2 --cpu-load 46 --quiet --timeout 60s,23,4/24/2026,18:09:16,23.7,7.56,14.31,,,
stress-ng --cpu 2 --cpu-load 46 --quiet --timeout 60s,23,4/24/2026,18:09:17,23.88,7.56,13.82,,,
stress-ng --cpu 2 --cpu-load 46 --quiet --timeout 60s,23,4/24/2026,18:09:18,23.32,7.56,13.82,,,
stress-ng --cpu 2 --cpu-load 46 --quiet --timeout 60s,23,4/24/2026,18:09:19,24.69,7.56,13.93,,,
stress-ng --cpu 2 --cpu-load 46 --quiet --timeout 60s,23,4/24/2026,18:09:20,23.38,7.56,14.47,,,
stress-ng --cpu 2 --cpu-load 46 --quiet --timeout 60s,23,4/24/2026,18:09:21,23.07,7.56,14.47,,,
stress-ng --cpu 2 --cpu-load 46 --quiet --timeout 60s,23,4/24/2026,18:09:22,23.88,7.56,14.19,,,
stress-ng --cpu 2 --cpu-load 46 --quiet --timeout 60s,23,4/24/2026,18:09:23,24.31,7.56,13.99,,,
stress-ng --cpu 2 --cpu-load 46 --quiet --timeout 60s,23,4/24/2026,18:09:24,22.88,7.56,13.99,,,
stress-ng --cpu 2 --cpu-load 46 --quiet --timeout 60s,23,4/24/2026,18:09:25,22.77,7.56,14.34,,,
stress-ng --cpu 2 --cpu-load 46 --quiet --timeout 60s,23,4/24/2026,18:09:26,23.7,7.56,14.27,,,
stress-ng --cpu 2 --cpu-load 46 --quiet --timeout 60s,23,4/24/2026,18:09:27,24.06,7.56,14.27,,,
stress-ng --cpu 2 --cpu-load 46 --quiet --timeout 60s,23,4/24/2026,18:09:28,23.82,7.56,14.51,,,
stress-ng --cpu 2 --cpu-load 46 --quiet --timeout 60s,23,4/24/2026,18:09:29,23.88,7.56,13.97,,,
stress-ng --cpu 2 --cpu-load 46 --quiet --timeout 60s,23,4/24/2026,18:09:30,23.57,7.56,13.97,,,
stress-ng --cpu 2 --cpu-load 46 --quiet --timeout 60s,23,4/24/2026,18:09:31,23.57,7.56,13.78,,,
stress-ng --cpu 2 --cpu-load 46 --quiet --timeout 60s,23,4/24/2026,18:09:32,23.26,7.56,13.78,,,
stress-ng --cpu 2 --cpu-load 46 --quiet --timeout 60s,23,4/24/2026,18:09:33,23.13,7.56,13.78,,,
stress-ng --cpu 2 --cpu-load 46 --quiet --timeout 60s,23,4/24/2026,18:09:34,24.31,7.56,14.42,,,
stress-ng --cpu 2 --cpu-load 46 --quiet --timeout 60s,23,4/24/2026,18:09:35,23.95,7.56,14.64,,,
stress-ng --cpu 2 --cpu-load 46 --quiet --timeout 60s,23,4/24/2026,18:09:36,23.89,7.56,14.64,,,
stress-ng --cpu 2 --cpu-load 46 --quiet --timeout 60s,23,4/24/2026,18:09:37,22.88,7.56,14.53,,,
stress-ng --cpu 2 --cpu-load 46 --quiet --timeout 60s,23,4/24/2026,18:09:38,24,7.56,14.07,,,
stress-ng --cpu 2 --cpu-load 46 --quiet --timeout 60s,23,4/24/2026,18:09:39,23.95,7.56,14.07,,,
stress-ng --cpu 2 --cpu-load 46 --quiet --timeout 60s,23,4/24/2026,18:09:40,23.63,7.56,14.19,,,
stress-ng --cpu 2 --cpu-load 46 --quiet --timeout 60s,23,4/24/2026,18:09:41,23.63,7.56,14.54,,,
stress-ng --cpu 2 --cpu-load 46 --quiet --timeout 60s,23,4/24/2026,18:09:42,24,7.56,14.54,,,
stress-ng --cpu 2 --cpu-load 46 --quiet --timeout 60s,23,4/24/2026,18:09:43,23.19,7.56,14.33,,,
stress-ng --cpu 2 --cpu-load 46 --quiet --timeout 60s,23,4/24/2026,18:09:44,23.07,7.56,13.76,,,
stress-ng --cpu 2 --cpu-load 46 --quiet --timeout 60s,23,4/24/2026,18:09:45,24.18,7.56,14.84,,,
stress-ng --cpu 2 --cpu-load 46 --quiet --timeout 60s,23,4/24/2026,18:09:46,23.38,7.55,14.84,,,
stress-ng --cpu 2 --cpu-load 46 --quiet --timeout 60s,23,4/24/2026,18:09:47,9.13,7.54,14.3,,,
stress-ng --cpu 2 --cpu-load 48 --quiet --timeout 60s,24,4/24/2026,2:54:10,10.37,6.6,9.23,,,
stress-ng --cpu 2 --cpu-load 48 --quiet --timeout 60s,24,4/24/2026,2:54:11,25.31,6.6,13.23,,,
stress-ng --cpu 2 --cpu-load 48 --quiet --timeout 60s,24,4/24/2026,2:54:12,23.88,6.6,13.23,,,
stress-ng --cpu 2 --cpu-load 48 --quiet --timeout 60s,24,4/24/2026,2:54:13,24.87,6.6,15.17,,,
stress-ng --cpu 2 --cpu-load 48 --quiet --timeout 60s,24,4/24/2026,2:54:14,25.06,6.6,15.73,,,
stress-ng --cpu 2 --cpu-load 48 --quiet --timeout 60s,24,4/24/2026,2:54:15,23.88,6.6,15.73,,,
stress-ng --cpu 2 --cpu-load 48 --quiet --timeout 60s,24,4/24/2026,2:54:16,24.87,6.61,14.73,,,
stress-ng --cpu 2 --cpu-load 48 --quiet --timeout 60s,24,4/24/2026,2:54:17,25.43,6.6,15.66,,,
stress-ng --cpu 2 --cpu-load 48 --quiet --timeout 60s,24,4/24/2026,2:54:18,24.68,6.6,15.66,,,
stress-ng --cpu 2 --cpu-load 48 --quiet --timeout 60s,24,4/24/2026,2:54:19,23.63,6.6,15.14,,,
stress-ng --cpu 2 --cpu-load 48 --quiet --timeout 60s,24,4/24/2026,2:54:20,24.62,6.61,15.58,,,
stress-ng --cpu 2 --cpu-load 48 --quiet --timeout 60s,24,4/24/2026,2:54:21,24.56,6.61,15.58,,,
stress-ng --cpu 2 --cpu-load 48 --quiet --timeout 60s,24,4/24/2026,2:54:22,24.68,6.61,15.18,,,
stress-ng --cpu 2 --cpu-load 48 --quiet --timeout 60s,24,4/24/2026,2:54:23,24.75,6.61,14.67,,,
stress-ng --cpu 2 --cpu-load 48 --quiet --timeout 60s,24,4/24/2026,2:54:24,24.62,6.61,14.67,,,
stress-ng --cpu 2 --cpu-load 48 --quiet --timeout 60s,24,4/24/2026,2:54:25,24.93,6.61,15.32,,,
stress-ng --cpu 2 --cpu-load 48 --quiet --timeout 60s,24,4/24/2026,2:54:26,24.87,6.61,15.75,,,
stress-ng --cpu 2 --cpu-load 48 --quiet --timeout 60s,24,4/24/2026,2:54:27,25.06,6.61,15.75,,,
stress-ng --cpu 2 --cpu-load 48 --quiet --timeout 60s,24,4/24/2026,2:54:28,25,6.61,14.35,,,
stress-ng --cpu 2 --cpu-load 48 --quiet --timeout 60s,24,4/24/2026,2:54:29,24.37,6.61,16.03,,,
stress-ng --cpu 2 --cpu-load 48 --quiet --timeout 60s,24,4/24/2026,2:54:30,25.06,6.61,16.03,,,
stress-ng --cpu 2 --cpu-load 48 --quiet --timeout 60s,24,4/24/2026,2:54:31,24.5,6.6,14.93,,,
stress-ng --cpu 2 --cpu-load 48 --quiet --timeout 60s,24,4/24/2026,2:54:32,25.62,6.6,15.77,,,
stress-ng --cpu 2 --cpu-load 48 --quiet --timeout 60s,24,4/24/2026,2:54:33,24.37,6.6,15.77,,,
stress-ng --cpu 2 --cpu-load 48 --quiet --timeout 60s,24,4/24/2026,2:54:34,24.31,6.6,15.59,,,
stress-ng --cpu 2 --cpu-load 48 --quiet --timeout 60s,24,4/24/2026,2:54:35,24.12,6.6,15.31,,,
stress-ng --cpu 2 --cpu-load 48 --quiet --timeout 60s,24,4/24/2026,2:54:36,25,6.6,15.31,,,
stress-ng --cpu 2 --cpu-load 48 --quiet --timeout 60s,24,4/24/2026,2:54:37,25.12,6.6,15.38,,,
stress-ng --cpu 2 --cpu-load 48 --quiet --timeout 60s,24,4/24/2026,2:54:38,24.62,6.6,15.25,,,
stress-ng --cpu 2 --cpu-load 48 --quiet --timeout 60s,24,4/24/2026,2:54:39,24.56,6.6,15.25,,,
stress-ng --cpu 2 --cpu-load 48 --quiet --timeout 60s,24,4/24/2026,2:54:40,24.31,6.6,14.51,,,
stress-ng --cpu 2 --cpu-load 48 --quiet --timeout 60s,24,4/24/2026,2:54:41,25.06,6.6,16.3,,,
stress-ng --cpu 2 --cpu-load 48 --quiet --timeout 60s,24,4/24/2026,2:54:42,24.93,6.6,16.3,,,
stress-ng --cpu 2 --cpu-load 48 --quiet --timeout 60s,24,4/24/2026,2:54:43,25.37,6.6,15.58,,,
stress-ng --cpu 2 --cpu-load 48 --quiet --timeout 60s,24,4/24/2026,2:54:44,24.25,6.6,15.29,,,
stress-ng --cpu 2 --cpu-load 48 --quiet --timeout 60s,24,4/24/2026,2:54:45,24.62,6.6,15.29,,,
stress-ng --cpu 2 --cpu-load 48 --quiet --timeout 60s,24,4/24/2026,2:54:46,24.81,6.6,14.71,,,
stress-ng --cpu 2 --cpu-load 48 --quiet --timeout 60s,24,4/24/2026,2:54:47,24.56,6.6,14.96,,,
stress-ng --cpu 2 --cpu-load 48 --quiet --timeout 60s,24,4/24/2026,2:54:48,25.31,6.6,14.96,,,
stress-ng --cpu 2 --cpu-load 48 --quiet --timeout 60s,24,4/24/2026,2:54:49,24.87,6.6,14.38,,,
stress-ng --cpu 2 --cpu-load 48 --quiet --timeout 60s,24,4/24/2026,2:54:50,24,6.6,14.98,,,
stress-ng --cpu 2 --cpu-load 48 --quiet --timeout 60s,24,4/24/2026,2:54:51,25.06,6.6,14.98,,,
stress-ng --cpu 2 --cpu-load 48 --quiet --timeout 60s,24,4/24/2026,2:54:52,23.94,6.6,15.5,,,
stress-ng --cpu 2 --cpu-load 48 --quiet --timeout 60s,24,4/24/2026,2:54:53,24.62,6.6,16.02,,,
stress-ng --cpu 2 --cpu-load 48 --quiet --timeout 60s,24,4/24/2026,2:54:54,25.8,6.6,16.02,,,
stress-ng --cpu 2 --cpu-load 48 --quiet --timeout 60s,24,4/24/2026,2:54:55,24.56,6.6,16.02,,,
stress-ng --cpu 2 --cpu-load 48 --quiet --timeout 60s,24,4/24/2026,2:54:56,24.31,6.6,16.04,,,
stress-ng --cpu 2 --cpu-load 48 --quiet --timeout 60s,24,4/24/2026,2:54:57,25.06,6.6,15.76,,,
stress-ng --cpu 2 --cpu-load 48 --quiet --timeout 60s,24,4/24/2026,2:54:58,25.12,6.6,15.76,,,
stress-ng --cpu 2 --cpu-load 48 --quiet --timeout 60s,24,4/24/2026,2:54:59,23.88,6.6,15.49,,,
stress-ng --cpu 2 --cpu-load 48 --quiet --timeout 60s,24,4/24/2026,2:55:00,24.775,6.6,15.89,,,
stress-ng --cpu 2 --cpu-load 48 --quiet --timeout 60s,24,4/24/2026,2:55:01,25.67,6.6,15.89,,,
stress-ng --cpu 2 --cpu-load 48 --quiet --timeout 60s,24,4/24/2026,2:55:02,37.22,6.6,20.7,,,
stress-ng --cpu 2 --cpu-load 48 --quiet --timeout 60s,24,4/24/2026,2:55:03,24.37,6.6,20.7,,,
stress-ng --cpu 2 --cpu-load 48 --quiet --timeout 60s,24,4/24/2026,2:55:04,24.93,6.6,20.7,,,
stress-ng --cpu 2 --cpu-load 48 --quiet --timeout 60s,24,4/24/2026,2:55:05,25.31,6.6,14.81,,,
stress-ng --cpu 2 --cpu-load 48 --quiet --timeout 60s,24,4/24/2026,2:55:06,24,6.6,15.64,,,
stress-ng --cpu 2 --cpu-load 48 --quiet --timeout 60s,24,4/24/2026,2:55:07,25.37,6.6,15.64,,,
stress-ng --cpu 2 --cpu-load 48 --quiet --timeout 60s,24,4/24/2026,2:55:08,24.13,6.6,16.07,,,
stress-ng --cpu 2 --cpu-load 48 --quiet --timeout 60s,24,4/24/2026,2:55:09,24.68,6.6,16.07,,,
stress-ng --cpu 2 --cpu-load 48 --quiet --timeout 60s,24,4/24/2026,2:55:10,25.36,6.6,16.07,,,
stress-ng --cpu 2 --cpu-load 48 --quiet --timeout 60s,24,4/24/2026,7:28:19,1.73,7.01,9.05,,,
stress-ng --cpu 2 --cpu-load 48 --quiet --timeout 60s,24,4/24/2026,7:28:20,3.22,7.01,9.05,,,
stress-ng --cpu 2 --cpu-load 48 --quiet --timeout 60s,24,4/24/2026,7:28:21,24.06,7.01,11.88,,,
stress-ng --cpu 2 --cpu-load 48 --quiet --timeout 60s,24,4/24/2026,7:28:22,25.55,7.02,11.88,,,
stress-ng --cpu 2 --cpu-load 48 --quiet --timeout 60s,24,4/24/2026,7:28:23,24.56,7.02,11.88,,,
stress-ng --cpu 2 --cpu-load 48 --quiet --timeout 60s,24,4/24/2026,7:28:24,24.87,7.02,15.69,,,
stress-ng --cpu 2 --cpu-load 48 --quiet --timeout 60s,24,4/24/2026,7:28:25,24.12,7.02,14.85,,,
stress-ng --cpu 2 --cpu-load 48 --quiet --timeout 60s,24,4/24/2026,7:28:26,25.24,7.02,14.85,,,
stress-ng --cpu 2 --cpu-load 48 --quiet --timeout 60s,24,4/24/2026,7:28:27,24.56,7.02,15.56,,,
stress-ng --cpu 2 --cpu-load 48 --quiet --timeout 60s,24,4/24/2026,7:28:28,24.18,7.02,15.18,,,
stress-ng --cpu 2 --cpu-load 48 --quiet --timeout 60s,24,4/24/2026,7:28:29,25.49,7.02,15.18,,,
stress-ng --cpu 2 --cpu-load 48 --quiet --timeout 60s,24,4/24/2026,7:28:30,24.87,7.02,15.3,,,
stress-ng --cpu 2 --cpu-load 48 --quiet --timeout 60s,24,4/24/2026,7:28:31,24.12,7.02,16.03,,,
stress-ng --cpu 2 --cpu-load 48 --quiet --timeout 60s,24,4/24/2026,7:28:32,25.43,7.02,16.03,,,
stress-ng --cpu 2 --cpu-load 48 --quiet --timeout 60s,24,4/24/2026,7:28:33,24.62,7.02,15.15,,,
stress-ng --cpu 2 --cpu-load 48 --quiet --timeout 60s,24,4/24/2026,7:28:34,24.44,7.02,15.15,,,
stress-ng --cpu 2 --cpu-load 48 --quiet --timeout 60s,24,4/24/2026,7:28:35,24.62,7.02,16.02,,,
stress-ng --cpu 2 --cpu-load 48 --quiet --timeout 60s,24,4/24/2026,7:28:36,25.49,7.02,15.26,,,
stress-ng --cpu 2 --cpu-load 48 --quiet --timeout 60s,24,4/24/2026,7:28:37,24.43,7.02,15.26,,,
stress-ng --cpu 2 --cpu-load 48 --quiet --timeout 60s,24,4/24/2026,7:28:38,23.82,7.02,15.64,,,
stress-ng --cpu 2 --cpu-load 48 --quiet --timeout 60s,24,4/24/2026,7:28:39,26.11,7.02,15.5,,,
stress-ng --cpu 2 --cpu-load 48 --quiet --timeout 60s,24,4/24/2026,7:28:40,24.12,7.02,15.5,,,
stress-ng --cpu 2 --cpu-load 48 --quiet --timeout 60s,24,4/24/2026,7:28:41,24.31,7.02,15.32,,,
stress-ng --cpu 2 --cpu-load 48 --quiet --timeout 60s,24,4/24/2026,7:28:42,24.56,7.02,15.98,,,
stress-ng --cpu 2 --cpu-load 48 --quiet --timeout 60s,24,4/24/2026,7:28:43,24.69,7.02,15.98,,,
stress-ng --cpu 2 --cpu-load 48 --quiet --timeout 60s,24,4/24/2026,7:28:44,24.81,7.02,15.38,,,
stress-ng --cpu 2 --cpu-load 48 --quiet --timeout 60s,24,4/24/2026,7:28:45,24.62,7.02,15.46,,,
stress-ng --cpu 2 --cpu-load 48 --quiet --timeout 60s,24,4/24/2026,7:28:46,25.24,7.02,15.46,,,
stress-ng --cpu 2 --cpu-load 48 --quiet --timeout 60s,24,4/24/2026,7:28:47,24.37,7.02,15.8,,,
stress-ng --cpu 2 --cpu-load 48 --quiet --timeout 60s,24,4/24/2026,7:28:48,24.56,7.02,15.11,,,
stress-ng --cpu 2 --cpu-load 48 --quiet --timeout 60s,24,4/24/2026,7:28:49,25.12,7.02,15.11,,,
stress-ng --cpu 2 --cpu-load 48 --quiet --timeout 60s,24,4/24/2026,7:28:50,24.43,7.02,15.31,,,
stress-ng --cpu 2 --cpu-load 48 --quiet --timeout 60s,24,4/24/2026,7:28:51,24,7.02,15.28,,,
stress-ng --cpu 2 --cpu-load 48 --quiet --timeout 60s,24,4/24/2026,7:28:52,24.81,7.02,15.28,,,
stress-ng --cpu 2 --cpu-load 48 --quiet --timeout 60s,24,4/24/2026,7:28:53,24.5,7.02,15.79,,,
stress-ng --cpu 2 --cpu-load 48 --quiet --timeout 60s,24,4/24/2026,7:28:54,24.87,7.02,15.59,,,
stress-ng --cpu 2 --cpu-load 48 --quiet --timeout 60s,24,4/24/2026,7:28:55,25.31,7.02,15.59,,,
stress-ng --cpu 2 --cpu-load 48 --quiet --timeout 60s,24,4/24/2026,7:28:56,24.81,7.02,14.93,,,
stress-ng --cpu 2 --cpu-load 48 --quiet --timeout 60s,24,4/24/2026,7:28:57,23.88,7.02,15.68,,,
stress-ng --cpu 2 --cpu-load 48 --quiet --timeout 60s,24,4/24/2026,7:28:58,24.56,7.02,15.68,,,
stress-ng --cpu 2 --cpu-load 48 --quiet --timeout 60s,24,4/24/2026,7:28:59,24.56,7.02,15.57,,,
stress-ng --cpu 2 --cpu-load 48 --quiet --timeout 60s,24,4/24/2026,7:29:00,24.37,7.02,16,,,
stress-ng --cpu 2 --cpu-load 48 --quiet --timeout 60s,24,4/24/2026,7:29:01,25,7.02,16,,,
stress-ng --cpu 2 --cpu-load 48 --quiet --timeout 60s,24,4/24/2026,7:29:02,25.49,7.02,15.79,,,
stress-ng --cpu 2 --cpu-load 48 --quiet --timeout 60s,24,4/24/2026,7:29:03,23.88,7.02,16.16,,,
stress-ng --cpu 2 --cpu-load 48 --quiet --timeout 60s,24,4/24/2026,7:29:04,24.81,7.02,16.16,,,
stress-ng --cpu 2 --cpu-load 48 --quiet --timeout 60s,24,4/24/2026,7:29:05,25.18,7.02,15.62,,,
stress-ng --cpu 2 --cpu-load 48 --quiet --timeout 60s,24,4/24/2026,7:29:06,24.56,7.02,16.65,,,
stress-ng --cpu 2 --cpu-load 48 --quiet --timeout 60s,24,4/24/2026,7:29:07,25.49,7.02,16.65,,,
stress-ng --cpu 2 --cpu-load 48 --quiet --timeout 60s,24,4/24/2026,7:29:08,23.44,7.02,15.58,,,
stress-ng --cpu 2 --cpu-load 48 --quiet --timeout 60s,24,4/24/2026,7:29:09,25.31,7.02,15.68,,,
stress-ng --cpu 2 --cpu-load 48 --quiet --timeout 60s,24,4/24/2026,7:29:10,24.75,7.02,15.68,,,
stress-ng --cpu 2 --cpu-load 48 --quiet --timeout 60s,24,4/24/2026,7:29:11,25.37,7.02,15.93,,,
stress-ng --cpu 2 --cpu-load 48 --quiet --timeout 60s,24,4/24/2026,7:29:12,24,7.02,15.8,,,
stress-ng --cpu 2 --cpu-load 48 --quiet --timeout 60s,24,4/24/2026,7:29:13,24.5,7.02,15.8,,,
stress-ng --cpu 2 --cpu-load 48 --quiet --timeout 60s,24,4/24/2026,7:29:14,25.99,7.02,15.39,,,
stress-ng --cpu 2 --cpu-load 48 --quiet --timeout 60s,24,4/24/2026,7:29:15,24.43,7.02,16.21,,,
stress-ng --cpu 2 --cpu-load 48 --quiet --timeout 60s,24,4/24/2026,7:29:16,24.12,7.02,16.21,,,
stress-ng --cpu 2 --cpu-load 48 --quiet --timeout 60s,24,4/24/2026,7:29:17,25.31,7.02,15.17,,,
stress-ng --cpu 2 --cpu-load 48 --quiet --timeout 60s,24,4/24/2026,7:29:18,23.88,7.02,15.62,,,
stress-ng --cpu 2 --cpu-load 48 --quiet --timeout 60s,24,4/24/2026,7:29:19,24.37,7.02,15.62,,,
stress-ng --cpu 2 --cpu-load 48 --quiet --timeout 60s,24,4/24/2026,7:29:20,13.58,7.02,14.73,,,
stress-ng --cpu 2 --cpu-load 48 --quiet --timeout 60s,24,4/24/2026,15:50:42,1.96,7.52,9.68,,,
stress-ng --cpu 2 --cpu-load 48 --quiet --timeout 60s,24,4/24/2026,15:50:43,25.68,7.54,11.44,,,
stress-ng --cpu 2 --cpu-load 48 --quiet --timeout 60s,24,4/24/2026,15:50:44,24,7.54,16.61,,,
stress-ng --cpu 2 --cpu-load 48 --quiet --timeout 60s,24,4/24/2026,15:50:45,24.62,7.54,16.61,,,
stress-ng --cpu 2 --cpu-load 48 --quiet --timeout 60s,24,4/24/2026,15:50:46,25.37,7.54,15.97,,,
stress-ng --cpu 2 --cpu-load 48 --quiet --timeout 60s,24,4/24/2026,15:50:47,23.88,7.54,15.69,,,
stress-ng --cpu 2 --cpu-load 48 --quiet --timeout 60s,24,4/24/2026,15:50:48,25.24,7.54,15.69,,,
stress-ng --cpu 2 --cpu-load 48 --quiet --timeout 60s,24,4/24/2026,15:50:49,24.12,7.54,14.84,,,
stress-ng --cpu 2 --cpu-load 48 --quiet --timeout 60s,24,4/24/2026,15:50:50,24.81,7.54,15.11,,,
stress-ng --cpu 2 --cpu-load 48 --quiet --timeout 60s,24,4/24/2026,15:50:51,24.81,7.54,15.11,,,
stress-ng --cpu 2 --cpu-load 48 --quiet --timeout 60s,24,4/24/2026,15:50:52,24.12,7.54,15.1,,,
stress-ng --cpu 2 --cpu-load 48 --quiet --timeout 60s,24,4/24/2026,15:50:53,25.06,7.54,14.57,,,
stress-ng --cpu 2 --cpu-load 48 --quiet --timeout 60s,24,4/24/2026,15:50:54,24.31,7.53,14.57,,,
stress-ng --cpu 2 --cpu-load 48 --quiet --timeout 60s,24,4/24/2026,15:50:55,25.12,7.53,15.7,,,
stress-ng --cpu 2 --cpu-load 48 --quiet --timeout 60s,24,4/24/2026,15:50:56,25.24,7.53,15.65,,,
stress-ng --cpu 2 --cpu-load 48 --quiet --timeout 60s,24,4/24/2026,15:50:57,24.18,7.54,15.65,,,
stress-ng --cpu 2 --cpu-load 48 --quiet --timeout 60s,24,4/24/2026,15:50:58,24.38,7.54,15.15,,,
stress-ng --cpu 2 --cpu-load 48 --quiet --timeout 60s,24,4/24/2026,15:50:59,25.62,7.54,15.18,,,
stress-ng --cpu 2 --cpu-load 48 --quiet --timeout 60s,24,4/24/2026,15:51:00,23.38,7.53,15.18,,,
stress-ng --cpu 2 --cpu-load 48 --quiet --timeout 60s,24,4/24/2026,15:51:01,25.06,7.53,15.78,,,
stress-ng --cpu 2 --cpu-load 48 --quiet --timeout 60s,24,4/24/2026,15:51:02,25.49,7.53,15.42,,,
stress-ng --cpu 2 --cpu-load 48 --quiet --timeout 60s,24,4/24/2026,15:51:03,24.37,7.53,15.42,,,
stress-ng --cpu 2 --cpu-load 48 --quiet --timeout 60s,24,4/24/2026,15:51:04,24.87,7.53,15.28,,,
stress-ng --cpu 2 --cpu-load 48 --quiet --timeout 60s,24,4/24/2026,15:51:05,25.31,7.53,15.89,,,
stress-ng --cpu 2 --cpu-load 48 --quiet --timeout 60s,24,4/24/2026,15:51:06,23.82,7.53,15.89,,,
stress-ng --cpu 2 --cpu-load 48 --quiet --timeout 60s,24,4/24/2026,15:51:07,24.56,7.53,15.44,,,
stress-ng --cpu 2 --cpu-load 48 --quiet --timeout 60s,24,4/24/2026,15:51:08,25.37,7.53,15.26,,,
stress-ng --cpu 2 --cpu-load 48 --quiet --timeout 60s,24,4/24/2026,15:51:09,24.5,7.53,15.26,,,
stress-ng --cpu 2 --cpu-load 48 --quiet --timeout 60s,24,4/24/2026,15:51:10,24.43,7.53,15.22,,,
stress-ng --cpu 2 --cpu-load 48 --quiet --timeout 60s,24,4/24/2026,15:51:11,24.75,7.53,15.5,,,
stress-ng --cpu 2 --cpu-load 48 --quiet --timeout 60s,24,4/24/2026,15:51:12,25.06,7.53,15.5,,,
stress-ng --cpu 2 --cpu-load 48 --quiet --timeout 60s,24,4/24/2026,15:51:13,24.81,7.53,15.01,,,
stress-ng --cpu 2 --cpu-load 48 --quiet --timeout 60s,24,4/24/2026,15:51:14,24.56,7.53,14.93,,,
stress-ng --cpu 2 --cpu-load 48 --quiet --timeout 60s,24,4/24/2026,15:51:15,23.82,7.53,14.93,,,
stress-ng --cpu 2 --cpu-load 48 --quiet --timeout 60s,24,4/24/2026,15:51:16,25.49,7.53,15.86,,,
stress-ng --cpu 2 --cpu-load 48 --quiet --timeout 60s,24,4/24/2026,15:51:17,24.68,7.53,15.16,,,
stress-ng --cpu 2 --cpu-load 48 --quiet --timeout 60s,24,4/24/2026,15:51:18,24.5,7.53,15.16,,,
stress-ng --cpu 2 --cpu-load 48 --quiet --timeout 60s,24,4/24/2026,15:51:19,23.88,7.53,15.21,,,
stress-ng --cpu 2 --cpu-load 48 --quiet --timeout 60s,24,4/24/2026,15:51:20,24.87,7.53,15.11,,,
stress-ng --cpu 2 --cpu-load 48 --quiet --timeout 60s,24,4/24/2026,15:51:21,25.06,7.53,15.11,,,
stress-ng --cpu 2 --cpu-load 48 --quiet --timeout 60s,24,4/24/2026,15:51:22,23.88,7.53,15.28,,,
stress-ng --cpu 2 --cpu-load 48 --quiet --timeout 60s,24,4/24/2026,15:51:23,25.74,7.53,15.08,,,
stress-ng --cpu 2 --cpu-load 48 --quiet --timeout 60s,24,4/24/2026,15:51:24,23.82,7.53,15.08,,,
stress-ng --cpu 2 --cpu-load 48 --quiet --timeout 60s,24,4/24/2026,15:51:25,25.62,7.54,15.37,,,
stress-ng --cpu 2 --cpu-load 48 --quiet --timeout 60s,24,4/24/2026,15:51:26,24.12,7.54,15.65,,,
stress-ng --cpu 2 --cpu-load 48 --quiet --timeout 60s,24,4/24/2026,15:51:27,23.82,7.54,15.65,,,
stress-ng --cpu 2 --cpu-load 48 --quiet --timeout 60s,24,4/24/2026,15:51:28,24.62,7.54,15.56,,,
stress-ng --cpu 2 --cpu-load 48 --quiet --timeout 60s,24,4/24/2026,15:51:29,24.75,7.54,14.74,,,
stress-ng --cpu 2 --cpu-load 48 --quiet --timeout 60s,24,4/24/2026,15:51:30,25.12,7.54,14.74,,,
stress-ng --cpu 2 --cpu-load 48 --quiet --timeout 60s,24,4/24/2026,15:51:31,24.56,7.54,15.46,,,
stress-ng --cpu 2 --cpu-load 48 --quiet --timeout 60s,24,4/24/2026,15:51:32,24.25,7.54,15.62,,,
stress-ng --cpu 2 --cpu-load 48 --quiet --timeout 60s,24,4/24/2026,15:51:33,25.37,7.54,15.62,,,
stress-ng --cpu 2 --cpu-load 48 --quiet --timeout 60s,24,4/24/2026,15:51:34,23.82,7.54,15.53,,,
stress-ng --cpu 2 --cpu-load 48 --quiet --timeout 60s,24,4/24/2026,15:51:35,25.62,7.54,15.56,,,
stress-ng --cpu 2 --cpu-load 48 --quiet --timeout 60s,24,4/24/2026,15:51:36,24.87,7.54,15.56,,,
stress-ng --cpu 2 --cpu-load 48 --quiet --timeout 60s,24,4/24/2026,15:51:37,24.31,7.54,16.19,,,
stress-ng --cpu 2 --cpu-load 48 --quiet --timeout 60s,24,4/24/2026,15:51:38,24.06,7.54,16.19,,,
stress-ng --cpu 2 --cpu-load 48 --quiet --timeout 60s,24,4/24/2026,15:51:39,25.06,7.54,15.5,,,
stress-ng --cpu 2 --cpu-load 48 --quiet --timeout 60s,24,4/24/2026,15:51:40,24.81,7.54,15.5,,,
stress-ng --cpu 2 --cpu-load 48 --quiet --timeout 60s,24,4/24/2026,15:51:41,24.62,7.54,15.39,,,
stress-ng --cpu 2 --cpu-load 48 --quiet --timeout 60s,24,4/24/2026,15:51:42,14.85,7.53,15.5,,,
stress-ng --cpu 2 --cpu-load 50 --quiet --timeout 60s,25,4/23/2026,19:57:55,1.47,6.98,9.39,,,
stress-ng --cpu 2 --cpu-load 50 --quiet --timeout 60s,25,4/23/2026,19:57:56,20.68,7,9.39,,,
stress-ng --cpu 2 --cpu-load 50 --quiet --timeout 60s,25,4/23/2026,19:57:57,25.87,7,13.25,,,
stress-ng --cpu 2 --cpu-load 50 --quiet --timeout 60s,25,4/23/2026,19:57:58,25.87,7,18.06,,,
stress-ng --cpu 2 --cpu-load 50 --quiet --timeout 60s,25,4/23/2026,19:57:59,25.62,7,18.06,,,
stress-ng --cpu 2 --cpu-load 50 --quiet --timeout 60s,25,4/23/2026,19:58:00,25.37,7,16.85,,,
stress-ng --cpu 2 --cpu-load 50 --quiet --timeout 60s,25,4/23/2026,19:58:01,26.05,7,15.83,,,
stress-ng --cpu 2 --cpu-load 50 --quiet --timeout 60s,25,4/23/2026,19:58:02,25.12,7,15.83,,,
stress-ng --cpu 2 --cpu-load 50 --quiet --timeout 60s,25,4/23/2026,19:58:03,25.43,7,16.37,,,
stress-ng --cpu 2 --cpu-load 50 --quiet --timeout 60s,25,4/23/2026,19:58:04,27.47,7.01,16.66,,,
stress-ng --cpu 2 --cpu-load 50 --quiet --timeout 60s,25,4/23/2026,19:58:05,26.43,7,16.66,,,
stress-ng --cpu 2 --cpu-load 50 --quiet --timeout 60s,25,4/23/2026,19:58:06,25.99,7,16.79,,,
stress-ng --cpu 2 --cpu-load 50 --quiet --timeout 60s,25,4/23/2026,19:58:07,25.12,7,16.07,,,
stress-ng --cpu 2 --cpu-load 50 --quiet --timeout 60s,25,4/23/2026,19:58:08,26.48,7,16.07,,,
stress-ng --cpu 2 --cpu-load 50 --quiet --timeout 60s,25,4/23/2026,19:58:09,25.62,7,16.91,,,
stress-ng --cpu 2 --cpu-load 50 --quiet --timeout 60s,25,4/23/2026,19:58:10,25.74,7,17.55,,,
stress-ng --cpu 2 --cpu-load 50 --quiet --timeout 60s,25,4/23/2026,19:58:11,26.3,7,17.55,,,
stress-ng --cpu 2 --cpu-load 50 --quiet --timeout 60s,25,4/23/2026,19:58:12,24.93,7,17.27,,,
stress-ng --cpu 2 --cpu-load 50 --quiet --timeout 60s,25,4/23/2026,19:58:13,25.37,7.01,17.7,,,
stress-ng --cpu 2 --cpu-load 50 --quiet --timeout 60s,25,4/23/2026,19:58:14,25.87,7.01,17.7,,,
stress-ng --cpu 2 --cpu-load 50 --quiet --timeout 60s,25,4/23/2026,19:58:15,25.37,7.01,17.81,,,
stress-ng --cpu 2 --cpu-load 50 --quiet --timeout 60s,25,4/23/2026,19:58:16,25.31,7,17.33,,,
stress-ng --cpu 2 --cpu-load 50 --quiet --timeout 60s,25,4/23/2026,19:58:17,25.62,7,17.33,,,
stress-ng --cpu 2 --cpu-load 50 --quiet --timeout 60s,25,4/23/2026,19:58:18,26.3,7,17.04,,,
stress-ng --cpu 2 --cpu-load 50 --quiet --timeout 60s,25,4/23/2026,19:58:19,28.1,7.01,17.8,,,
stress-ng --cpu 2 --cpu-load 50 --quiet --timeout 60s,25,4/23/2026,19:58:20,26.3,7.01,17.8,,,
stress-ng --cpu 2 --cpu-load 50 --quiet --timeout 60s,25,4/23/2026,19:58:21,25.24,7.01,16.15,,,
stress-ng --cpu 2 --cpu-load 50 --quiet --timeout 60s,25,4/23/2026,19:58:22,26.3,7.01,16.22,,,
stress-ng --cpu 2 --cpu-load 50 --quiet --timeout 60s,25,4/23/2026,19:58:23,25.8,7.01,16.22,,,
stress-ng --cpu 2 --cpu-load 50 --quiet --timeout 60s,25,4/23/2026,19:58:24,24.87,7.01,17,,,
stress-ng --cpu 2 --cpu-load 50 --quiet --timeout 60s,25,4/23/2026,19:58:25,25.68,7.01,17.07,,,
stress-ng --cpu 2 --cpu-load 50 --quiet --timeout 60s,25,4/23/2026,19:58:26,25.24,7.01,17.07,,,
stress-ng --cpu 2 --cpu-load 50 --quiet --timeout 60s,25,4/23/2026,19:58:27,26.05,7.01,16.5,,,
stress-ng --cpu 2 --cpu-load 50 --quiet --timeout 60s,25,4/23/2026,19:58:28,25.8,7.01,16.68,,,
stress-ng --cpu 2 --cpu-load 50 --quiet --timeout 60s,25,4/23/2026,19:58:29,26.05,7.01,16.86,,,
stress-ng --cpu 2 --cpu-load 50 --quiet --timeout 60s,25,4/23/2026,19:58:30,25.12,7.01,16.86,,,
stress-ng --cpu 2 --cpu-load 50 --quiet --timeout 60s,25,4/23/2026,19:58:31,26.11,7.01,16.34,,,
stress-ng --cpu 2 --cpu-load 50 --quiet --timeout 60s,25,4/23/2026,19:58:32,25.8,7.01,17.18,,,
stress-ng --cpu 2 --cpu-load 50 --quiet --timeout 60s,25,4/23/2026,19:58:33,24.87,7.01,17.18,,,
stress-ng --cpu 2 --cpu-load 50 --quiet --timeout 60s,25,4/23/2026,19:58:34,26.11,7.01,16.98,,,
stress-ng --cpu 2 --cpu-load 50 --quiet --timeout 60s,25,4/23/2026,19:58:35,26.05,7.01,17.46,,,
stress-ng --cpu 2 --cpu-load 50 --quiet --timeout 60s,25,4/23/2026,19:58:36,25.37,7.01,17.46,,,
stress-ng --cpu 2 --cpu-load 50 --quiet --timeout 60s,25,4/23/2026,19:58:37,25.37,7.01,17.9,,,
stress-ng --cpu 2 --cpu-load 50 --quiet --timeout 60s,25,4/23/2026,19:58:38,25.49,7.01,17.64,,,
stress-ng --cpu 2 --cpu-load 50 --quiet --timeout 60s,25,4/23/2026,19:58:39,25.55,7.01,17.64,,,
stress-ng --cpu 2 --cpu-load 50 --quiet --timeout 60s,25,4/23/2026,19:58:40,25.8,7.01,17.7,,,
stress-ng --cpu 2 --cpu-load 50 --quiet --timeout 60s,25,4/23/2026,19:58:41,25.8,7.01,17.31,,,
stress-ng --cpu 2 --cpu-load 50 --quiet --timeout 60s,25,4/23/2026,19:58:42,25.43,7.01,17.31,,,
stress-ng --cpu 2 --cpu-load 50 --quiet --timeout 60s,25,4/23/2026,19:58:43,25.99,7.01,16.98,,,
stress-ng --cpu 2 --cpu-load 50 --quiet --timeout 60s,25,4/23/2026,19:58:44,25.55,7.01,17.52,,,
stress-ng --cpu 2 --cpu-load 50 --quiet --timeout 60s,25,4/23/2026,19:58:45,25.12,7.01,17.93,,,
stress-ng --cpu 2 --cpu-load 50 --quiet --timeout 60s,25,4/23/2026,19:58:46,25.37,7.01,17.93,,,
stress-ng --cpu 2 --cpu-load 50 --quiet --timeout 60s,25,4/23/2026,19:58:47,26.61,7.01,17.98,,,
stress-ng --cpu 2 --cpu-load 50 --quiet --timeout 60s,25,4/23/2026,19:58:48,24.56,7.01,17.98,,,
stress-ng --cpu 2 --cpu-load 50 --quiet --timeout 60s,25,4/23/2026,19:58:49,26.36,7.01,17.46,,,
stress-ng --cpu 2 --cpu-load 50 --quiet --timeout 60s,25,4/23/2026,19:58:50,25.62,7.01,17.78,,,
stress-ng --cpu 2 --cpu-load 50 --quiet --timeout 60s,25,4/23/2026,19:58:51,25.37,7.01,17.78,,,
stress-ng --cpu 2 --cpu-load 50 --quiet --timeout 60s,25,4/23/2026,19:58:52,26.3,7.01,17.64,,,
stress-ng --cpu 2 --cpu-load 50 --quiet --timeout 60s,25,4/23/2026,19:58:53,25.06,7.01,17.48,,,
stress-ng --cpu 2 --cpu-load 50 --quiet --timeout 60s,25,4/23/2026,19:58:54,25.8,7.01,17.48,,,
stress-ng --cpu 2 --cpu-load 50 --quiet --timeout 60s,25,4/23/2026,19:58:55,22.58,7,16.27,,,
stress-ng --cpu 2 --cpu-load 50 --quiet --timeout 60s,25,4/24/2026,10:34:28,26.28,7.07,9.32,,,
stress-ng --cpu 2 --cpu-load 50 --quiet --timeout 60s,25,4/24/2026,10:34:29,26.28,7.07,11.88,,,
stress-ng --cpu 2 --cpu-load 50 --quiet --timeout 60s,25,4/24/2026,10:34:30,25.87,7.07,17.69,,,
stress-ng --cpu 2 --cpu-load 50 --quiet --timeout 60s,25,4/24/2026,10:34:31,25.87,7.07,17.69,,,
stress-ng --cpu 2 --cpu-load 50 --quiet --timeout 60s,25,4/24/2026,10:34:32,25.55,7.07,16.52,,,
stress-ng --cpu 2 --cpu-load 50 --quiet --timeout 60s,25,4/24/2026,10:34:33,26.3,7.07,16.01,,,
stress-ng --cpu 2 --cpu-load 50 --quiet --timeout 60s,25,4/24/2026,10:34:34,24.93,7.07,16.01,,,
stress-ng --cpu 2 --cpu-load 50 --quiet --timeout 60s,25,4/24/2026,10:34:35,25.43,7.07,17.15,,,
stress-ng --cpu 2 --cpu-load 50 --quiet --timeout 60s,25,4/24/2026,10:34:36,25.55,7.07,16.36,,,
stress-ng --cpu 2 --cpu-load 50 --quiet --timeout 60s,25,4/24/2026,10:34:37,25.68,7.07,16.36,,,
stress-ng --cpu 2 --cpu-load 50 --quiet --timeout 60s,25,4/24/2026,10:34:38,25.74,7.07,16.37,,,
stress-ng --cpu 2 --cpu-load 50 --quiet --timeout 60s,25,4/24/2026,10:34:39,25.18,7.07,16.7,,,
stress-ng --cpu 2 --cpu-load 50 --quiet --timeout 60s,25,4/24/2026,10:34:40,26.48,7.07,16.7,,,
stress-ng --cpu 2 --cpu-load 50 --quiet --timeout 60s,25,4/24/2026,10:34:41,25.55,7.07,16.38,,,
stress-ng --cpu 2 --cpu-load 50 --quiet --timeout 60s,25,4/24/2026,10:34:42,25.18,7.07,16.97,,,
stress-ng --cpu 2 --cpu-load 50 --quiet --timeout 60s,25,4/24/2026,10:34:43,25.8,7.07,16.97,,,
stress-ng --cpu 2 --cpu-load 50 --quiet --timeout 60s,25,4/24/2026,10:34:44,25.37,7.07,16.42,,,
stress-ng --cpu 2 --cpu-load 50 --quiet --timeout 60s,25,4/24/2026,10:34:45,25.55,7.07,17.15,,,
stress-ng --cpu 2 --cpu-load 50 --quiet --timeout 60s,25,4/24/2026,10:34:46,25.8,7.07,17.15,,,
stress-ng --cpu 2 --cpu-load 50 --quiet --timeout 60s,25,4/24/2026,10:34:47,26.11,7.07,16.47,,,
stress-ng --cpu 2 --cpu-load 50 --quiet --timeout 60s,25,4/24/2026,10:34:48,25.55,7.07,16.38,,,
stress-ng --cpu 2 --cpu-load 50 --quiet --timeout 60s,25,4/24/2026,10:34:49,24.93,7.07,16.38,,,
stress-ng --cpu 2 --cpu-load 50 --quiet --timeout 60s,25,4/24/2026,10:34:50,26.79,7.07,16.49,,,
stress-ng --cpu 2 --cpu-load 50 --quiet --timeout 60s,25,4/24/2026,10:34:51,25.31,7.07,17.41,,,
stress-ng --cpu 2 --cpu-load 50 --quiet --timeout 60s,25,4/24/2026,10:34:52,25.68,7.07,17.41,,,
stress-ng --cpu 2 --cpu-load 50 --quiet --timeout 60s,25,4/24/2026,10:34:53,25.49,7.07,16.65,,,
stress-ng --cpu 2 --cpu-load 50 --quiet --timeout 60s,25,4/24/2026,10:34:54,25.62,7.07,16.81,,,
stress-ng --cpu 2 --cpu-load 50 --quiet --timeout 60s,25,4/24/2026,10:34:55,25.37,7.07,16.81,,,
stress-ng --cpu 2 --cpu-load 50 --quiet --timeout 60s,25,4/24/2026,10:34:56,25.49,7.07,17.45,,,
stress-ng --cpu 2 --cpu-load 50 --quiet --timeout 60s,25,4/24/2026,10:34:57,26.18,7.07,16.99,,,
stress-ng --cpu 2 --cpu-load 50 --quiet --timeout 60s,25,4/24/2026,10:34:58,25.31,7.07,16.99,,,
stress-ng --cpu 2 --cpu-load 50 --quiet --timeout 60s,25,4/24/2026,10:34:59,25.37,7.07,16.78,,,
stress-ng --cpu 2 --cpu-load 50 --quiet --timeout 60s,25,4/24/2026,10:35:00,25.49,7.07,17.19,,,
stress-ng --cpu 2 --cpu-load 50 --quiet --timeout 60s,25,4/24/2026,10:35:01,25.87,7.07,17.19,,,
stress-ng --cpu 2 --cpu-load 50 --quiet --timeout 60s,25,4/24/2026,10:35:02,26.3,7.07,17.35,,,
stress-ng --cpu 2 --cpu-load 50 --quiet --timeout 60s,25,4/24/2026,10:35:03,25.8,7.07,17.14,,,
stress-ng --cpu 2 --cpu-load 50 --quiet --timeout 60s,25,4/24/2026,10:35:04,25.31,7.07,17.14,,,
stress-ng --cpu 2 --cpu-load 50 --quiet --timeout 60s,25,4/24/2026,10:35:05,26.3,7.07,17.07,,,
stress-ng --cpu 2 --cpu-load 50 --quiet --timeout 60s,25,4/24/2026,10:35:06,25.06,7.07,17.06,,,
stress-ng --cpu 2 --cpu-load 50 --quiet --timeout 60s,25,4/24/2026,10:35:07,26.3,7.07,17.06,,,
stress-ng --cpu 2 --cpu-load 50 --quiet --timeout 60s,25,4/24/2026,10:35:08,24.93,7.07,16.82,,,
stress-ng --cpu 2 --cpu-load 50 --quiet --timeout 60s,25,4/24/2026,10:35:09,25.92,7.07,16.58,,,
stress-ng --cpu 2 --cpu-load 50 --quiet --timeout 60s,25,4/24/2026,10:35:10,25.8,7.07,16.71,,,
stress-ng --cpu 2 --cpu-load 50 --quiet --timeout 60s,25,4/24/2026,10:35:11,26.43,7.07,16.71,,,
stress-ng --cpu 2 --cpu-load 50 --quiet --timeout 60s,25,4/24/2026,10:35:12,24.62,7.07,17.6,,,
stress-ng --cpu 2 --cpu-load 50 --quiet --timeout 60s,25,4/24/2026,10:35:13,25.87,7.07,17.57,,,
stress-ng --cpu 2 --cpu-load 50 --quiet --timeout 60s,25,4/24/2026,10:35:14,25.74,7.07,17.57,,,
stress-ng --cpu 2 --cpu-load 50 --quiet --timeout 60s,25,4/24/2026,10:35:15,25.8,7.07,17,,,
stress-ng --cpu 2 --cpu-load 50 --quiet --timeout 60s,25,4/24/2026,10:35:16,25.12,7.07,17.11,,,
stress-ng --cpu 2 --cpu-load 50 --quiet --timeout 60s,25,4/24/2026,10:35:17,25.62,7.07,17.11,,,
stress-ng --cpu 2 --cpu-load 50 --quiet --timeout 60s,25,4/24/2026,10:35:18,26.05,7.07,17.35,,,
stress-ng --cpu 2 --cpu-load 50 --quiet --timeout 60s,25,4/24/2026,10:35:19,25.37,7.07,17.14,,,
stress-ng --cpu 2 --cpu-load 50 --quiet --timeout 60s,25,4/24/2026,10:35:20,25.74,7.07,17.14,,,
stress-ng --cpu 2 --cpu-load 50 --quiet --timeout 60s,25,4/24/2026,10:35:21,26.3,7.07,17.47,,,
stress-ng --cpu 2 --cpu-load 50 --quiet --timeout 60s,25,4/24/2026,10:35:22,25.62,7.07,17.71,,,
stress-ng --cpu 2 --cpu-load 50 --quiet --timeout 60s,25,4/24/2026,10:35:23,25.43,7.07,17.71,,,
stress-ng --cpu 2 --cpu-load 50 --quiet --timeout 60s,25,4/24/2026,10:35:24,25.31,7.07,17.4,,,
stress-ng --cpu 2 --cpu-load 50 --quiet --timeout 60s,25,4/24/2026,10:35:25,25.62,7.07,17.25,,,
stress-ng --cpu 2 --cpu-load 50 --quiet --timeout 60s,25,4/24/2026,10:35:26,25.12,7.07,17.25,,,
stress-ng --cpu 2 --cpu-load 50 --quiet --timeout 60s,25,4/24/2026,10:35:27,25.74,7.07,17.27,,,
stress-ng --cpu 2 --cpu-load 50 --quiet --timeout 60s,25,4/24/2026,10:35:28,15.88,7.04,16.94,,,
stress-ng --cpu 2 --cpu-load 50 --quiet --timeout 60s,25,4/24/2026,14:14:38,10.34,7.55,9.69,,,
stress-ng --cpu 2 --cpu-load 50 --quiet --timeout 60s,25,4/24/2026,14:14:39,25.68,7.55,9.78,,,
stress-ng --cpu 2 --cpu-load 50 --quiet --timeout 60s,25,4/24/2026,14:14:40,26.73,7.55,17.1,,,
stress-ng --cpu 2 --cpu-load 50 --quiet --timeout 60s,25,4/24/2026,14:14:41,25.87,7.55,17.13,,,
stress-ng --cpu 2 --cpu-load 50 --quiet --timeout 60s,25,4/24/2026,14:14:42,24.87,7.55,17.13,,,
stress-ng --cpu 2 --cpu-load 50 --quiet --timeout 60s,25,4/24/2026,14:14:43,26.3,7.55,17.22,,,
stress-ng --cpu 2 --cpu-load 50 --quiet --timeout 60s,25,4/24/2026,14:14:44,25.68,7.55,17.05,,,
stress-ng --cpu 2 --cpu-load 50 --quiet --timeout 60s,25,4/24/2026,14:14:45,25.18,7.55,17.05,,,
stress-ng --cpu 2 --cpu-load 50 --quiet --timeout 60s,25,4/24/2026,14:14:46,25.87,7.55,17.43,,,
stress-ng --cpu 2 --cpu-load 50 --quiet --timeout 60s,25,4/24/2026,14:14:47,25.31,7.55,16.73,,,
stress-ng --cpu 2 --cpu-load 50 --quiet --timeout 60s,25,4/24/2026,14:14:48,26.05,7.55,16.73,,,
stress-ng --cpu 2 --cpu-load 50 --quiet --timeout 60s,25,4/24/2026,14:14:49,25.68,7.55,16.77,,,
stress-ng --cpu 2 --cpu-load 50 --quiet --timeout 60s,25,4/24/2026,14:14:50,25.62,7.55,17.37,,,
stress-ng --cpu 2 --cpu-load 50 --quiet --timeout 60s,25,4/24/2026,14:14:51,25.8,7.55,17.37,,,
stress-ng --cpu 2 --cpu-load 50 --quiet --timeout 60s,25,4/24/2026,14:14:52,24.68,7.55,17.55,,,
stress-ng --cpu 2 --cpu-load 50 --quiet --timeout 60s,25,4/24/2026,14:14:53,26.05,7.55,16.82,,,
stress-ng --cpu 2 --cpu-load 50 --quiet --timeout 60s,25,4/24/2026,14:14:54,25.18,7.55,16.82,,,
stress-ng --cpu 2 --cpu-load 50 --quiet --timeout 60s,25,4/24/2026,14:14:55,25.92,7.56,17.43,,,
stress-ng --cpu 2 --cpu-load 50 --quiet --timeout 60s,25,4/24/2026,14:14:56,25.87,7.56,17.32,,,
stress-ng --cpu 2 --cpu-load 50 --quiet --timeout 60s,25,4/24/2026,14:14:57,25.87,7.56,17.32,,,
stress-ng --cpu 2 --cpu-load 50 --quiet --timeout 60s,25,4/24/2026,14:14:58,26.23,7.56,17.34,,,
stress-ng --cpu 2 --cpu-load 50 --quiet --timeout 60s,25,4/24/2026,14:14:59,24.62,7.56,16.75,,,
stress-ng --cpu 2 --cpu-load 50 --quiet --timeout 60s,25,4/24/2026,14:15:00,25.68,7.56,16.75,,,
stress-ng --cpu 2 --cpu-load 50 --quiet --timeout 60s,25,4/24/2026,14:15:01,25.87,7.56,17.43,,,
stress-ng --cpu 2 --cpu-load 50 --quiet --timeout 60s,25,4/24/2026,14:15:02,25.55,7.56,16.99,,,
stress-ng --cpu 2 --cpu-load 50 --quiet --timeout 60s,25,4/24/2026,14:15:03,25.74,7.56,16.99,,,
stress-ng --cpu 2 --cpu-load 50 --quiet --timeout 60s,25,4/24/2026,14:15:04,25.62,7.56,16.75,,,
stress-ng --cpu 2 --cpu-load 50 --quiet --timeout 60s,25,4/24/2026,14:15:05,25.62,7.56,18.28,,,
stress-ng --cpu 2 --cpu-load 50 --quiet --timeout 60s,25,4/24/2026,14:15:06,25.8,7.56,18.28,,,
stress-ng --cpu 2 --cpu-load 50 --quiet --timeout 60s,25,4/24/2026,14:15:07,25.99,7.56,17.57,,,
stress-ng --cpu 2 --cpu-load 50 --quiet --timeout 60s,25,4/24/2026,14:15:08,25.68,7.56,16.78,,,
stress-ng --cpu 2 --cpu-load 50 --quiet --timeout 60s,25,4/24/2026,14:15:09,25.31,7.56,16.78,,,
stress-ng --cpu 2 --cpu-load 50 --quiet --timeout 60s,25,4/24/2026,14:15:10,26.05,7.56,17.8,,,
stress-ng --cpu 2 --cpu-load 50 --quiet --timeout 60s,25,4/24/2026,14:15:11,25.06,7.56,17.37,,,
stress-ng --cpu 2 --cpu-load 50 --quiet --timeout 60s,25,4/24/2026,14:15:12,25.62,7.56,17.37,,,
stress-ng --cpu 2 --cpu-load 50 --quiet --timeout 60s,25,4/24/2026,14:15:13,25.8,7.56,16.99,,,
stress-ng --cpu 2 --cpu-load 50 --quiet --timeout 60s,25,4/24/2026,14:15:14,25.87,7.56,17.11,,,
stress-ng --cpu 2 --cpu-load 50 --quiet --timeout 60s,25,4/24/2026,14:15:15,25.8,7.56,17.11,,,
stress-ng --cpu 2 --cpu-load 50 --quiet --timeout 60s,25,4/24/2026,14:15:16,25.8,7.56,17.05,,,
stress-ng --cpu 2 --cpu-load 50 --quiet --timeout 60s,25,4/24/2026,14:15:17,25.87,7.56,16.72,,,
stress-ng --cpu 2 --cpu-load 50 --quiet --timeout 60s,25,4/24/2026,14:15:18,24.81,7.55,16.72,,,
stress-ng --cpu 2 --cpu-load 50 --quiet --timeout 60s,25,4/24/2026,14:15:19,25.62,7.55,17.16,,,
stress-ng --cpu 2 --cpu-load 50 --quiet --timeout 60s,25,4/24/2026,14:15:20,26.11,7.55,17.31,,,
stress-ng --cpu 2 --cpu-load 50 --quiet --timeout 60s,25,4/24/2026,14:15:21,25,7.55,17.31,,,
stress-ng --cpu 2 --cpu-load 50 --quiet --timeout 60s,25,4/24/2026,14:15:22,26.55,7.55,17.13,,,
stress-ng --cpu 2 --cpu-load 50 --quiet --timeout 60s,25,4/24/2026,14:15:23,24.56,7.55,16.35,,,
stress-ng --cpu 2 --cpu-load 50 --quiet --timeout 60s,25,4/24/2026,14:15:24,26.36,7.55,16.35,,,
stress-ng --cpu 2 --cpu-load 50 --quiet --timeout 60s,25,4/24/2026,14:15:25,25.62,7.55,16.5,,,
stress-ng --cpu 2 --cpu-load 50 --quiet --timeout 60s,25,4/24/2026,14:15:26,25.06,7.55,17.2,,,
stress-ng --cpu 2 --cpu-load 50 --quiet --timeout 60s,25,4/24/2026,14:15:27,25.55,7.55,17.2,,,
stress-ng --cpu 2 --cpu-load 50 --quiet --timeout 60s,25,4/24/2026,14:15:28,26.11,7.55,17.29,,,
stress-ng --cpu 2 --cpu-load 50 --quiet --timeout 60s,25,4/24/2026,14:15:29,25.8,7.55,16.39,,,
stress-ng --cpu 2 --cpu-load 50 --quiet --timeout 60s,25,4/24/2026,14:15:30,24.87,7.55,16.39,,,
stress-ng --cpu 2 --cpu-load 50 --quiet --timeout 60s,25,4/24/2026,14:15:31,25.62,7.55,17.42,,,
stress-ng --cpu 2 --cpu-load 50 --quiet --timeout 60s,25,4/24/2026,14:15:32,25.37,7.55,16.91,,,
stress-ng --cpu 2 --cpu-load 50 --quiet --timeout 60s,25,4/24/2026,14:15:33,26.3,7.55,16.91,,,
stress-ng --cpu 2 --cpu-load 50 --quiet --timeout 60s,25,4/24/2026,14:15:34,24.81,7.55,16.09,,,
stress-ng --cpu 2 --cpu-load 50 --quiet --timeout 60s,25,4/24/2026,14:15:35,26.3,7.55,16.68,,,
stress-ng --cpu 2 --cpu-load 50 --quiet --timeout 60s,25,4/24/2026,14:15:36,25.12,7.55,16.68,,,
stress-ng --cpu 2 --cpu-load 50 --quiet --timeout 60s,25,4/24/2026,14:15:37,25.37,7.55,17.07,,,
stress-ng --cpu 2 --cpu-load 50 --quiet --timeout 60s,25,4/24/2026,14:15:38,8.66,7.53,17.55,,,
stress-ng --cpu 2 --cpu-load 52 --quiet --timeout 60s,26,4/27/2026,12:01:29,1.47,8.38,9.43,,,
stress-ng --cpu 2 --cpu-load 52 --quiet --timeout 60s,26,4/27/2026,12:01:30,25.36,8.41,12,,,
stress-ng --cpu 2 --cpu-load 52 --quiet --timeout 60s,26,4/27/2026,12:01:31,26.86,8.41,12,,,
stress-ng --cpu 2 --cpu-load 52 --quiet --timeout 60s,26,4/27/2026,12:01:32,26.61,8.41,12,,,
stress-ng --cpu 2 --cpu-load 52 --quiet --timeout 60s,26,4/27/2026,12:01:33,26.25,8.41,19.41,,,
stress-ng --cpu 2 --cpu-load 52 --quiet --timeout 60s,26,4/27/2026,12:01:34,26.98,8.41,20.44,,,
stress-ng --cpu 2 --cpu-load 52 --quiet --timeout 60s,26,4/27/2026,12:01:35,26.68,8.42,20.76,,,
stress-ng --cpu 2 --cpu-load 52 --quiet --timeout 60s,26,4/27/2026,12:01:36,27.29,8.42,20.76,,,
stress-ng --cpu 2 --cpu-load 52 --quiet --timeout 60s,26,4/27/2026,12:01:37,26.05,8.42,18.95,,,
stress-ng --cpu 2 --cpu-load 52 --quiet --timeout 60s,26,4/27/2026,12:01:38,26.61,8.42,18.95,,,
stress-ng --cpu 2 --cpu-load 52 --quiet --timeout 60s,26,4/27/2026,12:01:39,27.11,8.42,19.44,,,
stress-ng --cpu 2 --cpu-load 52 --quiet --timeout 60s,26,4/27/2026,12:01:40,25.87,8.42,19.27,,,
stress-ng --cpu 2 --cpu-load 52 --quiet --timeout 60s,26,4/27/2026,12:01:41,26.86,8.42,19.27,,,
stress-ng --cpu 2 --cpu-load 52 --quiet --timeout 60s,26,4/27/2026,12:01:42,27.04,8.42,18.25,,,
stress-ng --cpu 2 --cpu-load 52 --quiet --timeout 60s,26,4/27/2026,12:01:43,26.3,8.42,18.23,,,
stress-ng --cpu 2 --cpu-load 52 --quiet --timeout 60s,26,4/27/2026,12:01:44,27.11,8.42,18.23,,,
stress-ng --cpu 2 --cpu-load 52 --quiet --timeout 60s,26,4/27/2026,12:01:45,26.05,8.42,18.64,,,
stress-ng --cpu 2 --cpu-load 52 --quiet --timeout 60s,26,4/27/2026,12:01:46,26.25,8.42,18.29,,,
stress-ng --cpu 2 --cpu-load 52 --quiet --timeout 60s,26,4/27/2026,12:01:47,26.98,8.42,18.29,,,
stress-ng --cpu 2 --cpu-load 52 --quiet --timeout 60s,26,4/27/2026,12:01:48,26.73,8.42,18.35,,,
stress-ng --cpu 2 --cpu-load 52 --quiet --timeout 60s,26,4/27/2026,12:01:49,27.36,8.42,18.58,,,
stress-ng --cpu 2 --cpu-load 52 --quiet --timeout 60s,26,4/27/2026,12:01:50,26.3,8.42,18.58,,,
stress-ng --cpu 2 --cpu-load 52 --quiet --timeout 60s,26,4/27/2026,12:01:51,25.93,8.42,18.21,,,
stress-ng --cpu 2 --cpu-load 52 --quiet --timeout 60s,26,4/27/2026,12:01:52,26.79,8.42,18.58,,,
stress-ng --cpu 2 --cpu-load 52 --quiet --timeout 60s,26,4/27/2026,12:01:53,27.72,8.42,18.58,,,
stress-ng --cpu 2 --cpu-load 52 --quiet --timeout 60s,26,4/27/2026,12:01:54,25.87,8.42,17.53,,,
stress-ng --cpu 2 --cpu-load 52 --quiet --timeout 60s,26,4/27/2026,12:01:55,27.29,8.42,18.57,,,
stress-ng --cpu 2 --cpu-load 52 --quiet --timeout 60s,26,4/27/2026,12:01:56,26.36,8.42,18.57,,,
stress-ng --cpu 2 --cpu-load 52 --quiet --timeout 60s,26,4/27/2026,12:01:57,26.36,8.42,18.48,,,
stress-ng --cpu 2 --cpu-load 52 --quiet --timeout 60s,26,4/27/2026,12:01:58,27.04,8.42,18.02,,,
stress-ng --cpu 2 --cpu-load 52 --quiet --timeout 60s,26,4/27/2026,12:01:59,26.36,8.42,18.02,,,
stress-ng --cpu 2 --cpu-load 52 --quiet --timeout 60s,26,4/27/2026,12:02:00,26.98,8.43,18.71,,,
stress-ng --cpu 2 --cpu-load 52 --quiet --timeout 60s,26,4/27/2026,12:02:01,25.93,8.42,18.39,,,
stress-ng --cpu 2 --cpu-load 52 --quiet --timeout 60s,26,4/27/2026,12:02:02,26.86,8.43,20.23,,,
stress-ng --cpu 2 --cpu-load 52 --quiet --timeout 60s,26,4/27/2026,12:02:03,26.79,8.43,20.23,,,
stress-ng --cpu 2 --cpu-load 52 --quiet --timeout 60s,26,4/27/2026,12:02:04,27.22,8.43,21.74,,,
stress-ng --cpu 2 --cpu-load 52 --quiet --timeout 60s,26,4/27/2026,12:02:05,26.18,8.43,21.74,,,
stress-ng --cpu 2 --cpu-load 52 --quiet --timeout 60s,26,4/27/2026,12:02:06,26.55,8.43,22.27,,,
stress-ng --cpu 2 --cpu-load 52 --quiet --timeout 60s,26,4/27/2026,12:02:07,26.61,8.43,20.9,,,
stress-ng --cpu 2 --cpu-load 52 --quiet --timeout 60s,26,4/27/2026,12:02:08,26.36,8.43,20.9,,,
stress-ng --cpu 2 --cpu-load 52 --quiet --timeout 60s,26,4/27/2026,12:02:09,26.98,8.43,21.3,,,
stress-ng --cpu 2 --cpu-load 52 --quiet --timeout 60s,26,4/27/2026,12:02:10,27.18,8.43,21.3,,,
stress-ng --cpu 2 --cpu-load 52 --quiet --timeout 60s,26,4/27/2026,12:02:11,26.55,8.43,21.3,,,
stress-ng --cpu 2 --cpu-load 52 --quiet --timeout 60s,26,4/27/2026,12:02:12,26.55,8.43,21.99,,,
stress-ng --cpu 2 --cpu-load 52 --quiet --timeout 60s,26,4/27/2026,12:02:13,26.61,8.43,22.35,,,
stress-ng --cpu 2 --cpu-load 52 --quiet --timeout 60s,26,4/27/2026,12:02:14,26.79,8.43,22.64,,,
stress-ng --cpu 2 --cpu-load 52 --quiet --timeout 60s,26,4/27/2026,12:02:15,26.61,8.43,22.64,,,
stress-ng --cpu 2 --cpu-load 52 --quiet --timeout 60s,26,4/27/2026,12:02:16,26.3,8.43,22.28,,,
stress-ng --cpu 2 --cpu-load 52 --quiet --timeout 60s,26,4/27/2026,12:02:17,27.18,8.43,22.28,,,
stress-ng --cpu 2 --cpu-load 52 --quiet --timeout 60s,26,4/27/2026,12:02:18,26.55,8.43,21.12,,,
stress-ng --cpu 2 --cpu-load 52 --quiet --timeout 60s,26,4/27/2026,12:02:19,26.36,8.43,20.08,,,
stress-ng --cpu 2 --cpu-load 52 --quiet --timeout 60s,26,4/27/2026,12:02:20,26.79,8.43,20.85,,,
stress-ng --cpu 2 --cpu-load 52 --quiet --timeout 60s,26,4/27/2026,12:02:21,26.61,8.43,20.85,,,
stress-ng --cpu 2 --cpu-load 52 --quiet --timeout 60s,26,4/27/2026,12:02:22,27.11,8.43,20.03,,,
stress-ng --cpu 2 --cpu-load 52 --quiet --timeout 60s,26,4/27/2026,12:02:23,26.11,8.43,20.03,,,
stress-ng --cpu 2 --cpu-load 52 --quiet --timeout 60s,26,4/27/2026,12:02:24,27.11,8.43,20.69,,,
stress-ng --cpu 2 --cpu-load 52 --quiet --timeout 60s,26,4/27/2026,12:02:25,26.55,8.43,19.79,,,
stress-ng --cpu 2 --cpu-load 52 --quiet --timeout 60s,26,4/27/2026,12:02:26,26.36,8.43,19.79,,,
stress-ng --cpu 2 --cpu-load 52 --quiet --timeout 60s,26,4/27/2026,12:02:27,26.43,8.43,19.91,,,
stress-ng --cpu 2 --cpu-load 52 --quiet --timeout 60s,26,4/27/2026,12:02:28,26.55,8.43,20.09,,,
stress-ng --cpu 2 --cpu-load 52 --quiet --timeout 60s,26,4/27/2026,12:02:29,20,8.4,20.09,,,
stress-ng --cpu 2 --cpu-load 52 --quiet --timeout 60s,26,4/27/2026,15:19:33,1.47,8.39,9.19,,,
stress-ng --cpu 2 --cpu-load 52 --quiet --timeout 60s,26,4/27/2026,15:19:34,15.34,8.42,9.19,,,
stress-ng --cpu 2 --cpu-load 52 --quiet --timeout 60s,26,4/27/2026,15:19:35,26.55,8.42,17.52,,,
stress-ng --cpu 2 --cpu-load 52 --quiet --timeout 60s,26,4/27/2026,15:19:36,26.93,8.42,17.52,,,
stress-ng --cpu 2 --cpu-load 52 --quiet --timeout 60s,26,4/27/2026,15:19:37,26.11,8.42,17.52,,,
stress-ng --cpu 2 --cpu-load 52 --quiet --timeout 60s,26,4/27/2026,15:19:38,27.22,8.42,18.65,,,
stress-ng --cpu 2 --cpu-load 52 --quiet --timeout 60s,26,4/27/2026,15:19:39,26.61,8.42,18.31,,,
stress-ng --cpu 2 --cpu-load 52 --quiet --timeout 60s,26,4/27/2026,15:19:40,26.18,8.42,19.47,,,
stress-ng --cpu 2 --cpu-load 52 --quiet --timeout 60s,26,4/27/2026,15:19:41,26.93,8.42,19.47,,,
stress-ng --cpu 2 --cpu-load 52 --quiet --timeout 60s,26,4/27/2026,15:19:42,26.05,8.42,18.72,,,
stress-ng --cpu 2 --cpu-load 52 --quiet --timeout 60s,26,4/27/2026,15:19:43,27.29,8.42,18.72,,,
stress-ng --cpu 2 --cpu-load 52 --quiet --timeout 60s,26,4/27/2026,15:19:44,25.93,8.42,18.76,,,
stress-ng --cpu 2 --cpu-load 52 --quiet --timeout 60s,26,4/27/2026,15:19:45,27.04,8.42,18.32,,,
stress-ng --cpu 2 --cpu-load 52 --quiet --timeout 60s,26,4/27/2026,15:19:46,26.68,8.42,18.32,,,
stress-ng --cpu 2 --cpu-load 52 --quiet --timeout 60s,26,4/27/2026,15:19:47,26.3,8.42,18.94,,,
stress-ng --cpu 2 --cpu-load 52 --quiet --timeout 60s,26,4/27/2026,15:19:48,27.29,8.42,18.21,,,
stress-ng --cpu 2 --cpu-load 52 --quiet --timeout 60s,26,4/27/2026,15:19:49,26.93,8.41,18.21,,,
stress-ng --cpu 2 --cpu-load 52 --quiet --timeout 60s,26,4/27/2026,15:19:50,26.3,8.41,18.4,,,
stress-ng --cpu 2 --cpu-load 52 --quiet --timeout 60s,26,4/27/2026,15:19:51,26.68,8.41,18.58,,,
stress-ng --cpu 2 --cpu-load 52 --quiet --timeout 60s,26,4/27/2026,15:19:52,25.99,8.41,18.58,,,
stress-ng --cpu 2 --cpu-load 52 --quiet --timeout 60s,26,4/27/2026,15:19:53,26.93,8.41,18.01,,,
stress-ng --cpu 2 --cpu-load 52 --quiet --timeout 60s,26,4/27/2026,15:19:54,26.55,8.41,18.36,,,
stress-ng --cpu 2 --cpu-load 52 --quiet --timeout 60s,26,4/27/2026,15:19:55,26.55,8.41,19.28,,,
stress-ng --cpu 2 --cpu-load 52 --quiet --timeout 60s,26,4/27/2026,15:19:56,27.79,8.41,19.28,,,
stress-ng --cpu 2 --cpu-load 52 --quiet --timeout 60s,26,4/27/2026,15:19:57,26.11,8.41,19.27,,,
stress-ng --cpu 2 --cpu-load 52 --quiet --timeout 60s,26,4/27/2026,15:19:58,27.04,8.41,19.27,,,
stress-ng --cpu 2 --cpu-load 52 --quiet --timeout 60s,26,4/27/2026,15:19:59,26.55,8.41,18.47,,,
stress-ng --cpu 2 --cpu-load 52 --quiet --timeout 60s,26,4/27/2026,15:20:00,26.61,8.41,18.45,,,
stress-ng --cpu 2 --cpu-load 52 --quiet --timeout 60s,26,4/27/2026,15:20:01,26.61,8.41,18.45,,,
stress-ng --cpu 2 --cpu-load 52 --quiet --timeout 60s,26,4/27/2026,15:20:02,26.98,8.41,19.47,,,
stress-ng --cpu 2 --cpu-load 52 --quiet --timeout 60s,26,4/27/2026,15:20:03,26.61,8.41,18.31,,,
stress-ng --cpu 2 --cpu-load 52 --quiet --timeout 60s,26,4/27/2026,15:20:04,26.86,8.41,18.31,,,
stress-ng --cpu 2 --cpu-load 52 --quiet --timeout 60s,26,4/27/2026,15:20:05,26.11,8.41,18.96,,,
stress-ng --cpu 2 --cpu-load 52 --quiet --timeout 60s,26,4/27/2026,15:20:06,27.04,8.41,18.73,,,
stress-ng --cpu 2 --cpu-load 52 --quiet --timeout 60s,26,4/27/2026,15:20:07,27.29,8.41,18.73,,,
stress-ng --cpu 2 --cpu-load 52 --quiet --timeout 60s,26,4/27/2026,15:20:08,26.3,8.41,18.98,,,
stress-ng --cpu 2 --cpu-load 52 --quiet --timeout 60s,26,4/27/2026,15:20:09,26.68,8.41,19.45,,,
stress-ng --cpu 2 --cpu-load 52 --quiet --timeout 60s,26,4/27/2026,15:20:10,27.04,8.41,19.45,,,
stress-ng --cpu 2 --cpu-load 52 --quiet --timeout 60s,26,4/27/2026,15:20:11,26.61,8.41,18.83,,,
stress-ng --cpu 2 --cpu-load 52 --quiet --timeout 60s,26,4/27/2026,15:20:12,26.86,8.41,19.07,,,
stress-ng --cpu 2 --cpu-load 52 --quiet --timeout 60s,26,4/27/2026,15:20:13,26.79,8.41,19.07,,,
stress-ng --cpu 2 --cpu-load 52 --quiet --timeout 60s,26,4/27/2026,15:20:14,25.68,8.41,18.79,,,
stress-ng --cpu 2 --cpu-load 52 --quiet --timeout 60s,26,4/27/2026,15:20:15,27.29,8.41,19.49,,,
stress-ng --cpu 2 --cpu-load 52 --quiet --timeout 60s,26,4/27/2026,15:20:16,26.61,8.41,19.49,,,
stress-ng --cpu 2 --cpu-load 52 --quiet --timeout 60s,26,4/27/2026,15:20:17,25.87,8.41,18.65,,,
stress-ng --cpu 2 --cpu-load 52 --quiet --timeout 60s,26,4/27/2026,15:20:18,27.54,8.41,18.4,,,
stress-ng --cpu 2 --cpu-load 52 --quiet --timeout 60s,26,4/27/2026,15:20:19,26.36,8.41,18.4,,,
stress-ng --cpu 2 --cpu-load 52 --quiet --timeout 60s,26,4/27/2026,15:20:20,26.79,8.41,18.76,,,
stress-ng --cpu 2 --cpu-load 52 --quiet --timeout 60s,26,4/27/2026,15:20:21,26.43,8.41,18.58,,,
stress-ng --cpu 2 --cpu-load 52 --quiet --timeout 60s,26,4/27/2026,15:20:22,26.3,8.41,18.58,,,
stress-ng --cpu 2 --cpu-load 52 --quiet --timeout 60s,26,4/27/2026,15:20:23,27.4,8.41,18.83,,,
stress-ng --cpu 2 --cpu-load 52 --quiet --timeout 60s,26,4/27/2026,15:20:24,26.68,8.41,18.92,,,
stress-ng --cpu 2 --cpu-load 52 --quiet --timeout 60s,26,4/27/2026,15:20:25,26.23,8.41,18.92,,,
stress-ng --cpu 2 --cpu-load 52 --quiet --timeout 60s,26,4/27/2026,15:20:26,27.36,8.41,18.7,,,
stress-ng --cpu 2 --cpu-load 52 --quiet --timeout 60s,26,4/27/2026,15:20:27,26.3,8.41,18.47,,,
stress-ng --cpu 2 --cpu-load 52 --quiet --timeout 60s,26,4/27/2026,15:20:28,26.36,8.41,18.47,,,
stress-ng --cpu 2 --cpu-load 52 --quiet --timeout 60s,26,4/27/2026,15:20:29,26.79,8.41,19.1,,,
stress-ng --cpu 2 --cpu-load 52 --quiet --timeout 60s,26,4/27/2026,15:20:30,26.55,8.41,18.42,,,
stress-ng --cpu 2 --cpu-load 52 --quiet --timeout 60s,26,4/27/2026,15:20:31,26.61,8.41,18.42,,,
stress-ng --cpu 2 --cpu-load 52 --quiet --timeout 60s,26,4/27/2026,15:20:32,27.22,8.41,18.59,,,
stress-ng --cpu 2 --cpu-load 52 --quiet --timeout 60s,26,4/27/2026,15:20:33,26.68,8.41,18.66,,,
stress-ng --cpu 2 --cpu-load 52 --quiet --timeout 60s,26,4/27/2026,18:27:38,6.4,8.41,9.37,,,
stress-ng --cpu 2 --cpu-load 52 --quiet --timeout 60s,26,4/27/2026,18:27:39,26.86,8.41,10.15,,,
stress-ng --cpu 2 --cpu-load 52 --quiet --timeout 60s,26,4/27/2026,18:27:40,26.79,8.41,18.79,,,
stress-ng --cpu 2 --cpu-load 52 --quiet --timeout 60s,26,4/27/2026,18:27:41,26.86,8.41,18.79,,,
stress-ng --cpu 2 --cpu-load 52 --quiet --timeout 60s,26,4/27/2026,18:27:42,27.29,8.41,17.68,,,
stress-ng --cpu 2 --cpu-load 52 --quiet --timeout 60s,26,4/27/2026,18:27:43,26.43,8.41,17.68,,,
stress-ng --cpu 2 --cpu-load 52 --quiet --timeout 60s,26,4/27/2026,18:27:44,26.3,8.41,18.52,,,
stress-ng --cpu 2 --cpu-load 52 --quiet --timeout 60s,26,4/27/2026,18:27:45,26.79,8.41,18.16,,,
stress-ng --cpu 2 --cpu-load 52 --quiet --timeout 60s,26,4/27/2026,18:27:46,26.36,8.41,18.16,,,
stress-ng --cpu 2 --cpu-load 52 --quiet --timeout 60s,26,4/27/2026,18:27:47,26.61,8.41,19.2,,,
stress-ng --cpu 2 --cpu-load 52 --quiet --timeout 60s,26,4/27/2026,18:27:48,26.61,8.41,18.31,,,
stress-ng --cpu 2 --cpu-load 52 --quiet --timeout 60s,26,4/27/2026,18:27:49,27.04,8.41,18.31,,,
stress-ng --cpu 2 --cpu-load 52 --quiet --timeout 60s,26,4/27/2026,18:27:50,26.11,8.41,18.09,,,
stress-ng --cpu 2 --cpu-load 52 --quiet --timeout 60s,26,4/27/2026,18:27:51,27.11,8.41,19.05,,,
stress-ng --cpu 2 --cpu-load 52 --quiet --timeout 60s,26,4/27/2026,18:27:52,26.61,8.41,19.05,,,
stress-ng --cpu 2 --cpu-load 52 --quiet --timeout 60s,26,4/27/2026,18:27:53,26.36,8.41,18.98,,,
stress-ng --cpu 2 --cpu-load 52 --quiet --timeout 60s,26,4/27/2026,18:27:54,27.29,8.41,19.03,,,
stress-ng --cpu 2 --cpu-load 52 --quiet --timeout 60s,26,4/27/2026,18:27:55,26.91,8.41,19.03,,,
stress-ng --cpu 2 --cpu-load 52 --quiet --timeout 60s,26,4/27/2026,18:27:56,26.55,8.41,19.05,,,
stress-ng --cpu 2 --cpu-load 52 --quiet --timeout 60s,26,4/27/2026,18:27:57,27.11,8.41,18.46,,,
stress-ng --cpu 2 --cpu-load 52 --quiet --timeout 60s,26,4/27/2026,18:27:58,25.99,8.41,18.46,,,
stress-ng --cpu 2 --cpu-load 52 --quiet --timeout 60s,26,4/27/2026,18:27:59,27.36,8.41,18.73,,,
stress-ng --cpu 2 --cpu-load 52 --quiet --timeout 60s,26,4/27/2026,18:28:00,26.11,8.41,18.25,,,
stress-ng --cpu 2 --cpu-load 52 --quiet --timeout 60s,26,4/27/2026,18:28:01,26.79,8.41,18.25,,,
stress-ng --cpu 2 --cpu-load 52 --quiet --timeout 60s,26,4/27/2026,18:28:02,27.29,8.41,19.1,,,
stress-ng --cpu 2 --cpu-load 52 --quiet --timeout 60s,26,4/27/2026,18:28:03,27.04,8.41,17.57,,,
stress-ng --cpu 2 --cpu-load 52 --quiet --timeout 60s,26,4/27/2026,18:28:04,26.23,8.41,17.57,,,
stress-ng --cpu 2 --cpu-load 52 --quiet --timeout 60s,26,4/27/2026,18:28:05,27.36,8.41,18,,,
stress-ng --cpu 2 --cpu-load 52 --quiet --timeout 60s,26,4/27/2026,18:28:06,25.87,8.41,18.49,,,
stress-ng --cpu 2 --cpu-load 52 --quiet --timeout 60s,26,4/27/2026,18:28:07,27.18,8.41,18.49,,,
stress-ng --cpu 2 --cpu-load 52 --quiet --timeout 60s,26,4/27/2026,18:28:08,26.23,8.41,19.12,,,
stress-ng --cpu 2 --cpu-load 52 --quiet --timeout 60s,26,4/27/2026,18:28:09,27.43,8.41,18.39,,,
stress-ng --cpu 2 --cpu-load 52 --quiet --timeout 60s,26,4/27/2026,18:28:10,30.84,8.41,19.72,,,
stress-ng --cpu 2 --cpu-load 52 --quiet --timeout 60s,26,4/27/2026,18:28:11,26.68,8.41,19.72,,,
stress-ng --cpu 2 --cpu-load 52 --quiet --timeout 60s,26,4/27/2026,18:28:12,26.48,8.41,19.08,,,
stress-ng --cpu 2 --cpu-load 52 --quiet --timeout 60s,26,4/27/2026,18:28:13,26.68,8.41,19.08,,,
stress-ng --cpu 2 --cpu-load 52 --quiet --timeout 60s,26,4/27/2026,18:28:14,27.04,8.41,18.34,,,
stress-ng --cpu 2 --cpu-load 52 --quiet --timeout 60s,26,4/27/2026,18:28:15,26.36,8.41,17.74,,,
stress-ng --cpu 2 --cpu-load 52 --quiet --timeout 60s,26,4/27/2026,18:28:16,27.04,8.41,17.74,,,
stress-ng --cpu 2 --cpu-load 52 --quiet --timeout 60s,26,4/27/2026,18:28:17,26.18,8.41,19.51,,,
stress-ng --cpu 2 --cpu-load 52 --quiet --timeout 60s,26,4/27/2026,18:28:18,27.29,8.41,18.66,,,
stress-ng --cpu 2 --cpu-load 52 --quiet --timeout 60s,26,4/27/2026,18:28:19,26.61,8.42,18.66,,,
stress-ng --cpu 2 --cpu-load 52 --quiet --timeout 60s,26,4/27/2026,18:28:20,27.11,8.42,19.01,,,
stress-ng --cpu 2 --cpu-load 52 --quiet --timeout 60s,26,4/27/2026,18:28:21,26.05,8.42,17.84,,,
stress-ng --cpu 2 --cpu-load 52 --quiet --timeout 60s,26,4/27/2026,18:28:22,27.18,8.42,17.84,,,
stress-ng --cpu 2 --cpu-load 52 --quiet --timeout 60s,26,4/27/2026,18:28:23,26.55,8.42,18.71,,,
stress-ng --cpu 2 --cpu-load 52 --quiet --timeout 60s,26,4/27/2026,18:28:24,26.36,8.42,18.5,,,
stress-ng --cpu 2 --cpu-load 52 --quiet --timeout 60s,26,4/27/2026,18:28:25,27.11,8.42,18.5,,,
stress-ng --cpu 2 --cpu-load 52 --quiet --timeout 60s,26,4/27/2026,18:28:26,26.73,8.42,18.62,,,
stress-ng --cpu 2 --cpu-load 52 --quiet --timeout 60s,26,4/27/2026,18:28:27,26.36,8.42,18.62,,,
stress-ng --cpu 2 --cpu-load 52 --quiet --timeout 60s,26,4/27/2026,18:28:28,27.29,8.42,18.8,,,
stress-ng --cpu 2 --cpu-load 52 --quiet --timeout 60s,26,4/27/2026,18:28:29,26.86,8.42,19.18,,,
stress-ng --cpu 2 --cpu-load 52 --quiet --timeout 60s,26,4/27/2026,18:28:30,26.36,8.42,19.18,,,
stress-ng --cpu 2 --cpu-load 52 --quiet --timeout 60s,26,4/27/2026,18:28:31,27.22,8.42,19.06,,,
stress-ng --cpu 2 --cpu-load 52 --quiet --timeout 60s,26,4/27/2026,18:28:32,25.93,8.42,18.63,,,
stress-ng --cpu 2 --cpu-load 52 --quiet --timeout 60s,26,4/27/2026,18:28:33,27.29,8.42,18.63,,,
stress-ng --cpu 2 --cpu-load 52 --quiet --timeout 60s,26,4/27/2026,18:28:34,26.11,8.42,18.9,,,
stress-ng --cpu 2 --cpu-load 52 --quiet --timeout 60s,26,4/27/2026,18:28:35,27.04,8.42,19.16,,,
stress-ng --cpu 2 --cpu-load 52 --quiet --timeout 60s,26,4/27/2026,18:28:36,26.545,8.415,19.16,,,
stress-ng --cpu 2 --cpu-load 52 --quiet --timeout 60s,26,4/27/2026,18:28:37,26.05,8.41,18.74,,,
stress-ng --cpu 2 --cpu-load 52 --quiet --timeout 60s,26,4/27/2026,18:28:38,27.54,8.41,19.07,,,
stress-ng --cpu 2 --cpu-load 54 --quiet --timeout 60s,27,4/27/2026,13:07:31,11.13,8.41,9.42,,,
stress-ng --cpu 2 --cpu-load 54 --quiet --timeout 60s,27,4/27/2026,13:07:32,27.47,8.41,13.72,,,
stress-ng --cpu 2 --cpu-load 54 --quiet --timeout 60s,27,4/27/2026,13:07:33,27.61,8.41,13.72,,,
stress-ng --cpu 2 --cpu-load 54 --quiet --timeout 60s,27,4/27/2026,13:07:34,27.68,8.41,19.14,,,
stress-ng --cpu 2 --cpu-load 54 --quiet --timeout 60s,27,4/27/2026,13:07:35,27.79,8.41,19.14,,,
stress-ng --cpu 2 --cpu-load 54 --quiet --timeout 60s,27,4/27/2026,13:07:36,27.61,8.41,20,,,
stress-ng --cpu 2 --cpu-load 54 --quiet --timeout 60s,27,4/27/2026,13:07:37,27.29,8.41,21.54,,,
stress-ng --cpu 2 --cpu-load 54 --quiet --timeout 60s,27,4/27/2026,13:07:38,27.97,8.41,21.54,,,
stress-ng --cpu 2 --cpu-load 54 --quiet --timeout 60s,27,4/27/2026,13:07:39,27.5,8.41,23.03,,,
stress-ng --cpu 2 --cpu-load 54 --quiet --timeout 60s,27,4/27/2026,13:07:40,27.47,8.41,22.85,,,
stress-ng --cpu 2 --cpu-load 54 --quiet --timeout 60s,27,4/27/2026,13:07:41,27.93,8.41,22.85,,,
stress-ng --cpu 2 --cpu-load 54 --quiet --timeout 60s,27,4/27/2026,13:07:42,27.29,8.41,22.56,,,
stress-ng --cpu 2 --cpu-load 54 --quiet --timeout 60s,27,4/27/2026,13:07:43,27.61,8.41,21.04,,,
stress-ng --cpu 2 --cpu-load 54 --quiet --timeout 60s,27,4/27/2026,13:07:44,27.61,8.41,21.04,,,
stress-ng --cpu 2 --cpu-load 54 --quiet --timeout 60s,27,4/27/2026,13:07:45,27.61,8.41,21.49,,,
stress-ng --cpu 2 --cpu-load 54 --quiet --timeout 60s,27,4/27/2026,13:07:46,27.72,8.41,22.43,,,
stress-ng --cpu 2 --cpu-load 54 --quiet --timeout 60s,27,4/27/2026,13:07:47,27.86,8.41,23.39,,,
stress-ng --cpu 2 --cpu-load 54 --quiet --timeout 60s,27,4/27/2026,13:07:48,27.36,8.41,23.39,,,
stress-ng --cpu 2 --cpu-load 54 --quiet --timeout 60s,27,4/27/2026,13:07:49,27.79,8.41,22.4,,,
stress-ng --cpu 2 --cpu-load 54 --quiet --timeout 60s,27,4/27/2026,13:07:50,28.1,8.41,22.4,,,
stress-ng --cpu 2 --cpu-load 54 --quiet --timeout 60s,27,4/27/2026,13:07:51,27.04,8.41,22.12,,,
stress-ng --cpu 2 --cpu-load 54 --quiet --timeout 60s,27,4/27/2026,13:07:52,28.03,8.41,22.07,,,
stress-ng --cpu 2 --cpu-load 54 --quiet --timeout 60s,27,4/27/2026,13:07:53,27.54,8.41,22.07,,,
stress-ng --cpu 2 --cpu-load 54 --quiet --timeout 60s,27,4/27/2026,13:07:54,28.35,8.41,21.72,,,
stress-ng --cpu 2 --cpu-load 54 --quiet --timeout 60s,27,4/27/2026,13:07:55,27.61,8.41,21.28,,,
stress-ng --cpu 2 --cpu-load 54 --quiet --timeout 60s,27,4/27/2026,13:07:56,27.86,8.41,21.28,,,
stress-ng --cpu 2 --cpu-load 54 --quiet --timeout 60s,27,4/27/2026,13:07:57,27.29,8.41,21.73,,,
stress-ng --cpu 2 --cpu-load 54 --quiet --timeout 60s,27,4/27/2026,13:07:58,28.1,8.41,22.48,,,
stress-ng --cpu 2 --cpu-load 54 --quiet --timeout 60s,27,4/27/2026,13:07:59,27.36,8.41,22.48,,,
stress-ng --cpu 2 --cpu-load 54 --quiet --timeout 60s,27,4/27/2026,13:08:00,27.97,8.41,22.83,,,
stress-ng --cpu 2 --cpu-load 54 --quiet --timeout 60s,27,4/27/2026,13:08:01,27.36,8.41,22.09,,,
stress-ng --cpu 2 --cpu-load 54 --quiet --timeout 60s,27,4/27/2026,13:08:02,28.28,8.41,22.09,,,
stress-ng --cpu 2 --cpu-load 54 --quiet --timeout 60s,27,4/27/2026,13:08:03,27.54,8.41,21.58,,,
stress-ng --cpu 2 --cpu-load 54 --quiet --timeout 60s,27,4/27/2026,13:08:04,28.1,8.41,22.07,,,
stress-ng --cpu 2 --cpu-load 54 --quiet --timeout 60s,27,4/27/2026,13:08:05,27.93,8.41,22.07,,,
stress-ng --cpu 2 --cpu-load 54 --quiet --timeout 60s,27,4/27/2026,13:08:06,27.47,8.41,21.62,,,
stress-ng --cpu 2 --cpu-load 54 --quiet --timeout 60s,27,4/27/2026,13:08:07,27.36,8.41,21.76,,,
stress-ng --cpu 2 --cpu-load 54 --quiet --timeout 60s,27,4/27/2026,13:08:08,27.86,8.41,21.76,,,
stress-ng --cpu 2 --cpu-load 54 --quiet --timeout 60s,27,4/27/2026,13:08:09,27.43,8.41,22.66,,,
stress-ng --cpu 2 --cpu-load 54 --quiet --timeout 60s,27,4/27/2026,13:08:10,27.72,8.41,22.1,,,
stress-ng --cpu 2 --cpu-load 54 --quiet --timeout 60s,27,4/27/2026,13:08:11,27.86,8.41,22.1,,,
stress-ng --cpu 2 --cpu-load 54 --quiet --timeout 60s,27,4/27/2026,13:08:12,27.11,8.41,22.59,,,
stress-ng --cpu 2 --cpu-load 54 --quiet --timeout 60s,27,4/27/2026,13:08:13,28.1,8.41,22.74,,,
stress-ng --cpu 2 --cpu-load 54 --quiet --timeout 60s,27,4/27/2026,13:08:14,27.54,8.41,23.34,,,
stress-ng --cpu 2 --cpu-load 54 --quiet --timeout 60s,27,4/27/2026,13:08:15,27.61,8.41,23.34,,,
stress-ng --cpu 2 --cpu-load 54 --quiet --timeout 60s,27,4/27/2026,13:08:16,27.68,8.41,23.16,,,
stress-ng --cpu 2 --cpu-load 54 --quiet --timeout 60s,27,4/27/2026,13:08:17,27.86,8.41,23.16,,,
stress-ng --cpu 2 --cpu-load 54 --quiet --timeout 60s,27,4/27/2026,13:08:18,27.29,8.41,23.46,,,
stress-ng --cpu 2 --cpu-load 54 --quiet --timeout 60s,27,4/27/2026,13:08:19,28.03,8.41,22.42,,,
stress-ng --cpu 2 --cpu-load 54 --quiet --timeout 60s,27,4/27/2026,13:08:20,28.03,8.41,22.42,,,
stress-ng --cpu 2 --cpu-load 54 --quiet --timeout 60s,27,4/27/2026,13:08:21,27.79,8.41,22.15,,,
stress-ng --cpu 2 --cpu-load 54 --quiet --timeout 60s,27,4/27/2026,13:08:22,27.36,8.41,21.26,,,
stress-ng --cpu 2 --cpu-load 54 --quiet --timeout 60s,27,4/27/2026,13:08:23,27.86,8.41,21.26,,,
stress-ng --cpu 2 --cpu-load 54 --quiet --timeout 60s,27,4/27/2026,13:08:24,27.47,8.41,21.51,,,
stress-ng --cpu 2 --cpu-load 54 --quiet --timeout 60s,27,4/27/2026,13:08:25,27.54,8.41,21.35,,,
stress-ng --cpu 2 --cpu-load 54 --quiet --timeout 60s,27,4/27/2026,13:08:26,28.28,8.41,21.35,,,
stress-ng --cpu 2 --cpu-load 54 --quiet --timeout 60s,27,4/27/2026,13:08:27,27.43,8.41,21.8,,,
stress-ng --cpu 2 --cpu-load 54 --quiet --timeout 60s,27,4/27/2026,13:08:28,27.54,8.41,21.83,,,
stress-ng --cpu 2 --cpu-load 54 --quiet --timeout 60s,27,4/27/2026,13:08:29,27.86,8.41,21.83,,,
stress-ng --cpu 2 --cpu-load 54 --quiet --timeout 60s,27,4/27/2026,13:08:30,27.79,8.41,21.29,,,
stress-ng --cpu 2 --cpu-load 54 --quiet --timeout 60s,27,4/27/2026,13:08:31,9,8.42,20.71,,,
stress-ng --cpu 2 --cpu-load 54 --quiet --timeout 60s,27,4/27/2026,15:39:34,12.09,8.39,9.41,,,
stress-ng --cpu 2 --cpu-load 54 --quiet --timeout 60s,27,4/27/2026,15:39:35,27.43,8.39,13.71,,,
stress-ng --cpu 2 --cpu-load 54 --quiet --timeout 60s,27,4/27/2026,15:39:36,27.86,8.39,13.71,,,
stress-ng --cpu 2 --cpu-load 54 --quiet --timeout 60s,27,4/27/2026,15:39:37,27.9,8.39,20.74,,,
stress-ng --cpu 2 --cpu-load 54 --quiet --timeout 60s,27,4/27/2026,15:39:38,27.61,8.39,22.2,,,
stress-ng --cpu 2 --cpu-load 54 --quiet --timeout 60s,27,4/27/2026,15:39:39,27.86,8.39,22.2,,,
stress-ng --cpu 2 --cpu-load 54 --quiet --timeout 60s,27,4/27/2026,15:39:40,27.36,8.39,22.71,,,
stress-ng --cpu 2 --cpu-load 54 --quiet --timeout 60s,27,4/27/2026,15:39:41,28.03,8.39,23.13,,,
stress-ng --cpu 2 --cpu-load 54 --quiet --timeout 60s,27,4/27/2026,15:39:42,27.36,8.39,23.13,,,
stress-ng --cpu 2 --cpu-load 54 --quiet --timeout 60s,27,4/27/2026,15:39:43,27.61,8.39,21.73,,,
stress-ng --cpu 2 --cpu-load 54 --quiet --timeout 60s,27,4/27/2026,15:39:44,27.79,8.39,20.01,,,
stress-ng --cpu 2 --cpu-load 54 --quiet --timeout 60s,27,4/27/2026,15:39:45,27.61,8.39,20.01,,,
stress-ng --cpu 2 --cpu-load 54 --quiet --timeout 60s,27,4/27/2026,15:39:46,27.29,8.39,22.55,,,
stress-ng --cpu 2 --cpu-load 54 --quiet --timeout 60s,27,4/27/2026,15:39:47,28.03,8.39,23.08,,,
stress-ng --cpu 2 --cpu-load 54 --quiet --timeout 60s,27,4/27/2026,15:39:48,27.36,8.39,23.08,,,
stress-ng --cpu 2 --cpu-load 54 --quiet --timeout 60s,27,4/27/2026,15:39:49,28.03,8.39,22.37,,,
stress-ng --cpu 2 --cpu-load 54 --quiet --timeout 60s,27,4/27/2026,15:39:50,27.61,8.39,22.11,,,
stress-ng --cpu 2 --cpu-load 54 --quiet --timeout 60s,27,4/27/2026,15:39:51,27.61,8.39,22.11,,,
stress-ng --cpu 2 --cpu-load 54 --quiet --timeout 60s,27,4/27/2026,15:39:52,27.36,8.39,21.825,,,
stress-ng --cpu 2 --cpu-load 54 --quiet --timeout 60s,27,4/27/2026,15:39:53,27.68,8.39,21.54,,,
stress-ng --cpu 2 --cpu-load 54 --quiet --timeout 60s,27,4/27/2026,15:39:54,27.54,8.39,22.53,,,
stress-ng --cpu 2 --cpu-load 54 --quiet --timeout 60s,27,4/27/2026,15:39:55,27.61,8.39,22.53,,,
stress-ng --cpu 2 --cpu-load 54 --quiet --timeout 60s,27,4/27/2026,15:39:56,27.7,8.39,22.62,,,
stress-ng --cpu 2 --cpu-load 54 --quiet --timeout 60s,27,4/27/2026,15:39:57,27.79,8.39,23.46,,,
stress-ng --cpu 2 --cpu-load 54 --quiet --timeout 60s,27,4/27/2026,15:39:58,27.11,8.39,23.46,,,
stress-ng --cpu 2 --cpu-load 54 --quiet --timeout 60s,27,4/27/2026,15:39:59,27.61,8.39,22.37,,,
stress-ng --cpu 2 --cpu-load 54 --quiet --timeout 60s,27,4/27/2026,15:40:00,27.79,8.39,22.14,,,
stress-ng --cpu 2 --cpu-load 54 --quiet --timeout 60s,27,4/27/2026,15:40:01,27.61,8.39,22.14,,,
stress-ng --cpu 2 --cpu-load 54 --quiet --timeout 60s,27,4/27/2026,15:40:02,27.36,8.39,22.36,,,
stress-ng --cpu 2 --cpu-load 54 --quiet --timeout 60s,27,4/27/2026,15:40:03,27.54,8.39,22.6,,,
stress-ng --cpu 2 --cpu-load 54 --quiet --timeout 60s,27,4/27/2026,15:40:04,28.53,8.39,22.6,,,
stress-ng --cpu 2 --cpu-load 54 --quiet --timeout 60s,27,4/27/2026,15:40:05,27.79,8.39,22.99,,,
stress-ng --cpu 2 --cpu-load 54 --quiet --timeout 60s,27,4/27/2026,15:40:06,27.36,8.39,22.52,,,
stress-ng --cpu 2 --cpu-load 54 --quiet --timeout 60s,27,4/27/2026,15:40:07,27.61,8.39,22.52,,,
stress-ng --cpu 2 --cpu-load 54 --quiet --timeout 60s,27,4/27/2026,15:40:08,27.54,8.39,21.65,,,
stress-ng --cpu 2 --cpu-load 54 --quiet --timeout 60s,27,4/27/2026,15:40:09,28.28,8.39,21.33,,,
stress-ng --cpu 2 --cpu-load 54 --quiet --timeout 60s,27,4/27/2026,15:40:10,27.43,8.39,21.33,,,
stress-ng --cpu 2 --cpu-load 54 --quiet --timeout 60s,27,4/27/2026,15:40:11,27.97,8.39,22.4,,,
stress-ng --cpu 2 --cpu-load 54 --quiet --timeout 60s,27,4/27/2026,15:40:12,27.86,8.39,23.11,,,
stress-ng --cpu 2 --cpu-load 54 --quiet --timeout 60s,27,4/27/2026,15:40:13,27.11,8.39,23.11,,,
stress-ng --cpu 2 --cpu-load 54 --quiet --timeout 60s,27,4/27/2026,15:40:14,27.86,8.39,22.43,,,
stress-ng --cpu 2 --cpu-load 54 --quiet --timeout 60s,27,4/27/2026,15:40:15,27.72,8.39,21.58,,,
stress-ng --cpu 2 --cpu-load 54 --quiet --timeout 60s,27,4/27/2026,15:40:16,27.61,8.39,21.58,,,
stress-ng --cpu 2 --cpu-load 54 --quiet --timeout 60s,27,4/27/2026,15:40:17,27.54,8.39,22.02,,,
stress-ng --cpu 2 --cpu-load 54 --quiet --timeout 60s,27,4/27/2026,15:40:18,27.61,8.39,22.13,,,
stress-ng --cpu 2 --cpu-load 54 --quiet --timeout 60s,27,4/27/2026,15:40:19,27.79,8.39,22.13,,,
stress-ng --cpu 2 --cpu-load 54 --quiet --timeout 60s,27,4/27/2026,15:40:20,27.93,8.39,22.7,,,
stress-ng --cpu 2 --cpu-load 54 --quiet --timeout 60s,27,4/27/2026,15:40:21,26.98,8.39,23.31,,,
stress-ng --cpu 2 --cpu-load 54 --quiet --timeout 60s,27,4/27/2026,15:40:22,27.93,8.39,23.31,,,
stress-ng --cpu 2 --cpu-load 54 --quiet --timeout 60s,27,4/27/2026,15:40:23,27.72,8.39,22.09,,,
stress-ng --cpu 2 --cpu-load 54 --quiet --timeout 60s,27,4/27/2026,15:40:24,27.93,8.39,21.68,,,
stress-ng --cpu 2 --cpu-load 54 --quiet --timeout 60s,27,4/27/2026,15:40:25,27.54,8.39,21.68,,,
stress-ng --cpu 2 --cpu-load 54 --quiet --timeout 60s,27,4/27/2026,15:40:26,27.36,8.39,21.93,,,
stress-ng --cpu 2 --cpu-load 54 --quiet --timeout 60s,27,4/27/2026,15:40:27,28.28,8.39,22,,,
stress-ng --cpu 2 --cpu-load 54 --quiet --timeout 60s,27,4/27/2026,15:40:28,27.36,8.39,22,,,
stress-ng --cpu 2 --cpu-load 54 --quiet --timeout 60s,27,4/27/2026,15:40:29,27.29,8.39,22.07,,,
stress-ng --cpu 2 --cpu-load 54 --quiet --timeout 60s,27,4/27/2026,15:40:30,28.1,8.39,22.09,,,
stress-ng --cpu 2 --cpu-load 54 --quiet --timeout 60s,27,4/27/2026,15:40:31,27.29,8.39,22.09,,,
stress-ng --cpu 2 --cpu-load 54 --quiet --timeout 60s,27,4/27/2026,15:40:32,27.68,8.39,22.55,,,
stress-ng --cpu 2 --cpu-load 54 --quiet --timeout 60s,27,4/27/2026,15:40:33,27.79,8.39,22.27,,,
stress-ng --cpu 2 --cpu-load 54 --quiet --timeout 60s,27,4/27/2026,15:40:34,27.61,8.39,22.27,,,
stress-ng --cpu 2 --cpu-load 54 --quiet --timeout 60s,27,4/27/2026,18:29:38,1.23,8.39,9.14,,,
stress-ng --cpu 2 --cpu-load 54 --quiet --timeout 60s,27,4/27/2026,18:29:39,25.55,8.42,9.99,,,
stress-ng --cpu 2 --cpu-load 54 --quiet --timeout 60s,27,4/27/2026,18:29:40,27.54,8.42,19.83,,,
stress-ng --cpu 2 --cpu-load 54 --quiet --timeout 60s,27,4/27/2026,18:29:41,27.75,8.42,19.83,,,
stress-ng --cpu 2 --cpu-load 54 --quiet --timeout 60s,27,4/27/2026,18:29:42,27.61,8.42,20.52,,,
stress-ng --cpu 2 --cpu-load 54 --quiet --timeout 60s,27,4/27/2026,18:29:43,27.61,8.42,20.52,,,
stress-ng --cpu 2 --cpu-load 54 --quiet --timeout 60s,27,4/27/2026,18:29:44,27.47,8.42,19.99,,,
stress-ng --cpu 2 --cpu-load 54 --quiet --timeout 60s,27,4/27/2026,18:29:45,27.86,8.42,21.03,,,
stress-ng --cpu 2 --cpu-load 54 --quiet --timeout 60s,27,4/27/2026,18:29:46,28.28,8.42,21.03,,,
stress-ng --cpu 2 --cpu-load 54 --quiet --timeout 60s,27,4/27/2026,18:29:47,27.36,8.42,22.33,,,
stress-ng --cpu 2 --cpu-load 54 --quiet --timeout 60s,27,4/27/2026,18:29:48,27.43,8.42,22.33,,,
stress-ng --cpu 2 --cpu-load 54 --quiet --timeout 60s,27,4/27/2026,18:29:49,28.28,8.42,22.33,,,
stress-ng --cpu 2 --cpu-load 54 --quiet --timeout 60s,27,4/27/2026,18:29:50,27.29,8.42,22.33,,,
stress-ng --cpu 2 --cpu-load 54 --quiet --timeout 60s,27,4/27/2026,18:29:51,27.86,8.42,22.87,,,
stress-ng --cpu 2 --cpu-load 54 --quiet --timeout 60s,27,4/27/2026,18:29:52,27.61,8.42,22.87,,,
stress-ng --cpu 2 --cpu-load 54 --quiet --timeout 60s,27,4/27/2026,18:29:53,28.03,8.42,22.83,,,
stress-ng --cpu 2 --cpu-load 54 --quiet --timeout 60s,27,4/27/2026,18:29:54,27.29,8.43,23.07,,,
stress-ng --cpu 2 --cpu-load 54 --quiet --timeout 60s,27,4/27/2026,18:29:55,27.68,8.43,23.07,,,
stress-ng --cpu 2 --cpu-load 54 --quiet --timeout 60s,27,4/27/2026,18:29:56,27.61,8.43,23.22,,,
stress-ng --cpu 2 --cpu-load 54 --quiet --timeout 60s,27,4/27/2026,18:29:57,27.54,8.43,22.97,,,
stress-ng --cpu 2 --cpu-load 54 --quiet --timeout 60s,27,4/27/2026,18:29:58,27.61,8.43,22.97,,,
stress-ng --cpu 2 --cpu-load 54 --quiet --timeout 60s,27,4/27/2026,18:29:59,28.28,8.43,21.8,,,
stress-ng --cpu 2 --cpu-load 54 --quiet --timeout 60s,27,4/27/2026,18:30:00,27.29,8.43,21.83,,,
stress-ng --cpu 2 --cpu-load 54 --quiet --timeout 60s,27,4/27/2026,18:30:01,28.1,8.42,21.83,,,
stress-ng --cpu 2 --cpu-load 54 --quiet --timeout 60s,27,4/27/2026,18:30:02,27.86,8.42,20.93,,,
stress-ng --cpu 2 --cpu-load 54 --quiet --timeout 60s,27,4/27/2026,18:30:03,27.29,8.42,21.06,,,
stress-ng --cpu 2 --cpu-load 54 --quiet --timeout 60s,27,4/27/2026,18:30:04,28.35,8.42,21.06,,,
stress-ng --cpu 2 --cpu-load 54 --quiet --timeout 60s,27,4/27/2026,18:30:05,27.04,8.42,21.55,,,
stress-ng --cpu 2 --cpu-load 54 --quiet --timeout 60s,27,4/27/2026,18:30:06,28.1,8.42,21.74,,,
stress-ng --cpu 2 --cpu-load 54 --quiet --timeout 60s,27,4/27/2026,18:30:07,28.03,8.42,22.28,,,
stress-ng --cpu 2 --cpu-load 54 --quiet --timeout 60s,27,4/27/2026,18:30:08,27.43,8.42,22.28,,,
stress-ng --cpu 2 --cpu-load 54 --quiet --timeout 60s,27,4/27/2026,18:30:09,28.14,8.43,22.41,,,
stress-ng --cpu 2 --cpu-load 54 --quiet --timeout 60s,27,4/27/2026,18:30:10,27.68,8.43,22.41,,,
stress-ng --cpu 2 --cpu-load 54 --quiet --timeout 60s,27,4/27/2026,18:30:11,27.47,8.43,23.16,,,
stress-ng --cpu 2 --cpu-load 54 --quiet --timeout 60s,27,4/27/2026,18:30:12,27.86,8.43,22.47,,,
stress-ng --cpu 2 --cpu-load 54 --quiet --timeout 60s,27,4/27/2026,18:30:13,27.36,8.43,22.47,,,
stress-ng --cpu 2 --cpu-load 54 --quiet --timeout 60s,27,4/27/2026,18:30:14,27.97,8.43,22.07,,,
stress-ng --cpu 2 --cpu-load 54 --quiet --timeout 60s,27,4/27/2026,18:30:15,28.17,8.43,21.1,,,
stress-ng --cpu 2 --cpu-load 54 --quiet --timeout 60s,27,4/27/2026,18:30:16,27.36,8.43,21.1,,,
stress-ng --cpu 2 --cpu-load 54 --quiet --timeout 60s,27,4/27/2026,18:30:17,28.03,8.42,20.56,,,
stress-ng --cpu 2 --cpu-load 54 --quiet --timeout 60s,27,4/27/2026,18:30:18,27.61,8.42,21.19,,,
stress-ng --cpu 2 --cpu-load 54 --quiet --timeout 60s,27,4/27/2026,18:30:19,27.43,8.42,21.19,,,
stress-ng --cpu 2 --cpu-load 54 --quiet --timeout 60s,27,4/27/2026,18:30:20,28.46,8.42,20.41,,,
stress-ng --cpu 2 --cpu-load 54 --quiet --timeout 60s,27,4/27/2026,18:30:21,27.36,8.42,21.01,,,
stress-ng --cpu 2 --cpu-load 54 --quiet --timeout 60s,27,4/27/2026,18:30:22,27.79,8.42,21.01,,,
stress-ng --cpu 2 --cpu-load 54 --quiet --timeout 60s,27,4/27/2026,18:30:23,27.61,8.42,21.16,,,
stress-ng --cpu 2 --cpu-load 54 --quiet --timeout 60s,27,4/27/2026,18:30:24,27.86,8.42,20.66,,,
stress-ng --cpu 2 --cpu-load 54 --quiet --timeout 60s,27,4/27/2026,18:30:25,26.86,8.42,20.66,,,
stress-ng --cpu 2 --cpu-load 54 --quiet --timeout 60s,27,4/27/2026,18:30:26,27.86,8.42,20.68,,,
stress-ng --cpu 2 --cpu-load 54 --quiet --timeout 60s,27,4/27/2026,18:30:27,27.54,8.42,20.64,,,
stress-ng --cpu 2 --cpu-load 54 --quiet --timeout 60s,27,4/27/2026,18:30:28,28.53,8.42,20.64,,,
stress-ng --cpu 2 --cpu-load 54 --quiet --timeout 60s,27,4/27/2026,18:30:29,27.68,8.42,20.59,,,
stress-ng --cpu 2 --cpu-load 54 --quiet --timeout 60s,27,4/27/2026,18:30:30,27.9,8.42,20.53,,,
stress-ng --cpu 2 --cpu-load 54 --quiet --timeout 60s,27,4/27/2026,18:30:31,27.11,8.42,20.53,,,
stress-ng --cpu 2 --cpu-load 54 --quiet --timeout 60s,27,4/27/2026,18:30:32,27.54,8.42,20.49,,,
stress-ng --cpu 2 --cpu-load 54 --quiet --timeout 60s,27,4/27/2026,18:30:33,27.61,8.42,21.02,,,
stress-ng --cpu 2 --cpu-load 54 --quiet --timeout 60s,27,4/27/2026,18:30:34,28.35,8.42,21.02,,,
stress-ng --cpu 2 --cpu-load 54 --quiet --timeout 60s,27,4/27/2026,18:30:35,27.36,8.42,20.29,,,
stress-ng --cpu 2 --cpu-load 54 --quiet --timeout 60s,27,4/27/2026,18:30:36,27.54,8.42,21.33,,,
stress-ng --cpu 2 --cpu-load 54 --quiet --timeout 60s,27,4/27/2026,18:30:37,27.43,8.42,21.33,,,
stress-ng --cpu 2 --cpu-load 54 --quiet --timeout 60s,27,4/27/2026,18:30:38,21.53,8.4,20.51,,,
stress-ng --cpu 2 --cpu-load 56 --quiet --timeout 60s,28,4/27/2026,13:59:32,11.35,8.39,9.32,,,
stress-ng --cpu 2 --cpu-load 56 --quiet --timeout 60s,28,4/27/2026,13:59:33,28.17,8.39,19.03,,,
stress-ng --cpu 2 --cpu-load 56 --quiet --timeout 60s,28,4/27/2026,13:59:34,28.53,8.39,19.03,,,
stress-ng --cpu 2 --cpu-load 56 --quiet --timeout 60s,28,4/27/2026,13:59:35,29.28,8.39,19.03,,,
stress-ng --cpu 2 --cpu-load 56 --quiet --timeout 60s,28,4/27/2026,13:59:36,28.67,8.39,22.06,,,
stress-ng --cpu 2 --cpu-load 56 --quiet --timeout 60s,28,4/27/2026,13:59:37,28.6,8.39,21.88,,,
stress-ng --cpu 2 --cpu-load 56 --quiet --timeout 60s,28,4/27/2026,13:59:38,28.96,8.39,21.88,,,
stress-ng --cpu 2 --cpu-load 56 --quiet --timeout 60s,28,4/27/2026,13:59:39,28.1,8.39,23.21,,,
stress-ng --cpu 2 --cpu-load 56 --quiet --timeout 60s,28,4/27/2026,13:59:40,29.03,8.39,23.21,,,
stress-ng --cpu 2 --cpu-load 56 --quiet --timeout 60s,28,4/27/2026,13:59:41,28.35,8.39,23.21,,,
stress-ng --cpu 2 --cpu-load 56 --quiet --timeout 60s,28,4/27/2026,13:59:42,28.78,8.39,23.87,,,
stress-ng --cpu 2 --cpu-load 56 --quiet --timeout 60s,28,4/27/2026,13:59:43,28.6,8.39,23.23,,,
stress-ng --cpu 2 --cpu-load 56 --quiet --timeout 60s,28,4/27/2026,13:59:44,28.35,8.39,23.23,,,
stress-ng --cpu 2 --cpu-load 56 --quiet --timeout 60s,28,4/27/2026,13:59:45,28.71,8.39,23.37,,,
stress-ng --cpu 2 --cpu-load 56 --quiet --timeout 60s,28,4/27/2026,13:59:46,29.17,8.39,22.06,,,
stress-ng --cpu 2 --cpu-load 56 --quiet --timeout 60s,28,4/27/2026,13:59:47,28.6,8.39,22.06,,,
stress-ng --cpu 2 --cpu-load 56 --quiet --timeout 60s,28,4/27/2026,13:59:48,28.53,8.39,22,,,
stress-ng --cpu 2 --cpu-load 56 --quiet --timeout 60s,28,4/27/2026,13:59:49,28.78,8.39,21.22,,,
stress-ng --cpu 2 --cpu-load 56 --quiet --timeout 60s,28,4/27/2026,13:59:50,28.78,8.39,21.22,,,
stress-ng --cpu 2 --cpu-load 56 --quiet --timeout 60s,28,4/27/2026,13:59:51,28.85,8.39,22.27,,,
stress-ng --cpu 2 --cpu-load 56 --quiet --timeout 60s,28,4/27/2026,13:59:52,28.28,8.39,22.78,,,
stress-ng --cpu 2 --cpu-load 56 --quiet --timeout 60s,28,4/27/2026,13:59:53,28.53,8.39,23.81,,,
stress-ng --cpu 2 --cpu-load 56 --quiet --timeout 60s,28,4/27/2026,13:59:54,29.35,8.39,23.81,,,
stress-ng --cpu 2 --cpu-load 56 --quiet --timeout 60s,28,4/27/2026,13:59:55,28.53,8.39,23.41,,,
stress-ng --cpu 2 --cpu-load 56 --quiet --timeout 60s,28,4/27/2026,13:59:56,28.6,8.39,23.41,,,
stress-ng --cpu 2 --cpu-load 56 --quiet --timeout 60s,28,4/27/2026,13:59:57,28.6,8.39,23.47,,,
stress-ng --cpu 2 --cpu-load 56 --quiet --timeout 60s,28,4/27/2026,13:59:58,28.6,8.39,22.77,,,
stress-ng --cpu 2 --cpu-load 56 --quiet --timeout 60s,28,4/27/2026,13:59:59,28.6,8.39,22.77,,,
stress-ng --cpu 2 --cpu-load 56 --quiet --timeout 60s,28,4/27/2026,14:00:00,28.78,8.39,23.16,,,
stress-ng --cpu 2 --cpu-load 56 --quiet --timeout 60s,28,4/27/2026,14:00:01,28.96,8.39,22.5,,,
stress-ng --cpu 2 --cpu-load 56 --quiet --timeout 60s,28,4/27/2026,14:00:02,28.5,8.39,22.5,,,
stress-ng --cpu 2 --cpu-load 56 --quiet --timeout 60s,28,4/27/2026,14:00:03,29.03,8.39,22.43,,,
stress-ng --cpu 2 --cpu-load 56 --quiet --timeout 60s,28,4/27/2026,14:00:04,28.6,8.39,23.26,,,
stress-ng --cpu 2 --cpu-load 56 --quiet --timeout 60s,28,4/27/2026,14:00:05,28.6,8.39,23.26,,,
stress-ng --cpu 2 --cpu-load 56 --quiet --timeout 60s,28,4/27/2026,14:00:06,28.71,8.39,22.97,,,
stress-ng --cpu 2 --cpu-load 56 --quiet --timeout 60s,28,4/27/2026,14:00:07,28.6,8.39,23.38,,,
stress-ng --cpu 2 --cpu-load 56 --quiet --timeout 60s,28,4/27/2026,14:00:08,28.6,8.39,23.38,,,
stress-ng --cpu 2 --cpu-load 56 --quiet --timeout 60s,28,4/27/2026,14:00:09,28.78,8.39,23.42,,,
stress-ng --cpu 2 --cpu-load 56 --quiet --timeout 60s,28,4/27/2026,14:00:10,29.42,8.39,22.83,,,
stress-ng --cpu 2 --cpu-load 56 --quiet --timeout 60s,28,4/27/2026,14:00:11,28.78,8.39,22.83,,,
stress-ng --cpu 2 --cpu-load 56 --quiet --timeout 60s,28,4/27/2026,14:00:12,28.53,8.39,23.11,,,
stress-ng --cpu 2 --cpu-load 56 --quiet --timeout 60s,28,4/27/2026,14:00:13,28.53,8.39,22.11,,,
stress-ng --cpu 2 --cpu-load 56 --quiet --timeout 60s,28,4/27/2026,14:00:14,28.6,8.4,22.11,,,
stress-ng --cpu 2 --cpu-load 56 --quiet --timeout 60s,28,4/27/2026,14:00:15,28.35,8.4,22.92,,,
stress-ng --cpu 2 --cpu-load 56 --quiet --timeout 60s,28,4/27/2026,14:00:16,28.6,8.4,23.41,,,
stress-ng --cpu 2 --cpu-load 56 --quiet --timeout 60s,28,4/27/2026,14:00:17,28.53,8.4,23.41,,,
stress-ng --cpu 2 --cpu-load 56 --quiet --timeout 60s,28,4/27/2026,14:00:18,28.92,8.4,23.29,,,
stress-ng --cpu 2 --cpu-load 56 --quiet --timeout 60s,28,4/27/2026,14:00:19,28.53,8.4,22.68,,,
stress-ng --cpu 2 --cpu-load 56 --quiet --timeout 60s,28,4/27/2026,14:00:20,28.6,8.4,22.68,,,
stress-ng --cpu 2 --cpu-load 56 --quiet --timeout 60s,28,4/27/2026,14:00:21,28.71,8.4,23.02,,,
stress-ng --cpu 2 --cpu-load 56 --quiet --timeout 60s,28,4/27/2026,14:00:22,28.35,8.4,22.84,,,
stress-ng --cpu 2 --cpu-load 56 --quiet --timeout 60s,28,4/27/2026,14:00:23,28.53,8.4,22.84,,,
stress-ng --cpu 2 --cpu-load 56 --quiet --timeout 60s,28,4/27/2026,14:00:24,28.67,8.4,22.39,,,
stress-ng --cpu 2 --cpu-load 56 --quiet --timeout 60s,28,4/27/2026,14:00:25,28.71,8.4,23.07,,,
stress-ng --cpu 2 --cpu-load 56 --quiet --timeout 60s,28,4/27/2026,14:00:26,29.1,8.4,23.07,,,
stress-ng --cpu 2 --cpu-load 56 --quiet --timeout 60s,28,4/27/2026,14:00:27,28.6,8.4,22.95,,,
stress-ng --cpu 2 --cpu-load 56 --quiet --timeout 60s,28,4/27/2026,14:00:28,28.78,8.4,22.54,,,
stress-ng --cpu 2 --cpu-load 56 --quiet --timeout 60s,28,4/27/2026,14:00:29,28.71,8.4,22.54,,,
stress-ng --cpu 2 --cpu-load 56 --quiet --timeout 60s,28,4/27/2026,14:00:30,28.17,8.4,22.62,,,
stress-ng --cpu 2 --cpu-load 56 --quiet --timeout 60s,28,4/27/2026,14:00:31,28.44,8.4,22.85,,,
stress-ng --cpu 2 --cpu-load 56 --quiet --timeout 60s,28,4/27/2026,14:00:32,28.71,8.4,22.85,,,
stress-ng --cpu 2 --cpu-load 56 --quiet --timeout 60s,28,4/27/2026,15:49:34,1.23,8.39,9.43,,,
stress-ng --cpu 2 --cpu-load 56 --quiet --timeout 60s,28,4/27/2026,15:49:35,26.41,8.39,12.69,,,
stress-ng --cpu 2 --cpu-load 56 --quiet --timeout 60s,28,4/27/2026,15:49:36,28.85,8.39,12.69,,,
stress-ng --cpu 2 --cpu-load 56 --quiet --timeout 60s,28,4/27/2026,15:49:37,28.96,8.39,12.69,,,
stress-ng --cpu 2 --cpu-load 56 --quiet --timeout 60s,28,4/27/2026,15:49:38,28.85,8.39,22.3,,,
stress-ng --cpu 2 --cpu-load 56 --quiet --timeout 60s,28,4/27/2026,15:49:39,28.53,8.39,22.46,,,
stress-ng --cpu 2 --cpu-load 56 --quiet --timeout 60s,28,4/27/2026,15:49:40,28.6,8.39,23.38,,,
stress-ng --cpu 2 --cpu-load 56 --quiet --timeout 60s,28,4/27/2026,15:49:41,28.85,8.39,23.38,,,
stress-ng --cpu 2 --cpu-load 56 --quiet --timeout 60s,28,4/27/2026,15:49:42,28.53,8.39,23.92,,,
stress-ng --cpu 2 --cpu-load 56 --quiet --timeout 60s,28,4/27/2026,15:49:43,29.03,8.39,23.92,,,
stress-ng --cpu 2 --cpu-load 56 --quiet --timeout 60s,28,4/27/2026,15:49:44,28.85,8.39,23.55,,,
stress-ng --cpu 2 --cpu-load 56 --quiet --timeout 60s,28,4/27/2026,15:49:45,28.6,8.39,23,,,
stress-ng --cpu 2 --cpu-load 56 --quiet --timeout 60s,28,4/27/2026,15:49:46,28.28,8.39,23,,,
stress-ng --cpu 2 --cpu-load 56 --quiet --timeout 60s,28,4/27/2026,15:49:47,29.1,8.39,23.42,,,
stress-ng --cpu 2 --cpu-load 56 --quiet --timeout 60s,28,4/27/2026,15:49:48,29.03,8.39,22.16,,,
stress-ng --cpu 2 --cpu-load 56 --quiet --timeout 60s,28,4/27/2026,15:49:49,28.6,8.39,22.16,,,
stress-ng --cpu 2 --cpu-load 56 --quiet --timeout 60s,28,4/27/2026,15:49:50,28.42,8.39,22.53,,,
stress-ng --cpu 2 --cpu-load 56 --quiet --timeout 60s,28,4/27/2026,15:49:51,28.28,8.39,23.26,,,
stress-ng --cpu 2 --cpu-load 56 --quiet --timeout 60s,28,4/27/2026,15:49:52,28.85,8.39,23.26,,,
stress-ng --cpu 2 --cpu-load 56 --quiet --timeout 60s,28,4/27/2026,15:49:53,28.35,8.4,23.38,,,
stress-ng --cpu 2 --cpu-load 56 --quiet --timeout 60s,28,4/27/2026,15:49:54,29.03,8.4,23.38,,,
stress-ng --cpu 2 --cpu-load 56 --quiet --timeout 60s,28,4/27/2026,15:49:55,28.35,8.4,23.38,,,
stress-ng --cpu 2 --cpu-load 56 --quiet --timeout 60s,28,4/27/2026,15:49:56,28.6,8.4,22.79,,,
stress-ng --cpu 2 --cpu-load 56 --quiet --timeout 60s,28,4/27/2026,15:49:57,29.03,8.4,22.71,,,
stress-ng --cpu 2 --cpu-load 56 --quiet --timeout 60s,28,4/27/2026,15:49:58,28.35,8.4,22.71,,,
stress-ng --cpu 2 --cpu-load 56 --quiet --timeout 60s,28,4/27/2026,15:49:59,28.35,8.4,22.63,,,
stress-ng --cpu 2 --cpu-load 56 --quiet --timeout 60s,28,4/27/2026,15:50:00,28.85,8.4,22.92,,,
stress-ng --cpu 2 --cpu-load 56 --quiet --timeout 60s,28,4/27/2026,15:50:01,28.67,8.4,23.59,,,
stress-ng --cpu 2 --cpu-load 56 --quiet --timeout 60s,28,4/27/2026,15:50:02,28.53,8.4,23.47,,,
stress-ng --cpu 2 --cpu-load 56 --quiet --timeout 60s,28,4/27/2026,15:50:03,28.78,8.4,23.47,,,
stress-ng --cpu 2 --cpu-load 56 --quiet --timeout 60s,28,4/27/2026,15:50:04,28.96,8.4,23.19,,,
stress-ng --cpu 2 --cpu-load 56 --quiet --timeout 60s,28,4/27/2026,15:50:05,28.6,8.4,23.53,,,
stress-ng --cpu 2 --cpu-load 56 --quiet --timeout 60s,28,4/27/2026,15:50:06,28.35,8.4,23.53,,,
stress-ng --cpu 2 --cpu-load 56 --quiet --timeout 60s,28,4/27/2026,15:50:07,28.85,8.4,22.88,,,
stress-ng --cpu 2 --cpu-load 56 --quiet --timeout 60s,28,4/27/2026,15:50:08,28.85,8.4,22.49,,,
stress-ng --cpu 2 --cpu-load 56 --quiet --timeout 60s,28,4/27/2026,15:50:09,28.6,8.4,22.49,,,
stress-ng --cpu 2 --cpu-load 56 --quiet --timeout 60s,28,4/27/2026,15:50:10,29.35,8.4,22.15,,,
stress-ng --cpu 2 --cpu-load 56 --quiet --timeout 60s,28,4/27/2026,15:50:11,28.78,8.4,23.94,,,
stress-ng --cpu 2 --cpu-load 56 --quiet --timeout 60s,28,4/27/2026,15:50:12,28.35,8.4,23.94,,,
stress-ng --cpu 2 --cpu-load 56 --quiet --timeout 60s,28,4/27/2026,15:50:13,28.53,8.4,23.41,,,
stress-ng --cpu 2 --cpu-load 56 --quiet --timeout 60s,28,4/27/2026,15:50:14,28.78,8.4,23.14,,,
stress-ng --cpu 2 --cpu-load 56 --quiet --timeout 60s,28,4/27/2026,15:50:15,28.6,8.4,23.14,,,
stress-ng --cpu 2 --cpu-load 56 --quiet --timeout 60s,28,4/27/2026,15:50:16,28.71,8.4,22.51,,,
stress-ng --cpu 2 --cpu-load 56 --quiet --timeout 60s,28,4/27/2026,15:50:17,29.1,8.4,22.88,,,
stress-ng --cpu 2 --cpu-load 56 --quiet --timeout 60s,28,4/27/2026,15:50:18,28.71,8.4,22.88,,,
stress-ng --cpu 2 --cpu-load 56 --quiet --timeout 60s,28,4/27/2026,15:50:19,28.85,8.4,22.82,,,
stress-ng --cpu 2 --cpu-load 56 --quiet --timeout 60s,28,4/27/2026,15:50:20,28.6,8.4,23.5,,,
stress-ng --cpu 2 --cpu-load 56 --quiet --timeout 60s,28,4/27/2026,15:50:21,28.1,8.4,23.5,,,
stress-ng --cpu 2 --cpu-load 56 --quiet --timeout 60s,28,4/27/2026,15:50:22,29.03,8.4,23.77,,,
stress-ng --cpu 2 --cpu-load 56 --quiet --timeout 60s,28,4/27/2026,15:50:23,28.96,8.4,23.44,,,
stress-ng --cpu 2 --cpu-load 56 --quiet --timeout 60s,28,4/27/2026,15:50:24,28.67,8.4,23.44,,,
stress-ng --cpu 2 --cpu-load 56 --quiet --timeout 60s,28,4/27/2026,15:50:25,28.53,8.4,23.11,,,
stress-ng --cpu 2 --cpu-load 56 --quiet --timeout 60s,28,4/27/2026,15:50:26,28.6,8.4,23.65,,,
stress-ng --cpu 2 --cpu-load 56 --quiet --timeout 60s,28,4/27/2026,15:50:27,28.78,8.4,23.65,,,
stress-ng --cpu 2 --cpu-load 56 --quiet --timeout 60s,28,4/27/2026,15:50:28,28.78,8.4,23.16,,,
stress-ng --cpu 2 --cpu-load 56 --quiet --timeout 60s,28,4/27/2026,15:50:29,28.6,8.4,22.7,,,
stress-ng --cpu 2 --cpu-load 56 --quiet --timeout 60s,28,4/27/2026,15:50:30,28.35,8.4,22.7,,,
stress-ng --cpu 2 --cpu-load 56 --quiet --timeout 60s,28,4/27/2026,15:50:31,28.78,8.4,22.26,,,
stress-ng --cpu 2 --cpu-load 56 --quiet --timeout 60s,28,4/27/2026,15:50:32,28.85,8.4,22.99,,,
stress-ng --cpu 2 --cpu-load 56 --quiet --timeout 60s,28,4/27/2026,15:50:33,28.46,8.4,22.99,,,
stress-ng --cpu 2 --cpu-load 56 --quiet --timeout 60s,28,4/27/2026,15:50:34,28.46,8.4,22.99,,,
stress-ng --cpu 2 --cpu-load 56 --quiet --timeout 60s,28,4/27/2026,17:13:36,1.47,8.38,9.68,,,
stress-ng --cpu 2 --cpu-load 56 --quiet --timeout 60s,28,4/27/2026,17:13:37,29.03,8.39,9.68,,,
stress-ng --cpu 2 --cpu-load 56 --quiet --timeout 60s,28,4/27/2026,17:13:38,28.35,8.39,21.97,,,
stress-ng --cpu 2 --cpu-load 56 --quiet --timeout 60s,28,4/27/2026,17:13:39,29.03,8.39,21.97,,,
stress-ng --cpu 2 --cpu-load 56 --quiet --timeout 60s,28,4/27/2026,17:13:40,28.85,8.39,21.97,,,
stress-ng --cpu 2 --cpu-load 56 --quiet --timeout 60s,28,4/27/2026,17:13:41,29.03,8.39,22.86,,,
stress-ng --cpu 2 --cpu-load 56 --quiet --timeout 60s,28,4/27/2026,17:13:42,28.78,8.39,23.45,,,
stress-ng --cpu 2 --cpu-load 56 --quiet --timeout 60s,28,4/27/2026,17:13:43,28.6,8.39,23.45,,,
stress-ng --cpu 2 --cpu-load 56 --quiet --timeout 60s,28,4/27/2026,17:13:44,28.42,8.39,23.73,,,
stress-ng --cpu 2 --cpu-load 56 --quiet --timeout 60s,28,4/27/2026,17:13:45,28.53,8.39,22.53,,,
stress-ng --cpu 2 --cpu-load 56 --quiet --timeout 60s,28,4/27/2026,17:13:46,28.35,8.39,22.53,,,
stress-ng --cpu 2 --cpu-load 56 --quiet --timeout 60s,28,4/27/2026,17:13:47,28.6,8.39,21.85,,,
stress-ng --cpu 2 --cpu-load 56 --quiet --timeout 60s,28,4/27/2026,17:13:48,28.78,8.39,22.73,,,
stress-ng --cpu 2 --cpu-load 56 --quiet --timeout 60s,28,4/27/2026,17:13:49,28.6,8.39,23.16,,,
stress-ng --cpu 2 --cpu-load 56 --quiet --timeout 60s,28,4/27/2026,17:13:50,28.92,8.39,23.16,,,
stress-ng --cpu 2 --cpu-load 56 --quiet --timeout 60s,28,4/27/2026,17:13:51,28.6,8.39,23.03,,,
stress-ng --cpu 2 --cpu-load 56 --quiet --timeout 60s,28,4/27/2026,17:13:52,28.35,8.39,23.03,,,
stress-ng --cpu 2 --cpu-load 56 --quiet --timeout 60s,28,4/27/2026,17:13:53,28.67,8.39,22.52,,,
stress-ng --cpu 2 --cpu-load 56 --quiet --timeout 60s,28,4/27/2026,17:13:54,28.53,8.39,21.64,,,
stress-ng --cpu 2 --cpu-load 56 --quiet --timeout 60s,28,4/27/2026,17:13:55,28.96,8.39,21.64,,,
stress-ng --cpu 2 --cpu-load 56 --quiet --timeout 60s,28,4/27/2026,17:13:56,28.5,8.39,22.42,,,
stress-ng --cpu 2 --cpu-load 56 --quiet --timeout 60s,28,4/27/2026,17:13:57,28.78,8.39,22.65,,,
stress-ng --cpu 2 --cpu-load 56 --quiet --timeout 60s,28,4/27/2026,17:13:58,28.53,8.39,22.65,,,
stress-ng --cpu 2 --cpu-load 56 --quiet --timeout 60s,28,4/27/2026,17:13:59,28.35,8.39,22.92,,,
stress-ng --cpu 2 --cpu-load 56 --quiet --timeout 60s,28,4/27/2026,17:14:00,28.96,8.39,22.82,,,
stress-ng --cpu 2 --cpu-load 56 --quiet --timeout 60s,28,4/27/2026,17:14:01,28.85,8.39,22.82,,,
stress-ng --cpu 2 --cpu-load 56 --quiet --timeout 60s,28,4/27/2026,17:14:02,28.35,8.4,22.84,,,
stress-ng --cpu 2 --cpu-load 56 --quiet --timeout 60s,28,4/27/2026,17:14:03,28.6,8.4,23.45,,,
stress-ng --cpu 2 --cpu-load 56 --quiet --timeout 60s,28,4/27/2026,17:14:04,29.2,8.4,23.45,,,
stress-ng --cpu 2 --cpu-load 56 --quiet --timeout 60s,28,4/27/2026,17:14:05,28.53,8.4,23.23,,,
stress-ng --cpu 2 --cpu-load 56 --quiet --timeout 60s,28,4/27/2026,17:14:06,28.35,8.4,23.17,,,
stress-ng --cpu 2 --cpu-load 56 --quiet --timeout 60s,28,4/27/2026,17:14:07,28.85,8.4,23.17,,,
stress-ng --cpu 2 --cpu-load 56 --quiet --timeout 60s,28,4/27/2026,17:14:08,28.85,8.4,22.64,,,
stress-ng --cpu 2 --cpu-load 56 --quiet --timeout 60s,28,4/27/2026,17:14:09,28.53,8.4,22.55,,,
stress-ng --cpu 2 --cpu-load 56 --quiet --timeout 60s,28,4/27/2026,17:14:10,28.85,8.4,22.55,,,
stress-ng --cpu 2 --cpu-load 56 --quiet --timeout 60s,28,4/27/2026,17:14:11,28.28,8.4,22.34,,,
stress-ng --cpu 2 --cpu-load 56 --quiet --timeout 60s,28,4/27/2026,17:14:12,28.28,8.4,23.26,,,
stress-ng --cpu 2 --cpu-load 56 --quiet --timeout 60s,28,4/27/2026,17:14:13,29.28,8.4,23.26,,,
stress-ng --cpu 2 --cpu-load 56 --quiet --timeout 60s,28,4/27/2026,17:14:14,28.42,8.4,23.59,,,
stress-ng --cpu 2 --cpu-load 56 --quiet --timeout 60s,28,4/27/2026,17:14:15,28.53,8.4,22.42,,,
stress-ng --cpu 2 --cpu-load 56 --quiet --timeout 60s,28,4/27/2026,17:14:16,28.46,8.4,22.42,,,
stress-ng --cpu 2 --cpu-load 56 --quiet --timeout 60s,28,4/27/2026,17:14:17,28.67,8.4,22.55,,,
stress-ng --cpu 2 --cpu-load 56 --quiet --timeout 60s,28,4/27/2026,17:14:18,28.78,8.4,23.33,,,
stress-ng --cpu 2 --cpu-load 56 --quiet --timeout 60s,28,4/27/2026,17:14:19,28.6,8.4,23.33,,,
stress-ng --cpu 2 --cpu-load 56 --quiet --timeout 60s,28,4/27/2026,17:14:20,28.725,8.4,22.73,,,
stress-ng --cpu 2 --cpu-load 56 --quiet --timeout 60s,28,4/27/2026,17:14:21,28.85,8.4,22.82,,,
stress-ng --cpu 2 --cpu-load 56 --quiet --timeout 60s,28,4/27/2026,17:14:22,28.28,8.4,22.82,,,
stress-ng --cpu 2 --cpu-load 56 --quiet --timeout 60s,28,4/27/2026,17:14:23,28.92,8.4,22.62,,,
stress-ng --cpu 2 --cpu-load 56 --quiet --timeout 60s,28,4/27/2026,17:14:24,28.28,8.4,23.61,,,
stress-ng --cpu 2 --cpu-load 56 --quiet --timeout 60s,28,4/27/2026,17:14:25,28.88,8.4,23.61,,,
stress-ng --cpu 2 --cpu-load 56 --quiet --timeout 60s,28,4/27/2026,17:14:26,28.53,8.4,22.87,,,
stress-ng --cpu 2 --cpu-load 56 --quiet --timeout 60s,28,4/27/2026,17:14:27,28.6,8.4,23.02,,,
stress-ng --cpu 2 --cpu-load 56 --quiet --timeout 60s,28,4/27/2026,17:14:28,28.78,8.4,23.02,,,
stress-ng --cpu 2 --cpu-load 56 --quiet --timeout 60s,28,4/27/2026,17:14:29,28.67,8.4,22.39,,,
stress-ng --cpu 2 --cpu-load 56 --quiet --timeout 60s,28,4/27/2026,17:14:30,29.03,8.4,22.69,,,
stress-ng --cpu 2 --cpu-load 56 --quiet --timeout 60s,28,4/27/2026,17:14:31,28.35,8.4,22.69,,,
stress-ng --cpu 2 --cpu-load 56 --quiet --timeout 60s,28,4/27/2026,17:14:32,28.78,8.4,22.3,,,
stress-ng --cpu 2 --cpu-load 56 --quiet --timeout 60s,28,4/27/2026,17:14:33,28.17,8.4,22.93,,,
stress-ng --cpu 2 --cpu-load 56 --quiet --timeout 60s,28,4/27/2026,17:14:34,28.53,8.4,22.93,,,
stress-ng --cpu 2 --cpu-load 56 --quiet --timeout 60s,28,4/27/2026,17:14:35,28.6,8.4,22.45,,,
stress-ng --cpu 2 --cpu-load 56 --quiet --timeout 60s,28,4/27/2026,17:14:36,29.1,8.4,22.31,,,
stress-ng --cpu 2 --cpu-load 58 --quiet --timeout 60s,29,4/27/2026,12:41:30,1.47,8.38,9.3,,,
stress-ng --cpu 2 --cpu-load 58 --quiet --timeout 60s,29,4/27/2026,12:41:31,30.63,8.4,9.58,,,
stress-ng --cpu 2 --cpu-load 58 --quiet --timeout 60s,29,4/27/2026,12:41:32,29,8.4,22.15,,,
stress-ng --cpu 2 --cpu-load 58 --quiet --timeout 60s,29,4/27/2026,12:41:33,30.27,8.4,22.15,,,
stress-ng --cpu 2 --cpu-load 58 --quiet --timeout 60s,29,4/27/2026,12:41:34,29.28,8.4,23.24,,,
stress-ng --cpu 2 --cpu-load 58 --quiet --timeout 60s,29,4/27/2026,12:41:35,30.09,8.4,23.24,,,
stress-ng --cpu 2 --cpu-load 58 --quiet --timeout 60s,29,4/27/2026,12:41:36,29.35,8.4,24.03,,,
stress-ng --cpu 2 --cpu-load 58 --quiet --timeout 60s,29,4/27/2026,12:41:37,29.7,8.4,24.41,,,
stress-ng --cpu 2 --cpu-load 58 --quiet --timeout 60s,29,4/27/2026,12:41:38,30.09,8.4,24.41,,,
stress-ng --cpu 2 --cpu-load 58 --quiet --timeout 60s,29,4/27/2026,12:41:39,29.35,8.4,23.71,,,
stress-ng --cpu 2 --cpu-load 58 --quiet --timeout 60s,29,4/27/2026,12:41:40,30.02,8.4,22.64,,,
stress-ng --cpu 2 --cpu-load 58 --quiet --timeout 60s,29,4/27/2026,12:41:41,29.03,8.4,22.64,,,
stress-ng --cpu 2 --cpu-load 58 --quiet --timeout 60s,29,4/27/2026,12:41:42,29.85,8.4,23.16,,,
stress-ng --cpu 2 --cpu-load 58 --quiet --timeout 60s,29,4/27/2026,12:41:43,29.67,8.4,23.16,,,
stress-ng --cpu 2 --cpu-load 58 --quiet --timeout 60s,29,4/27/2026,12:41:44,29.6,8.4,23.16,,,
stress-ng --cpu 2 --cpu-load 58 --quiet --timeout 60s,29,4/27/2026,12:41:45,29.35,8.4,23.51,,,
stress-ng --cpu 2 --cpu-load 58 --quiet --timeout 60s,29,4/27/2026,12:41:46,29.52,8.4,23.68,,,
stress-ng --cpu 2 --cpu-load 58 --quiet --timeout 60s,29,4/27/2026,12:41:47,29.85,8.4,23.68,,,
stress-ng --cpu 2 --cpu-load 58 --quiet --timeout 60s,29,4/27/2026,12:41:48,29.35,8.4,24.1,,,
stress-ng --cpu 2 --cpu-load 58 --quiet --timeout 60s,29,4/27/2026,12:41:49,29.7,8.4,23.12,,,
stress-ng --cpu 2 --cpu-load 58 --quiet --timeout 60s,29,4/27/2026,12:41:50,29.77,8.4,23.12,,,
stress-ng --cpu 2 --cpu-load 58 --quiet --timeout 60s,29,4/27/2026,12:41:51,29.6,8.4,22.67,,,
stress-ng --cpu 2 --cpu-load 58 --quiet --timeout 60s,29,4/27/2026,12:41:52,29.6,8.4,23.3,,,
stress-ng --cpu 2 --cpu-load 58 --quiet --timeout 60s,29,4/27/2026,12:41:53,29.77,8.4,23.3,,,
stress-ng --cpu 2 --cpu-load 58 --quiet --timeout 60s,29,4/27/2026,12:41:54,29.6,8.4,23.53,,,
stress-ng --cpu 2 --cpu-load 58 --quiet --timeout 60s,29,4/27/2026,12:41:55,29.2,8.4,23.76,,,
stress-ng --cpu 2 --cpu-load 58 --quiet --timeout 60s,29,4/27/2026,12:41:56,30.09,8.4,23.76,,,
stress-ng --cpu 2 --cpu-load 58 --quiet --timeout 60s,29,4/27/2026,12:41:57,29.77,8.4,23.62,,,
stress-ng --cpu 2 --cpu-load 58 --quiet --timeout 60s,29,4/27/2026,12:41:58,29.42,8.4,23.47,,,
stress-ng --cpu 2 --cpu-load 58 --quiet --timeout 60s,29,4/27/2026,12:41:59,29.95,8.4,23.47,,,
stress-ng --cpu 2 --cpu-load 58 --quiet --timeout 60s,29,4/27/2026,12:42:00,29.95,8.4,22.94,,,
stress-ng --cpu 2 --cpu-load 58 --quiet --timeout 60s,29,4/27/2026,12:42:01,29.6,8.4,23.92,,,
stress-ng --cpu 2 --cpu-load 58 --quiet --timeout 60s,29,4/27/2026,12:42:02,29.52,8.4,24.38,,,
stress-ng --cpu 2 --cpu-load 58 --quiet --timeout 60s,29,4/27/2026,12:42:03,30.02,8.4,24.38,,,
stress-ng --cpu 2 --cpu-load 58 --quiet --timeout 60s,29,4/27/2026,12:42:04,29.92,8.4,24.06,,,
stress-ng --cpu 2 --cpu-load 58 --quiet --timeout 60s,29,4/27/2026,12:42:05,29.35,8.4,24.06,,,
stress-ng --cpu 2 --cpu-load 58 --quiet --timeout 60s,29,4/27/2026,12:42:06,29.52,8.4,23.93,,,
stress-ng --cpu 2 --cpu-load 58 --quiet --timeout 60s,29,4/27/2026,12:42:07,30.09,8.4,23.84,,,
stress-ng --cpu 2 --cpu-load 58 --quiet --timeout 60s,29,4/27/2026,12:42:08,29.35,8.4,23.84,,,
stress-ng --cpu 2 --cpu-load 58 --quiet --timeout 60s,29,4/27/2026,12:42:09,29.7,8.41,24.01,,,
stress-ng --cpu 2 --cpu-load 58 --quiet --timeout 60s,29,4/27/2026,12:42:10,29.67,8.41,23.71,,,
stress-ng --cpu 2 --cpu-load 58 --quiet --timeout 60s,29,4/27/2026,12:42:11,30.02,8.41,23.71,,,
stress-ng --cpu 2 --cpu-load 58 --quiet --timeout 60s,29,4/27/2026,12:42:12,29.35,8.41,23.58,,,
stress-ng --cpu 2 --cpu-load 58 --quiet --timeout 60s,29,4/27/2026,12:42:13,29.77,8.41,23.29,,,
stress-ng --cpu 2 --cpu-load 58 --quiet --timeout 60s,29,4/27/2026,12:42:14,29.28,8.41,23.29,,,
stress-ng --cpu 2 --cpu-load 58 --quiet --timeout 60s,29,4/27/2026,12:42:15,30.09,8.41,23.35,,,
stress-ng --cpu 2 --cpu-load 58 --quiet --timeout 60s,29,4/27/2026,12:42:16,29.28,8.41,23.43,,,
stress-ng --cpu 2 --cpu-load 58 --quiet --timeout 60s,29,4/27/2026,12:42:17,29.7,8.41,23.43,,,
stress-ng --cpu 2 --cpu-load 58 --quiet --timeout 60s,29,4/27/2026,12:42:18,30.17,8.41,24.18,,,
stress-ng --cpu 2 --cpu-load 58 --quiet --timeout 60s,29,4/27/2026,12:42:19,29.1,8.41,23.69,,,
stress-ng --cpu 2 --cpu-load 58 --quiet --timeout 60s,29,4/27/2026,12:42:20,29.6,8.41,23.69,,,
stress-ng --cpu 2 --cpu-load 58 --quiet --timeout 60s,29,4/27/2026,12:42:21,29.85,8.41,23.71,,,
stress-ng --cpu 2 --cpu-load 58 --quiet --timeout 60s,29,4/27/2026,12:42:22,29.77,8.41,23.58,,,
stress-ng --cpu 2 --cpu-load 58 --quiet --timeout 60s,29,4/27/2026,12:42:23,29.52,8.41,23.58,,,
stress-ng --cpu 2 --cpu-load 58 --quiet --timeout 60s,29,4/27/2026,12:42:24,29.95,8.41,23.96,,,
stress-ng --cpu 2 --cpu-load 58 --quiet --timeout 60s,29,4/27/2026,12:42:25,29.95,8.41,23.19,,,
stress-ng --cpu 2 --cpu-load 58 --quiet --timeout 60s,29,4/27/2026,12:42:26,29.28,8.41,23.19,,,
stress-ng --cpu 2 --cpu-load 58 --quiet --timeout 60s,29,4/27/2026,12:42:27,29.92,8.41,23.39,,,
stress-ng --cpu 2 --cpu-load 58 --quiet --timeout 60s,29,4/27/2026,12:42:28,29.6,8.41,23.36,,,
stress-ng --cpu 2 --cpu-load 58 --quiet --timeout 60s,29,4/27/2026,12:42:29,29.6,8.41,23.36,,,
stress-ng --cpu 2 --cpu-load 58 --quiet --timeout 60s,29,4/27/2026,12:42:30,19.5,8.41,23.14,,,
stress-ng --cpu 2 --cpu-load 58 --quiet --timeout 60s,29,4/27/2026,14:21:32,1.22,8.38,9.31,,,
stress-ng --cpu 2 --cpu-load 58 --quiet --timeout 60s,29,4/27/2026,14:21:33,29.55,8.38,14.12,,,
stress-ng --cpu 2 --cpu-load 58 --quiet --timeout 60s,29,4/27/2026,14:21:34,29.67,8.38,14.12,,,
stress-ng --cpu 2 --cpu-load 58 --quiet --timeout 60s,29,4/27/2026,14:21:35,29.95,8.38,14.12,,,
stress-ng --cpu 2 --cpu-load 58 --quiet --timeout 60s,29,4/27/2026,14:21:36,29.42,8.38,22.52,,,
stress-ng --cpu 2 --cpu-load 58 --quiet --timeout 60s,29,4/27/2026,14:21:37,29.52,8.38,21.96,,,
stress-ng --cpu 2 --cpu-load 58 --quiet --timeout 60s,29,4/27/2026,14:21:38,29.6,8.38,21.96,,,
stress-ng --cpu 2 --cpu-load 58 --quiet --timeout 60s,29,4/27/2026,14:21:39,29.6,8.38,22.81,,,
stress-ng --cpu 2 --cpu-load 58 --quiet --timeout 60s,29,4/27/2026,14:21:40,30.09,8.38,22.81,,,
stress-ng --cpu 2 --cpu-load 58 --quiet --timeout 60s,29,4/27/2026,14:21:41,29.6,8.38,22.81,,,
stress-ng --cpu 2 --cpu-load 58 --quiet --timeout 60s,29,4/27/2026,14:21:42,29.35,8.38,23.07,,,
stress-ng --cpu 2 --cpu-load 58 --quiet --timeout 60s,29,4/27/2026,14:21:43,29.77,8.38,22.79,,,
stress-ng --cpu 2 --cpu-load 58 --quiet --timeout 60s,29,4/27/2026,14:21:44,29.35,8.38,22.79,,,
stress-ng --cpu 2 --cpu-load 58 --quiet --timeout 60s,29,4/27/2026,14:21:45,29.85,8.38,23.29,,,
stress-ng --cpu 2 --cpu-load 58 --quiet --timeout 60s,29,4/27/2026,14:21:46,29.2,8.38,22.41,,,
stress-ng --cpu 2 --cpu-load 58 --quiet --timeout 60s,29,4/27/2026,14:21:47,30.09,8.38,22.41,,,
stress-ng --cpu 2 --cpu-load 58 --quiet --timeout 60s,29,4/27/2026,14:21:48,29.28,8.38,22.76,,,
stress-ng --cpu 2 --cpu-load 58 --quiet --timeout 60s,29,4/27/2026,14:21:49,29.85,8.38,22.73,,,
stress-ng --cpu 2 --cpu-load 58 --quiet --timeout 60s,29,4/27/2026,14:21:50,29.42,8.38,22.73,,,
stress-ng --cpu 2 --cpu-load 58 --quiet --timeout 60s,29,4/27/2026,14:21:51,29.87,8.38,22.38,,,
stress-ng --cpu 2 --cpu-load 58 --quiet --timeout 60s,29,4/27/2026,14:21:52,29.6,8.38,22.2,,,
stress-ng --cpu 2 --cpu-load 58 --quiet --timeout 60s,29,4/27/2026,14:21:53,29.85,8.38,22.2,,,
stress-ng --cpu 2 --cpu-load 58 --quiet --timeout 60s,29,4/27/2026,14:21:54,29.2,8.38,22.03,,,
stress-ng --cpu 2 --cpu-load 58 --quiet --timeout 60s,29,4/27/2026,14:21:55,29.92,8.38,22.12,,,
stress-ng --cpu 2 --cpu-load 58 --quiet --timeout 60s,29,4/27/2026,14:21:56,30.02,8.38,22.12,,,
stress-ng --cpu 2 --cpu-load 58 --quiet --timeout 60s,29,4/27/2026,14:21:57,28.92,8.38,22.28,,,
stress-ng --cpu 2 --cpu-load 58 --quiet --timeout 60s,29,4/27/2026,14:21:58,30.27,8.38,22.25,,,
stress-ng --cpu 2 --cpu-load 58 --quiet --timeout 60s,29,4/27/2026,14:21:59,29.77,8.38,22.25,,,
stress-ng --cpu 2 --cpu-load 58 --quiet --timeout 60s,29,4/27/2026,14:22:00,29.35,8.38,22.56,,,
stress-ng --cpu 2 --cpu-load 58 --quiet --timeout 60s,29,4/27/2026,14:22:01,30.02,8.38,22.2,,,
stress-ng --cpu 2 --cpu-load 58 --quiet --timeout 60s,29,4/27/2026,14:22:02,29.75,8.38,22.2,,,
stress-ng --cpu 2 --cpu-load 58 --quiet --timeout 60s,29,4/27/2026,14:22:03,29.28,8.38,22.36,,,
stress-ng --cpu 2 --cpu-load 58 --quiet --timeout 60s,29,4/27/2026,14:22:04,30.09,8.38,22.87,,,
stress-ng --cpu 2 --cpu-load 58 --quiet --timeout 60s,29,4/27/2026,14:22:05,29.28,8.38,22.87,,,
stress-ng --cpu 2 --cpu-load 58 --quiet --timeout 60s,29,4/27/2026,14:22:06,29.52,8.38,22.58,,,
stress-ng --cpu 2 --cpu-load 58 --quiet --timeout 60s,29,4/27/2026,14:22:07,29.85,8.38,22.23,,,
stress-ng --cpu 2 --cpu-load 58 --quiet --timeout 60s,29,4/27/2026,14:22:08,29.28,8.38,22.23,,,
stress-ng --cpu 2 --cpu-load 58 --quiet --timeout 60s,29,4/27/2026,14:22:09,29.67,8.38,22.11,,,
stress-ng --cpu 2 --cpu-load 58 --quiet --timeout 60s,29,4/27/2026,14:22:10,30.69,8.38,22.49,,,
stress-ng --cpu 2 --cpu-load 58 --quiet --timeout 60s,29,4/27/2026,14:22:11,28.92,8.38,22.49,,,
stress-ng --cpu 2 --cpu-load 58 --quiet --timeout 60s,29,4/27/2026,14:22:12,29.77,8.38,22.14,,,
stress-ng --cpu 2 --cpu-load 58 --quiet --timeout 60s,29,4/27/2026,14:22:13,29.92,8.37,22.44,,,
stress-ng --cpu 2 --cpu-load 58 --quiet --timeout 60s,29,4/27/2026,14:22:14,29.1,8.37,22.44,,,
stress-ng --cpu 2 --cpu-load 58 --quiet --timeout 60s,29,4/27/2026,14:22:15,30.09,8.37,22.68,,,
stress-ng --cpu 2 --cpu-load 58 --quiet --timeout 60s,29,4/27/2026,14:22:16,29.93,8.37,22.86,,,
stress-ng --cpu 2 --cpu-load 58 --quiet --timeout 60s,29,4/27/2026,14:22:17,29.77,8.37,22.86,,,
stress-ng --cpu 2 --cpu-load 58 --quiet --timeout 60s,29,4/27/2026,14:22:18,29.42,8.37,22.13,,,
stress-ng --cpu 2 --cpu-load 58 --quiet --timeout 60s,29,4/27/2026,14:22:19,29.7,8.37,21.07,,,
stress-ng --cpu 2 --cpu-load 58 --quiet --timeout 60s,29,4/27/2026,14:22:20,30.44,8.38,21.07,,,
stress-ng --cpu 2 --cpu-load 58 --quiet --timeout 60s,29,4/27/2026,14:22:21,29.35,8.38,22.24,,,
stress-ng --cpu 2 --cpu-load 58 --quiet --timeout 60s,29,4/27/2026,14:22:22,30.02,8.38,22.11,,,
stress-ng --cpu 2 --cpu-load 58 --quiet --timeout 60s,29,4/27/2026,14:22:23,28.85,8.38,22.11,,,
stress-ng --cpu 2 --cpu-load 58 --quiet --timeout 60s,29,4/27/2026,14:22:24,29.6,8.38,22.49,,,
stress-ng --cpu 2 --cpu-load 58 --quiet --timeout 60s,29,4/27/2026,14:22:25,30.59,8.38,22.34,,,
stress-ng --cpu 2 --cpu-load 58 --quiet --timeout 60s,29,4/27/2026,14:22:26,29.03,8.38,22.34,,,
stress-ng --cpu 2 --cpu-load 58 --quiet --timeout 60s,29,4/27/2026,14:22:27,30.02,8.38,22.33,,,
stress-ng --cpu 2 --cpu-load 58 --quiet --timeout 60s,29,4/27/2026,14:22:28,29.52,8.38,22.16,,,
stress-ng --cpu 2 --cpu-load 58 --quiet --timeout 60s,29,4/27/2026,14:22:29,29.77,8.38,22.16,,,
stress-ng --cpu 2 --cpu-load 58 --quiet --timeout 60s,29,4/27/2026,14:22:30,30.09,8.38,21.66,,,
stress-ng --cpu 2 --cpu-load 58 --quiet --timeout 60s,29,4/27/2026,14:22:31,29.03,8.38,22.22,,,
stress-ng --cpu 2 --cpu-load 58 --quiet --timeout 60s,29,4/27/2026,14:22:32,30.09,8.38,22.22,,,
stress-ng --cpu 2 --cpu-load 58 --quiet --timeout 60s,29,4/27/2026,18:15:38,5.22,8.42,11.96,,,
stress-ng --cpu 2 --cpu-load 58 --quiet --timeout 60s,29,4/27/2026,18:15:39,30.02,8.42,11.96,,,
stress-ng --cpu 2 --cpu-load 58 --quiet --timeout 60s,29,4/27/2026,18:15:40,29.28,8.42,11.96,,,
stress-ng --cpu 2 --cpu-load 58 --quiet --timeout 60s,29,4/27/2026,18:15:41,29.85,8.42,22.11,,,
stress-ng --cpu 2 --cpu-load 58 --quiet --timeout 60s,29,4/27/2026,18:15:42,29.7,8.42,21.85,,,
stress-ng --cpu 2 --cpu-load 58 --quiet --timeout 60s,29,4/27/2026,18:15:43,29.92,8.42,21.85,,,
stress-ng --cpu 2 --cpu-load 58 --quiet --timeout 60s,29,4/27/2026,18:15:44,28.92,8.42,22.31,,,
stress-ng --cpu 2 --cpu-load 58 --quiet --timeout 60s,29,4/27/2026,18:15:45,29.95,8.42,22.31,,,
stress-ng --cpu 2 --cpu-load 58 --quiet --timeout 60s,29,4/27/2026,18:15:46,30.27,8.42,22.31,,,
stress-ng --cpu 2 --cpu-load 58 --quiet --timeout 60s,29,4/27/2026,18:15:47,29.42,8.42,21.82,,,
stress-ng --cpu 2 --cpu-load 58 --quiet --timeout 60s,29,4/27/2026,18:15:48,29.77,8.42,22.44,,,
stress-ng --cpu 2 --cpu-load 58 --quiet --timeout 60s,29,4/27/2026,18:15:49,29.77,8.42,22.44,,,
stress-ng --cpu 2 --cpu-load 58 --quiet --timeout 60s,29,4/27/2026,18:15:50,29.6,8.42,22.53,,,
stress-ng --cpu 2 --cpu-load 58 --quiet --timeout 60s,29,4/27/2026,18:15:51,29.77,8.42,22.85,,,
stress-ng --cpu 2 --cpu-load 58 --quiet --timeout 60s,29,4/27/2026,18:15:52,29.6,8.42,22.85,,,
stress-ng --cpu 2 --cpu-load 58 --quiet --timeout 60s,29,4/27/2026,18:15:53,29.77,8.42,22.63,,,
stress-ng --cpu 2 --cpu-load 58 --quiet --timeout 60s,29,4/27/2026,18:15:54,29.35,8.42,22.85,,,
stress-ng --cpu 2 --cpu-load 58 --quiet --timeout 60s,29,4/27/2026,18:15:55,30.27,8.42,22.85,,,
stress-ng --cpu 2 --cpu-load 58 --quiet --timeout 60s,29,4/27/2026,18:15:56,29.2,8.42,22.98,,,
stress-ng --cpu 2 --cpu-load 58 --quiet --timeout 60s,29,4/27/2026,18:15:57,29.85,8.42,22.97,,,
stress-ng --cpu 2 --cpu-load 58 --quiet --timeout 60s,29,4/27/2026,18:15:58,29.67,8.42,22.97,,,
stress-ng --cpu 2 --cpu-load 58 --quiet --timeout 60s,29,4/27/2026,18:15:59,29.85,8.42,21.92,,,
stress-ng --cpu 2 --cpu-load 58 --quiet --timeout 60s,29,4/27/2026,18:16:00,29.6,8.42,22.81,,,
stress-ng --cpu 2 --cpu-load 58 --quiet --timeout 60s,29,4/27/2026,18:16:01,30.12,8.42,22.81,,,
stress-ng --cpu 2 --cpu-load 58 --quiet --timeout 60s,29,4/27/2026,18:16:02,29.52,8.42,22.19,,,
stress-ng --cpu 2 --cpu-load 58 --quiet --timeout 60s,29,4/27/2026,18:16:03,29.77,8.42,22.8,,,
stress-ng --cpu 2 --cpu-load 58 --quiet --timeout 60s,29,4/27/2026,18:16:04,29.92,8.42,22.8,,,
stress-ng --cpu 2 --cpu-load 58 --quiet --timeout 60s,29,4/27/2026,18:16:05,29.7,8.42,22.84,,,
stress-ng --cpu 2 --cpu-load 58 --quiet --timeout 60s,29,4/27/2026,18:16:06,29.6,8.42,23.16,,,
stress-ng --cpu 2 --cpu-load 58 --quiet --timeout 60s,29,4/27/2026,18:16:07,29.77,8.42,23.16,,,
stress-ng --cpu 2 --cpu-load 58 --quiet --timeout 60s,29,4/27/2026,18:16:08,29.42,8.42,23.54,,,
stress-ng --cpu 2 --cpu-load 58 --quiet --timeout 60s,29,4/27/2026,18:16:09,29.52,8.42,23.54,,,
stress-ng --cpu 2 --cpu-load 58 --quiet --timeout 60s,29,4/27/2026,18:16:10,29.92,8.42,23.54,,,
stress-ng --cpu 2 --cpu-load 58 --quiet --timeout 60s,29,4/27/2026,18:16:11,29.52,8.42,24.55,,,
stress-ng --cpu 2 --cpu-load 58 --quiet --timeout 60s,29,4/27/2026,18:16:12,29.6,8.42,24.29,,,
stress-ng --cpu 2 --cpu-load 58 --quiet --timeout 60s,29,4/27/2026,18:16:13,29.77,8.42,24.29,,,
stress-ng --cpu 2 --cpu-load 58 --quiet --timeout 60s,29,4/27/2026,18:16:14,29.1,8.42,23.87,,,
stress-ng --cpu 2 --cpu-load 58 --quiet --timeout 60s,29,4/27/2026,18:16:15,30.19,8.42,24.2,,,
stress-ng --cpu 2 --cpu-load 58 --quiet --timeout 60s,29,4/27/2026,18:16:16,29.25,8.43,24.2,,,
stress-ng --cpu 2 --cpu-load 58 --quiet --timeout 60s,29,4/27/2026,18:16:17,29.95,8.43,23.73,,,
stress-ng --cpu 2 --cpu-load 58 --quiet --timeout 60s,29,4/27/2026,18:16:18,29.17,8.43,23.5,,,
stress-ng --cpu 2 --cpu-load 58 --quiet --timeout 60s,29,4/27/2026,18:16:19,30.61,8.43,23.5,,,
stress-ng --cpu 2 --cpu-load 58 --quiet --timeout 60s,29,4/27/2026,18:16:20,29.1,8.43,23.01,,,
stress-ng --cpu 2 --cpu-load 58 --quiet --timeout 60s,29,4/27/2026,18:16:21,29.6,8.43,23.59,,,
stress-ng --cpu 2 --cpu-load 58 --quiet --timeout 60s,29,4/27/2026,18:16:22,30.19,8.43,23.59,,,
stress-ng --cpu 2 --cpu-load 58 --quiet --timeout 60s,29,4/27/2026,18:16:23,29.32,8.43,22.41,,,
stress-ng --cpu 2 --cpu-load 58 --quiet --timeout 60s,29,4/27/2026,18:16:24,30.02,8.43,23.12,,,
stress-ng --cpu 2 --cpu-load 58 --quiet --timeout 60s,29,4/27/2026,18:16:25,29.7,8.43,23.12,,,
stress-ng --cpu 2 --cpu-load 58 --quiet --timeout 60s,29,4/27/2026,18:16:26,29.42,8.43,23.61,,,
stress-ng --cpu 2 --cpu-load 58 --quiet --timeout 60s,29,4/27/2026,18:16:27,29.45,8.43,23.58,,,
stress-ng --cpu 2 --cpu-load 58 --quiet --timeout 60s,29,4/27/2026,18:16:28,29.6,8.43,23.72,,,
stress-ng --cpu 2 --cpu-load 58 --quiet --timeout 60s,29,4/27/2026,18:16:29,30.52,8.43,23.72,,,
stress-ng --cpu 2 --cpu-load 58 --quiet --timeout 60s,29,4/27/2026,18:16:30,29.28,8.43,24.28,,,
stress-ng --cpu 2 --cpu-load 58 --quiet --timeout 60s,29,4/27/2026,18:16:31,29.67,8.43,24.28,,,
stress-ng --cpu 2 --cpu-load 58 --quiet --timeout 60s,29,4/27/2026,18:16:32,29.52,8.43,24.22,,,
stress-ng --cpu 2 --cpu-load 58 --quiet --timeout 60s,29,4/27/2026,18:16:33,29.6,8.43,23.67,,,
stress-ng --cpu 2 --cpu-load 58 --quiet --timeout 60s,29,4/27/2026,18:16:34,29.85,8.43,23.67,,,
stress-ng --cpu 2 --cpu-load 58 --quiet --timeout 60s,29,4/27/2026,18:16:35,29.52,8.43,23.62,,,
stress-ng --cpu 2 --cpu-load 58 --quiet --timeout 60s,29,4/27/2026,18:16:36,30.02,8.43,23.25,,,
stress-ng --cpu 2 --cpu-load 58 --quiet --timeout 60s,29,4/27/2026,18:16:37,29.42,8.43,23.25,,,
stress-ng --cpu 2 --cpu-load 58 --quiet --timeout 60s,29,4/27/2026,18:16:38,16.08,8.41,22.57,,,
stress-ng --cpu 2 --cpu-load 60 --quiet --timeout 60s,30,4/27/2026,12:15:29,1.47,8.39,9.39,,,
stress-ng --cpu 2 --cpu-load 60 --quiet --timeout 60s,30,4/27/2026,12:15:30,27.09,8.39,11.38,,,
stress-ng --cpu 2 --cpu-load 60 --quiet --timeout 60s,30,4/27/2026,12:15:31,30.84,8.39,11.38,,,
stress-ng --cpu 2 --cpu-load 60 --quiet --timeout 60s,30,4/27/2026,12:15:32,30.59,8.39,22.46,,,
stress-ng --cpu 2 --cpu-load 60 --quiet --timeout 60s,30,4/27/2026,12:15:33,30.59,8.39,24.26,,,
stress-ng --cpu 2 --cpu-load 60 --quiet --timeout 60s,30,4/27/2026,12:15:34,30.52,8.39,24.26,,,
stress-ng --cpu 2 --cpu-load 60 --quiet --timeout 60s,30,4/27/2026,12:15:35,30.84,8.39,22.46,,,
stress-ng --cpu 2 --cpu-load 60 --quiet --timeout 60s,30,4/27/2026,12:15:36,30.76,8.39,22.92,,,
stress-ng --cpu 2 --cpu-load 60 --quiet --timeout 60s,30,4/27/2026,12:15:37,31.01,8.39,22.92,,,
stress-ng --cpu 2 --cpu-load 60 --quiet --timeout 60s,30,4/27/2026,12:15:38,30.42,8.39,22.92,,,
stress-ng --cpu 2 --cpu-load 60 --quiet --timeout 60s,30,4/27/2026,12:15:39,30.52,8.39,23.22,,,
stress-ng --cpu 2 --cpu-load 60 --quiet --timeout 60s,30,4/27/2026,12:15:40,30.76,8.39,23.42,,,
stress-ng --cpu 2 --cpu-load 60 --quiet --timeout 60s,30,4/27/2026,12:15:41,30.76,8.39,23.42,,,
stress-ng --cpu 2 --cpu-load 60 --quiet --timeout 60s,30,4/27/2026,12:15:42,30.59,8.39,23.48,,,
stress-ng --cpu 2 --cpu-load 60 --quiet --timeout 60s,30,4/27/2026,12:15:43,30.76,8.39,23.85,,,
stress-ng --cpu 2 --cpu-load 60 --quiet --timeout 60s,30,4/27/2026,12:15:44,30.67,8.39,24.32,,,
stress-ng --cpu 2 --cpu-load 60 --quiet --timeout 60s,30,4/27/2026,12:15:45,30.52,8.39,24.32,,,
stress-ng --cpu 2 --cpu-load 60 --quiet --timeout 60s,30,4/27/2026,12:15:46,31.11,8.39,24.45,,,
stress-ng --cpu 2 --cpu-load 60 --quiet --timeout 60s,30,4/27/2026,12:15:47,30.34,8.39,24.45,,,
stress-ng --cpu 2 --cpu-load 60 --quiet --timeout 60s,30,4/27/2026,12:15:48,30.67,8.39,24.28,,,
stress-ng --cpu 2 --cpu-load 60 --quiet --timeout 60s,30,4/27/2026,12:15:49,30.61,8.39,24.68,,,
stress-ng --cpu 2 --cpu-load 60 --quiet --timeout 60s,30,4/27/2026,12:15:50,30.67,8.39,24.68,,,
stress-ng --cpu 2 --cpu-load 60 --quiet --timeout 60s,30,4/27/2026,12:15:51,30.52,8.39,23.79,,,
stress-ng --cpu 2 --cpu-load 60 --quiet --timeout 60s,30,4/27/2026,12:15:52,30.84,8.39,23.49,,,
stress-ng --cpu 2 --cpu-load 60 --quiet --timeout 60s,30,4/27/2026,12:15:53,30.84,8.39,23.49,,,
stress-ng --cpu 2 --cpu-load 60 --quiet --timeout 60s,30,4/27/2026,12:15:54,30.59,8.39,22.98,,,
stress-ng --cpu 2 --cpu-load 60 --quiet --timeout 60s,30,4/27/2026,12:15:55,30.94,8.39,23.36,,,
stress-ng --cpu 2 --cpu-load 60 --quiet --timeout 60s,30,4/27/2026,12:15:56,30.42,8.39,23.36,,,
stress-ng --cpu 2 --cpu-load 60 --quiet --timeout 60s,30,4/27/2026,12:15:57,30.52,8.4,22.78,,,
stress-ng --cpu 2 --cpu-load 60 --quiet --timeout 60s,30,4/27/2026,12:15:58,30.42,8.39,23.43,,,
stress-ng --cpu 2 --cpu-load 60 --quiet --timeout 60s,30,4/27/2026,12:15:59,30.94,8.39,23.43,,,
stress-ng --cpu 2 --cpu-load 60 --quiet --timeout 60s,30,4/27/2026,12:16:00,30.92,8.39,24.19,,,
stress-ng --cpu 2 --cpu-load 60 --quiet --timeout 60s,30,4/27/2026,12:16:01,30.63,8.39,24.19,,,
stress-ng --cpu 2 --cpu-load 60 --quiet --timeout 60s,30,4/27/2026,12:16:02,30.34,8.39,24.19,,,
stress-ng --cpu 2 --cpu-load 60 --quiet --timeout 60s,30,4/27/2026,12:16:03,30.59,8.39,24.43,,,
stress-ng --cpu 2 --cpu-load 60 --quiet --timeout 60s,30,4/27/2026,12:16:04,30.76,8.39,25.18,,,
stress-ng --cpu 2 --cpu-load 60 --quiet --timeout 60s,30,4/27/2026,12:16:05,30.76,8.39,25.18,,,
stress-ng --cpu 2 --cpu-load 60 --quiet --timeout 60s,30,4/27/2026,12:16:06,31.01,8.39,24.53,,,
stress-ng --cpu 2 --cpu-load 60 --quiet --timeout 60s,30,4/27/2026,12:16:07,30.09,8.39,24.37,,,
stress-ng --cpu 2 --cpu-load 60 --quiet --timeout 60s,30,4/27/2026,12:16:08,30.59,8.39,24.37,,,
stress-ng --cpu 2 --cpu-load 60 --quiet --timeout 60s,30,4/27/2026,12:16:09,30.84,8.39,24.15,,,
stress-ng --cpu 2 --cpu-load 60 --quiet --timeout 60s,30,4/27/2026,12:16:10,30.52,8.39,24.45,,,
stress-ng --cpu 2 --cpu-load 60 --quiet --timeout 60s,30,4/27/2026,12:16:11,31.01,8.39,24.45,,,
stress-ng --cpu 2 --cpu-load 60 --quiet --timeout 60s,30,4/27/2026,12:16:12,30.59,8.39,23.74,,,
stress-ng --cpu 2 --cpu-load 60 --quiet --timeout 60s,30,4/27/2026,12:16:13,30.59,8.39,23.73,,,
stress-ng --cpu 2 --cpu-load 60 --quiet --timeout 60s,30,4/27/2026,12:16:14,30.59,8.39,23.73,,,
stress-ng --cpu 2 --cpu-load 60 --quiet --timeout 60s,30,4/27/2026,12:16:15,30.34,8.39,23.4,,,
stress-ng --cpu 2 --cpu-load 60 --quiet --timeout 60s,30,4/27/2026,12:16:16,30.94,8.4,23.38,,,
stress-ng --cpu 2 --cpu-load 60 --quiet --timeout 60s,30,4/27/2026,12:16:17,30.52,8.4,23.38,,,
stress-ng --cpu 2 --cpu-load 60 --quiet --timeout 60s,30,4/27/2026,12:16:18,30.67,8.4,23.11,,,
stress-ng --cpu 2 --cpu-load 60 --quiet --timeout 60s,30,4/27/2026,12:16:19,31.01,8.4,23.59,,,
stress-ng --cpu 2 --cpu-load 60 --quiet --timeout 60s,30,4/27/2026,12:16:20,30.69,8.4,23.59,,,
stress-ng --cpu 2 --cpu-load 60 --quiet --timeout 60s,30,4/27/2026,12:16:21,30.59,8.4,23.65,,,
stress-ng --cpu 2 --cpu-load 60 --quiet --timeout 60s,30,4/27/2026,12:16:22,30.27,8.4,23.92,,,
stress-ng --cpu 2 --cpu-load 60 --quiet --timeout 60s,30,4/27/2026,12:16:23,30.59,8.39,23.92,,,
stress-ng --cpu 2 --cpu-load 60 --quiet --timeout 60s,30,4/27/2026,12:16:24,30.76,8.39,23.48,,,
stress-ng --cpu 2 --cpu-load 60 --quiet --timeout 60s,30,4/27/2026,12:16:25,30.59,8.39,23.46,,,
stress-ng --cpu 2 --cpu-load 60 --quiet --timeout 60s,30,4/27/2026,12:16:26,30.59,8.39,23.46,,,
stress-ng --cpu 2 --cpu-load 60 --quiet --timeout 60s,30,4/27/2026,12:16:27,30.76,8.39,23.23,,,
stress-ng --cpu 2 --cpu-load 60 --quiet --timeout 60s,30,4/27/2026,12:16:28,30.59,8.39,23.57,,,
stress-ng --cpu 2 --cpu-load 60 --quiet --timeout 60s,30,4/27/2026,12:16:29,30.76,8.39,23.57,,,
stress-ng --cpu 2 --cpu-load 60 --quiet --timeout 60s,30,4/27/2026,16:17:35,1.47,8.39,10.49,,,
stress-ng --cpu 2 --cpu-load 60 --quiet --timeout 60s,30,4/27/2026,16:17:36,25,8.4,10.49,,,
stress-ng --cpu 2 --cpu-load 60 --quiet --timeout 60s,30,4/27/2026,16:17:37,30.92,8.4,10.49,,,
stress-ng --cpu 2 --cpu-load 60 --quiet --timeout 60s,30,4/27/2026,16:17:38,30.69,8.4,23.8,,,
stress-ng --cpu 2 --cpu-load 60 --quiet --timeout 60s,30,4/27/2026,16:17:39,31.09,8.4,23.59,,,
stress-ng --cpu 2 --cpu-load 60 --quiet --timeout 60s,30,4/27/2026,16:17:40,30.69,8.4,23.59,,,
stress-ng --cpu 2 --cpu-load 60 --quiet --timeout 60s,30,4/27/2026,16:17:41,30.76,8.4,24.09,,,
stress-ng --cpu 2 --cpu-load 60 --quiet --timeout 60s,30,4/27/2026,16:17:42,30.52,8.4,24.06,,,
stress-ng --cpu 2 --cpu-load 60 --quiet --timeout 60s,30,4/27/2026,16:17:43,30.67,8.4,24.06,,,
stress-ng --cpu 2 --cpu-load 60 --quiet --timeout 60s,30,4/27/2026,16:17:44,30.94,8.4,23.87,,,
stress-ng --cpu 2 --cpu-load 60 --quiet --timeout 60s,30,4/27/2026,16:17:45,30.76,8.4,22.59,,,
stress-ng --cpu 2 --cpu-load 60 --quiet --timeout 60s,30,4/27/2026,16:17:46,30.42,8.4,22.59,,,
stress-ng --cpu 2 --cpu-load 60 --quiet --timeout 60s,30,4/27/2026,16:17:47,30.59,8.4,22.72,,,
stress-ng --cpu 2 --cpu-load 60 --quiet --timeout 60s,30,4/27/2026,16:17:48,30.76,8.4,23.45,,,
stress-ng --cpu 2 --cpu-load 60 --quiet --timeout 60s,30,4/27/2026,16:17:49,30.76,8.4,23.45,,,
stress-ng --cpu 2 --cpu-load 60 --quiet --timeout 60s,30,4/27/2026,16:17:50,30.59,8.4,22.74,,,
stress-ng --cpu 2 --cpu-load 60 --quiet --timeout 60s,30,4/27/2026,16:17:51,30.59,8.4,22.73,,,
stress-ng --cpu 2 --cpu-load 60 --quiet --timeout 60s,30,4/27/2026,16:17:52,30.42,8.4,22.73,,,
stress-ng --cpu 2 --cpu-load 60 --quiet --timeout 60s,30,4/27/2026,16:17:53,31.01,8.4,23.04,,,
stress-ng --cpu 2 --cpu-load 60 --quiet --timeout 60s,30,4/27/2026,16:17:54,30.5,8.4,22.99,,,
stress-ng --cpu 2 --cpu-load 60 --quiet --timeout 60s,30,4/27/2026,16:17:55,30.69,8.4,22.99,,,
stress-ng --cpu 2 --cpu-load 60 --quiet --timeout 60s,30,4/27/2026,16:17:56,30.67,8.4,22.88,,,
stress-ng --cpu 2 --cpu-load 60 --quiet --timeout 60s,30,4/27/2026,16:17:57,30.52,8.4,23.19,,,
stress-ng --cpu 2 --cpu-load 60 --quiet --timeout 60s,30,4/27/2026,16:17:58,30.59,8.4,23.19,,,
stress-ng --cpu 2 --cpu-load 60 --quiet --timeout 60s,30,4/27/2026,16:17:59,30.59,8.4,23.45,,,
stress-ng --cpu 2 --cpu-load 60 --quiet --timeout 60s,30,4/27/2026,16:18:00,30.59,8.4,23.12,,,
stress-ng --cpu 2 --cpu-load 60 --quiet --timeout 60s,30,4/27/2026,16:18:01,30.59,8.4,23.12,,,
stress-ng --cpu 2 --cpu-load 60 --quiet --timeout 60s,30,4/27/2026,16:18:02,30.84,8.4,23.16,,,
stress-ng --cpu 2 --cpu-load 60 --quiet --timeout 60s,30,4/27/2026,16:18:03,30.59,8.4,23.36,,,
stress-ng --cpu 2 --cpu-load 60 --quiet --timeout 60s,30,4/27/2026,16:18:04,30.52,8.4,23.36,,,
stress-ng --cpu 2 --cpu-load 60 --quiet --timeout 60s,30,4/27/2026,16:18:05,30.34,8.4,22.7,,,
stress-ng --cpu 2 --cpu-load 60 --quiet --timeout 60s,30,4/27/2026,16:18:06,30.76,8.4,22.83,,,
stress-ng --cpu 2 --cpu-load 60 --quiet --timeout 60s,30,4/27/2026,16:18:07,30.59,8.4,22.83,,,
stress-ng --cpu 2 --cpu-load 60 --quiet --timeout 60s,30,4/27/2026,16:18:08,30.76,8.39,24.42,,,
stress-ng --cpu 2 --cpu-load 60 --quiet --timeout 60s,30,4/27/2026,16:18:09,30.84,8.4,24.42,,,
stress-ng --cpu 2 --cpu-load 60 --quiet --timeout 60s,30,4/27/2026,16:18:10,30.94,8.4,24.42,,,
stress-ng --cpu 2 --cpu-load 60 --quiet --timeout 60s,30,4/27/2026,16:18:11,30.52,8.4,23.04,,,
stress-ng --cpu 2 --cpu-load 60 --quiet --timeout 60s,30,4/27/2026,16:18:12,30.59,8.4,23.24,,,
stress-ng --cpu 2 --cpu-load 60 --quiet --timeout 60s,30,4/27/2026,16:18:13,30.59,8.4,23.24,,,
stress-ng --cpu 2 --cpu-load 60 --quiet --timeout 60s,30,4/27/2026,16:18:14,30.59,8.4,23.49,,,
stress-ng --cpu 2 --cpu-load 60 --quiet --timeout 60s,30,4/27/2026,16:18:15,30.84,8.4,23.03,,,
stress-ng --cpu 2 --cpu-load 60 --quiet --timeout 60s,30,4/27/2026,16:18:16,31.01,8.4,23.03,,,
stress-ng --cpu 2 --cpu-load 60 --quiet --timeout 60s,30,4/27/2026,16:18:17,30.52,8.4,24.01,,,
stress-ng --cpu 2 --cpu-load 60 --quiet --timeout 60s,30,4/27/2026,16:18:18,30.42,8.4,24.67,,,
stress-ng --cpu 2 --cpu-load 60 --quiet --timeout 60s,30,4/27/2026,16:18:19,30.59,8.4,24.67,,,
stress-ng --cpu 2 --cpu-load 60 --quiet --timeout 60s,30,4/27/2026,16:18:20,30.52,8.4,24.22,,,
stress-ng --cpu 2 --cpu-load 60 --quiet --timeout 60s,30,4/27/2026,16:18:21,30.59,8.4,23.88,,,
stress-ng --cpu 2 --cpu-load 60 --quiet --timeout 60s,30,4/27/2026,16:18:22,30.52,8.4,23.88,,,
stress-ng --cpu 2 --cpu-load 60 --quiet --timeout 60s,30,4/27/2026,16:18:23,30.92,8.4,23.62,,,
stress-ng --cpu 2 --cpu-load 60 --quiet --timeout 60s,30,4/27/2026,16:18:24,30.69,8.4,23.88,,,
stress-ng --cpu 2 --cpu-load 60 --quiet --timeout 60s,30,4/27/2026,16:18:25,30.59,8.4,23.88,,,
stress-ng --cpu 2 --cpu-load 60 --quiet --timeout 60s,30,4/27/2026,16:18:26,30.76,8.4,23.73,,,
stress-ng --cpu 2 --cpu-load 60 --quiet --timeout 60s,30,4/27/2026,16:18:27,30.67,8.4,23.79,,,
stress-ng --cpu 2 --cpu-load 60 --quiet --timeout 60s,30,4/27/2026,16:18:28,30.59,8.4,24.26,,,
stress-ng --cpu 2 --cpu-load 60 --quiet --timeout 60s,30,4/27/2026,16:18:29,30.84,8.4,24.26,,,
stress-ng --cpu 2 --cpu-load 60 --quiet --timeout 60s,30,4/27/2026,16:18:30,30.59,8.4,24.22,,,
stress-ng --cpu 2 --cpu-load 60 --quiet --timeout 60s,30,4/27/2026,16:18:31,30.52,8.4,24.22,,,
stress-ng --cpu 2 --cpu-load 60 --quiet --timeout 60s,30,4/27/2026,16:18:32,30.42,8.4,24.07,,,
stress-ng --cpu 2 --cpu-load 60 --quiet --timeout 60s,30,4/27/2026,16:18:33,30.52,8.4,24.13,,,
stress-ng --cpu 2 --cpu-load 60 --quiet --timeout 60s,30,4/27/2026,16:18:34,30.76,8.4,24.13,,,
stress-ng --cpu 2 --cpu-load 60 --quiet --timeout 60s,30,4/27/2026,16:18:35,25.37,8.39,24.69,,,
stress-ng --cpu 2 --cpu-load 60 --quiet --timeout 60s,30,4/27/2026,16:45:35,1.71,8.39,9.52,,,
stress-ng --cpu 2 --cpu-load 60 --quiet --timeout 60s,30,4/27/2026,16:45:36,21.42,8.4,9.7,,,
stress-ng --cpu 2 --cpu-load 60 --quiet --timeout 60s,30,4/27/2026,16:45:37,30.52,8.4,15.33,,,
stress-ng --cpu 2 --cpu-load 60 --quiet --timeout 60s,30,4/27/2026,16:45:38,30.84,8.4,15.33,,,
stress-ng --cpu 2 --cpu-load 60 --quiet --timeout 60s,30,4/27/2026,16:45:39,30.59,8.4,22.47,,,
stress-ng --cpu 2 --cpu-load 60 --quiet --timeout 60s,30,4/27/2026,16:45:40,31.01,8.4,22.47,,,
stress-ng --cpu 2 --cpu-load 60 --quiet --timeout 60s,30,4/27/2026,16:45:41,30.76,8.4,22.67,,,
stress-ng --cpu 2 --cpu-load 60 --quiet --timeout 60s,30,4/27/2026,16:45:42,30.76,8.4,22.89,,,
stress-ng --cpu 2 --cpu-load 60 --quiet --timeout 60s,30,4/27/2026,16:45:43,30.27,8.4,23.06,,,
stress-ng --cpu 2 --cpu-load 60 --quiet --timeout 60s,30,4/27/2026,16:45:44,30.76,8.4,23.06,,,
stress-ng --cpu 2 --cpu-load 60 --quiet --timeout 60s,30,4/27/2026,16:45:45,30.67,8.4,22.87,,,
stress-ng --cpu 2 --cpu-load 60 --quiet --timeout 60s,30,4/27/2026,16:45:46,30.59,8.41,22.87,,,
stress-ng --cpu 2 --cpu-load 60 --quiet --timeout 60s,30,4/27/2026,16:45:47,31.01,8.41,22.42,,,
stress-ng --cpu 2 --cpu-load 60 --quiet --timeout 60s,30,4/27/2026,16:45:48,30.52,8.41,22.59,,,
stress-ng --cpu 2 --cpu-load 60 --quiet --timeout 60s,30,4/27/2026,16:45:49,30.67,8.41,22.59,,,
stress-ng --cpu 2 --cpu-load 60 --quiet --timeout 60s,30,4/27/2026,16:45:50,30.76,8.41,22.28,,,
stress-ng --cpu 2 --cpu-load 60 --quiet --timeout 60s,30,4/27/2026,16:45:51,30.67,8.41,22.33,,,
stress-ng --cpu 2 --cpu-load 60 --quiet --timeout 60s,30,4/27/2026,16:45:52,30.94,8.41,22.33,,,
stress-ng --cpu 2 --cpu-load 60 --quiet --timeout 60s,30,4/27/2026,16:45:53,30.84,8.41,23.17,,,
stress-ng --cpu 2 --cpu-load 60 --quiet --timeout 60s,30,4/27/2026,16:45:54,30.52,8.41,22.58,,,
stress-ng --cpu 2 --cpu-load 60 --quiet --timeout 60s,30,4/27/2026,16:45:55,31.01,8.41,22.58,,,
stress-ng --cpu 2 --cpu-load 60 --quiet --timeout 60s,30,4/27/2026,16:45:56,30.34,8.41,22.85,,,
stress-ng --cpu 2 --cpu-load 60 --quiet --timeout 60s,30,4/27/2026,16:45:57,30.34,8.41,23.03,,,
stress-ng --cpu 2 --cpu-load 60 --quiet --timeout 60s,30,4/27/2026,16:45:58,31.26,8.41,23.03,,,
stress-ng --cpu 2 --cpu-load 60 --quiet --timeout 60s,30,4/27/2026,16:45:59,30.76,8.41,22.99,,,
stress-ng --cpu 2 --cpu-load 60 --quiet --timeout 60s,30,4/27/2026,16:46:00,30.34,8.41,23.09,,,
stress-ng --cpu 2 --cpu-load 60 --quiet --timeout 60s,30,4/27/2026,16:46:01,30.34,8.41,23.09,,,
stress-ng --cpu 2 --cpu-load 60 --quiet --timeout 60s,30,4/27/2026,16:46:02,30.76,8.41,23.44,,,
stress-ng --cpu 2 --cpu-load 60 --quiet --timeout 60s,30,4/27/2026,16:46:03,30.84,8.41,24.1,,,
stress-ng --cpu 2 --cpu-load 60 --quiet --timeout 60s,30,4/27/2026,16:46:04,30.42,8.41,24.31,,,
stress-ng --cpu 2 --cpu-load 60 --quiet --timeout 60s,30,4/27/2026,16:46:05,30.76,8.41,24.31,,,
stress-ng --cpu 2 --cpu-load 60 --quiet --timeout 60s,30,4/27/2026,16:46:06,30.59,8.41,24.21,,,
stress-ng --cpu 2 --cpu-load 60 --quiet --timeout 60s,30,4/27/2026,16:46:07,30.76,8.41,24.21,,,
stress-ng --cpu 2 --cpu-load 60 --quiet --timeout 60s,30,4/27/2026,16:46:08,30.59,8.41,24.56,,,
stress-ng --cpu 2 --cpu-load 60 --quiet --timeout 60s,30,4/27/2026,16:46:09,30.76,8.41,23.69,,,
stress-ng --cpu 2 --cpu-load 60 --quiet --timeout 60s,30,4/27/2026,16:46:10,30.84,8.41,23.69,,,
stress-ng --cpu 2 --cpu-load 60 --quiet --timeout 60s,30,4/27/2026,16:46:11,31.01,8.41,22.67,,,
stress-ng --cpu 2 --cpu-load 60 --quiet --timeout 60s,30,4/27/2026,16:46:12,30.42,8.41,22.83,,,
stress-ng --cpu 2 --cpu-load 60 --quiet --timeout 60s,30,4/27/2026,16:46:13,30.52,8.41,22.83,,,
stress-ng --cpu 2 --cpu-load 60 --quiet --timeout 60s,30,4/27/2026,16:46:14,30.34,8.41,23.29,,,
stress-ng --cpu 2 --cpu-load 60 --quiet --timeout 60s,30,4/27/2026,16:46:15,30.52,8.41,23.13,,,
stress-ng --cpu 2 --cpu-load 60 --quiet --timeout 60s,30,4/27/2026,16:46:16,30.42,8.41,23.13,,,
stress-ng --cpu 2 --cpu-load 60 --quiet --timeout 60s,30,4/27/2026,16:46:17,30.94,8.41,23.34,,,
stress-ng --cpu 2 --cpu-load 60 --quiet --timeout 60s,30,4/27/2026,16:46:18,30.84,8.41,23.36,,,
stress-ng --cpu 2 --cpu-load 60 --quiet --timeout 60s,30,4/27/2026,16:46:19,30.59,8.41,23.36,,,
stress-ng --cpu 2 --cpu-load 60 --quiet --timeout 60s,30,4/27/2026,16:46:20,30.61,8.41,22.88,,,
stress-ng --cpu 2 --cpu-load 60 --quiet --timeout 60s,30,4/27/2026,16:46:21,30.64,8.41,23.25,,,
stress-ng --cpu 2 --cpu-load 60 --quiet --timeout 60s,30,4/27/2026,16:46:22,30.67,8.41,24.11,,,
stress-ng --cpu 2 --cpu-load 60 --quiet --timeout 60s,30,4/27/2026,16:46:23,31.26,8.41,24.11,,,
stress-ng --cpu 2 --cpu-load 60 --quiet --timeout 60s,30,4/27/2026,16:46:24,30.27,8.41,24.54,,,
stress-ng --cpu 2 --cpu-load 60 --quiet --timeout 60s,30,4/27/2026,16:46:25,30.84,8.41,24.54,,,
stress-ng --cpu 2 --cpu-load 60 --quiet --timeout 60s,30,4/27/2026,16:46:26,30.52,8.41,24.08,,,
stress-ng --cpu 2 --cpu-load 60 --quiet --timeout 60s,30,4/27/2026,16:46:27,30.76,8.41,23.99,,,
stress-ng --cpu 2 --cpu-load 60 --quiet --timeout 60s,30,4/27/2026,16:46:28,31.01,8.41,23.99,,,
stress-ng --cpu 2 --cpu-load 60 --quiet --timeout 60s,30,4/27/2026,16:46:29,30.52,8.41,24.57,,,
stress-ng --cpu 2 --cpu-load 60 --quiet --timeout 60s,30,4/27/2026,16:46:30,30.42,8.41,23.94,,,
stress-ng --cpu 2 --cpu-load 60 --quiet --timeout 60s,30,4/27/2026,16:46:31,30.34,8.41,23.94,,,
stress-ng --cpu 2 --cpu-load 60 --quiet --timeout 60s,30,4/27/2026,16:46:32,30.59,8.41,23.94,,,
stress-ng --cpu 2 --cpu-load 60 --quiet --timeout 60s,30,4/27/2026,16:46:33,30.52,8.41,23.93,,,
stress-ng --cpu 2 --cpu-load 60 --quiet --timeout 60s,30,4/27/2026,16:46:34,30.52,8.41,23.93,,,
stress-ng --cpu 2 --cpu-load 60 --quiet --timeout 60s,30,4/27/2026,16:46:35,30.84,8.41,23.4,,,
stress-ng --cpu 2 --cpu-load 60 --quiet --timeout 60s,30,4/27/2026,16:46:36,29.77,8.41,23.75,,,
stress-ng --cpu 2 --cpu-load 62 --quiet --timeout 60s,31,4/27/2026,14:07:32,5.66,8.39,9.15,,,
stress-ng --cpu 2 --cpu-load 62 --quiet --timeout 60s,31,4/27/2026,14:07:33,32.25,8.39,18.43,,,
stress-ng --cpu 2 --cpu-load 62 --quiet --timeout 60s,31,4/27/2026,14:07:34,31.34,8.39,18.43,,,
stress-ng --cpu 2 --cpu-load 62 --quiet --timeout 60s,31,4/27/2026,14:07:35,32.08,8.39,18.43,,,
stress-ng --cpu 2 --cpu-load 62 --quiet --timeout 60s,31,4/27/2026,14:07:36,31.51,8.39,23.82,,,
stress-ng --cpu 2 --cpu-load 62 --quiet --timeout 60s,31,4/27/2026,14:07:37,31.17,8.39,23.87,,,
stress-ng --cpu 2 --cpu-load 62 --quiet --timeout 60s,31,4/27/2026,14:07:38,32,8.39,23.87,,,
stress-ng --cpu 2 --cpu-load 62 --quiet --timeout 60s,31,4/27/2026,14:07:39,31.68,8.39,24.8,,,
stress-ng --cpu 2 --cpu-load 62 --quiet --timeout 60s,31,4/27/2026,14:07:40,31.67,8.39,24.8,,,
stress-ng --cpu 2 --cpu-load 62 --quiet --timeout 60s,31,4/27/2026,14:07:41,31.51,8.39,24.8,,,
stress-ng --cpu 2 --cpu-load 62 --quiet --timeout 60s,31,4/27/2026,14:07:42,31.34,8.39,24.81,,,
stress-ng --cpu 2 --cpu-load 62 --quiet --timeout 60s,31,4/27/2026,14:07:43,32,8.39,24.27,,,
stress-ng --cpu 2 --cpu-load 62 --quiet --timeout 60s,31,4/27/2026,14:07:44,31.17,8.39,24.27,,,
stress-ng --cpu 2 --cpu-load 62 --quiet --timeout 60s,31,4/27/2026,14:07:45,32,8.39,23.73,,,
stress-ng --cpu 2 --cpu-load 62 --quiet --timeout 60s,31,4/27/2026,14:07:46,31.76,8.39,23.24,,,
stress-ng --cpu 2 --cpu-load 62 --quiet --timeout 60s,31,4/27/2026,14:07:47,31.51,8.39,23.24,,,
stress-ng --cpu 2 --cpu-load 62 --quiet --timeout 60s,31,4/27/2026,14:07:48,31.76,8.39,23.78,,,
stress-ng --cpu 2 --cpu-load 62 --quiet --timeout 60s,31,4/27/2026,14:07:49,31.51,8.39,24.56,,,
stress-ng --cpu 2 --cpu-load 62 --quiet --timeout 60s,31,4/27/2026,14:07:50,31.51,8.39,24.56,,,
stress-ng --cpu 2 --cpu-load 62 --quiet --timeout 60s,31,4/27/2026,14:07:51,31.68,8.39,24.54,,,
stress-ng --cpu 2 --cpu-load 62 --quiet --timeout 60s,31,4/27/2026,14:07:52,31.67,8.39,24.52,,,
stress-ng --cpu 2 --cpu-load 62 --quiet --timeout 60s,31,4/27/2026,14:07:53,31.68,8.39,24.52,,,
stress-ng --cpu 2 --cpu-load 62 --quiet --timeout 60s,31,4/27/2026,14:07:54,31.59,8.39,24.52,,,
stress-ng --cpu 2 --cpu-load 62 --quiet --timeout 60s,31,4/27/2026,14:07:55,31.42,8.39,24.79,,,
stress-ng --cpu 2 --cpu-load 62 --quiet --timeout 60s,31,4/27/2026,14:07:56,31.59,8.39,24.79,,,
stress-ng --cpu 2 --cpu-load 62 --quiet --timeout 60s,31,4/27/2026,14:07:57,31.93,8.39,24.6,,,
stress-ng --cpu 2 --cpu-load 62 --quiet --timeout 60s,31,4/27/2026,14:07:58,31.67,8.39,24.8,,,
stress-ng --cpu 2 --cpu-load 62 --quiet --timeout 60s,31,4/27/2026,14:07:59,31.26,8.39,24.8,,,
stress-ng --cpu 2 --cpu-load 62 --quiet --timeout 60s,31,4/27/2026,14:08:00,31.84,8.39,25.08,,,
stress-ng --cpu 2 --cpu-load 62 --quiet --timeout 60s,31,4/27/2026,14:08:01,31.51,8.39,24.71,,,
stress-ng --cpu 2 --cpu-load 62 --quiet --timeout 60s,31,4/27/2026,14:08:02,31.67,8.39,24.71,,,
stress-ng --cpu 2 --cpu-load 62 --quiet --timeout 60s,31,4/27/2026,14:08:03,31.68,8.39,24.69,,,
stress-ng --cpu 2 --cpu-load 62 --quiet --timeout 60s,31,4/27/2026,14:08:04,31.59,8.39,25.28,,,
stress-ng --cpu 2 --cpu-load 62 --quiet --timeout 60s,31,4/27/2026,14:08:05,31.76,8.39,25.28,,,
stress-ng --cpu 2 --cpu-load 62 --quiet --timeout 60s,31,4/27/2026,14:08:06,31.93,8.39,24.89,,,
stress-ng --cpu 2 --cpu-load 62 --quiet --timeout 60s,31,4/27/2026,14:08:07,31.25,8.39,24.16,,,
stress-ng --cpu 2 --cpu-load 62 --quiet --timeout 60s,31,4/27/2026,14:08:08,31.68,8.39,24.16,,,
stress-ng --cpu 2 --cpu-load 62 --quiet --timeout 60s,31,4/27/2026,14:08:09,31.59,8.39,23.91,,,
stress-ng --cpu 2 --cpu-load 62 --quiet --timeout 60s,31,4/27/2026,14:08:10,31.76,8.39,24.03,,,
stress-ng --cpu 2 --cpu-load 62 --quiet --timeout 60s,31,4/27/2026,14:08:11,31.84,8.39,24.03,,,
stress-ng --cpu 2 --cpu-load 62 --quiet --timeout 60s,31,4/27/2026,14:08:12,31.68,8.39,23.5,,,
stress-ng --cpu 2 --cpu-load 62 --quiet --timeout 60s,31,4/27/2026,14:08:13,31.42,8.39,24.14,,,
stress-ng --cpu 2 --cpu-load 62 --quiet --timeout 60s,31,4/27/2026,14:08:14,31.51,8.39,24.14,,,
stress-ng --cpu 2 --cpu-load 62 --quiet --timeout 60s,31,4/27/2026,14:08:15,31.59,8.39,24.46,,,
stress-ng --cpu 2 --cpu-load 62 --quiet --timeout 60s,31,4/27/2026,14:08:16,31.76,8.39,24.47,,,
stress-ng --cpu 2 --cpu-load 62 --quiet --timeout 60s,31,4/27/2026,14:08:17,31.59,8.39,24.47,,,
stress-ng --cpu 2 --cpu-load 62 --quiet --timeout 60s,31,4/27/2026,14:08:18,31.34,8.39,24.55,,,
stress-ng --cpu 2 --cpu-load 62 --quiet --timeout 60s,31,4/27/2026,14:08:19,31.84,8.39,24.99,,,
stress-ng --cpu 2 --cpu-load 62 --quiet --timeout 60s,31,4/27/2026,14:08:20,31.51,8.39,24.99,,,
stress-ng --cpu 2 --cpu-load 62 --quiet --timeout 60s,31,4/27/2026,14:08:21,31.67,8.39,24.79,,,
stress-ng --cpu 2 --cpu-load 62 --quiet --timeout 60s,31,4/27/2026,14:08:22,31.68,8.39,24.26,,,
stress-ng --cpu 2 --cpu-load 62 --quiet --timeout 60s,31,4/27/2026,14:08:23,31.26,8.39,24.26,,,
stress-ng --cpu 2 --cpu-load 62 --quiet --timeout 60s,31,4/27/2026,14:08:24,32.33,8.39,24.12,,,
stress-ng --cpu 2 --cpu-load 62 --quiet --timeout 60s,31,4/27/2026,14:08:25,31.26,8.39,24.19,,,
stress-ng --cpu 2 --cpu-load 62 --quiet --timeout 60s,31,4/27/2026,14:08:26,31.42,8.39,24.19,,,
stress-ng --cpu 2 --cpu-load 62 --quiet --timeout 60s,31,4/27/2026,14:08:27,31.76,8.4,24.21,,,
stress-ng --cpu 2 --cpu-load 62 --quiet --timeout 60s,31,4/27/2026,14:08:28,31.84,8.4,24.44,,,
stress-ng --cpu 2 --cpu-load 62 --quiet --timeout 60s,31,4/27/2026,14:08:29,31.43,8.4,24.44,,,
stress-ng --cpu 2 --cpu-load 62 --quiet --timeout 60s,31,4/27/2026,14:08:30,31.59,8.4,24.72,,,
stress-ng --cpu 2 --cpu-load 62 --quiet --timeout 60s,31,4/27/2026,14:08:31,31.76,8.4,24.39,,,
stress-ng --cpu 2 --cpu-load 62 --quiet --timeout 60s,31,4/27/2026,14:08:32,16.54,8.39,24.39,,,
stress-ng --cpu 2 --cpu-load 62 --quiet --timeout 60s,31,4/27/2026,14:13:32,7.63,8.41,9.71,,,
stress-ng --cpu 2 --cpu-load 62 --quiet --timeout 60s,31,4/27/2026,14:13:33,31.59,8.41,15.9,,,
stress-ng --cpu 2 --cpu-load 62 --quiet --timeout 60s,31,4/27/2026,14:13:34,31.67,8.41,15.9,,,
stress-ng --cpu 2 --cpu-load 62 --quiet --timeout 60s,31,4/27/2026,14:13:35,31.59,8.41,23.57,,,
stress-ng --cpu 2 --cpu-load 62 --quiet --timeout 60s,31,4/27/2026,14:13:36,31.68,8.41,23.26,,,
stress-ng --cpu 2 --cpu-load 62 --quiet --timeout 60s,31,4/27/2026,14:13:37,32.25,8.41,23.26,,,
stress-ng --cpu 2 --cpu-load 62 --quiet --timeout 60s,31,4/27/2026,14:13:38,31.17,8.41,23.78,,,
stress-ng --cpu 2 --cpu-load 62 --quiet --timeout 60s,31,4/27/2026,14:13:39,32.08,8.41,22.77,,,
stress-ng --cpu 2 --cpu-load 62 --quiet --timeout 60s,31,4/27/2026,14:13:40,31.34,8.41,22.77,,,
stress-ng --cpu 2 --cpu-load 62 --quiet --timeout 60s,31,4/27/2026,14:13:41,31.92,8.41,23.23,,,
stress-ng --cpu 2 --cpu-load 62 --quiet --timeout 60s,31,4/27/2026,14:13:42,31.34,8.41,23.2,,,
stress-ng --cpu 2 --cpu-load 62 --quiet --timeout 60s,31,4/27/2026,14:13:43,32,8.41,23.2,,,
stress-ng --cpu 2 --cpu-load 62 --quiet --timeout 60s,31,4/27/2026,14:13:44,31.51,8.41,24.26,,,
stress-ng --cpu 2 --cpu-load 62 --quiet --timeout 60s,31,4/27/2026,14:13:45,31.59,8.41,23.88,,,
stress-ng --cpu 2 --cpu-load 62 --quiet --timeout 60s,31,4/27/2026,14:13:46,31.84,8.41,23.88,,,
stress-ng --cpu 2 --cpu-load 62 --quiet --timeout 60s,31,4/27/2026,14:13:47,31.26,8.41,24.5,,,
stress-ng --cpu 2 --cpu-load 62 --quiet --timeout 60s,31,4/27/2026,14:13:48,31.92,8.41,24.65,,,
stress-ng --cpu 2 --cpu-load 62 --quiet --timeout 60s,31,4/27/2026,14:13:49,31.67,8.41,24.65,,,
stress-ng --cpu 2 --cpu-load 62 --quiet --timeout 60s,31,4/27/2026,14:13:50,31.6,8.41,24.51,,,
stress-ng --cpu 2 --cpu-load 62 --quiet --timeout 60s,31,4/27/2026,14:13:51,31.67,8.41,24.68,,,
stress-ng --cpu 2 --cpu-load 62 --quiet --timeout 60s,31,4/27/2026,14:13:52,31.51,8.41,24.68,,,
stress-ng --cpu 2 --cpu-load 62 --quiet --timeout 60s,31,4/27/2026,14:13:53,31.51,8.41,24.68,,,
stress-ng --cpu 2 --cpu-load 62 --quiet --timeout 60s,31,4/27/2026,14:13:54,31.59,8.41,24.54,,,
stress-ng --cpu 2 --cpu-load 62 --quiet --timeout 60s,31,4/27/2026,14:13:55,31.76,8.41,24.55,,,
stress-ng --cpu 2 --cpu-load 62 --quiet --timeout 60s,31,4/27/2026,14:13:56,31.26,8.41,24.55,,,
stress-ng --cpu 2 --cpu-load 62 --quiet --timeout 60s,31,4/27/2026,14:13:57,32.25,8.41,24.25,,,
stress-ng --cpu 2 --cpu-load 62 --quiet --timeout 60s,31,4/27/2026,14:13:58,31.09,8.41,23.47,,,
stress-ng --cpu 2 --cpu-load 62 --quiet --timeout 60s,31,4/27/2026,14:13:59,32.08,8.41,23.47,,,
stress-ng --cpu 2 --cpu-load 62 --quiet --timeout 60s,31,4/27/2026,14:14:00,31.43,8.41,23.49,,,
stress-ng --cpu 2 --cpu-load 62 --quiet --timeout 60s,31,4/27/2026,14:14:01,31.68,8.41,23.4,,,
stress-ng --cpu 2 --cpu-load 62 --quiet --timeout 60s,31,4/27/2026,14:14:02,32.08,8.41,23.4,,,
stress-ng --cpu 2 --cpu-load 62 --quiet --timeout 60s,31,4/27/2026,14:14:03,31.42,8.41,23.79,,,
stress-ng --cpu 2 --cpu-load 62 --quiet --timeout 60s,31,4/27/2026,14:14:04,32,8.41,24.24,,,
stress-ng --cpu 2 --cpu-load 62 --quiet --timeout 60s,31,4/27/2026,14:14:05,31.76,8.41,24.24,,,
stress-ng --cpu 2 --cpu-load 62 --quiet --timeout 60s,31,4/27/2026,14:14:06,31.76,8.41,25.55,,,
stress-ng --cpu 2 --cpu-load 62 --quiet --timeout 60s,31,4/27/2026,14:14:07,31.17,8.41,24.28,,,
stress-ng --cpu 2 --cpu-load 62 --quiet --timeout 60s,31,4/27/2026,14:14:08,31.93,8.41,24.28,,,
stress-ng --cpu 2 --cpu-load 62 --quiet --timeout 60s,31,4/27/2026,14:14:09,31.67,8.41,24.7,,,
stress-ng --cpu 2 --cpu-load 62 --quiet --timeout 60s,31,4/27/2026,14:14:10,31.68,8.41,24.47,,,
stress-ng --cpu 2 --cpu-load 62 --quiet --timeout 60s,31,4/27/2026,14:14:11,31.635,8.41,24.47,,,
stress-ng --cpu 2 --cpu-load 62 --quiet --timeout 60s,31,4/27/2026,14:14:12,31.59,8.41,24.89,,,
stress-ng --cpu 2 --cpu-load 62 --quiet --timeout 60s,31,4/27/2026,14:14:13,31.76,8.41,24.51,,,
stress-ng --cpu 2 --cpu-load 62 --quiet --timeout 60s,31,4/27/2026,14:14:14,31.67,8.41,24.51,,,
stress-ng --cpu 2 --cpu-load 62 --quiet --timeout 60s,31,4/27/2026,14:14:15,31.51,8.41,24.73,,,
stress-ng --cpu 2 --cpu-load 62 --quiet --timeout 60s,31,4/27/2026,14:14:16,31.84,8.41,24.19,,,
stress-ng --cpu 2 --cpu-load 62 --quiet --timeout 60s,31,4/27/2026,14:14:17,31.09,8.41,24.19,,,
stress-ng --cpu 2 --cpu-load 62 --quiet --timeout 60s,31,4/27/2026,14:14:18,32.5,8.41,23.96,,,
stress-ng --cpu 2 --cpu-load 62 --quiet --timeout 60s,31,4/27/2026,14:14:19,31.26,8.41,23.6,,,
stress-ng --cpu 2 --cpu-load 62 --quiet --timeout 60s,31,4/27/2026,14:14:20,31.59,8.41,23.6,,,
stress-ng --cpu 2 --cpu-load 62 --quiet --timeout 60s,31,4/27/2026,14:14:21,32,8.41,23.85,,,
stress-ng --cpu 2 --cpu-load 62 --quiet --timeout 60s,31,4/27/2026,14:14:22,31.17,8.41,24.53,,,
stress-ng --cpu 2 --cpu-load 62 --quiet --timeout 60s,31,4/27/2026,14:14:23,31.51,8.41,24.53,,,
stress-ng --cpu 2 --cpu-load 62 --quiet --timeout 60s,31,4/27/2026,14:14:24,31.51,8.41,23.65,,,
stress-ng --cpu 2 --cpu-load 62 --quiet --timeout 60s,31,4/27/2026,14:14:25,32.08,8.41,24.01,,,
stress-ng --cpu 2 --cpu-load 62 --quiet --timeout 60s,31,4/27/2026,14:14:26,31.26,8.41,24.01,,,
stress-ng --cpu 2 --cpu-load 62 --quiet --timeout 60s,31,4/27/2026,14:14:27,31.84,8.41,24.33,,,
stress-ng --cpu 2 --cpu-load 62 --quiet --timeout 60s,31,4/27/2026,14:14:28,31.76,8.41,24.35,,,
stress-ng --cpu 2 --cpu-load 62 --quiet --timeout 60s,31,4/27/2026,14:14:29,31.76,8.41,24.35,,,
stress-ng --cpu 2 --cpu-load 62 --quiet --timeout 60s,31,4/27/2026,14:14:30,31.26,8.41,24.39,,,
stress-ng --cpu 2 --cpu-load 62 --quiet --timeout 60s,31,4/27/2026,14:14:31,31.84,8.41,24.72,,,
stress-ng --cpu 2 --cpu-load 62 --quiet --timeout 60s,31,4/27/2026,14:14:32,32.5,8.41,24.72,,,
stress-ng --cpu 2 --cpu-load 62 --quiet --timeout 60s,31,4/27/2026,16:49:36,1.46,8.39,9.84,,,
stress-ng --cpu 2 --cpu-load 62 --quiet --timeout 60s,31,4/27/2026,16:49:37,31.35,8.41,14.57,,,
stress-ng --cpu 2 --cpu-load 62 --quiet --timeout 60s,31,4/27/2026,16:49:38,31.59,8.41,14.57,,,
stress-ng --cpu 2 --cpu-load 62 --quiet --timeout 60s,31,4/27/2026,16:49:39,31.93,8.41,23.71,,,
stress-ng --cpu 2 --cpu-load 62 --quiet --timeout 60s,31,4/27/2026,16:49:40,31.42,8.41,23.71,,,
stress-ng --cpu 2 --cpu-load 62 --quiet --timeout 60s,31,4/27/2026,16:49:41,31.84,8.41,23.65,,,
stress-ng --cpu 2 --cpu-load 62 --quiet --timeout 60s,31,4/27/2026,16:49:42,31.34,8.41,24.15,,,
stress-ng --cpu 2 --cpu-load 62 --quiet --timeout 60s,31,4/27/2026,16:49:43,32.08,8.41,24.15,,,
stress-ng --cpu 2 --cpu-load 62 --quiet --timeout 60s,31,4/27/2026,16:49:44,31.93,8.41,24.22,,,
stress-ng --cpu 2 --cpu-load 62 --quiet --timeout 60s,31,4/27/2026,16:49:45,31.26,8.41,23.9,,,
stress-ng --cpu 2 --cpu-load 62 --quiet --timeout 60s,31,4/27/2026,16:49:46,31.92,8.41,23.9,,,
stress-ng --cpu 2 --cpu-load 62 --quiet --timeout 60s,31,4/27/2026,16:49:47,31.34,8.41,23.75,,,
stress-ng --cpu 2 --cpu-load 62 --quiet --timeout 60s,31,4/27/2026,16:49:48,31.93,8.41,25.01,,,
stress-ng --cpu 2 --cpu-load 62 --quiet --timeout 60s,31,4/27/2026,16:49:49,31.34,8.41,25.01,,,
stress-ng --cpu 2 --cpu-load 62 --quiet --timeout 60s,31,4/27/2026,16:49:50,31.76,8.41,24.4,,,
stress-ng --cpu 2 --cpu-load 62 --quiet --timeout 60s,31,4/27/2026,16:49:51,31.42,8.41,24.17,,,
stress-ng --cpu 2 --cpu-load 62 --quiet --timeout 60s,31,4/27/2026,16:49:52,31.76,8.41,24.17,,,
stress-ng --cpu 2 --cpu-load 62 --quiet --timeout 60s,31,4/27/2026,16:49:53,31.59,8.41,23.37,,,
stress-ng --cpu 2 --cpu-load 62 --quiet --timeout 60s,31,4/27/2026,16:49:54,31.68,8.41,23.83,,,
stress-ng --cpu 2 --cpu-load 62 --quiet --timeout 60s,31,4/27/2026,16:49:55,31.76,8.41,23.83,,,
stress-ng --cpu 2 --cpu-load 62 --quiet --timeout 60s,31,4/27/2026,16:49:56,31.76,8.41,24.33,,,
stress-ng --cpu 2 --cpu-load 62 --quiet --timeout 60s,31,4/27/2026,16:49:57,31.51,8.41,24.6,,,
stress-ng --cpu 2 --cpu-load 62 --quiet --timeout 60s,31,4/27/2026,16:49:58,31.42,8.41,24.6,,,
stress-ng --cpu 2 --cpu-load 62 --quiet --timeout 60s,31,4/27/2026,16:49:59,31.93,8.41,24.09,,,
stress-ng --cpu 2 --cpu-load 62 --quiet --timeout 60s,31,4/27/2026,16:50:00,31.67,8.41,23.63,,,
stress-ng --cpu 2 --cpu-load 62 --quiet --timeout 60s,31,4/27/2026,16:50:01,31.76,8.41,23.63,,,
stress-ng --cpu 2 --cpu-load 62 --quiet --timeout 60s,31,4/27/2026,16:50:02,31.34,8.41,24.05,,,
stress-ng --cpu 2 --cpu-load 62 --quiet --timeout 60s,31,4/27/2026,16:50:03,31.84,8.41,24.56,,,
stress-ng --cpu 2 --cpu-load 62 --quiet --timeout 60s,31,4/27/2026,16:50:04,31.76,8.41,24.56,,,
stress-ng --cpu 2 --cpu-load 62 --quiet --timeout 60s,31,4/27/2026,16:50:05,31.67,8.41,24.49,,,
stress-ng --cpu 2 --cpu-load 62 --quiet --timeout 60s,31,4/27/2026,16:50:06,31.68,8.41,24.12,,,
stress-ng --cpu 2 --cpu-load 62 --quiet --timeout 60s,31,4/27/2026,16:50:07,31.84,8.41,24.12,,,
stress-ng --cpu 2 --cpu-load 62 --quiet --timeout 60s,31,4/27/2026,16:50:08,32,8.41,25.43,,,
stress-ng --cpu 2 --cpu-load 62 --quiet --timeout 60s,31,4/27/2026,16:50:09,31.51,8.41,25.43,,,
stress-ng --cpu 2 --cpu-load 62 --quiet --timeout 60s,31,4/27/2026,16:50:10,32.08,8.41,25.43,,,
stress-ng --cpu 2 --cpu-load 62 --quiet --timeout 60s,31,4/27/2026,16:50:11,31.68,8.41,24.59,,,
stress-ng --cpu 2 --cpu-load 62 --quiet --timeout 60s,31,4/27/2026,16:50:12,31.75,8.41,24.19,,,
stress-ng --cpu 2 --cpu-load 62 --quiet --timeout 60s,31,4/27/2026,16:50:13,31.28,8.41,24.19,,,
stress-ng --cpu 2 --cpu-load 62 --quiet --timeout 60s,31,4/27/2026,16:50:14,32.25,8.41,24.23,,,
stress-ng --cpu 2 --cpu-load 62 --quiet --timeout 60s,31,4/27/2026,16:50:15,31.42,8.41,24.23,,,
stress-ng --cpu 2 --cpu-load 62 --quiet --timeout 60s,31,4/27/2026,16:50:16,31.76,8.41,24.23,,,
stress-ng --cpu 2 --cpu-load 62 --quiet --timeout 60s,31,4/27/2026,16:50:17,31.09,8.41,24.52,,,
stress-ng --cpu 2 --cpu-load 62 --quiet --timeout 60s,31,4/27/2026,16:50:18,32.33,8.41,24.11,,,
stress-ng --cpu 2 --cpu-load 62 --quiet --timeout 60s,31,4/27/2026,16:50:19,31.34,8.41,24.11,,,
stress-ng --cpu 2 --cpu-load 62 --quiet --timeout 60s,31,4/27/2026,16:50:20,31.59,8.41,24.03,,,
stress-ng --cpu 2 --cpu-load 62 --quiet --timeout 60s,31,4/27/2026,16:50:21,31.59,8.41,23.4,,,
stress-ng --cpu 2 --cpu-load 62 --quiet --timeout 60s,31,4/27/2026,16:50:22,31.76,8.41,23.4,,,
stress-ng --cpu 2 --cpu-load 62 --quiet --timeout 60s,31,4/27/2026,16:50:23,31.84,8.41,24.37,,,
stress-ng --cpu 2 --cpu-load 62 --quiet --timeout 60s,31,4/27/2026,16:50:24,31.26,8.41,24.61,,,
stress-ng --cpu 2 --cpu-load 62 --quiet --timeout 60s,31,4/27/2026,16:50:25,32,8.41,24.61,,,
stress-ng --cpu 2 --cpu-load 62 --quiet --timeout 60s,31,4/27/2026,16:50:26,31.68,8.41,23.57,,,
stress-ng --cpu 2 --cpu-load 62 --quiet --timeout 60s,31,4/27/2026,16:50:27,31.59,8.41,24.04,,,
stress-ng --cpu 2 --cpu-load 62 --quiet --timeout 60s,31,4/27/2026,16:50:28,31.51,8.41,24.04,,,
stress-ng --cpu 2 --cpu-load 62 --quiet --timeout 60s,31,4/27/2026,16:50:29,31.67,8.41,24.54,,,
stress-ng --cpu 2 --cpu-load 62 --quiet --timeout 60s,31,4/27/2026,16:50:30,31.51,8.41,24.51,,,
stress-ng --cpu 2 --cpu-load 62 --quiet --timeout 60s,31,4/27/2026,16:50:31,31.85,8.41,24.51,,,
stress-ng --cpu 2 --cpu-load 62 --quiet --timeout 60s,31,4/27/2026,16:50:32,31.67,8.42,24.07,,,
stress-ng --cpu 2 --cpu-load 62 --quiet --timeout 60s,31,4/27/2026,16:50:33,31.42,8.42,23.81,,,
stress-ng --cpu 2 --cpu-load 62 --quiet --timeout 60s,31,4/27/2026,16:50:34,31.76,8.42,23.81,,,
stress-ng --cpu 2 --cpu-load 62 --quiet --timeout 60s,31,4/27/2026,16:50:35,31.26,8.42,23.72,,,
stress-ng --cpu 2 --cpu-load 62 --quiet --timeout 60s,31,4/27/2026,16:50:36,21.09,8.41,24.03,,,
stress-ng --cpu 2 --cpu-load 64 --quiet --timeout 60s,32,4/27/2026,13:23:31,10.86,8.37,9.22,,,
stress-ng --cpu 2 --cpu-load 64 --quiet --timeout 60s,32,4/27/2026,13:23:32,32.58,8.37,11.74,,,
stress-ng --cpu 2 --cpu-load 64 --quiet --timeout 60s,32,4/27/2026,13:23:33,32.75,8.37,24.17,,,
stress-ng --cpu 2 --cpu-load 64 --quiet --timeout 60s,32,4/27/2026,13:23:34,32.83,8.37,24.17,,,
stress-ng --cpu 2 --cpu-load 64 --quiet --timeout 60s,32,4/27/2026,13:23:35,32.5,8.37,23.87,,,
stress-ng --cpu 2 --cpu-load 64 --quiet --timeout 60s,32,4/27/2026,13:23:36,32.41,8.37,23.48,,,
stress-ng --cpu 2 --cpu-load 64 --quiet --timeout 60s,32,4/27/2026,13:23:37,32.58,8.37,23.48,,,
stress-ng --cpu 2 --cpu-load 64 --quiet --timeout 60s,32,4/27/2026,13:23:38,33,8.37,23.99,,,
stress-ng --cpu 2 --cpu-load 64 --quiet --timeout 60s,32,4/27/2026,13:23:39,32.5,8.37,23.4,,,
stress-ng --cpu 2 --cpu-load 64 --quiet --timeout 60s,32,4/27/2026,13:23:40,32.83,8.37,23.4,,,
stress-ng --cpu 2 --cpu-load 64 --quiet --timeout 60s,32,4/27/2026,13:23:41,32.58,8.37,23.64,,,
stress-ng --cpu 2 --cpu-load 64 --quiet --timeout 60s,32,4/27/2026,13:23:42,33,8.37,23.62,,,
stress-ng --cpu 2 --cpu-load 64 --quiet --timeout 60s,32,4/27/2026,13:23:43,32.58,8.37,23.62,,,
stress-ng --cpu 2 --cpu-load 64 --quiet --timeout 60s,32,4/27/2026,13:23:44,32.41,8.37,23.36,,,
stress-ng --cpu 2 --cpu-load 64 --quiet --timeout 60s,32,4/27/2026,13:23:45,32.33,8.37,23.325,,,
stress-ng --cpu 2 --cpu-load 64 --quiet --timeout 60s,32,4/27/2026,13:23:46,32.5,8.37,23.29,,,
stress-ng --cpu 2 --cpu-load 64 --quiet --timeout 60s,32,4/27/2026,13:23:47,33,8.37,23.29,,,
stress-ng --cpu 2 --cpu-load 64 --quiet --timeout 60s,32,4/27/2026,13:23:48,32.83,8.37,23.83,,,
stress-ng --cpu 2 --cpu-load 64 --quiet --timeout 60s,32,4/27/2026,13:23:49,32.75,8.37,24.2,,,
stress-ng --cpu 2 --cpu-load 64 --quiet --timeout 60s,32,4/27/2026,13:23:50,32.58,8.37,24.2,,,
stress-ng --cpu 2 --cpu-load 64 --quiet --timeout 60s,32,4/27/2026,13:23:51,32.25,8.37,24.01,,,
stress-ng --cpu 2 --cpu-load 64 --quiet --timeout 60s,32,4/27/2026,13:23:52,32.58,8.37,24.19,,,
stress-ng --cpu 2 --cpu-load 64 --quiet --timeout 60s,32,4/27/2026,13:23:53,33.08,8.37,24.19,,,
stress-ng --cpu 2 --cpu-load 64 --quiet --timeout 60s,32,4/27/2026,13:23:54,32.5,8.37,24.62,,,
stress-ng --cpu 2 --cpu-load 64 --quiet --timeout 60s,32,4/27/2026,13:23:55,32.66,8.38,24.23,,,
stress-ng --cpu 2 --cpu-load 64 --quiet --timeout 60s,32,4/27/2026,13:23:56,33,8.38,24.23,,,
stress-ng --cpu 2 --cpu-load 64 --quiet --timeout 60s,32,4/27/2026,13:23:57,32.83,8.38,24.3,,,
stress-ng --cpu 2 --cpu-load 64 --quiet --timeout 60s,32,4/27/2026,13:23:58,32.5,8.38,24.61,,,
stress-ng --cpu 2 --cpu-load 64 --quiet --timeout 60s,32,4/27/2026,13:23:59,32.41,8.38,24.61,,,
stress-ng --cpu 2 --cpu-load 64 --quiet --timeout 60s,32,4/27/2026,13:24:00,32.75,8.38,24.27,,,
stress-ng --cpu 2 --cpu-load 64 --quiet --timeout 60s,32,4/27/2026,13:24:01,32.75,8.38,24.43,,,
stress-ng --cpu 2 --cpu-load 64 --quiet --timeout 60s,32,4/27/2026,13:24:02,32.66,8.38,24.43,,,
stress-ng --cpu 2 --cpu-load 64 --quiet --timeout 60s,32,4/27/2026,13:24:03,32.92,8.38,24.51,,,
stress-ng --cpu 2 --cpu-load 64 --quiet --timeout 60s,32,4/27/2026,13:24:04,32.58,8.38,25.77,,,
stress-ng --cpu 2 --cpu-load 64 --quiet --timeout 60s,32,4/27/2026,13:24:05,32.83,8.38,25.77,,,
stress-ng --cpu 2 --cpu-load 64 --quiet --timeout 60s,32,4/27/2026,13:24:06,32.25,8.38,25.58,,,
stress-ng --cpu 2 --cpu-load 64 --quiet --timeout 60s,32,4/27/2026,13:24:07,32.75,8.38,25.23,,,
stress-ng --cpu 2 --cpu-load 64 --quiet --timeout 60s,32,4/27/2026,13:24:08,32.75,8.38,25.23,,,
stress-ng --cpu 2 --cpu-load 64 --quiet --timeout 60s,32,4/27/2026,13:24:09,32.41,8.38,25.49,,,
stress-ng --cpu 2 --cpu-load 64 --quiet --timeout 60s,32,4/27/2026,13:24:10,32.92,8.38,25.32,,,
stress-ng --cpu 2 --cpu-load 64 --quiet --timeout 60s,32,4/27/2026,13:24:11,32.75,8.38,25.32,,,
stress-ng --cpu 2 --cpu-load 64 --quiet --timeout 60s,32,4/27/2026,13:24:12,33,8.38,25.07,,,
stress-ng --cpu 2 --cpu-load 64 --quiet --timeout 60s,32,4/27/2026,13:24:13,32.75,8.38,24.37,,,
stress-ng --cpu 2 --cpu-load 64 --quiet --timeout 60s,32,4/27/2026,13:24:14,32.83,8.38,24.37,,,
stress-ng --cpu 2 --cpu-load 64 --quiet --timeout 60s,32,4/27/2026,13:24:15,32.75,8.38,24.25,,,
stress-ng --cpu 2 --cpu-load 64 --quiet --timeout 60s,32,4/27/2026,13:24:16,32.665,8.38,24.99,,,
stress-ng --cpu 2 --cpu-load 64 --quiet --timeout 60s,32,4/27/2026,13:24:17,32.58,8.38,24.99,,,
stress-ng --cpu 2 --cpu-load 64 --quiet --timeout 60s,32,4/27/2026,13:24:18,32.75,8.38,25.01,,,
stress-ng --cpu 2 --cpu-load 64 --quiet --timeout 60s,32,4/27/2026,13:24:19,32.25,8.38,25.18,,,
stress-ng --cpu 2 --cpu-load 64 --quiet --timeout 60s,32,4/27/2026,13:24:20,32.58,8.38,25.18,,,
stress-ng --cpu 2 --cpu-load 64 --quiet --timeout 60s,32,4/27/2026,13:24:21,32.83,8.38,24.17,,,
stress-ng --cpu 2 --cpu-load 64 --quiet --timeout 60s,32,4/27/2026,13:24:22,32.58,8.38,24.13,,,
stress-ng --cpu 2 --cpu-load 64 --quiet --timeout 60s,32,4/27/2026,13:24:23,32.67,8.38,24.13,,,
stress-ng --cpu 2 --cpu-load 64 --quiet --timeout 60s,32,4/27/2026,13:24:24,32.41,8.38,24.77,,,
stress-ng --cpu 2 --cpu-load 64 --quiet --timeout 60s,32,4/27/2026,13:24:25,32.5,8.38,25.16,,,
stress-ng --cpu 2 --cpu-load 64 --quiet --timeout 60s,32,4/27/2026,13:24:26,32.5,8.38,25.16,,,
stress-ng --cpu 2 --cpu-load 64 --quiet --timeout 60s,32,4/27/2026,13:24:27,32.75,8.38,24.73,,,
stress-ng --cpu 2 --cpu-load 64 --quiet --timeout 60s,32,4/27/2026,13:24:28,32.75,8.38,25.01,,,
stress-ng --cpu 2 --cpu-load 64 --quiet --timeout 60s,32,4/27/2026,13:24:29,32.58,8.38,25.01,,,
stress-ng --cpu 2 --cpu-load 64 --quiet --timeout 60s,32,4/27/2026,13:24:30,32.58,8.38,24.57,,,
stress-ng --cpu 2 --cpu-load 64 --quiet --timeout 60s,32,4/27/2026,13:24:31,32.83,8.38,24.73,,,
stress-ng --cpu 2 --cpu-load 64 --quiet --timeout 60s,32,4/27/2026,15:29:34,3.95,8.4,9.41,,,
stress-ng --cpu 2 --cpu-load 64 --quiet --timeout 60s,32,4/27/2026,15:29:35,32.66,8.4,16.55,,,
stress-ng --cpu 2 --cpu-load 64 --quiet --timeout 60s,32,4/27/2026,15:29:36,32.75,8.41,16.55,,,
stress-ng --cpu 2 --cpu-load 64 --quiet --timeout 60s,32,4/27/2026,15:29:37,32.08,8.41,16.55,,,
stress-ng --cpu 2 --cpu-load 64 --quiet --timeout 60s,32,4/27/2026,15:29:38,32.58,8.41,23.84,,,
stress-ng --cpu 2 --cpu-load 64 --quiet --timeout 60s,32,4/27/2026,15:29:39,32.92,8.41,24.1,,,
stress-ng --cpu 2 --cpu-load 64 --quiet --timeout 60s,32,4/27/2026,15:29:40,32.66,8.41,24.93,,,
stress-ng --cpu 2 --cpu-load 64 --quiet --timeout 60s,32,4/27/2026,15:29:41,32.58,8.41,24.93,,,
stress-ng --cpu 2 --cpu-load 64 --quiet --timeout 60s,32,4/27/2026,15:29:42,32.33,8.41,24.95,,,
stress-ng --cpu 2 --cpu-load 64 --quiet --timeout 60s,32,4/27/2026,15:29:43,32.92,8.41,24.95,,,
stress-ng --cpu 2 --cpu-load 64 --quiet --timeout 60s,32,4/27/2026,15:29:44,32.41,8.41,24.5,,,
stress-ng --cpu 2 --cpu-load 64 --quiet --timeout 60s,32,4/27/2026,15:29:45,32.75,8.41,24.54,,,
stress-ng --cpu 2 --cpu-load 64 --quiet --timeout 60s,32,4/27/2026,15:29:46,32.92,8.41,24.54,,,
stress-ng --cpu 2 --cpu-load 64 --quiet --timeout 60s,32,4/27/2026,15:29:47,32.75,8.41,24.47,,,
stress-ng --cpu 2 --cpu-load 64 --quiet --timeout 60s,32,4/27/2026,15:29:48,32.5,8.41,23.64,,,
stress-ng --cpu 2 --cpu-load 64 --quiet --timeout 60s,32,4/27/2026,15:29:49,32.41,8.41,23.64,,,
stress-ng --cpu 2 --cpu-load 64 --quiet --timeout 60s,32,4/27/2026,15:29:50,32.42,8.4,23.54,,,
stress-ng --cpu 2 --cpu-load 64 --quiet --timeout 60s,32,4/27/2026,15:29:51,32.83,8.4,24.1,,,
stress-ng --cpu 2 --cpu-load 64 --quiet --timeout 60s,32,4/27/2026,15:29:52,32.58,8.4,24.1,,,
stress-ng --cpu 2 --cpu-load 64 --quiet --timeout 60s,32,4/27/2026,15:29:53,32.67,8.4,24.52,,,
stress-ng --cpu 2 --cpu-load 64 --quiet --timeout 60s,32,4/27/2026,15:29:54,32.5,8.4,24.77,,,
stress-ng --cpu 2 --cpu-load 64 --quiet --timeout 60s,32,4/27/2026,15:29:55,32.92,8.4,24.98,,,
stress-ng --cpu 2 --cpu-load 64 --quiet --timeout 60s,32,4/27/2026,15:29:56,32.66,8.4,24.98,,,
stress-ng --cpu 2 --cpu-load 64 --quiet --timeout 60s,32,4/27/2026,15:29:57,32.5,8.41,24.69,,,
stress-ng --cpu 2 --cpu-load 64 --quiet --timeout 60s,32,4/27/2026,15:29:58,32.83,8.41,24.69,,,
stress-ng --cpu 2 --cpu-load 64 --quiet --timeout 60s,32,4/27/2026,15:29:59,32.75,8.41,24.17,,,
stress-ng --cpu 2 --cpu-load 64 --quiet --timeout 60s,32,4/27/2026,15:30:00,32.75,8.41,23.83,,,
stress-ng --cpu 2 --cpu-load 64 --quiet --timeout 60s,32,4/27/2026,15:30:01,32.33,8.41,23.83,,,
stress-ng --cpu 2 --cpu-load 64 --quiet --timeout 60s,32,4/27/2026,15:30:02,32.58,8.41,24.44,,,
stress-ng --cpu 2 --cpu-load 64 --quiet --timeout 60s,32,4/27/2026,15:30:03,32.75,8.41,24.49,,,
stress-ng --cpu 2 --cpu-load 64 --quiet --timeout 60s,32,4/27/2026,15:30:04,33,8.41,24.49,,,
stress-ng --cpu 2 --cpu-load 64 --quiet --timeout 60s,32,4/27/2026,15:30:05,33.08,8.41,24.29,,,
stress-ng --cpu 2 --cpu-load 64 --quiet --timeout 60s,32,4/27/2026,15:30:06,32.83,8.41,25.02,,,
stress-ng --cpu 2 --cpu-load 64 --quiet --timeout 60s,32,4/27/2026,15:30:07,32.08,8.41,25.02,,,
stress-ng --cpu 2 --cpu-load 64 --quiet --timeout 60s,32,4/27/2026,15:30:08,33.99,8.41,24.83,,,
stress-ng --cpu 2 --cpu-load 64 --quiet --timeout 60s,32,4/27/2026,15:30:09,33.08,8.41,24.87,,,
stress-ng --cpu 2 --cpu-load 64 --quiet --timeout 60s,32,4/27/2026,15:30:10,33.16,8.41,24.87,,,
stress-ng --cpu 2 --cpu-load 64 --quiet --timeout 60s,32,4/27/2026,15:30:11,32.58,8.41,24.45,,,
stress-ng --cpu 2 --cpu-load 64 --quiet --timeout 60s,32,4/27/2026,15:30:12,32.66,8.41,24.37,,,
stress-ng --cpu 2 --cpu-load 64 --quiet --timeout 60s,32,4/27/2026,15:30:13,32.59,8.41,24.37,,,
stress-ng --cpu 2 --cpu-load 64 --quiet --timeout 60s,32,4/27/2026,15:30:14,32.75,8.41,24.65,,,
stress-ng --cpu 2 --cpu-load 64 --quiet --timeout 60s,32,4/27/2026,15:30:15,33.08,8.41,23.87,,,
stress-ng --cpu 2 --cpu-load 64 --quiet --timeout 60s,32,4/27/2026,15:30:16,32.58,8.41,23.87,,,
stress-ng --cpu 2 --cpu-load 64 --quiet --timeout 60s,32,4/27/2026,15:30:17,32.58,8.41,24.2,,,
stress-ng --cpu 2 --cpu-load 64 --quiet --timeout 60s,32,4/27/2026,15:30:18,32.83,8.41,23.92,,,
stress-ng --cpu 2 --cpu-load 64 --quiet --timeout 60s,32,4/27/2026,15:30:19,32.67,8.41,23.92,,,
stress-ng --cpu 2 --cpu-load 64 --quiet --timeout 60s,32,4/27/2026,15:30:20,32.58,8.41,24.94,,,
stress-ng --cpu 2 --cpu-load 64 --quiet --timeout 60s,32,4/27/2026,15:30:21,32.5,8.41,24.71,,,
stress-ng --cpu 2 --cpu-load 64 --quiet --timeout 60s,32,4/27/2026,15:30:22,32.83,8.41,24.71,,,
stress-ng --cpu 2 --cpu-load 64 --quiet --timeout 60s,32,4/27/2026,15:30:23,32.5,8.41,24.76,,,
stress-ng --cpu 2 --cpu-load 64 --quiet --timeout 60s,32,4/27/2026,15:30:24,32.75,8.41,24.56,,,
stress-ng --cpu 2 --cpu-load 64 --quiet --timeout 60s,32,4/27/2026,15:30:25,32.41,8.41,24.56,,,
stress-ng --cpu 2 --cpu-load 64 --quiet --timeout 60s,32,4/27/2026,15:30:26,32.67,8.41,24.68,,,
stress-ng --cpu 2 --cpu-load 64 --quiet --timeout 60s,32,4/27/2026,15:30:27,32.75,8.41,24.22,,,
stress-ng --cpu 2 --cpu-load 64 --quiet --timeout 60s,32,4/27/2026,15:30:28,32.83,8.41,24.22,,,
stress-ng --cpu 2 --cpu-load 64 --quiet --timeout 60s,32,4/27/2026,15:30:29,32.75,8.41,24.73,,,
stress-ng --cpu 2 --cpu-load 64 --quiet --timeout 60s,32,4/27/2026,15:30:30,33,8.41,24.14,,,
stress-ng --cpu 2 --cpu-load 64 --quiet --timeout 60s,32,4/27/2026,15:30:31,32.08,8.41,24.14,,,
stress-ng --cpu 2 --cpu-load 64 --quiet --timeout 60s,32,4/27/2026,15:30:32,32.58,8.41,24.41,,,
stress-ng --cpu 2 --cpu-load 64 --quiet --timeout 60s,32,4/27/2026,15:30:33,32.75,8.41,24.28,,,
stress-ng --cpu 2 --cpu-load 64 --quiet --timeout 60s,32,4/27/2026,15:30:34,19.55,8.38,24.28,,,
stress-ng --cpu 2 --cpu-load 64 --quiet --timeout 60s,32,4/27/2026,18:25:38,17.77,8.43,10.59,,,
stress-ng --cpu 2 --cpu-load 64 --quiet --timeout 60s,32,4/27/2026,18:25:39,32.58,8.43,10.59,,,
stress-ng --cpu 2 --cpu-load 64 --quiet --timeout 60s,32,4/27/2026,18:25:40,32.58,8.43,10.59,,,
stress-ng --cpu 2 --cpu-load 64 --quiet --timeout 60s,32,4/27/2026,18:25:41,32.33,8.42,23.57,,,
stress-ng --cpu 2 --cpu-load 64 --quiet --timeout 60s,32,4/27/2026,18:25:42,32.66,8.42,23.34,,,
stress-ng --cpu 2 --cpu-load 64 --quiet --timeout 60s,32,4/27/2026,18:25:43,32.75,8.42,23.34,,,
stress-ng --cpu 2 --cpu-load 64 --quiet --timeout 60s,32,4/27/2026,18:25:44,33,8.42,24.61,,,
stress-ng --cpu 2 --cpu-load 64 --quiet --timeout 60s,32,4/27/2026,18:25:45,32.75,8.42,24.61,,,
stress-ng --cpu 2 --cpu-load 64 --quiet --timeout 60s,32,4/27/2026,18:25:46,32.58,8.42,24.61,,,
stress-ng --cpu 2 --cpu-load 64 --quiet --timeout 60s,32,4/27/2026,18:25:47,32.42,8.42,24.83,,,
stress-ng --cpu 2 --cpu-load 64 --quiet --timeout 60s,32,4/27/2026,18:25:48,32.66,8.42,25.12,,,
stress-ng --cpu 2 --cpu-load 64 --quiet --timeout 60s,32,4/27/2026,18:25:49,32.5,8.42,25.12,,,
stress-ng --cpu 2 --cpu-load 64 --quiet --timeout 60s,32,4/27/2026,18:25:50,32.67,8.42,24.67,,,
stress-ng --cpu 2 --cpu-load 64 --quiet --timeout 60s,32,4/27/2026,18:25:51,32.66,8.42,24.39,,,
stress-ng --cpu 2 --cpu-load 64 --quiet --timeout 60s,32,4/27/2026,18:25:52,32.92,8.42,24.39,,,
stress-ng --cpu 2 --cpu-load 64 --quiet --timeout 60s,32,4/27/2026,18:25:53,32.58,8.42,23.8,,,
stress-ng --cpu 2 --cpu-load 64 --quiet --timeout 60s,32,4/27/2026,18:25:54,33.08,8.42,23.72,,,
stress-ng --cpu 2 --cpu-load 64 --quiet --timeout 60s,32,4/27/2026,18:25:55,32.41,8.42,23.72,,,
stress-ng --cpu 2 --cpu-load 64 --quiet --timeout 60s,32,4/27/2026,18:25:56,32.75,8.42,24.53,,,
stress-ng --cpu 2 --cpu-load 64 --quiet --timeout 60s,32,4/27/2026,18:25:57,32.83,8.42,24.61,,,
stress-ng --cpu 2 --cpu-load 64 --quiet --timeout 60s,32,4/27/2026,18:25:58,32.67,8.42,24.61,,,
stress-ng --cpu 2 --cpu-load 64 --quiet --timeout 60s,32,4/27/2026,18:25:59,32.75,8.42,24.48,,,
stress-ng --cpu 2 --cpu-load 64 --quiet --timeout 60s,32,4/27/2026,18:26:00,32.83,8.42,23.81,,,
stress-ng --cpu 2 --cpu-load 64 --quiet --timeout 60s,32,4/27/2026,18:26:01,32.42,8.42,23.81,,,
stress-ng --cpu 2 --cpu-load 64 --quiet --timeout 60s,32,4/27/2026,18:26:02,32.33,8.42,24.4,,,
stress-ng --cpu 2 --cpu-load 64 --quiet --timeout 60s,32,4/27/2026,18:26:03,32.66,8.42,24.54,,,
stress-ng --cpu 2 --cpu-load 64 --quiet --timeout 60s,32,4/27/2026,18:26:04,33.08,8.42,24.54,,,
stress-ng --cpu 2 --cpu-load 64 --quiet --timeout 60s,32,4/27/2026,18:26:05,32.66,8.42,24.44,,,
stress-ng --cpu 2 --cpu-load 64 --quiet --timeout 60s,32,4/27/2026,18:26:06,32.67,8.42,24.46,,,
stress-ng --cpu 2 --cpu-load 64 --quiet --timeout 60s,32,4/27/2026,18:26:07,32.33,8.42,24.46,,,
stress-ng --cpu 2 --cpu-load 64 --quiet --timeout 60s,32,4/27/2026,18:26:08,32.83,8.42,24.78,,,
stress-ng --cpu 2 --cpu-load 64 --quiet --timeout 60s,32,4/27/2026,18:26:09,32.58,8.42,24.88,,,
stress-ng --cpu 2 --cpu-load 64 --quiet --timeout 60s,32,4/27/2026,18:26:10,32.75,8.42,24.88,,,
stress-ng --cpu 2 --cpu-load 64 --quiet --timeout 60s,32,4/27/2026,18:26:11,32.5,8.42,25.69,,,
stress-ng --cpu 2 --cpu-load 64 --quiet --timeout 60s,32,4/27/2026,18:26:12,32.83,8.42,25.19,,,
stress-ng --cpu 2 --cpu-load 64 --quiet --timeout 60s,32,4/27/2026,18:26:13,32.5,8.42,25.19,,,
stress-ng --cpu 2 --cpu-load 64 --quiet --timeout 60s,32,4/27/2026,18:26:14,33,8.42,25.15,,,
stress-ng --cpu 2 --cpu-load 64 --quiet --timeout 60s,32,4/27/2026,18:26:15,32.5,8.42,24.87,,,
stress-ng --cpu 2 --cpu-load 64 --quiet --timeout 60s,32,4/27/2026,18:26:16,32.33,8.42,24.87,,,
stress-ng --cpu 2 --cpu-load 64 --quiet --timeout 60s,32,4/27/2026,18:26:17,32.75,8.42,24.62,,,
stress-ng --cpu 2 --cpu-load 64 --quiet --timeout 60s,32,4/27/2026,18:26:18,32.66,8.42,24.83,,,
stress-ng --cpu 2 --cpu-load 64 --quiet --timeout 60s,32,4/27/2026,18:26:19,32.33,8.42,24.83,,,
stress-ng --cpu 2 --cpu-load 64 --quiet --timeout 60s,32,4/27/2026,18:26:20,32.75,8.42,24.11,,,
stress-ng --cpu 2 --cpu-load 64 --quiet --timeout 60s,32,4/27/2026,18:26:21,32.58,8.42,24.94,,,
stress-ng --cpu 2 --cpu-load 64 --quiet --timeout 60s,32,4/27/2026,18:26:22,32.83,8.42,24.94,,,
stress-ng --cpu 2 --cpu-load 64 --quiet --timeout 60s,32,4/27/2026,18:26:23,32.58,8.42,24.39,,,
stress-ng --cpu 2 --cpu-load 64 --quiet --timeout 60s,32,4/27/2026,18:26:24,32.59,8.42,24.55,,,
stress-ng --cpu 2 --cpu-load 64 --quiet --timeout 60s,32,4/27/2026,18:26:25,32.83,8.42,24.55,,,
stress-ng --cpu 2 --cpu-load 64 --quiet --timeout 60s,32,4/27/2026,18:26:26,32.67,8.42,24.53,,,
stress-ng --cpu 2 --cpu-load 64 --quiet --timeout 60s,32,4/27/2026,18:26:27,32.16,8.42,24.74,,,
stress-ng --cpu 2 --cpu-load 64 --quiet --timeout 60s,32,4/27/2026,18:26:28,32.5,8.42,24.74,,,
stress-ng --cpu 2 --cpu-load 64 --quiet --timeout 60s,32,4/27/2026,18:26:29,32.83,8.42,24.82,,,
stress-ng --cpu 2 --cpu-load 64 --quiet --timeout 60s,32,4/27/2026,18:26:30,32.33,8.42,24.66,,,
stress-ng --cpu 2 --cpu-load 64 --quiet --timeout 60s,32,4/27/2026,18:26:31,32.83,8.42,24.66,,,
stress-ng --cpu 2 --cpu-load 64 --quiet --timeout 60s,32,4/27/2026,18:26:32,32.75,8.42,24.68,,,
stress-ng --cpu 2 --cpu-load 64 --quiet --timeout 60s,32,4/27/2026,18:26:33,32.83,8.42,24.78,,,
stress-ng --cpu 2 --cpu-load 64 --quiet --timeout 60s,32,4/27/2026,18:26:34,32.16,8.42,24.78,,,
stress-ng --cpu 2 --cpu-load 64 --quiet --timeout 60s,32,4/27/2026,18:26:35,32.75,8.42,24.32,,,
stress-ng --cpu 2 --cpu-load 64 --quiet --timeout 60s,32,4/27/2026,18:26:36,32.66,8.42,25.31,,,
stress-ng --cpu 2 --cpu-load 64 --quiet --timeout 60s,32,4/27/2026,18:26:37,32.83,8.42,25.31,,,
stress-ng --cpu 2 --cpu-load 64 --quiet --timeout 60s,32,4/27/2026,18:26:38,32.33,8.42,24.5,,,
stress-ng --cpu 2 --cpu-load 66 --quiet --timeout 60s,33,4/27/2026,12:03:29,1.23,8.39,9.39,,,
stress-ng --cpu 2 --cpu-load 66 --quiet --timeout 60s,33,4/27/2026,12:03:30,19.25,8.42,12.53,,,
stress-ng --cpu 2 --cpu-load 66 --quiet --timeout 60s,33,4/27/2026,12:03:31,33.99,8.42,12.53,,,
stress-ng --cpu 2 --cpu-load 66 --quiet --timeout 60s,33,4/27/2026,12:03:32,33.16,8.42,12.53,,,
stress-ng --cpu 2 --cpu-load 66 --quiet --timeout 60s,33,4/27/2026,12:03:33,34.15,8.42,24.11,,,
stress-ng --cpu 2 --cpu-load 66 --quiet --timeout 60s,33,4/27/2026,12:03:34,33.33,8.42,23.95,,,
stress-ng --cpu 2 --cpu-load 66 --quiet --timeout 60s,33,4/27/2026,12:03:35,33.41,8.42,24.55,,,
stress-ng --cpu 2 --cpu-load 66 --quiet --timeout 60s,33,4/27/2026,12:03:36,34.32,8.42,24.55,,,
stress-ng --cpu 2 --cpu-load 66 --quiet --timeout 60s,33,4/27/2026,12:03:37,33.49,8.42,25.86,,,
stress-ng --cpu 2 --cpu-load 66 --quiet --timeout 60s,33,4/27/2026,12:03:38,33.49,8.42,25.86,,,
stress-ng --cpu 2 --cpu-load 66 --quiet --timeout 60s,33,4/27/2026,12:03:39,33.41,8.42,24.77,,,
stress-ng --cpu 2 --cpu-load 66 --quiet --timeout 60s,33,4/27/2026,12:03:40,33.66,8.42,25.1,,,
stress-ng --cpu 2 --cpu-load 66 --quiet --timeout 60s,33,4/27/2026,12:03:41,33.58,8.42,25.1,,,
stress-ng --cpu 2 --cpu-load 66 --quiet --timeout 60s,33,4/27/2026,12:03:42,33.74,8.42,25.27,,,
stress-ng --cpu 2 --cpu-load 66 --quiet --timeout 60s,33,4/27/2026,12:03:43,33.33,8.42,25.15,,,
stress-ng --cpu 2 --cpu-load 66 --quiet --timeout 60s,33,4/27/2026,12:03:44,33.83,8.42,25.15,,,
stress-ng --cpu 2 --cpu-load 66 --quiet --timeout 60s,33,4/27/2026,12:03:45,33.33,8.42,25.24,,,
stress-ng --cpu 2 --cpu-load 66 --quiet --timeout 60s,33,4/27/2026,12:03:46,33.49,8.42,25.02,,,
stress-ng --cpu 2 --cpu-load 66 --quiet --timeout 60s,33,4/27/2026,12:03:47,33.49,8.42,25.02,,,
stress-ng --cpu 2 --cpu-load 66 --quiet --timeout 60s,33,4/27/2026,12:03:48,33.91,8.42,25.68,,,
stress-ng --cpu 2 --cpu-load 66 --quiet --timeout 60s,33,4/27/2026,12:03:49,33.25,8.42,24.74,,,
stress-ng --cpu 2 --cpu-load 66 --quiet --timeout 60s,33,4/27/2026,12:03:50,33.66,8.42,24.74,,,
stress-ng --cpu 2 --cpu-load 66 --quiet --timeout 60s,33,4/27/2026,12:03:51,33.66,8.42,23.87,,,
stress-ng --cpu 2 --cpu-load 66 --quiet --timeout 60s,33,4/27/2026,12:03:52,33.91,8.42,24.46,,,
stress-ng --cpu 2 --cpu-load 66 --quiet --timeout 60s,33,4/27/2026,12:03:53,33.41,8.42,24.46,,,
stress-ng --cpu 2 --cpu-load 66 --quiet --timeout 60s,33,4/27/2026,12:03:54,33.33,8.42,24.94,,,
stress-ng --cpu 2 --cpu-load 66 --quiet --timeout 60s,33,4/27/2026,12:03:55,33.91,8.42,25.13,,,
stress-ng --cpu 2 --cpu-load 66 --quiet --timeout 60s,33,4/27/2026,12:03:56,33.41,8.42,25.13,,,
stress-ng --cpu 2 --cpu-load 66 --quiet --timeout 60s,33,4/27/2026,12:03:57,33.66,8.43,25.54,,,
stress-ng --cpu 2 --cpu-load 66 --quiet --timeout 60s,33,4/27/2026,12:03:58,33.58,8.43,25.59,,,
stress-ng --cpu 2 --cpu-load 66 --quiet --timeout 60s,33,4/27/2026,12:03:59,33.74,8.43,25.59,,,
stress-ng --cpu 2 --cpu-load 66 --quiet --timeout 60s,33,4/27/2026,12:04:00,33.33,8.43,25.37,,,
stress-ng --cpu 2 --cpu-load 66 --quiet --timeout 60s,33,4/27/2026,12:04:01,33.91,8.43,25.01,,,
stress-ng --cpu 2 --cpu-load 66 --quiet --timeout 60s,33,4/27/2026,12:04:02,34.16,8.43,25.01,,,
stress-ng --cpu 2 --cpu-load 66 --quiet --timeout 60s,33,4/27/2026,12:04:03,33.58,8.43,25.22,,,
stress-ng --cpu 2 --cpu-load 66 --quiet --timeout 60s,33,4/27/2026,12:04:04,33.74,8.43,24.74,,,
stress-ng --cpu 2 --cpu-load 66 --quiet --timeout 60s,33,4/27/2026,12:04:05,33.99,8.43,24.74,,,
stress-ng --cpu 2 --cpu-load 66 --quiet --timeout 60s,33,4/27/2026,12:04:06,33.08,8.43,24.43,,,
stress-ng --cpu 2 --cpu-load 66 --quiet --timeout 60s,33,4/27/2026,12:04:07,34.07,8.43,24.12,,,
stress-ng --cpu 2 --cpu-load 66 --quiet --timeout 60s,33,4/27/2026,12:04:08,33.33,8.43,24.12,,,
stress-ng --cpu 2 --cpu-load 66 --quiet --timeout 60s,33,4/27/2026,12:04:09,33.83,8.43,24.92,,,
stress-ng --cpu 2 --cpu-load 66 --quiet --timeout 60s,33,4/27/2026,12:04:10,33.91,8.43,24.92,,,
stress-ng --cpu 2 --cpu-load 66 --quiet --timeout 60s,33,4/27/2026,12:04:11,33.91,8.43,25.37,,,
stress-ng --cpu 2 --cpu-load 66 --quiet --timeout 60s,33,4/27/2026,12:04:12,33.74,8.43,25.5,,,
stress-ng --cpu 2 --cpu-load 66 --quiet --timeout 60s,33,4/27/2026,12:04:13,33.83,8.43,25.5,,,
stress-ng --cpu 2 --cpu-load 66 --quiet --timeout 60s,33,4/27/2026,12:04:14,33.49,8.43,25.15,,,
stress-ng --cpu 2 --cpu-load 66 --quiet --timeout 60s,33,4/27/2026,12:04:15,33.49,8.43,25.15,,,
stress-ng --cpu 2 --cpu-load 66 --quiet --timeout 60s,33,4/27/2026,12:04:16,33.33,8.43,25.15,,,
stress-ng --cpu 2 --cpu-load 66 --quiet --timeout 60s,33,4/27/2026,12:04:17,33.83,8.43,25.39,,,
stress-ng --cpu 2 --cpu-load 66 --quiet --timeout 60s,33,4/27/2026,12:04:18,33.58,8.43,25.27,,,
stress-ng --cpu 2 --cpu-load 66 --quiet --timeout 60s,33,4/27/2026,12:04:19,33.66,8.43,25.27,,,
stress-ng --cpu 2 --cpu-load 66 --quiet --timeout 60s,33,4/27/2026,12:04:20,33.58,8.43,25.55,,,
stress-ng --cpu 2 --cpu-load 66 --quiet --timeout 60s,33,4/27/2026,12:04:21,33.83,8.43,25.59,,,
stress-ng --cpu 2 --cpu-load 66 --quiet --timeout 60s,33,4/27/2026,12:04:22,33.58,8.43,25.59,,,
stress-ng --cpu 2 --cpu-load 66 --quiet --timeout 60s,33,4/27/2026,12:04:23,33.16,8.43,25.06,,,
stress-ng --cpu 2 --cpu-load 66 --quiet --timeout 60s,33,4/27/2026,12:04:24,33.91,8.43,24.6,,,
stress-ng --cpu 2 --cpu-load 66 --quiet --timeout 60s,33,4/27/2026,12:04:25,33.83,8.43,24.6,,,
stress-ng --cpu 2 --cpu-load 66 --quiet --timeout 60s,33,4/27/2026,12:04:26,33.33,8.43,24.38,,,
stress-ng --cpu 2 --cpu-load 66 --quiet --timeout 60s,33,4/27/2026,12:04:27,33.74,8.43,24.36,,,
stress-ng --cpu 2 --cpu-load 66 --quiet --timeout 60s,33,4/27/2026,12:04:28,33.83,8.43,24.36,,,
stress-ng --cpu 2 --cpu-load 66 --quiet --timeout 60s,33,4/27/2026,12:04:29,33.66,8.43,24.77,,,
stress-ng --cpu 2 --cpu-load 66 --quiet --timeout 60s,33,4/27/2026,14:29:32,1.73,8.39,9.54,,,
stress-ng --cpu 2 --cpu-load 66 --quiet --timeout 60s,33,4/27/2026,14:29:33,13.08,8.41,13.74,,,
stress-ng --cpu 2 --cpu-load 66 --quiet --timeout 60s,33,4/27/2026,14:29:34,34.4,8.41,13.74,,,
stress-ng --cpu 2 --cpu-load 66 --quiet --timeout 60s,33,4/27/2026,14:29:35,33.58,8.41,13.74,,,
stress-ng --cpu 2 --cpu-load 66 --quiet --timeout 60s,33,4/27/2026,14:29:36,33.41,8.41,24.14,,,
stress-ng --cpu 2 --cpu-load 66 --quiet --timeout 60s,33,4/27/2026,14:29:37,33.66,8.41,24.39,,,
stress-ng --cpu 2 --cpu-load 66 --quiet --timeout 60s,33,4/27/2026,14:29:38,33.66,8.41,24.76,,,
stress-ng --cpu 2 --cpu-load 66 --quiet --timeout 60s,33,4/27/2026,14:29:39,33.99,8.41,24.76,,,
stress-ng --cpu 2 --cpu-load 66 --quiet --timeout 60s,33,4/27/2026,14:29:40,33.74,8.41,25.32,,,
stress-ng --cpu 2 --cpu-load 66 --quiet --timeout 60s,33,4/27/2026,14:29:41,33.66,8.41,25.32,,,
stress-ng --cpu 2 --cpu-load 66 --quiet --timeout 60s,33,4/27/2026,14:29:42,33.41,8.41,24.95,,,
stress-ng --cpu 2 --cpu-load 66 --quiet --timeout 60s,33,4/27/2026,14:29:43,34.15,8.41,24.94,,,
stress-ng --cpu 2 --cpu-load 66 --quiet --timeout 60s,33,4/27/2026,14:29:44,33.5,8.41,24.94,,,
stress-ng --cpu 2 --cpu-load 66 --quiet --timeout 60s,33,4/27/2026,14:29:45,33.74,8.41,24.71,,,
stress-ng --cpu 2 --cpu-load 66 --quiet --timeout 60s,33,4/27/2026,14:29:46,33.66,8.41,25.31,,,
stress-ng --cpu 2 --cpu-load 66 --quiet --timeout 60s,33,4/27/2026,14:29:47,33.83,8.41,25.31,,,
stress-ng --cpu 2 --cpu-load 66 --quiet --timeout 60s,33,4/27/2026,14:29:48,33.66,8.41,25.33,,,
stress-ng --cpu 2 --cpu-load 66 --quiet --timeout 60s,33,4/27/2026,14:29:49,33.66,8.41,25.64,,,
stress-ng --cpu 2 --cpu-load 66 --quiet --timeout 60s,33,4/27/2026,14:29:50,33.33,8.41,25.64,,,
stress-ng --cpu 2 --cpu-load 66 --quiet --timeout 60s,33,4/27/2026,14:29:51,33.74,8.41,25.2,,,
stress-ng --cpu 2 --cpu-load 66 --quiet --timeout 60s,33,4/27/2026,14:29:52,33.74,8.41,25.19,,,
stress-ng --cpu 2 --cpu-load 66 --quiet --timeout 60s,33,4/27/2026,14:29:53,33.91,8.41,25.19,,,
stress-ng --cpu 2 --cpu-load 66 --quiet --timeout 60s,33,4/27/2026,14:29:54,33.25,8.41,24.62,,,
stress-ng --cpu 2 --cpu-load 66 --quiet --timeout 60s,33,4/27/2026,14:29:55,33.74,8.41,24.76,,,
stress-ng --cpu 2 --cpu-load 66 --quiet --timeout 60s,33,4/27/2026,14:29:56,33.83,8.41,24.76,,,
stress-ng --cpu 2 --cpu-load 66 --quiet --timeout 60s,33,4/27/2026,14:29:57,33.41,8.41,24.33,,,
stress-ng --cpu 2 --cpu-load 66 --quiet --timeout 60s,33,4/27/2026,14:29:58,33.41,8.41,24.4,,,
stress-ng --cpu 2 --cpu-load 66 --quiet --timeout 60s,33,4/27/2026,14:29:59,33.58,8.41,24.4,,,
stress-ng --cpu 2 --cpu-load 66 --quiet --timeout 60s,33,4/27/2026,14:30:00,34.32,8.41,24.58,,,
stress-ng --cpu 2 --cpu-load 66 --quiet --timeout 60s,33,4/27/2026,14:30:01,33.16,8.41,24.68,,,
stress-ng --cpu 2 --cpu-load 66 --quiet --timeout 60s,33,4/27/2026,14:30:02,33.99,8.41,24.68,,,
stress-ng --cpu 2 --cpu-load 66 --quiet --timeout 60s,33,4/27/2026,14:30:03,33.74,8.41,24.39,,,
stress-ng --cpu 2 --cpu-load 66 --quiet --timeout 60s,33,4/27/2026,14:30:04,33.58,8.41,24.36,,,
stress-ng --cpu 2 --cpu-load 66 --quiet --timeout 60s,33,4/27/2026,14:30:05,33.66,8.41,24.36,,,
stress-ng --cpu 2 --cpu-load 66 --quiet --timeout 60s,33,4/27/2026,14:30:06,33.99,8.41,25,,,
stress-ng --cpu 2 --cpu-load 66 --quiet --timeout 60s,33,4/27/2026,14:30:07,33.33,8.41,24.71,,,
stress-ng --cpu 2 --cpu-load 66 --quiet --timeout 60s,33,4/27/2026,14:30:08,33.99,8.41,24.71,,,
stress-ng --cpu 2 --cpu-load 66 --quiet --timeout 60s,33,4/27/2026,14:30:09,33.58,8.41,24.33,,,
stress-ng --cpu 2 --cpu-load 66 --quiet --timeout 60s,33,4/27/2026,14:30:10,33.91,8.41,24.69,,,
stress-ng --cpu 2 --cpu-load 66 --quiet --timeout 60s,33,4/27/2026,14:30:11,33.91,8.41,24.69,,,
stress-ng --cpu 2 --cpu-load 66 --quiet --timeout 60s,33,4/27/2026,14:30:12,33.66,8.41,24.23,,,
stress-ng --cpu 2 --cpu-load 66 --quiet --timeout 60s,33,4/27/2026,14:30:13,33.58,8.41,24.46,,,
stress-ng --cpu 2 --cpu-load 66 --quiet --timeout 60s,33,4/27/2026,14:30:14,33.25,8.41,24.46,,,
stress-ng --cpu 2 --cpu-load 66 --quiet --timeout 60s,33,4/27/2026,14:30:15,33.74,8.41,24.6,,,
stress-ng --cpu 2 --cpu-load 66 --quiet --timeout 60s,33,4/27/2026,14:30:16,33.74,8.41,25.14,,,
stress-ng --cpu 2 --cpu-load 66 --quiet --timeout 60s,33,4/27/2026,14:30:17,33.74,8.41,25.14,,,
stress-ng --cpu 2 --cpu-load 66 --quiet --timeout 60s,33,4/27/2026,14:30:18,33.58,8.41,25.23,,,
stress-ng --cpu 2 --cpu-load 66 --quiet --timeout 60s,33,4/27/2026,14:30:19,33.49,8.41,25.76,,,
stress-ng --cpu 2 --cpu-load 66 --quiet --timeout 60s,33,4/27/2026,14:30:20,34.07,8.41,25.76,,,
stress-ng --cpu 2 --cpu-load 66 --quiet --timeout 60s,33,4/27/2026,14:30:21,33.25,8.41,25.63,,,
stress-ng --cpu 2 --cpu-load 66 --quiet --timeout 60s,33,4/27/2026,14:30:22,33.83,8.41,25.17,,,
stress-ng --cpu 2 --cpu-load 66 --quiet --timeout 60s,33,4/27/2026,14:30:23,33.58,8.41,25.17,,,
stress-ng --cpu 2 --cpu-load 66 --quiet --timeout 60s,33,4/27/2026,14:30:24,33.66,8.41,24.69,,,
stress-ng --cpu 2 --cpu-load 66 --quiet --timeout 60s,33,4/27/2026,14:30:25,33.66,8.41,25.1,,,
stress-ng --cpu 2 --cpu-load 66 --quiet --timeout 60s,33,4/27/2026,14:30:26,33.74,8.41,25.1,,,
stress-ng --cpu 2 --cpu-load 66 --quiet --timeout 60s,33,4/27/2026,14:30:27,33.83,8.41,25.37,,,
stress-ng --cpu 2 --cpu-load 66 --quiet --timeout 60s,33,4/27/2026,14:30:28,33.49,8.41,24.94,,,
stress-ng --cpu 2 --cpu-load 66 --quiet --timeout 60s,33,4/27/2026,14:30:29,33.33,8.41,24.94,,,
stress-ng --cpu 2 --cpu-load 66 --quiet --timeout 60s,33,4/27/2026,14:30:30,33.99,8.41,25.04,,,
stress-ng --cpu 2 --cpu-load 66 --quiet --timeout 60s,33,4/27/2026,14:30:31,33.91,8.41,25.43,,,
stress-ng --cpu 2 --cpu-load 66 --quiet --timeout 60s,33,4/27/2026,14:30:32,33.66,8.41,25.43,,,
stress-ng --cpu 2 --cpu-load 66 --quiet --timeout 60s,33,4/27/2026,17:17:36,1.47,8.4,9.82,,,
stress-ng --cpu 2 --cpu-load 66 --quiet --timeout 60s,33,4/27/2026,17:17:37,13.08,8.41,9.82,,,
stress-ng --cpu 2 --cpu-load 66 --quiet --timeout 60s,33,4/27/2026,17:17:38,34.07,8.41,24.06,,,
stress-ng --cpu 2 --cpu-load 66 --quiet --timeout 60s,33,4/27/2026,17:17:39,33.58,8.41,24.06,,,
stress-ng --cpu 2 --cpu-load 66 --quiet --timeout 60s,33,4/27/2026,17:17:40,33.49,8.41,24.06,,,
stress-ng --cpu 2 --cpu-load 66 --quiet --timeout 60s,33,4/27/2026,17:17:41,33.66,8.41,24.27,,,
stress-ng --cpu 2 --cpu-load 66 --quiet --timeout 60s,33,4/27/2026,17:17:42,33.74,8.41,24.43,,,
stress-ng --cpu 2 --cpu-load 66 --quiet --timeout 60s,33,4/27/2026,17:17:43,33.08,8.41,24.43,,,
stress-ng --cpu 2 --cpu-load 66 --quiet --timeout 60s,33,4/27/2026,17:17:44,34.24,8.41,24.11,,,
stress-ng --cpu 2 --cpu-load 66 --quiet --timeout 60s,33,4/27/2026,17:17:45,33.49,8.41,23.94,,,
stress-ng --cpu 2 --cpu-load 66 --quiet --timeout 60s,33,4/27/2026,17:17:46,33.66,8.41,23.94,,,
stress-ng --cpu 2 --cpu-load 66 --quiet --timeout 60s,33,4/27/2026,17:17:47,33.99,8.41,24,,,
stress-ng --cpu 2 --cpu-load 66 --quiet --timeout 60s,33,4/27/2026,17:17:48,33.33,8.41,25.09,,,
stress-ng --cpu 2 --cpu-load 66 --quiet --timeout 60s,33,4/27/2026,17:17:49,33.66,8.41,25.09,,,
stress-ng --cpu 2 --cpu-load 66 --quiet --timeout 60s,33,4/27/2026,17:17:50,33.91,8.41,24.78,,,
stress-ng --cpu 2 --cpu-load 66 --quiet --timeout 60s,33,4/27/2026,17:17:51,33.83,8.41,25.31,,,
stress-ng --cpu 2 --cpu-load 66 --quiet --timeout 60s,33,4/27/2026,17:17:52,33.33,8.41,25.31,,,
stress-ng --cpu 2 --cpu-load 66 --quiet --timeout 60s,33,4/27/2026,17:17:53,33.49,8.41,24.56,,,
stress-ng --cpu 2 --cpu-load 66 --quiet --timeout 60s,33,4/27/2026,17:17:54,34.07,8.41,24.8,,,
stress-ng --cpu 2 --cpu-load 66 --quiet --timeout 60s,33,4/27/2026,17:17:55,33.08,8.41,24.8,,,
stress-ng --cpu 2 --cpu-load 66 --quiet --timeout 60s,33,4/27/2026,17:17:56,33.58,8.41,23.96,,,
stress-ng --cpu 2 --cpu-load 66 --quiet --timeout 60s,33,4/27/2026,17:17:57,33.83,8.41,24.48,,,
stress-ng --cpu 2 --cpu-load 66 --quiet --timeout 60s,33,4/27/2026,17:17:58,33.33,8.41,24.48,,,
stress-ng --cpu 2 --cpu-load 66 --quiet --timeout 60s,33,4/27/2026,17:17:59,33.74,8.41,24.76,,,
stress-ng --cpu 2 --cpu-load 66 --quiet --timeout 60s,33,4/27/2026,17:18:00,33.99,8.41,25.09,,,
stress-ng --cpu 2 --cpu-load 66 --quiet --timeout 60s,33,4/27/2026,17:18:01,33.74,8.41,25.09,,,
stress-ng --cpu 2 --cpu-load 66 --quiet --timeout 60s,33,4/27/2026,17:18:02,33.58,8.41,25.81,,,
stress-ng --cpu 2 --cpu-load 66 --quiet --timeout 60s,33,4/27/2026,17:18:03,33.83,8.41,25.81,,,
stress-ng --cpu 2 --cpu-load 66 --quiet --timeout 60s,33,4/27/2026,17:18:04,33.74,8.41,25.81,,,
stress-ng --cpu 2 --cpu-load 66 --quiet --timeout 60s,33,4/27/2026,17:18:05,33.33,8.41,25.58,,,
stress-ng --cpu 2 --cpu-load 66 --quiet --timeout 60s,33,4/27/2026,17:18:06,33.91,8.41,25.74,,,
stress-ng --cpu 2 --cpu-load 66 --quiet --timeout 60s,33,4/27/2026,17:18:07,33.91,8.41,25.74,,,
stress-ng --cpu 2 --cpu-load 66 --quiet --timeout 60s,33,4/27/2026,17:18:08,33.49,8.41,25.12,,,
stress-ng --cpu 2 --cpu-load 66 --quiet --timeout 60s,33,4/27/2026,17:18:09,33.66,8.41,25.61,,,
stress-ng --cpu 2 --cpu-load 66 --quiet --timeout 60s,33,4/27/2026,17:18:10,34.07,8.41,25.61,,,
stress-ng --cpu 2 --cpu-load 66 --quiet --timeout 60s,33,4/27/2026,17:18:11,33.99,8.41,24.52,,,
stress-ng --cpu 2 --cpu-load 66 --quiet --timeout 60s,33,4/27/2026,17:18:12,33.58,8.41,25.53,,,
stress-ng --cpu 2 --cpu-load 66 --quiet --timeout 60s,33,4/27/2026,17:18:13,34.07,8.41,25.53,,,
stress-ng --cpu 2 --cpu-load 66 --quiet --timeout 60s,33,4/27/2026,17:18:14,33.41,8.41,25.7,,,
stress-ng --cpu 2 --cpu-load 66 --quiet --timeout 60s,33,4/27/2026,17:18:15,33.75,8.41,25.55,,,
stress-ng --cpu 2 --cpu-load 66 --quiet --timeout 60s,33,4/27/2026,17:18:16,33.41,8.41,25.55,,,
stress-ng --cpu 2 --cpu-load 66 --quiet --timeout 60s,33,4/27/2026,17:18:17,33.66,8.41,25.27,,,
stress-ng --cpu 2 --cpu-load 66 --quiet --timeout 60s,33,4/27/2026,17:18:18,33.83,8.41,25.58,,,
stress-ng --cpu 2 --cpu-load 66 --quiet --timeout 60s,33,4/27/2026,17:18:19,33.91,8.41,25.58,,,
stress-ng --cpu 2 --cpu-load 66 --quiet --timeout 60s,33,4/27/2026,17:18:20,33.16,8.41,25.27,,,
stress-ng --cpu 2 --cpu-load 66 --quiet --timeout 60s,33,4/27/2026,17:18:21,33.66,8.41,24.69,,,
stress-ng --cpu 2 --cpu-load 66 --quiet --timeout 60s,33,4/27/2026,17:18:22,33.99,8.41,24.69,,,
stress-ng --cpu 2 --cpu-load 66 --quiet --timeout 60s,33,4/27/2026,17:18:23,33.25,8.41,24.56,,,
stress-ng --cpu 2 --cpu-load 66 --quiet --timeout 60s,33,4/27/2026,17:18:24,33.66,8.41,25.03,,,
stress-ng --cpu 2 --cpu-load 66 --quiet --timeout 60s,33,4/27/2026,17:18:25,33.74,8.41,25.03,,,
stress-ng --cpu 2 --cpu-load 66 --quiet --timeout 60s,33,4/27/2026,17:18:26,33.49,8.41,25.05,,,
stress-ng --cpu 2 --cpu-load 66 --quiet --timeout 60s,33,4/27/2026,17:18:27,33.74,8.41,24.76,,,
stress-ng --cpu 2 --cpu-load 66 --quiet --timeout 60s,33,4/27/2026,17:18:28,33.91,8.41,24.76,,,
stress-ng --cpu 2 --cpu-load 66 --quiet --timeout 60s,33,4/27/2026,17:18:29,33.91,8.41,24.73,,,
stress-ng --cpu 2 --cpu-load 66 --quiet --timeout 60s,33,4/27/2026,17:18:30,33.33,8.41,24.71,,,
stress-ng --cpu 2 --cpu-load 66 --quiet --timeout 60s,33,4/27/2026,17:18:31,33.49,8.41,24.71,,,
stress-ng --cpu 2 --cpu-load 66 --quiet --timeout 60s,33,4/27/2026,17:18:32,33.99,8.41,24.63,,,
stress-ng --cpu 2 --cpu-load 66 --quiet --timeout 60s,33,4/27/2026,17:18:33,33.74,8.41,24.87,,,
stress-ng --cpu 2 --cpu-load 66 --quiet --timeout 60s,33,4/27/2026,17:18:34,33.33,8.41,24.87,,,
stress-ng --cpu 2 --cpu-load 66 --quiet --timeout 60s,33,4/27/2026,17:18:35,33.58,8.41,25.56,,,
stress-ng --cpu 2 --cpu-load 66 --quiet --timeout 60s,33,4/27/2026,17:18:36,33.66,8.41,25.46,,,
stress-ng --cpu 2 --cpu-load 68 --quiet --timeout 60s,34,4/27/2026,13:11:31,4.47,8.4,9.45,,,
stress-ng --cpu 2 --cpu-load 68 --quiet --timeout 60s,34,4/27/2026,13:11:32,34.82,8.4,13.44,,,
stress-ng --cpu 2 --cpu-load 68 --quiet --timeout 60s,34,4/27/2026,13:11:33,34.9,8.4,13.44,,,
stress-ng --cpu 2 --cpu-load 68 --quiet --timeout 60s,34,4/27/2026,13:11:34,34.57,8.4,24.73,,,
stress-ng --cpu 2 --cpu-load 68 --quiet --timeout 60s,34,4/27/2026,13:11:35,34.57,8.4,24.73,,,
stress-ng --cpu 2 --cpu-load 68 --quiet --timeout 60s,34,4/27/2026,13:11:36,34.57,8.4,25.4,,,
stress-ng --cpu 2 --cpu-load 68 --quiet --timeout 60s,34,4/27/2026,13:11:37,34.73,8.4,25.7,,,
stress-ng --cpu 2 --cpu-load 68 --quiet --timeout 60s,34,4/27/2026,13:11:38,34.73,8.4,25.7,,,
stress-ng --cpu 2 --cpu-load 68 --quiet --timeout 60s,34,4/27/2026,13:11:39,34.65,8.4,25.62,,,
stress-ng --cpu 2 --cpu-load 68 --quiet --timeout 60s,34,4/27/2026,13:11:40,34.66,8.4,25.55,,,
stress-ng --cpu 2 --cpu-load 68 --quiet --timeout 60s,34,4/27/2026,13:11:41,34.65,8.4,25.55,,,
stress-ng --cpu 2 --cpu-load 68 --quiet --timeout 60s,34,4/27/2026,13:11:42,34.41,8.4,25.16,,,
stress-ng --cpu 2 --cpu-load 68 --quiet --timeout 60s,34,4/27/2026,13:11:43,34.9,8.4,25.23,,,
stress-ng --cpu 2 --cpu-load 68 --quiet --timeout 60s,34,4/27/2026,13:11:44,34.98,8.4,25.23,,,
stress-ng --cpu 2 --cpu-load 68 --quiet --timeout 60s,34,4/27/2026,13:11:45,34.57,8.4,24.85,,,
stress-ng --cpu 2 --cpu-load 68 --quiet --timeout 60s,34,4/27/2026,13:11:46,34.32,8.4,24.43,,,
stress-ng --cpu 2 --cpu-load 68 --quiet --timeout 60s,34,4/27/2026,13:11:47,34.41,8.4,24.43,,,
stress-ng --cpu 2 --cpu-load 68 --quiet --timeout 60s,34,4/27/2026,13:11:48,34.73,8.4,24.61,,,
stress-ng --cpu 2 --cpu-load 68 --quiet --timeout 60s,34,4/27/2026,13:11:49,34.73,8.4,24.48,,,
stress-ng --cpu 2 --cpu-load 68 --quiet --timeout 60s,34,4/27/2026,13:11:50,34.82,8.4,24.48,,,
stress-ng --cpu 2 --cpu-load 68 --quiet --timeout 60s,34,4/27/2026,13:11:51,34.07,8.4,24.22,,,
stress-ng --cpu 2 --cpu-load 68 --quiet --timeout 60s,34,4/27/2026,13:11:52,34.9,8.4,24.53,,,
stress-ng --cpu 2 --cpu-load 68 --quiet --timeout 60s,34,4/27/2026,13:11:53,34.82,8.4,24.53,,,
stress-ng --cpu 2 --cpu-load 68 --quiet --timeout 60s,34,4/27/2026,13:11:54,34.57,8.4,25.3,,,
stress-ng --cpu 2 --cpu-load 68 --quiet --timeout 60s,34,4/27/2026,13:11:55,34.32,8.4,25.18,,,
stress-ng --cpu 2 --cpu-load 68 --quiet --timeout 60s,34,4/27/2026,13:11:56,34.57,8.4,25.18,,,
stress-ng --cpu 2 --cpu-load 68 --quiet --timeout 60s,34,4/27/2026,13:11:57,34.32,8.4,25.41,,,
stress-ng --cpu 2 --cpu-load 68 --quiet --timeout 60s,34,4/27/2026,13:11:58,34.73,8.4,25.37,,,
stress-ng --cpu 2 --cpu-load 68 --quiet --timeout 60s,34,4/27/2026,13:11:59,34.82,8.4,25.37,,,
stress-ng --cpu 2 --cpu-load 68 --quiet --timeout 60s,34,4/27/2026,13:12:00,34.9,8.4,25.65,,,
stress-ng --cpu 2 --cpu-load 68 --quiet --timeout 60s,34,4/27/2026,13:12:01,34.73,8.4,24.96,,,
stress-ng --cpu 2 --cpu-load 68 --quiet --timeout 60s,34,4/27/2026,13:12:02,34.41,8.4,24.96,,,
stress-ng --cpu 2 --cpu-load 68 --quiet --timeout 60s,34,4/27/2026,13:12:03,34.65,8.4,24.89,,,
stress-ng --cpu 2 --cpu-load 68 --quiet --timeout 60s,34,4/27/2026,13:12:04,34.98,8.4,24.62,,,
stress-ng --cpu 2 --cpu-load 68 --quiet --timeout 60s,34,4/27/2026,13:12:05,35.07,8.4,24.62,,,
stress-ng --cpu 2 --cpu-load 68 --quiet --timeout 60s,34,4/27/2026,13:12:06,34.24,8.4,25.07,,,
stress-ng --cpu 2 --cpu-load 68 --quiet --timeout 60s,34,4/27/2026,13:12:07,34.66,8.4,25.03,,,
stress-ng --cpu 2 --cpu-load 68 --quiet --timeout 60s,34,4/27/2026,13:12:08,34.72,8.4,25.84,,,
stress-ng --cpu 2 --cpu-load 68 --quiet --timeout 60s,34,4/27/2026,13:12:09,34.57,8.4,25.84,,,
stress-ng --cpu 2 --cpu-load 68 --quiet --timeout 60s,34,4/27/2026,13:12:10,34.82,8.4,25.42,,,
stress-ng --cpu 2 --cpu-load 68 --quiet --timeout 60s,34,4/27/2026,13:12:11,34.73,8.4,25.42,,,
stress-ng --cpu 2 --cpu-load 68 --quiet --timeout 60s,34,4/27/2026,13:12:12,34.73,8.4,26.01,,,
stress-ng --cpu 2 --cpu-load 68 --quiet --timeout 60s,34,4/27/2026,13:12:13,34.32,8.4,25.41,,,
stress-ng --cpu 2 --cpu-load 68 --quiet --timeout 60s,34,4/27/2026,13:12:14,34.49,8.4,25.41,,,
stress-ng --cpu 2 --cpu-load 68 --quiet --timeout 60s,34,4/27/2026,13:12:15,34.82,8.4,26.01,,,
stress-ng --cpu 2 --cpu-load 68 --quiet --timeout 60s,34,4/27/2026,13:12:16,34.73,8.4,24.52,,,
stress-ng --cpu 2 --cpu-load 68 --quiet --timeout 60s,34,4/27/2026,13:12:17,34.41,8.4,24.52,,,
stress-ng --cpu 2 --cpu-load 68 --quiet --timeout 60s,34,4/27/2026,13:12:18,34.9,8.4,25.75,,,
stress-ng --cpu 2 --cpu-load 68 --quiet --timeout 60s,34,4/27/2026,13:12:19,35.57,8.4,26.11,,,
stress-ng --cpu 2 --cpu-load 68 --quiet --timeout 60s,34,4/27/2026,13:12:20,34.82,8.4,26.11,,,
stress-ng --cpu 2 --cpu-load 68 --quiet --timeout 60s,34,4/27/2026,13:12:21,35.07,8.4,25.83,,,
stress-ng --cpu 2 --cpu-load 68 --quiet --timeout 60s,34,4/27/2026,13:12:22,34.66,8.4,24.44,,,
stress-ng --cpu 2 --cpu-load 68 --quiet --timeout 60s,34,4/27/2026,13:12:23,34.65,8.4,25.28,,,
stress-ng --cpu 2 --cpu-load 68 --quiet --timeout 60s,34,4/27/2026,13:12:24,35.07,8.4,25.19,,,
stress-ng --cpu 2 --cpu-load 68 --quiet --timeout 60s,34,4/27/2026,13:12:25,34.32,8.4,25.19,,,
stress-ng --cpu 2 --cpu-load 68 --quiet --timeout 60s,34,4/27/2026,13:12:26,34.98,8.4,25.82,,,
stress-ng --cpu 2 --cpu-load 68 --quiet --timeout 60s,34,4/27/2026,13:12:27,34.24,8.4,25.53,,,
stress-ng --cpu 2 --cpu-load 68 --quiet --timeout 60s,34,4/27/2026,13:12:28,34.98,8.4,25.53,,,
stress-ng --cpu 2 --cpu-load 68 --quiet --timeout 60s,34,4/27/2026,13:12:29,35.07,8.4,25.81,,,
stress-ng --cpu 2 --cpu-load 68 --quiet --timeout 60s,34,4/27/2026,13:12:30,34.24,8.4,24.99,,,
stress-ng --cpu 2 --cpu-load 68 --quiet --timeout 60s,34,4/27/2026,13:12:31,18.15,8.39,24.99,,,
stress-ng --cpu 2 --cpu-load 68 --quiet --timeout 60s,34,4/27/2026,14:41:33,18.96,8.35,9.59,,,
stress-ng --cpu 2 --cpu-load 68 --quiet --timeout 60s,34,4/27/2026,14:41:34,34.57,8.35,11.66,,,
stress-ng --cpu 2 --cpu-load 68 --quiet --timeout 60s,34,4/27/2026,14:41:35,34.98,8.36,25.33,,,
stress-ng --cpu 2 --cpu-load 68 --quiet --timeout 60s,34,4/27/2026,14:41:36,34.32,8.36,25.33,,,
stress-ng --cpu 2 --cpu-load 68 --quiet --timeout 60s,34,4/27/2026,14:41:37,34.98,8.36,25.43,,,
stress-ng --cpu 2 --cpu-load 68 --quiet --timeout 60s,34,4/27/2026,14:41:38,34.82,8.36,25.43,,,
stress-ng --cpu 2 --cpu-load 68 --quiet --timeout 60s,34,4/27/2026,14:41:39,34.57,8.36,26,,,
stress-ng --cpu 2 --cpu-load 68 --quiet --timeout 60s,34,4/27/2026,14:41:40,34.32,8.36,25.71,,,
stress-ng --cpu 2 --cpu-load 68 --quiet --timeout 60s,34,4/27/2026,14:41:41,35.14,8.36,25.71,,,
stress-ng --cpu 2 --cpu-load 68 --quiet --timeout 60s,34,4/27/2026,14:41:42,34.41,8.36,25.46,,,
stress-ng --cpu 2 --cpu-load 68 --quiet --timeout 60s,34,4/27/2026,14:41:43,34.32,8.36,24.39,,,
stress-ng --cpu 2 --cpu-load 68 --quiet --timeout 60s,34,4/27/2026,14:41:44,34.65,8.36,24.39,,,
stress-ng --cpu 2 --cpu-load 68 --quiet --timeout 60s,34,4/27/2026,14:41:45,34.73,8.36,25.12,,,
stress-ng --cpu 2 --cpu-load 68 --quiet --timeout 60s,34,4/27/2026,14:41:46,34.82,8.36,25.18,,,
stress-ng --cpu 2 --cpu-load 68 --quiet --timeout 60s,34,4/27/2026,14:41:47,34.65,8.36,25.18,,,
stress-ng --cpu 2 --cpu-load 68 --quiet --timeout 60s,34,4/27/2026,14:41:48,34.57,8.36,25.85,,,
stress-ng --cpu 2 --cpu-load 68 --quiet --timeout 60s,34,4/27/2026,14:41:49,34.82,8.36,25.29,,,
stress-ng --cpu 2 --cpu-load 68 --quiet --timeout 60s,34,4/27/2026,14:41:50,34.49,8.36,25.29,,,
stress-ng --cpu 2 --cpu-load 68 --quiet --timeout 60s,34,4/27/2026,14:41:51,34.32,8.36,25.75,,,
stress-ng --cpu 2 --cpu-load 68 --quiet --timeout 60s,34,4/27/2026,14:41:52,34.82,8.36,24.56,,,
stress-ng --cpu 2 --cpu-load 68 --quiet --timeout 60s,34,4/27/2026,14:41:53,34.57,8.36,24.56,,,
stress-ng --cpu 2 --cpu-load 68 --quiet --timeout 60s,34,4/27/2026,14:41:54,34.32,8.36,25.02,,,
stress-ng --cpu 2 --cpu-load 68 --quiet --timeout 60s,34,4/27/2026,14:41:55,34.98,8.36,25.28,,,
stress-ng --cpu 2 --cpu-load 68 --quiet --timeout 60s,34,4/27/2026,14:41:56,34.73,8.36,25.28,,,
stress-ng --cpu 2 --cpu-load 68 --quiet --timeout 60s,34,4/27/2026,14:41:57,34.82,8.36,24.57,,,
stress-ng --cpu 2 --cpu-load 68 --quiet --timeout 60s,34,4/27/2026,14:41:58,34.24,8.36,24.57,,,
stress-ng --cpu 2 --cpu-load 68 --quiet --timeout 60s,34,4/27/2026,14:41:59,34.73,8.36,25.46,,,
stress-ng --cpu 2 --cpu-load 68 --quiet --timeout 60s,34,4/27/2026,14:42:00,34.82,8.36,24.9,,,
stress-ng --cpu 2 --cpu-load 68 --quiet --timeout 60s,34,4/27/2026,14:42:01,34.32,8.36,24.9,,,
stress-ng --cpu 2 --cpu-load 68 --quiet --timeout 60s,34,4/27/2026,14:42:02,34.65,8.36,24.96,,,
stress-ng --cpu 2 --cpu-load 68 --quiet --timeout 60s,34,4/27/2026,14:42:03,35.07,8.36,24.75,,,
stress-ng --cpu 2 --cpu-load 68 --quiet --timeout 60s,34,4/27/2026,14:42:04,34.65,8.36,24.75,,,
stress-ng --cpu 2 --cpu-load 68 --quiet --timeout 60s,34,4/27/2026,14:42:05,34.82,8.36,25.27,,,
stress-ng --cpu 2 --cpu-load 68 --quiet --timeout 60s,34,4/27/2026,14:42:06,34.49,8.36,24.65,,,
stress-ng --cpu 2 --cpu-load 68 --quiet --timeout 60s,34,4/27/2026,14:42:07,34.65,8.36,24.65,,,
stress-ng --cpu 2 --cpu-load 68 --quiet --timeout 60s,34,4/27/2026,14:42:08,34.66,8.36,25.07,,,
stress-ng --cpu 2 --cpu-load 68 --quiet --timeout 60s,34,4/27/2026,14:42:09,34.73,8.36,25.02,,,
stress-ng --cpu 2 --cpu-load 68 --quiet --timeout 60s,34,4/27/2026,14:42:10,34.98,8.36,25.02,,,
stress-ng --cpu 2 --cpu-load 68 --quiet --timeout 60s,34,4/27/2026,14:42:11,34.07,8.36,25.13,,,
stress-ng --cpu 2 --cpu-load 68 --quiet --timeout 60s,34,4/27/2026,14:42:12,34.82,8.36,24.72,,,
stress-ng --cpu 2 --cpu-load 68 --quiet --timeout 60s,34,4/27/2026,14:42:13,34.73,8.36,24.72,,,
stress-ng --cpu 2 --cpu-load 68 --quiet --timeout 60s,34,4/27/2026,14:42:14,34.82,8.36,25.18,,,
stress-ng --cpu 2 --cpu-load 68 --quiet --timeout 60s,34,4/27/2026,14:42:15,34.57,8.36,24.82,,,
stress-ng --cpu 2 --cpu-load 68 --quiet --timeout 60s,34,4/27/2026,14:42:16,34.81,8.36,24.82,,,
stress-ng --cpu 2 --cpu-load 68 --quiet --timeout 60s,34,4/27/2026,14:42:17,34.82,8.36,25.19,,,
stress-ng --cpu 2 --cpu-load 68 --quiet --timeout 60s,34,4/27/2026,14:42:18,34.98,8.36,25.04,,,
stress-ng --cpu 2 --cpu-load 68 --quiet --timeout 60s,34,4/27/2026,14:42:19,34.24,8.36,25.04,,,
stress-ng --cpu 2 --cpu-load 68 --quiet --timeout 60s,34,4/27/2026,14:42:20,34.73,8.36,25.75,,,
stress-ng --cpu 2 --cpu-load 68 --quiet --timeout 60s,34,4/27/2026,14:42:21,34.41,8.36,25.31,,,
stress-ng --cpu 2 --cpu-load 68 --quiet --timeout 60s,34,4/27/2026,14:42:22,34.65,8.36,25.31,,,
stress-ng --cpu 2 --cpu-load 68 --quiet --timeout 60s,34,4/27/2026,14:42:23,34.98,8.36,25.58,,,
stress-ng --cpu 2 --cpu-load 68 --quiet --timeout 60s,34,4/27/2026,14:42:24,35.07,8.36,25.64,,,
stress-ng --cpu 2 --cpu-load 68 --quiet --timeout 60s,34,4/27/2026,14:42:25,34.73,8.36,25.64,,,
stress-ng --cpu 2 --cpu-load 68 --quiet --timeout 60s,34,4/27/2026,14:42:26,34.445,8.36,25.12,,,
stress-ng --cpu 2 --cpu-load 68 --quiet --timeout 60s,34,4/27/2026,14:42:27,34.16,8.36,25.12,,,
stress-ng --cpu 2 --cpu-load 68 --quiet --timeout 60s,34,4/27/2026,14:42:28,34.81,8.36,25.12,,,
stress-ng --cpu 2 --cpu-load 68 --quiet --timeout 60s,34,4/27/2026,14:42:29,34.73,8.36,25.25,,,
stress-ng --cpu 2 --cpu-load 68 --quiet --timeout 60s,34,4/27/2026,14:42:30,34.57,8.36,25.03,,,
stress-ng --cpu 2 --cpu-load 68 --quiet --timeout 60s,34,4/27/2026,14:42:31,34.82,8.36,25.03,,,
stress-ng --cpu 2 --cpu-load 68 --quiet --timeout 60s,34,4/27/2026,14:42:32,34.65,8.36,25.03,,,
stress-ng --cpu 2 --cpu-load 68 --quiet --timeout 60s,34,4/27/2026,14:42:33,34.49,8.36,24.96,,,
stress-ng --cpu 2 --cpu-load 68 --quiet --timeout 60s,34,4/27/2026,16:55:36,1.23,8.33,9.49,,,
stress-ng --cpu 2 --cpu-load 68 --quiet --timeout 60s,34,4/27/2026,16:55:37,33.74,8.36,13.1,,,
stress-ng --cpu 2 --cpu-load 68 --quiet --timeout 60s,34,4/27/2026,16:55:38,34.73,8.36,13.1,,,
stress-ng --cpu 2 --cpu-load 68 --quiet --timeout 60s,34,4/27/2026,16:55:39,34.41,8.36,25.15,,,
stress-ng --cpu 2 --cpu-load 68 --quiet --timeout 60s,34,4/27/2026,16:55:40,34.73,8.36,25.15,,,
stress-ng --cpu 2 --cpu-load 68 --quiet --timeout 60s,34,4/27/2026,16:55:41,34.57,8.36,25.08,,,
stress-ng --cpu 2 --cpu-load 68 --quiet --timeout 60s,34,4/27/2026,16:55:42,34.57,8.36,25.46,,,
stress-ng --cpu 2 --cpu-load 68 --quiet --timeout 60s,34,4/27/2026,16:55:43,34.73,8.36,25.46,,,
stress-ng --cpu 2 --cpu-load 68 --quiet --timeout 60s,34,4/27/2026,16:55:44,34.98,8.36,25.34,,,
stress-ng --cpu 2 --cpu-load 68 --quiet --timeout 60s,34,4/27/2026,16:55:45,34.73,8.36,24.7,,,
stress-ng --cpu 2 --cpu-load 68 --quiet --timeout 60s,34,4/27/2026,16:55:46,34.24,8.36,24.7,,,
stress-ng --cpu 2 --cpu-load 68 --quiet --timeout 60s,34,4/27/2026,16:55:47,34.5,8.36,24.57,,,
stress-ng --cpu 2 --cpu-load 68 --quiet --timeout 60s,34,4/27/2026,16:55:48,34.9,8.36,25.99,,,
stress-ng --cpu 2 --cpu-load 68 --quiet --timeout 60s,34,4/27/2026,16:55:49,34.82,8.36,25.99,,,
stress-ng --cpu 2 --cpu-load 68 --quiet --timeout 60s,34,4/27/2026,16:55:50,34.24,8.36,26.06,,,
stress-ng --cpu 2 --cpu-load 68 --quiet --timeout 60s,34,4/27/2026,16:55:51,34.98,8.36,25.17,,,
stress-ng --cpu 2 --cpu-load 68 --quiet --timeout 60s,34,4/27/2026,16:55:52,35.23,8.36,25.17,,,
stress-ng --cpu 2 --cpu-load 68 --quiet --timeout 60s,34,4/27/2026,16:55:53,34.24,8.36,25.13,,,
stress-ng --cpu 2 --cpu-load 68 --quiet --timeout 60s,34,4/27/2026,16:55:54,34.82,8.37,25.09,,,
stress-ng --cpu 2 --cpu-load 68 --quiet --timeout 60s,34,4/27/2026,16:55:55,34.98,8.37,25.09,,,
stress-ng --cpu 2 --cpu-load 68 --quiet --timeout 60s,34,4/27/2026,16:55:56,34.49,8.37,25.18,,,
stress-ng --cpu 2 --cpu-load 68 --quiet --timeout 60s,34,4/27/2026,16:55:57,34.57,8.37,25.27,,,
stress-ng --cpu 2 --cpu-load 68 --quiet --timeout 60s,34,4/27/2026,16:55:58,34.98,8.37,25.27,,,
stress-ng --cpu 2 --cpu-load 68 --quiet --timeout 60s,34,4/27/2026,16:55:59,34.07,8.37,25.12,,,
stress-ng --cpu 2 --cpu-load 68 --quiet --timeout 60s,34,4/27/2026,16:56:00,34.73,8.37,24.95,,,
stress-ng --cpu 2 --cpu-load 68 --quiet --timeout 60s,34,4/27/2026,16:56:01,35.07,8.37,24.95,,,
stress-ng --cpu 2 --cpu-load 68 --quiet --timeout 60s,34,4/27/2026,16:56:02,34.49,8.37,24.82,,,
stress-ng --cpu 2 --cpu-load 68 --quiet --timeout 60s,34,4/27/2026,16:56:03,34.57,8.37,25.49,,,
stress-ng --cpu 2 --cpu-load 68 --quiet --timeout 60s,34,4/27/2026,16:56:04,34.57,8.37,25.49,,,
stress-ng --cpu 2 --cpu-load 68 --quiet --timeout 60s,34,4/27/2026,16:56:05,34.57,8.37,25.62,,,
stress-ng --cpu 2 --cpu-load 68 --quiet --timeout 60s,34,4/27/2026,16:56:06,34.98,8.37,25.4,,,
stress-ng --cpu 2 --cpu-load 68 --quiet --timeout 60s,34,4/27/2026,16:56:07,34.49,8.37,25.4,,,
stress-ng --cpu 2 --cpu-load 68 --quiet --timeout 60s,34,4/27/2026,16:56:08,34.16,8.37,25.22,,,
stress-ng --cpu 2 --cpu-load 68 --quiet --timeout 60s,34,4/27/2026,16:56:09,34.98,8.37,25.53,,,
stress-ng --cpu 2 --cpu-load 68 --quiet --timeout 60s,34,4/27/2026,16:56:10,35.23,8.37,25.53,,,
stress-ng --cpu 2 --cpu-load 68 --quiet --timeout 60s,34,4/27/2026,16:56:11,34.49,8.37,24.96,,,
stress-ng --cpu 2 --cpu-load 68 --quiet --timeout 60s,34,4/27/2026,16:56:12,34.82,8.37,25.14,,,
stress-ng --cpu 2 --cpu-load 68 --quiet --timeout 60s,34,4/27/2026,16:56:13,34.73,8.37,25.14,,,
stress-ng --cpu 2 --cpu-load 68 --quiet --timeout 60s,34,4/27/2026,16:56:14,34.07,8.37,25.15,,,
stress-ng --cpu 2 --cpu-load 68 --quiet --timeout 60s,34,4/27/2026,16:56:15,34.98,8.37,25.34,,,
stress-ng --cpu 2 --cpu-load 68 --quiet --timeout 60s,34,4/27/2026,16:56:16,34.82,8.37,25.34,,,
stress-ng --cpu 2 --cpu-load 68 --quiet --timeout 60s,34,4/27/2026,16:56:17,34.57,8.37,25.8,,,
stress-ng --cpu 2 --cpu-load 68 --quiet --timeout 60s,34,4/27/2026,16:56:18,34.66,8.37,25.7,,,
stress-ng --cpu 2 --cpu-load 68 --quiet --timeout 60s,34,4/27/2026,16:56:19,34.49,8.37,25.7,,,
stress-ng --cpu 2 --cpu-load 68 --quiet --timeout 60s,34,4/27/2026,16:56:20,34.73,8.37,25.91,,,
stress-ng --cpu 2 --cpu-load 68 --quiet --timeout 60s,34,4/27/2026,16:56:21,34.41,8.37,25.7,,,
stress-ng --cpu 2 --cpu-load 68 --quiet --timeout 60s,34,4/27/2026,16:56:22,34.49,8.37,25.7,,,
stress-ng --cpu 2 --cpu-load 68 --quiet --timeout 60s,34,4/27/2026,16:56:23,34.9,8.37,25.81,,,
stress-ng --cpu 2 --cpu-load 68 --quiet --timeout 60s,34,4/27/2026,16:56:24,34.82,8.37,26.15,,,
stress-ng --cpu 2 --cpu-load 68 --quiet --timeout 60s,34,4/27/2026,16:56:25,34.24,8.37,26.15,,,
stress-ng --cpu 2 --cpu-load 68 --quiet --timeout 60s,34,4/27/2026,16:56:26,34.91,8.37,25.33,,,
stress-ng --cpu 2 --cpu-load 68 --quiet --timeout 60s,34,4/27/2026,16:56:27,34.73,8.37,25.25,,,
stress-ng --cpu 2 --cpu-load 68 --quiet --timeout 60s,34,4/27/2026,16:56:28,34.49,8.37,25.25,,,
stress-ng --cpu 2 --cpu-load 68 --quiet --timeout 60s,34,4/27/2026,16:56:29,34.82,8.37,25.38,,,
stress-ng --cpu 2 --cpu-load 68 --quiet --timeout 60s,34,4/27/2026,16:56:30,34.57,8.37,25.45,,,
stress-ng --cpu 2 --cpu-load 68 --quiet --timeout 60s,34,4/27/2026,16:56:31,34.82,8.37,25.45,,,
stress-ng --cpu 2 --cpu-load 68 --quiet --timeout 60s,34,4/27/2026,16:56:32,34.57,8.37,25.65,,,
stress-ng --cpu 2 --cpu-load 68 --quiet --timeout 60s,34,4/27/2026,16:56:33,34.32,8.37,25.22,,,
stress-ng --cpu 2 --cpu-load 68 --quiet --timeout 60s,34,4/27/2026,16:56:34,34.9,8.37,25.22,,,
stress-ng --cpu 2 --cpu-load 68 --quiet --timeout 60s,34,4/27/2026,16:56:35,34.82,8.37,25.33,,,
stress-ng --cpu 2 --cpu-load 68 --quiet --timeout 60s,34,4/27/2026,16:56:36,23.51,8.36,25.56,,,
stress-ng --cpu 2 --cpu-load 70 --quiet --timeout 60s,35,4/27/2026,13:03:30,3.2,8.41,9.49,,,
stress-ng --cpu 2 --cpu-load 70 --quiet --timeout 60s,35,4/27/2026,13:03:31,35.48,8.42,9.38,,,
stress-ng --cpu 2 --cpu-load 70 --quiet --timeout 60s,35,4/27/2026,13:03:32,36.31,8.42,15.54,,,
stress-ng --cpu 2 --cpu-load 70 --quiet --timeout 60s,35,4/27/2026,13:03:33,36.02,8.42,15.54,,,
stress-ng --cpu 2 --cpu-load 70 --quiet --timeout 60s,35,4/27/2026,13:03:34,35.73,8.42,25.15,,,
stress-ng --cpu 2 --cpu-load 70 --quiet --timeout 60s,35,4/27/2026,13:03:35,35.32,8.42,25.15,,,
stress-ng --cpu 2 --cpu-load 70 --quiet --timeout 60s,35,4/27/2026,13:03:36,35.82,8.42,25.25,,,
stress-ng --cpu 2 --cpu-load 70 --quiet --timeout 60s,35,4/27/2026,13:03:37,35.39,8.42,25.42,,,
stress-ng --cpu 2 --cpu-load 70 --quiet --timeout 60s,35,4/27/2026,13:03:38,36,8.42,25.42,,,
stress-ng --cpu 2 --cpu-load 70 --quiet --timeout 60s,35,4/27/2026,13:03:39,35.64,8.42,25.57,,,
stress-ng --cpu 2 --cpu-load 70 --quiet --timeout 60s,35,4/27/2026,13:03:40,35.32,8.42,25.57,,,
stress-ng --cpu 2 --cpu-load 70 --quiet --timeout 60s,35,4/27/2026,13:03:41,35.98,8.42,25.57,,,
stress-ng --cpu 2 --cpu-load 70 --quiet --timeout 60s,35,4/27/2026,13:03:42,35.57,8.42,25.87,,,
stress-ng --cpu 2 --cpu-load 70 --quiet --timeout 60s,35,4/27/2026,13:03:43,35.57,8.43,26.23,,,
stress-ng --cpu 2 --cpu-load 70 --quiet --timeout 60s,35,4/27/2026,13:03:44,35.73,8.43,26.23,,,
stress-ng --cpu 2 --cpu-load 70 --quiet --timeout 60s,35,4/27/2026,13:03:45,35.55,8.43,25.85,,,
stress-ng --cpu 2 --cpu-load 70 --quiet --timeout 60s,35,4/27/2026,13:03:46,35.66,8.43,25.95,,,
stress-ng --cpu 2 --cpu-load 70 --quiet --timeout 60s,35,4/27/2026,13:03:47,35.73,8.43,25.95,,,
stress-ng --cpu 2 --cpu-load 70 --quiet --timeout 60s,35,4/27/2026,13:03:48,35.32,8.43,26.27,,,
stress-ng --cpu 2 --cpu-load 70 --quiet --timeout 60s,35,4/27/2026,13:03:49,35.66,8.43,26.01,,,
stress-ng --cpu 2 --cpu-load 70 --quiet --timeout 60s,35,4/27/2026,13:03:50,35.64,8.43,26.01,,,
stress-ng --cpu 2 --cpu-load 70 --quiet --timeout 60s,35,4/27/2026,13:03:51,35.41,8.43,26.14,,,
stress-ng --cpu 2 --cpu-load 70 --quiet --timeout 60s,35,4/27/2026,13:03:52,35.73,8.43,26.12,,,
stress-ng --cpu 2 --cpu-load 70 --quiet --timeout 60s,35,4/27/2026,13:03:53,35.73,8.43,26.12,,,
stress-ng --cpu 2 --cpu-load 70 --quiet --timeout 60s,35,4/27/2026,13:03:54,35.57,8.43,25.97,,,
stress-ng --cpu 2 --cpu-load 70 --quiet --timeout 60s,35,4/27/2026,13:03:55,35.66,8.43,25.73,,,
stress-ng --cpu 2 --cpu-load 70 --quiet --timeout 60s,35,4/27/2026,13:03:56,35.48,8.43,25.73,,,
stress-ng --cpu 2 --cpu-load 70 --quiet --timeout 60s,35,4/27/2026,13:03:57,35.48,8.43,25.17,,,
stress-ng --cpu 2 --cpu-load 70 --quiet --timeout 60s,35,4/27/2026,13:03:58,36.06,8.43,25.42,,,
stress-ng --cpu 2 --cpu-load 70 --quiet --timeout 60s,35,4/27/2026,13:03:59,35.57,8.43,25.42,,,
stress-ng --cpu 2 --cpu-load 70 --quiet --timeout 60s,35,4/27/2026,13:04:00,35.57,8.43,25.07,,,
stress-ng --cpu 2 --cpu-load 70 --quiet --timeout 60s,35,4/27/2026,13:04:01,35.73,8.43,25.49,,,
stress-ng --cpu 2 --cpu-load 70 --quiet --timeout 60s,35,4/27/2026,13:04:02,35.48,8.43,25.49,,,
stress-ng --cpu 2 --cpu-load 70 --quiet --timeout 60s,35,4/27/2026,13:04:03,35.82,8.43,25.94,,,
stress-ng --cpu 2 --cpu-load 70 --quiet --timeout 60s,35,4/27/2026,13:04:04,35.48,8.43,25.87,,,
stress-ng --cpu 2 --cpu-load 70 --quiet --timeout 60s,35,4/27/2026,13:04:05,35.82,8.43,25.87,,,
stress-ng --cpu 2 --cpu-load 70 --quiet --timeout 60s,35,4/27/2026,13:04:06,35.73,8.43,25.84,,,
stress-ng --cpu 2 --cpu-load 70 --quiet --timeout 60s,35,4/27/2026,13:04:07,35.73,8.43,26.13,,,
stress-ng --cpu 2 --cpu-load 70 --quiet --timeout 60s,35,4/27/2026,13:04:08,35.57,8.43,26.13,,,
stress-ng --cpu 2 --cpu-load 70 --quiet --timeout 60s,35,4/27/2026,13:04:09,35.48,8.43,26.51,,,
stress-ng --cpu 2 --cpu-load 70 --quiet --timeout 60s,35,4/27/2026,13:04:10,36.15,8.43,25.72,,,
stress-ng --cpu 2 --cpu-load 70 --quiet --timeout 60s,35,4/27/2026,13:04:11,35.8,8.43,25.72,,,
stress-ng --cpu 2 --cpu-load 70 --quiet --timeout 60s,35,4/27/2026,13:04:12,35.32,8.43,25.47,,,
stress-ng --cpu 2 --cpu-load 70 --quiet --timeout 60s,35,4/27/2026,13:04:13,35.57,8.43,25.59,,,
stress-ng --cpu 2 --cpu-load 70 --quiet --timeout 60s,35,4/27/2026,13:04:14,35.73,8.43,25.59,,,
stress-ng --cpu 2 --cpu-load 70 --quiet --timeout 60s,35,4/27/2026,13:04:15,35.73,8.43,25.19,,,
stress-ng --cpu 2 --cpu-load 70 --quiet --timeout 60s,35,4/27/2026,13:04:16,36.06,8.43,25.22,,,
stress-ng --cpu 2 --cpu-load 70 --quiet --timeout 60s,35,4/27/2026,13:04:17,35.32,8.43,25.22,,,
stress-ng --cpu 2 --cpu-load 70 --quiet --timeout 60s,35,4/27/2026,13:04:18,35.57,8.43,25.57,,,
stress-ng --cpu 2 --cpu-load 70 --quiet --timeout 60s,35,4/27/2026,13:04:19,35.48,8.43,25.34,,,
stress-ng --cpu 2 --cpu-load 70 --quiet --timeout 60s,35,4/27/2026,13:04:20,35.73,8.43,25.34,,,
stress-ng --cpu 2 --cpu-load 70 --quiet --timeout 60s,35,4/27/2026,13:04:21,35.48,8.43,25.44,,,
stress-ng --cpu 2 --cpu-load 70 --quiet --timeout 60s,35,4/27/2026,13:04:22,36.15,8.43,25.66,,,
stress-ng --cpu 2 --cpu-load 70 --quiet --timeout 60s,35,4/27/2026,13:04:23,35.48,8.43,25.66,,,
stress-ng --cpu 2 --cpu-load 70 --quiet --timeout 60s,35,4/27/2026,13:04:24,35.73,8.43,25.94,,,
stress-ng --cpu 2 --cpu-load 70 --quiet --timeout 60s,35,4/27/2026,13:04:25,35.98,8.43,25.44,,,
stress-ng --cpu 2 --cpu-load 70 --quiet --timeout 60s,35,4/27/2026,13:04:26,35.32,8.43,25.44,,,
stress-ng --cpu 2 --cpu-load 70 --quiet --timeout 60s,35,4/27/2026,13:04:27,35.41,8.43,25.58,,,
stress-ng --cpu 2 --cpu-load 70 --quiet --timeout 60s,35,4/27/2026,13:04:28,35.82,8.43,25.53,,,
stress-ng --cpu 2 --cpu-load 70 --quiet --timeout 60s,35,4/27/2026,13:04:29,35.64,8.43,25.53,,,
stress-ng --cpu 2 --cpu-load 70 --quiet --timeout 60s,35,4/27/2026,13:04:30,35.75,8.43,25.87,,,
stress-ng --cpu 2 --cpu-load 70 --quiet --timeout 60s,35,4/27/2026,15:45:34,1.22,8.41,9.68,,,
stress-ng --cpu 2 --cpu-load 70 --quiet --timeout 60s,35,4/27/2026,15:45:35,18.76,8.42,13.47,,,
stress-ng --cpu 2 --cpu-load 70 --quiet --timeout 60s,35,4/27/2026,15:45:36,35.64,8.42,13.47,,,
stress-ng --cpu 2 --cpu-load 70 --quiet --timeout 60s,35,4/27/2026,15:45:37,35.73,8.42,13.47,,,
stress-ng --cpu 2 --cpu-load 70 --quiet --timeout 60s,35,4/27/2026,15:45:38,35.91,8.42,24.82,,,
stress-ng --cpu 2 --cpu-load 70 --quiet --timeout 60s,35,4/27/2026,15:45:39,35.64,8.42,24.72,,,
stress-ng --cpu 2 --cpu-load 70 --quiet --timeout 60s,35,4/27/2026,15:45:40,35.73,8.42,24.72,,,
stress-ng --cpu 2 --cpu-load 70 --quiet --timeout 60s,35,4/27/2026,15:45:41,35.66,8.42,24.94,,,
stress-ng --cpu 2 --cpu-load 70 --quiet --timeout 60s,35,4/27/2026,15:45:42,35.89,8.42,24.94,,,
stress-ng --cpu 2 --cpu-load 70 --quiet --timeout 60s,35,4/27/2026,15:45:43,35.82,8.42,24.94,,,
stress-ng --cpu 2 --cpu-load 70 --quiet --timeout 60s,35,4/27/2026,15:45:44,35.32,8.42,25.4,,,
stress-ng --cpu 2 --cpu-load 70 --quiet --timeout 60s,35,4/27/2026,15:45:45,35.98,8.42,25.38,,,
stress-ng --cpu 2 --cpu-load 70 --quiet --timeout 60s,35,4/27/2026,15:45:46,35.66,8.42,25.38,,,
stress-ng --cpu 2 --cpu-load 70 --quiet --timeout 60s,35,4/27/2026,15:45:47,35.48,8.42,25.12,,,
stress-ng --cpu 2 --cpu-load 70 --quiet --timeout 60s,35,4/27/2026,15:45:48,35.57,8.42,25.38,,,
stress-ng --cpu 2 --cpu-load 70 --quiet --timeout 60s,35,4/27/2026,15:45:49,35.82,8.42,25.38,,,
stress-ng --cpu 2 --cpu-load 70 --quiet --timeout 60s,35,4/27/2026,15:45:50,35.82,8.42,24.87,,,
stress-ng --cpu 2 --cpu-load 70 --quiet --timeout 60s,35,4/27/2026,15:45:51,35.98,8.42,24.71,,,
stress-ng --cpu 2 --cpu-load 70 --quiet --timeout 60s,35,4/27/2026,15:45:52,35.57,8.42,24.71,,,
stress-ng --cpu 2 --cpu-load 70 --quiet --timeout 60s,35,4/27/2026,15:45:53,35.48,8.42,24.93,,,
stress-ng --cpu 2 --cpu-load 70 --quiet --timeout 60s,35,4/27/2026,15:45:54,35.82,8.42,25.47,,,
stress-ng --cpu 2 --cpu-load 70 --quiet --timeout 60s,35,4/27/2026,15:45:55,35.48,8.42,25.47,,,
stress-ng --cpu 2 --cpu-load 70 --quiet --timeout 60s,35,4/27/2026,15:45:56,35.73,8.42,25.2,,,
stress-ng --cpu 2 --cpu-load 70 --quiet --timeout 60s,35,4/27/2026,15:45:57,35.82,8.43,25.57,,,
stress-ng --cpu 2 --cpu-load 70 --quiet --timeout 60s,35,4/27/2026,15:45:58,35.82,8.43,25.57,,,
stress-ng --cpu 2 --cpu-load 70 --quiet --timeout 60s,35,4/27/2026,15:45:59,35.32,8.43,25.75,,,
stress-ng --cpu 2 --cpu-load 70 --quiet --timeout 60s,35,4/27/2026,15:46:00,35.82,8.43,25.27,,,
stress-ng --cpu 2 --cpu-load 70 --quiet --timeout 60s,35,4/27/2026,15:46:01,35.57,8.43,25.27,,,
stress-ng --cpu 2 --cpu-load 70 --quiet --timeout 60s,35,4/27/2026,15:46:02,35.48,8.43,25,,,
stress-ng --cpu 2 --cpu-load 70 --quiet --timeout 60s,35,4/27/2026,15:46:03,35.57,8.43,24.96,,,
stress-ng --cpu 2 --cpu-load 70 --quiet --timeout 60s,35,4/27/2026,15:46:04,36.06,8.43,24.96,,,
stress-ng --cpu 2 --cpu-load 70 --quiet --timeout 60s,35,4/27/2026,15:46:05,35.48,8.43,25.9,,,
stress-ng --cpu 2 --cpu-load 70 --quiet --timeout 60s,35,4/27/2026,15:46:06,36.06,8.43,25.21,,,
stress-ng --cpu 2 --cpu-load 70 --quiet --timeout 60s,35,4/27/2026,15:46:07,35.57,8.43,25.21,,,
stress-ng --cpu 2 --cpu-load 70 --quiet --timeout 60s,35,4/27/2026,15:46:08,35.64,8.43,26.63,,,
stress-ng --cpu 2 --cpu-load 70 --quiet --timeout 60s,35,4/27/2026,15:46:09,35.82,8.43,26.63,,,
stress-ng --cpu 2 --cpu-load 70 --quiet --timeout 60s,35,4/27/2026,15:46:10,35.82,8.43,26.63,,,
stress-ng --cpu 2 --cpu-load 70 --quiet --timeout 60s,35,4/27/2026,15:46:11,35.57,8.43,26.27,,,
stress-ng --cpu 2 --cpu-load 70 --quiet --timeout 60s,35,4/27/2026,15:46:12,35.98,8.43,26.12,,,
stress-ng --cpu 2 --cpu-load 70 --quiet --timeout 60s,35,4/27/2026,15:46:13,35.48,8.43,26.12,,,
stress-ng --cpu 2 --cpu-load 70 --quiet --timeout 60s,35,4/27/2026,15:46:14,35.66,8.43,26.2,,,
stress-ng --cpu 2 --cpu-load 70 --quiet --timeout 60s,35,4/27/2026,15:46:15,35.82,8.43,25.36,,,
stress-ng --cpu 2 --cpu-load 70 --quiet --timeout 60s,35,4/27/2026,15:46:16,35.64,8.43,25.36,,,
stress-ng --cpu 2 --cpu-load 70 --quiet --timeout 60s,35,4/27/2026,15:46:17,35.39,8.43,25.44,,,
stress-ng --cpu 2 --cpu-load 70 --quiet --timeout 60s,35,4/27/2026,15:46:18,35.82,8.43,26.15,,,
stress-ng --cpu 2 --cpu-load 70 --quiet --timeout 60s,35,4/27/2026,15:46:19,35.48,8.42,26.15,,,
stress-ng --cpu 2 --cpu-load 70 --quiet --timeout 60s,35,4/27/2026,15:46:20,35.66,8.43,27.02,,,
stress-ng --cpu 2 --cpu-load 70 --quiet --timeout 60s,35,4/27/2026,15:46:21,35.73,8.43,25.84,,,
stress-ng --cpu 2 --cpu-load 70 --quiet --timeout 60s,35,4/27/2026,15:46:22,35.57,8.43,25.84,,,
stress-ng --cpu 2 --cpu-load 70 --quiet --timeout 60s,35,4/27/2026,15:46:23,35.57,8.43,25.68,,,
stress-ng --cpu 2 --cpu-load 70 --quiet --timeout 60s,35,4/27/2026,15:46:24,35.73,8.43,25.71,,,
stress-ng --cpu 2 --cpu-load 70 --quiet --timeout 60s,35,4/27/2026,15:46:25,35.48,8.43,25.71,,,
stress-ng --cpu 2 --cpu-load 70 --quiet --timeout 60s,35,4/27/2026,15:46:26,35.41,8.43,25.29,,,
stress-ng --cpu 2 --cpu-load 70 --quiet --timeout 60s,35,4/27/2026,15:46:27,35.98,8.43,25.29,,,
stress-ng --cpu 2 --cpu-load 70 --quiet --timeout 60s,35,4/27/2026,15:46:28,35.66,8.43,25.35,,,
stress-ng --cpu 2 --cpu-load 70 --quiet --timeout 60s,35,4/27/2026,15:46:29,35.98,8.43,25.5,,,
stress-ng --cpu 2 --cpu-load 70 --quiet --timeout 60s,35,4/27/2026,15:46:30,35.48,8.43,25.5,,,
stress-ng --cpu 2 --cpu-load 70 --quiet --timeout 60s,35,4/27/2026,15:46:31,35.48,8.43,25.35,,,
stress-ng --cpu 2 --cpu-load 70 --quiet --timeout 60s,35,4/27/2026,15:46:32,35.57,8.43,25.34,,,
stress-ng --cpu 2 --cpu-load 70 --quiet --timeout 60s,35,4/27/2026,15:46:33,35.57,8.43,25.34,,,
stress-ng --cpu 2 --cpu-load 70 --quiet --timeout 60s,35,4/27/2026,15:46:34,35.48,8.43,25.73,,,
stress-ng --cpu 2 --cpu-load 70 --quiet --timeout 60s,35,4/27/2026,18:17:38,27.72,8.44,11.46,,,
stress-ng --cpu 2 --cpu-load 70 --quiet --timeout 60s,35,4/27/2026,18:17:39,35.89,8.44,11.46,,,
stress-ng --cpu 2 --cpu-load 70 --quiet --timeout 60s,35,4/27/2026,18:17:40,35.57,8.44,11.46,,,
stress-ng --cpu 2 --cpu-load 70 --quiet --timeout 60s,35,4/27/2026,18:17:41,35.82,8.44,25.25,,,
stress-ng --cpu 2 --cpu-load 70 --quiet --timeout 60s,35,4/27/2026,18:17:42,35.57,8.44,24.28,,,
stress-ng --cpu 2 --cpu-load 70 --quiet --timeout 60s,35,4/27/2026,18:17:43,35.48,8.44,24.99,,,
stress-ng --cpu 2 --cpu-load 70 --quiet --timeout 60s,35,4/27/2026,18:17:44,35.73,8.44,25.56,,,
stress-ng --cpu 2 --cpu-load 70 --quiet --timeout 60s,35,4/27/2026,18:17:45,35.73,8.44,25.56,,,
stress-ng --cpu 2 --cpu-load 70 --quiet --timeout 60s,35,4/27/2026,18:17:46,35.57,8.44,25.55,,,
stress-ng --cpu 2 --cpu-load 70 --quiet --timeout 60s,35,4/27/2026,18:17:47,35.66,8.44,25.64,,,
stress-ng --cpu 2 --cpu-load 70 --quiet --timeout 60s,35,4/27/2026,18:17:48,35.73,8.44,25.64,,,
stress-ng --cpu 2 --cpu-load 70 --quiet --timeout 60s,35,4/27/2026,18:17:49,35.65,8.44,26.06,,,
stress-ng --cpu 2 --cpu-load 70 --quiet --timeout 60s,35,4/27/2026,18:17:50,35.57,8.44,25.57,,,
stress-ng --cpu 2 --cpu-load 70 --quiet --timeout 60s,35,4/27/2026,18:17:51,35.64,8.44,25.57,,,
stress-ng --cpu 2 --cpu-load 70 --quiet --timeout 60s,35,4/27/2026,18:17:52,35.57,8.44,25.93,,,
stress-ng --cpu 2 --cpu-load 70 --quiet --timeout 60s,35,4/27/2026,18:17:53,35.57,8.44,26.26,,,
stress-ng --cpu 2 --cpu-load 70 --quiet --timeout 60s,35,4/27/2026,18:17:54,35.73,8.44,26.26,,,
stress-ng --cpu 2 --cpu-load 70 --quiet --timeout 60s,35,4/27/2026,18:17:55,35.73,8.44,25.9,,,
stress-ng --cpu 2 --cpu-load 70 --quiet --timeout 60s,35,4/27/2026,18:17:56,35.48,8.44,24.98,,,
stress-ng --cpu 2 --cpu-load 70 --quiet --timeout 60s,35,4/27/2026,18:17:57,36.06,8.44,24.98,,,
stress-ng --cpu 2 --cpu-load 70 --quiet --timeout 60s,35,4/27/2026,18:17:58,35.48,8.44,24.9,,,
stress-ng --cpu 2 --cpu-load 70 --quiet --timeout 60s,35,4/27/2026,18:17:59,35.48,8.44,25.7,,,
stress-ng --cpu 2 --cpu-load 70 --quiet --timeout 60s,35,4/27/2026,18:18:00,35.98,8.44,25.7,,,
stress-ng --cpu 2 --cpu-load 70 --quiet --timeout 60s,35,4/27/2026,18:18:01,35.41,8.44,25.92,,,
stress-ng --cpu 2 --cpu-load 70 --quiet --timeout 60s,35,4/27/2026,18:18:02,35.55,8.44,25.92,,,
stress-ng --cpu 2 --cpu-load 70 --quiet --timeout 60s,35,4/27/2026,18:18:03,35.82,8.44,25.92,,,
stress-ng --cpu 2 --cpu-load 70 --quiet --timeout 60s,35,4/27/2026,18:18:04,35.82,8.44,26.26,,,
stress-ng --cpu 2 --cpu-load 70 --quiet --timeout 60s,35,4/27/2026,18:18:05,35.64,8.44,25.98,,,
stress-ng --cpu 2 --cpu-load 70 --quiet --timeout 60s,35,4/27/2026,18:18:06,35.66,8.44,25.98,,,
stress-ng --cpu 2 --cpu-load 70 --quiet --timeout 60s,35,4/27/2026,18:18:07,35.48,8.44,25.84,,,
stress-ng --cpu 2 --cpu-load 70 --quiet --timeout 60s,35,4/27/2026,18:18:08,35.73,8.44,25.81,,,
stress-ng --cpu 2 --cpu-load 70 --quiet --timeout 60s,35,4/27/2026,18:18:09,35.57,8.44,25.81,,,
stress-ng --cpu 2 --cpu-load 70 --quiet --timeout 60s,35,4/27/2026,18:18:10,35.98,8.44,26.72,,,
stress-ng --cpu 2 --cpu-load 70 --quiet --timeout 60s,35,4/27/2026,18:18:11,36.47,8.44,25.5,,,
stress-ng --cpu 2 --cpu-load 70 --quiet --timeout 60s,35,4/27/2026,18:18:12,35.57,8.44,25.5,,,
stress-ng --cpu 2 --cpu-load 70 --quiet --timeout 60s,35,4/27/2026,18:18:13,35.48,8.44,25.25,,,
stress-ng --cpu 2 --cpu-load 70 --quiet --timeout 60s,35,4/27/2026,18:18:14,35.57,8.44,26.24,,,
stress-ng --cpu 2 --cpu-load 70 --quiet --timeout 60s,35,4/27/2026,18:18:15,35.57,8.44,26.24,,,
stress-ng --cpu 2 --cpu-load 70 --quiet --timeout 60s,35,4/27/2026,18:18:16,35.48,8.44,26.24,,,
stress-ng --cpu 2 --cpu-load 70 --quiet --timeout 60s,35,4/27/2026,18:18:17,35.82,8.44,26.14,,,
stress-ng --cpu 2 --cpu-load 70 --quiet --timeout 60s,35,4/27/2026,18:18:18,35.98,8.44,26.21,,,
stress-ng --cpu 2 --cpu-load 70 --quiet --timeout 60s,35,4/27/2026,18:18:19,35.32,8.44,26.21,,,
stress-ng --cpu 2 --cpu-load 70 --quiet --timeout 60s,35,4/27/2026,18:18:20,36.13,8.44,26.3,,,
stress-ng --cpu 2 --cpu-load 70 --quiet --timeout 60s,35,4/27/2026,18:18:21,35.57,8.44,26.18,,,
stress-ng --cpu 2 --cpu-load 70 --quiet --timeout 60s,35,4/27/2026,18:18:22,35.48,8.44,26.18,,,
stress-ng --cpu 2 --cpu-load 70 --quiet --timeout 60s,35,4/27/2026,18:18:23,35.57,8.44,25.9,,,
stress-ng --cpu 2 --cpu-load 70 --quiet --timeout 60s,35,4/27/2026,18:18:24,35.73,8.44,25.96,,,
stress-ng --cpu 2 --cpu-load 70 --quiet --timeout 60s,35,4/27/2026,18:18:25,35.64,8.44,25.96,,,
stress-ng --cpu 2 --cpu-load 70 --quiet --timeout 60s,35,4/27/2026,18:18:26,36.06,8.44,26.79,,,
stress-ng --cpu 2 --cpu-load 70 --quiet --timeout 60s,35,4/27/2026,18:18:27,35.57,8.44,25.68,,,
stress-ng --cpu 2 --cpu-load 70 --quiet --timeout 60s,35,4/27/2026,18:18:28,35.73,8.44,25.68,,,
stress-ng --cpu 2 --cpu-load 70 --quiet --timeout 60s,35,4/27/2026,18:18:29,35.73,8.44,25.3,,,
stress-ng --cpu 2 --cpu-load 70 --quiet --timeout 60s,35,4/27/2026,18:18:30,35.73,8.44,25.54,,,
stress-ng --cpu 2 --cpu-load 70 --quiet --timeout 60s,35,4/27/2026,18:18:31,36.06,8.44,25.54,,,
stress-ng --cpu 2 --cpu-load 70 --quiet --timeout 60s,35,4/27/2026,18:18:32,35.32,8.44,25.92,,,
stress-ng --cpu 2 --cpu-load 70 --quiet --timeout 60s,35,4/27/2026,18:18:33,35.64,8.44,26.21,,,
stress-ng --cpu 2 --cpu-load 70 --quiet --timeout 60s,35,4/27/2026,18:18:34,35.82,8.44,26.21,,,
stress-ng --cpu 2 --cpu-load 70 --quiet --timeout 60s,35,4/27/2026,18:18:35,35.82,8.44,26.64,,,
stress-ng --cpu 2 --cpu-load 70 --quiet --timeout 60s,35,4/27/2026,18:18:36,35.73,8.44,26.64,,,
stress-ng --cpu 2 --cpu-load 70 --quiet --timeout 60s,35,4/27/2026,18:18:37,35.32,8.44,26.64,,,
stress-ng --cpu 2 --cpu-load 70 --quiet --timeout 60s,35,4/27/2026,18:18:38,30.69,8.44,25.86,,,
stress-ng --cpu 2 --cpu-load 72 --quiet --timeout 60s,36,4/27/2026,11:53:29,8.37,8.42,11.19,,,
stress-ng --cpu 2 --cpu-load 72 --quiet --timeout 60s,36,4/27/2026,11:53:30,36.75,8.42,14.95,,,
stress-ng --cpu 2 --cpu-load 72 --quiet --timeout 60s,36,4/27/2026,11:53:31,37.12,8.42,14.95,,,
stress-ng --cpu 2 --cpu-load 72 --quiet --timeout 60s,36,4/27/2026,11:53:32,36.56,8.42,25.61,,,
stress-ng --cpu 2 --cpu-load 72 --quiet --timeout 60s,36,4/27/2026,11:53:33,36.97,8.42,25.64,,,
stress-ng --cpu 2 --cpu-load 72 --quiet --timeout 60s,36,4/27/2026,11:53:34,36.81,8.42,25.64,,,
stress-ng --cpu 2 --cpu-load 72 --quiet --timeout 60s,36,4/27/2026,11:53:35,37.12,8.42,26.07,,,
stress-ng --cpu 2 --cpu-load 72 --quiet --timeout 60s,36,4/27/2026,11:53:36,36.65,8.42,25.91,,,
stress-ng --cpu 2 --cpu-load 72 --quiet --timeout 60s,36,4/27/2026,11:53:37,36.97,8.42,25.91,,,
stress-ng --cpu 2 --cpu-load 72 --quiet --timeout 60s,36,4/27/2026,11:53:38,37.22,8.42,25.21,,,
stress-ng --cpu 2 --cpu-load 72 --quiet --timeout 60s,36,4/27/2026,11:53:39,36.15,8.42,24.78,,,
stress-ng --cpu 2 --cpu-load 72 --quiet --timeout 60s,36,4/27/2026,11:53:40,37.12,8.41,24.78,,,
stress-ng --cpu 2 --cpu-load 72 --quiet --timeout 60s,36,4/27/2026,11:53:41,36.59,8.41,24.92,,,
stress-ng --cpu 2 --cpu-load 72 --quiet --timeout 60s,36,4/27/2026,11:53:42,36.88,8.41,24.37,,,
stress-ng --cpu 2 --cpu-load 72 --quiet --timeout 60s,36,4/27/2026,11:53:43,36.97,8.41,24.37,,,
stress-ng --cpu 2 --cpu-load 72 --quiet --timeout 60s,36,4/27/2026,11:53:44,36.72,8.41,24.41,,,
stress-ng --cpu 2 --cpu-load 72 --quiet --timeout 60s,36,4/27/2026,11:53:45,36.9,8.41,24.92,,,
stress-ng --cpu 2 --cpu-load 72 --quiet --timeout 60s,36,4/27/2026,11:53:46,36.81,8.41,24.92,,,
stress-ng --cpu 2 --cpu-load 72 --quiet --timeout 60s,36,4/27/2026,11:53:47,36.22,8.41,24.88,,,
stress-ng --cpu 2 --cpu-load 72 --quiet --timeout 60s,36,4/27/2026,11:53:48,37.15,8.41,24.84,,,
stress-ng --cpu 2 --cpu-load 72 --quiet --timeout 60s,36,4/27/2026,11:53:49,36.63,8.41,24.84,,,
stress-ng --cpu 2 --cpu-load 72 --quiet --timeout 60s,36,4/27/2026,11:53:50,36.5,8.41,25.47,,,
stress-ng --cpu 2 --cpu-load 72 --quiet --timeout 60s,36,4/27/2026,11:53:51,36.79,8.41,25.87,,,
stress-ng --cpu 2 --cpu-load 72 --quiet --timeout 60s,36,4/27/2026,11:53:52,36.65,8.41,25.87,,,
stress-ng --cpu 2 --cpu-load 72 --quiet --timeout 60s,36,4/27/2026,11:53:53,37.06,8.41,25.89,,,
stress-ng --cpu 2 --cpu-load 72 --quiet --timeout 60s,36,4/27/2026,11:53:54,36.31,8.41,25.54,,,
stress-ng --cpu 2 --cpu-load 72 --quiet --timeout 60s,36,4/27/2026,11:53:55,36.79,8.41,25.54,,,
stress-ng --cpu 2 --cpu-load 72 --quiet --timeout 60s,36,4/27/2026,11:53:56,36.9,8.41,25.45,,,
stress-ng --cpu 2 --cpu-load 72 --quiet --timeout 60s,36,4/27/2026,11:53:57,36.38,8.41,25.04,,,
stress-ng --cpu 2 --cpu-load 72 --quiet --timeout 60s,36,4/27/2026,11:53:58,36.81,8.41,25.04,,,
stress-ng --cpu 2 --cpu-load 72 --quiet --timeout 60s,36,4/27/2026,11:53:59,36.56,8.41,25.24,,,
stress-ng --cpu 2 --cpu-load 72 --quiet --timeout 60s,36,4/27/2026,11:54:00,36.47,8.39,25.57,,,
stress-ng --cpu 2 --cpu-load 72 --quiet --timeout 60s,36,4/27/2026,11:54:01,36.88,8.39,25.57,,,
stress-ng --cpu 2 --cpu-load 72 --quiet --timeout 60s,36,4/27/2026,11:54:02,36.81,8.39,25.59,,,
stress-ng --cpu 2 --cpu-load 72 --quiet --timeout 60s,36,4/27/2026,11:54:03,36.65,8.39,25.535,,,
stress-ng --cpu 2 --cpu-load 72 --quiet --timeout 60s,36,4/27/2026,11:54:04,36.97,8.39,25.48,,,
stress-ng --cpu 2 --cpu-load 72 --quiet --timeout 60s,36,4/27/2026,11:54:05,36.72,8.4,25.48,,,
stress-ng --cpu 2 --cpu-load 72 --quiet --timeout 60s,36,4/27/2026,11:54:06,36.56,8.39,25.23,,,
stress-ng --cpu 2 --cpu-load 72 --quiet --timeout 60s,36,4/27/2026,11:54:07,36.88,8.39,25.35,,,
stress-ng --cpu 2 --cpu-load 72 --quiet --timeout 60s,36,4/27/2026,11:54:08,36.97,8.39,25.35,,,
stress-ng --cpu 2 --cpu-load 72 --quiet --timeout 60s,36,4/27/2026,11:54:09,36.4,8.39,24.57,,,
stress-ng --cpu 2 --cpu-load 72 --quiet --timeout 60s,36,4/27/2026,11:54:10,37.46,8.39,25.03,,,
stress-ng --cpu 2 --cpu-load 72 --quiet --timeout 60s,36,4/27/2026,11:54:11,36.31,8.39,25.03,,,
stress-ng --cpu 2 --cpu-load 72 --quiet --timeout 60s,36,4/27/2026,11:54:12,36.72,8.39,25.1,,,
stress-ng --cpu 2 --cpu-load 72 --quiet --timeout 60s,36,4/27/2026,11:54:13,36.81,8.39,25.47,,,
stress-ng --cpu 2 --cpu-load 72 --quiet --timeout 60s,36,4/27/2026,11:54:14,36.47,8.39,25.47,,,
stress-ng --cpu 2 --cpu-load 72 --quiet --timeout 60s,36,4/27/2026,11:54:15,36.81,8.39,24.81,,,
stress-ng --cpu 2 --cpu-load 72 --quiet --timeout 60s,36,4/27/2026,11:54:16,37.22,8.39,25.34,,,
stress-ng --cpu 2 --cpu-load 72 --quiet --timeout 60s,36,4/27/2026,11:54:17,36.47,8.39,25.34,,,
stress-ng --cpu 2 --cpu-load 72 --quiet --timeout 60s,36,4/27/2026,11:54:18,36.81,8.39,25.58,,,
stress-ng --cpu 2 --cpu-load 72 --quiet --timeout 60s,36,4/27/2026,11:54:19,36.22,8.39,25.46,,,
stress-ng --cpu 2 --cpu-load 72 --quiet --timeout 60s,36,4/27/2026,11:54:20,36.81,8.39,25.46,,,
stress-ng --cpu 2 --cpu-load 72 --quiet --timeout 60s,36,4/27/2026,11:54:21,36.47,8.39,25.13,,,
stress-ng --cpu 2 --cpu-load 72 --quiet --timeout 60s,36,4/27/2026,11:54:22,36.72,8.39,25.32,,,
stress-ng --cpu 2 --cpu-load 72 --quiet --timeout 60s,36,4/27/2026,11:54:23,37.12,8.39,25.32,,,
stress-ng --cpu 2 --cpu-load 72 --quiet --timeout 60s,36,4/27/2026,11:54:24,36.31,8.39,25.06,,,
stress-ng --cpu 2 --cpu-load 72 --quiet --timeout 60s,36,4/27/2026,11:54:25,36.81,8.39,24.96,,,
stress-ng --cpu 2 --cpu-load 72 --quiet --timeout 60s,36,4/27/2026,11:54:26,36.97,8.39,24.96,,,
stress-ng --cpu 2 --cpu-load 72 --quiet --timeout 60s,36,4/27/2026,11:54:27,36.47,8.39,25.13,,,
stress-ng --cpu 2 --cpu-load 72 --quiet --timeout 60s,36,4/27/2026,11:54:28,36.81,8.39,25.78,,,
stress-ng --cpu 2 --cpu-load 72 --quiet --timeout 60s,36,4/27/2026,11:54:29,18.56,8.4,25.78,,,
stress-ng --cpu 2 --cpu-load 72 --quiet --timeout 60s,36,4/27/2026,14:53:33,1.71,8.38,10.66,,,
stress-ng --cpu 2 --cpu-load 72 --quiet --timeout 60s,36,4/27/2026,14:53:34,36.94,8.39,10.66,,,
stress-ng --cpu 2 --cpu-load 72 --quiet --timeout 60s,36,4/27/2026,14:53:35,36.31,8.39,10.66,,,
stress-ng --cpu 2 --cpu-load 72 --quiet --timeout 60s,36,4/27/2026,14:53:36,36.88,8.39,25.44,,,
stress-ng --cpu 2 --cpu-load 72 --quiet --timeout 60s,36,4/27/2026,14:53:37,36.9,8.4,25.18,,,
stress-ng --cpu 2 --cpu-load 72 --quiet --timeout 60s,36,4/27/2026,14:53:38,36.22,8.4,25.18,,,
stress-ng --cpu 2 --cpu-load 72 --quiet --timeout 60s,36,4/27/2026,14:53:39,36.81,8.4,25.04,,,
stress-ng --cpu 2 --cpu-load 72 --quiet --timeout 60s,36,4/27/2026,14:53:40,36.9,8.4,25.99,,,
stress-ng --cpu 2 --cpu-load 72 --quiet --timeout 60s,36,4/27/2026,14:53:41,36.72,8.4,25.99,,,
stress-ng --cpu 2 --cpu-load 72 --quiet --timeout 60s,36,4/27/2026,14:53:42,36.79,8.4,25.65,,,
stress-ng --cpu 2 --cpu-load 72 --quiet --timeout 60s,36,4/27/2026,14:53:43,36.4,8.4,26.37,,,
stress-ng --cpu 2 --cpu-load 72 --quiet --timeout 60s,36,4/27/2026,14:53:44,36.72,8.4,26.37,,,
stress-ng --cpu 2 --cpu-load 72 --quiet --timeout 60s,36,4/27/2026,14:53:45,36.81,8.4,26.35,,,
stress-ng --cpu 2 --cpu-load 72 --quiet --timeout 60s,36,4/27/2026,14:53:46,36.47,8.4,26.57,,,
stress-ng --cpu 2 --cpu-load 72 --quiet --timeout 60s,36,4/27/2026,14:53:47,36.65,8.4,26.57,,,
stress-ng --cpu 2 --cpu-load 72 --quiet --timeout 60s,36,4/27/2026,14:53:48,36.72,8.4,26.37,,,
stress-ng --cpu 2 --cpu-load 72 --quiet --timeout 60s,36,4/27/2026,14:53:49,36.31,8.4,26.17,,,
stress-ng --cpu 2 --cpu-load 72 --quiet --timeout 60s,36,4/27/2026,14:53:50,36.88,8.4,26.17,,,
stress-ng --cpu 2 --cpu-load 72 --quiet --timeout 60s,36,4/27/2026,14:53:51,36.81,8.4,25.48,,,
stress-ng --cpu 2 --cpu-load 72 --quiet --timeout 60s,36,4/27/2026,14:53:52,37.56,8.4,25.48,,,
stress-ng --cpu 2 --cpu-load 72 --quiet --timeout 60s,36,4/27/2026,14:53:53,37.06,8.4,25.48,,,
stress-ng --cpu 2 --cpu-load 72 --quiet --timeout 60s,36,4/27/2026,14:53:54,36.56,8.4,25.97,,,
stress-ng --cpu 2 --cpu-load 72 --quiet --timeout 60s,36,4/27/2026,14:53:55,36.72,8.4,26.53,,,
stress-ng --cpu 2 --cpu-load 72 --quiet --timeout 60s,36,4/27/2026,14:53:56,36.56,8.4,26.53,,,
stress-ng --cpu 2 --cpu-load 72 --quiet --timeout 60s,36,4/27/2026,14:53:57,36.47,8.4,26.4,,,
stress-ng --cpu 2 --cpu-load 72 --quiet --timeout 60s,36,4/27/2026,14:53:58,36.9,8.4,25.82,,,
stress-ng --cpu 2 --cpu-load 72 --quiet --timeout 60s,36,4/27/2026,14:53:59,36.22,8.4,25.82,,,
stress-ng --cpu 2 --cpu-load 72 --quiet --timeout 60s,36,4/27/2026,14:54:00,37.06,8.4,25.59,,,
stress-ng --cpu 2 --cpu-load 72 --quiet --timeout 60s,36,4/27/2026,14:54:01,36.97,8.4,25.77,,,
stress-ng --cpu 2 --cpu-load 72 --quiet --timeout 60s,36,4/27/2026,14:54:02,36.81,8.4,25.77,,,
stress-ng --cpu 2 --cpu-load 72 --quiet --timeout 60s,36,4/27/2026,14:54:03,36.72,8.4,25.37,,,
stress-ng --cpu 2 --cpu-load 72 --quiet --timeout 60s,36,4/27/2026,14:54:04,36.81,8.4,25.61,,,
stress-ng --cpu 2 --cpu-load 72 --quiet --timeout 60s,36,4/27/2026,14:54:05,36.72,8.4,25.61,,,
stress-ng --cpu 2 --cpu-load 72 --quiet --timeout 60s,36,4/27/2026,14:54:06,36.56,8.4,26.75,,,
stress-ng --cpu 2 --cpu-load 72 --quiet --timeout 60s,36,4/27/2026,14:54:07,36.88,8.4,27.24,,,
stress-ng --cpu 2 --cpu-load 72 --quiet --timeout 60s,36,4/27/2026,14:54:08,36.4,8.4,27.24,,,
stress-ng --cpu 2 --cpu-load 72 --quiet --timeout 60s,36,4/27/2026,14:54:09,36.47,8.4,25.8,,,
stress-ng --cpu 2 --cpu-load 72 --quiet --timeout 60s,36,4/27/2026,14:54:10,36.88,8.4,26.26,,,
stress-ng --cpu 2 --cpu-load 72 --quiet --timeout 60s,36,4/27/2026,14:54:11,36.81,8.4,26.26,,,
stress-ng --cpu 2 --cpu-load 72 --quiet --timeout 60s,36,4/27/2026,14:54:12,36.31,8.4,26.09,,,
stress-ng --cpu 2 --cpu-load 72 --quiet --timeout 60s,36,4/27/2026,14:54:13,36.97,8.4,26.02,,,
stress-ng --cpu 2 --cpu-load 72 --quiet --timeout 60s,36,4/27/2026,14:54:14,36.47,8.4,26.02,,,
stress-ng --cpu 2 --cpu-load 72 --quiet --timeout 60s,36,4/27/2026,14:54:15,36.81,8.4,26.2,,,
stress-ng --cpu 2 --cpu-load 72 --quiet --timeout 60s,36,4/27/2026,14:54:16,36.65,8.4,26.06,,,
stress-ng --cpu 2 --cpu-load 72 --quiet --timeout 60s,36,4/27/2026,14:54:17,36.79,8.4,26.06,,,
stress-ng --cpu 2 --cpu-load 72 --quiet --timeout 60s,36,4/27/2026,14:54:18,36.4,8.4,26.42,,,
stress-ng --cpu 2 --cpu-load 72 --quiet --timeout 60s,36,4/27/2026,14:54:19,36.81,8.4,26.06,,,
stress-ng --cpu 2 --cpu-load 72 --quiet --timeout 60s,36,4/27/2026,14:54:20,36.47,8.4,26.06,,,
stress-ng --cpu 2 --cpu-load 72 --quiet --timeout 60s,36,4/27/2026,14:54:21,36.47,8.4,26.25,,,
stress-ng --cpu 2 --cpu-load 72 --quiet --timeout 60s,36,4/27/2026,14:54:22,36.65,8.4,26.39,,,
stress-ng --cpu 2 --cpu-load 72 --quiet --timeout 60s,36,4/27/2026,14:54:23,36.88,8.4,26.39,,,
stress-ng --cpu 2 --cpu-load 72 --quiet --timeout 60s,36,4/27/2026,14:54:24,36.31,8.4,26.27,,,
stress-ng --cpu 2 --cpu-load 72 --quiet --timeout 60s,36,4/27/2026,14:54:25,36.81,8.4,26.53,,,
stress-ng --cpu 2 --cpu-load 72 --quiet --timeout 60s,36,4/27/2026,14:54:26,36.72,8.4,26.53,,,
stress-ng --cpu 2 --cpu-load 72 --quiet --timeout 60s,36,4/27/2026,14:54:27,36.65,8.4,26.3,,,
stress-ng --cpu 2 --cpu-load 72 --quiet --timeout 60s,36,4/27/2026,14:54:28,36.63,8.4,26.42,,,
stress-ng --cpu 2 --cpu-load 72 --quiet --timeout 60s,36,4/27/2026,14:54:29,36.81,8.4,26.42,,,
stress-ng --cpu 2 --cpu-load 72 --quiet --timeout 60s,36,4/27/2026,14:54:30,36.72,8.4,26.12,,,
stress-ng --cpu 2 --cpu-load 72 --quiet --timeout 60s,36,4/27/2026,14:54:31,36.56,8.4,26.81,,,
stress-ng --cpu 2 --cpu-load 72 --quiet --timeout 60s,36,4/27/2026,14:54:32,36.47,8.4,26.81,,,
stress-ng --cpu 2 --cpu-load 72 --quiet --timeout 60s,36,4/27/2026,14:54:33,23.07,8.39,26.58,,,
stress-ng --cpu 2 --cpu-load 72 --quiet --timeout 60s,36,4/27/2026,18:01:37,7.16,8.42,9.57,,,
stress-ng --cpu 2 --cpu-load 72 --quiet --timeout 60s,36,4/27/2026,18:01:38,36.81,8.42,13.93,,,
stress-ng --cpu 2 --cpu-load 72 --quiet --timeout 60s,36,4/27/2026,18:01:39,36.47,8.42,13.93,,,
stress-ng --cpu 2 --cpu-load 72 --quiet --timeout 60s,36,4/27/2026,18:01:40,36.97,8.42,13.93,,,
stress-ng --cpu 2 --cpu-load 72 --quiet --timeout 60s,36,4/27/2026,18:01:41,36.56,8.42,25.77,,,
stress-ng --cpu 2 --cpu-load 72 --quiet --timeout 60s,36,4/27/2026,18:01:42,36.38,8.42,26.17,,,
stress-ng --cpu 2 --cpu-load 72 --quiet --timeout 60s,36,4/27/2026,18:01:43,36.81,8.42,26.17,,,
stress-ng --cpu 2 --cpu-load 72 --quiet --timeout 60s,36,4/27/2026,18:01:44,36.81,8.42,26.3,,,
stress-ng --cpu 2 --cpu-load 72 --quiet --timeout 60s,36,4/27/2026,18:01:45,36.15,8.42,26.3,,,
stress-ng --cpu 2 --cpu-load 72 --quiet --timeout 60s,36,4/27/2026,18:01:46,36.515,8.42,26.3,,,
stress-ng --cpu 2 --cpu-load 72 --quiet --timeout 60s,36,4/27/2026,18:01:47,36.88,8.42,25.77,,,
stress-ng --cpu 2 --cpu-load 72 --quiet --timeout 60s,36,4/27/2026,18:01:48,36.56,8.42,26.17,,,
stress-ng --cpu 2 --cpu-load 72 --quiet --timeout 60s,36,4/27/2026,18:01:49,36.97,8.42,26.17,,,
stress-ng --cpu 2 --cpu-load 72 --quiet --timeout 60s,36,4/27/2026,18:01:50,36.72,8.42,25.78,,,
stress-ng --cpu 2 --cpu-load 72 --quiet --timeout 60s,36,4/27/2026,18:01:51,36.65,8.42,25.39,,,
stress-ng --cpu 2 --cpu-load 72 --quiet --timeout 60s,36,4/27/2026,18:01:52,36.31,8.42,25.39,,,
stress-ng --cpu 2 --cpu-load 72 --quiet --timeout 60s,36,4/27/2026,18:01:53,36.97,8.42,25.34,,,
stress-ng --cpu 2 --cpu-load 72 --quiet --timeout 60s,36,4/27/2026,18:01:54,36.22,8.42,25.73,,,
stress-ng --cpu 2 --cpu-load 72 --quiet --timeout 60s,36,4/27/2026,18:01:55,36.56,8.42,25.73,,,
stress-ng --cpu 2 --cpu-load 72 --quiet --timeout 60s,36,4/27/2026,18:01:56,36.72,8.42,25.38,,,
stress-ng --cpu 2 --cpu-load 72 --quiet --timeout 60s,36,4/27/2026,18:01:57,36.56,8.42,25.96,,,
stress-ng --cpu 2 --cpu-load 72 --quiet --timeout 60s,36,4/27/2026,18:01:58,36.47,8.42,25.96,,,
stress-ng --cpu 2 --cpu-load 72 --quiet --timeout 60s,36,4/27/2026,18:01:59,36.81,8.42,26.4,,,
stress-ng --cpu 2 --cpu-load 72 --quiet --timeout 60s,36,4/27/2026,18:02:00,36.4,8.42,26.35,,,
stress-ng --cpu 2 --cpu-load 72 --quiet --timeout 60s,36,4/27/2026,18:02:01,36.97,8.42,26.35,,,
stress-ng --cpu 2 --cpu-load 72 --quiet --timeout 60s,36,4/27/2026,18:02:02,36.47,8.42,25.78,,,
stress-ng --cpu 2 --cpu-load 72 --quiet --timeout 60s,36,4/27/2026,18:02:03,36.97,8.42,26.39,,,
stress-ng --cpu 2 --cpu-load 72 --quiet --timeout 60s,36,4/27/2026,18:02:04,36.72,8.42,26.39,,,
stress-ng --cpu 2 --cpu-load 72 --quiet --timeout 60s,36,4/27/2026,18:02:05,36.65,8.42,26.58,,,
stress-ng --cpu 2 --cpu-load 72 --quiet --timeout 60s,36,4/27/2026,18:02:06,36.72,8.42,26.2,,,
stress-ng --cpu 2 --cpu-load 72 --quiet --timeout 60s,36,4/27/2026,18:02:07,36.72,8.42,26.2,,,
stress-ng --cpu 2 --cpu-load 72 --quiet --timeout 60s,36,4/27/2026,18:02:08,36.81,8.42,26.48,,,
stress-ng --cpu 2 --cpu-load 72 --quiet --timeout 60s,36,4/27/2026,18:02:09,36.4,8.42,26.71,,,
stress-ng --cpu 2 --cpu-load 72 --quiet --timeout 60s,36,4/27/2026,18:02:10,36.72,8.42,26.71,,,
stress-ng --cpu 2 --cpu-load 72 --quiet --timeout 60s,36,4/27/2026,18:02:11,36.72,8.42,27.01,,,
stress-ng --cpu 2 --cpu-load 72 --quiet --timeout 60s,36,4/27/2026,18:02:12,36.56,8.42,26.36,,,
stress-ng --cpu 2 --cpu-load 72 --quiet --timeout 60s,36,4/27/2026,18:02:13,36.56,8.42,26.36,,,
stress-ng --cpu 2 --cpu-load 72 --quiet --timeout 60s,36,4/27/2026,18:02:14,36.72,8.42,25.99,,,
stress-ng --cpu 2 --cpu-load 72 --quiet --timeout 60s,36,4/27/2026,18:02:15,36.56,8.42,26.8,,,
stress-ng --cpu 2 --cpu-load 72 --quiet --timeout 60s,36,4/27/2026,18:02:16,36.65,8.42,26.8,,,
stress-ng --cpu 2 --cpu-load 72 --quiet --timeout 60s,36,4/27/2026,18:02:17,36.79,8.42,26.06,,,
stress-ng --cpu 2 --cpu-load 72 --quiet --timeout 60s,36,4/27/2026,18:02:18,36.56,8.42,26.53,,,
stress-ng --cpu 2 --cpu-load 72 --quiet --timeout 60s,36,4/27/2026,18:02:19,36.97,8.42,26.53,,,
stress-ng --cpu 2 --cpu-load 72 --quiet --timeout 60s,36,4/27/2026,18:02:20,36.15,8.42,26.56,,,
stress-ng --cpu 2 --cpu-load 72 --quiet --timeout 60s,36,4/27/2026,18:02:21,36.88,8.42,26.35,,,
stress-ng --cpu 2 --cpu-load 72 --quiet --timeout 60s,36,4/27/2026,18:02:22,36.81,8.42,26.35,,,
stress-ng --cpu 2 --cpu-load 72 --quiet --timeout 60s,36,4/27/2026,18:02:23,36.63,8.42,26.33,,,
stress-ng --cpu 2 --cpu-load 72 --quiet --timeout 60s,36,4/27/2026,18:02:24,36.56,8.42,26.15,,,
stress-ng --cpu 2 --cpu-load 72 --quiet --timeout 60s,36,4/27/2026,18:02:25,36.81,8.42,26.15,,,
stress-ng --cpu 2 --cpu-load 72 --quiet --timeout 60s,36,4/27/2026,18:02:26,36.22,8.42,26.74,,,
stress-ng --cpu 2 --cpu-load 72 --quiet --timeout 60s,36,4/27/2026,18:02:27,36.88,8.42,26.38,,,
stress-ng --cpu 2 --cpu-load 72 --quiet --timeout 60s,36,4/27/2026,18:02:28,36.25,8.42,26.38,,,
stress-ng --cpu 2 --cpu-load 72 --quiet --timeout 60s,36,4/27/2026,18:02:29,36.81,8.42,26.35,,,
stress-ng --cpu 2 --cpu-load 72 --quiet --timeout 60s,36,4/27/2026,18:02:30,36.63,8.42,26.18,,,
stress-ng --cpu 2 --cpu-load 72 --quiet --timeout 60s,36,4/27/2026,18:02:31,36.56,8.42,26.18,,,
stress-ng --cpu 2 --cpu-load 72 --quiet --timeout 60s,36,4/27/2026,18:02:32,36.72,8.42,26.33,,,
stress-ng --cpu 2 --cpu-load 72 --quiet --timeout 60s,36,4/27/2026,18:02:33,36.81,8.42,26.54,,,
stress-ng --cpu 2 --cpu-load 72 --quiet --timeout 60s,36,4/27/2026,18:02:34,36.47,8.42,26.54,,,
stress-ng --cpu 2 --cpu-load 72 --quiet --timeout 60s,36,4/27/2026,18:02:35,36.9,8.42,25.93,,,
stress-ng --cpu 2 --cpu-load 72 --quiet --timeout 60s,36,4/27/2026,18:02:36,36.38,8.42,26.47,,,
stress-ng --cpu 2 --cpu-load 72 --quiet --timeout 60s,36,4/27/2026,18:02:37,36.97,8.42,26.47,,,
stress-ng --cpu 2 --cpu-load 74 --quiet --timeout 60s,37,4/27/2026,13:01:30,1.22,8.4,9.31,,,
stress-ng --cpu 2 --cpu-load 74 --quiet --timeout 60s,37,4/27/2026,13:01:31,14.53,8.41,9.38,,,
stress-ng --cpu 2 --cpu-load 74 --quiet --timeout 60s,37,4/27/2026,13:01:32,37.56,8.41,16.34,,,
stress-ng --cpu 2 --cpu-load 74 --quiet --timeout 60s,37,4/27/2026,13:01:33,38.02,8.41,16.34,,,
stress-ng --cpu 2 --cpu-load 74 --quiet --timeout 60s,37,4/27/2026,13:01:34,37.81,8.41,26.38,,,
stress-ng --cpu 2 --cpu-load 74 --quiet --timeout 60s,37,4/27/2026,13:01:35,37.71,8.41,26.38,,,
stress-ng --cpu 2 --cpu-load 74 --quiet --timeout 60s,37,4/27/2026,13:01:36,37.96,8.41,27.04,,,
stress-ng --cpu 2 --cpu-load 74 --quiet --timeout 60s,37,4/27/2026,13:01:37,37.31,8.41,26.34,,,
stress-ng --cpu 2 --cpu-load 74 --quiet --timeout 60s,37,4/27/2026,13:01:38,38.05,8.41,26.34,,,
stress-ng --cpu 2 --cpu-load 74 --quiet --timeout 60s,37,4/27/2026,13:01:39,37.71,8.42,26.4,,,
stress-ng --cpu 2 --cpu-load 74 --quiet --timeout 60s,37,4/27/2026,13:01:40,37.71,8.42,26.4,,,
stress-ng --cpu 2 --cpu-load 74 --quiet --timeout 60s,37,4/27/2026,13:01:41,37.81,8.42,26.45,,,
stress-ng --cpu 2 --cpu-load 74 --quiet --timeout 60s,37,4/27/2026,13:01:42,37.71,8.42,27.17,,,
stress-ng --cpu 2 --cpu-load 74 --quiet --timeout 60s,37,4/27/2026,13:01:43,37.46,8.42,27.17,,,
stress-ng --cpu 2 --cpu-load 74 --quiet --timeout 60s,37,4/27/2026,13:01:44,37.56,8.42,26.12,,,
stress-ng --cpu 2 --cpu-load 74 --quiet --timeout 60s,37,4/27/2026,13:01:45,37.81,8.42,26.17,,,
stress-ng --cpu 2 --cpu-load 74 --quiet --timeout 60s,37,4/27/2026,13:01:46,37.31,8.42,26.17,,,
stress-ng --cpu 2 --cpu-load 74 --quiet --timeout 60s,37,4/27/2026,13:01:47,37.71,8.42,26.59,,,
stress-ng --cpu 2 --cpu-load 74 --quiet --timeout 60s,37,4/27/2026,13:01:48,37.71,8.42,26.29,,,
stress-ng --cpu 2 --cpu-load 74 --quiet --timeout 60s,37,4/27/2026,13:01:49,37.62,8.42,26.29,,,
stress-ng --cpu 2 --cpu-load 74 --quiet --timeout 60s,37,4/27/2026,13:01:50,37.96,8.42,26.09,,,
stress-ng --cpu 2 --cpu-load 74 --quiet --timeout 60s,37,4/27/2026,13:01:51,37.46,8.42,26.01,,,
stress-ng --cpu 2 --cpu-load 74 --quiet --timeout 60s,37,4/27/2026,13:01:52,37.96,8.42,26.01,,,
stress-ng --cpu 2 --cpu-load 74 --quiet --timeout 60s,37,4/27/2026,13:01:53,37.5,8.42,25.97,,,
stress-ng --cpu 2 --cpu-load 74 --quiet --timeout 60s,37,4/27/2026,13:01:54,37.46,8.42,25.93,,,
stress-ng --cpu 2 --cpu-load 74 --quiet --timeout 60s,37,4/27/2026,13:01:55,37.96,8.42,25.93,,,
stress-ng --cpu 2 --cpu-load 74 --quiet --timeout 60s,37,4/27/2026,13:01:56,37.31,8.42,25.9,,,
stress-ng --cpu 2 --cpu-load 74 --quiet --timeout 60s,37,4/27/2026,13:01:57,37.96,8.42,26.12,,,
stress-ng --cpu 2 --cpu-load 74 --quiet --timeout 60s,37,4/27/2026,13:01:58,37.4,8.42,26.12,,,
stress-ng --cpu 2 --cpu-load 74 --quiet --timeout 60s,37,4/27/2026,13:01:59,37.87,8.42,26.1,,,
stress-ng --cpu 2 --cpu-load 74 --quiet --timeout 60s,37,4/27/2026,13:02:00,37.56,8.42,25.88,,,
stress-ng --cpu 2 --cpu-load 74 --quiet --timeout 60s,37,4/27/2026,13:02:01,37.56,8.42,25.88,,,
stress-ng --cpu 2 --cpu-load 74 --quiet --timeout 60s,37,4/27/2026,13:02:02,37.71,8.42,26.09,,,
stress-ng --cpu 2 --cpu-load 74 --quiet --timeout 60s,37,4/27/2026,13:02:03,37.46,8.42,26.31,,,
stress-ng --cpu 2 --cpu-load 74 --quiet --timeout 60s,37,4/27/2026,13:02:04,38.05,8.42,26.31,,,
stress-ng --cpu 2 --cpu-load 74 --quiet --timeout 60s,37,4/27/2026,13:02:05,37.31,8.42,26.16,,,
stress-ng --cpu 2 --cpu-load 74 --quiet --timeout 60s,37,4/27/2026,13:02:06,37.71,8.42,26.04,,,
stress-ng --cpu 2 --cpu-load 74 --quiet --timeout 60s,37,4/27/2026,13:02:07,37.56,8.42,26.04,,,
stress-ng --cpu 2 --cpu-load 74 --quiet --timeout 60s,37,4/27/2026,13:02:08,37.71,8.42,26.22,,,
stress-ng --cpu 2 --cpu-load 74 --quiet --timeout 60s,37,4/27/2026,13:02:09,37.4,8.42,25.94,,,
stress-ng --cpu 2 --cpu-load 74 --quiet --timeout 60s,37,4/27/2026,13:02:10,38.11,8.42,25.94,,,
stress-ng --cpu 2 --cpu-load 74 --quiet --timeout 60s,37,4/27/2026,13:02:11,37.4,8.42,26.2,,,
stress-ng --cpu 2 --cpu-load 74 --quiet --timeout 60s,37,4/27/2026,13:02:12,37.77,8.42,26.27,,,
stress-ng --cpu 2 --cpu-load 74 --quiet --timeout 60s,37,4/27/2026,13:02:13,37.81,8.42,26.27,,,
stress-ng --cpu 2 --cpu-load 74 --quiet --timeout 60s,37,4/27/2026,13:02:14,37.71,8.42,26.39,,,
stress-ng --cpu 2 --cpu-load 74 --quiet --timeout 60s,37,4/27/2026,13:02:15,37.31,8.42,26.55,,,
stress-ng --cpu 2 --cpu-load 74 --quiet --timeout 60s,37,4/27/2026,13:02:16,37.81,8.42,26.55,,,
stress-ng --cpu 2 --cpu-load 74 --quiet --timeout 60s,37,4/27/2026,13:02:17,37.96,8.42,27.11,,,
stress-ng --cpu 2 --cpu-load 74 --quiet --timeout 60s,37,4/27/2026,13:02:18,37.46,8.42,27.235,,,
stress-ng --cpu 2 --cpu-load 74 --quiet --timeout 60s,37,4/27/2026,13:02:19,37.62,8.42,27.36,,,
stress-ng --cpu 2 --cpu-load 74 --quiet --timeout 60s,37,4/27/2026,13:02:20,38.05,8.42,27.36,,,
stress-ng --cpu 2 --cpu-load 74 --quiet --timeout 60s,37,4/27/2026,13:02:21,37.62,8.42,26.61,,,
stress-ng --cpu 2 --cpu-load 74 --quiet --timeout 60s,37,4/27/2026,13:02:22,37.9,8.42,26.57,,,
stress-ng --cpu 2 --cpu-load 74 --quiet --timeout 60s,37,4/27/2026,13:02:23,37.46,8.42,26.57,,,
stress-ng --cpu 2 --cpu-load 74 --quiet --timeout 60s,37,4/27/2026,13:02:24,37.4,8.42,27.11,,,
stress-ng --cpu 2 --cpu-load 74 --quiet --timeout 60s,37,4/27/2026,13:02:25,37.87,8.42,26.4,,,
stress-ng --cpu 2 --cpu-load 74 --quiet --timeout 60s,37,4/27/2026,13:02:26,37.81,8.42,26.4,,,
stress-ng --cpu 2 --cpu-load 74 --quiet --timeout 60s,37,4/27/2026,13:02:27,37.46,8.43,26.32,,,
stress-ng --cpu 2 --cpu-load 74 --quiet --timeout 60s,37,4/27/2026,13:02:28,37.71,8.43,26.81,,,
stress-ng --cpu 2 --cpu-load 74 --quiet --timeout 60s,37,4/27/2026,13:02:29,37.81,8.43,26.81,,,
stress-ng --cpu 2 --cpu-load 74 --quiet --timeout 60s,37,4/27/2026,13:02:30,37.56,8.43,26.76,,,
stress-ng --cpu 2 --cpu-load 74 --quiet --timeout 60s,37,4/27/2026,15:07:33,1.22,8.38,9.37,,,
stress-ng --cpu 2 --cpu-load 74 --quiet --timeout 60s,37,4/27/2026,15:07:34,35.62,8.4,9.8,,,
stress-ng --cpu 2 --cpu-load 74 --quiet --timeout 60s,37,4/27/2026,15:07:35,37.71,8.4,25.93,,,
stress-ng --cpu 2 --cpu-load 74 --quiet --timeout 60s,37,4/27/2026,15:07:36,37.5,8.4,25.93,,,
stress-ng --cpu 2 --cpu-load 74 --quiet --timeout 60s,37,4/27/2026,15:07:37,37.87,8.4,25.93,,,
stress-ng --cpu 2 --cpu-load 74 --quiet --timeout 60s,37,4/27/2026,15:07:38,37.46,8.4,25.62,,,
stress-ng --cpu 2 --cpu-load 74 --quiet --timeout 60s,37,4/27/2026,15:07:39,37.56,8.4,25.85,,,
stress-ng --cpu 2 --cpu-load 74 --quiet --timeout 60s,37,4/27/2026,15:07:40,37.71,8.4,25.85,,,
stress-ng --cpu 2 --cpu-load 74 --quiet --timeout 60s,37,4/27/2026,15:07:41,37.4,8.4,26.7,,,
stress-ng --cpu 2 --cpu-load 74 --quiet --timeout 60s,37,4/27/2026,15:07:42,37.62,8.4,25.98,,,
stress-ng --cpu 2 --cpu-load 74 --quiet --timeout 60s,37,4/27/2026,15:07:43,37.56,8.4,25.98,,,
stress-ng --cpu 2 --cpu-load 74 --quiet --timeout 60s,37,4/27/2026,15:07:44,38.21,8.41,26.07,,,
stress-ng --cpu 2 --cpu-load 74 --quiet --timeout 60s,37,4/27/2026,15:07:45,37.96,8.41,25.69,,,
stress-ng --cpu 2 --cpu-load 74 --quiet --timeout 60s,37,4/27/2026,15:07:46,37.56,8.41,25.69,,,
stress-ng --cpu 2 --cpu-load 74 --quiet --timeout 60s,37,4/27/2026,15:07:47,37.71,8.41,25.96,,,
stress-ng --cpu 2 --cpu-load 74 --quiet --timeout 60s,37,4/27/2026,15:07:48,37.81,8.41,26.6,,,
stress-ng --cpu 2 --cpu-load 74 --quiet --timeout 60s,37,4/27/2026,15:07:49,37.4,8.41,26.6,,,
stress-ng --cpu 2 --cpu-load 74 --quiet --timeout 60s,37,4/27/2026,15:07:50,37.77,8.41,26.49,,,
stress-ng --cpu 2 --cpu-load 74 --quiet --timeout 60s,37,4/27/2026,15:07:51,37.4,8.41,26.69,,,
stress-ng --cpu 2 --cpu-load 74 --quiet --timeout 60s,37,4/27/2026,15:07:52,37.71,8.41,26.69,,,
stress-ng --cpu 2 --cpu-load 74 --quiet --timeout 60s,37,4/27/2026,15:07:53,37.81,8.41,26.8,,,
stress-ng --cpu 2 --cpu-load 74 --quiet --timeout 60s,37,4/27/2026,15:07:54,37.56,8.41,26.81,,,
stress-ng --cpu 2 --cpu-load 74 --quiet --timeout 60s,37,4/27/2026,15:07:55,37.96,8.41,26.81,,,
stress-ng --cpu 2 --cpu-load 74 --quiet --timeout 60s,37,4/27/2026,15:07:56,37.56,8.41,26.82,,,
stress-ng --cpu 2 --cpu-load 74 --quiet --timeout 60s,37,4/27/2026,15:07:57,37.46,8.41,26.31,,,
stress-ng --cpu 2 --cpu-load 74 --quiet --timeout 60s,37,4/27/2026,15:07:58,37.81,8.42,26.31,,,
stress-ng --cpu 2 --cpu-load 74 --quiet --timeout 60s,37,4/27/2026,15:07:59,37.46,8.42,25.82,,,
stress-ng --cpu 2 --cpu-load 74 --quiet --timeout 60s,37,4/27/2026,15:08:00,37.4,8.42,26.43,,,
stress-ng --cpu 2 --cpu-load 74 --quiet --timeout 60s,37,4/27/2026,15:08:01,38.11,8.42,26.43,,,
stress-ng --cpu 2 --cpu-load 74 --quiet --timeout 60s,37,4/27/2026,15:08:02,37.71,8.42,26.23,,,
stress-ng --cpu 2 --cpu-load 74 --quiet --timeout 60s,37,4/27/2026,15:08:03,37.56,8.42,26.7,,,
stress-ng --cpu 2 --cpu-load 74 --quiet --timeout 60s,37,4/27/2026,15:08:04,38.05,8.42,26.7,,,
stress-ng --cpu 2 --cpu-load 74 --quiet --timeout 60s,37,4/27/2026,15:08:05,37.46,8.42,26.68,,,
stress-ng --cpu 2 --cpu-load 74 --quiet --timeout 60s,37,4/27/2026,15:08:06,37.4,8.42,27.12,,,
stress-ng --cpu 2 --cpu-load 74 --quiet --timeout 60s,37,4/27/2026,15:08:07,37.77,8.42,27.12,,,
stress-ng --cpu 2 --cpu-load 74 --quiet --timeout 60s,37,4/27/2026,15:08:08,37.65,8.42,26.46,,,
stress-ng --cpu 2 --cpu-load 74 --quiet --timeout 60s,37,4/27/2026,15:08:09,37.71,8.42,27.02,,,
stress-ng --cpu 2 --cpu-load 74 --quiet --timeout 60s,37,4/27/2026,15:08:10,37.71,8.42,27.02,,,
stress-ng --cpu 2 --cpu-load 74 --quiet --timeout 60s,37,4/27/2026,15:08:11,37.71,8.42,27.13,,,
stress-ng --cpu 2 --cpu-load 74 --quiet --timeout 60s,37,4/27/2026,15:08:12,37.71,8.42,26.96,,,
stress-ng --cpu 2 --cpu-load 74 --quiet --timeout 60s,37,4/27/2026,15:08:13,37.31,8.42,26.96,,,
stress-ng --cpu 2 --cpu-load 74 --quiet --timeout 60s,37,4/27/2026,15:08:14,37.96,8.42,26.66,,,
stress-ng --cpu 2 --cpu-load 74 --quiet --timeout 60s,37,4/27/2026,15:08:15,37.81,8.42,27.06,,,
stress-ng --cpu 2 --cpu-load 74 --quiet --timeout 60s,37,4/27/2026,15:08:16,37.31,8.42,27.06,,,
stress-ng --cpu 2 --cpu-load 74 --quiet --timeout 60s,37,4/27/2026,15:08:17,37.96,8.42,26.4,,,
stress-ng --cpu 2 --cpu-load 74 --quiet --timeout 60s,37,4/27/2026,15:08:18,37.46,8.42,26.53,,,
stress-ng --cpu 2 --cpu-load 74 --quiet --timeout 60s,37,4/27/2026,15:08:19,37.56,8.42,26.53,,,
stress-ng --cpu 2 --cpu-load 74 --quiet --timeout 60s,37,4/27/2026,15:08:20,37.77,8.42,26.52,,,
stress-ng --cpu 2 --cpu-load 74 --quiet --timeout 60s,37,4/27/2026,15:08:21,37.65,8.42,27.06,,,
stress-ng --cpu 2 --cpu-load 74 --quiet --timeout 60s,37,4/27/2026,15:08:22,37.62,8.42,27.06,,,
stress-ng --cpu 2 --cpu-load 74 --quiet --timeout 60s,37,4/27/2026,15:08:23,37.81,8.42,26.79,,,
stress-ng --cpu 2 --cpu-load 74 --quiet --timeout 60s,37,4/27/2026,15:08:24,37.71,8.42,27.05,,,
stress-ng --cpu 2 --cpu-load 74 --quiet --timeout 60s,37,4/27/2026,15:08:25,37.87,8.42,27.05,,,
stress-ng --cpu 2 --cpu-load 74 --quiet --timeout 60s,37,4/27/2026,15:08:26,37.56,8.42,27.16,,,
stress-ng --cpu 2 --cpu-load 74 --quiet --timeout 60s,37,4/27/2026,15:08:27,37.56,8.42,26.64,,,
stress-ng --cpu 2 --cpu-load 74 --quiet --timeout 60s,37,4/27/2026,15:08:28,37.96,8.42,26.64,,,
stress-ng --cpu 2 --cpu-load 74 --quiet --timeout 60s,37,4/27/2026,15:08:29,37.71,8.42,26.18,,,
stress-ng --cpu 2 --cpu-load 74 --quiet --timeout 60s,37,4/27/2026,15:08:30,37.46,8.42,26.19,,,
stress-ng --cpu 2 --cpu-load 74 --quiet --timeout 60s,37,4/27/2026,15:08:31,37.56,8.42,26.19,,,
stress-ng --cpu 2 --cpu-load 74 --quiet --timeout 60s,37,4/27/2026,15:08:32,37.65,8.42,26.18,,,
stress-ng --cpu 2 --cpu-load 74 --quiet --timeout 60s,37,4/27/2026,15:08:33,37.62,8.42,26.16,,,
stress-ng --cpu 2 --cpu-load 74 --quiet --timeout 60s,37,4/27/2026,18:05:37,1.22,8.39,9.97,,,
stress-ng --cpu 2 --cpu-load 74 --quiet --timeout 60s,37,4/27/2026,18:05:38,22.02,8.4,13.91,,,
stress-ng --cpu 2 --cpu-load 74 --quiet --timeout 60s,37,4/27/2026,18:05:39,37.87,8.4,13.91,,,
stress-ng --cpu 2 --cpu-load 74 --quiet --timeout 60s,37,4/27/2026,18:05:40,37.56,8.4,13.91,,,
stress-ng --cpu 2 --cpu-load 74 --quiet --timeout 60s,37,4/27/2026,18:05:41,37.46,8.4,26.08,,,
stress-ng --cpu 2 --cpu-load 74 --quiet --timeout 60s,37,4/27/2026,18:05:42,37.4,8.4,26.4,,,
stress-ng --cpu 2 --cpu-load 74 --quiet --timeout 60s,37,4/27/2026,18:05:43,38.05,8.4,26.4,,,
stress-ng --cpu 2 --cpu-load 74 --quiet --timeout 60s,37,4/27/2026,18:05:44,37.46,8.4,26.36,,,
stress-ng --cpu 2 --cpu-load 74 --quiet --timeout 60s,37,4/27/2026,18:05:45,37.9,8.4,25.93,,,
stress-ng --cpu 2 --cpu-load 74 --quiet --timeout 60s,37,4/27/2026,18:05:46,37.87,8.4,25.93,,,
stress-ng --cpu 2 --cpu-load 74 --quiet --timeout 60s,37,4/27/2026,18:05:47,37.56,8.4,26.38,,,
stress-ng --cpu 2 --cpu-load 74 --quiet --timeout 60s,37,4/27/2026,18:05:48,37.71,8.4,26.69,,,
stress-ng --cpu 2 --cpu-load 74 --quiet --timeout 60s,37,4/27/2026,18:05:49,37.71,8.4,26.69,,,
stress-ng --cpu 2 --cpu-load 74 --quiet --timeout 60s,37,4/27/2026,18:05:50,37.56,8.4,26.35,,,
stress-ng --cpu 2 --cpu-load 74 --quiet --timeout 60s,37,4/27/2026,18:05:51,37.71,8.41,26.42,,,
stress-ng --cpu 2 --cpu-load 74 --quiet --timeout 60s,37,4/27/2026,18:05:52,37.81,8.41,26.42,,,
stress-ng --cpu 2 --cpu-load 74 --quiet --timeout 60s,37,4/27/2026,18:05:53,37.46,8.41,26.15,,,
stress-ng --cpu 2 --cpu-load 74 --quiet --timeout 60s,37,4/27/2026,18:05:54,37.65,8.41,26.36,,,
stress-ng --cpu 2 --cpu-load 74 --quiet --timeout 60s,37,4/27/2026,18:05:55,37.71,8.41,26.36,,,
stress-ng --cpu 2 --cpu-load 74 --quiet --timeout 60s,37,4/27/2026,18:05:56,37.56,8.41,25.78,,,
stress-ng --cpu 2 --cpu-load 74 --quiet --timeout 60s,37,4/27/2026,18:05:57,37.37,8.41,26.73,,,
stress-ng --cpu 2 --cpu-load 74 --quiet --timeout 60s,37,4/27/2026,18:05:58,37.71,8.41,26.73,,,
stress-ng --cpu 2 --cpu-load 74 --quiet --timeout 60s,37,4/27/2026,18:05:59,37.4,8.41,26.78,,,
stress-ng --cpu 2 --cpu-load 74 --quiet --timeout 60s,37,4/27/2026,18:06:00,37.96,8.41,26.18,,,
stress-ng --cpu 2 --cpu-load 74 --quiet --timeout 60s,37,4/27/2026,18:06:01,37.81,8.41,26.18,,,
stress-ng --cpu 2 --cpu-load 74 --quiet --timeout 60s,37,4/27/2026,18:06:02,37.62,8.41,26.32,,,
stress-ng --cpu 2 --cpu-load 74 --quiet --timeout 60s,37,4/27/2026,18:06:03,37.62,8.41,26.36,,,
stress-ng --cpu 2 --cpu-load 74 --quiet --timeout 60s,37,4/27/2026,18:06:04,37.65,8.41,26.36,,,
stress-ng --cpu 2 --cpu-load 74 --quiet --timeout 60s,37,4/27/2026,18:06:05,37.87,8.41,26.78,,,
stress-ng --cpu 2 --cpu-load 74 --quiet --timeout 60s,37,4/27/2026,18:06:06,37.81,8.41,26.55,,,
stress-ng --cpu 2 --cpu-load 74 --quiet --timeout 60s,37,4/27/2026,18:06:07,37.31,8.41,26.55,,,
stress-ng --cpu 2 --cpu-load 74 --quiet --timeout 60s,37,4/27/2026,18:06:08,37.71,8.41,26.33,,,
stress-ng --cpu 2 --cpu-load 74 --quiet --timeout 60s,37,4/27/2026,18:06:09,38.02,8.41,27.05,,,
stress-ng --cpu 2 --cpu-load 74 --quiet --timeout 60s,37,4/27/2026,18:06:10,37.65,8.41,27.05,,,
stress-ng --cpu 2 --cpu-load 74 --quiet --timeout 60s,37,4/27/2026,18:06:11,37.71,8.41,26.7,,,
stress-ng --cpu 2 --cpu-load 74 --quiet --timeout 60s,37,4/27/2026,18:06:12,37.4,8.41,26.38,,,
stress-ng --cpu 2 --cpu-load 74 --quiet --timeout 60s,37,4/27/2026,18:06:13,37.37,8.41,26.38,,,
stress-ng --cpu 2 --cpu-load 74 --quiet --timeout 60s,37,4/27/2026,18:06:14,38.15,8.41,26.67,,,
stress-ng --cpu 2 --cpu-load 74 --quiet --timeout 60s,37,4/27/2026,18:06:15,37.56,8.41,26.3,,,
stress-ng --cpu 2 --cpu-load 74 --quiet --timeout 60s,37,4/27/2026,18:06:16,37.46,8.41,26.3,,,
stress-ng --cpu 2 --cpu-load 74 --quiet --timeout 60s,37,4/27/2026,18:06:17,37.5,8.41,26.69,,,
stress-ng --cpu 2 --cpu-load 74 --quiet --timeout 60s,37,4/27/2026,18:06:18,37.87,8.41,26.61,,,
stress-ng --cpu 2 --cpu-load 74 --quiet --timeout 60s,37,4/27/2026,18:06:19,37.56,8.41,26.61,,,
stress-ng --cpu 2 --cpu-load 74 --quiet --timeout 60s,37,4/27/2026,18:06:20,37.46,8.41,27.04,,,
stress-ng --cpu 2 --cpu-load 74 --quiet --timeout 60s,37,4/27/2026,18:06:21,37.9,8.41,26.64,,,
stress-ng --cpu 2 --cpu-load 74 --quiet --timeout 60s,37,4/27/2026,18:06:22,37.62,8.41,26.64,,,
stress-ng --cpu 2 --cpu-load 74 --quiet --timeout 60s,37,4/27/2026,18:06:23,37.56,8.41,26.77,,,
stress-ng --cpu 2 --cpu-load 74 --quiet --timeout 60s,37,4/27/2026,18:06:24,37.56,8.41,26.89,,,
stress-ng --cpu 2 --cpu-load 74 --quiet --timeout 60s,37,4/27/2026,18:06:25,37.81,8.41,26.89,,,
stress-ng --cpu 2 --cpu-load 74 --quiet --timeout 60s,37,4/27/2026,18:06:26,37.56,8.41,26.81,,,
stress-ng --cpu 2 --cpu-load 74 --quiet --timeout 60s,37,4/27/2026,18:06:27,37.56,8.41,26.73,,,
stress-ng --cpu 2 --cpu-load 74 --quiet --timeout 60s,37,4/27/2026,18:06:28,37.31,8.41,27.72,,,
stress-ng --cpu 2 --cpu-load 74 --quiet --timeout 60s,37,4/27/2026,18:06:29,37.9,8.41,27.72,,,
stress-ng --cpu 2 --cpu-load 74 --quiet --timeout 60s,37,4/27/2026,18:06:30,37.77,8.41,26.9,,,
stress-ng --cpu 2 --cpu-load 74 --quiet --timeout 60s,37,4/27/2026,18:06:31,37.81,8.41,26.9,,,
stress-ng --cpu 2 --cpu-load 74 --quiet --timeout 60s,37,4/27/2026,18:06:32,37.81,8.41,27.13,,,
stress-ng --cpu 2 --cpu-load 74 --quiet --timeout 60s,37,4/27/2026,18:06:33,37.46,8.41,26.8,,,
stress-ng --cpu 2 --cpu-load 74 --quiet --timeout 60s,37,4/27/2026,18:06:34,38.05,8.41,26.8,,,
stress-ng --cpu 2 --cpu-load 74 --quiet --timeout 60s,37,4/27/2026,18:06:35,37.22,8.41,27.27,,,
stress-ng --cpu 2 --cpu-load 74 --quiet --timeout 60s,37,4/27/2026,18:06:36,37.96,8.41,27,,,
stress-ng --cpu 2 --cpu-load 74 --quiet --timeout 60s,37,4/27/2026,18:06:37,37.31,8.41,27,,,
stress-ng --cpu 2 --cpu-load 76 --quiet --timeout 60s,38,4/27/2026,12:09:29,1.7,8.4,9.19,,,
stress-ng --cpu 2 --cpu-load 76 --quiet --timeout 60s,38,4/27/2026,12:09:30,30.04,8.4,12.08,,,
stress-ng --cpu 2 --cpu-load 76 --quiet --timeout 60s,38,4/27/2026,12:09:31,38.65,8.4,12.08,,,
stress-ng --cpu 2 --cpu-load 76 --quiet --timeout 60s,38,4/27/2026,12:09:32,38.95,8.4,12.08,,,
stress-ng --cpu 2 --cpu-load 76 --quiet --timeout 60s,38,4/27/2026,12:09:33,38.7,8.4,26.47,,,
stress-ng --cpu 2 --cpu-load 76 --quiet --timeout 60s,38,4/27/2026,12:09:34,38.46,8.4,26.66,,,
stress-ng --cpu 2 --cpu-load 76 --quiet --timeout 60s,38,4/27/2026,12:09:35,38.7,8.4,26.66,,,
stress-ng --cpu 2 --cpu-load 76 --quiet --timeout 60s,38,4/27/2026,12:09:36,38.4,8.4,27.26,,,
stress-ng --cpu 2 --cpu-load 76 --quiet --timeout 60s,38,4/27/2026,12:09:37,39.2,8.41,27.26,,,
stress-ng --cpu 2 --cpu-load 76 --quiet --timeout 60s,38,4/27/2026,12:09:38,38.46,8.41,27.26,,,
stress-ng --cpu 2 --cpu-load 76 --quiet --timeout 60s,38,4/27/2026,12:09:39,39.05,8.41,26.65,,,
stress-ng --cpu 2 --cpu-load 76 --quiet --timeout 60s,38,4/27/2026,12:09:40,38.55,8.41,25.99,,,
stress-ng --cpu 2 --cpu-load 76 --quiet --timeout 60s,38,4/27/2026,12:09:41,38.4,8.41,25.99,,,
stress-ng --cpu 2 --cpu-load 76 --quiet --timeout 60s,38,4/27/2026,12:09:42,38.7,8.41,26.37,,,
stress-ng --cpu 2 --cpu-load 76 --quiet --timeout 60s,38,4/27/2026,12:09:43,38.61,8.41,26.84,,,
stress-ng --cpu 2 --cpu-load 76 --quiet --timeout 60s,38,4/27/2026,12:09:44,38.8,8.41,26.84,,,
stress-ng --cpu 2 --cpu-load 76 --quiet --timeout 60s,38,4/27/2026,12:09:45,38.55,8.41,27.02,,,
stress-ng --cpu 2 --cpu-load 76 --quiet --timeout 60s,38,4/27/2026,12:09:46,38.8,8.41,26.69,,,
stress-ng --cpu 2 --cpu-load 76 --quiet --timeout 60s,38,4/27/2026,12:09:47,38.61,8.41,26.69,,,
stress-ng --cpu 2 --cpu-load 76 --quiet --timeout 60s,38,4/27/2026,12:09:48,38.65,8.41,27.71,,,
stress-ng --cpu 2 --cpu-load 76 --quiet --timeout 60s,38,4/27/2026,12:09:49,38.51,8.41,26.66,,,
stress-ng --cpu 2 --cpu-load 76 --quiet --timeout 60s,38,4/27/2026,12:09:50,38.5,8.41,26.66,,,
stress-ng --cpu 2 --cpu-load 76 --quiet --timeout 60s,38,4/27/2026,12:09:51,38.7,8.41,26.61,,,
stress-ng --cpu 2 --cpu-load 76 --quiet --timeout 60s,38,4/27/2026,12:09:52,38.55,8.41,27.15,,,
stress-ng --cpu 2 --cpu-load 76 --quiet --timeout 60s,38,4/27/2026,12:09:53,38.55,8.41,27.15,,,
stress-ng --cpu 2 --cpu-load 76 --quiet --timeout 60s,38,4/27/2026,12:09:54,38.76,8.41,26.9,,,
stress-ng --cpu 2 --cpu-load 76 --quiet --timeout 60s,38,4/27/2026,12:09:55,38.8,8.41,26.88,,,
stress-ng --cpu 2 --cpu-load 76 --quiet --timeout 60s,38,4/27/2026,12:09:56,38.46,8.41,26.88,,,
stress-ng --cpu 2 --cpu-load 76 --quiet --timeout 60s,38,4/27/2026,12:09:57,38.9,8.41,27.38,,,
stress-ng --cpu 2 --cpu-load 76 --quiet --timeout 60s,38,4/27/2026,12:09:58,38.46,8.41,26.73,,,
stress-ng --cpu 2 --cpu-load 76 --quiet --timeout 60s,38,4/27/2026,12:09:59,38.8,8.41,26.73,,,
stress-ng --cpu 2 --cpu-load 76 --quiet --timeout 60s,38,4/27/2026,12:10:00,38.7,8.41,26.73,,,
stress-ng --cpu 2 --cpu-load 76 --quiet --timeout 60s,38,4/27/2026,12:10:01,38.8,8.41,26.61,,,
stress-ng --cpu 2 --cpu-load 76 --quiet --timeout 60s,38,4/27/2026,12:10:02,38.55,8.41,26.61,,,
stress-ng --cpu 2 --cpu-load 76 --quiet --timeout 60s,38,4/27/2026,12:10:03,39.2,8.41,27.18,,,
stress-ng --cpu 2 --cpu-load 76 --quiet --timeout 60s,38,4/27/2026,12:10:04,38.86,8.41,26.56,,,
stress-ng --cpu 2 --cpu-load 76 --quiet --timeout 60s,38,4/27/2026,12:10:05,38.7,8.41,26.56,,,
stress-ng --cpu 2 --cpu-load 76 --quiet --timeout 60s,38,4/27/2026,12:10:06,38.55,8.41,26.64,,,
stress-ng --cpu 2 --cpu-load 76 --quiet --timeout 60s,38,4/27/2026,12:10:07,38.8,8.41,26.68,,,
stress-ng --cpu 2 --cpu-load 76 --quiet --timeout 60s,38,4/27/2026,12:10:08,38.3,8.41,26.68,,,
stress-ng --cpu 2 --cpu-load 76 --quiet --timeout 60s,38,4/27/2026,12:10:09,38.8,8.41,26.72,,,
stress-ng --cpu 2 --cpu-load 76 --quiet --timeout 60s,38,4/27/2026,12:10:10,39.45,8.41,26.98,,,
stress-ng --cpu 2 --cpu-load 76 --quiet --timeout 60s,38,4/27/2026,12:10:11,38.3,8.41,26.98,,,
stress-ng --cpu 2 --cpu-load 76 --quiet --timeout 60s,38,4/27/2026,12:10:12,38.86,8.41,27.64,,,
stress-ng --cpu 2 --cpu-load 76 --quiet --timeout 60s,38,4/27/2026,12:10:13,38.55,8.41,27.12,,,
stress-ng --cpu 2 --cpu-load 76 --quiet --timeout 60s,38,4/27/2026,12:10:14,38.65,8.41,27.12,,,
stress-ng --cpu 2 --cpu-load 76 --quiet --timeout 60s,38,4/27/2026,12:10:15,38.7,8.41,27.08,,,
stress-ng --cpu 2 --cpu-load 76 --quiet --timeout 60s,38,4/27/2026,12:10:16,38.7,8.41,26.98,,,
stress-ng --cpu 2 --cpu-load 76 --quiet --timeout 60s,38,4/27/2026,12:10:17,38.95,8.41,26.98,,,
stress-ng --cpu 2 --cpu-load 76 --quiet --timeout 60s,38,4/27/2026,12:10:18,38.55,8.41,27.3,,,
stress-ng --cpu 2 --cpu-load 76 --quiet --timeout 60s,38,4/27/2026,12:10:19,38.7,8.41,27.46,,,
stress-ng --cpu 2 --cpu-load 76 --quiet --timeout 60s,38,4/27/2026,12:10:20,38.7,8.41,27.46,,,
stress-ng --cpu 2 --cpu-load 76 --quiet --timeout 60s,38,4/27/2026,12:10:21,38.65,8.41,26.99,,,
stress-ng --cpu 2 --cpu-load 76 --quiet --timeout 60s,38,4/27/2026,12:10:22,38.55,8.41,27.33,,,
stress-ng --cpu 2 --cpu-load 76 --quiet --timeout 60s,38,4/27/2026,12:10:23,38.7,8.41,27.33,,,
stress-ng --cpu 2 --cpu-load 76 --quiet --timeout 60s,38,4/27/2026,12:10:24,38.86,8.41,26.89,,,
stress-ng --cpu 2 --cpu-load 76 --quiet --timeout 60s,38,4/27/2026,12:10:25,38.55,8.41,26.95,,,
stress-ng --cpu 2 --cpu-load 76 --quiet --timeout 60s,38,4/27/2026,12:10:26,38.55,8.41,26.95,,,
stress-ng --cpu 2 --cpu-load 76 --quiet --timeout 60s,38,4/27/2026,12:10:27,38.46,8.41,27.18,,,
stress-ng --cpu 2 --cpu-load 76 --quiet --timeout 60s,38,4/27/2026,12:10:28,38.55,8.41,27.66,,,
stress-ng --cpu 2 --cpu-load 76 --quiet --timeout 60s,38,4/27/2026,12:10:29,33.41,8.41,27.66,,,
stress-ng --cpu 2 --cpu-load 76 --quiet --timeout 60s,38,4/27/2026,14:11:32,21.92,8.39,9.3,,,
stress-ng --cpu 2 --cpu-load 76 --quiet --timeout 60s,38,4/27/2026,14:11:33,21.92,8.39,18.36,,,
stress-ng --cpu 2 --cpu-load 76 --quiet --timeout 60s,38,4/27/2026,14:11:34,39.05,8.39,18.36,,,
stress-ng --cpu 2 --cpu-load 76 --quiet --timeout 60s,38,4/27/2026,14:11:35,39.05,8.39,18.36,,,
stress-ng --cpu 2 --cpu-load 76 --quiet --timeout 60s,38,4/27/2026,14:11:36,38.7,8.39,27.14,,,
stress-ng --cpu 2 --cpu-load 76 --quiet --timeout 60s,38,4/27/2026,14:11:37,38.8,8.39,26.79,,,
stress-ng --cpu 2 --cpu-load 76 --quiet --timeout 60s,38,4/27/2026,14:11:38,38.8,8.39,26.79,,,
stress-ng --cpu 2 --cpu-load 76 --quiet --timeout 60s,38,4/27/2026,14:11:39,38.55,8.39,27.07,,,
stress-ng --cpu 2 --cpu-load 76 --quiet --timeout 60s,38,4/27/2026,14:11:40,38.7,8.39,27.07,,,
stress-ng --cpu 2 --cpu-load 76 --quiet --timeout 60s,38,4/27/2026,14:11:41,38.8,8.39,27.07,,,
stress-ng --cpu 2 --cpu-load 76 --quiet --timeout 60s,38,4/27/2026,14:11:42,38.55,8.39,26.92,,,
stress-ng --cpu 2 --cpu-load 76 --quiet --timeout 60s,38,4/27/2026,14:11:43,39.05,8.39,26.53,,,
stress-ng --cpu 2 --cpu-load 76 --quiet --timeout 60s,38,4/27/2026,14:11:44,38.46,8.39,26.53,,,
stress-ng --cpu 2 --cpu-load 76 --quiet --timeout 60s,38,4/27/2026,14:11:45,38.7,8.39,26.45,,,
stress-ng --cpu 2 --cpu-load 76 --quiet --timeout 60s,38,4/27/2026,14:11:46,38.95,8.39,27.08,,,
stress-ng --cpu 2 --cpu-load 76 --quiet --timeout 60s,38,4/27/2026,14:11:47,38.61,8.39,27.08,,,
stress-ng --cpu 2 --cpu-load 76 --quiet --timeout 60s,38,4/27/2026,14:11:48,38.95,8.39,27.11,,,
stress-ng --cpu 2 --cpu-load 76 --quiet --timeout 60s,38,4/27/2026,14:11:49,38.55,8.39,27.22,,,
stress-ng --cpu 2 --cpu-load 76 --quiet --timeout 60s,38,4/27/2026,14:11:50,38.3,8.39,27.22,,,
stress-ng --cpu 2 --cpu-load 76 --quiet --timeout 60s,38,4/27/2026,14:11:51,38.95,8.39,27.05,,,
stress-ng --cpu 2 --cpu-load 76 --quiet --timeout 60s,38,4/27/2026,14:11:52,38.55,8.39,27.1,,,
stress-ng --cpu 2 --cpu-load 76 --quiet --timeout 60s,38,4/27/2026,14:11:53,39.1,8.39,27.1,,,
stress-ng --cpu 2 --cpu-load 76 --quiet --timeout 60s,38,4/27/2026,14:11:54,38.3,8.39,26.51,,,
stress-ng --cpu 2 --cpu-load 76 --quiet --timeout 60s,38,4/27/2026,14:11:55,38.95,8.39,27.33,,,
stress-ng --cpu 2 --cpu-load 76 --quiet --timeout 60s,38,4/27/2026,14:11:56,38.7,8.39,27.33,,,
stress-ng --cpu 2 --cpu-load 76 --quiet --timeout 60s,38,4/27/2026,14:11:57,38.46,8.39,26.94,,,
stress-ng --cpu 2 --cpu-load 76 --quiet --timeout 60s,38,4/27/2026,14:11:58,38.65,8.39,27.45,,,
stress-ng --cpu 2 --cpu-load 76 --quiet --timeout 60s,38,4/27/2026,14:11:59,38.61,8.39,27.45,,,
stress-ng --cpu 2 --cpu-load 76 --quiet --timeout 60s,38,4/27/2026,14:12:00,38.55,8.39,27.28,,,
stress-ng --cpu 2 --cpu-load 76 --quiet --timeout 60s,38,4/27/2026,14:12:01,38.7,8.39,27.45,,,
stress-ng --cpu 2 --cpu-load 76 --quiet --timeout 60s,38,4/27/2026,14:12:02,38.55,8.39,27.45,,,
stress-ng --cpu 2 --cpu-load 76 --quiet --timeout 60s,38,4/27/2026,14:12:03,38.55,8.39,27.1,,,
stress-ng --cpu 2 --cpu-load 76 --quiet --timeout 60s,38,4/27/2026,14:12:04,38.7,8.39,27.69,,,
stress-ng --cpu 2 --cpu-load 76 --quiet --timeout 60s,38,4/27/2026,14:12:05,38.8,8.39,27.69,,,
stress-ng --cpu 2 --cpu-load 76 --quiet --timeout 60s,38,4/27/2026,14:12:06,38.8,8.39,27.05,,,
stress-ng --cpu 2 --cpu-load 76 --quiet --timeout 60s,38,4/27/2026,14:12:07,38.61,8.39,27.05,,,
stress-ng --cpu 2 --cpu-load 76 --quiet --timeout 60s,38,4/27/2026,14:12:08,38.95,8.39,27.05,,,
stress-ng --cpu 2 --cpu-load 76 --quiet --timeout 60s,38,4/27/2026,14:12:09,38.36,8.39,26.9,,,
stress-ng --cpu 2 --cpu-load 76 --quiet --timeout 60s,38,4/27/2026,14:12:10,39.05,8.39,26.96,,,
stress-ng --cpu 2 --cpu-load 76 --quiet --timeout 60s,38,4/27/2026,14:12:11,38.8,8.39,26.96,,,
stress-ng --cpu 2 --cpu-load 76 --quiet --timeout 60s,38,4/27/2026,14:12:12,38.7,8.39,26.98,,,
stress-ng --cpu 2 --cpu-load 76 --quiet --timeout 60s,38,4/27/2026,14:12:13,38.7,8.39,27.33,,,
stress-ng --cpu 2 --cpu-load 76 --quiet --timeout 60s,38,4/27/2026,14:12:14,38.46,8.39,27.33,,,
stress-ng --cpu 2 --cpu-load 76 --quiet --timeout 60s,38,4/27/2026,14:12:15,38.55,8.39,27.21,,,
stress-ng --cpu 2 --cpu-load 76 --quiet --timeout 60s,38,4/27/2026,14:12:16,38.65,8.39,26.96,,,
stress-ng --cpu 2 --cpu-load 76 --quiet --timeout 60s,38,4/27/2026,14:12:17,38.36,8.39,26.96,,,
stress-ng --cpu 2 --cpu-load 76 --quiet --timeout 60s,38,4/27/2026,14:12:18,38.8,8.39,27.14,,,
stress-ng --cpu 2 --cpu-load 76 --quiet --timeout 60s,38,4/27/2026,14:12:19,38.36,8.39,26.88,,,
stress-ng --cpu 2 --cpu-load 76 --quiet --timeout 60s,38,4/27/2026,14:12:20,38.8,8.39,26.88,,,
stress-ng --cpu 2 --cpu-load 76 --quiet --timeout 60s,38,4/27/2026,14:12:21,38.8,8.39,27.16,,,
stress-ng --cpu 2 --cpu-load 76 --quiet --timeout 60s,38,4/27/2026,14:12:22,38.3,8.39,27.61,,,
stress-ng --cpu 2 --cpu-load 76 --quiet --timeout 60s,38,4/27/2026,14:12:23,39.2,8.39,27.61,,,
stress-ng --cpu 2 --cpu-load 76 --quiet --timeout 60s,38,4/27/2026,14:12:24,38.3,8.4,27.03,,,
stress-ng --cpu 2 --cpu-load 76 --quiet --timeout 60s,38,4/27/2026,14:12:25,38.46,8.4,27.1,,,
stress-ng --cpu 2 --cpu-load 76 --quiet --timeout 60s,38,4/27/2026,14:12:26,38.8,8.4,27.1,,,
stress-ng --cpu 2 --cpu-load 76 --quiet --timeout 60s,38,4/27/2026,14:12:27,38.61,8.4,26.93,,,
stress-ng --cpu 2 --cpu-load 76 --quiet --timeout 60s,38,4/27/2026,14:12:28,39.05,8.4,27.34,,,
stress-ng --cpu 2 --cpu-load 76 --quiet --timeout 60s,38,4/27/2026,14:12:29,38.46,8.4,27.34,,,
stress-ng --cpu 2 --cpu-load 76 --quiet --timeout 60s,38,4/27/2026,14:12:30,38.8,8.4,27.47,,,
stress-ng --cpu 2 --cpu-load 76 --quiet --timeout 60s,38,4/27/2026,14:12:31,38.46,8.4,26.72,,,
stress-ng --cpu 2 --cpu-load 76 --quiet --timeout 60s,38,4/27/2026,14:12:32,38.55,8.4,26.72,,,
stress-ng --cpu 2 --cpu-load 76 --quiet --timeout 60s,38,4/27/2026,17:51:37,1.71,8.41,9.69,,,
stress-ng --cpu 2 --cpu-load 76 --quiet --timeout 60s,38,4/27/2026,17:51:38,25.24,8.44,16.86,,,
stress-ng --cpu 2 --cpu-load 76 --quiet --timeout 60s,38,4/27/2026,17:51:39,38.95,8.44,16.86,,,
stress-ng --cpu 2 --cpu-load 76 --quiet --timeout 60s,38,4/27/2026,17:51:40,38.7,8.44,16.86,,,
stress-ng --cpu 2 --cpu-load 76 --quiet --timeout 60s,38,4/27/2026,17:51:41,38.55,8.44,27.28,,,
stress-ng --cpu 2 --cpu-load 76 --quiet --timeout 60s,38,4/27/2026,17:51:42,39.15,8.44,26.61,,,
stress-ng --cpu 2 --cpu-load 76 --quiet --timeout 60s,38,4/27/2026,17:51:43,38.21,8.44,26.61,,,
stress-ng --cpu 2 --cpu-load 76 --quiet --timeout 60s,38,4/27/2026,17:51:44,38.65,8.44,26.89,,,
stress-ng --cpu 2 --cpu-load 76 --quiet --timeout 60s,38,4/27/2026,17:51:45,39.01,8.44,26.89,,,
stress-ng --cpu 2 --cpu-load 76 --quiet --timeout 60s,38,4/27/2026,17:51:46,38.55,8.44,26.89,,,
stress-ng --cpu 2 --cpu-load 76 --quiet --timeout 60s,38,4/27/2026,17:51:47,38.8,8.44,26.8,,,
stress-ng --cpu 2 --cpu-load 76 --quiet --timeout 60s,38,4/27/2026,17:51:48,38.46,8.44,27.19,,,
stress-ng --cpu 2 --cpu-load 76 --quiet --timeout 60s,38,4/27/2026,17:51:49,38.8,8.44,27.19,,,
stress-ng --cpu 2 --cpu-load 76 --quiet --timeout 60s,38,4/27/2026,17:51:50,38.7,8.44,27.07,,,
stress-ng --cpu 2 --cpu-load 76 --quiet --timeout 60s,38,4/27/2026,17:51:51,38.95,8.44,26.7,,,
stress-ng --cpu 2 --cpu-load 76 --quiet --timeout 60s,38,4/27/2026,17:51:52,38.3,8.44,26.7,,,
stress-ng --cpu 2 --cpu-load 76 --quiet --timeout 60s,38,4/27/2026,17:51:53,38.9,8.44,26.15,,,
stress-ng --cpu 2 --cpu-load 76 --quiet --timeout 60s,38,4/27/2026,17:51:54,38.76,8.44,26.68,,,
stress-ng --cpu 2 --cpu-load 76 --quiet --timeout 60s,38,4/27/2026,17:51:55,38.9,8.44,26.68,,,
stress-ng --cpu 2 --cpu-load 76 --quiet --timeout 60s,38,4/27/2026,17:51:56,38.21,8.44,26.48,,,
stress-ng --cpu 2 --cpu-load 76 --quiet --timeout 60s,38,4/27/2026,17:51:57,38.7,8.44,26.77,,,
stress-ng --cpu 2 --cpu-load 76 --quiet --timeout 60s,38,4/27/2026,17:51:58,38.7,8.44,26.77,,,
stress-ng --cpu 2 --cpu-load 76 --quiet --timeout 60s,38,4/27/2026,17:51:59,38.7,8.44,26.98,,,
stress-ng --cpu 2 --cpu-load 76 --quiet --timeout 60s,38,4/27/2026,17:52:00,38.55,8.44,27.25,,,
stress-ng --cpu 2 --cpu-load 76 --quiet --timeout 60s,38,4/27/2026,17:52:01,38.55,8.44,27.25,,,
stress-ng --cpu 2 --cpu-load 76 --quiet --timeout 60s,38,4/27/2026,17:52:02,38.8,8.44,26.92,,,
stress-ng --cpu 2 --cpu-load 76 --quiet --timeout 60s,38,4/27/2026,17:52:03,38.55,8.44,26.78,,,
stress-ng --cpu 2 --cpu-load 76 --quiet --timeout 60s,38,4/27/2026,17:52:04,38.95,8.45,26.78,,,
stress-ng --cpu 2 --cpu-load 76 --quiet --timeout 60s,38,4/27/2026,17:52:05,38.7,8.44,26.97,,,
stress-ng --cpu 2 --cpu-load 76 --quiet --timeout 60s,38,4/27/2026,17:52:06,38.8,8.44,26.45,,,
stress-ng --cpu 2 --cpu-load 76 --quiet --timeout 60s,38,4/27/2026,17:52:07,38.55,8.44,26.45,,,
stress-ng --cpu 2 --cpu-load 76 --quiet --timeout 60s,38,4/27/2026,17:52:08,38.65,8.44,26.27,,,
stress-ng --cpu 2 --cpu-load 76 --quiet --timeout 60s,38,4/27/2026,17:52:09,38.86,8.44,26.6,,,
stress-ng --cpu 2 --cpu-load 76 --quiet --timeout 60s,38,4/27/2026,17:52:10,38.8,8.44,26.6,,,
stress-ng --cpu 2 --cpu-load 76 --quiet --timeout 60s,38,4/27/2026,17:52:11,38.4,8.44,26.69,,,
stress-ng --cpu 2 --cpu-load 76 --quiet --timeout 60s,38,4/27/2026,17:52:12,38.61,8.44,26.43,,,
stress-ng --cpu 2 --cpu-load 76 --quiet --timeout 60s,38,4/27/2026,17:52:13,38.8,8.45,26.43,,,
stress-ng --cpu 2 --cpu-load 76 --quiet --timeout 60s,38,4/27/2026,17:52:14,38.7,8.45,27.14,,,
stress-ng --cpu 2 --cpu-load 76 --quiet --timeout 60s,38,4/27/2026,17:52:15,38.46,8.45,27.55,,,
stress-ng --cpu 2 --cpu-load 76 --quiet --timeout 60s,38,4/27/2026,17:52:16,38.8,8.45,27.55,,,
stress-ng --cpu 2 --cpu-load 76 --quiet --timeout 60s,38,4/27/2026,17:52:17,38.46,8.45,26.81,,,
stress-ng --cpu 2 --cpu-load 76 --quiet --timeout 60s,38,4/27/2026,17:52:18,38.95,8.45,27.15,,,
stress-ng --cpu 2 --cpu-load 76 --quiet --timeout 60s,38,4/27/2026,17:52:19,38.61,8.45,27.15,,,
stress-ng --cpu 2 --cpu-load 76 --quiet --timeout 60s,38,4/27/2026,17:52:20,38.65,8.45,27.17,,,
stress-ng --cpu 2 --cpu-load 76 --quiet --timeout 60s,38,4/27/2026,17:52:21,38.76,8.45,26.75,,,
stress-ng --cpu 2 --cpu-load 76 --quiet --timeout 60s,38,4/27/2026,17:52:22,38.55,8.45,26.75,,,
stress-ng --cpu 2 --cpu-load 76 --quiet --timeout 60s,38,4/27/2026,17:52:23,38.55,8.45,27.05,,,
stress-ng --cpu 2 --cpu-load 76 --quiet --timeout 60s,38,4/27/2026,17:52:24,38.65,8.45,26.95,,,
stress-ng --cpu 2 --cpu-load 76 --quiet --timeout 60s,38,4/27/2026,17:52:25,38.61,8.45,26.95,,,
stress-ng --cpu 2 --cpu-load 76 --quiet --timeout 60s,38,4/27/2026,17:52:26,38.8,8.45,27.46,,,
stress-ng --cpu 2 --cpu-load 76 --quiet --timeout 60s,38,4/27/2026,17:52:27,38.3,8.45,26.93,,,
stress-ng --cpu 2 --cpu-load 76 --quiet --timeout 60s,38,4/27/2026,17:52:28,38.95,8.45,26.93,,,
stress-ng --cpu 2 --cpu-load 76 --quiet --timeout 60s,38,4/27/2026,17:52:29,38.15,8.45,27.28,,,
stress-ng --cpu 2 --cpu-load 76 --quiet --timeout 60s,38,4/27/2026,17:52:30,39.2,8.45,27.26,,,
stress-ng --cpu 2 --cpu-load 76 --quiet --timeout 60s,38,4/27/2026,17:52:31,38.46,8.45,27.26,,,
stress-ng --cpu 2 --cpu-load 76 --quiet --timeout 60s,38,4/27/2026,17:52:32,38.7,8.45,26.86,,,
stress-ng --cpu 2 --cpu-load 76 --quiet --timeout 60s,38,4/27/2026,17:52:33,38.55,8.45,26.82,,,
stress-ng --cpu 2 --cpu-load 76 --quiet --timeout 60s,38,4/27/2026,17:52:34,38.46,8.45,26.82,,,
stress-ng --cpu 2 --cpu-load 76 --quiet --timeout 60s,38,4/27/2026,17:52:35,39.05,8.45,27.43,,,
stress-ng --cpu 2 --cpu-load 76 --quiet --timeout 60s,38,4/27/2026,17:52:36,38.46,8.45,27.55,,,
stress-ng --cpu 2 --cpu-load 76 --quiet --timeout 60s,38,4/27/2026,17:52:37,37.22,8.42,27.55,,,
stress-ng --cpu 2 --cpu-load 78 --quiet --timeout 60s,39,4/27/2026,13:47:31,1.22,8.37,9.19,,,
stress-ng --cpu 2 --cpu-load 78 --quiet --timeout 60s,39,4/27/2026,13:47:32,39.21,8.38,9.19,,,
stress-ng --cpu 2 --cpu-load 78 --quiet --timeout 60s,39,4/27/2026,13:47:33,39.8,8.38,26.53,,,
stress-ng --cpu 2 --cpu-load 78 --quiet --timeout 60s,39,4/27/2026,13:47:34,39.95,8.38,26.53,,,
stress-ng --cpu 2 --cpu-load 78 --quiet --timeout 60s,39,4/27/2026,13:47:35,39.4,8.38,26.53,,,
stress-ng --cpu 2 --cpu-load 78 --quiet --timeout 60s,39,4/27/2026,13:47:36,39.6,8.38,27.49,,,
stress-ng --cpu 2 --cpu-load 78 --quiet --timeout 60s,39,4/27/2026,13:47:37,39.45,8.38,26.98,,,
stress-ng --cpu 2 --cpu-load 78 --quiet --timeout 60s,39,4/27/2026,13:47:38,39.95,8.38,26.98,,,
stress-ng --cpu 2 --cpu-load 78 --quiet --timeout 60s,39,4/27/2026,13:47:39,39.7,8.38,27.43,,,
stress-ng --cpu 2 --cpu-load 78 --quiet --timeout 60s,39,4/27/2026,13:47:40,39.7,8.38,27.22,,,
stress-ng --cpu 2 --cpu-load 78 --quiet --timeout 60s,39,4/27/2026,13:47:41,39.7,8.38,27.22,,,
stress-ng --cpu 2 --cpu-load 78 --quiet --timeout 60s,39,4/27/2026,13:47:42,39.7,8.38,26.87,,,
stress-ng --cpu 2 --cpu-load 78 --quiet --timeout 60s,39,4/27/2026,13:47:43,39.45,8.38,26.99,,,
stress-ng --cpu 2 --cpu-load 78 --quiet --timeout 60s,39,4/27/2026,13:47:44,39.6,8.38,26.99,,,
stress-ng --cpu 2 --cpu-load 78 --quiet --timeout 60s,39,4/27/2026,13:47:45,39.7,8.38,27.38,,,
stress-ng --cpu 2 --cpu-load 78 --quiet --timeout 60s,39,4/27/2026,13:47:46,39.6,8.38,26.92,,,
stress-ng --cpu 2 --cpu-load 78 --quiet --timeout 60s,39,4/27/2026,13:47:47,39.7,8.38,26.92,,,
stress-ng --cpu 2 --cpu-load 78 --quiet --timeout 60s,39,4/27/2026,13:47:48,39.65,8.38,27.27,,,
stress-ng --cpu 2 --cpu-load 78 --quiet --timeout 60s,39,4/27/2026,13:47:49,39.7,8.38,26.82,,,
stress-ng --cpu 2 --cpu-load 78 --quiet --timeout 60s,39,4/27/2026,13:47:50,39.8,8.38,26.82,,,
stress-ng --cpu 2 --cpu-load 78 --quiet --timeout 60s,39,4/27/2026,13:47:51,39.45,8.38,27.14,,,
stress-ng --cpu 2 --cpu-load 78 --quiet --timeout 60s,39,4/27/2026,13:47:52,39.55,8.38,27.04,,,
stress-ng --cpu 2 --cpu-load 78 --quiet --timeout 60s,39,4/27/2026,13:47:53,39.7,8.38,27.04,,,
stress-ng --cpu 2 --cpu-load 78 --quiet --timeout 60s,39,4/27/2026,13:47:54,39.55,8.39,27.51,,,
stress-ng --cpu 2 --cpu-load 78 --quiet --timeout 60s,39,4/27/2026,13:47:55,39.75,8.39,27.01,,,
stress-ng --cpu 2 --cpu-load 78 --quiet --timeout 60s,39,4/27/2026,13:47:56,39.65,8.39,27.01,,,
stress-ng --cpu 2 --cpu-load 78 --quiet --timeout 60s,39,4/27/2026,13:47:57,39.6,8.39,27.19,,,
stress-ng --cpu 2 --cpu-load 78 --quiet --timeout 60s,39,4/27/2026,13:47:58,39.55,8.39,27.59,,,
stress-ng --cpu 2 --cpu-load 78 --quiet --timeout 60s,39,4/27/2026,13:47:59,39.7,8.39,27.59,,,
stress-ng --cpu 2 --cpu-load 78 --quiet --timeout 60s,39,4/27/2026,13:48:00,39.8,8.39,27.61,,,
stress-ng --cpu 2 --cpu-load 78 --quiet --timeout 60s,39,4/27/2026,13:48:01,39.6,8.39,27.33,,,
stress-ng --cpu 2 --cpu-load 78 --quiet --timeout 60s,39,4/27/2026,13:48:02,39.55,8.39,27.33,,,
stress-ng --cpu 2 --cpu-load 78 --quiet --timeout 60s,39,4/27/2026,13:48:03,39.55,8.39,27.36,,,
stress-ng --cpu 2 --cpu-load 78 --quiet --timeout 60s,39,4/27/2026,13:48:04,39.8,8.39,27.72,,,
stress-ng --cpu 2 --cpu-load 78 --quiet --timeout 60s,39,4/27/2026,13:48:05,39.6,8.39,27.72,,,
stress-ng --cpu 2 --cpu-load 78 --quiet --timeout 60s,39,4/27/2026,13:48:06,40.04,8.39,27.19,,,
stress-ng --cpu 2 --cpu-load 78 --quiet --timeout 60s,39,4/27/2026,13:48:07,39.85,8.39,27.43,,,
stress-ng --cpu 2 --cpu-load 78 --quiet --timeout 60s,39,4/27/2026,13:48:08,39.55,8.39,27.43,,,
stress-ng --cpu 2 --cpu-load 78 --quiet --timeout 60s,39,4/27/2026,13:48:09,39.7,8.39,27.65,,,
stress-ng --cpu 2 --cpu-load 78 --quiet --timeout 60s,39,4/27/2026,13:48:10,39.8,8.39,27.51,,,
stress-ng --cpu 2 --cpu-load 78 --quiet --timeout 60s,39,4/27/2026,13:48:11,39.35,8.39,27.74,,,
stress-ng --cpu 2 --cpu-load 78 --quiet --timeout 60s,39,4/27/2026,13:48:12,40.04,8.39,27.46,,,
stress-ng --cpu 2 --cpu-load 78 --quiet --timeout 60s,39,4/27/2026,13:48:13,39.7,8.39,27.46,,,
stress-ng --cpu 2 --cpu-load 78 --quiet --timeout 60s,39,4/27/2026,13:48:14,39.45,8.39,28.04,,,
stress-ng --cpu 2 --cpu-load 78 --quiet --timeout 60s,39,4/27/2026,13:48:15,39.8,8.39,27.11,,,
stress-ng --cpu 2 --cpu-load 78 --quiet --timeout 60s,39,4/27/2026,13:48:16,39.7,8.39,27.11,,,
stress-ng --cpu 2 --cpu-load 78 --quiet --timeout 60s,39,4/27/2026,13:48:17,39.8,8.39,27.19,,,
stress-ng --cpu 2 --cpu-load 78 --quiet --timeout 60s,39,4/27/2026,13:48:18,39.55,8.39,27.28,,,
stress-ng --cpu 2 --cpu-load 78 --quiet --timeout 60s,39,4/27/2026,13:48:19,39.6,8.39,27.28,,,
stress-ng --cpu 2 --cpu-load 78 --quiet --timeout 60s,39,4/27/2026,13:48:20,39.8,8.39,26.93,,,
stress-ng --cpu 2 --cpu-load 78 --quiet --timeout 60s,39,4/27/2026,13:48:21,39.55,8.39,27.1,,,
stress-ng --cpu 2 --cpu-load 78 --quiet --timeout 60s,39,4/27/2026,13:48:22,39.6,8.39,27.1,,,
stress-ng --cpu 2 --cpu-load 78 --quiet --timeout 60s,39,4/27/2026,13:48:23,39.95,8.4,27.42,,,
stress-ng --cpu 2 --cpu-load 78 --quiet --timeout 60s,39,4/27/2026,13:48:24,39.55,8.39,27.8,,,
stress-ng --cpu 2 --cpu-load 78 --quiet --timeout 60s,39,4/27/2026,13:48:25,39.85,8.39,27.8,,,
stress-ng --cpu 2 --cpu-load 78 --quiet --timeout 60s,39,4/27/2026,13:48:26,39.7,8.39,27.3,,,
stress-ng --cpu 2 --cpu-load 78 --quiet --timeout 60s,39,4/27/2026,13:48:27,39.4,8.4,27.31,,,
stress-ng --cpu 2 --cpu-load 78 --quiet --timeout 60s,39,4/27/2026,13:48:28,39.55,8.4,27.31,,,
stress-ng --cpu 2 --cpu-load 78 --quiet --timeout 60s,39,4/27/2026,13:48:29,39.3,8.4,27.98,,,
stress-ng --cpu 2 --cpu-load 78 --quiet --timeout 60s,39,4/27/2026,13:48:30,39.7,8.4,27.17,,,
stress-ng --cpu 2 --cpu-load 78 --quiet --timeout 60s,39,4/27/2026,13:48:31,39.8,8.4,27.17,,,
stress-ng --cpu 2 --cpu-load 78 --quiet --timeout 60s,39,4/27/2026,15:25:34,25.24,8.42,9.93,,,
stress-ng --cpu 2 --cpu-load 78 --quiet --timeout 60s,39,4/27/2026,15:25:35,39.7,8.42,19.52,,,
stress-ng --cpu 2 --cpu-load 78 --quiet --timeout 60s,39,4/27/2026,15:25:36,39.7,8.42,19.52,,,
stress-ng --cpu 2 --cpu-load 78 --quiet --timeout 60s,39,4/27/2026,15:25:37,39.65,8.42,19.52,,,
stress-ng --cpu 2 --cpu-load 78 --quiet --timeout 60s,39,4/27/2026,15:25:38,39.7,8.42,26.39,,,
stress-ng --cpu 2 --cpu-load 78 --quiet --timeout 60s,39,4/27/2026,15:25:39,39.85,8.42,26.66,,,
stress-ng --cpu 2 --cpu-load 78 --quiet --timeout 60s,39,4/27/2026,15:25:40,39.7,8.42,26.66,,,
stress-ng --cpu 2 --cpu-load 78 --quiet --timeout 60s,39,4/27/2026,15:25:41,40.04,8.42,26.49,,,
stress-ng --cpu 2 --cpu-load 78 --quiet --timeout 60s,39,4/27/2026,15:25:42,39.8,8.42,26.7,,,
stress-ng --cpu 2 --cpu-load 78 --quiet --timeout 60s,39,4/27/2026,15:25:43,39.75,8.42,26.7,,,
stress-ng --cpu 2 --cpu-load 78 --quiet --timeout 60s,39,4/27/2026,15:25:44,39.4,8.42,27.25,,,
stress-ng --cpu 2 --cpu-load 78 --quiet --timeout 60s,39,4/27/2026,15:25:45,39.55,8.42,26.93,,,
stress-ng --cpu 2 --cpu-load 78 --quiet --timeout 60s,39,4/27/2026,15:25:46,39.7,8.42,26.93,,,
stress-ng --cpu 2 --cpu-load 78 --quiet --timeout 60s,39,4/27/2026,15:25:47,39.65,8.42,26.47,,,
stress-ng --cpu 2 --cpu-load 78 --quiet --timeout 60s,39,4/27/2026,15:25:48,39.6,8.42,27.03,,,
stress-ng --cpu 2 --cpu-load 78 --quiet --timeout 60s,39,4/27/2026,15:25:49,39.8,8.42,27.03,,,
stress-ng --cpu 2 --cpu-load 78 --quiet --timeout 60s,39,4/27/2026,15:25:50,39.4,8.42,26.25,,,
stress-ng --cpu 2 --cpu-load 78 --quiet --timeout 60s,39,4/27/2026,15:25:51,39.8,8.42,26.24,,,
stress-ng --cpu 2 --cpu-load 78 --quiet --timeout 60s,39,4/27/2026,15:25:52,39.55,8.42,26.24,,,
stress-ng --cpu 2 --cpu-load 78 --quiet --timeout 60s,39,4/27/2026,15:25:53,39.8,8.42,26.31,,,
stress-ng --cpu 2 --cpu-load 78 --quiet --timeout 60s,39,4/27/2026,15:25:54,39.7,8.42,26.5,,,
stress-ng --cpu 2 --cpu-load 78 --quiet --timeout 60s,39,4/27/2026,15:25:55,39.7,8.42,26.5,,,
stress-ng --cpu 2 --cpu-load 78 --quiet --timeout 60s,39,4/27/2026,15:25:56,39.65,8.42,26.13,,,
stress-ng --cpu 2 --cpu-load 78 --quiet --timeout 60s,39,4/27/2026,15:25:57,39.7,8.42,26.29,,,
stress-ng --cpu 2 --cpu-load 78 --quiet --timeout 60s,39,4/27/2026,15:25:58,39.55,8.42,26.29,,,
stress-ng --cpu 2 --cpu-load 78 --quiet --timeout 60s,39,4/27/2026,15:25:59,39.85,8.42,27.07,,,
stress-ng --cpu 2 --cpu-load 78 --quiet --timeout 60s,39,4/27/2026,15:26:00,39.35,8.42,26.64,,,
stress-ng --cpu 2 --cpu-load 78 --quiet --timeout 60s,39,4/27/2026,15:26:01,39.85,8.42,26.64,,,
stress-ng --cpu 2 --cpu-load 78 --quiet --timeout 60s,39,4/27/2026,15:26:02,39.8,8.42,26.71,,,
stress-ng --cpu 2 --cpu-load 78 --quiet --timeout 60s,39,4/27/2026,15:26:03,39.7,8.42,27.53,,,
stress-ng --cpu 2 --cpu-load 78 --quiet --timeout 60s,39,4/27/2026,15:26:04,39.55,8.42,27.53,,,
stress-ng --cpu 2 --cpu-load 78 --quiet --timeout 60s,39,4/27/2026,15:26:05,39.85,8.42,27.59,,,
stress-ng --cpu 2 --cpu-load 78 --quiet --timeout 60s,39,4/27/2026,15:26:06,39.65,8.42,27.61,,,
stress-ng --cpu 2 --cpu-load 78 --quiet --timeout 60s,39,4/27/2026,15:26:07,39.8,8.42,27.61,,,
stress-ng --cpu 2 --cpu-load 78 --quiet --timeout 60s,39,4/27/2026,15:26:08,39.85,8.42,27.15,,,
stress-ng --cpu 2 --cpu-load 78 --quiet --timeout 60s,39,4/27/2026,15:26:09,39.55,8.42,27.58,,,
stress-ng --cpu 2 --cpu-load 78 --quiet --timeout 60s,39,4/27/2026,15:26:10,40.04,8.42,27.58,,,
stress-ng --cpu 2 --cpu-load 78 --quiet --timeout 60s,39,4/27/2026,15:26:11,39.6,8.42,27.79,,,
stress-ng --cpu 2 --cpu-load 78 --quiet --timeout 60s,39,4/27/2026,15:26:12,39.5,8.42,27.59,,,
stress-ng --cpu 2 --cpu-load 78 --quiet --timeout 60s,39,4/27/2026,15:26:13,39.75,8.42,27.59,,,
stress-ng --cpu 2 --cpu-load 78 --quiet --timeout 60s,39,4/27/2026,15:26:14,39.65,8.42,27.78,,,
stress-ng --cpu 2 --cpu-load 78 --quiet --timeout 60s,39,4/27/2026,15:26:15,39.55,8.42,27.03,,,
stress-ng --cpu 2 --cpu-load 78 --quiet --timeout 60s,39,4/27/2026,15:26:16,39.45,8.42,27.03,,,
stress-ng --cpu 2 --cpu-load 78 --quiet --timeout 60s,39,4/27/2026,15:26:17,39.6,8.42,27.89,,,
stress-ng --cpu 2 --cpu-load 78 --quiet --timeout 60s,39,4/27/2026,15:26:18,39.9,8.42,27.89,,,
stress-ng --cpu 2 --cpu-load 78 --quiet --timeout 60s,39,4/27/2026,15:26:19,39.5,8.42,27.89,,,
stress-ng --cpu 2 --cpu-load 78 --quiet --timeout 60s,39,4/27/2026,15:26:20,39.95,8.42,27.42,,,
stress-ng --cpu 2 --cpu-load 78 --quiet --timeout 60s,39,4/27/2026,15:26:21,39.55,8.42,27.23,,,
stress-ng --cpu 2 --cpu-load 78 --quiet --timeout 60s,39,4/27/2026,15:26:22,39.55,8.42,27.23,,,
stress-ng --cpu 2 --cpu-load 78 --quiet --timeout 60s,39,4/27/2026,15:26:23,39.7,8.42,27.28,,,
stress-ng --cpu 2 --cpu-load 78 --quiet --timeout 60s,39,4/27/2026,15:26:24,39.55,8.42,27.8,,,
stress-ng --cpu 2 --cpu-load 78 --quiet --timeout 60s,39,4/27/2026,15:26:25,39.95,8.42,27.8,,,
stress-ng --cpu 2 --cpu-load 78 --quiet --timeout 60s,39,4/27/2026,15:26:26,39.65,8.42,27.31,,,
stress-ng --cpu 2 --cpu-load 78 --quiet --timeout 60s,39,4/27/2026,15:26:27,39.7,8.42,27.56,,,
stress-ng --cpu 2 --cpu-load 78 --quiet --timeout 60s,39,4/27/2026,15:26:28,39.6,8.42,27.56,,,
stress-ng --cpu 2 --cpu-load 78 --quiet --timeout 60s,39,4/27/2026,15:26:29,39.4,8.42,27.72,,,
stress-ng --cpu 2 --cpu-load 78 --quiet --timeout 60s,39,4/27/2026,15:26:30,39.7,8.42,27.61,,,
stress-ng --cpu 2 --cpu-load 78 --quiet --timeout 60s,39,4/27/2026,15:26:31,39.8,8.42,27.61,,,
stress-ng --cpu 2 --cpu-load 78 --quiet --timeout 60s,39,4/27/2026,15:26:32,39.35,8.42,27.15,,,
stress-ng --cpu 2 --cpu-load 78 --quiet --timeout 60s,39,4/27/2026,15:26:33,39.65,8.42,27.62,,,
stress-ng --cpu 2 --cpu-load 78 --quiet --timeout 60s,39,4/27/2026,15:26:34,38.46,8.42,27.62,,,
stress-ng --cpu 2 --cpu-load 78 --quiet --timeout 60s,39,4/27/2026,17:43:37,1.47,8.41,9.92,,,
stress-ng --cpu 2 --cpu-load 78 --quiet --timeout 60s,39,4/27/2026,17:43:38,29.8,8.44,19.14,,,
stress-ng --cpu 2 --cpu-load 78 --quiet --timeout 60s,39,4/27/2026,17:43:39,40.19,8.44,19.14,,,
stress-ng --cpu 2 --cpu-load 78 --quiet --timeout 60s,39,4/27/2026,17:43:40,39.55,8.44,19.14,,,
stress-ng --cpu 2 --cpu-load 78 --quiet --timeout 60s,39,4/27/2026,17:43:41,39.35,8.44,27.05,,,
stress-ng --cpu 2 --cpu-load 78 --quiet --timeout 60s,39,4/27/2026,17:43:42,39.8,8.44,27.14,,,
stress-ng --cpu 2 --cpu-load 78 --quiet --timeout 60s,39,4/27/2026,17:43:43,39.45,8.44,27.14,,,
stress-ng --cpu 2 --cpu-load 78 --quiet --timeout 60s,39,4/27/2026,17:43:44,39.95,8.44,26.96,,,
stress-ng --cpu 2 --cpu-load 78 --quiet --timeout 60s,39,4/27/2026,17:43:45,39.55,8.44,27.48,,,
stress-ng --cpu 2 --cpu-load 78 --quiet --timeout 60s,39,4/27/2026,17:43:46,39.85,8.44,27.48,,,
stress-ng --cpu 2 --cpu-load 78 --quiet --timeout 60s,39,4/27/2026,17:43:47,39.7,8.44,26.8,,,
stress-ng --cpu 2 --cpu-load 78 --quiet --timeout 60s,39,4/27/2026,17:43:48,39.6,8.44,26.76,,,
stress-ng --cpu 2 --cpu-load 78 --quiet --timeout 60s,39,4/27/2026,17:43:49,39.4,8.44,26.76,,,
stress-ng --cpu 2 --cpu-load 78 --quiet --timeout 60s,39,4/27/2026,17:43:50,39.7,8.44,27.1,,,
stress-ng --cpu 2 --cpu-load 78 --quiet --timeout 60s,39,4/27/2026,17:43:51,39.6,8.44,27.07,,,
stress-ng --cpu 2 --cpu-load 78 --quiet --timeout 60s,39,4/27/2026,17:43:52,39.55,8.44,27.07,,,
stress-ng --cpu 2 --cpu-load 78 --quiet --timeout 60s,39,4/27/2026,17:43:53,39.75,8.44,27.02,,,
stress-ng --cpu 2 --cpu-load 78 --quiet --timeout 60s,39,4/27/2026,17:43:54,39.65,8.44,27.33,,,
stress-ng --cpu 2 --cpu-load 78 --quiet --timeout 60s,39,4/27/2026,17:43:55,39.45,8.43,27.33,,,
stress-ng --cpu 2 --cpu-load 78 --quiet --timeout 60s,39,4/27/2026,17:43:56,39.65,8.43,26.88,,,
stress-ng --cpu 2 --cpu-load 78 --quiet --timeout 60s,39,4/27/2026,17:43:57,39.45,8.43,27,,,
stress-ng --cpu 2 --cpu-load 78 --quiet --timeout 60s,39,4/27/2026,17:43:58,39.85,8.43,27,,,
stress-ng --cpu 2 --cpu-load 78 --quiet --timeout 60s,39,4/27/2026,17:43:59,39.7,8.43,26.56,,,
stress-ng --cpu 2 --cpu-load 78 --quiet --timeout 60s,39,4/27/2026,17:44:00,39.55,8.43,27.41,,,
stress-ng --cpu 2 --cpu-load 78 --quiet --timeout 60s,39,4/27/2026,17:44:01,39.7,8.43,27.41,,,
stress-ng --cpu 2 --cpu-load 78 --quiet --timeout 60s,39,4/27/2026,17:44:02,39.7,8.43,27.17,,,
stress-ng --cpu 2 --cpu-load 78 --quiet --timeout 60s,39,4/27/2026,17:44:03,39.55,8.43,27.28,,,
stress-ng --cpu 2 --cpu-load 78 --quiet --timeout 60s,39,4/27/2026,17:44:04,39.85,8.43,27.28,,,
stress-ng --cpu 2 --cpu-load 78 --quiet --timeout 60s,39,4/27/2026,17:44:05,39.45,8.43,27.35,,,
stress-ng --cpu 2 --cpu-load 78 --quiet --timeout 60s,39,4/27/2026,17:44:06,39.4,8.43,27.74,,,
stress-ng --cpu 2 --cpu-load 78 --quiet --timeout 60s,39,4/27/2026,17:44:07,39.85,8.43,27.74,,,
stress-ng --cpu 2 --cpu-load 78 --quiet --timeout 60s,39,4/27/2026,17:44:08,39.7,8.43,27.09,,,
stress-ng --cpu 2 --cpu-load 78 --quiet --timeout 60s,39,4/27/2026,17:44:09,39.65,8.43,27.6,,,
stress-ng --cpu 2 --cpu-load 78 --quiet --timeout 60s,39,4/27/2026,17:44:10,40.04,8.43,27.6,,,
stress-ng --cpu 2 --cpu-load 78 --quiet --timeout 60s,39,4/27/2026,17:44:11,39.45,8.43,27.49,,,
stress-ng --cpu 2 --cpu-load 78 --quiet --timeout 60s,39,4/27/2026,17:44:12,39.7,8.43,27.45,,,
stress-ng --cpu 2 --cpu-load 78 --quiet --timeout 60s,39,4/27/2026,17:44:13,39.55,8.43,27.45,,,
stress-ng --cpu 2 --cpu-load 78 --quiet --timeout 60s,39,4/27/2026,17:44:14,39.55,8.43,27.15,,,
stress-ng --cpu 2 --cpu-load 78 --quiet --timeout 60s,39,4/27/2026,17:44:15,39.6,8.43,27.61,,,
stress-ng --cpu 2 --cpu-load 78 --quiet --timeout 60s,39,4/27/2026,17:44:16,39.4,8.43,27.61,,,
stress-ng --cpu 2 --cpu-load 78 --quiet --timeout 60s,39,4/27/2026,17:44:17,39.7,8.43,27.2,,,
stress-ng --cpu 2 --cpu-load 78 --quiet --timeout 60s,39,4/27/2026,17:44:18,39.7,8.43,27.33,,,
stress-ng --cpu 2 --cpu-load 78 --quiet --timeout 60s,39,4/27/2026,17:44:19,39.7,8.43,27.33,,,
stress-ng --cpu 2 --cpu-load 78 --quiet --timeout 60s,39,4/27/2026,17:44:20,39.45,8.43,27.31,,,
stress-ng --cpu 2 --cpu-load 78 --quiet --timeout 60s,39,4/27/2026,17:44:21,39.7,8.43,27.33,,,
stress-ng --cpu 2 --cpu-load 78 --quiet --timeout 60s,39,4/27/2026,17:44:22,39.4,8.43,27.33,,,
stress-ng --cpu 2 --cpu-load 78 --quiet --timeout 60s,39,4/27/2026,17:44:23,39.7,8.43,27.27,,,
stress-ng --cpu 2 --cpu-load 78 --quiet --timeout 60s,39,4/27/2026,17:44:24,39.7,8.43,27.54,,,
stress-ng --cpu 2 --cpu-load 78 --quiet --timeout 60s,39,4/27/2026,17:44:25,39.7,8.43,27.54,,,
stress-ng --cpu 2 --cpu-load 78 --quiet --timeout 60s,39,4/27/2026,17:44:26,39.8,8.43,27.43,,,
stress-ng --cpu 2 --cpu-load 78 --quiet --timeout 60s,39,4/27/2026,17:44:27,39.55,8.43,27.57,,,
stress-ng --cpu 2 --cpu-load 78 --quiet --timeout 60s,39,4/27/2026,17:44:28,39.55,8.42,27.57,,,
stress-ng --cpu 2 --cpu-load 78 --quiet --timeout 60s,39,4/27/2026,17:44:29,39.55,8.42,27.46,,,
stress-ng --cpu 2 --cpu-load 78 --quiet --timeout 60s,39,4/27/2026,17:44:30,39.6,8.42,27.69,,,
stress-ng --cpu 2 --cpu-load 78 --quiet --timeout 60s,39,4/27/2026,17:44:31,39.55,8.42,27.69,,,
stress-ng --cpu 2 --cpu-load 78 --quiet --timeout 60s,39,4/27/2026,17:44:32,39.7,8.42,27.12,,,
stress-ng --cpu 2 --cpu-load 78 --quiet --timeout 60s,39,4/27/2026,17:44:33,39.8,8.42,27.28,,,
stress-ng --cpu 2 --cpu-load 78 --quiet --timeout 60s,39,4/27/2026,17:44:34,39.75,8.42,27.28,,,
stress-ng --cpu 2 --cpu-load 78 --quiet --timeout 60s,39,4/27/2026,17:44:35,39.8,8.42,27.47,,,
stress-ng --cpu 2 --cpu-load 78 --quiet --timeout 60s,39,4/27/2026,17:44:36,39.35,8.42,27.46,,,
stress-ng --cpu 2 --cpu-load 78 --quiet --timeout 60s,39,4/27/2026,17:44:37,34.07,8.43,27.46,,,
stress-ng --cpu 2 --cpu-load 80 --quiet --timeout 60s,40,4/27/2026,13:57:32,27.51,8.39,9.25,,,
stress-ng --cpu 2 --cpu-load 80 --quiet --timeout 60s,40,4/27/2026,13:57:33,40.64,8.4,24.04,,,
stress-ng --cpu 2 --cpu-load 80 --quiet --timeout 60s,40,4/27/2026,13:57:34,40.54,8.4,24.04,,,
stress-ng --cpu 2 --cpu-load 80 --quiet --timeout 60s,40,4/27/2026,13:57:35,40.69,8.4,24.04,,,
stress-ng --cpu 2 --cpu-load 80 --quiet --timeout 60s,40,4/27/2026,13:57:36,40.79,8.4,28.13,,,
stress-ng --cpu 2 --cpu-load 80 --quiet --timeout 60s,40,4/27/2026,13:57:37,40.29,8.4,27.51,,,
stress-ng --cpu 2 --cpu-load 80 --quiet --timeout 60s,40,4/27/2026,13:57:38,40.69,8.4,27.51,,,
stress-ng --cpu 2 --cpu-load 80 --quiet --timeout 60s,40,4/27/2026,13:57:39,40.89,8.4,27.96,,,
stress-ng --cpu 2 --cpu-load 80 --quiet --timeout 60s,40,4/27/2026,13:57:40,40.69,8.4,27.96,,,
stress-ng --cpu 2 --cpu-load 80 --quiet --timeout 60s,40,4/27/2026,13:57:41,40.59,8.4,27.96,,,
stress-ng --cpu 2 --cpu-load 80 --quiet --timeout 60s,40,4/27/2026,13:57:42,40.79,8.4,27.64,,,
stress-ng --cpu 2 --cpu-load 80 --quiet --timeout 60s,40,4/27/2026,13:57:43,40.79,8.4,27.68,,,
stress-ng --cpu 2 --cpu-load 80 --quiet --timeout 60s,40,4/27/2026,13:57:44,40.69,8.4,27.68,,,
stress-ng --cpu 2 --cpu-load 80 --quiet --timeout 60s,40,4/27/2026,13:57:45,40.79,8.4,27.68,,,
stress-ng --cpu 2 --cpu-load 80 --quiet --timeout 60s,40,4/27/2026,13:57:46,40.54,8.4,27.13,,,
stress-ng --cpu 2 --cpu-load 80 --quiet --timeout 60s,40,4/27/2026,13:57:47,40.44,8.4,27.13,,,
stress-ng --cpu 2 --cpu-load 80 --quiet --timeout 60s,40,4/27/2026,13:57:48,40.59,8.4,27.96,,,
stress-ng --cpu 2 --cpu-load 80 --quiet --timeout 60s,40,4/27/2026,13:57:49,40.79,8.4,28.21,,,
stress-ng --cpu 2 --cpu-load 80 --quiet --timeout 60s,40,4/27/2026,13:57:50,40.79,8.4,28.21,,,
stress-ng --cpu 2 --cpu-load 80 --quiet --timeout 60s,40,4/27/2026,13:57:51,40.44,8.4,27.74,,,
stress-ng --cpu 2 --cpu-load 80 --quiet --timeout 60s,40,4/27/2026,13:57:52,40.79,8.4,27.96,,,
stress-ng --cpu 2 --cpu-load 80 --quiet --timeout 60s,40,4/27/2026,13:57:53,40.665,8.4,27.96,,,
stress-ng --cpu 2 --cpu-load 80 --quiet --timeout 60s,40,4/27/2026,13:57:54,40.54,8.4,27.92,,,
stress-ng --cpu 2 --cpu-load 80 --quiet --timeout 60s,40,4/27/2026,13:57:55,40.59,8.4,28.07,,,
stress-ng --cpu 2 --cpu-load 80 --quiet --timeout 60s,40,4/27/2026,13:57:56,40.79,8.4,28.07,,,
stress-ng --cpu 2 --cpu-load 80 --quiet --timeout 60s,40,4/27/2026,13:57:57,40.29,8.4,28.11,,,
stress-ng --cpu 2 --cpu-load 80 --quiet --timeout 60s,40,4/27/2026,13:57:58,40.94,8.4,27.48,,,
stress-ng --cpu 2 --cpu-load 80 --quiet --timeout 60s,40,4/27/2026,13:57:59,40.69,8.4,27.48,,,
stress-ng --cpu 2 --cpu-load 80 --quiet --timeout 60s,40,4/27/2026,13:58:00,40.69,8.4,27.95,,,
stress-ng --cpu 2 --cpu-load 80 --quiet --timeout 60s,40,4/27/2026,13:58:01,40.54,8.4,28.23,,,
stress-ng --cpu 2 --cpu-load 80 --quiet --timeout 60s,40,4/27/2026,13:58:02,40.44,8.4,28.23,,,
stress-ng --cpu 2 --cpu-load 80 --quiet --timeout 60s,40,4/27/2026,13:58:03,40.94,8.4,27.94,,,
stress-ng --cpu 2 --cpu-load 80 --quiet --timeout 60s,40,4/27/2026,13:58:04,40.94,8.4,28.33,,,
stress-ng --cpu 2 --cpu-load 80 --quiet --timeout 60s,40,4/27/2026,13:58:05,40.54,8.4,28.33,,,
stress-ng --cpu 2 --cpu-load 80 --quiet --timeout 60s,40,4/27/2026,13:58:06,40.54,8.4,28.13,,,
stress-ng --cpu 2 --cpu-load 80 --quiet --timeout 60s,40,4/27/2026,13:58:07,41.04,8.4,27.89,,,
stress-ng --cpu 2 --cpu-load 80 --quiet --timeout 60s,40,4/27/2026,13:58:08,40.44,8.4,27.89,,,
stress-ng --cpu 2 --cpu-load 80 --quiet --timeout 60s,40,4/27/2026,13:58:09,40.44,8.4,28.27,,,
stress-ng --cpu 2 --cpu-load 80 --quiet --timeout 60s,40,4/27/2026,13:58:10,45.52,8.4,28.15,,,
stress-ng --cpu 2 --cpu-load 80 --quiet --timeout 60s,40,4/27/2026,13:58:11,40.84,8.4,28.15,,,
stress-ng --cpu 2 --cpu-load 80 --quiet --timeout 60s,40,4/27/2026,13:58:12,40.64,8.4,28.89,,,
stress-ng --cpu 2 --cpu-load 80 --quiet --timeout 60s,40,4/27/2026,13:58:13,40.69,8.4,27.69,,,
stress-ng --cpu 2 --cpu-load 80 --quiet --timeout 60s,40,4/27/2026,13:58:14,40.54,8.4,27.69,,,
stress-ng --cpu 2 --cpu-load 80 --quiet --timeout 60s,40,4/27/2026,13:58:15,40.59,8.4,28.11,,,
stress-ng --cpu 2 --cpu-load 80 --quiet --timeout 60s,40,4/27/2026,13:58:16,40.54,8.4,28.05,,,
stress-ng --cpu 2 --cpu-load 80 --quiet --timeout 60s,40,4/27/2026,13:58:17,40.54,8.4,28.05,,,
stress-ng --cpu 2 --cpu-load 80 --quiet --timeout 60s,40,4/27/2026,13:58:18,40.69,8.4,27.97,,,
stress-ng --cpu 2 --cpu-load 80 --quiet --timeout 60s,40,4/27/2026,13:58:19,41.14,8.4,27.87,,,
stress-ng --cpu 2 --cpu-load 80 --quiet --timeout 60s,40,4/27/2026,13:58:20,40.84,8.4,27.87,,,
stress-ng --cpu 2 --cpu-load 80 --quiet --timeout 60s,40,4/27/2026,13:58:21,40.69,8.4,28.97,,,
stress-ng --cpu 2 --cpu-load 80 --quiet --timeout 60s,40,4/27/2026,13:58:22,40.94,8.4,28.08,,,
stress-ng --cpu 2 --cpu-load 80 --quiet --timeout 60s,40,4/27/2026,13:58:23,40.69,8.4,28.08,,,
stress-ng --cpu 2 --cpu-load 80 --quiet --timeout 60s,40,4/27/2026,13:58:24,40.54,8.4,27.62,,,
stress-ng --cpu 2 --cpu-load 80 --quiet --timeout 60s,40,4/27/2026,13:58:25,40.69,8.4,28.01,,,
stress-ng --cpu 2 --cpu-load 80 --quiet --timeout 60s,40,4/27/2026,13:58:26,40.69,8.4,28.01,,,
stress-ng --cpu 2 --cpu-load 80 --quiet --timeout 60s,40,4/27/2026,13:58:27,40.69,8.4,27.86,,,
stress-ng --cpu 2 --cpu-load 80 --quiet --timeout 60s,40,4/27/2026,13:58:28,40.59,8.4,28.17,,,
stress-ng --cpu 2 --cpu-load 80 --quiet --timeout 60s,40,4/27/2026,13:58:29,40.64,8.4,28.17,,,
stress-ng --cpu 2 --cpu-load 80 --quiet --timeout 60s,40,4/27/2026,13:58:30,40.69,8.4,27.96,,,
stress-ng --cpu 2 --cpu-load 80 --quiet --timeout 60s,40,4/27/2026,13:58:31,40.69,8.4,28.44,,,
stress-ng --cpu 2 --cpu-load 80 --quiet --timeout 60s,40,4/27/2026,13:58:32,38.7,8.39,28.44,,,
stress-ng --cpu 2 --cpu-load 80 --quiet --timeout 60s,40,4/27/2026,16:13:35,17.24,8.38,11.2,,,
stress-ng --cpu 2 --cpu-load 80 --quiet --timeout 60s,40,4/27/2026,16:13:36,41.14,8.38,11.2,,,
stress-ng --cpu 2 --cpu-load 80 --quiet --timeout 60s,40,4/27/2026,16:13:37,40.29,8.38,11.2,,,
stress-ng --cpu 2 --cpu-load 80 --quiet --timeout 60s,40,4/27/2026,16:13:38,40.94,8.38,27.08,,,
stress-ng --cpu 2 --cpu-load 80 --quiet --timeout 60s,40,4/27/2026,16:13:39,40.94,8.38,26.45,,,
stress-ng --cpu 2 --cpu-load 80 --quiet --timeout 60s,40,4/27/2026,16:13:40,40.54,8.38,26.54,,,
stress-ng --cpu 2 --cpu-load 80 --quiet --timeout 60s,40,4/27/2026,16:13:41,41.04,8.38,26.54,,,
stress-ng --cpu 2 --cpu-load 80 --quiet --timeout 60s,40,4/27/2026,16:13:42,40.44,8.38,26.72,,,
stress-ng --cpu 2 --cpu-load 80 --quiet --timeout 60s,40,4/27/2026,16:13:43,40.79,8.38,26.72,,,
stress-ng --cpu 2 --cpu-load 80 --quiet --timeout 60s,40,4/27/2026,16:13:44,40.44,8.38,26.58,,,
stress-ng --cpu 2 --cpu-load 80 --quiet --timeout 60s,40,4/27/2026,16:13:45,40.69,8.38,27.27,,,
stress-ng --cpu 2 --cpu-load 80 --quiet --timeout 60s,40,4/27/2026,16:13:46,40.54,8.38,27.27,,,
stress-ng --cpu 2 --cpu-load 80 --quiet --timeout 60s,40,4/27/2026,16:13:47,40.79,8.38,27.32,,,
stress-ng --cpu 2 --cpu-load 80 --quiet --timeout 60s,40,4/27/2026,16:13:48,40.34,8.38,27.51,,,
stress-ng --cpu 2 --cpu-load 80 --quiet --timeout 60s,40,4/27/2026,16:13:49,41.14,8.38,27.51,,,
stress-ng --cpu 2 --cpu-load 80 --quiet --timeout 60s,40,4/27/2026,16:13:50,40.44,8.38,27.64,,,
stress-ng --cpu 2 --cpu-load 80 --quiet --timeout 60s,40,4/27/2026,16:13:51,40.79,8.38,26.61,,,
stress-ng --cpu 2 --cpu-load 80 --quiet --timeout 60s,40,4/27/2026,16:13:52,40.69,8.38,26.61,,,
stress-ng --cpu 2 --cpu-load 80 --quiet --timeout 60s,40,4/27/2026,16:13:53,40.54,8.38,27.27,,,
stress-ng --cpu 2 --cpu-load 80 --quiet --timeout 60s,40,4/27/2026,16:13:54,40.79,8.38,26.74,,,
stress-ng --cpu 2 --cpu-load 80 --quiet --timeout 60s,40,4/27/2026,16:13:55,40.54,8.38,26.74,,,
stress-ng --cpu 2 --cpu-load 80 --quiet --timeout 60s,40,4/27/2026,16:13:56,40.79,8.38,26.91,,,
stress-ng --cpu 2 --cpu-load 80 --quiet --timeout 60s,40,4/27/2026,16:13:57,40.59,8.38,27.08,,,
stress-ng --cpu 2 --cpu-load 80 --quiet --timeout 60s,40,4/27/2026,16:13:58,41,8.38,27.08,,,
stress-ng --cpu 2 --cpu-load 80 --quiet --timeout 60s,40,4/27/2026,16:13:59,40.59,8.38,27.25,,,
stress-ng --cpu 2 --cpu-load 80 --quiet --timeout 60s,40,4/27/2026,16:14:00,40.79,8.38,27.06,,,
stress-ng --cpu 2 --cpu-load 80 --quiet --timeout 60s,40,4/27/2026,16:14:01,40.69,8.38,27.06,,,
stress-ng --cpu 2 --cpu-load 80 --quiet --timeout 60s,40,4/27/2026,16:14:02,40.44,8.38,27.21,,,
stress-ng --cpu 2 --cpu-load 80 --quiet --timeout 60s,40,4/27/2026,16:14:03,40.75,8.38,27.6,,,
stress-ng --cpu 2 --cpu-load 80 --quiet --timeout 60s,40,4/27/2026,16:14:04,40.44,8.38,27.6,,,
stress-ng --cpu 2 --cpu-load 80 --quiet --timeout 60s,40,4/27/2026,16:14:05,40.94,8.38,27.76,,,
stress-ng --cpu 2 --cpu-load 80 --quiet --timeout 60s,40,4/27/2026,16:14:06,40.29,8.38,27.31,,,
stress-ng --cpu 2 --cpu-load 80 --quiet --timeout 60s,40,4/27/2026,16:14:07,41.04,8.38,28.04,,,
stress-ng --cpu 2 --cpu-load 80 --quiet --timeout 60s,40,4/27/2026,16:14:08,40.64,8.38,28.04,,,
stress-ng --cpu 2 --cpu-load 80 --quiet --timeout 60s,40,4/27/2026,16:14:09,40.59,8.38,27.79,,,
stress-ng --cpu 2 --cpu-load 80 --quiet --timeout 60s,40,4/27/2026,16:14:10,40.79,8.38,27.79,,,
stress-ng --cpu 2 --cpu-load 80 --quiet --timeout 60s,40,4/27/2026,16:14:11,40.84,8.38,27.6,,,
stress-ng --cpu 2 --cpu-load 80 --quiet --timeout 60s,40,4/27/2026,16:14:12,40.44,8.38,27.54,,,
stress-ng --cpu 2 --cpu-load 80 --quiet --timeout 60s,40,4/27/2026,16:14:13,40.79,8.38,27.54,,,
stress-ng --cpu 2 --cpu-load 80 --quiet --timeout 60s,40,4/27/2026,16:14:14,40.44,8.38,28.06,,,
stress-ng --cpu 2 --cpu-load 80 --quiet --timeout 60s,40,4/27/2026,16:14:15,40.64,8.38,27.49,,,
stress-ng --cpu 2 --cpu-load 80 --quiet --timeout 60s,40,4/27/2026,16:14:16,40.69,8.38,27.49,,,
stress-ng --cpu 2 --cpu-load 80 --quiet --timeout 60s,40,4/27/2026,16:14:17,40.94,8.38,27.81,,,
stress-ng --cpu 2 --cpu-load 80 --quiet --timeout 60s,40,4/27/2026,16:14:18,40.69,8.38,27.89,,,
stress-ng --cpu 2 --cpu-load 80 --quiet --timeout 60s,40,4/27/2026,16:14:19,40.64,8.38,27.89,,,
stress-ng --cpu 2 --cpu-load 80 --quiet --timeout 60s,40,4/27/2026,16:14:20,40.59,8.38,27.89,,,
stress-ng --cpu 2 --cpu-load 80 --quiet --timeout 60s,40,4/27/2026,16:14:21,40.64,8.38,27.68,,,
stress-ng --cpu 2 --cpu-load 80 --quiet --timeout 60s,40,4/27/2026,16:14:22,40.69,8.38,27.68,,,
stress-ng --cpu 2 --cpu-load 80 --quiet --timeout 60s,40,4/27/2026,16:14:23,40.69,8.38,27.95,,,
stress-ng --cpu 2 --cpu-load 80 --quiet --timeout 60s,40,4/27/2026,16:14:24,40.54,8.38,27.71,,,
stress-ng --cpu 2 --cpu-load 80 --quiet --timeout 60s,40,4/27/2026,16:14:25,40.54,8.38,27.71,,,
stress-ng --cpu 2 --cpu-load 80 --quiet --timeout 60s,40,4/27/2026,16:14:26,40.565,8.38,27.76,,,
stress-ng --cpu 2 --cpu-load 80 --quiet --timeout 60s,40,4/27/2026,16:14:27,40.59,8.38,27.73,,,
stress-ng --cpu 2 --cpu-load 80 --quiet --timeout 60s,40,4/27/2026,16:14:28,40.79,8.38,27.73,,,
stress-ng --cpu 2 --cpu-load 80 --quiet --timeout 60s,40,4/27/2026,16:14:29,40.54,8.38,28.1,,,
stress-ng --cpu 2 --cpu-load 80 --quiet --timeout 60s,40,4/27/2026,16:14:30,40.84,8.38,27.66,,,
stress-ng --cpu 2 --cpu-load 80 --quiet --timeout 60s,40,4/27/2026,16:14:31,40.69,8.38,27.66,,,
stress-ng --cpu 2 --cpu-load 80 --quiet --timeout 60s,40,4/27/2026,16:14:32,40.54,8.38,27.82,,,
stress-ng --cpu 2 --cpu-load 80 --quiet --timeout 60s,40,4/27/2026,16:14:33,40.79,8.38,28.19,,,
stress-ng --cpu 2 --cpu-load 80 --quiet --timeout 60s,40,4/27/2026,16:14:34,40.44,8.38,28.19,,,
stress-ng --cpu 2 --cpu-load 80 --quiet --timeout 60s,40,4/27/2026,16:14:35,41.19,8.38,27.61,,,
stress-ng --cpu 2 --cpu-load 80 --quiet --timeout 60s,40,4/27/2026,18:03:37,1.47,8.38,9.49,,,
stress-ng --cpu 2 --cpu-load 80 --quiet --timeout 60s,40,4/27/2026,18:03:38,33.74,8.39,13.58,,,
stress-ng --cpu 2 --cpu-load 80 --quiet --timeout 60s,40,4/27/2026,18:03:39,40.89,8.39,13.58,,,
stress-ng --cpu 2 --cpu-load 80 --quiet --timeout 60s,40,4/27/2026,18:03:40,41.39,8.4,27.09,,,
stress-ng --cpu 2 --cpu-load 80 --quiet --timeout 60s,40,4/27/2026,18:03:41,41.13,8.4,26.5,,,
stress-ng --cpu 2 --cpu-load 80 --quiet --timeout 60s,40,4/27/2026,18:03:42,40.54,8.4,26.5,,,
stress-ng --cpu 2 --cpu-load 80 --quiet --timeout 60s,40,4/27/2026,18:03:43,40.79,8.4,26.8,,,
stress-ng --cpu 2 --cpu-load 80 --quiet --timeout 60s,40,4/27/2026,18:03:44,40.79,8.4,26.97,,,
stress-ng --cpu 2 --cpu-load 80 --quiet --timeout 60s,40,4/27/2026,18:03:45,40.69,8.4,26.97,,,
stress-ng --cpu 2 --cpu-load 80 --quiet --timeout 60s,40,4/27/2026,18:03:46,40.29,8.4,26.99,,,
stress-ng --cpu 2 --cpu-load 80 --quiet --timeout 60s,40,4/27/2026,18:03:47,40.79,8.4,27.02,,,
stress-ng --cpu 2 --cpu-load 80 --quiet --timeout 60s,40,4/27/2026,18:03:48,40.44,8.4,27.02,,,
stress-ng --cpu 2 --cpu-load 80 --quiet --timeout 60s,40,4/27/2026,18:03:49,40.5,8.4,27.19,,,
stress-ng --cpu 2 --cpu-load 80 --quiet --timeout 60s,40,4/27/2026,18:03:50,40.79,8.4,27.15,,,
stress-ng --cpu 2 --cpu-load 80 --quiet --timeout 60s,40,4/27/2026,18:03:51,40.39,8.4,27.15,,,
stress-ng --cpu 2 --cpu-load 80 --quiet --timeout 60s,40,4/27/2026,18:03:52,40.74,8.4,27.76,,,
stress-ng --cpu 2 --cpu-load 80 --quiet --timeout 60s,40,4/27/2026,18:03:53,40.79,8.4,26.95,,,
stress-ng --cpu 2 --cpu-load 80 --quiet --timeout 60s,40,4/27/2026,18:03:54,40.69,8.4,26.95,,,
stress-ng --cpu 2 --cpu-load 80 --quiet --timeout 60s,40,4/27/2026,18:03:55,40.94,8.4,27.24,,,
stress-ng --cpu 2 --cpu-load 80 --quiet --timeout 60s,40,4/27/2026,18:03:56,40.59,8.4,26.975,,,
stress-ng --cpu 2 --cpu-load 80 --quiet --timeout 60s,40,4/27/2026,18:03:57,40.64,8.4,26.71,,,
stress-ng --cpu 2 --cpu-load 80 --quiet --timeout 60s,40,4/27/2026,18:03:58,40.69,8.4,26.68,,,
stress-ng --cpu 2 --cpu-load 80 --quiet --timeout 60s,40,4/27/2026,18:03:59,40.94,8.4,26.65,,,
stress-ng --cpu 2 --cpu-load 80 --quiet --timeout 60s,40,4/27/2026,18:04:00,40.54,8.4,27.35,,,
stress-ng --cpu 2 --cpu-load 80 --quiet --timeout 60s,40,4/27/2026,18:04:01,40.39,8.41,27.35,,,
stress-ng --cpu 2 --cpu-load 80 --quiet --timeout 60s,40,4/27/2026,18:04:02,40.84,8.41,27.25,,,
stress-ng --cpu 2 --cpu-load 80 --quiet --timeout 60s,40,4/27/2026,18:04:03,40.94,8.4,27.41,,,
stress-ng --cpu 2 --cpu-load 80 --quiet --timeout 60s,40,4/27/2026,18:04:04,40.54,8.4,27.41,,,
stress-ng --cpu 2 --cpu-load 80 --quiet --timeout 60s,40,4/27/2026,18:04:05,40.94,8.4,27.71,,,
stress-ng --cpu 2 --cpu-load 80 --quiet --timeout 60s,40,4/27/2026,18:04:06,40.59,8.41,27.24,,,
stress-ng --cpu 2 --cpu-load 80 --quiet --timeout 60s,40,4/27/2026,18:04:07,40.64,8.41,27.24,,,
stress-ng --cpu 2 --cpu-load 80 --quiet --timeout 60s,40,4/27/2026,18:04:08,40.54,8.41,27.9,,,
stress-ng --cpu 2 --cpu-load 80 --quiet --timeout 60s,40,4/27/2026,18:04:09,40.59,8.41,27.62,,,
stress-ng --cpu 2 --cpu-load 80 --quiet --timeout 60s,40,4/27/2026,18:04:10,40.89,8.41,28.34,,,
stress-ng --cpu 2 --cpu-load 80 --quiet --timeout 60s,40,4/27/2026,18:04:11,40.64,8.41,28.34,,,
stress-ng --cpu 2 --cpu-load 80 --quiet --timeout 60s,40,4/27/2026,18:04:12,40.34,8.41,27.82,,,
stress-ng --cpu 2 --cpu-load 80 --quiet --timeout 60s,40,4/27/2026,18:04:13,41.19,8.41,27.82,,,
stress-ng --cpu 2 --cpu-load 80 --quiet --timeout 60s,40,4/27/2026,18:04:14,40.54,8.41,27.34,,,
stress-ng --cpu 2 --cpu-load 80 --quiet --timeout 60s,40,4/27/2026,18:04:15,40.44,8.41,28,,,
stress-ng --cpu 2 --cpu-load 80 --quiet --timeout 60s,40,4/27/2026,18:04:16,40.94,8.41,28,,,
stress-ng --cpu 2 --cpu-load 80 --quiet --timeout 60s,40,4/27/2026,18:04:17,40.54,8.41,27.89,,,
stress-ng --cpu 2 --cpu-load 80 --quiet --timeout 60s,40,4/27/2026,18:04:18,40.69,8.41,27.87,,,
stress-ng --cpu 2 --cpu-load 80 --quiet --timeout 60s,40,4/27/2026,18:04:19,40.69,8.41,27.87,,,
stress-ng --cpu 2 --cpu-load 80 --quiet --timeout 60s,40,4/27/2026,18:04:20,40.64,8.41,27.88,,,
stress-ng --cpu 2 --cpu-load 80 --quiet --timeout 60s,40,4/27/2026,18:04:21,40.69,8.41,28.03,,,
stress-ng --cpu 2 --cpu-load 80 --quiet --timeout 60s,40,4/27/2026,18:04:22,40.69,8.41,28.03,,,
stress-ng --cpu 2 --cpu-load 80 --quiet --timeout 60s,40,4/27/2026,18:04:23,40.69,8.41,27.9,,,
stress-ng --cpu 2 --cpu-load 80 --quiet --timeout 60s,40,4/27/2026,18:04:24,40.69,8.41,28.18,,,
stress-ng --cpu 2 --cpu-load 80 --quiet --timeout 60s,40,4/27/2026,18:04:25,40.69,8.41,28.18,,,
stress-ng --cpu 2 --cpu-load 80 --quiet --timeout 60s,40,4/27/2026,18:04:26,40.44,8.41,28.23,,,
stress-ng --cpu 2 --cpu-load 80 --quiet --timeout 60s,40,4/27/2026,18:04:27,40.79,8.41,27.6,,,
stress-ng --cpu 2 --cpu-load 80 --quiet --timeout 60s,40,4/27/2026,18:04:28,40.54,8.41,27.6,,,
stress-ng --cpu 2 --cpu-load 80 --quiet --timeout 60s,40,4/27/2026,18:04:29,40.84,8.41,27.77,,,
stress-ng --cpu 2 --cpu-load 80 --quiet --timeout 60s,40,4/27/2026,18:04:30,40.44,8.41,28.18,,,
stress-ng --cpu 2 --cpu-load 80 --quiet --timeout 60s,40,4/27/2026,18:04:31,40.79,8.41,28.18,,,
stress-ng --cpu 2 --cpu-load 80 --quiet --timeout 60s,40,4/27/2026,18:04:32,40.44,8.41,28.02,,,
stress-ng --cpu 2 --cpu-load 80 --quiet --timeout 60s,40,4/27/2026,18:04:33,40.94,8.41,27.71,,,
stress-ng --cpu 2 --cpu-load 80 --quiet --timeout 60s,40,4/27/2026,18:04:34,40.54,8.41,27.71,,,
stress-ng --cpu 2 --cpu-load 80 --quiet --timeout 60s,40,4/27/2026,18:04:35,40.94,8.41,27.54,,,
stress-ng --cpu 2 --cpu-load 80 --quiet --timeout 60s,40,4/27/2026,18:04:36,40.59,8.41,28.41,,,
stress-ng --cpu 2 --cpu-load 80 --quiet --timeout 60s,40,4/27/2026,18:04:37,40.54,8.41,28.41,,,
stress-ng --cpu 2 --cpu-load 82 --quiet --timeout 60s,41,4/27/2026,12:17:29,1.47,8.36,9.14,,,
stress-ng --cpu 2 --cpu-load 82 --quiet --timeout 60s,41,4/27/2026,12:17:30,23.09,8.37,11,,,
stress-ng --cpu 2 --cpu-load 82 --quiet --timeout 60s,41,4/27/2026,12:17:31,41.68,8.37,11,,,
stress-ng --cpu 2 --cpu-load 82 --quiet --timeout 60s,41,4/27/2026,12:17:32,41.93,8.37,11,,,
stress-ng --cpu 2 --cpu-load 82 --quiet --timeout 60s,41,4/27/2026,12:17:33,41.68,8.37,27.78,,,
stress-ng --cpu 2 --cpu-load 82 --quiet --timeout 60s,41,4/27/2026,12:17:34,41.54,8.38,27.89,,,
stress-ng --cpu 2 --cpu-load 82 --quiet --timeout 60s,41,4/27/2026,12:17:35,41.58,8.38,28.1,,,
stress-ng --cpu 2 --cpu-load 82 --quiet --timeout 60s,41,4/27/2026,12:17:36,41.64,8.38,28.1,,,
stress-ng --cpu 2 --cpu-load 82 --quiet --timeout 60s,41,4/27/2026,12:17:37,41.72,8.38,28.22,,,
stress-ng --cpu 2 --cpu-load 82 --quiet --timeout 60s,41,4/27/2026,12:17:38,41.68,8.38,28.22,,,
stress-ng --cpu 2 --cpu-load 82 --quiet --timeout 60s,41,4/27/2026,12:17:39,41.54,8.38,28.14,,,
stress-ng --cpu 2 --cpu-load 82 --quiet --timeout 60s,41,4/27/2026,12:17:40,41.83,8.38,27.69,,,
stress-ng --cpu 2 --cpu-load 82 --quiet --timeout 60s,41,4/27/2026,12:17:41,41.83,8.38,27.69,,,
stress-ng --cpu 2 --cpu-load 82 --quiet --timeout 60s,41,4/27/2026,12:17:42,41.39,8.38,28.18,,,
stress-ng --cpu 2 --cpu-load 82 --quiet --timeout 60s,41,4/27/2026,12:17:43,42.18,8.38,27.77,,,
stress-ng --cpu 2 --cpu-load 82 --quiet --timeout 60s,41,4/27/2026,12:17:44,41.93,8.38,27.77,,,
stress-ng --cpu 2 --cpu-load 82 --quiet --timeout 60s,41,4/27/2026,12:17:45,41.54,8.38,28.2,,,
stress-ng --cpu 2 --cpu-load 82 --quiet --timeout 60s,41,4/27/2026,12:17:46,41.79,8.38,27.32,,,
stress-ng --cpu 2 --cpu-load 82 --quiet --timeout 60s,41,4/27/2026,12:17:47,41.68,8.38,27.32,,,
stress-ng --cpu 2 --cpu-load 82 --quiet --timeout 60s,41,4/27/2026,12:17:48,41.64,8.38,28.2,,,
stress-ng --cpu 2 --cpu-load 82 --quiet --timeout 60s,41,4/27/2026,12:17:49,41.68,8.38,27.96,,,
stress-ng --cpu 2 --cpu-load 82 --quiet --timeout 60s,41,4/27/2026,12:17:50,41.83,8.38,27.96,,,
stress-ng --cpu 2 --cpu-load 82 --quiet --timeout 60s,41,4/27/2026,12:17:51,41.68,8.38,27.8,,,
stress-ng --cpu 2 --cpu-load 82 --quiet --timeout 60s,41,4/27/2026,12:17:52,41.72,8.38,28.18,,,
stress-ng --cpu 2 --cpu-load 82 --quiet --timeout 60s,41,4/27/2026,12:17:53,41.64,8.38,28.18,,,
stress-ng --cpu 2 --cpu-load 82 --quiet --timeout 60s,41,4/27/2026,12:17:54,41.93,8.38,28.1,,,
stress-ng --cpu 2 --cpu-load 82 --quiet --timeout 60s,41,4/27/2026,12:17:55,41.39,8.38,27.94,,,
stress-ng --cpu 2 --cpu-load 82 --quiet --timeout 60s,41,4/27/2026,12:17:56,41.93,8.38,27.94,,,
stress-ng --cpu 2 --cpu-load 82 --quiet --timeout 60s,41,4/27/2026,12:17:57,41.29,8.38,27.92,,,
stress-ng --cpu 2 --cpu-load 82 --quiet --timeout 60s,41,4/27/2026,12:17:58,41.58,8.38,27.93,,,
stress-ng --cpu 2 --cpu-load 82 --quiet --timeout 60s,41,4/27/2026,12:17:59,42.03,8.38,27.93,,,
stress-ng --cpu 2 --cpu-load 82 --quiet --timeout 60s,41,4/27/2026,12:18:00,41.54,8.38,28.22,,,
stress-ng --cpu 2 --cpu-load 82 --quiet --timeout 60s,41,4/27/2026,12:18:01,41.83,8.38,27.84,,,
stress-ng --cpu 2 --cpu-load 82 --quiet --timeout 60s,41,4/27/2026,12:18:02,41.68,8.38,27.84,,,
stress-ng --cpu 2 --cpu-load 82 --quiet --timeout 60s,41,4/27/2026,12:18:03,41.54,8.38,28.06,,,
stress-ng --cpu 2 --cpu-load 82 --quiet --timeout 60s,41,4/27/2026,12:18:04,42.03,8.38,28.6,,,
stress-ng --cpu 2 --cpu-load 82 --quiet --timeout 60s,41,4/27/2026,12:18:05,41.43,8.39,28.6,,,
stress-ng --cpu 2 --cpu-load 82 --quiet --timeout 60s,41,4/27/2026,12:18:06,41.68,8.39,28.13,,,
stress-ng --cpu 2 --cpu-load 82 --quiet --timeout 60s,41,4/27/2026,12:18:07,41.79,8.39,28.6,,,
stress-ng --cpu 2 --cpu-load 82 --quiet --timeout 60s,41,4/27/2026,12:18:08,41.58,8.39,28.6,,,
stress-ng --cpu 2 --cpu-load 82 --quiet --timeout 60s,41,4/27/2026,12:18:09,41.58,8.39,28.27,,,
stress-ng --cpu 2 --cpu-load 82 --quiet --timeout 60s,41,4/27/2026,12:18:10,41.93,8.39,28.36,,,
stress-ng --cpu 2 --cpu-load 82 --quiet --timeout 60s,41,4/27/2026,12:18:11,41.39,8.39,28.36,,,
stress-ng --cpu 2 --cpu-load 82 --quiet --timeout 60s,41,4/27/2026,12:18:12,41.83,8.39,28.43,,,
stress-ng --cpu 2 --cpu-load 82 --quiet --timeout 60s,41,4/27/2026,12:18:13,41.58,8.39,28.23,,,
stress-ng --cpu 2 --cpu-load 82 --quiet --timeout 60s,41,4/27/2026,12:18:14,41.68,8.39,28.23,,,
stress-ng --cpu 2 --cpu-load 82 --quiet --timeout 60s,41,4/27/2026,12:18:15,41.68,8.39,28.65,,,
stress-ng --cpu 2 --cpu-load 82 --quiet --timeout 60s,41,4/27/2026,12:18:16,41.19,8.38,28.05,,,
stress-ng --cpu 2 --cpu-load 82 --quiet --timeout 60s,41,4/27/2026,12:18:17,41.79,8.38,28.05,,,
stress-ng --cpu 2 --cpu-load 82 --quiet --timeout 60s,41,4/27/2026,12:18:18,41.83,8.38,28.3,,,
stress-ng --cpu 2 --cpu-load 82 --quiet --timeout 60s,41,4/27/2026,12:18:19,41.54,8.38,28.1,,,
stress-ng --cpu 2 --cpu-load 82 --quiet --timeout 60s,41,4/27/2026,12:18:20,41.43,8.38,28.1,,,
stress-ng --cpu 2 --cpu-load 82 --quiet --timeout 60s,41,4/27/2026,12:18:21,41.97,8.38,28.13,,,
stress-ng --cpu 2 --cpu-load 82 --quiet --timeout 60s,41,4/27/2026,12:18:22,41.39,8.38,28.4,,,
stress-ng --cpu 2 --cpu-load 82 --quiet --timeout 60s,41,4/27/2026,12:18:23,41.43,8.38,28.4,,,
stress-ng --cpu 2 --cpu-load 82 --quiet --timeout 60s,41,4/27/2026,12:18:24,41.79,8.38,28.22,,,
stress-ng --cpu 2 --cpu-load 82 --quiet --timeout 60s,41,4/27/2026,12:18:25,41.54,8.38,28.29,,,
stress-ng --cpu 2 --cpu-load 82 --quiet --timeout 60s,41,4/27/2026,12:18:26,41.83,8.38,28.29,,,
stress-ng --cpu 2 --cpu-load 82 --quiet --timeout 60s,41,4/27/2026,12:18:27,41.68,8.38,28.03,,,
stress-ng --cpu 2 --cpu-load 82 --quiet --timeout 60s,41,4/27/2026,12:18:28,41.54,8.38,28.58,,,
stress-ng --cpu 2 --cpu-load 82 --quiet --timeout 60s,41,4/27/2026,12:18:29,41.97,8.38,28.58,,,
stress-ng --cpu 2 --cpu-load 82 --quiet --timeout 60s,41,4/27/2026,15:59:34,1.46,8.39,9.32,,,
stress-ng --cpu 2 --cpu-load 82 --quiet --timeout 60s,41,4/27/2026,15:59:35,17.24,8.42,12.22,,,
stress-ng --cpu 2 --cpu-load 82 --quiet --timeout 60s,41,4/27/2026,15:59:36,41.79,8.42,12.22,,,
stress-ng --cpu 2 --cpu-load 82 --quiet --timeout 60s,41,4/27/2026,15:59:37,41.68,8.42,12.22,,,
stress-ng --cpu 2 --cpu-load 82 --quiet --timeout 60s,41,4/27/2026,15:59:38,41.29,8.42,27.66,,,
stress-ng --cpu 2 --cpu-load 82 --quiet --timeout 60s,41,4/27/2026,15:59:39,41.89,8.42,27.78,,,
stress-ng --cpu 2 --cpu-load 82 --quiet --timeout 60s,41,4/27/2026,15:59:40,41.48,8.42,27.78,,,
stress-ng --cpu 2 --cpu-load 82 --quiet --timeout 60s,41,4/27/2026,15:59:41,41.64,8.42,27.97,,,
stress-ng --cpu 2 --cpu-load 82 --quiet --timeout 60s,41,4/27/2026,15:59:42,41.93,8.42,27.97,,,
stress-ng --cpu 2 --cpu-load 82 --quiet --timeout 60s,41,4/27/2026,15:59:43,41.79,8.42,27.97,,,
stress-ng --cpu 2 --cpu-load 82 --quiet --timeout 60s,41,4/27/2026,15:59:44,41.54,8.42,27.85,,,
stress-ng --cpu 2 --cpu-load 82 --quiet --timeout 60s,41,4/27/2026,15:59:45,41.83,8.42,27.6,,,
stress-ng --cpu 2 --cpu-load 82 --quiet --timeout 60s,41,4/27/2026,15:59:46,41.79,8.42,27.6,,,
stress-ng --cpu 2 --cpu-load 82 --quiet --timeout 60s,41,4/27/2026,15:59:47,41.43,8.42,28.3,,,
stress-ng --cpu 2 --cpu-load 82 --quiet --timeout 60s,41,4/27/2026,15:59:48,41.68,8.42,27.98,,,
stress-ng --cpu 2 --cpu-load 82 --quiet --timeout 60s,41,4/27/2026,15:59:49,41.58,8.42,27.98,,,
stress-ng --cpu 2 --cpu-load 82 --quiet --timeout 60s,41,4/27/2026,15:59:50,41.64,8.42,28.18,,,
stress-ng --cpu 2 --cpu-load 82 --quiet --timeout 60s,41,4/27/2026,15:59:51,41.54,8.42,27.75,,,
stress-ng --cpu 2 --cpu-load 82 --quiet --timeout 60s,41,4/27/2026,15:59:52,41.68,8.42,27.75,,,
stress-ng --cpu 2 --cpu-load 82 --quiet --timeout 60s,41,4/27/2026,15:59:53,41.68,8.42,28.01,,,
stress-ng --cpu 2 --cpu-load 82 --quiet --timeout 60s,41,4/27/2026,15:59:54,41.68,8.42,27.79,,,
stress-ng --cpu 2 --cpu-load 82 --quiet --timeout 60s,41,4/27/2026,15:59:55,41.68,8.42,27.79,,,
stress-ng --cpu 2 --cpu-load 82 --quiet --timeout 60s,41,4/27/2026,15:59:56,41.39,8.42,27.96,,,
stress-ng --cpu 2 --cpu-load 82 --quiet --timeout 60s,41,4/27/2026,15:59:57,41.83,8.42,28.22,,,
stress-ng --cpu 2 --cpu-load 82 --quiet --timeout 60s,41,4/27/2026,15:59:58,41.54,8.42,28.22,,,
stress-ng --cpu 2 --cpu-load 82 --quiet --timeout 60s,41,4/27/2026,15:59:59,41.43,8.42,28.43,,,
stress-ng --cpu 2 --cpu-load 82 --quiet --timeout 60s,41,4/27/2026,16:00:00,41.68,8.42,27.73,,,
stress-ng --cpu 2 --cpu-load 82 --quiet --timeout 60s,41,4/27/2026,16:00:01,41.64,8.42,27.73,,,
stress-ng --cpu 2 --cpu-load 82 --quiet --timeout 60s,41,4/27/2026,16:00:02,41.83,8.42,28.48,,,
stress-ng --cpu 2 --cpu-load 82 --quiet --timeout 60s,41,4/27/2026,16:00:03,41.68,8.42,28.06,,,
stress-ng --cpu 2 --cpu-load 82 --quiet --timeout 60s,41,4/27/2026,16:00:04,42.07,8.42,28.06,,,
stress-ng --cpu 2 --cpu-load 82 --quiet --timeout 60s,41,4/27/2026,16:00:05,41.93,8.42,28.01,,,
stress-ng --cpu 2 --cpu-load 82 --quiet --timeout 60s,41,4/27/2026,16:00:06,41.29,8.42,27.88,,,
stress-ng --cpu 2 --cpu-load 82 --quiet --timeout 60s,41,4/27/2026,16:00:07,41.93,8.42,27.88,,,
stress-ng --cpu 2 --cpu-load 82 --quiet --timeout 60s,41,4/27/2026,16:00:08,41.54,8.42,29.31,,,
stress-ng --cpu 2 --cpu-load 82 --quiet --timeout 60s,41,4/27/2026,16:00:09,41.39,8.42,28.2,,,
stress-ng --cpu 2 --cpu-load 82 --quiet --timeout 60s,41,4/27/2026,16:00:10,42.18,8.42,28.2,,,
stress-ng --cpu 2 --cpu-load 82 --quiet --timeout 60s,41,4/27/2026,16:00:11,41.79,8.42,28.33,,,
stress-ng --cpu 2 --cpu-load 82 --quiet --timeout 60s,41,4/27/2026,16:00:12,42.18,8.42,29.32,,,
stress-ng --cpu 2 --cpu-load 82 --quiet --timeout 60s,41,4/27/2026,16:00:13,41.58,8.42,29.32,,,
stress-ng --cpu 2 --cpu-load 82 --quiet --timeout 60s,41,4/27/2026,16:00:14,41.54,8.42,28.46,,,
stress-ng --cpu 2 --cpu-load 82 --quiet --timeout 60s,41,4/27/2026,16:00:15,41.58,8.42,27.91,,,
stress-ng --cpu 2 --cpu-load 82 --quiet --timeout 60s,41,4/27/2026,16:00:16,41.89,8.42,27.91,,,
stress-ng --cpu 2 --cpu-load 82 --quiet --timeout 60s,41,4/27/2026,16:00:17,41.68,8.42,28.24,,,
stress-ng --cpu 2 --cpu-load 82 --quiet --timeout 60s,41,4/27/2026,16:00:18,41.79,8.42,27.8,,,
stress-ng --cpu 2 --cpu-load 82 --quiet --timeout 60s,41,4/27/2026,16:00:19,41.33,8.42,27.8,,,
stress-ng --cpu 2 --cpu-load 82 --quiet --timeout 60s,41,4/27/2026,16:00:20,42.03,8.41,28.25,,,
stress-ng --cpu 2 --cpu-load 82 --quiet --timeout 60s,41,4/27/2026,16:00:21,41.29,8.41,28.29,,,
stress-ng --cpu 2 --cpu-load 82 --quiet --timeout 60s,41,4/27/2026,16:00:22,41.83,8.41,28.29,,,
stress-ng --cpu 2 --cpu-load 82 --quiet --timeout 60s,41,4/27/2026,16:00:23,41.68,8.41,28.45,,,
stress-ng --cpu 2 --cpu-load 82 --quiet --timeout 60s,41,4/27/2026,16:00:24,41.68,8.41,27.84,,,
stress-ng --cpu 2 --cpu-load 82 --quiet --timeout 60s,41,4/27/2026,16:00:25,41.83,8.41,27.84,,,
stress-ng --cpu 2 --cpu-load 82 --quiet --timeout 60s,41,4/27/2026,16:00:26,41.79,8.41,28.46,,,
stress-ng --cpu 2 --cpu-load 82 --quiet --timeout 60s,41,4/27/2026,16:00:27,41.68,8.41,28.48,,,
stress-ng --cpu 2 --cpu-load 82 --quiet --timeout 60s,41,4/27/2026,16:00:28,41.58,8.41,28.48,,,
stress-ng --cpu 2 --cpu-load 82 --quiet --timeout 60s,41,4/27/2026,16:00:29,41.64,8.41,28.14,,,
stress-ng --cpu 2 --cpu-load 82 --quiet --timeout 60s,41,4/27/2026,16:00:30,41.83,8.41,28.25,,,
stress-ng --cpu 2 --cpu-load 82 --quiet --timeout 60s,41,4/27/2026,16:00:31,41.39,8.41,28.25,,,
stress-ng --cpu 2 --cpu-load 82 --quiet --timeout 60s,41,4/27/2026,16:00:32,41.83,8.41,28.55,,,
stress-ng --cpu 2 --cpu-load 82 --quiet --timeout 60s,41,4/27/2026,16:00:33,41.64,8.41,28.34,,,
stress-ng --cpu 2 --cpu-load 82 --quiet --timeout 60s,41,4/27/2026,16:00:34,41.83,8.41,28.34,,,
stress-ng --cpu 2 --cpu-load 82 --quiet --timeout 60s,41,4/27/2026,16:57:36,26.35,8.37,9.56,,,
stress-ng --cpu 2 --cpu-load 82 --quiet --timeout 60s,41,4/27/2026,16:57:37,42.03,8.37,13.37,,,
stress-ng --cpu 2 --cpu-load 82 --quiet --timeout 60s,41,4/27/2026,16:57:38,41.43,8.37,13.37,,,
stress-ng --cpu 2 --cpu-load 82 --quiet --timeout 60s,41,4/27/2026,16:57:39,41.39,8.37,27.42,,,
stress-ng --cpu 2 --cpu-load 82 --quiet --timeout 60s,41,4/27/2026,16:57:40,41.83,8.37,27.42,,,
stress-ng --cpu 2 --cpu-load 82 --quiet --timeout 60s,41,4/27/2026,16:57:41,41.79,8.37,27.86,,,
stress-ng --cpu 2 --cpu-load 82 --quiet --timeout 60s,41,4/27/2026,16:57:42,41.68,8.37,27.57,,,
stress-ng --cpu 2 --cpu-load 82 --quiet --timeout 60s,41,4/27/2026,16:57:43,41.79,8.37,27.57,,,
stress-ng --cpu 2 --cpu-load 82 --quiet --timeout 60s,41,4/27/2026,16:57:44,41.58,8.37,28.19,,,
stress-ng --cpu 2 --cpu-load 82 --quiet --timeout 60s,41,4/27/2026,16:57:45,41.68,8.37,27.65,,,
stress-ng --cpu 2 --cpu-load 82 --quiet --timeout 60s,41,4/27/2026,16:57:46,41.54,8.37,27.65,,,
stress-ng --cpu 2 --cpu-load 82 --quiet --timeout 60s,41,4/27/2026,16:57:47,41.56,8.37,27.93,,,
stress-ng --cpu 2 --cpu-load 82 --quiet --timeout 60s,41,4/27/2026,16:57:48,41.58,8.37,28.55,,,
stress-ng --cpu 2 --cpu-load 82 --quiet --timeout 60s,41,4/27/2026,16:57:49,41.79,8.37,28.55,,,
stress-ng --cpu 2 --cpu-load 82 --quiet --timeout 60s,41,4/27/2026,16:57:50,41.58,8.37,28.15,,,
stress-ng --cpu 2 --cpu-load 82 --quiet --timeout 60s,41,4/27/2026,16:57:51,41.5,8.37,27.78,,,
stress-ng --cpu 2 --cpu-load 82 --quiet --timeout 60s,41,4/27/2026,16:57:52,41.43,8.37,27.78,,,
stress-ng --cpu 2 --cpu-load 82 --quiet --timeout 60s,41,4/27/2026,16:57:53,41.93,8.37,28.12,,,
stress-ng --cpu 2 --cpu-load 82 --quiet --timeout 60s,41,4/27/2026,16:57:54,41.29,8.37,27.91,,,
stress-ng --cpu 2 --cpu-load 82 --quiet --timeout 60s,41,4/27/2026,16:57:55,41.68,8.37,27.91,,,
stress-ng --cpu 2 --cpu-load 82 --quiet --timeout 60s,41,4/27/2026,16:57:56,41.68,8.37,27.9,,,
stress-ng --cpu 2 --cpu-load 82 --quiet --timeout 60s,41,4/27/2026,16:57:57,41.54,8.37,28.16,,,
stress-ng --cpu 2 --cpu-load 82 --quiet --timeout 60s,41,4/27/2026,16:57:58,41.43,8.38,28.16,,,
stress-ng --cpu 2 --cpu-load 82 --quiet --timeout 60s,41,4/27/2026,16:57:59,41.79,8.38,28.43,,,
stress-ng --cpu 2 --cpu-load 82 --quiet --timeout 60s,41,4/27/2026,16:58:00,41.93,8.38,27.82,,,
stress-ng --cpu 2 --cpu-load 82 --quiet --timeout 60s,41,4/27/2026,16:58:01,41.68,8.38,27.82,,,
stress-ng --cpu 2 --cpu-load 82 --quiet --timeout 60s,41,4/27/2026,16:58:02,41.54,8.38,27.54,,,
stress-ng --cpu 2 --cpu-load 82 --quiet --timeout 60s,41,4/27/2026,16:58:03,41.58,8.38,28.21,,,
stress-ng --cpu 2 --cpu-load 82 --quiet --timeout 60s,41,4/27/2026,16:58:04,42.03,8.38,28.21,,,
stress-ng --cpu 2 --cpu-load 82 --quiet --timeout 60s,41,4/27/2026,16:58:05,41.43,8.38,27.98,,,
stress-ng --cpu 2 --cpu-load 82 --quiet --timeout 60s,41,4/27/2026,16:58:06,41.79,8.38,27.98,,,
stress-ng --cpu 2 --cpu-load 82 --quiet --timeout 60s,41,4/27/2026,16:58:07,41.58,8.38,28.45,,,
stress-ng --cpu 2 --cpu-load 82 --quiet --timeout 60s,41,4/27/2026,16:58:08,41.54,8.38,27.3,,,
stress-ng --cpu 2 --cpu-load 82 --quiet --timeout 60s,41,4/27/2026,16:58:09,41.83,8.38,27.3,,,
stress-ng --cpu 2 --cpu-load 82 --quiet --timeout 60s,41,4/27/2026,16:58:10,46.51,8.38,28.49,,,
stress-ng --cpu 2 --cpu-load 82 --quiet --timeout 60s,41,4/27/2026,16:58:11,41.43,8.38,28.82,,,
stress-ng --cpu 2 --cpu-load 82 --quiet --timeout 60s,41,4/27/2026,16:58:12,41.79,8.38,28.82,,,
stress-ng --cpu 2 --cpu-load 82 --quiet --timeout 60s,41,4/27/2026,16:58:13,41.68,8.38,28.43,,,
stress-ng --cpu 2 --cpu-load 82 --quiet --timeout 60s,41,4/27/2026,16:58:14,41.39,8.38,28.21,,,
stress-ng --cpu 2 --cpu-load 82 --quiet --timeout 60s,41,4/27/2026,16:58:15,41.68,8.38,28.21,,,
stress-ng --cpu 2 --cpu-load 82 --quiet --timeout 60s,41,4/27/2026,16:58:16,41.54,8.38,28.19,,,
stress-ng --cpu 2 --cpu-load 82 --quiet --timeout 60s,41,4/27/2026,16:58:17,41.68,8.38,28.39,,,
stress-ng --cpu 2 --cpu-load 82 --quiet --timeout 60s,41,4/27/2026,16:58:18,41.43,8.38,28.39,,,
stress-ng --cpu 2 --cpu-load 82 --quiet --timeout 60s,41,4/27/2026,16:58:19,42.18,8.38,28.22,,,
stress-ng --cpu 2 --cpu-load 82 --quiet --timeout 60s,41,4/27/2026,16:58:20,41.83,8.38,28.87,,,
stress-ng --cpu 2 --cpu-load 82 --quiet --timeout 60s,41,4/27/2026,16:58:21,41.68,8.38,28.87,,,
stress-ng --cpu 2 --cpu-load 82 --quiet --timeout 60s,41,4/27/2026,16:58:22,41.83,8.38,28.28,,,
stress-ng --cpu 2 --cpu-load 82 --quiet --timeout 60s,41,4/27/2026,16:58:23,41.54,8.38,28.5,,,
stress-ng --cpu 2 --cpu-load 82 --quiet --timeout 60s,41,4/27/2026,16:58:24,41.79,8.38,28.5,,,
stress-ng --cpu 2 --cpu-load 82 --quiet --timeout 60s,41,4/27/2026,16:58:25,41.43,8.38,28.47,,,
stress-ng --cpu 2 --cpu-load 82 --quiet --timeout 60s,41,4/27/2026,16:58:26,41.54,8.38,28.29,,,
stress-ng --cpu 2 --cpu-load 82 --quiet --timeout 60s,41,4/27/2026,16:58:27,41.58,8.38,28.29,,,
stress-ng --cpu 2 --cpu-load 82 --quiet --timeout 60s,41,4/27/2026,16:58:28,41.64,8.38,28.49,,,
stress-ng --cpu 2 --cpu-load 82 --quiet --timeout 60s,41,4/27/2026,16:58:29,41.68,8.38,28.83,,,
stress-ng --cpu 2 --cpu-load 82 --quiet --timeout 60s,41,4/27/2026,16:58:30,42.11,8.38,28.83,,,
stress-ng --cpu 2 --cpu-load 82 --quiet --timeout 60s,41,4/27/2026,16:58:31,41.58,8.38,28.38,,,
stress-ng --cpu 2 --cpu-load 82 --quiet --timeout 60s,41,4/27/2026,16:58:32,41.68,8.38,28.05,,,
stress-ng --cpu 2 --cpu-load 82 --quiet --timeout 60s,41,4/27/2026,16:58:33,41.64,8.38,28.05,,,
stress-ng --cpu 2 --cpu-load 82 --quiet --timeout 60s,41,4/27/2026,16:58:34,41.54,8.38,28.27,,,
stress-ng --cpu 2 --cpu-load 82 --quiet --timeout 60s,41,4/27/2026,16:58:35,41.93,8.38,28.7,,,
stress-ng --cpu 2 --cpu-load 82 --quiet --timeout 60s,41,4/27/2026,16:58:36,40.04,8.38,28.7,,,
stress-ng --cpu 2 --cpu-load 84 --quiet --timeout 60s,42,4/27/2026,13:51:32,18.56,8.38,9.21,,,
stress-ng --cpu 2 --cpu-load 84 --quiet --timeout 60s,42,4/27/2026,13:51:33,42.67,8.38,27.47,,,
stress-ng --cpu 2 --cpu-load 84 --quiet --timeout 60s,42,4/27/2026,13:51:34,42.82,8.38,27.47,,,
stress-ng --cpu 2 --cpu-load 84 --quiet --timeout 60s,42,4/27/2026,13:51:35,42.78,8.38,27.47,,,
stress-ng --cpu 2 --cpu-load 84 --quiet --timeout 60s,42,4/27/2026,13:51:36,42.67,8.38,27.83,,,
stress-ng --cpu 2 --cpu-load 84 --quiet --timeout 60s,42,4/27/2026,13:51:37,42.78,8.38,27.77,,,
stress-ng --cpu 2 --cpu-load 84 --quiet --timeout 60s,42,4/27/2026,13:51:38,42.43,8.38,27.77,,,
stress-ng --cpu 2 --cpu-load 84 --quiet --timeout 60s,42,4/27/2026,13:51:39,42.78,8.38,28.51,,,
stress-ng --cpu 2 --cpu-load 84 --quiet --timeout 60s,42,4/27/2026,13:51:40,42.82,8.38,28.27,,,
stress-ng --cpu 2 --cpu-load 84 --quiet --timeout 60s,42,4/27/2026,13:51:41,42.39,8.38,28.27,,,
stress-ng --cpu 2 --cpu-load 84 --quiet --timeout 60s,42,4/27/2026,13:51:42,42.64,8.38,28.5,,,
stress-ng --cpu 2 --cpu-load 84 --quiet --timeout 60s,42,4/27/2026,13:51:43,42.82,8.38,28.32,,,
stress-ng --cpu 2 --cpu-load 84 --quiet --timeout 60s,42,4/27/2026,13:51:44,42.43,8.37,28.32,,,
stress-ng --cpu 2 --cpu-load 84 --quiet --timeout 60s,42,4/27/2026,13:51:45,42.78,8.37,28.19,,,
stress-ng --cpu 2 --cpu-load 84 --quiet --timeout 60s,42,4/27/2026,13:51:46,42.43,8.37,28.19,,,
stress-ng --cpu 2 --cpu-load 84 --quiet --timeout 60s,42,4/27/2026,13:51:47,42.53,8.37,28.49,,,
stress-ng --cpu 2 --cpu-load 84 --quiet --timeout 60s,42,4/27/2026,13:51:48,42.82,8.37,28.52,,,
stress-ng --cpu 2 --cpu-load 84 --quiet --timeout 60s,42,4/27/2026,13:51:49,42.53,8.37,28.52,,,
stress-ng --cpu 2 --cpu-load 84 --quiet --timeout 60s,42,4/27/2026,13:51:50,42.92,8.37,28.62,,,
stress-ng --cpu 2 --cpu-load 84 --quiet --timeout 60s,42,4/27/2026,13:51:51,42.53,8.37,27.93,,,
stress-ng --cpu 2 --cpu-load 84 --quiet --timeout 60s,42,4/27/2026,13:51:52,42.82,8.37,27.93,,,
stress-ng --cpu 2 --cpu-load 84 --quiet --timeout 60s,42,4/27/2026,13:51:53,42.53,8.37,28.74,,,
stress-ng --cpu 2 --cpu-load 84 --quiet --timeout 60s,42,4/27/2026,13:51:54,42.71,8.37,28.31,,,
stress-ng --cpu 2 --cpu-load 84 --quiet --timeout 60s,42,4/27/2026,13:51:55,42.78,8.37,28.31,,,
stress-ng --cpu 2 --cpu-load 84 --quiet --timeout 60s,42,4/27/2026,13:51:56,42.78,8.37,28.26,,,
stress-ng --cpu 2 --cpu-load 84 --quiet --timeout 60s,42,4/27/2026,13:51:57,42.57,8.37,27.86,,,
stress-ng --cpu 2 --cpu-load 84 --quiet --timeout 60s,42,4/27/2026,13:51:58,42.64,8.37,27.86,,,
stress-ng --cpu 2 --cpu-load 84 --quiet --timeout 60s,42,4/27/2026,13:51:59,42.71,8.37,28.69,,,
stress-ng --cpu 2 --cpu-load 84 --quiet --timeout 60s,42,4/27/2026,13:52:00,42.57,8.37,28.46,,,
stress-ng --cpu 2 --cpu-load 84 --quiet --timeout 60s,42,4/27/2026,13:52:01,42.64,8.37,28.46,,,
stress-ng --cpu 2 --cpu-load 84 --quiet --timeout 60s,42,4/27/2026,13:52:02,42.71,8.37,28.61,,,
stress-ng --cpu 2 --cpu-load 84 --quiet --timeout 60s,42,4/27/2026,13:52:03,42.53,8.37,28.76,,,
stress-ng --cpu 2 --cpu-load 84 --quiet --timeout 60s,42,4/27/2026,13:52:04,42.92,8.37,28.76,,,
stress-ng --cpu 2 --cpu-load 84 --quiet --timeout 60s,42,4/27/2026,13:52:05,42.92,8.37,28.87,,,
stress-ng --cpu 2 --cpu-load 84 --quiet --timeout 60s,42,4/27/2026,13:52:06,42.67,8.37,28.44,,,
stress-ng --cpu 2 --cpu-load 84 --quiet --timeout 60s,42,4/27/2026,13:52:07,42.43,8.37,28.44,,,
stress-ng --cpu 2 --cpu-load 84 --quiet --timeout 60s,42,4/27/2026,13:52:08,42.67,8.37,28.04,,,
stress-ng --cpu 2 --cpu-load 84 --quiet --timeout 60s,42,4/27/2026,13:52:09,43.03,8.37,27.97,,,
stress-ng --cpu 2 --cpu-load 84 --quiet --timeout 60s,42,4/27/2026,13:52:10,42.67,8.37,27.97,,,
stress-ng --cpu 2 --cpu-load 84 --quiet --timeout 60s,42,4/27/2026,13:52:11,42.78,8.37,27.93,,,
stress-ng --cpu 2 --cpu-load 84 --quiet --timeout 60s,42,4/27/2026,13:52:12,42.57,8.37,27.97,,,
stress-ng --cpu 2 --cpu-load 84 --quiet --timeout 60s,42,4/27/2026,13:52:13,42.89,8.37,27.97,,,
stress-ng --cpu 2 --cpu-load 84 --quiet --timeout 60s,42,4/27/2026,13:52:14,42.43,8.37,28.1,,,
stress-ng --cpu 2 --cpu-load 84 --quiet --timeout 60s,42,4/27/2026,13:52:15,42.92,8.37,27.69,,,
stress-ng --cpu 2 --cpu-load 84 --quiet --timeout 60s,42,4/27/2026,13:52:16,42.67,8.37,27.69,,,
stress-ng --cpu 2 --cpu-load 84 --quiet --timeout 60s,42,4/27/2026,13:52:17,42.78,8.37,28.03,,,
stress-ng --cpu 2 --cpu-load 84 --quiet --timeout 60s,42,4/27/2026,13:52:18,42.43,8.37,27.79,,,
stress-ng --cpu 2 --cpu-load 84 --quiet --timeout 60s,42,4/27/2026,13:52:19,42.67,8.37,27.79,,,
stress-ng --cpu 2 --cpu-load 84 --quiet --timeout 60s,42,4/27/2026,13:52:20,42.53,8.37,28.85,,,
stress-ng --cpu 2 --cpu-load 84 --quiet --timeout 60s,42,4/27/2026,13:52:21,42.53,8.37,28.55,,,
stress-ng --cpu 2 --cpu-load 84 --quiet --timeout 60s,42,4/27/2026,13:52:22,42.53,8.37,28.55,,,
stress-ng --cpu 2 --cpu-load 84 --quiet --timeout 60s,42,4/27/2026,13:52:23,43.17,8.37,29,,,
stress-ng --cpu 2 --cpu-load 84 --quiet --timeout 60s,42,4/27/2026,13:52:24,42.57,8.37,29,,,
stress-ng --cpu 2 --cpu-load 84 --quiet --timeout 60s,42,4/27/2026,13:52:25,42.64,8.37,29.08,,,
stress-ng --cpu 2 --cpu-load 84 --quiet --timeout 60s,42,4/27/2026,13:52:26,42.67,8.37,29.08,,,
stress-ng --cpu 2 --cpu-load 84 --quiet --timeout 60s,42,4/27/2026,13:52:27,42.53,8.37,28.65,,,
stress-ng --cpu 2 --cpu-load 84 --quiet --timeout 60s,42,4/27/2026,13:52:28,42.53,8.37,28.59,,,
stress-ng --cpu 2 --cpu-load 84 --quiet --timeout 60s,42,4/27/2026,13:52:29,42.78,8.37,28.59,,,
stress-ng --cpu 2 --cpu-load 84 --quiet --timeout 60s,42,4/27/2026,13:52:30,42.71,8.37,28.53,,,
stress-ng --cpu 2 --cpu-load 84 --quiet --timeout 60s,42,4/27/2026,13:52:31,42.57,8.37,28.48,,,
stress-ng --cpu 2 --cpu-load 84 --quiet --timeout 60s,42,4/27/2026,13:52:32,7.65,8.36,28.48,,,
stress-ng --cpu 2 --cpu-load 84 --quiet --timeout 60s,42,4/27/2026,15:33:34,15.38,8.39,9.67,,,
stress-ng --cpu 2 --cpu-load 84 --quiet --timeout 60s,42,4/27/2026,15:33:35,42.71,8.39,16.83,,,
stress-ng --cpu 2 --cpu-load 84 --quiet --timeout 60s,42,4/27/2026,15:33:36,42.78,8.39,16.83,,,
stress-ng --cpu 2 --cpu-load 84 --quiet --timeout 60s,42,4/27/2026,15:33:37,42.78,8.39,16.83,,,
stress-ng --cpu 2 --cpu-load 84 --quiet --timeout 60s,42,4/27/2026,15:33:38,42.57,8.39,27.87,,,
stress-ng --cpu 2 --cpu-load 84 --quiet --timeout 60s,42,4/27/2026,15:33:39,43.06,8.39,27.69,,,
stress-ng --cpu 2 --cpu-load 84 --quiet --timeout 60s,42,4/27/2026,15:33:40,42.28,8.39,27.69,,,
stress-ng --cpu 2 --cpu-load 84 --quiet --timeout 60s,42,4/27/2026,15:33:41,42.67,8.39,28.1,,,
stress-ng --cpu 2 --cpu-load 84 --quiet --timeout 60s,42,4/27/2026,15:33:42,42.78,8.39,28.1,,,
stress-ng --cpu 2 --cpu-load 84 --quiet --timeout 60s,42,4/27/2026,15:33:43,42.57,8.39,28.1,,,
stress-ng --cpu 2 --cpu-load 84 --quiet --timeout 60s,42,4/27/2026,15:33:44,42.78,8.39,28.04,,,
stress-ng --cpu 2 --cpu-load 84 --quiet --timeout 60s,42,4/27/2026,15:33:45,42.53,8.39,27.87,,,
stress-ng --cpu 2 --cpu-load 84 --quiet --timeout 60s,42,4/27/2026,15:33:46,42.43,8.39,27.87,,,
stress-ng --cpu 2 --cpu-load 84 --quiet --timeout 60s,42,4/27/2026,15:33:47,42.92,8.39,28.17,,,
stress-ng --cpu 2 --cpu-load 84 --quiet --timeout 60s,42,4/27/2026,15:33:48,42.53,8.39,27.73,,,
stress-ng --cpu 2 --cpu-load 84 --quiet --timeout 60s,42,4/27/2026,15:33:49,43.06,8.39,27.73,,,
stress-ng --cpu 2 --cpu-load 84 --quiet --timeout 60s,42,4/27/2026,15:33:50,42.53,8.39,28.01,,,
stress-ng --cpu 2 --cpu-load 84 --quiet --timeout 60s,42,4/27/2026,15:33:51,42.43,8.39,27.94,,,
stress-ng --cpu 2 --cpu-load 84 --quiet --timeout 60s,42,4/27/2026,15:33:52,42.67,8.39,27.94,,,
stress-ng --cpu 2 --cpu-load 84 --quiet --timeout 60s,42,4/27/2026,15:33:53,42.89,8.39,27.89,,,
stress-ng --cpu 2 --cpu-load 84 --quiet --timeout 60s,42,4/27/2026,15:33:54,42.67,8.39,27.9,,,
stress-ng --cpu 2 --cpu-load 84 --quiet --timeout 60s,42,4/27/2026,15:33:55,42.67,8.39,27.9,,,
stress-ng --cpu 2 --cpu-load 84 --quiet --timeout 60s,42,4/27/2026,15:33:56,42.43,8.39,27.58,,,
stress-ng --cpu 2 --cpu-load 84 --quiet --timeout 60s,42,4/27/2026,15:33:57,42.64,8.39,28.06,,,
stress-ng --cpu 2 --cpu-load 84 --quiet --timeout 60s,42,4/27/2026,15:33:58,42.82,8.39,28.06,,,
stress-ng --cpu 2 --cpu-load 84 --quiet --timeout 60s,42,4/27/2026,15:33:59,42.64,8.39,27.93,,,
stress-ng --cpu 2 --cpu-load 84 --quiet --timeout 60s,42,4/27/2026,15:34:00,42.71,8.39,27.79,,,
stress-ng --cpu 2 --cpu-load 84 --quiet --timeout 60s,42,4/27/2026,15:34:01,42.53,8.39,27.79,,,
stress-ng --cpu 2 --cpu-load 84 --quiet --timeout 60s,42,4/27/2026,15:34:02,42.71,8.39,28.51,,,
stress-ng --cpu 2 --cpu-load 84 --quiet --timeout 60s,42,4/27/2026,15:34:03,43.03,8.39,28.01,,,
stress-ng --cpu 2 --cpu-load 84 --quiet --timeout 60s,42,4/27/2026,15:34:04,42.57,8.39,28.01,,,
stress-ng --cpu 2 --cpu-load 84 --quiet --timeout 60s,42,4/27/2026,15:34:05,42.78,8.39,28.49,,,
stress-ng --cpu 2 --cpu-load 84 --quiet --timeout 60s,42,4/27/2026,15:34:06,42.43,8.39,28.43,,,
stress-ng --cpu 2 --cpu-load 84 --quiet --timeout 60s,42,4/27/2026,15:34:07,42.67,8.39,28.43,,,
stress-ng --cpu 2 --cpu-load 84 --quiet --timeout 60s,42,4/27/2026,15:34:08,42.43,8.39,28.71,,,
stress-ng --cpu 2 --cpu-load 84 --quiet --timeout 60s,42,4/27/2026,15:34:09,42.78,8.39,28.33,,,
stress-ng --cpu 2 --cpu-load 84 --quiet --timeout 60s,42,4/27/2026,15:34:10,42.53,8.39,28.33,,,
stress-ng --cpu 2 --cpu-load 84 --quiet --timeout 60s,42,4/27/2026,15:34:11,42.78,8.39,28.15,,,
stress-ng --cpu 2 --cpu-load 84 --quiet --timeout 60s,42,4/27/2026,15:34:12,42.78,8.39,28.35,,,
stress-ng --cpu 2 --cpu-load 84 --quiet --timeout 60s,42,4/27/2026,15:34:13,42.67,8.39,28.35,,,
stress-ng --cpu 2 --cpu-load 84 --quiet --timeout 60s,42,4/27/2026,15:34:14,42.69,8.39,28.4,,,
stress-ng --cpu 2 --cpu-load 84 --quiet --timeout 60s,42,4/27/2026,15:34:15,42.71,8.39,28.34,,,
stress-ng --cpu 2 --cpu-load 84 --quiet --timeout 60s,42,4/27/2026,15:34:16,42.64,8.39,28.34,,,
stress-ng --cpu 2 --cpu-load 84 --quiet --timeout 60s,42,4/27/2026,15:34:17,42.43,8.39,28.52,,,
stress-ng --cpu 2 --cpu-load 84 --quiet --timeout 60s,42,4/27/2026,15:34:18,42.78,8.39,28.06,,,
stress-ng --cpu 2 --cpu-load 84 --quiet --timeout 60s,42,4/27/2026,15:34:19,42.28,8.39,28.06,,,
stress-ng --cpu 2 --cpu-load 84 --quiet --timeout 60s,42,4/27/2026,15:34:20,42.67,8.39,28.34,,,
stress-ng --cpu 2 --cpu-load 84 --quiet --timeout 60s,42,4/27/2026,15:34:21,42.78,8.39,28.37,,,
stress-ng --cpu 2 --cpu-load 84 --quiet --timeout 60s,42,4/27/2026,15:34:22,42.43,8.39,28.37,,,
stress-ng --cpu 2 --cpu-load 84 --quiet --timeout 60s,42,4/27/2026,15:34:23,42.78,8.39,28.78,,,
stress-ng --cpu 2 --cpu-load 84 --quiet --timeout 60s,42,4/27/2026,15:34:24,42.67,8.39,28.2,,,
stress-ng --cpu 2 --cpu-load 84 --quiet --timeout 60s,42,4/27/2026,15:34:25,42.57,8.39,28.2,,,
stress-ng --cpu 2 --cpu-load 84 --quiet --timeout 60s,42,4/27/2026,15:34:26,42.78,8.39,28.31,,,
stress-ng --cpu 2 --cpu-load 84 --quiet --timeout 60s,42,4/27/2026,15:34:27,42.43,8.39,28.64,,,
stress-ng --cpu 2 --cpu-load 84 --quiet --timeout 60s,42,4/27/2026,15:34:28,42.53,8.39,28.64,,,
stress-ng --cpu 2 --cpu-load 84 --quiet --timeout 60s,42,4/27/2026,15:34:29,42.43,8.39,28.16,,,
stress-ng --cpu 2 --cpu-load 84 --quiet --timeout 60s,42,4/27/2026,15:34:30,42.89,8.39,28.36,,,
stress-ng --cpu 2 --cpu-load 84 --quiet --timeout 60s,42,4/27/2026,15:34:31,42.57,8.39,28.36,,,
stress-ng --cpu 2 --cpu-load 84 --quiet --timeout 60s,42,4/27/2026,15:34:32,42.53,8.39,28.69,,,
stress-ng --cpu 2 --cpu-load 84 --quiet --timeout 60s,42,4/27/2026,15:34:33,42.92,8.39,28.41,,,
stress-ng --cpu 2 --cpu-load 84 --quiet --timeout 60s,42,4/27/2026,15:34:34,42.53,8.39,28.41,,,
stress-ng --cpu 2 --cpu-load 84 --quiet --timeout 60s,42,4/27/2026,17:49:37,1.22,8.42,10.66,,,
stress-ng --cpu 2 --cpu-load 84 --quiet --timeout 60s,42,4/27/2026,17:49:38,41.17,8.44,17.57,,,
stress-ng --cpu 2 --cpu-load 84 --quiet --timeout 60s,42,4/27/2026,17:49:39,43.14,8.44,17.57,,,
stress-ng --cpu 2 --cpu-load 84 --quiet --timeout 60s,42,4/27/2026,17:49:40,42.53,8.44,17.57,,,
stress-ng --cpu 2 --cpu-load 84 --quiet --timeout 60s,42,4/27/2026,17:49:41,42.67,8.44,28.05,,,
stress-ng --cpu 2 --cpu-load 84 --quiet --timeout 60s,42,4/27/2026,17:49:42,42.67,8.44,28.22,,,
stress-ng --cpu 2 --cpu-load 84 --quiet --timeout 60s,42,4/27/2026,17:49:43,42.78,8.44,28.22,,,
stress-ng --cpu 2 --cpu-load 84 --quiet --timeout 60s,42,4/27/2026,17:49:44,42.64,8.44,28.42,,,
stress-ng --cpu 2 --cpu-load 84 --quiet --timeout 60s,42,4/27/2026,17:49:45,42.92,8.44,28.36,,,
stress-ng --cpu 2 --cpu-load 84 --quiet --timeout 60s,42,4/27/2026,17:49:46,42.43,8.44,28.36,,,
stress-ng --cpu 2 --cpu-load 84 --quiet --timeout 60s,42,4/27/2026,17:49:47,42.78,8.44,28.41,,,
stress-ng --cpu 2 --cpu-load 84 --quiet --timeout 60s,42,4/27/2026,17:49:48,42.67,8.44,28.4,,,
stress-ng --cpu 2 --cpu-load 84 --quiet --timeout 60s,42,4/27/2026,17:49:49,42.53,8.44,28.4,,,
stress-ng --cpu 2 --cpu-load 84 --quiet --timeout 60s,42,4/27/2026,17:49:50,42.92,8.45,28.27,,,
stress-ng --cpu 2 --cpu-load 84 --quiet --timeout 60s,42,4/27/2026,17:49:51,42.78,8.45,28.49,,,
stress-ng --cpu 2 --cpu-load 84 --quiet --timeout 60s,42,4/27/2026,17:49:52,42.78,8.45,28.49,,,
stress-ng --cpu 2 --cpu-load 84 --quiet --timeout 60s,42,4/27/2026,17:49:53,42.67,8.45,28.88,,,
stress-ng --cpu 2 --cpu-load 84 --quiet --timeout 60s,42,4/27/2026,17:49:54,42.82,8.45,28.45,,,
stress-ng --cpu 2 --cpu-load 84 --quiet --timeout 60s,42,4/27/2026,17:49:55,42.53,8.45,28.45,,,
stress-ng --cpu 2 --cpu-load 84 --quiet --timeout 60s,42,4/27/2026,17:49:56,42.64,8.45,28.26,,,
stress-ng --cpu 2 --cpu-load 84 --quiet --timeout 60s,42,4/27/2026,17:49:57,42.46,8.45,28.35,,,
stress-ng --cpu 2 --cpu-load 84 --quiet --timeout 60s,42,4/27/2026,17:49:58,43.03,8.45,28.35,,,
stress-ng --cpu 2 --cpu-load 84 --quiet --timeout 60s,42,4/27/2026,17:49:59,42.82,8.45,28.45,,,
stress-ng --cpu 2 --cpu-load 84 --quiet --timeout 60s,42,4/27/2026,17:50:00,42.67,8.45,29.04,,,
stress-ng --cpu 2 --cpu-load 84 --quiet --timeout 60s,42,4/27/2026,17:50:01,42.67,8.45,29.04,,,
stress-ng --cpu 2 --cpu-load 84 --quiet --timeout 60s,42,4/27/2026,17:50:02,42.53,8.45,28.51,,,
stress-ng --cpu 2 --cpu-load 84 --quiet --timeout 60s,42,4/27/2026,17:50:03,42.39,8.45,28.25,,,
stress-ng --cpu 2 --cpu-load 84 --quiet --timeout 60s,42,4/27/2026,17:50:04,43.03,8.45,28.25,,,
stress-ng --cpu 2 --cpu-load 84 --quiet --timeout 60s,42,4/27/2026,17:50:05,42.78,8.45,28.91,,,
stress-ng --cpu 2 --cpu-load 84 --quiet --timeout 60s,42,4/27/2026,17:50:06,42.71,8.45,28.58,,,
stress-ng --cpu 2 --cpu-load 84 --quiet --timeout 60s,42,4/27/2026,17:50:07,42.53,8.45,28.58,,,
stress-ng --cpu 2 --cpu-load 84 --quiet --timeout 60s,42,4/27/2026,17:50:08,42.92,8.45,28.79,,,
stress-ng --cpu 2 --cpu-load 84 --quiet --timeout 60s,42,4/27/2026,17:50:09,42.67,8.45,28.94,,,
stress-ng --cpu 2 --cpu-load 84 --quiet --timeout 60s,42,4/27/2026,17:50:10,43.14,8.45,28.94,,,
stress-ng --cpu 2 --cpu-load 84 --quiet --timeout 60s,42,4/27/2026,17:50:11,42.67,8.45,28.82,,,
stress-ng --cpu 2 --cpu-load 84 --quiet --timeout 60s,42,4/27/2026,17:50:12,42.78,8.45,28.72,,,
stress-ng --cpu 2 --cpu-load 84 --quiet --timeout 60s,42,4/27/2026,17:50:13,42.82,8.45,28.72,,,
stress-ng --cpu 2 --cpu-load 84 --quiet --timeout 60s,42,4/27/2026,17:50:14,42.43,8.45,29.42,,,
stress-ng --cpu 2 --cpu-load 84 --quiet --timeout 60s,42,4/27/2026,17:50:15,42.53,8.45,28.51,,,
stress-ng --cpu 2 --cpu-load 84 --quiet --timeout 60s,42,4/27/2026,17:50:16,42.53,8.45,28.51,,,
stress-ng --cpu 2 --cpu-load 84 --quiet --timeout 60s,42,4/27/2026,17:50:17,42.78,8.45,28.67,,,
stress-ng --cpu 2 --cpu-load 84 --quiet --timeout 60s,42,4/27/2026,17:50:18,42.43,8.45,28.57,,,
stress-ng --cpu 2 --cpu-load 84 --quiet --timeout 60s,42,4/27/2026,17:50:19,42.78,8.45,28.57,,,
stress-ng --cpu 2 --cpu-load 84 --quiet --timeout 60s,42,4/27/2026,17:50:20,42.43,8.45,28.57,,,
stress-ng --cpu 2 --cpu-load 84 --quiet --timeout 60s,42,4/27/2026,17:50:21,42.78,8.45,29.23,,,
stress-ng --cpu 2 --cpu-load 84 --quiet --timeout 60s,42,4/27/2026,17:50:22,42.67,8.45,29.23,,,
stress-ng --cpu 2 --cpu-load 84 --quiet --timeout 60s,42,4/27/2026,17:50:23,42.78,8.45,28.97,,,
stress-ng --cpu 2 --cpu-load 84 --quiet --timeout 60s,42,4/27/2026,17:50:24,42.67,8.45,28.85,,,
stress-ng --cpu 2 --cpu-load 84 --quiet --timeout 60s,42,4/27/2026,17:50:25,42.53,8.45,28.85,,,
stress-ng --cpu 2 --cpu-load 84 --quiet --timeout 60s,42,4/27/2026,17:50:26,42.67,8.45,28.72,,,
stress-ng --cpu 2 --cpu-load 84 --quiet --timeout 60s,42,4/27/2026,17:50:27,42.53,8.45,28.9,,,
stress-ng --cpu 2 --cpu-load 84 --quiet --timeout 60s,42,4/27/2026,17:50:28,43.03,8.45,28.9,,,
stress-ng --cpu 2 --cpu-load 84 --quiet --timeout 60s,42,4/27/2026,17:50:29,42.53,8.45,28.79,,,
stress-ng --cpu 2 --cpu-load 84 --quiet --timeout 60s,42,4/27/2026,17:50:30,42.53,8.45,28.56,,,
stress-ng --cpu 2 --cpu-load 84 --quiet --timeout 60s,42,4/27/2026,17:50:31,42.53,8.45,28.56,,,
stress-ng --cpu 2 --cpu-load 84 --quiet --timeout 60s,42,4/27/2026,17:50:32,42.57,8.45,28.69,,,
stress-ng --cpu 2 --cpu-load 84 --quiet --timeout 60s,42,4/27/2026,17:50:33,42.39,8.45,28.59,,,
stress-ng --cpu 2 --cpu-load 84 --quiet --timeout 60s,42,4/27/2026,17:50:34,42.82,8.45,28.59,,,
stress-ng --cpu 2 --cpu-load 84 --quiet --timeout 60s,42,4/27/2026,17:50:35,42.53,8.45,28.73,,,
stress-ng --cpu 2 --cpu-load 84 --quiet --timeout 60s,42,4/27/2026,17:50:36,42.53,8.45,29.32,,,
stress-ng --cpu 2 --cpu-load 84 --quiet --timeout 60s,42,4/27/2026,17:50:37,27.4,8.45,29.32,,,
stress-ng --cpu 2 --cpu-load 86 --quiet --timeout 60s,43,4/27/2026,12:35:30,1.72,8.38,9.28,,,
stress-ng --cpu 2 --cpu-load 86 --quiet --timeout 60s,43,4/27/2026,12:35:31,33.41,8.41,9.97,,,
stress-ng --cpu 2 --cpu-load 86 --quiet --timeout 60s,43,4/27/2026,12:35:32,43.67,8.41,27.82,,,
stress-ng --cpu 2 --cpu-load 86 --quiet --timeout 60s,43,4/27/2026,12:35:33,43.78,8.41,27.82,,,
stress-ng --cpu 2 --cpu-load 86 --quiet --timeout 60s,43,4/27/2026,12:35:34,43.78,8.41,29,,,
stress-ng --cpu 2 --cpu-load 86 --quiet --timeout 60s,43,4/27/2026,12:35:35,43.67,8.41,29,,,
stress-ng --cpu 2 --cpu-load 86 --quiet --timeout 60s,43,4/27/2026,12:35:36,43.89,8.41,28.72,,,
stress-ng --cpu 2 --cpu-load 86 --quiet --timeout 60s,43,4/27/2026,12:35:37,43.81,8.41,28.52,,,
stress-ng --cpu 2 --cpu-load 86 --quiet --timeout 60s,43,4/27/2026,12:35:38,43.53,8.41,28.52,,,
stress-ng --cpu 2 --cpu-load 86 --quiet --timeout 60s,43,4/27/2026,12:35:39,43.67,8.41,28.74,,,
stress-ng --cpu 2 --cpu-load 86 --quiet --timeout 60s,43,4/27/2026,12:35:40,43.67,8.41,28.45,,,
stress-ng --cpu 2 --cpu-load 86 --quiet --timeout 60s,43,4/27/2026,12:35:41,43.53,8.41,28.45,,,
stress-ng --cpu 2 --cpu-load 86 --quiet --timeout 60s,43,4/27/2026,12:35:42,43.42,8.41,28.46,,,
stress-ng --cpu 2 --cpu-load 86 --quiet --timeout 60s,43,4/27/2026,12:35:43,44.02,8.41,28.8,,,
stress-ng --cpu 2 --cpu-load 86 --quiet --timeout 60s,43,4/27/2026,12:35:44,43.28,8.41,28.8,,,
stress-ng --cpu 2 --cpu-load 86 --quiet --timeout 60s,43,4/27/2026,12:35:45,44.02,8.41,28.25,,,
stress-ng --cpu 2 --cpu-load 86 --quiet --timeout 60s,43,4/27/2026,12:35:46,43.67,8.41,28.31,,,
stress-ng --cpu 2 --cpu-load 86 --quiet --timeout 60s,43,4/27/2026,12:35:47,43.53,8.41,28.31,,,
stress-ng --cpu 2 --cpu-load 86 --quiet --timeout 60s,43,4/27/2026,12:35:48,43.67,8.41,29.02,,,
stress-ng --cpu 2 --cpu-load 86 --quiet --timeout 60s,43,4/27/2026,12:35:49,43.67,8.42,29.07,,,
stress-ng --cpu 2 --cpu-load 86 --quiet --timeout 60s,43,4/27/2026,12:35:50,43.67,8.42,29.07,,,
stress-ng --cpu 2 --cpu-load 86 --quiet --timeout 60s,43,4/27/2026,12:35:51,43.81,8.42,28.68,,,
stress-ng --cpu 2 --cpu-load 86 --quiet --timeout 60s,43,4/27/2026,12:35:52,43.64,8.42,28.74,,,
stress-ng --cpu 2 --cpu-load 86 --quiet --timeout 60s,43,4/27/2026,12:35:53,43.56,8.42,28.74,,,
stress-ng --cpu 2 --cpu-load 86 --quiet --timeout 60s,43,4/27/2026,12:35:54,43.64,8.42,28.87,,,
stress-ng --cpu 2 --cpu-load 86 --quiet --timeout 60s,43,4/27/2026,12:35:55,43.56,8.42,28.92,,,
stress-ng --cpu 2 --cpu-load 86 --quiet --timeout 60s,43,4/27/2026,12:35:56,43.67,8.42,28.92,,,
stress-ng --cpu 2 --cpu-load 86 --quiet --timeout 60s,43,4/27/2026,12:35:57,43.53,8.42,28.72,,,
stress-ng --cpu 2 --cpu-load 86 --quiet --timeout 60s,43,4/27/2026,12:35:58,43.81,8.42,29.07,,,
stress-ng --cpu 2 --cpu-load 86 --quiet --timeout 60s,43,4/27/2026,12:35:59,43.64,8.42,29.07,,,
stress-ng --cpu 2 --cpu-load 86 --quiet --timeout 60s,43,4/27/2026,12:36:00,43.95,8.42,28.59,,,
stress-ng --cpu 2 --cpu-load 86 --quiet --timeout 60s,43,4/27/2026,12:36:01,43.64,8.42,28.65,,,
stress-ng --cpu 2 --cpu-load 86 --quiet --timeout 60s,43,4/27/2026,12:36:02,43.53,8.42,28.65,,,
stress-ng --cpu 2 --cpu-load 86 --quiet --timeout 60s,43,4/27/2026,12:36:03,43.92,8.42,29.86,,,
stress-ng --cpu 2 --cpu-load 86 --quiet --timeout 60s,43,4/27/2026,12:36:04,43.78,8.42,29.86,,,
stress-ng --cpu 2 --cpu-load 86 --quiet --timeout 60s,43,4/27/2026,12:36:05,43.67,8.42,29.86,,,
stress-ng --cpu 2 --cpu-load 86 --quiet --timeout 60s,43,4/27/2026,12:36:06,43.56,8.42,29.47,,,
stress-ng --cpu 2 --cpu-load 86 --quiet --timeout 60s,43,4/27/2026,12:36:07,43.81,8.42,28.86,,,
stress-ng --cpu 2 --cpu-load 86 --quiet --timeout 60s,43,4/27/2026,12:36:08,43.53,8.42,28.86,,,
stress-ng --cpu 2 --cpu-load 86 --quiet --timeout 60s,43,4/27/2026,12:36:09,43.7,8.42,29.12,,,
stress-ng --cpu 2 --cpu-load 86 --quiet --timeout 60s,43,4/27/2026,12:36:10,43.92,8.42,28.74,,,
stress-ng --cpu 2 --cpu-load 86 --quiet --timeout 60s,43,4/27/2026,12:36:11,43.53,8.42,28.74,,,
stress-ng --cpu 2 --cpu-load 86 --quiet --timeout 60s,43,4/27/2026,12:36:12,43.78,8.42,29,,,
stress-ng --cpu 2 --cpu-load 86 --quiet --timeout 60s,43,4/27/2026,12:36:13,43.53,8.42,28.62,,,
stress-ng --cpu 2 --cpu-load 86 --quiet --timeout 60s,43,4/27/2026,12:36:14,43.67,8.42,28.62,,,
stress-ng --cpu 2 --cpu-load 86 --quiet --timeout 60s,43,4/27/2026,12:36:15,43.81,8.42,29.17,,,
stress-ng --cpu 2 --cpu-load 86 --quiet --timeout 60s,43,4/27/2026,12:36:16,43.64,8.42,28.87,,,
stress-ng --cpu 2 --cpu-load 86 --quiet --timeout 60s,43,4/27/2026,12:36:17,43.67,8.42,28.87,,,
stress-ng --cpu 2 --cpu-load 86 --quiet --timeout 60s,43,4/27/2026,12:36:18,43.67,8.42,29.11,,,
stress-ng --cpu 2 --cpu-load 86 --quiet --timeout 60s,43,4/27/2026,12:36:19,43.92,8.43,29.39,,,
stress-ng --cpu 2 --cpu-load 86 --quiet --timeout 60s,43,4/27/2026,12:36:20,43.42,8.43,29.39,,,
stress-ng --cpu 2 --cpu-load 86 --quiet --timeout 60s,43,4/27/2026,12:36:21,43.89,8.43,29.28,,,
stress-ng --cpu 2 --cpu-load 86 --quiet --timeout 60s,43,4/27/2026,12:36:22,43.67,8.43,28.78,,,
stress-ng --cpu 2 --cpu-load 86 --quiet --timeout 60s,43,4/27/2026,12:36:23,43.64,8.43,28.78,,,
stress-ng --cpu 2 --cpu-load 86 --quiet --timeout 60s,43,4/27/2026,12:36:24,43.42,8.43,29.23,,,
stress-ng --cpu 2 --cpu-load 86 --quiet --timeout 60s,43,4/27/2026,12:36:25,43.78,8.43,28.94,,,
stress-ng --cpu 2 --cpu-load 86 --quiet --timeout 60s,43,4/27/2026,12:36:26,43.67,8.43,28.94,,,
stress-ng --cpu 2 --cpu-load 86 --quiet --timeout 60s,43,4/27/2026,12:36:27,43.53,8.43,29.09,,,
stress-ng --cpu 2 --cpu-load 86 --quiet --timeout 60s,43,4/27/2026,12:36:28,43.81,8.43,28.72,,,
stress-ng --cpu 2 --cpu-load 86 --quiet --timeout 60s,43,4/27/2026,12:36:29,43.53,8.43,29.17,,,
stress-ng --cpu 2 --cpu-load 86 --quiet --timeout 60s,43,4/27/2026,12:36:30,36.2,8.41,28.39,,,
stress-ng --cpu 2 --cpu-load 86 --quiet --timeout 60s,43,4/27/2026,14:47:33,1.22,8.36,11.15,,,
stress-ng --cpu 2 --cpu-load 86 --quiet --timeout 60s,43,4/27/2026,14:47:34,40,8.37,11.15,,,
stress-ng --cpu 2 --cpu-load 86 --quiet --timeout 60s,43,4/27/2026,14:47:35,43.67,8.37,11.15,,,
stress-ng --cpu 2 --cpu-load 86 --quiet --timeout 60s,43,4/27/2026,14:47:36,43.67,8.37,28.61,,,
stress-ng --cpu 2 --cpu-load 86 --quiet --timeout 60s,43,4/27/2026,14:47:37,43.67,8.37,28.54,,,
stress-ng --cpu 2 --cpu-load 86 --quiet --timeout 60s,43,4/27/2026,14:47:38,43.81,8.37,28.54,,,
stress-ng --cpu 2 --cpu-load 86 --quiet --timeout 60s,43,4/27/2026,14:47:39,43.67,8.37,27.93,,,
stress-ng --cpu 2 --cpu-load 86 --quiet --timeout 60s,43,4/27/2026,14:47:40,43.64,8.37,28.56,,,
stress-ng --cpu 2 --cpu-load 86 --quiet --timeout 60s,43,4/27/2026,14:47:41,43.7,8.37,28.56,,,
stress-ng --cpu 2 --cpu-load 86 --quiet --timeout 60s,43,4/27/2026,14:47:42,43.64,8.37,28.11,,,
stress-ng --cpu 2 --cpu-load 86 --quiet --timeout 60s,43,4/27/2026,14:47:43,43.42,8.37,28.32,,,
stress-ng --cpu 2 --cpu-load 86 --quiet --timeout 60s,43,4/27/2026,14:47:44,43.67,8.37,28.32,,,
stress-ng --cpu 2 --cpu-load 86 --quiet --timeout 60s,43,4/27/2026,14:47:45,43.67,8.37,28.2,,,
stress-ng --cpu 2 --cpu-load 86 --quiet --timeout 60s,43,4/27/2026,14:47:46,43.78,8.37,28.73,,,
stress-ng --cpu 2 --cpu-load 86 --quiet --timeout 60s,43,4/27/2026,14:47:47,43.56,8.37,28.73,,,
stress-ng --cpu 2 --cpu-load 86 --quiet --timeout 60s,43,4/27/2026,14:47:48,43.67,8.37,28.47,,,
stress-ng --cpu 2 --cpu-load 86 --quiet --timeout 60s,43,4/27/2026,14:47:49,43.67,8.37,28.43,,,
stress-ng --cpu 2 --cpu-load 86 --quiet --timeout 60s,43,4/27/2026,14:47:50,43.67,8.37,28.43,,,
stress-ng --cpu 2 --cpu-load 86 --quiet --timeout 60s,43,4/27/2026,14:47:51,43.67,8.37,28.46,,,
stress-ng --cpu 2 --cpu-load 86 --quiet --timeout 60s,43,4/27/2026,14:47:52,43.67,8.37,28.57,,,
stress-ng --cpu 2 --cpu-load 86 --quiet --timeout 60s,43,4/27/2026,14:47:53,43.78,8.37,28.57,,,
stress-ng --cpu 2 --cpu-load 86 --quiet --timeout 60s,43,4/27/2026,14:47:54,43.78,8.37,28.36,,,
stress-ng --cpu 2 --cpu-load 86 --quiet --timeout 60s,43,4/27/2026,14:47:55,43.42,8.37,28.68,,,
stress-ng --cpu 2 --cpu-load 86 --quiet --timeout 60s,43,4/27/2026,14:47:56,43.78,8.37,28.68,,,
stress-ng --cpu 2 --cpu-load 86 --quiet --timeout 60s,43,4/27/2026,14:47:57,43.7,8.37,28.69,,,
stress-ng --cpu 2 --cpu-load 86 --quiet --timeout 60s,43,4/27/2026,14:47:58,43.53,8.37,28.36,,,
stress-ng --cpu 2 --cpu-load 86 --quiet --timeout 60s,43,4/27/2026,14:47:59,43.92,8.37,28.36,,,
stress-ng --cpu 2 --cpu-load 86 --quiet --timeout 60s,43,4/27/2026,14:48:00,43.53,8.37,28.27,,,
stress-ng --cpu 2 --cpu-load 86 --quiet --timeout 60s,43,4/27/2026,14:48:01,43.53,8.37,28.62,,,
stress-ng --cpu 2 --cpu-load 86 --quiet --timeout 60s,43,4/27/2026,14:48:02,43.78,8.37,28.62,,,
stress-ng --cpu 2 --cpu-load 86 --quiet --timeout 60s,43,4/27/2026,14:48:03,43.42,8.37,28.49,,,
stress-ng --cpu 2 --cpu-load 86 --quiet --timeout 60s,43,4/27/2026,14:48:04,44.02,8.37,28.52,,,
stress-ng --cpu 2 --cpu-load 86 --quiet --timeout 60s,43,4/27/2026,14:48:05,43.81,8.37,29.68,,,
stress-ng --cpu 2 --cpu-load 86 --quiet --timeout 60s,43,4/27/2026,14:48:06,43.67,8.37,29.68,,,
stress-ng --cpu 2 --cpu-load 86 --quiet --timeout 60s,43,4/27/2026,14:48:07,43.53,8.37,28.64,,,
stress-ng --cpu 2 --cpu-load 86 --quiet --timeout 60s,43,4/27/2026,14:48:08,43.53,8.37,28.64,,,
stress-ng --cpu 2 --cpu-load 86 --quiet --timeout 60s,43,4/27/2026,14:48:09,43.53,8.37,28.41,,,
stress-ng --cpu 2 --cpu-load 86 --quiet --timeout 60s,43,4/27/2026,14:48:10,43.89,8.37,28.84,,,
stress-ng --cpu 2 --cpu-load 86 --quiet --timeout 60s,43,4/27/2026,14:48:11,43.59,8.37,28.84,,,
stress-ng --cpu 2 --cpu-load 86 --quiet --timeout 60s,43,4/27/2026,14:48:12,43.53,8.37,29.13,,,
stress-ng --cpu 2 --cpu-load 86 --quiet --timeout 60s,43,4/27/2026,14:48:13,43.67,8.37,28.65,,,
stress-ng --cpu 2 --cpu-load 86 --quiet --timeout 60s,43,4/27/2026,14:48:14,43.78,8.37,28.65,,,
stress-ng --cpu 2 --cpu-load 86 --quiet --timeout 60s,43,4/27/2026,14:48:15,43.42,8.37,28.62,,,
stress-ng --cpu 2 --cpu-load 86 --quiet --timeout 60s,43,4/27/2026,14:48:16,43.53,8.37,28.99,,,
stress-ng --cpu 2 --cpu-load 86 --quiet --timeout 60s,43,4/27/2026,14:48:17,43.67,8.37,28.99,,,
stress-ng --cpu 2 --cpu-load 86 --quiet --timeout 60s,43,4/27/2026,14:48:18,43.56,8.37,28.62,,,
stress-ng --cpu 2 --cpu-load 86 --quiet --timeout 60s,43,4/27/2026,14:48:19,43.64,8.37,29.02,,,
stress-ng --cpu 2 --cpu-load 86 --quiet --timeout 60s,43,4/27/2026,14:48:20,43.67,8.37,29.02,,,
stress-ng --cpu 2 --cpu-load 86 --quiet --timeout 60s,43,4/27/2026,14:48:21,43.42,8.37,28.71,,,
stress-ng --cpu 2 --cpu-load 86 --quiet --timeout 60s,43,4/27/2026,14:48:22,43.67,8.37,28.9,,,
stress-ng --cpu 2 --cpu-load 86 --quiet --timeout 60s,43,4/27/2026,14:48:23,43.81,8.37,28.9,,,
stress-ng --cpu 2 --cpu-load 86 --quiet --timeout 60s,43,4/27/2026,14:48:24,43.64,8.37,28.77,,,
stress-ng --cpu 2 --cpu-load 86 --quiet --timeout 60s,43,4/27/2026,14:48:25,43.67,8.37,28.85,,,
stress-ng --cpu 2 --cpu-load 86 --quiet --timeout 60s,43,4/27/2026,14:48:26,43.53,8.37,28.85,,,
stress-ng --cpu 2 --cpu-load 86 --quiet --timeout 60s,43,4/27/2026,14:48:27,43.78,8.37,29.02,,,
stress-ng --cpu 2 --cpu-load 86 --quiet --timeout 60s,43,4/27/2026,14:48:28,43.42,8.37,29.11,,,
stress-ng --cpu 2 --cpu-load 86 --quiet --timeout 60s,43,4/27/2026,14:48:29,43.67,8.37,29.11,,,
stress-ng --cpu 2 --cpu-load 86 --quiet --timeout 60s,43,4/27/2026,14:48:30,43.39,8.37,28.56,,,
stress-ng --cpu 2 --cpu-load 86 --quiet --timeout 60s,43,4/27/2026,14:48:31,43.56,8.37,28.93,,,
stress-ng --cpu 2 --cpu-load 86 --quiet --timeout 60s,43,4/27/2026,14:48:32,43.56,8.37,28.93,,,
stress-ng --cpu 2 --cpu-load 86 --quiet --timeout 60s,43,4/27/2026,14:48:33,29.13,8.38,28.77,,,
stress-ng --cpu 2 --cpu-load 86 --quiet --timeout 60s,43,4/27/2026,18:41:38,3.2,8.41,9.19,,,
stress-ng --cpu 2 --cpu-load 86 --quiet --timeout 60s,43,4/27/2026,18:41:39,43.67,8.41,9.03,,,
stress-ng --cpu 2 --cpu-load 86 --quiet --timeout 60s,43,4/27/2026,18:41:40,43.42,8.41,27.5,,,
stress-ng --cpu 2 --cpu-load 86 --quiet --timeout 60s,43,4/27/2026,18:41:41,44.16,8.41,27.5,,,
stress-ng --cpu 2 --cpu-load 86 --quiet --timeout 60s,43,4/27/2026,18:41:42,43.89,8.41,27.67,,,
stress-ng --cpu 2 --cpu-load 86 --quiet --timeout 60s,43,4/27/2026,18:41:43,43.92,8.41,27.67,,,
stress-ng --cpu 2 --cpu-load 86 --quiet --timeout 60s,43,4/27/2026,18:41:44,43.42,8.41,28.12,,,
stress-ng --cpu 2 --cpu-load 86 --quiet --timeout 60s,43,4/27/2026,18:41:45,43.78,8.41,28.61,,,
stress-ng --cpu 2 --cpu-load 86 --quiet --timeout 60s,43,4/27/2026,18:41:46,43.67,8.41,28.61,,,
stress-ng --cpu 2 --cpu-load 86 --quiet --timeout 60s,43,4/27/2026,18:41:47,44.05,8.41,28.57,,,
stress-ng --cpu 2 --cpu-load 86 --quiet --timeout 60s,43,4/27/2026,18:41:48,43.53,8.41,28.63,,,
stress-ng --cpu 2 --cpu-load 86 --quiet --timeout 60s,43,4/27/2026,18:41:49,43.78,8.41,28.63,,,
stress-ng --cpu 2 --cpu-load 86 --quiet --timeout 60s,43,4/27/2026,18:41:50,43.42,8.41,28.8,,,
stress-ng --cpu 2 --cpu-load 86 --quiet --timeout 60s,43,4/27/2026,18:41:51,43.92,8.41,28.62,,,
stress-ng --cpu 2 --cpu-load 86 --quiet --timeout 60s,43,4/27/2026,18:41:52,43.53,8.41,28.62,,,
stress-ng --cpu 2 --cpu-load 86 --quiet --timeout 60s,43,4/27/2026,18:41:53,43.81,8.41,28.5,,,
stress-ng --cpu 2 --cpu-load 86 --quiet --timeout 60s,43,4/27/2026,18:41:54,43.67,8.41,28.38,,,
stress-ng --cpu 2 --cpu-load 86 --quiet --timeout 60s,43,4/27/2026,18:41:55,43.64,8.42,28.38,,,
stress-ng --cpu 2 --cpu-load 86 --quiet --timeout 60s,43,4/27/2026,18:41:56,43.81,8.42,28.69,,,
stress-ng --cpu 2 --cpu-load 86 --quiet --timeout 60s,43,4/27/2026,18:41:57,43.53,8.42,28.72,,,
stress-ng --cpu 2 --cpu-load 86 --quiet --timeout 60s,43,4/27/2026,18:41:58,43.81,8.42,28.72,,,
stress-ng --cpu 2 --cpu-load 86 --quiet --timeout 60s,43,4/27/2026,18:41:59,43.39,8.42,28.56,,,
stress-ng --cpu 2 --cpu-load 86 --quiet --timeout 60s,43,4/27/2026,18:42:00,43.81,8.42,28.32,,,
stress-ng --cpu 2 --cpu-load 86 --quiet --timeout 60s,43,4/27/2026,18:42:01,43.67,8.42,28.32,,,
stress-ng --cpu 2 --cpu-load 86 --quiet --timeout 60s,43,4/27/2026,18:42:02,43.67,8.42,28.4,,,
stress-ng --cpu 2 --cpu-load 86 --quiet --timeout 60s,43,4/27/2026,18:42:03,43.78,8.42,28.11,,,
stress-ng --cpu 2 --cpu-load 86 --quiet --timeout 60s,43,4/27/2026,18:42:04,43.81,8.42,28.11,,,
stress-ng --cpu 2 --cpu-load 86 --quiet --timeout 60s,43,4/27/2026,18:42:05,43.53,8.42,28.25,,,
stress-ng --cpu 2 --cpu-load 86 --quiet --timeout 60s,43,4/27/2026,18:42:06,43.81,8.42,28.8,,,
stress-ng --cpu 2 --cpu-load 86 --quiet --timeout 60s,43,4/27/2026,18:42:07,43.53,8.42,28.8,,,
stress-ng --cpu 2 --cpu-load 86 --quiet --timeout 60s,43,4/27/2026,18:42:08,44.05,8.42,28.81,,,
stress-ng --cpu 2 --cpu-load 86 --quiet --timeout 60s,43,4/27/2026,18:42:09,43.53,8.42,28.79,,,
stress-ng --cpu 2 --cpu-load 86 --quiet --timeout 60s,43,4/27/2026,18:42:10,44.16,8.42,29.88,,,
stress-ng --cpu 2 --cpu-load 86 --quiet --timeout 60s,43,4/27/2026,18:42:11,43.53,8.42,29.88,,,
stress-ng --cpu 2 --cpu-load 86 --quiet --timeout 60s,43,4/27/2026,18:42:12,43.67,8.42,28.71,,,
stress-ng --cpu 2 --cpu-load 86 --quiet --timeout 60s,43,4/27/2026,18:42:13,43.685,8.42,28.71,,,
stress-ng --cpu 2 --cpu-load 86 --quiet --timeout 60s,43,4/27/2026,18:42:14,43.7,8.42,28.65,,,
stress-ng --cpu 2 --cpu-load 86 --quiet --timeout 60s,43,4/27/2026,18:42:15,43.78,8.42,28.49,,,
stress-ng --cpu 2 --cpu-load 86 --quiet --timeout 60s,43,4/27/2026,18:42:16,43.56,8.42,28.49,,,
stress-ng --cpu 2 --cpu-load 86 --quiet --timeout 60s,43,4/27/2026,18:42:17,43.78,8.42,29.12,,,
stress-ng --cpu 2 --cpu-load 86 --quiet --timeout 60s,43,4/27/2026,18:42:18,43.42,8.42,28.91,,,
stress-ng --cpu 2 --cpu-load 86 --quiet --timeout 60s,43,4/27/2026,18:42:19,43.78,8.42,28.91,,,
stress-ng --cpu 2 --cpu-load 86 --quiet --timeout 60s,43,4/27/2026,18:42:20,43.53,8.42,28.77,,,
stress-ng --cpu 2 --cpu-load 86 --quiet --timeout 60s,43,4/27/2026,18:42:21,43.53,8.42,29.25,,,
stress-ng --cpu 2 --cpu-load 86 --quiet --timeout 60s,43,4/27/2026,18:42:22,43.56,8.42,29.25,,,
stress-ng --cpu 2 --cpu-load 86 --quiet --timeout 60s,43,4/27/2026,18:42:23,43.67,8.42,28.9,,,
stress-ng --cpu 2 --cpu-load 86 --quiet --timeout 60s,43,4/27/2026,18:42:24,43.53,8.42,28.61,,,
stress-ng --cpu 2 --cpu-load 86 --quiet --timeout 60s,43,4/27/2026,18:42:25,43.53,8.43,28.61,,,
stress-ng --cpu 2 --cpu-load 86 --quiet --timeout 60s,43,4/27/2026,18:42:26,43.67,8.43,29.14,,,
stress-ng --cpu 2 --cpu-load 86 --quiet --timeout 60s,43,4/27/2026,18:42:27,43.78,8.43,28.61,,,
stress-ng --cpu 2 --cpu-load 86 --quiet --timeout 60s,43,4/27/2026,18:42:28,43.67,8.43,28.61,,,
stress-ng --cpu 2 --cpu-load 86 --quiet --timeout 60s,43,4/27/2026,18:42:29,43.67,8.43,29.06,,,
stress-ng --cpu 2 --cpu-load 86 --quiet --timeout 60s,43,4/27/2026,18:42:30,43.53,8.43,28.77,,,
stress-ng --cpu 2 --cpu-load 86 --quiet --timeout 60s,43,4/27/2026,18:42:31,43.67,8.43,28.77,,,
stress-ng --cpu 2 --cpu-load 86 --quiet --timeout 60s,43,4/27/2026,18:42:32,44.05,8.42,29.44,,,
stress-ng --cpu 2 --cpu-load 86 --quiet --timeout 60s,43,4/27/2026,18:42:33,43.56,8.42,28.82,,,
stress-ng --cpu 2 --cpu-load 86 --quiet --timeout 60s,43,4/27/2026,18:42:34,44.16,8.42,28.82,,,
stress-ng --cpu 2 --cpu-load 86 --quiet --timeout 60s,43,4/27/2026,18:42:35,43.14,8.42,29,,,
stress-ng --cpu 2 --cpu-load 86 --quiet --timeout 60s,43,4/27/2026,18:42:36,43.78,8.42,29.26,,,
stress-ng --cpu 2 --cpu-load 86 --quiet --timeout 60s,43,4/27/2026,18:42:37,44.05,8.42,29.26,,,
stress-ng --cpu 2 --cpu-load 86 --quiet --timeout 60s,43,4/27/2026,18:42:38,43.39,8.42,28.82,,,
stress-ng --cpu 2 --cpu-load 88 --quiet --timeout 60s,44,4/27/2026,11:55:29,1.23,8.39,9.18,,,
stress-ng --cpu 2 --cpu-load 88 --quiet --timeout 60s,44,4/27/2026,11:55:30,35.22,8.42,14.88,,,
stress-ng --cpu 2 --cpu-load 88 --quiet --timeout 60s,44,4/27/2026,11:55:31,44.91,8.42,14.88,,,
stress-ng --cpu 2 --cpu-load 88 --quiet --timeout 60s,44,4/27/2026,11:55:32,44.66,8.42,14.88,,,
stress-ng --cpu 2 --cpu-load 88 --quiet --timeout 60s,44,4/27/2026,11:55:33,44.8,8.42,28.17,,,
stress-ng --cpu 2 --cpu-load 88 --quiet --timeout 60s,44,4/27/2026,11:55:34,44.66,8.42,28.6,,,
stress-ng --cpu 2 --cpu-load 88 --quiet --timeout 60s,44,4/27/2026,11:55:35,44.52,8.42,28.6,,,
stress-ng --cpu 2 --cpu-load 88 --quiet --timeout 60s,44,4/27/2026,11:55:36,44.77,8.42,28.6,,,
stress-ng --cpu 2 --cpu-load 88 --quiet --timeout 60s,44,4/27/2026,11:55:37,44.66,8.42,28.54,,,
stress-ng --cpu 2 --cpu-load 88 --quiet --timeout 60s,44,4/27/2026,11:55:38,44.66,8.42,28.54,,,
stress-ng --cpu 2 --cpu-load 88 --quiet --timeout 60s,44,4/27/2026,11:55:39,44.63,8.42,28.68,,,
stress-ng --cpu 2 --cpu-load 88 --quiet --timeout 60s,44,4/27/2026,11:55:40,44.41,8.42,28.51,,,
stress-ng --cpu 2 --cpu-load 88 --quiet --timeout 60s,44,4/27/2026,11:55:41,44.77,8.42,28.51,,,
stress-ng --cpu 2 --cpu-load 88 --quiet --timeout 60s,44,4/27/2026,11:55:42,44.52,8.42,28.49,,,
stress-ng --cpu 2 --cpu-load 88 --quiet --timeout 60s,44,4/27/2026,11:55:43,44.66,8.42,28.31,,,
stress-ng --cpu 2 --cpu-load 88 --quiet --timeout 60s,44,4/27/2026,11:55:44,44.55,8.42,28.31,,,
stress-ng --cpu 2 --cpu-load 88 --quiet --timeout 60s,44,4/27/2026,11:55:45,44.63,8.42,28.65,,,
stress-ng --cpu 2 --cpu-load 88 --quiet --timeout 60s,44,4/27/2026,11:55:46,44.8,8.42,28.6,,,
stress-ng --cpu 2 --cpu-load 88 --quiet --timeout 60s,44,4/27/2026,11:55:47,44.55,8.42,28.6,,,
stress-ng --cpu 2 --cpu-load 88 --quiet --timeout 60s,44,4/27/2026,11:55:48,44.77,8.42,28.82,,,
stress-ng --cpu 2 --cpu-load 88 --quiet --timeout 60s,44,4/27/2026,11:55:49,44.77,8.42,28.54,,,
stress-ng --cpu 2 --cpu-load 88 --quiet --timeout 60s,44,4/27/2026,11:55:50,44.52,8.42,28.54,,,
stress-ng --cpu 2 --cpu-load 88 --quiet --timeout 60s,44,4/27/2026,11:55:51,44.52,8.42,28.73,,,
stress-ng --cpu 2 --cpu-load 88 --quiet --timeout 60s,44,4/27/2026,11:55:52,44.8,8.42,28.43,,,
stress-ng --cpu 2 --cpu-load 88 --quiet --timeout 60s,44,4/27/2026,11:55:53,44.52,8.42,28.43,,,
stress-ng --cpu 2 --cpu-load 88 --quiet --timeout 60s,44,4/27/2026,11:55:54,44.77,8.42,28.88,,,
stress-ng --cpu 2 --cpu-load 88 --quiet --timeout 60s,44,4/27/2026,11:55:55,44.41,8.42,28.31,,,
stress-ng --cpu 2 --cpu-load 88 --quiet --timeout 60s,44,4/27/2026,11:55:56,44.77,8.42,28.31,,,
stress-ng --cpu 2 --cpu-load 88 --quiet --timeout 60s,44,4/27/2026,11:55:57,44.55,8.42,28.61,,,
stress-ng --cpu 2 --cpu-load 88 --quiet --timeout 60s,44,4/27/2026,11:55:58,44.63,8.42,28.41,,,
stress-ng --cpu 2 --cpu-load 88 --quiet --timeout 60s,44,4/27/2026,11:55:59,44.66,8.42,28.41,,,
stress-ng --cpu 2 --cpu-load 88 --quiet --timeout 60s,44,4/27/2026,11:56:00,44.52,8.42,29.06,,,
stress-ng --cpu 2 --cpu-load 88 --quiet --timeout 60s,44,4/27/2026,11:56:01,44.66,8.42,28.58,,,
stress-ng --cpu 2 --cpu-load 88 --quiet --timeout 60s,44,4/27/2026,11:56:02,44.66,8.42,28.58,,,
stress-ng --cpu 2 --cpu-load 88 --quiet --timeout 60s,44,4/27/2026,11:56:03,44.52,8.42,28.59,,,
stress-ng --cpu 2 --cpu-load 88 --quiet --timeout 60s,44,4/27/2026,11:56:04,45.16,8.42,29.09,,,
stress-ng --cpu 2 --cpu-load 88 --quiet --timeout 60s,44,4/27/2026,11:56:05,44.52,8.42,29.09,,,
stress-ng --cpu 2 --cpu-load 88 --quiet --timeout 60s,44,4/27/2026,11:56:06,44.8,8.42,28.71,,,
stress-ng --cpu 2 --cpu-load 88 --quiet --timeout 60s,44,4/27/2026,11:56:07,44.66,8.42,28.7,,,
stress-ng --cpu 2 --cpu-load 88 --quiet --timeout 60s,44,4/27/2026,11:56:08,44.66,8.42,28.7,,,
stress-ng --cpu 2 --cpu-load 88 --quiet --timeout 60s,44,4/27/2026,11:56:09,45.04,8.42,28.92,,,
stress-ng --cpu 2 --cpu-load 88 --quiet --timeout 60s,44,4/27/2026,11:56:10,44.8,8.42,28.6,,,
stress-ng --cpu 2 --cpu-load 88 --quiet --timeout 60s,44,4/27/2026,11:56:11,44.77,8.42,28.6,,,
stress-ng --cpu 2 --cpu-load 88 --quiet --timeout 60s,44,4/27/2026,11:56:12,44.55,8.42,28.73,,,
stress-ng --cpu 2 --cpu-load 88 --quiet --timeout 60s,44,4/27/2026,11:56:13,44.52,8.42,28.6,,,
stress-ng --cpu 2 --cpu-load 88 --quiet --timeout 60s,44,4/27/2026,11:56:14,44.66,8.42,28.6,,,
stress-ng --cpu 2 --cpu-load 88 --quiet --timeout 60s,44,4/27/2026,11:56:15,44.91,8.42,28.97,,,
stress-ng --cpu 2 --cpu-load 88 --quiet --timeout 60s,44,4/27/2026,11:56:16,44.52,8.42,28.92,,,
stress-ng --cpu 2 --cpu-load 88 --quiet --timeout 60s,44,4/27/2026,11:56:17,44.66,8.42,28.92,,,
stress-ng --cpu 2 --cpu-load 88 --quiet --timeout 60s,44,4/27/2026,11:56:18,44.66,8.42,28.83,,,
stress-ng --cpu 2 --cpu-load 88 --quiet --timeout 60s,44,4/27/2026,11:56:19,44.77,8.42,28.84,,,
stress-ng --cpu 2 --cpu-load 88 --quiet --timeout 60s,44,4/27/2026,11:56:20,44.52,8.42,28.84,,,
stress-ng --cpu 2 --cpu-load 88 --quiet --timeout 60s,44,4/27/2026,11:56:21,44.93,8.42,28.86,,,
stress-ng --cpu 2 --cpu-load 88 --quiet --timeout 60s,44,4/27/2026,11:56:22,44.52,8.42,28.96,,,
stress-ng --cpu 2 --cpu-load 88 --quiet --timeout 60s,44,4/27/2026,11:56:23,44.69,8.42,28.96,,,
stress-ng --cpu 2 --cpu-load 88 --quiet --timeout 60s,44,4/27/2026,11:56:24,44.41,8.42,29.08,,,
stress-ng --cpu 2 --cpu-load 88 --quiet --timeout 60s,44,4/27/2026,11:56:25,44.77,8.42,28.75,,,
stress-ng --cpu 2 --cpu-load 88 --quiet --timeout 60s,44,4/27/2026,11:56:26,45.02,8.42,28.75,,,
stress-ng --cpu 2 --cpu-load 88 --quiet --timeout 60s,44,4/27/2026,11:56:27,44.55,8.42,28.91,,,
stress-ng --cpu 2 --cpu-load 88 --quiet --timeout 60s,44,4/27/2026,11:56:28,44.55,8.42,28.8,,,
stress-ng --cpu 2 --cpu-load 88 --quiet --timeout 60s,44,4/27/2026,11:56:29,35.98,8.42,28.8,,,
stress-ng --cpu 2 --cpu-load 88 --quiet --timeout 60s,44,4/27/2026,15:13:33,4.44,8.43,9.48,,,
stress-ng --cpu 2 --cpu-load 88 --quiet --timeout 60s,44,4/27/2026,15:13:34,44.63,8.43,9.48,,,
stress-ng --cpu 2 --cpu-load 88 --quiet --timeout 60s,44,4/27/2026,15:13:35,44.91,8.43,28.4,,,
stress-ng --cpu 2 --cpu-load 88 --quiet --timeout 60s,44,4/27/2026,15:13:36,44.66,8.43,28.4,,,
stress-ng --cpu 2 --cpu-load 88 --quiet --timeout 60s,44,4/27/2026,15:13:37,44.66,8.43,28.4,,,
stress-ng --cpu 2 --cpu-load 88 --quiet --timeout 60s,44,4/27/2026,15:13:38,44.91,8.43,28.41,,,
stress-ng --cpu 2 --cpu-load 88 --quiet --timeout 60s,44,4/27/2026,15:13:39,44.41,8.43,28.55,,,
stress-ng --cpu 2 --cpu-load 88 --quiet --timeout 60s,44,4/27/2026,15:13:40,44.63,8.43,28.55,,,
stress-ng --cpu 2 --cpu-load 88 --quiet --timeout 60s,44,4/27/2026,15:13:41,44.8,8.43,28.65,,,
stress-ng --cpu 2 --cpu-load 88 --quiet --timeout 60s,44,4/27/2026,15:13:42,44.66,8.43,28.74,,,
stress-ng --cpu 2 --cpu-load 88 --quiet --timeout 60s,44,4/27/2026,15:13:43,44.66,8.43,28.74,,,
stress-ng --cpu 2 --cpu-load 88 --quiet --timeout 60s,44,4/27/2026,15:13:44,44.63,8.43,28.81,,,
stress-ng --cpu 2 --cpu-load 88 --quiet --timeout 60s,44,4/27/2026,15:13:45,44.66,8.43,28.8,,,
stress-ng --cpu 2 --cpu-load 88 --quiet --timeout 60s,44,4/27/2026,15:13:46,44.52,8.43,28.8,,,
stress-ng --cpu 2 --cpu-load 88 --quiet --timeout 60s,44,4/27/2026,15:13:47,44.8,8.43,29.02,,,
stress-ng --cpu 2 --cpu-load 88 --quiet --timeout 60s,44,4/27/2026,15:13:48,44.52,8.43,29.5,,,
stress-ng --cpu 2 --cpu-load 88 --quiet --timeout 60s,44,4/27/2026,15:13:49,44.66,8.43,29.5,,,
stress-ng --cpu 2 --cpu-load 88 --quiet --timeout 60s,44,4/27/2026,15:13:50,44.52,8.43,28.81,,,
stress-ng --cpu 2 --cpu-load 88 --quiet --timeout 60s,44,4/27/2026,15:13:51,44.645,8.43,29.36,,,
stress-ng --cpu 2 --cpu-load 88 --quiet --timeout 60s,44,4/27/2026,15:13:52,44.77,8.43,29.36,,,
stress-ng --cpu 2 --cpu-load 88 --quiet --timeout 60s,44,4/27/2026,15:13:53,44.55,8.43,28.94,,,
stress-ng --cpu 2 --cpu-load 88 --quiet --timeout 60s,44,4/27/2026,15:13:54,44.66,8.43,28.8,,,
stress-ng --cpu 2 --cpu-load 88 --quiet --timeout 60s,44,4/27/2026,15:13:55,44.66,8.43,28.8,,,
stress-ng --cpu 2 --cpu-load 88 --quiet --timeout 60s,44,4/27/2026,15:13:56,44.66,8.43,29.04,,,
stress-ng --cpu 2 --cpu-load 88 --quiet --timeout 60s,44,4/27/2026,15:13:57,44.63,8.43,29.58,,,
stress-ng --cpu 2 --cpu-load 88 --quiet --timeout 60s,44,4/27/2026,15:13:58,44.66,8.43,29.58,,,
stress-ng --cpu 2 --cpu-load 88 --quiet --timeout 60s,44,4/27/2026,15:13:59,44.91,8.43,28.99,,,
stress-ng --cpu 2 --cpu-load 88 --quiet --timeout 60s,44,4/27/2026,15:14:00,44.66,8.43,29.24,,,
stress-ng --cpu 2 --cpu-load 88 --quiet --timeout 60s,44,4/27/2026,15:14:01,44.66,8.43,29.24,,,
stress-ng --cpu 2 --cpu-load 88 --quiet --timeout 60s,44,4/27/2026,15:14:02,44.66,8.43,29.35,,,
stress-ng --cpu 2 --cpu-load 88 --quiet --timeout 60s,44,4/27/2026,15:14:03,44.52,8.43,29.01,,,
stress-ng --cpu 2 --cpu-load 88 --quiet --timeout 60s,44,4/27/2026,15:14:04,44.91,8.43,29.01,,,
stress-ng --cpu 2 --cpu-load 88 --quiet --timeout 60s,44,4/27/2026,15:14:05,44.91,8.43,30.94,,,
stress-ng --cpu 2 --cpu-load 88 --quiet --timeout 60s,44,4/27/2026,15:14:06,44.91,8.43,30.94,,,
stress-ng --cpu 2 --cpu-load 88 --quiet --timeout 60s,44,4/27/2026,15:14:07,44.41,8.43,30.94,,,
stress-ng --cpu 2 --cpu-load 88 --quiet --timeout 60s,44,4/27/2026,15:14:08,44.66,8.43,29.31,,,
stress-ng --cpu 2 --cpu-load 88 --quiet --timeout 60s,44,4/27/2026,15:14:09,44.63,8.43,29.35,,,
stress-ng --cpu 2 --cpu-load 88 --quiet --timeout 60s,44,4/27/2026,15:14:10,44.8,8.43,29.4,,,
stress-ng --cpu 2 --cpu-load 88 --quiet --timeout 60s,44,4/27/2026,15:14:11,44.66,8.43,29.61,,,
stress-ng --cpu 2 --cpu-load 88 --quiet --timeout 60s,44,4/27/2026,15:14:12,44.91,8.43,29.61,,,
stress-ng --cpu 2 --cpu-load 88 --quiet --timeout 60s,44,4/27/2026,15:14:13,44.77,8.43,29.12,,,
stress-ng --cpu 2 --cpu-load 88 --quiet --timeout 60s,44,4/27/2026,15:14:14,44.8,8.43,29.33,,,
stress-ng --cpu 2 --cpu-load 88 --quiet --timeout 60s,44,4/27/2026,15:14:15,44.5,8.43,29.33,,,
stress-ng --cpu 2 --cpu-load 88 --quiet --timeout 60s,44,4/27/2026,15:14:16,44.66,8.43,29.51,,,
stress-ng --cpu 2 --cpu-load 88 --quiet --timeout 60s,44,4/27/2026,15:14:17,44.52,8.43,29.24,,,
stress-ng --cpu 2 --cpu-load 88 --quiet --timeout 60s,44,4/27/2026,15:14:18,44.91,8.43,29.24,,,
stress-ng --cpu 2 --cpu-load 88 --quiet --timeout 60s,44,4/27/2026,15:14:19,44.55,8.43,29.09,,,
stress-ng --cpu 2 --cpu-load 88 --quiet --timeout 60s,44,4/27/2026,15:14:20,44.66,8.43,29.6,,,
stress-ng --cpu 2 --cpu-load 88 --quiet --timeout 60s,44,4/27/2026,15:14:21,44.52,8.43,29.6,,,
stress-ng --cpu 2 --cpu-load 88 --quiet --timeout 60s,44,4/27/2026,15:14:22,44.66,8.43,29.48,,,
stress-ng --cpu 2 --cpu-load 88 --quiet --timeout 60s,44,4/27/2026,15:14:23,44.66,8.43,29.32,,,
stress-ng --cpu 2 --cpu-load 88 --quiet --timeout 60s,44,4/27/2026,15:14:24,44.66,8.43,29.32,,,
stress-ng --cpu 2 --cpu-load 88 --quiet --timeout 60s,44,4/27/2026,15:14:25,44.66,8.43,29.2,,,
stress-ng --cpu 2 --cpu-load 88 --quiet --timeout 60s,44,4/27/2026,15:14:26,44.63,8.44,29.49,,,
stress-ng --cpu 2 --cpu-load 88 --quiet --timeout 60s,44,4/27/2026,15:14:27,44.66,8.44,29.49,,,
stress-ng --cpu 2 --cpu-load 88 --quiet --timeout 60s,44,4/27/2026,15:14:28,44.41,8.44,29.03,,,
stress-ng --cpu 2 --cpu-load 88 --quiet --timeout 60s,44,4/27/2026,15:14:29,44.63,8.44,29.34,,,
stress-ng --cpu 2 --cpu-load 88 --quiet --timeout 60s,44,4/27/2026,15:14:30,44.69,8.44,29.34,,,
stress-ng --cpu 2 --cpu-load 88 --quiet --timeout 60s,44,4/27/2026,15:14:31,44.69,8.44,29.92,,,
stress-ng --cpu 2 --cpu-load 88 --quiet --timeout 60s,44,4/27/2026,15:14:32,44.63,8.44,29.36,,,
stress-ng --cpu 2 --cpu-load 88 --quiet --timeout 60s,44,4/27/2026,15:14:33,44.55,8.44,29.36,,,
stress-ng --cpu 2 --cpu-load 88 --quiet --timeout 60s,44,4/27/2026,16:47:36,15.06,8.4,9.63,,,
stress-ng --cpu 2 --cpu-load 88 --quiet --timeout 60s,44,4/27/2026,16:47:37,44.52,8.4,15.74,,,
stress-ng --cpu 2 --cpu-load 88 --quiet --timeout 60s,44,4/27/2026,16:47:38,44.91,8.4,28.87,,,
stress-ng --cpu 2 --cpu-load 88 --quiet --timeout 60s,44,4/27/2026,16:47:39,44.52,8.4,28.87,,,
stress-ng --cpu 2 --cpu-load 88 --quiet --timeout 60s,44,4/27/2026,16:47:40,44.38,8.4,28.61,,,
stress-ng --cpu 2 --cpu-load 88 --quiet --timeout 60s,44,4/27/2026,16:47:41,44.66,8.4,28.6,,,
stress-ng --cpu 2 --cpu-load 88 --quiet --timeout 60s,44,4/27/2026,16:47:42,44.66,8.4,28.6,,,
stress-ng --cpu 2 --cpu-load 88 --quiet --timeout 60s,44,4/27/2026,16:47:43,44.69,8.4,28.92,,,
stress-ng --cpu 2 --cpu-load 88 --quiet --timeout 60s,44,4/27/2026,16:47:44,44.77,8.4,28.83,,,
stress-ng --cpu 2 --cpu-load 88 --quiet --timeout 60s,44,4/27/2026,16:47:45,45.02,8.4,28.83,,,
stress-ng --cpu 2 --cpu-load 88 --quiet --timeout 60s,44,4/27/2026,16:47:46,44.41,8.4,28.67,,,
stress-ng --cpu 2 --cpu-load 88 --quiet --timeout 60s,44,4/27/2026,16:47:47,44.77,8.4,28.84,,,
stress-ng --cpu 2 --cpu-load 88 --quiet --timeout 60s,44,4/27/2026,16:47:48,44.52,8.4,28.84,,,
stress-ng --cpu 2 --cpu-load 88 --quiet --timeout 60s,44,4/27/2026,16:47:49,44.38,8.4,28.96,,,
stress-ng --cpu 2 --cpu-load 88 --quiet --timeout 60s,44,4/27/2026,16:47:50,44.66,8.4,28.87,,,
stress-ng --cpu 2 --cpu-load 88 --quiet --timeout 60s,44,4/27/2026,16:47:51,44.63,8.4,28.87,,,
stress-ng --cpu 2 --cpu-load 88 --quiet --timeout 60s,44,4/27/2026,16:47:52,44.66,8.4,28.79,,,
stress-ng --cpu 2 --cpu-load 88 --quiet --timeout 60s,44,4/27/2026,16:47:53,44.66,8.4,29.22,,,
stress-ng --cpu 2 --cpu-load 88 --quiet --timeout 60s,44,4/27/2026,16:47:54,44.77,8.4,29.22,,,
stress-ng --cpu 2 --cpu-load 88 --quiet --timeout 60s,44,4/27/2026,16:47:55,44.52,8.4,29.22,,,
stress-ng --cpu 2 --cpu-load 88 --quiet --timeout 60s,44,4/27/2026,16:47:56,44.52,8.4,28.89,,,
stress-ng --cpu 2 --cpu-load 88 --quiet --timeout 60s,44,4/27/2026,16:47:57,44.55,8.4,29.17,,,
stress-ng --cpu 2 --cpu-load 88 --quiet --timeout 60s,44,4/27/2026,16:47:58,44.88,8.4,29.17,,,
stress-ng --cpu 2 --cpu-load 88 --quiet --timeout 60s,44,4/27/2026,16:47:59,44.8,8.4,29.14,,,
stress-ng --cpu 2 --cpu-load 88 --quiet --timeout 60s,44,4/27/2026,16:48:00,44.63,8.4,29,,,
stress-ng --cpu 2 --cpu-load 88 --quiet --timeout 60s,44,4/27/2026,16:48:01,44.66,8.4,29,,,
stress-ng --cpu 2 --cpu-load 88 --quiet --timeout 60s,44,4/27/2026,16:48:02,44.52,8.4,29.11,,,
stress-ng --cpu 2 --cpu-load 88 --quiet --timeout 60s,44,4/27/2026,16:48:03,44.66,8.4,29.16,,,
stress-ng --cpu 2 --cpu-load 88 --quiet --timeout 60s,44,4/27/2026,16:48:04,44.88,8.4,29.16,,,
stress-ng --cpu 2 --cpu-load 88 --quiet --timeout 60s,44,4/27/2026,16:48:05,44.66,8.4,29.62,,,
stress-ng --cpu 2 --cpu-load 88 --quiet --timeout 60s,44,4/27/2026,16:48:06,44.66,8.4,29.17,,,
stress-ng --cpu 2 --cpu-load 88 --quiet --timeout 60s,44,4/27/2026,16:48:07,44.55,8.4,29.17,,,
stress-ng --cpu 2 --cpu-load 88 --quiet --timeout 60s,44,4/27/2026,16:48:08,44.66,8.4,29.78,,,
stress-ng --cpu 2 --cpu-load 88 --quiet --timeout 60s,44,4/27/2026,16:48:09,44.77,8.4,29.47,,,
stress-ng --cpu 2 --cpu-load 88 --quiet --timeout 60s,44,4/27/2026,16:48:10,44.91,8.4,29.47,,,
stress-ng --cpu 2 --cpu-load 88 --quiet --timeout 60s,44,4/27/2026,16:48:11,44.52,8.4,29.21,,,
stress-ng --cpu 2 --cpu-load 88 --quiet --timeout 60s,44,4/27/2026,16:48:12,44.77,8.4,29.14,,,
stress-ng --cpu 2 --cpu-load 88 --quiet --timeout 60s,44,4/27/2026,16:48:13,44.27,8.4,29.14,,,
stress-ng --cpu 2 --cpu-load 88 --quiet --timeout 60s,44,4/27/2026,16:48:14,44.63,8.4,29.38,,,
stress-ng --cpu 2 --cpu-load 88 --quiet --timeout 60s,44,4/27/2026,16:48:15,44.66,8.4,28.99,,,
stress-ng --cpu 2 --cpu-load 88 --quiet --timeout 60s,44,4/27/2026,16:48:16,44.66,8.4,28.99,,,
stress-ng --cpu 2 --cpu-load 88 --quiet --timeout 60s,44,4/27/2026,16:48:17,44.52,8.4,29.16,,,
stress-ng --cpu 2 --cpu-load 88 --quiet --timeout 60s,44,4/27/2026,16:48:18,44.66,8.4,29.18,,,
stress-ng --cpu 2 --cpu-load 88 --quiet --timeout 60s,44,4/27/2026,16:48:19,44.63,8.4,29.18,,,
stress-ng --cpu 2 --cpu-load 88 --quiet --timeout 60s,44,4/27/2026,16:48:20,44.55,8.4,29.39,,,
stress-ng --cpu 2 --cpu-load 88 --quiet --timeout 60s,44,4/27/2026,16:48:21,44.77,8.4,29.27,,,
stress-ng --cpu 2 --cpu-load 88 --quiet --timeout 60s,44,4/27/2026,16:48:22,44.8,8.4,29.27,,,
stress-ng --cpu 2 --cpu-load 88 --quiet --timeout 60s,44,4/27/2026,16:48:23,44.8,8.4,29.23,,,
stress-ng --cpu 2 --cpu-load 88 --quiet --timeout 60s,44,4/27/2026,16:48:24,44.77,8.4,29.62,,,
stress-ng --cpu 2 --cpu-load 88 --quiet --timeout 60s,44,4/27/2026,16:48:25,44.52,8.4,29.62,,,
stress-ng --cpu 2 --cpu-load 88 --quiet --timeout 60s,44,4/27/2026,16:48:26,44.77,8.4,29.23,,,
stress-ng --cpu 2 --cpu-load 88 --quiet --timeout 60s,44,4/27/2026,16:48:27,44.66,8.4,29.16,,,
stress-ng --cpu 2 --cpu-load 88 --quiet --timeout 60s,44,4/27/2026,16:48:28,44.66,8.4,29.16,,,
stress-ng --cpu 2 --cpu-load 88 --quiet --timeout 60s,44,4/27/2026,16:48:29,44.52,8.4,29.83,,,
stress-ng --cpu 2 --cpu-load 88 --quiet --timeout 60s,44,4/27/2026,16:48:30,44.77,8.4,29.55,,,
stress-ng --cpu 2 --cpu-load 88 --quiet --timeout 60s,44,4/27/2026,16:48:31,44.41,8.4,29.55,,,
stress-ng --cpu 2 --cpu-load 88 --quiet --timeout 60s,44,4/27/2026,16:48:32,44.66,8.4,29.09,,,
stress-ng --cpu 2 --cpu-load 88 --quiet --timeout 60s,44,4/27/2026,16:48:33,44.66,8.4,29.46,,,
stress-ng --cpu 2 --cpu-load 88 --quiet --timeout 60s,44,4/27/2026,16:48:34,44.52,8.4,29.46,,,
stress-ng --cpu 2 --cpu-load 88 --quiet --timeout 60s,44,4/27/2026,16:48:35,44.52,8.4,29.46,,,
stress-ng --cpu 2 --cpu-load 88 --quiet --timeout 60s,44,4/27/2026,16:48:36,13.82,8.4,29.79,,,
stress-ng --cpu 2 --cpu-load 90 --quiet --timeout 60s,45,4/27/2026,13:19:31,1.47,8.36,9.36,,,
stress-ng --cpu 2 --cpu-load 90 --quiet --timeout 60s,45,4/27/2026,13:19:32,41.52,8.38,12.96,,,
stress-ng --cpu 2 --cpu-load 90 --quiet --timeout 60s,45,4/27/2026,13:19:33,45.77,8.38,29.16,,,
stress-ng --cpu 2 --cpu-load 90 --quiet --timeout 60s,45,4/27/2026,13:19:34,45.9,8.38,29.16,,,
stress-ng --cpu 2 --cpu-load 90 --quiet --timeout 60s,45,4/27/2026,13:19:35,45.63,8.38,29.36,,,
stress-ng --cpu 2 --cpu-load 90 --quiet --timeout 60s,45,4/27/2026,13:19:36,45.79,8.38,29.15,,,
stress-ng --cpu 2 --cpu-load 90 --quiet --timeout 60s,45,4/27/2026,13:19:37,45.52,8.38,29.15,,,
stress-ng --cpu 2 --cpu-load 90 --quiet --timeout 60s,45,4/27/2026,13:19:38,46.03,8.38,29.34,,,
stress-ng --cpu 2 --cpu-load 90 --quiet --timeout 60s,45,4/27/2026,13:19:39,45.9,8.38,29.33,,,
stress-ng --cpu 2 --cpu-load 90 --quiet --timeout 60s,45,4/27/2026,13:19:40,45.65,8.38,29.33,,,
stress-ng --cpu 2 --cpu-load 90 --quiet --timeout 60s,45,4/27/2026,13:19:41,45.79,8.38,29.09,,,
stress-ng --cpu 2 --cpu-load 90 --quiet --timeout 60s,45,4/27/2026,13:19:42,45.63,8.38,29.32,,,
stress-ng --cpu 2 --cpu-load 90 --quiet --timeout 60s,45,4/27/2026,13:19:43,45.65,8.38,29.32,,,
stress-ng --cpu 2 --cpu-load 90 --quiet --timeout 60s,45,4/27/2026,13:19:44,45.77,8.38,29.18,,,
stress-ng --cpu 2 --cpu-load 90 --quiet --timeout 60s,45,4/27/2026,13:19:45,45.54,8.38,29.28,,,
stress-ng --cpu 2 --cpu-load 90 --quiet --timeout 60s,45,4/27/2026,13:19:46,45.5,8.38,29.28,,,
stress-ng --cpu 2 --cpu-load 90 --quiet --timeout 60s,45,4/27/2026,13:19:47,45.65,8.38,29.54,,,
stress-ng --cpu 2 --cpu-load 90 --quiet --timeout 60s,45,4/27/2026,13:19:48,45.77,8.38,29.49,,,
stress-ng --cpu 2 --cpu-load 90 --quiet --timeout 60s,45,4/27/2026,13:19:49,45.4,8.38,29.49,,,
stress-ng --cpu 2 --cpu-load 90 --quiet --timeout 60s,45,4/27/2026,13:19:50,45.65,8.38,29.24,,,
stress-ng --cpu 2 --cpu-load 90 --quiet --timeout 60s,45,4/27/2026,13:19:51,45.77,8.38,29.04,,,
stress-ng --cpu 2 --cpu-load 90 --quiet --timeout 60s,45,4/27/2026,13:19:52,45.52,8.38,29.04,,,
stress-ng --cpu 2 --cpu-load 90 --quiet --timeout 60s,45,4/27/2026,13:19:53,45.79,8.38,29.79,,,
stress-ng --cpu 2 --cpu-load 90 --quiet --timeout 60s,45,4/27/2026,13:19:54,45.4,8.38,29.57,,,
stress-ng --cpu 2 --cpu-load 90 --quiet --timeout 60s,45,4/27/2026,13:19:55,45.77,8.38,29.57,,,
stress-ng --cpu 2 --cpu-load 90 --quiet --timeout 60s,45,4/27/2026,13:19:56,45.4,8.38,29.63,,,
stress-ng --cpu 2 --cpu-load 90 --quiet --timeout 60s,45,4/27/2026,13:19:57,45.65,8.38,29.45,,,
stress-ng --cpu 2 --cpu-load 90 --quiet --timeout 60s,45,4/27/2026,13:19:58,45.4,8.38,29.45,,,
stress-ng --cpu 2 --cpu-load 90 --quiet --timeout 60s,45,4/27/2026,13:19:59,46.01,8.38,29.31,,,
stress-ng --cpu 2 --cpu-load 90 --quiet --timeout 60s,45,4/27/2026,13:20:00,45.52,8.38,29.4,,,
stress-ng --cpu 2 --cpu-load 90 --quiet --timeout 60s,45,4/27/2026,13:20:01,45.77,8.38,29.4,,,
stress-ng --cpu 2 --cpu-load 90 --quiet --timeout 60s,45,4/27/2026,13:20:02,45.65,8.38,29.44,,,
stress-ng --cpu 2 --cpu-load 90 --quiet --timeout 60s,45,4/27/2026,13:20:03,45.79,8.38,29.88,,,
stress-ng --cpu 2 --cpu-load 90 --quiet --timeout 60s,45,4/27/2026,13:20:04,45.88,8.38,29.88,,,
stress-ng --cpu 2 --cpu-load 90 --quiet --timeout 60s,45,4/27/2026,13:20:05,45.4,8.38,29.64,,,
stress-ng --cpu 2 --cpu-load 90 --quiet --timeout 60s,45,4/27/2026,13:20:06,45.9,8.38,29.43,,,
stress-ng --cpu 2 --cpu-load 90 --quiet --timeout 60s,45,4/27/2026,13:20:07,45.4,8.38,29.43,,,
stress-ng --cpu 2 --cpu-load 90 --quiet --timeout 60s,45,4/27/2026,13:20:08,45.77,8.38,29.73,,,
stress-ng --cpu 2 --cpu-load 90 --quiet --timeout 60s,45,4/27/2026,13:20:09,45.4,8.38,29.6,,,
stress-ng --cpu 2 --cpu-load 90 --quiet --timeout 60s,45,4/27/2026,13:20:10,46.4,8.38,29.47,,,
stress-ng --cpu 2 --cpu-load 90 --quiet --timeout 60s,45,4/27/2026,13:20:11,45.65,8.38,29.47,,,
stress-ng --cpu 2 --cpu-load 90 --quiet --timeout 60s,45,4/27/2026,13:20:12,45.77,8.38,30.18,,,
stress-ng --cpu 2 --cpu-load 90 --quiet --timeout 60s,45,4/27/2026,13:20:13,45.63,8.38,29.63,,,
stress-ng --cpu 2 --cpu-load 90 --quiet --timeout 60s,45,4/27/2026,13:20:14,45.65,8.38,29.63,,,
stress-ng --cpu 2 --cpu-load 90 --quiet --timeout 60s,45,4/27/2026,13:20:15,45.65,8.38,29.38,,,
stress-ng --cpu 2 --cpu-load 90 --quiet --timeout 60s,45,4/27/2026,13:20:16,45.4,8.38,29.67,,,
stress-ng --cpu 2 --cpu-load 90 --quiet --timeout 60s,45,4/27/2026,13:20:17,45.9,8.38,29.67,,,
stress-ng --cpu 2 --cpu-load 90 --quiet --timeout 60s,45,4/27/2026,13:20:18,45.27,8.38,29.44,,,
stress-ng --cpu 2 --cpu-load 90 --quiet --timeout 60s,45,4/27/2026,13:20:19,45.65,8.38,29.72,,,
stress-ng --cpu 2 --cpu-load 90 --quiet --timeout 60s,45,4/27/2026,13:20:20,45.52,8.38,29.72,,,
stress-ng --cpu 2 --cpu-load 90 --quiet --timeout 60s,45,4/27/2026,13:20:21,45.54,8.38,29.52,,,
stress-ng --cpu 2 --cpu-load 90 --quiet --timeout 60s,45,4/27/2026,13:20:22,45.77,8.38,29.78,,,
stress-ng --cpu 2 --cpu-load 90 --quiet --timeout 60s,45,4/27/2026,13:20:23,45.52,8.38,29.78,,,
stress-ng --cpu 2 --cpu-load 90 --quiet --timeout 60s,45,4/27/2026,13:20:24,45.65,8.38,29.46,,,
stress-ng --cpu 2 --cpu-load 90 --quiet --timeout 60s,45,4/27/2026,13:20:25,45.52,8.38,29.89,,,
stress-ng --cpu 2 --cpu-load 90 --quiet --timeout 60s,45,4/27/2026,13:20:26,45.9,8.38,29.89,,,
stress-ng --cpu 2 --cpu-load 90 --quiet --timeout 60s,45,4/27/2026,13:20:27,45.65,8.38,30.24,,,
stress-ng --cpu 2 --cpu-load 90 --quiet --timeout 60s,45,4/27/2026,13:20:28,45.65,8.38,29.54,,,
stress-ng --cpu 2 --cpu-load 90 --quiet --timeout 60s,45,4/27/2026,13:20:29,45.54,8.38,29.54,,,
stress-ng --cpu 2 --cpu-load 90 --quiet --timeout 60s,45,4/27/2026,13:20:30,45.77,8.38,29.99,,,
stress-ng --cpu 2 --cpu-load 90 --quiet --timeout 60s,45,4/27/2026,13:20:31,30.78,8.38,30.31,,,
stress-ng --cpu 2 --cpu-load 90 --quiet --timeout 60s,45,4/27/2026,14:15:32,1.23,8.37,9.23,,,
stress-ng --cpu 2 --cpu-load 90 --quiet --timeout 60s,45,4/27/2026,14:15:33,38.76,8.4,17.68,,,
stress-ng --cpu 2 --cpu-load 90 --quiet --timeout 60s,45,4/27/2026,14:15:34,45.79,8.4,17.68,,,
stress-ng --cpu 2 --cpu-load 90 --quiet --timeout 60s,45,4/27/2026,14:15:35,45.77,8.4,17.68,,,
stress-ng --cpu 2 --cpu-load 90 --quiet --timeout 60s,45,4/27/2026,14:15:36,45.65,8.4,29.14,,,
stress-ng --cpu 2 --cpu-load 90 --quiet --timeout 60s,45,4/27/2026,14:15:37,45.4,8.4,29.28,,,
stress-ng --cpu 2 --cpu-load 90 --quiet --timeout 60s,45,4/27/2026,14:15:38,45.63,8.4,29.28,,,
stress-ng --cpu 2 --cpu-load 90 --quiet --timeout 60s,45,4/27/2026,14:15:39,45.9,8.4,29.09,,,
stress-ng --cpu 2 --cpu-load 90 --quiet --timeout 60s,45,4/27/2026,14:15:40,45.79,8.4,29.14,,,
stress-ng --cpu 2 --cpu-load 90 --quiet --timeout 60s,45,4/27/2026,14:15:41,45.63,8.4,29.14,,,
stress-ng --cpu 2 --cpu-load 90 --quiet --timeout 60s,45,4/27/2026,14:15:42,45.54,8.4,28.9,,,
stress-ng --cpu 2 --cpu-load 90 --quiet --timeout 60s,45,4/27/2026,14:15:43,45.38,8.4,29.45,,,
stress-ng --cpu 2 --cpu-load 90 --quiet --timeout 60s,45,4/27/2026,14:15:44,45.52,8.4,29.45,,,
stress-ng --cpu 2 --cpu-load 90 --quiet --timeout 60s,45,4/27/2026,14:15:45,45.77,8.4,29.09,,,
stress-ng --cpu 2 --cpu-load 90 --quiet --timeout 60s,45,4/27/2026,14:15:46,45.79,8.4,29.2,,,
stress-ng --cpu 2 --cpu-load 90 --quiet --timeout 60s,45,4/27/2026,14:15:47,45.65,8.4,29.2,,,
stress-ng --cpu 2 --cpu-load 90 --quiet --timeout 60s,45,4/27/2026,14:15:48,45.65,8.4,29.21,,,
stress-ng --cpu 2 --cpu-load 90 --quiet --timeout 60s,45,4/27/2026,14:15:49,45.65,8.4,29.53,,,
stress-ng --cpu 2 --cpu-load 90 --quiet --timeout 60s,45,4/27/2026,14:15:50,45.52,8.4,29.53,,,
stress-ng --cpu 2 --cpu-load 90 --quiet --timeout 60s,45,4/27/2026,14:15:51,45.92,8.4,29.05,,,
stress-ng --cpu 2 --cpu-load 90 --quiet --timeout 60s,45,4/27/2026,14:15:52,45.67,8.4,29.34,,,
stress-ng --cpu 2 --cpu-load 90 --quiet --timeout 60s,45,4/27/2026,14:15:53,45.52,8.4,29.34,,,
stress-ng --cpu 2 --cpu-load 90 --quiet --timeout 60s,45,4/27/2026,14:15:54,45.67,8.4,29.38,,,
stress-ng --cpu 2 --cpu-load 90 --quiet --timeout 60s,45,4/27/2026,14:15:55,45.65,8.4,29.69,,,
stress-ng --cpu 2 --cpu-load 90 --quiet --timeout 60s,45,4/27/2026,14:15:56,45.79,8.4,29.69,,,
stress-ng --cpu 2 --cpu-load 90 --quiet --timeout 60s,45,4/27/2026,14:15:57,45.65,8.4,29.36,,,
stress-ng --cpu 2 --cpu-load 90 --quiet --timeout 60s,45,4/27/2026,14:15:58,45.52,8.4,29.66,,,
stress-ng --cpu 2 --cpu-load 90 --quiet --timeout 60s,45,4/27/2026,14:15:59,45.54,8.4,29.66,,,
stress-ng --cpu 2 --cpu-load 90 --quiet --timeout 60s,45,4/27/2026,14:16:00,45.88,8.4,29.78,,,
stress-ng --cpu 2 --cpu-load 90 --quiet --timeout 60s,45,4/27/2026,14:16:01,45.4,8.4,29.5,,,
stress-ng --cpu 2 --cpu-load 90 --quiet --timeout 60s,45,4/27/2026,14:16:02,45.65,8.4,29.5,,,
stress-ng --cpu 2 --cpu-load 90 --quiet --timeout 60s,45,4/27/2026,14:16:03,45.65,8.4,29.34,,,
stress-ng --cpu 2 --cpu-load 90 --quiet --timeout 60s,45,4/27/2026,14:16:04,45.77,8.4,29.85,,,
stress-ng --cpu 2 --cpu-load 90 --quiet --timeout 60s,45,4/27/2026,14:16:05,45.65,8.4,29.85,,,
stress-ng --cpu 2 --cpu-load 90 --quiet --timeout 60s,45,4/27/2026,14:16:06,45.65,8.4,29.82,,,
stress-ng --cpu 2 --cpu-load 90 --quiet --timeout 60s,45,4/27/2026,14:16:07,45.65,8.4,29.36,,,
stress-ng --cpu 2 --cpu-load 90 --quiet --timeout 60s,45,4/27/2026,14:16:08,45.79,8.4,29.36,,,
stress-ng --cpu 2 --cpu-load 90 --quiet --timeout 60s,45,4/27/2026,14:16:09,45.77,8.4,30.15,,,
stress-ng --cpu 2 --cpu-load 90 --quiet --timeout 60s,45,4/27/2026,14:16:10,45.9,8.4,29.49,,,
stress-ng --cpu 2 --cpu-load 90 --quiet --timeout 60s,45,4/27/2026,14:16:11,45.65,8.4,29.49,,,
stress-ng --cpu 2 --cpu-load 90 --quiet --timeout 60s,45,4/27/2026,14:16:12,45.77,8.4,29.64,,,
stress-ng --cpu 2 --cpu-load 90 --quiet --timeout 60s,45,4/27/2026,14:16:13,45.79,8.4,29.47,,,
stress-ng --cpu 2 --cpu-load 90 --quiet --timeout 60s,45,4/27/2026,14:16:14,45.65,8.4,29.47,,,
stress-ng --cpu 2 --cpu-load 90 --quiet --timeout 60s,45,4/27/2026,14:16:15,45.54,8.4,29.92,,,
stress-ng --cpu 2 --cpu-load 90 --quiet --timeout 60s,45,4/27/2026,14:16:16,46.03,8.4,29.47,,,
stress-ng --cpu 2 --cpu-load 90 --quiet --timeout 60s,45,4/27/2026,14:16:17,45.63,8.4,29.47,,,
stress-ng --cpu 2 --cpu-load 90 --quiet --timeout 60s,45,4/27/2026,14:16:18,45.79,8.4,29.75,,,
stress-ng --cpu 2 --cpu-load 90 --quiet --timeout 60s,45,4/27/2026,14:16:19,45.65,8.4,29.89,,,
stress-ng --cpu 2 --cpu-load 90 --quiet --timeout 60s,45,4/27/2026,14:16:20,45.63,8.4,29.89,,,
stress-ng --cpu 2 --cpu-load 90 --quiet --timeout 60s,45,4/27/2026,14:16:21,45.4,8.4,29.68,,,
stress-ng --cpu 2 --cpu-load 90 --quiet --timeout 60s,45,4/27/2026,14:16:22,45.79,8.4,29.33,,,
stress-ng --cpu 2 --cpu-load 90 --quiet --timeout 60s,45,4/27/2026,14:16:23,45.63,8.4,29.33,,,
stress-ng --cpu 2 --cpu-load 90 --quiet --timeout 60s,45,4/27/2026,14:16:24,45.65,8.4,29.91,,,
stress-ng --cpu 2 --cpu-load 90 --quiet --timeout 60s,45,4/27/2026,14:16:25,45.52,8.4,29.62,,,
stress-ng --cpu 2 --cpu-load 90 --quiet --timeout 60s,45,4/27/2026,14:16:26,45.4,8.4,29.62,,,
stress-ng --cpu 2 --cpu-load 90 --quiet --timeout 60s,45,4/27/2026,14:16:27,46.03,8.4,29.61,,,
stress-ng --cpu 2 --cpu-load 90 --quiet --timeout 60s,45,4/27/2026,14:16:28,45.52,8.4,29.74,,,
stress-ng --cpu 2 --cpu-load 90 --quiet --timeout 60s,45,4/27/2026,14:16:29,45.79,8.4,29.74,,,
stress-ng --cpu 2 --cpu-load 90 --quiet --timeout 60s,45,4/27/2026,14:16:30,45.52,8.4,30.24,,,
stress-ng --cpu 2 --cpu-load 90 --quiet --timeout 60s,45,4/27/2026,14:16:31,45.52,8.4,29.67,,,
stress-ng --cpu 2 --cpu-load 90 --quiet --timeout 60s,45,4/27/2026,14:16:32,33.16,8.39,29.67,,,
stress-ng --cpu 2 --cpu-load 90 --quiet --timeout 60s,45,4/27/2026,17:01:36,1.23,8.37,9.64,,,
stress-ng --cpu 2 --cpu-load 90 --quiet --timeout 60s,45,4/27/2026,17:01:37,45.45,8.4,12.65,,,
stress-ng --cpu 2 --cpu-load 90 --quiet --timeout 60s,45,4/27/2026,17:01:38,46.15,8.4,12.65,,,
stress-ng --cpu 2 --cpu-load 90 --quiet --timeout 60s,45,4/27/2026,17:01:39,45.63,8.4,29.53,,,
stress-ng --cpu 2 --cpu-load 90 --quiet --timeout 60s,45,4/27/2026,17:01:40,45.65,8.4,29.05,,,
stress-ng --cpu 2 --cpu-load 90 --quiet --timeout 60s,45,4/27/2026,17:01:41,45.65,8.4,29.09,,,
stress-ng --cpu 2 --cpu-load 90 --quiet --timeout 60s,45,4/27/2026,17:01:42,45.52,8.4,29.09,,,
stress-ng --cpu 2 --cpu-load 90 --quiet --timeout 60s,45,4/27/2026,17:01:43,46.03,8.4,29.76,,,
stress-ng --cpu 2 --cpu-load 90 --quiet --timeout 60s,45,4/27/2026,17:01:44,45.77,8.4,29.28,,,
stress-ng --cpu 2 --cpu-load 90 --quiet --timeout 60s,45,4/27/2026,17:01:45,45.65,8.4,29.28,,,
stress-ng --cpu 2 --cpu-load 90 --quiet --timeout 60s,45,4/27/2026,17:01:46,45.4,8.4,29.25,,,
stress-ng --cpu 2 --cpu-load 90 --quiet --timeout 60s,45,4/27/2026,17:01:47,45.52,8.4,29.82,,,
stress-ng --cpu 2 --cpu-load 90 --quiet --timeout 60s,45,4/27/2026,17:01:48,45.63,8.4,29.82,,,
stress-ng --cpu 2 --cpu-load 90 --quiet --timeout 60s,45,4/27/2026,17:01:49,45.4,8.4,29.35,,,
stress-ng --cpu 2 --cpu-load 90 --quiet --timeout 60s,45,4/27/2026,17:01:50,45.9,8.4,29.12,,,
stress-ng --cpu 2 --cpu-load 90 --quiet --timeout 60s,45,4/27/2026,17:01:51,45.27,8.4,29.12,,,
stress-ng --cpu 2 --cpu-load 90 --quiet --timeout 60s,45,4/27/2026,17:01:52,45.9,8.4,29.52,,,
stress-ng --cpu 2 --cpu-load 90 --quiet --timeout 60s,45,4/27/2026,17:01:53,45.38,8.4,29.28,,,
stress-ng --cpu 2 --cpu-load 90 --quiet --timeout 60s,45,4/27/2026,17:01:54,45.54,8.4,29.28,,,
stress-ng --cpu 2 --cpu-load 90 --quiet --timeout 60s,45,4/27/2026,17:01:55,45.9,8.4,29.34,,,
stress-ng --cpu 2 --cpu-load 90 --quiet --timeout 60s,45,4/27/2026,17:01:56,45.4,8.4,29.33,,,
stress-ng --cpu 2 --cpu-load 90 --quiet --timeout 60s,45,4/27/2026,17:01:57,45.9,8.4,29.33,,,
stress-ng --cpu 2 --cpu-load 90 --quiet --timeout 60s,45,4/27/2026,17:01:58,45.4,8.4,29.76,,,
stress-ng --cpu 2 --cpu-load 90 --quiet --timeout 60s,45,4/27/2026,17:01:59,45.79,8.4,29.79,,,
stress-ng --cpu 2 --cpu-load 90 --quiet --timeout 60s,45,4/27/2026,17:02:00,45.65,8.4,29.79,,,
stress-ng --cpu 2 --cpu-load 90 --quiet --timeout 60s,45,4/27/2026,17:02:01,45.4,8.4,29.66,,,
stress-ng --cpu 2 --cpu-load 90 --quiet --timeout 60s,45,4/27/2026,17:02:02,45.79,8.4,29.75,,,
stress-ng --cpu 2 --cpu-load 90 --quiet --timeout 60s,45,4/27/2026,17:02:03,45.52,8.4,29.75,,,
stress-ng --cpu 2 --cpu-load 90 --quiet --timeout 60s,45,4/27/2026,17:02:04,45.92,8.4,29.87,,,
stress-ng --cpu 2 --cpu-load 90 --quiet --timeout 60s,45,4/27/2026,17:02:05,45.77,8.4,29.88,,,
stress-ng --cpu 2 --cpu-load 90 --quiet --timeout 60s,45,4/27/2026,17:02:06,45.43,8.4,29.88,,,
stress-ng --cpu 2 --cpu-load 90 --quiet --timeout 60s,45,4/27/2026,17:02:07,45.75,8.4,29.85,,,
stress-ng --cpu 2 --cpu-load 90 --quiet --timeout 60s,45,4/27/2026,17:02:08,45.67,8.4,29.89,,,
stress-ng --cpu 2 --cpu-load 90 --quiet --timeout 60s,45,4/27/2026,17:02:09,45.79,8.4,29.89,,,
stress-ng --cpu 2 --cpu-load 90 --quiet --timeout 60s,45,4/27/2026,17:02:10,45.79,8.4,29.91,,,
stress-ng --cpu 2 --cpu-load 90 --quiet --timeout 60s,45,4/27/2026,17:02:11,45.77,8.4,29.74,,,
stress-ng --cpu 2 --cpu-load 90 --quiet --timeout 60s,45,4/27/2026,17:02:12,45.4,8.4,29.86,,,
stress-ng --cpu 2 --cpu-load 90 --quiet --timeout 60s,45,4/27/2026,17:02:13,46.01,8.4,29.98,,,
stress-ng --cpu 2 --cpu-load 90 --quiet --timeout 60s,45,4/27/2026,17:02:14,45.9,8.4,29.64,,,
stress-ng --cpu 2 --cpu-load 90 --quiet --timeout 60s,45,4/27/2026,17:02:15,45.63,8.4,29.64,,,
stress-ng --cpu 2 --cpu-load 90 --quiet --timeout 60s,45,4/27/2026,17:02:16,45.54,8.4,29.64,,,
stress-ng --cpu 2 --cpu-load 90 --quiet --timeout 60s,45,4/27/2026,17:02:17,45.63,8.4,29.62,,,
stress-ng --cpu 2 --cpu-load 90 --quiet --timeout 60s,45,4/27/2026,17:02:18,45.79,8.4,30.03,,,
stress-ng --cpu 2 --cpu-load 90 --quiet --timeout 60s,45,4/27/2026,17:02:19,45.77,8.4,30.03,,,
stress-ng --cpu 2 --cpu-load 90 --quiet --timeout 60s,45,4/27/2026,17:02:20,45.52,8.4,30,,,
stress-ng --cpu 2 --cpu-load 90 --quiet --timeout 60s,45,4/27/2026,17:02:21,46.01,8.4,29.7,,,
stress-ng --cpu 2 --cpu-load 90 --quiet --timeout 60s,45,4/27/2026,17:02:22,45.52,8.4,29.7,,,
stress-ng --cpu 2 --cpu-load 90 --quiet --timeout 60s,45,4/27/2026,17:02:23,45.65,8.4,29.74,,,
stress-ng --cpu 2 --cpu-load 90 --quiet --timeout 60s,45,4/27/2026,17:02:24,45.9,8.4,29.97,,,
stress-ng --cpu 2 --cpu-load 90 --quiet --timeout 60s,45,4/27/2026,17:02:25,45.52,8.39,29.97,,,
stress-ng --cpu 2 --cpu-load 90 --quiet --timeout 60s,45,4/27/2026,17:02:26,45.77,8.39,29.79,,,
stress-ng --cpu 2 --cpu-load 90 --quiet --timeout 60s,45,4/27/2026,17:02:27,45.65,8.39,29.8,,,
stress-ng --cpu 2 --cpu-load 90 --quiet --timeout 60s,45,4/27/2026,17:02:28,45.65,8.39,29.8,,,
stress-ng --cpu 2 --cpu-load 90 --quiet --timeout 60s,45,4/27/2026,17:02:29,45.65,8.39,30.2,,,
stress-ng --cpu 2 --cpu-load 90 --quiet --timeout 60s,45,4/27/2026,17:02:30,45.52,8.39,29.92,,,
stress-ng --cpu 2 --cpu-load 90 --quiet --timeout 60s,45,4/27/2026,17:02:31,45.92,8.39,29.92,,,
stress-ng --cpu 2 --cpu-load 90 --quiet --timeout 60s,45,4/27/2026,17:02:32,45.52,8.39,29.93,,,
stress-ng --cpu 2 --cpu-load 90 --quiet --timeout 60s,45,4/27/2026,17:02:33,45.65,8.39,30.04,,,
stress-ng --cpu 2 --cpu-load 90 --quiet --timeout 60s,45,4/27/2026,17:02:34,45.79,8.39,30.04,,,
stress-ng --cpu 2 --cpu-load 90 --quiet --timeout 60s,45,4/27/2026,17:02:35,45.38,8.39,29.81,,,
stress-ng --cpu 2 --cpu-load 90 --quiet --timeout 60s,45,4/27/2026,17:02:36,26.79,8.4,30.01,,,
stress-ng --cpu 2 --cpu-load 92 --quiet --timeout 60s,46,4/27/2026,12:23:30,28.88,8.45,9.34,,,
stress-ng --cpu 2 --cpu-load 92 --quiet --timeout 60s,46,4/27/2026,12:23:31,46.78,8.45,10.35,,,
stress-ng --cpu 2 --cpu-load 92 --quiet --timeout 60s,46,4/27/2026,12:23:32,46.63,8.45,29.51,,,
stress-ng --cpu 2 --cpu-load 92 --quiet --timeout 60s,46,4/27/2026,12:23:33,46.89,8.45,29.51,,,
stress-ng --cpu 2 --cpu-load 92 --quiet --timeout 60s,46,4/27/2026,12:23:34,46.89,8.46,29.71,,,
stress-ng --cpu 2 --cpu-load 92 --quiet --timeout 60s,46,4/27/2026,12:23:35,46.51,8.46,29.71,,,
stress-ng --cpu 2 --cpu-load 92 --quiet --timeout 60s,46,4/27/2026,12:23:36,46.65,8.46,29.65,,,
stress-ng --cpu 2 --cpu-load 92 --quiet --timeout 60s,46,4/27/2026,12:23:37,46.65,8.46,29.69,,,
stress-ng --cpu 2 --cpu-load 92 --quiet --timeout 60s,46,4/27/2026,12:23:38,46.76,8.46,29.69,,,
stress-ng --cpu 2 --cpu-load 92 --quiet --timeout 60s,46,4/27/2026,12:23:39,46.51,8.46,29.46,,,
stress-ng --cpu 2 --cpu-load 92 --quiet --timeout 60s,46,4/27/2026,12:23:40,46.89,8.46,29.46,,,
stress-ng --cpu 2 --cpu-load 92 --quiet --timeout 60s,46,4/27/2026,12:23:41,46.51,8.46,29.46,,,
stress-ng --cpu 2 --cpu-load 92 --quiet --timeout 60s,46,4/27/2026,12:23:42,46.65,8.46,29.41,,,
stress-ng --cpu 2 --cpu-load 92 --quiet --timeout 60s,46,4/27/2026,12:23:43,47.01,8.46,29.72,,,
stress-ng --cpu 2 --cpu-load 92 --quiet --timeout 60s,46,4/27/2026,12:23:44,46.65,8.46,29.72,,,
stress-ng --cpu 2 --cpu-load 92 --quiet --timeout 60s,46,4/27/2026,12:23:45,46.66,8.46,29.72,,,
stress-ng --cpu 2 --cpu-load 92 --quiet --timeout 60s,46,4/27/2026,12:23:46,46.65,8.46,29.41,,,
stress-ng --cpu 2 --cpu-load 92 --quiet --timeout 60s,46,4/27/2026,12:23:47,46.51,8.46,29.41,,,
stress-ng --cpu 2 --cpu-load 92 --quiet --timeout 60s,46,4/27/2026,12:23:48,46.76,8.46,30.13,,,
stress-ng --cpu 2 --cpu-load 92 --quiet --timeout 60s,46,4/27/2026,12:23:49,46.78,8.46,29.58,,,
stress-ng --cpu 2 --cpu-load 92 --quiet --timeout 60s,46,4/27/2026,12:23:50,46.53,8.46,29.58,,,
stress-ng --cpu 2 --cpu-load 92 --quiet --timeout 60s,46,4/27/2026,12:23:51,46.53,8.46,29.88,,,
stress-ng --cpu 2 --cpu-load 92 --quiet --timeout 60s,46,4/27/2026,12:23:52,46.76,8.46,30.04,,,
stress-ng --cpu 2 --cpu-load 92 --quiet --timeout 60s,46,4/27/2026,12:23:53,46.51,8.46,30.04,,,
stress-ng --cpu 2 --cpu-load 92 --quiet --timeout 60s,46,4/27/2026,12:23:54,46.78,8.46,29.81,,,
stress-ng --cpu 2 --cpu-load 92 --quiet --timeout 60s,46,4/27/2026,12:23:55,46.91,8.45,29.81,,,
stress-ng --cpu 2 --cpu-load 92 --quiet --timeout 60s,46,4/27/2026,12:23:56,46.51,8.45,29.81,,,
stress-ng --cpu 2 --cpu-load 92 --quiet --timeout 60s,46,4/27/2026,12:23:57,46.66,8.45,29.83,,,
stress-ng --cpu 2 --cpu-load 92 --quiet --timeout 60s,46,4/27/2026,12:23:58,46.89,8.45,30.2,,,
stress-ng --cpu 2 --cpu-load 92 --quiet --timeout 60s,46,4/27/2026,12:23:59,46.4,8.45,30.2,,,
stress-ng --cpu 2 --cpu-load 92 --quiet --timeout 60s,46,4/27/2026,12:24:00,47.14,8.45,29.92,,,
stress-ng --cpu 2 --cpu-load 92 --quiet --timeout 60s,46,4/27/2026,12:24:01,46.63,8.45,29.83,,,
stress-ng --cpu 2 --cpu-load 92 --quiet --timeout 60s,46,4/27/2026,12:24:02,46.66,8.45,29.83,,,
stress-ng --cpu 2 --cpu-load 92 --quiet --timeout 60s,46,4/27/2026,12:24:03,47,8.45,30.46,,,
stress-ng --cpu 2 --cpu-load 92 --quiet --timeout 60s,46,4/27/2026,12:24:04,46.78,8.45,29.99,,,
stress-ng --cpu 2 --cpu-load 92 --quiet --timeout 60s,46,4/27/2026,12:24:05,46.65,8.45,29.99,,,
stress-ng --cpu 2 --cpu-load 92 --quiet --timeout 60s,46,4/27/2026,12:24:06,46.51,8.45,30.02,,,
stress-ng --cpu 2 --cpu-load 92 --quiet --timeout 60s,46,4/27/2026,12:24:07,46.76,8.45,29.93,,,
stress-ng --cpu 2 --cpu-load 92 --quiet --timeout 60s,46,4/27/2026,12:24:08,46.58,8.45,29.93,,,
stress-ng --cpu 2 --cpu-load 92 --quiet --timeout 60s,46,4/27/2026,12:24:09,46.4,8.45,30.36,,,
stress-ng --cpu 2 --cpu-load 92 --quiet --timeout 60s,46,4/27/2026,12:24:10,46.76,8.45,29.91,,,
stress-ng --cpu 2 --cpu-load 92 --quiet --timeout 60s,46,4/27/2026,12:24:11,46.76,8.45,29.91,,,
stress-ng --cpu 2 --cpu-load 92 --quiet --timeout 60s,46,4/27/2026,12:24:12,46.65,8.45,29.88,,,
stress-ng --cpu 2 --cpu-load 92 --quiet --timeout 60s,46,4/27/2026,12:24:13,46.78,8.45,30.13,,,
stress-ng --cpu 2 --cpu-load 92 --quiet --timeout 60s,46,4/27/2026,12:24:14,46.65,8.45,30.13,,,
stress-ng --cpu 2 --cpu-load 92 --quiet --timeout 60s,46,4/27/2026,12:24:15,46.63,8.45,29.97,,,
stress-ng --cpu 2 --cpu-load 92 --quiet --timeout 60s,46,4/27/2026,12:24:16,46.53,8.45,30.01,,,
stress-ng --cpu 2 --cpu-load 92 --quiet --timeout 60s,46,4/27/2026,12:24:17,46.78,8.45,30.01,,,
stress-ng --cpu 2 --cpu-load 92 --quiet --timeout 60s,46,4/27/2026,12:24:18,46.51,8.45,30.23,,,
stress-ng --cpu 2 --cpu-load 92 --quiet --timeout 60s,46,4/27/2026,12:24:19,46.76,8.45,30.07,,,
stress-ng --cpu 2 --cpu-load 92 --quiet --timeout 60s,46,4/27/2026,12:24:20,46.65,8.45,30.07,,,
stress-ng --cpu 2 --cpu-load 92 --quiet --timeout 60s,46,4/27/2026,12:24:21,46.51,8.45,30.07,,,
stress-ng --cpu 2 --cpu-load 92 --quiet --timeout 60s,46,4/27/2026,12:24:22,46.53,8.45,30.28,,,
stress-ng --cpu 2 --cpu-load 92 --quiet --timeout 60s,46,4/27/2026,12:24:23,46.76,8.45,30.28,,,
stress-ng --cpu 2 --cpu-load 92 --quiet --timeout 60s,46,4/27/2026,12:24:24,46.91,8.45,30.63,,,
stress-ng --cpu 2 --cpu-load 92 --quiet --timeout 60s,46,4/27/2026,12:24:25,46.65,8.45,30.29,,,
stress-ng --cpu 2 --cpu-load 92 --quiet --timeout 60s,46,4/27/2026,12:24:26,46.51,8.45,30.29,,,
stress-ng --cpu 2 --cpu-load 92 --quiet --timeout 60s,46,4/27/2026,12:24:27,46.65,8.45,30.07,,,
stress-ng --cpu 2 --cpu-load 92 --quiet --timeout 60s,46,4/27/2026,12:24:28,46.66,8.45,30.28,,,
stress-ng --cpu 2 --cpu-load 92 --quiet --timeout 60s,46,4/27/2026,12:24:29,46.51,8.45,30.28,,,
stress-ng --cpu 2 --cpu-load 92 --quiet --timeout 60s,46,4/27/2026,12:24:30,43.92,8.44,30.03,,,
stress-ng --cpu 2 --cpu-load 92 --quiet --timeout 60s,46,4/27/2026,15:37:34,1.22,8.37,9.3,,,
stress-ng --cpu 2 --cpu-load 92 --quiet --timeout 60s,46,4/27/2026,15:37:35,33.08,8.4,15.69,,,
stress-ng --cpu 2 --cpu-load 92 --quiet --timeout 60s,46,4/27/2026,15:37:36,46.65,8.4,15.69,,,
stress-ng --cpu 2 --cpu-load 92 --quiet --timeout 60s,46,4/27/2026,15:37:37,47.01,8.4,15.69,,,
stress-ng --cpu 2 --cpu-load 92 --quiet --timeout 60s,46,4/27/2026,15:37:38,46.53,8.4,29.86,,,
stress-ng --cpu 2 --cpu-load 92 --quiet --timeout 60s,46,4/27/2026,15:37:39,46.76,8.4,29.24,,,
stress-ng --cpu 2 --cpu-load 92 --quiet --timeout 60s,46,4/27/2026,15:37:40,46.53,8.4,29.24,,,
stress-ng --cpu 2 --cpu-load 92 --quiet --timeout 60s,46,4/27/2026,15:37:41,46.91,8.4,29.63,,,
stress-ng --cpu 2 --cpu-load 92 --quiet --timeout 60s,46,4/27/2026,15:37:42,46.65,8.41,29.63,,,
stress-ng --cpu 2 --cpu-load 92 --quiet --timeout 60s,46,4/27/2026,15:37:43,46.79,8.41,29.63,,,
stress-ng --cpu 2 --cpu-load 92 --quiet --timeout 60s,46,4/27/2026,15:37:44,46.63,8.41,29.49,,,
stress-ng --cpu 2 --cpu-load 92 --quiet --timeout 60s,46,4/27/2026,15:37:45,46.53,8.41,29.87,,,
stress-ng --cpu 2 --cpu-load 92 --quiet --timeout 60s,46,4/27/2026,15:37:46,46.76,8.41,29.87,,,
stress-ng --cpu 2 --cpu-load 92 --quiet --timeout 60s,46,4/27/2026,15:37:47,46.53,8.41,29.79,,,
stress-ng --cpu 2 --cpu-load 92 --quiet --timeout 60s,46,4/27/2026,15:37:48,46.63,8.41,29.63,,,
stress-ng --cpu 2 --cpu-load 92 --quiet --timeout 60s,46,4/27/2026,15:37:49,46.53,8.41,29.63,,,
stress-ng --cpu 2 --cpu-load 92 --quiet --timeout 60s,46,4/27/2026,15:37:50,47.01,8.41,29.38,,,
stress-ng --cpu 2 --cpu-load 92 --quiet --timeout 60s,46,4/27/2026,15:37:51,46.41,8.41,29.62,,,
stress-ng --cpu 2 --cpu-load 92 --quiet --timeout 60s,46,4/27/2026,15:37:52,47.01,8.41,29.62,,,
stress-ng --cpu 2 --cpu-load 92 --quiet --timeout 60s,46,4/27/2026,15:37:53,46.26,8.41,29.82,,,
stress-ng --cpu 2 --cpu-load 92 --quiet --timeout 60s,46,4/27/2026,15:37:54,46.76,8.41,29.5,,,
stress-ng --cpu 2 --cpu-load 92 --quiet --timeout 60s,46,4/27/2026,15:37:55,46.53,8.41,29.5,,,
stress-ng --cpu 2 --cpu-load 92 --quiet --timeout 60s,46,4/27/2026,15:37:56,46.89,8.41,29.62,,,
stress-ng --cpu 2 --cpu-load 92 --quiet --timeout 60s,46,4/27/2026,15:37:57,46.63,8.41,29.92,,,
stress-ng --cpu 2 --cpu-load 92 --quiet --timeout 60s,46,4/27/2026,15:37:58,46.65,8.41,29.92,,,
stress-ng --cpu 2 --cpu-load 92 --quiet --timeout 60s,46,4/27/2026,15:37:59,46.51,8.41,29.81,,,
stress-ng --cpu 2 --cpu-load 92 --quiet --timeout 60s,46,4/27/2026,15:38:00,46.76,8.41,29.77,,,
stress-ng --cpu 2 --cpu-load 92 --quiet --timeout 60s,46,4/27/2026,15:38:01,46.66,8.41,29.77,,,
stress-ng --cpu 2 --cpu-load 92 --quiet --timeout 60s,46,4/27/2026,15:38:02,46.76,8.41,30.02,,,
stress-ng --cpu 2 --cpu-load 92 --quiet --timeout 60s,46,4/27/2026,15:38:03,46.4,8.41,29.71,,,
stress-ng --cpu 2 --cpu-load 92 --quiet --timeout 60s,46,4/27/2026,15:38:04,46.88,8.41,29.71,,,
stress-ng --cpu 2 --cpu-load 92 --quiet --timeout 60s,46,4/27/2026,15:38:05,46.65,8.41,29.93,,,
stress-ng --cpu 2 --cpu-load 92 --quiet --timeout 60s,46,4/27/2026,15:38:06,46.65,8.41,30,,,
stress-ng --cpu 2 --cpu-load 92 --quiet --timeout 60s,46,4/27/2026,15:38:07,46.76,8.41,30,,,
stress-ng --cpu 2 --cpu-load 92 --quiet --timeout 60s,46,4/27/2026,15:38:08,46.65,8.41,30.35,,,
stress-ng --cpu 2 --cpu-load 92 --quiet --timeout 60s,46,4/27/2026,15:38:09,46.65,8.41,29.7,,,
stress-ng --cpu 2 --cpu-load 92 --quiet --timeout 60s,46,4/27/2026,15:38:10,46.89,8.41,29.7,,,
stress-ng --cpu 2 --cpu-load 92 --quiet --timeout 60s,46,4/27/2026,15:38:11,46.78,8.41,29.99,,,
stress-ng --cpu 2 --cpu-load 92 --quiet --timeout 60s,46,4/27/2026,15:38:12,46.51,8.41,30.16,,,
stress-ng --cpu 2 --cpu-load 92 --quiet --timeout 60s,46,4/27/2026,15:38:13,46.65,8.41,30.16,,,
stress-ng --cpu 2 --cpu-load 92 --quiet --timeout 60s,46,4/27/2026,15:38:14,46.51,8.41,30.29,,,
stress-ng --cpu 2 --cpu-load 92 --quiet --timeout 60s,46,4/27/2026,15:38:15,46.78,8.41,29.71,,,
stress-ng --cpu 2 --cpu-load 92 --quiet --timeout 60s,46,4/27/2026,15:38:16,46.65,8.41,29.71,,,
stress-ng --cpu 2 --cpu-load 92 --quiet --timeout 60s,46,4/27/2026,15:38:17,46.76,8.41,30.61,,,
stress-ng --cpu 2 --cpu-load 92 --quiet --timeout 60s,46,4/27/2026,15:38:18,46.4,8.41,29.84,,,
stress-ng --cpu 2 --cpu-load 92 --quiet --timeout 60s,46,4/27/2026,15:38:19,46.76,8.41,29.84,,,
stress-ng --cpu 2 --cpu-load 92 --quiet --timeout 60s,46,4/27/2026,15:38:20,46.65,8.41,29.9,,,
stress-ng --cpu 2 --cpu-load 92 --quiet --timeout 60s,46,4/27/2026,15:38:21,46.51,8.41,29.75,,,
stress-ng --cpu 2 --cpu-load 92 --quiet --timeout 60s,46,4/27/2026,15:38:22,46.65,8.41,29.75,,,
stress-ng --cpu 2 --cpu-load 92 --quiet --timeout 60s,46,4/27/2026,15:38:23,46.76,8.41,30.33,,,
stress-ng --cpu 2 --cpu-load 92 --quiet --timeout 60s,46,4/27/2026,15:38:24,46.4,8.41,29.84,,,
stress-ng --cpu 2 --cpu-load 92 --quiet --timeout 60s,46,4/27/2026,15:38:25,46.63,8.41,29.84,,,
stress-ng --cpu 2 --cpu-load 92 --quiet --timeout 60s,46,4/27/2026,15:38:26,46.65,8.41,29.99,,,
stress-ng --cpu 2 --cpu-load 92 --quiet --timeout 60s,46,4/27/2026,15:38:27,46.91,8.41,30.01,,,
stress-ng --cpu 2 --cpu-load 92 --quiet --timeout 60s,46,4/27/2026,15:38:28,46.4,8.41,30.01,,,
stress-ng --cpu 2 --cpu-load 92 --quiet --timeout 60s,46,4/27/2026,15:38:29,46.76,8.41,29.92,,,
stress-ng --cpu 2 --cpu-load 92 --quiet --timeout 60s,46,4/27/2026,15:38:30,46.51,8.41,29.74,,,
stress-ng --cpu 2 --cpu-load 92 --quiet --timeout 60s,46,4/27/2026,15:38:31,46.4,8.41,29.74,,,
stress-ng --cpu 2 --cpu-load 92 --quiet --timeout 60s,46,4/27/2026,15:38:32,46.63,8.41,30.45,,,
stress-ng --cpu 2 --cpu-load 92 --quiet --timeout 60s,46,4/27/2026,15:38:33,46.65,8.41,29.7,,,
stress-ng --cpu 2 --cpu-load 92 --quiet --timeout 60s,46,4/27/2026,15:38:34,40.39,8.42,29.7,,,
stress-ng --cpu 2 --cpu-load 92 --quiet --timeout 60s,46,4/27/2026,18:43:38,1.47,8.42,9.2,,,
stress-ng --cpu 2 --cpu-load 92 --quiet --timeout 60s,46,4/27/2026,18:43:39,35.06,8.44,9.43,,,
stress-ng --cpu 2 --cpu-load 92 --quiet --timeout 60s,46,4/27/2026,18:43:40,46.65,8.44,26.87,,,
stress-ng --cpu 2 --cpu-load 92 --quiet --timeout 60s,46,4/27/2026,18:43:41,47.01,8.44,26.87,,,
stress-ng --cpu 2 --cpu-load 92 --quiet --timeout 60s,46,4/27/2026,18:43:42,46.65,8.44,29.51,,,
stress-ng --cpu 2 --cpu-load 92 --quiet --timeout 60s,46,4/27/2026,18:43:43,46.76,8.44,29.51,,,
stress-ng --cpu 2 --cpu-load 92 --quiet --timeout 60s,46,4/27/2026,18:43:44,46.51,8.44,29.33,,,
stress-ng --cpu 2 --cpu-load 92 --quiet --timeout 60s,46,4/27/2026,18:43:45,46.89,8.44,29.73,,,
stress-ng --cpu 2 --cpu-load 92 --quiet --timeout 60s,46,4/27/2026,18:43:46,47.02,8.44,29.73,,,
stress-ng --cpu 2 --cpu-load 92 --quiet --timeout 60s,46,4/27/2026,18:43:47,46.38,8.44,29.37,,,
stress-ng --cpu 2 --cpu-load 92 --quiet --timeout 60s,46,4/27/2026,18:43:48,46.89,8.44,29.71,,,
stress-ng --cpu 2 --cpu-load 92 --quiet --timeout 60s,46,4/27/2026,18:43:49,46.65,8.44,29.71,,,
stress-ng --cpu 2 --cpu-load 92 --quiet --timeout 60s,46,4/27/2026,18:43:50,46.65,8.44,29.86,,,
stress-ng --cpu 2 --cpu-load 92 --quiet --timeout 60s,46,4/27/2026,18:43:51,46.65,8.44,30.7,,,
stress-ng --cpu 2 --cpu-load 92 --quiet --timeout 60s,46,4/27/2026,18:43:52,46.76,8.44,30.7,,,
stress-ng --cpu 2 --cpu-load 92 --quiet --timeout 60s,46,4/27/2026,18:43:53,46.63,8.44,29.48,,,
stress-ng --cpu 2 --cpu-load 92 --quiet --timeout 60s,46,4/27/2026,18:43:54,46.51,8.44,29.88,,,
stress-ng --cpu 2 --cpu-load 92 --quiet --timeout 60s,46,4/27/2026,18:43:55,46.53,8.44,29.88,,,
stress-ng --cpu 2 --cpu-load 92 --quiet --timeout 60s,46,4/27/2026,18:43:56,46.89,8.44,29.66,,,
stress-ng --cpu 2 --cpu-load 92 --quiet --timeout 60s,46,4/27/2026,18:43:57,46.65,8.44,29.61,,,
stress-ng --cpu 2 --cpu-load 92 --quiet --timeout 60s,46,4/27/2026,18:43:58,46.76,8.44,29.61,,,
stress-ng --cpu 2 --cpu-load 92 --quiet --timeout 60s,46,4/27/2026,18:43:59,46.65,8.44,29.6,,,
stress-ng --cpu 2 --cpu-load 92 --quiet --timeout 60s,46,4/27/2026,18:44:00,46.51,8.44,30.05,,,
stress-ng --cpu 2 --cpu-load 92 --quiet --timeout 60s,46,4/27/2026,18:44:01,46.89,8.44,30.05,,,
stress-ng --cpu 2 --cpu-load 92 --quiet --timeout 60s,46,4/27/2026,18:44:02,46.51,8.44,29.57,,,
stress-ng --cpu 2 --cpu-load 92 --quiet --timeout 60s,46,4/27/2026,18:44:03,46.76,8.44,29.71,,,
stress-ng --cpu 2 --cpu-load 92 --quiet --timeout 60s,46,4/27/2026,18:44:04,46.89,8.44,29.71,,,
stress-ng --cpu 2 --cpu-load 92 --quiet --timeout 60s,46,4/27/2026,18:44:05,46.76,8.44,29.71,,,
stress-ng --cpu 2 --cpu-load 92 --quiet --timeout 60s,46,4/27/2026,18:44:06,46.65,8.44,30.12,,,
stress-ng --cpu 2 --cpu-load 92 --quiet --timeout 60s,46,4/27/2026,18:44:07,46.76,8.44,30.12,,,
stress-ng --cpu 2 --cpu-load 92 --quiet --timeout 60s,46,4/27/2026,18:44:08,46.66,8.44,29.73,,,
stress-ng --cpu 2 --cpu-load 92 --quiet --timeout 60s,46,4/27/2026,18:44:09,46.76,8.44,29.81,,,
stress-ng --cpu 2 --cpu-load 92 --quiet --timeout 60s,46,4/27/2026,18:44:10,46.51,8.44,29.81,,,
stress-ng --cpu 2 --cpu-load 92 --quiet --timeout 60s,46,4/27/2026,18:44:11,46.76,8.44,30.48,,,
stress-ng --cpu 2 --cpu-load 92 --quiet --timeout 60s,46,4/27/2026,18:44:12,46.53,8.44,29.93,,,
stress-ng --cpu 2 --cpu-load 92 --quiet --timeout 60s,46,4/27/2026,18:44:13,46.76,8.44,29.93,,,
stress-ng --cpu 2 --cpu-load 92 --quiet --timeout 60s,46,4/27/2026,18:44:14,47.02,8.44,29.83,,,
stress-ng --cpu 2 --cpu-load 92 --quiet --timeout 60s,46,4/27/2026,18:44:15,46.66,8.44,30.13,,,
stress-ng --cpu 2 --cpu-load 92 --quiet --timeout 60s,46,4/27/2026,18:44:16,46.63,8.44,30.13,,,
stress-ng --cpu 2 --cpu-load 92 --quiet --timeout 60s,46,4/27/2026,18:44:17,46.51,8.44,30.18,,,
stress-ng --cpu 2 --cpu-load 92 --quiet --timeout 60s,46,4/27/2026,18:44:18,46.78,8.44,29.93,,,
stress-ng --cpu 2 --cpu-load 92 --quiet --timeout 60s,46,4/27/2026,18:44:19,46.63,8.44,29.93,,,
stress-ng --cpu 2 --cpu-load 92 --quiet --timeout 60s,46,4/27/2026,18:44:20,46.66,8.44,29.84,,,
stress-ng --cpu 2 --cpu-load 92 --quiet --timeout 60s,46,4/27/2026,18:44:21,46.63,8.44,30.47,,,
stress-ng --cpu 2 --cpu-load 92 --quiet --timeout 60s,46,4/27/2026,18:44:22,46.51,8.44,30.47,,,
stress-ng --cpu 2 --cpu-load 92 --quiet --timeout 60s,46,4/27/2026,18:44:23,46.63,8.44,30.05,,,
stress-ng --cpu 2 --cpu-load 92 --quiet --timeout 60s,46,4/27/2026,18:44:24,46.65,8.44,29.89,,,
stress-ng --cpu 2 --cpu-load 92 --quiet --timeout 60s,46,4/27/2026,18:44:25,46.66,8.44,29.89,,,
stress-ng --cpu 2 --cpu-load 92 --quiet --timeout 60s,46,4/27/2026,18:44:26,46.63,8.44,30.47,,,
stress-ng --cpu 2 --cpu-load 92 --quiet --timeout 60s,46,4/27/2026,18:44:27,46.51,8.44,29.81,,,
stress-ng --cpu 2 --cpu-load 92 --quiet --timeout 60s,46,4/27/2026,18:44:28,46.79,8.44,29.81,,,
stress-ng --cpu 2 --cpu-load 92 --quiet --timeout 60s,46,4/27/2026,18:44:29,46.63,8.44,29.92,,,
stress-ng --cpu 2 --cpu-load 92 --quiet --timeout 60s,46,4/27/2026,18:44:30,46.65,8.44,30.19,,,
stress-ng --cpu 2 --cpu-load 92 --quiet --timeout 60s,46,4/27/2026,18:44:31,46.76,8.44,30.19,,,
stress-ng --cpu 2 --cpu-load 92 --quiet --timeout 60s,46,4/27/2026,18:44:32,46.66,8.44,30.07,,,
stress-ng --cpu 2 --cpu-load 92 --quiet --timeout 60s,46,4/27/2026,18:44:33,46.76,8.44,29.92,,,
stress-ng --cpu 2 --cpu-load 92 --quiet --timeout 60s,46,4/27/2026,18:44:34,46.78,8.44,29.92,,,
stress-ng --cpu 2 --cpu-load 92 --quiet --timeout 60s,46,4/27/2026,18:44:35,46.65,8.44,29.94,,,
stress-ng --cpu 2 --cpu-load 92 --quiet --timeout 60s,46,4/27/2026,18:44:36,46.51,8.44,30.5,,,
stress-ng --cpu 2 --cpu-load 92 --quiet --timeout 60s,46,4/27/2026,18:44:37,46.78,8.44,30.5,,,
stress-ng --cpu 2 --cpu-load 92 --quiet --timeout 60s,46,4/27/2026,18:44:38,39.16,8.44,29.95,,,
stress-ng --cpu 2 --cpu-load 94 --quiet --timeout 60s,47,4/27/2026,12:49:30,0.99,8.4,9.26,,,
stress-ng --cpu 2 --cpu-load 94 --quiet --timeout 60s,47,4/27/2026,12:49:31,40.89,8.42,9.44,,,
stress-ng --cpu 2 --cpu-load 94 --quiet --timeout 60s,47,4/27/2026,12:49:32,47.52,8.42,23.65,,,
stress-ng --cpu 2 --cpu-load 94 --quiet --timeout 60s,47,4/27/2026,12:49:33,47.89,8.42,23.65,,,
stress-ng --cpu 2 --cpu-load 94 --quiet --timeout 60s,47,4/27/2026,12:49:34,47.63,8.42,29.3,,,
stress-ng --cpu 2 --cpu-load 94 --quiet --timeout 60s,47,4/27/2026,12:49:35,47.64,8.42,29.3,,,
stress-ng --cpu 2 --cpu-load 94 --quiet --timeout 60s,47,4/27/2026,12:49:36,47.64,8.42,29.77,,,
stress-ng --cpu 2 --cpu-load 94 --quiet --timeout 60s,47,4/27/2026,12:49:37,47.76,8.42,29.72,,,
stress-ng --cpu 2 --cpu-load 94 --quiet --timeout 60s,47,4/27/2026,12:49:38,47.65,8.42,29.72,,,
stress-ng --cpu 2 --cpu-load 94 --quiet --timeout 60s,47,4/27/2026,12:49:39,47.64,8.41,29.72,,,
stress-ng --cpu 2 --cpu-load 94 --quiet --timeout 60s,47,4/27/2026,12:49:40,47.63,8.41,29.61,,,
stress-ng --cpu 2 --cpu-load 94 --quiet --timeout 60s,47,4/27/2026,12:49:41,47.64,8.41,29.61,,,
stress-ng --cpu 2 --cpu-load 94 --quiet --timeout 60s,47,4/27/2026,12:49:42,47.77,8.41,29.78,,,
stress-ng --cpu 2 --cpu-load 94 --quiet --timeout 60s,47,4/27/2026,12:49:43,47.52,8.41,29.85,,,
stress-ng --cpu 2 --cpu-load 94 --quiet --timeout 60s,47,4/27/2026,12:49:44,47.76,8.41,29.85,,,
stress-ng --cpu 2 --cpu-load 94 --quiet --timeout 60s,47,4/27/2026,12:49:45,47.51,8.41,29.73,,,
stress-ng --cpu 2 --cpu-load 94 --quiet --timeout 60s,47,4/27/2026,12:49:46,47.51,8.41,29.6,,,
stress-ng --cpu 2 --cpu-load 94 --quiet --timeout 60s,47,4/27/2026,12:49:47,47.64,8.41,29.6,,,
stress-ng --cpu 2 --cpu-load 94 --quiet --timeout 60s,47,4/27/2026,12:49:48,47.89,8.41,30.21,,,
stress-ng --cpu 2 --cpu-load 94 --quiet --timeout 60s,47,4/27/2026,12:49:49,47.64,8.41,29.85,,,
stress-ng --cpu 2 --cpu-load 94 --quiet --timeout 60s,47,4/27/2026,12:49:50,47.65,8.41,29.85,,,
stress-ng --cpu 2 --cpu-load 94 --quiet --timeout 60s,47,4/27/2026,12:49:51,47.63,8.41,30.09,,,
stress-ng --cpu 2 --cpu-load 94 --quiet --timeout 60s,47,4/27/2026,12:49:52,47.51,8.41,29.91,,,
stress-ng --cpu 2 --cpu-load 94 --quiet --timeout 60s,47,4/27/2026,12:49:53,47.64,8.41,29.91,,,
stress-ng --cpu 2 --cpu-load 94 --quiet --timeout 60s,47,4/27/2026,12:49:54,47.9,8.41,30.58,,,
stress-ng --cpu 2 --cpu-load 94 --quiet --timeout 60s,47,4/27/2026,12:49:55,47.52,8.41,30.34,,,
stress-ng --cpu 2 --cpu-load 94 --quiet --timeout 60s,47,4/27/2026,12:49:56,47.63,8.41,30.34,,,
stress-ng --cpu 2 --cpu-load 94 --quiet --timeout 60s,47,4/27/2026,12:49:57,47.64,8.41,30.08,,,
stress-ng --cpu 2 --cpu-load 94 --quiet --timeout 60s,47,4/27/2026,12:49:58,47.76,8.41,30.08,,,
stress-ng --cpu 2 --cpu-load 94 --quiet --timeout 60s,47,4/27/2026,12:49:59,47.77,8.41,30.08,,,
stress-ng --cpu 2 --cpu-load 94 --quiet --timeout 60s,47,4/27/2026,12:50:00,47.77,8.41,30.5,,,
stress-ng --cpu 2 --cpu-load 94 --quiet --timeout 60s,47,4/27/2026,12:50:01,47.76,8.41,30.15,,,
stress-ng --cpu 2 --cpu-load 94 --quiet --timeout 60s,47,4/27/2026,12:50:02,47.63,8.41,30.15,,,
stress-ng --cpu 2 --cpu-load 94 --quiet --timeout 60s,47,4/27/2026,12:50:03,47.76,8.41,30.58,,,
stress-ng --cpu 2 --cpu-load 94 --quiet --timeout 60s,47,4/27/2026,12:50:04,48.13,8.41,30.24,,,
stress-ng --cpu 2 --cpu-load 94 --quiet --timeout 60s,47,4/27/2026,12:50:05,47.88,8.41,30.24,,,
stress-ng --cpu 2 --cpu-load 94 --quiet --timeout 60s,47,4/27/2026,12:50:06,47.64,8.41,30.61,,,
stress-ng --cpu 2 --cpu-load 94 --quiet --timeout 60s,47,4/27/2026,12:50:07,48.13,8.41,30.13,,,
stress-ng --cpu 2 --cpu-load 94 --quiet --timeout 60s,47,4/27/2026,12:50:08,47.51,8.41,30.13,,,
stress-ng --cpu 2 --cpu-load 94 --quiet --timeout 60s,47,4/27/2026,12:50:09,47.63,8.41,30.67,,,
stress-ng --cpu 2 --cpu-load 94 --quiet --timeout 60s,47,4/27/2026,12:50:10,47.77,8.41,29.93,,,
stress-ng --cpu 2 --cpu-load 94 --quiet --timeout 60s,47,4/27/2026,12:50:11,47.89,8.41,29.93,,,
stress-ng --cpu 2 --cpu-load 94 --quiet --timeout 60s,47,4/27/2026,12:50:12,47.51,8.41,30.35,,,
stress-ng --cpu 2 --cpu-load 94 --quiet --timeout 60s,47,4/27/2026,12:50:13,47.76,8.41,30.27,,,
stress-ng --cpu 2 --cpu-load 94 --quiet --timeout 60s,47,4/27/2026,12:50:14,47.52,8.41,30.27,,,
stress-ng --cpu 2 --cpu-load 94 --quiet --timeout 60s,47,4/27/2026,12:50:15,48,8.41,30.43,,,
stress-ng --cpu 2 --cpu-load 94 --quiet --timeout 60s,47,4/27/2026,12:50:16,47.26,8.41,30.14,,,
stress-ng --cpu 2 --cpu-load 94 --quiet --timeout 60s,47,4/27/2026,12:50:17,47.64,8.41,30.14,,,
stress-ng --cpu 2 --cpu-load 94 --quiet --timeout 60s,47,4/27/2026,12:50:18,47.77,8.41,30.32,,,
stress-ng --cpu 2 --cpu-load 94 --quiet --timeout 60s,47,4/27/2026,12:50:19,47.39,8.41,30.36,,,
stress-ng --cpu 2 --cpu-load 94 --quiet --timeout 60s,47,4/27/2026,12:50:20,47.76,8.41,30.36,,,
stress-ng --cpu 2 --cpu-load 94 --quiet --timeout 60s,47,4/27/2026,12:50:21,47.51,8.41,30.78,,,
stress-ng --cpu 2 --cpu-load 94 --quiet --timeout 60s,47,4/27/2026,12:50:22,47.77,8.41,30.3,,,
stress-ng --cpu 2 --cpu-load 94 --quiet --timeout 60s,47,4/27/2026,12:50:23,47.51,8.41,30.3,,,
stress-ng --cpu 2 --cpu-load 94 --quiet --timeout 60s,47,4/27/2026,12:50:24,47.52,8.41,30.54,,,
stress-ng --cpu 2 --cpu-load 94 --quiet --timeout 60s,47,4/27/2026,12:50:25,47.89,8.41,30.59,,,
stress-ng --cpu 2 --cpu-load 94 --quiet --timeout 60s,47,4/27/2026,12:50:26,47.52,8.41,30.59,,,
stress-ng --cpu 2 --cpu-load 94 --quiet --timeout 60s,47,4/27/2026,12:50:27,47.63,8.41,30.22,,,
stress-ng --cpu 2 --cpu-load 94 --quiet --timeout 60s,47,4/27/2026,12:50:28,47.64,8.41,30.22,,,
stress-ng --cpu 2 --cpu-load 94 --quiet --timeout 60s,47,4/27/2026,12:50:29,47.77,8.41,30.22,,,
stress-ng --cpu 2 --cpu-load 94 --quiet --timeout 60s,47,4/27/2026,12:50:30,34.32,8.38,30.59,,,
stress-ng --cpu 2 --cpu-load 94 --quiet --timeout 60s,47,4/27/2026,15:23:34,45.32,8.39,9.43,,,
stress-ng --cpu 2 --cpu-load 94 --quiet --timeout 60s,47,4/27/2026,15:23:35,47.88,8.39,22.53,,,
stress-ng --cpu 2 --cpu-load 94 --quiet --timeout 60s,47,4/27/2026,15:23:36,47.76,8.39,22.53,,,
stress-ng --cpu 2 --cpu-load 94 --quiet --timeout 60s,47,4/27/2026,15:23:37,47.64,8.39,22.53,,,
stress-ng --cpu 2 --cpu-load 94 --quiet --timeout 60s,47,4/27/2026,15:23:38,47.9,8.39,30.13,,,
stress-ng --cpu 2 --cpu-load 94 --quiet --timeout 60s,47,4/27/2026,15:23:39,47.64,8.39,29.83,,,
stress-ng --cpu 2 --cpu-load 94 --quiet --timeout 60s,47,4/27/2026,15:23:40,47.52,8.39,29.83,,,
stress-ng --cpu 2 --cpu-load 94 --quiet --timeout 60s,47,4/27/2026,15:23:41,47.76,8.39,30.17,,,
stress-ng --cpu 2 --cpu-load 94 --quiet --timeout 60s,47,4/27/2026,15:23:42,47.89,8.39,29.71,,,
stress-ng --cpu 2 --cpu-load 94 --quiet --timeout 60s,47,4/27/2026,15:23:43,47.76,8.39,29.71,,,
stress-ng --cpu 2 --cpu-load 94 --quiet --timeout 60s,47,4/27/2026,15:23:44,47.52,8.39,29.91,,,
stress-ng --cpu 2 --cpu-load 94 --quiet --timeout 60s,47,4/27/2026,15:23:45,47.88,8.39,30.23,,,
stress-ng --cpu 2 --cpu-load 94 --quiet --timeout 60s,47,4/27/2026,15:23:46,47.52,8.39,30.23,,,
stress-ng --cpu 2 --cpu-load 94 --quiet --timeout 60s,47,4/27/2026,15:23:47,47.76,8.39,30.38,,,
stress-ng --cpu 2 --cpu-load 94 --quiet --timeout 60s,47,4/27/2026,15:23:48,47.77,8.39,30.31,,,
stress-ng --cpu 2 --cpu-load 94 --quiet --timeout 60s,47,4/27/2026,15:23:49,47.64,8.39,30.31,,,
stress-ng --cpu 2 --cpu-load 94 --quiet --timeout 60s,47,4/27/2026,15:23:50,47.76,8.39,29.79,,,
stress-ng --cpu 2 --cpu-load 94 --quiet --timeout 60s,47,4/27/2026,15:23:51,47.77,8.39,30.28,,,
stress-ng --cpu 2 --cpu-load 94 --quiet --timeout 60s,47,4/27/2026,15:23:52,47.51,8.39,30.28,,,
stress-ng --cpu 2 --cpu-load 94 --quiet --timeout 60s,47,4/27/2026,15:23:53,47.51,8.39,29.91,,,
stress-ng --cpu 2 --cpu-load 94 --quiet --timeout 60s,47,4/27/2026,15:23:54,47.51,8.39,29.96,,,
stress-ng --cpu 2 --cpu-load 94 --quiet --timeout 60s,47,4/27/2026,15:23:55,47.77,8.39,29.96,,,
stress-ng --cpu 2 --cpu-load 94 --quiet --timeout 60s,47,4/27/2026,15:23:56,47.63,8.4,30.18,,,
stress-ng --cpu 2 --cpu-load 94 --quiet --timeout 60s,47,4/27/2026,15:23:57,47.65,8.4,30.19,,,
stress-ng --cpu 2 --cpu-load 94 --quiet --timeout 60s,47,4/27/2026,15:23:58,47.88,8.4,30.19,,,
stress-ng --cpu 2 --cpu-load 94 --quiet --timeout 60s,47,4/27/2026,15:23:59,47.52,8.4,30.17,,,
stress-ng --cpu 2 --cpu-load 94 --quiet --timeout 60s,47,4/27/2026,15:24:00,47.64,8.4,30.58,,,
stress-ng --cpu 2 --cpu-load 94 --quiet --timeout 60s,47,4/27/2026,15:24:01,47.51,8.4,30.58,,,
stress-ng --cpu 2 --cpu-load 94 --quiet --timeout 60s,47,4/27/2026,15:24:02,47.76,8.4,30.41,,,
stress-ng --cpu 2 --cpu-load 94 --quiet --timeout 60s,47,4/27/2026,15:24:03,47.77,8.4,30.22,,,
stress-ng --cpu 2 --cpu-load 94 --quiet --timeout 60s,47,4/27/2026,15:24:04,47.88,8.4,30.22,,,
stress-ng --cpu 2 --cpu-load 94 --quiet --timeout 60s,47,4/27/2026,15:24:05,47.64,8.4,30.38,,,
stress-ng --cpu 2 --cpu-load 94 --quiet --timeout 60s,47,4/27/2026,15:24:06,47.52,8.4,30.81,,,
stress-ng --cpu 2 --cpu-load 94 --quiet --timeout 60s,47,4/27/2026,15:24:07,47.63,8.4,30.81,,,
stress-ng --cpu 2 --cpu-load 94 --quiet --timeout 60s,47,4/27/2026,15:24:08,47.64,8.4,30.47,,,
stress-ng --cpu 2 --cpu-load 94 --quiet --timeout 60s,47,4/27/2026,15:24:09,47.51,8.4,30.13,,,
stress-ng --cpu 2 --cpu-load 94 --quiet --timeout 60s,47,4/27/2026,15:24:10,48.01,8.4,30.13,,,
stress-ng --cpu 2 --cpu-load 94 --quiet --timeout 60s,47,4/27/2026,15:24:11,47.64,8.4,30.69,,,
stress-ng --cpu 2 --cpu-load 94 --quiet --timeout 60s,47,4/27/2026,15:24:12,47.89,8.4,30.3,,,
stress-ng --cpu 2 --cpu-load 94 --quiet --timeout 60s,47,4/27/2026,15:24:13,47.77,8.4,30.3,,,
stress-ng --cpu 2 --cpu-load 94 --quiet --timeout 60s,47,4/27/2026,15:24:14,47.51,8.4,30.22,,,
stress-ng --cpu 2 --cpu-load 94 --quiet --timeout 60s,47,4/27/2026,15:24:15,47.64,8.4,30.39,,,
stress-ng --cpu 2 --cpu-load 94 --quiet --timeout 60s,47,4/27/2026,15:24:16,47.51,8.4,30.39,,,
stress-ng --cpu 2 --cpu-load 94 --quiet --timeout 60s,47,4/27/2026,15:24:17,47.89,8.4,30.83,,,
stress-ng --cpu 2 --cpu-load 94 --quiet --timeout 60s,47,4/27/2026,15:24:18,47.51,8.4,30.29,,,
stress-ng --cpu 2 --cpu-load 94 --quiet --timeout 60s,47,4/27/2026,15:24:19,47.63,8.4,30.29,,,
stress-ng --cpu 2 --cpu-load 94 --quiet --timeout 60s,47,4/27/2026,15:24:20,47.77,8.4,30.35,,,
stress-ng --cpu 2 --cpu-load 94 --quiet --timeout 60s,47,4/27/2026,15:24:21,47.65,8.4,30.66,,,
stress-ng --cpu 2 --cpu-load 94 --quiet --timeout 60s,47,4/27/2026,15:24:22,47.63,8.4,30.66,,,
stress-ng --cpu 2 --cpu-load 94 --quiet --timeout 60s,47,4/27/2026,15:24:23,47.51,8.4,30.63,,,
stress-ng --cpu 2 --cpu-load 94 --quiet --timeout 60s,47,4/27/2026,15:24:24,47.89,8.4,30.28,,,
stress-ng --cpu 2 --cpu-load 94 --quiet --timeout 60s,47,4/27/2026,15:24:25,47.39,8.4,30.28,,,
stress-ng --cpu 2 --cpu-load 94 --quiet --timeout 60s,47,4/27/2026,15:24:26,47.64,8.4,30.77,,,
stress-ng --cpu 2 --cpu-load 94 --quiet --timeout 60s,47,4/27/2026,15:24:27,47.75,8.4,30.29,,,
stress-ng --cpu 2 --cpu-load 94 --quiet --timeout 60s,47,4/27/2026,15:24:28,47.51,8.4,30.29,,,
stress-ng --cpu 2 --cpu-load 94 --quiet --timeout 60s,47,4/27/2026,15:24:29,47.39,8.4,30.52,,,
stress-ng --cpu 2 --cpu-load 94 --quiet --timeout 60s,47,4/27/2026,15:24:30,47.76,8.4,30.11,,,
stress-ng --cpu 2 --cpu-load 94 --quiet --timeout 60s,47,4/27/2026,15:24:31,47.64,8.4,30.11,,,
stress-ng --cpu 2 --cpu-load 94 --quiet --timeout 60s,47,4/27/2026,15:24:32,47.76,8.4,30.82,,,
stress-ng --cpu 2 --cpu-load 94 --quiet --timeout 60s,47,4/27/2026,15:24:33,47.64,8.4,30.24,,,
stress-ng --cpu 2 --cpu-load 94 --quiet --timeout 60s,47,4/27/2026,15:24:34,29.55,8.4,30.24,,,
stress-ng --cpu 2 --cpu-load 94 --quiet --timeout 60s,47,4/27/2026,17:37:37,1.22,8.42,9.61,,,
stress-ng --cpu 2 --cpu-load 94 --quiet --timeout 60s,47,4/27/2026,17:37:38,35.87,8.45,22.18,,,
stress-ng --cpu 2 --cpu-load 94 --quiet --timeout 60s,47,4/27/2026,17:37:39,47.63,8.45,22.18,,,
stress-ng --cpu 2 --cpu-load 94 --quiet --timeout 60s,47,4/27/2026,17:37:40,47.76,8.45,22.18,,,
stress-ng --cpu 2 --cpu-load 94 --quiet --timeout 60s,47,4/27/2026,17:37:41,47.64,8.45,29.84,,,
stress-ng --cpu 2 --cpu-load 94 --quiet --timeout 60s,47,4/27/2026,17:37:42,47.51,8.45,29.7,,,
stress-ng --cpu 2 --cpu-load 94 --quiet --timeout 60s,47,4/27/2026,17:37:43,47.76,8.45,29.7,,,
stress-ng --cpu 2 --cpu-load 94 --quiet --timeout 60s,47,4/27/2026,17:37:44,47.52,8.45,30.17,,,
stress-ng --cpu 2 --cpu-load 94 --quiet --timeout 60s,47,4/27/2026,17:37:45,47.88,8.45,29.69,,,
stress-ng --cpu 2 --cpu-load 94 --quiet --timeout 60s,47,4/27/2026,17:37:46,47.52,8.44,29.69,,,
stress-ng --cpu 2 --cpu-load 94 --quiet --timeout 60s,47,4/27/2026,17:37:47,47.76,8.44,30.09,,,
stress-ng --cpu 2 --cpu-load 94 --quiet --timeout 60s,47,4/27/2026,17:37:48,47.51,8.44,30.64,,,
stress-ng --cpu 2 --cpu-load 94 --quiet --timeout 60s,47,4/27/2026,17:37:49,47.52,8.44,30.64,,,
stress-ng --cpu 2 --cpu-load 94 --quiet --timeout 60s,47,4/27/2026,17:37:50,47.89,8.44,30.5,,,
stress-ng --cpu 2 --cpu-load 94 --quiet --timeout 60s,47,4/27/2026,17:37:51,47.39,8.44,30,,,
stress-ng --cpu 2 --cpu-load 94 --quiet --timeout 60s,47,4/27/2026,17:37:52,47.51,8.44,30,,,
stress-ng --cpu 2 --cpu-load 94 --quiet --timeout 60s,47,4/27/2026,17:37:53,47.76,8.44,30.24,,,
stress-ng --cpu 2 --cpu-load 94 --quiet --timeout 60s,47,4/27/2026,17:37:54,47.26,8.44,30.25,,,
stress-ng --cpu 2 --cpu-load 94 --quiet --timeout 60s,47,4/27/2026,17:37:55,47.89,8.44,30.25,,,
stress-ng --cpu 2 --cpu-load 94 --quiet --timeout 60s,47,4/27/2026,17:37:56,47.64,8.44,30.35,,,
stress-ng --cpu 2 --cpu-load 94 --quiet --timeout 60s,47,4/27/2026,17:37:57,47.77,8.44,30.08,,,
stress-ng --cpu 2 --cpu-load 94 --quiet --timeout 60s,47,4/27/2026,17:37:58,47.51,8.44,30.08,,,
stress-ng --cpu 2 --cpu-load 94 --quiet --timeout 60s,47,4/27/2026,17:37:59,47.52,8.44,30.4,,,
stress-ng --cpu 2 --cpu-load 94 --quiet --timeout 60s,47,4/27/2026,17:38:00,47.89,8.43,30.26,,,
stress-ng --cpu 2 --cpu-load 94 --quiet --timeout 60s,47,4/27/2026,17:38:01,47.89,8.43,30.26,,,
stress-ng --cpu 2 --cpu-load 94 --quiet --timeout 60s,47,4/27/2026,17:38:02,47.51,8.43,30.37,,,
stress-ng --cpu 2 --cpu-load 94 --quiet --timeout 60s,47,4/27/2026,17:38:03,47.64,8.43,30.23,,,
stress-ng --cpu 2 --cpu-load 94 --quiet --timeout 60s,47,4/27/2026,17:38:04,47.89,8.44,30.23,,,
stress-ng --cpu 2 --cpu-load 94 --quiet --timeout 60s,47,4/27/2026,17:38:05,47.89,8.44,30.78,,,
stress-ng --cpu 2 --cpu-load 94 --quiet --timeout 60s,47,4/27/2026,17:38:06,47.51,8.44,30.32,,,
stress-ng --cpu 2 --cpu-load 94 --quiet --timeout 60s,47,4/27/2026,17:38:07,47.77,8.44,30.32,,,
stress-ng --cpu 2 --cpu-load 94 --quiet --timeout 60s,47,4/27/2026,17:38:08,47.51,8.43,31.66,,,
stress-ng --cpu 2 --cpu-load 94 --quiet --timeout 60s,47,4/27/2026,17:38:09,47.76,8.43,31.66,,,
stress-ng --cpu 2 --cpu-load 94 --quiet --timeout 60s,47,4/27/2026,17:38:10,48,8.43,31.66,,,
stress-ng --cpu 2 --cpu-load 94 --quiet --timeout 60s,47,4/27/2026,17:38:11,47.39,8.43,30.47,,,
stress-ng --cpu 2 --cpu-load 94 --quiet --timeout 60s,47,4/27/2026,17:38:12,47.63,8.43,30.52,,,
stress-ng --cpu 2 --cpu-load 94 --quiet --timeout 60s,47,4/27/2026,17:38:13,47.64,8.43,30.52,,,
stress-ng --cpu 2 --cpu-load 94 --quiet --timeout 60s,47,4/27/2026,17:38:14,47.51,8.43,30.63,,,
stress-ng --cpu 2 --cpu-load 94 --quiet --timeout 60s,47,4/27/2026,17:38:15,47.89,8.43,30.3,,,
stress-ng --cpu 2 --cpu-load 94 --quiet --timeout 60s,47,4/27/2026,17:38:16,47.63,8.43,30.3,,,
stress-ng --cpu 2 --cpu-load 94 --quiet --timeout 60s,47,4/27/2026,17:38:17,47.52,8.43,30.62,,,
stress-ng --cpu 2 --cpu-load 94 --quiet --timeout 60s,47,4/27/2026,17:38:18,47.75,8.43,30.62,,,
stress-ng --cpu 2 --cpu-load 94 --quiet --timeout 60s,47,4/27/2026,17:38:19,47.64,8.43,30.72,,,
stress-ng --cpu 2 --cpu-load 94 --quiet --timeout 60s,47,4/27/2026,17:38:20,47.76,8.43,30.8,,,
stress-ng --cpu 2 --cpu-load 94 --quiet --timeout 60s,47,4/27/2026,17:38:21,47.52,8.43,30.8,,,
stress-ng --cpu 2 --cpu-load 94 --quiet --timeout 60s,47,4/27/2026,17:38:22,47.64,8.43,30.82,,,
stress-ng --cpu 2 --cpu-load 94 --quiet --timeout 60s,47,4/27/2026,17:38:23,47.77,8.43,30.81,,,
stress-ng --cpu 2 --cpu-load 94 --quiet --timeout 60s,47,4/27/2026,17:38:24,47.77,8.43,30.81,,,
stress-ng --cpu 2 --cpu-load 94 --quiet --timeout 60s,47,4/27/2026,17:38:25,47.52,8.43,30.41,,,
stress-ng --cpu 2 --cpu-load 94 --quiet --timeout 60s,47,4/27/2026,17:38:26,47.89,8.44,30.6,,,
stress-ng --cpu 2 --cpu-load 94 --quiet --timeout 60s,47,4/27/2026,17:38:27,47.51,8.44,30.6,,,
stress-ng --cpu 2 --cpu-load 94 --quiet --timeout 60s,47,4/27/2026,17:38:28,47.63,8.44,30.74,,,
stress-ng --cpu 2 --cpu-load 94 --quiet --timeout 60s,47,4/27/2026,17:38:29,47.39,8.43,30.52,,,
stress-ng --cpu 2 --cpu-load 94 --quiet --timeout 60s,47,4/27/2026,17:38:30,47.63,8.43,30.52,,,
stress-ng --cpu 2 --cpu-load 94 --quiet --timeout 60s,47,4/27/2026,17:38:31,47.51,8.43,30.45,,,
stress-ng --cpu 2 --cpu-load 94 --quiet --timeout 60s,47,4/27/2026,17:38:32,47.78,8.43,30.53,,,
stress-ng --cpu 2 --cpu-load 94 --quiet --timeout 60s,47,4/27/2026,17:38:33,47.64,8.43,30.53,,,
stress-ng --cpu 2 --cpu-load 94 --quiet --timeout 60s,47,4/27/2026,17:38:34,47.63,8.43,30.37,,,
stress-ng --cpu 2 --cpu-load 94 --quiet --timeout 60s,47,4/27/2026,17:38:35,47.77,8.43,30.81,,,
stress-ng --cpu 2 --cpu-load 94 --quiet --timeout 60s,47,4/27/2026,17:38:36,48,8.43,30.81,,,
stress-ng --cpu 2 --cpu-load 94 --quiet --timeout 60s,47,4/27/2026,17:38:37,40.49,8.43,30.52,,,
stress-ng --cpu 2 --cpu-load 96 --quiet --timeout 60s,48,4/27/2026,12:59:30,1.22,8.38,9.63,,,
stress-ng --cpu 2 --cpu-load 96 --quiet --timeout 60s,48,4/27/2026,12:59:31,31.2,8.41,9.49,,,
stress-ng --cpu 2 --cpu-load 96 --quiet --timeout 60s,48,4/27/2026,12:59:32,48.51,8.41,18.42,,,
stress-ng --cpu 2 --cpu-load 96 --quiet --timeout 60s,48,4/27/2026,12:59:33,49.25,8.41,18.42,,,
stress-ng --cpu 2 --cpu-load 96 --quiet --timeout 60s,48,4/27/2026,12:59:34,48.76,8.41,30.22,,,
stress-ng --cpu 2 --cpu-load 96 --quiet --timeout 60s,48,4/27/2026,12:59:35,48.75,8.41,30.22,,,
stress-ng --cpu 2 --cpu-load 96 --quiet --timeout 60s,48,4/27/2026,12:59:36,48.5,8.41,29.94,,,
stress-ng --cpu 2 --cpu-load 96 --quiet --timeout 60s,48,4/27/2026,12:59:37,48.76,8.41,29.97,,,
stress-ng --cpu 2 --cpu-load 96 --quiet --timeout 60s,48,4/27/2026,12:59:38,48.63,8.41,29.98,,,
stress-ng --cpu 2 --cpu-load 96 --quiet --timeout 60s,48,4/27/2026,12:59:39,48.62,8.41,29.98,,,
stress-ng --cpu 2 --cpu-load 96 --quiet --timeout 60s,48,4/27/2026,12:59:40,48.75,8.41,30.29,,,
stress-ng --cpu 2 --cpu-load 96 --quiet --timeout 60s,48,4/27/2026,12:59:41,48.63,8.41,30.29,,,
stress-ng --cpu 2 --cpu-load 96 --quiet --timeout 60s,48,4/27/2026,12:59:42,48.75,8.41,30.17,,,
stress-ng --cpu 2 --cpu-load 96 --quiet --timeout 60s,48,4/27/2026,12:59:43,48.88,8.41,30.25,,,
stress-ng --cpu 2 --cpu-load 96 --quiet --timeout 60s,48,4/27/2026,12:59:44,48.5,8.41,30.25,,,
stress-ng --cpu 2 --cpu-load 96 --quiet --timeout 60s,48,4/27/2026,12:59:45,48.5,8.41,30.17,,,
stress-ng --cpu 2 --cpu-load 96 --quiet --timeout 60s,48,4/27/2026,12:59:46,48.51,8.41,30.12,,,
stress-ng --cpu 2 --cpu-load 96 --quiet --timeout 60s,48,4/27/2026,12:59:47,48.62,8.41,30.12,,,
stress-ng --cpu 2 --cpu-load 96 --quiet --timeout 60s,48,4/27/2026,12:59:48,48.63,8.41,30.33,,,
stress-ng --cpu 2 --cpu-load 96 --quiet --timeout 60s,48,4/27/2026,12:59:49,48.64,8.41,30.35,,,
stress-ng --cpu 2 --cpu-load 96 --quiet --timeout 60s,48,4/27/2026,12:59:50,48.75,8.41,30.35,,,
stress-ng --cpu 2 --cpu-load 96 --quiet --timeout 60s,48,4/27/2026,12:59:51,48.5,8.41,30.1,,,
stress-ng --cpu 2 --cpu-load 96 --quiet --timeout 60s,48,4/27/2026,12:59:52,48.75,8.41,30.09,,,
stress-ng --cpu 2 --cpu-load 96 --quiet --timeout 60s,48,4/27/2026,12:59:53,48.76,8.41,30.09,,,
stress-ng --cpu 2 --cpu-load 96 --quiet --timeout 60s,48,4/27/2026,12:59:54,48.64,8.41,30.22,,,
stress-ng --cpu 2 --cpu-load 96 --quiet --timeout 60s,48,4/27/2026,12:59:55,48.88,8.41,30.78,,,
stress-ng --cpu 2 --cpu-load 96 --quiet --timeout 60s,48,4/27/2026,12:59:56,48.76,8.41,30.78,,,
stress-ng --cpu 2 --cpu-load 96 --quiet --timeout 60s,48,4/27/2026,12:59:57,48.5,8.41,30.54,,,
stress-ng --cpu 2 --cpu-load 96 --quiet --timeout 60s,48,4/27/2026,12:59:58,48.88,8.41,30.25,,,
stress-ng --cpu 2 --cpu-load 96 --quiet --timeout 60s,48,4/27/2026,12:59:59,48.62,8.41,30.25,,,
stress-ng --cpu 2 --cpu-load 96 --quiet --timeout 60s,48,4/27/2026,13:00:00,48.75,8.41,30.64,,,
stress-ng --cpu 2 --cpu-load 96 --quiet --timeout 60s,48,4/27/2026,13:00:01,48.62,8.41,30.78,,,
stress-ng --cpu 2 --cpu-load 96 --quiet --timeout 60s,48,4/27/2026,13:00:02,48.63,8.41,30.78,,,
stress-ng --cpu 2 --cpu-load 96 --quiet --timeout 60s,48,4/27/2026,13:00:03,48.63,8.41,30.34,,,
stress-ng --cpu 2 --cpu-load 96 --quiet --timeout 60s,48,4/27/2026,13:00:04,48.75,8.41,30.41,,,
stress-ng --cpu 2 --cpu-load 96 --quiet --timeout 60s,48,4/27/2026,13:00:05,49.12,8.41,30.41,,,
stress-ng --cpu 2 --cpu-load 96 --quiet --timeout 60s,48,4/27/2026,13:00:06,48.38,8.41,31.14,,,
stress-ng --cpu 2 --cpu-load 96 --quiet --timeout 60s,48,4/27/2026,13:00:07,48.88,8.41,30.43,,,
stress-ng --cpu 2 --cpu-load 96 --quiet --timeout 60s,48,4/27/2026,13:00:08,48.38,8.41,30.43,,,
stress-ng --cpu 2 --cpu-load 96 --quiet --timeout 60s,48,4/27/2026,13:00:09,48.75,8.41,30.46,,,
stress-ng --cpu 2 --cpu-load 96 --quiet --timeout 60s,48,4/27/2026,13:00:10,48.88,8.41,30.75,,,
stress-ng --cpu 2 --cpu-load 96 --quiet --timeout 60s,48,4/27/2026,13:00:11,49,8.41,30.75,,,
stress-ng --cpu 2 --cpu-load 96 --quiet --timeout 60s,48,4/27/2026,13:00:12,48.64,8.41,30.55,,,
stress-ng --cpu 2 --cpu-load 96 --quiet --timeout 60s,48,4/27/2026,13:00:13,48.5,8.41,30.82,,,
stress-ng --cpu 2 --cpu-load 96 --quiet --timeout 60s,48,4/27/2026,13:00:14,48.64,8.41,30.82,,,
stress-ng --cpu 2 --cpu-load 96 --quiet --timeout 60s,48,4/27/2026,13:00:15,48.62,8.41,31.15,,,
stress-ng --cpu 2 --cpu-load 96 --quiet --timeout 60s,48,4/27/2026,13:00:16,48.51,8.41,30.4,,,
stress-ng --cpu 2 --cpu-load 96 --quiet --timeout 60s,48,4/27/2026,13:00:17,48.88,8.41,30.4,,,
stress-ng --cpu 2 --cpu-load 96 --quiet --timeout 60s,48,4/27/2026,13:00:18,48.5,8.41,30.57,,,
stress-ng --cpu 2 --cpu-load 96 --quiet --timeout 60s,48,4/27/2026,13:00:19,48.63,8.41,30.49,,,
stress-ng --cpu 2 --cpu-load 96 --quiet --timeout 60s,48,4/27/2026,13:00:20,48.63,8.41,30.49,,,
stress-ng --cpu 2 --cpu-load 96 --quiet --timeout 60s,48,4/27/2026,13:00:21,48.75,8.41,30.89,,,
stress-ng --cpu 2 --cpu-load 96 --quiet --timeout 60s,48,4/27/2026,13:00:22,48.76,8.41,30.57,,,
stress-ng --cpu 2 --cpu-load 96 --quiet --timeout 60s,48,4/27/2026,13:00:23,48.5,8.41,30.57,,,
stress-ng --cpu 2 --cpu-load 96 --quiet --timeout 60s,48,4/27/2026,13:00:24,48.88,8.41,30.67,,,
stress-ng --cpu 2 --cpu-load 96 --quiet --timeout 60s,48,4/27/2026,13:00:25,48.76,8.41,30.89,,,
stress-ng --cpu 2 --cpu-load 96 --quiet --timeout 60s,48,4/27/2026,13:00:26,48.62,8.41,30.89,,,
stress-ng --cpu 2 --cpu-load 96 --quiet --timeout 60s,48,4/27/2026,13:00:27,48.64,8.41,30.66,,,
stress-ng --cpu 2 --cpu-load 96 --quiet --timeout 60s,48,4/27/2026,13:00:28,48.5,8.41,30.56,,,
stress-ng --cpu 2 --cpu-load 96 --quiet --timeout 60s,48,4/27/2026,13:00:29,48.75,8.41,30.56,,,
stress-ng --cpu 2 --cpu-load 96 --quiet --timeout 60s,48,4/27/2026,13:00:30,45.27,8.4,30.87,,,
stress-ng --cpu 2 --cpu-load 96 --quiet --timeout 60s,48,4/27/2026,14:35:32,1.71,8.4,9.39,,,
stress-ng --cpu 2 --cpu-load 96 --quiet --timeout 60s,48,4/27/2026,14:35:33,20.63,8.41,13.52,,,
stress-ng --cpu 2 --cpu-load 96 --quiet --timeout 60s,48,4/27/2026,14:35:34,48.62,8.41,13.52,,,
stress-ng --cpu 2 --cpu-load 96 --quiet --timeout 60s,48,4/27/2026,14:35:35,48.63,8.41,13.52,,,
stress-ng --cpu 2 --cpu-load 96 --quiet --timeout 60s,48,4/27/2026,14:35:36,48.62,8.4,30.48,,,
stress-ng --cpu 2 --cpu-load 96 --quiet --timeout 60s,48,4/27/2026,14:35:37,48.63,8.4,30.07,,,
stress-ng --cpu 2 --cpu-load 96 --quiet --timeout 60s,48,4/27/2026,14:35:38,48.63,8.4,30.07,,,
stress-ng --cpu 2 --cpu-load 96 --quiet --timeout 60s,48,4/27/2026,14:35:39,48.25,8.4,30.31,,,
stress-ng --cpu 2 --cpu-load 96 --quiet --timeout 60s,48,4/27/2026,14:35:40,48.75,8.4,30.09,,,
stress-ng --cpu 2 --cpu-load 96 --quiet --timeout 60s,48,4/27/2026,14:35:41,48.63,8.4,30.09,,,
stress-ng --cpu 2 --cpu-load 96 --quiet --timeout 60s,48,4/27/2026,14:35:42,48.63,8.4,30.18,,,
stress-ng --cpu 2 --cpu-load 96 --quiet --timeout 60s,48,4/27/2026,14:35:43,48.5,8.4,30.71,,,
stress-ng --cpu 2 --cpu-load 96 --quiet --timeout 60s,48,4/27/2026,14:35:44,48.88,8.4,30.71,,,
stress-ng --cpu 2 --cpu-load 96 --quiet --timeout 60s,48,4/27/2026,14:35:45,48.62,8.4,30.21,,,
stress-ng --cpu 2 --cpu-load 96 --quiet --timeout 60s,48,4/27/2026,14:35:46,48.63,8.4,30.33,,,
stress-ng --cpu 2 --cpu-load 96 --quiet --timeout 60s,48,4/27/2026,14:35:47,49.87,8.4,30.33,,,
stress-ng --cpu 2 --cpu-load 96 --quiet --timeout 60s,48,4/27/2026,14:35:48,48.75,8.4,30.78,,,
stress-ng --cpu 2 --cpu-load 96 --quiet --timeout 60s,48,4/27/2026,14:35:49,48.88,8.4,30.81,,,
stress-ng --cpu 2 --cpu-load 96 --quiet --timeout 60s,48,4/27/2026,14:35:50,48.5,8.4,30.81,,,
stress-ng --cpu 2 --cpu-load 96 --quiet --timeout 60s,48,4/27/2026,14:35:51,48.88,8.4,30.28,,,
stress-ng --cpu 2 --cpu-load 96 --quiet --timeout 60s,48,4/27/2026,14:35:52,48.63,8.4,30.41,,,
stress-ng --cpu 2 --cpu-load 96 --quiet --timeout 60s,48,4/27/2026,14:35:53,48.75,8.4,30.41,,,
stress-ng --cpu 2 --cpu-load 96 --quiet --timeout 60s,48,4/27/2026,14:35:54,48.5,8.4,31.17,,,
stress-ng --cpu 2 --cpu-load 96 --quiet --timeout 60s,48,4/27/2026,14:35:55,48.64,8.4,30.53,,,
stress-ng --cpu 2 --cpu-load 96 --quiet --timeout 60s,48,4/27/2026,14:35:56,48.88,8.4,30.53,,,
stress-ng --cpu 2 --cpu-load 96 --quiet --timeout 60s,48,4/27/2026,14:35:57,48.76,8.4,30.55,,,
stress-ng --cpu 2 --cpu-load 96 --quiet --timeout 60s,48,4/27/2026,14:35:58,48.75,8.4,30.79,,,
stress-ng --cpu 2 --cpu-load 96 --quiet --timeout 60s,48,4/27/2026,14:35:59,48.5,8.4,30.79,,,
stress-ng --cpu 2 --cpu-load 96 --quiet --timeout 60s,48,4/27/2026,14:36:00,48.76,8.4,30.92,,,
stress-ng --cpu 2 --cpu-load 96 --quiet --timeout 60s,48,4/27/2026,14:36:01,48.88,8.4,30.6,,,
stress-ng --cpu 2 --cpu-load 96 --quiet --timeout 60s,48,4/27/2026,14:36:02,48.5,8.4,30.6,,,
stress-ng --cpu 2 --cpu-load 96 --quiet --timeout 60s,48,4/27/2026,14:36:03,48.64,8.4,30.64,,,
stress-ng --cpu 2 --cpu-load 96 --quiet --timeout 60s,48,4/27/2026,14:36:04,49,8.4,30.88,,,
stress-ng --cpu 2 --cpu-load 96 --quiet --timeout 60s,48,4/27/2026,14:36:05,48.75,8.4,30.88,,,
stress-ng --cpu 2 --cpu-load 96 --quiet --timeout 60s,48,4/27/2026,14:36:06,48.38,8.4,31.17,,,
stress-ng --cpu 2 --cpu-load 96 --quiet --timeout 60s,48,4/27/2026,14:36:07,48.75,8.4,30.83,,,
stress-ng --cpu 2 --cpu-load 96 --quiet --timeout 60s,48,4/27/2026,14:36:08,48.5,8.4,30.83,,,
stress-ng --cpu 2 --cpu-load 96 --quiet --timeout 60s,48,4/27/2026,14:36:09,49,8.4,31.11,,,
stress-ng --cpu 2 --cpu-load 96 --quiet --timeout 60s,48,4/27/2026,14:36:10,48.63,8.4,30.8,,,
stress-ng --cpu 2 --cpu-load 96 --quiet --timeout 60s,48,4/27/2026,14:36:11,48.63,8.4,30.8,,,
stress-ng --cpu 2 --cpu-load 96 --quiet --timeout 60s,48,4/27/2026,14:36:12,48.75,8.4,30.81,,,
stress-ng --cpu 2 --cpu-load 96 --quiet --timeout 60s,48,4/27/2026,14:36:13,48.75,8.4,30.72,,,
stress-ng --cpu 2 --cpu-load 96 --quiet --timeout 60s,48,4/27/2026,14:36:14,48.5,8.4,30.72,,,
stress-ng --cpu 2 --cpu-load 96 --quiet --timeout 60s,48,4/27/2026,14:36:15,48.63,8.4,30.98,,,
stress-ng --cpu 2 --cpu-load 96 --quiet --timeout 60s,48,4/27/2026,14:36:16,48.88,8.4,30.69,,,
stress-ng --cpu 2 --cpu-load 96 --quiet --timeout 60s,48,4/27/2026,14:36:17,48.63,8.4,30.69,,,
stress-ng --cpu 2 --cpu-load 96 --quiet --timeout 60s,48,4/27/2026,14:36:18,48.62,8.4,30.8,,,
stress-ng --cpu 2 --cpu-load 96 --quiet --timeout 60s,48,4/27/2026,14:36:19,48.63,8.4,30.98,,,
stress-ng --cpu 2 --cpu-load 96 --quiet --timeout 60s,48,4/27/2026,14:36:20,48.51,8.4,30.98,,,
stress-ng --cpu 2 --cpu-load 96 --quiet --timeout 60s,48,4/27/2026,14:36:21,48.5,8.4,30.69,,,
stress-ng --cpu 2 --cpu-load 96 --quiet --timeout 60s,48,4/27/2026,14:36:22,48.76,8.4,30.63,,,
stress-ng --cpu 2 --cpu-load 96 --quiet --timeout 60s,48,4/27/2026,14:36:23,48.75,8.4,30.63,,,
stress-ng --cpu 2 --cpu-load 96 --quiet --timeout 60s,48,4/27/2026,14:36:24,48.64,8.4,30.93,,,
stress-ng --cpu 2 --cpu-load 96 --quiet --timeout 60s,48,4/27/2026,14:36:25,48.75,8.4,30.79,,,
stress-ng --cpu 2 --cpu-load 96 --quiet --timeout 60s,48,4/27/2026,14:36:26,48.5,8.4,30.79,,,
stress-ng --cpu 2 --cpu-load 96 --quiet --timeout 60s,48,4/27/2026,14:36:27,48.63,8.4,29.59,,,
stress-ng --cpu 2 --cpu-load 96 --quiet --timeout 60s,48,4/27/2026,14:36:28,48.51,8.4,30.71,,,
stress-ng --cpu 2 --cpu-load 96 --quiet --timeout 60s,48,4/27/2026,14:36:29,48.75,8.4,30.71,,,
stress-ng --cpu 2 --cpu-load 96 --quiet --timeout 60s,48,4/27/2026,14:36:30,48.76,8.4,31.05,,,
stress-ng --cpu 2 --cpu-load 96 --quiet --timeout 60s,48,4/27/2026,14:36:31,49.5,8.41,30.81,,,
stress-ng --cpu 2 --cpu-load 96 --quiet --timeout 60s,48,4/27/2026,14:36:32,49,8.4,30.81,,,
stress-ng --cpu 2 --cpu-load 96 --quiet --timeout 60s,48,4/27/2026,14:36:33,10.17,8.39,30.96,,,
stress-ng --cpu 2 --cpu-load 96 --quiet --timeout 60s,48,4/27/2026,18:35:38,1.23,8.42,9.9,,,
stress-ng --cpu 2 --cpu-load 96 --quiet --timeout 60s,48,4/27/2026,18:35:39,48.27,8.45,9.9,,,
stress-ng --cpu 2 --cpu-load 96 --quiet --timeout 60s,48,4/27/2026,18:35:40,48.75,8.45,30.08,,,
stress-ng --cpu 2 --cpu-load 96 --quiet --timeout 60s,48,4/27/2026,18:35:41,48.63,8.45,30.23,,,
stress-ng --cpu 2 --cpu-load 96 --quiet --timeout 60s,48,4/27/2026,18:35:42,48.63,8.45,30.23,,,
stress-ng --cpu 2 --cpu-load 96 --quiet --timeout 60s,48,4/27/2026,18:35:43,48.75,8.44,30.49,,,
stress-ng --cpu 2 --cpu-load 96 --quiet --timeout 60s,48,4/27/2026,18:35:44,48.88,8.44,30.24,,,
stress-ng --cpu 2 --cpu-load 96 --quiet --timeout 60s,48,4/27/2026,18:35:45,48.5,8.44,30.24,,,
stress-ng --cpu 2 --cpu-load 96 --quiet --timeout 60s,48,4/27/2026,18:35:46,48.76,8.44,30.18,,,
stress-ng --cpu 2 --cpu-load 96 --quiet --timeout 60s,48,4/27/2026,18:35:47,48.75,8.44,30.76,,,
stress-ng --cpu 2 --cpu-load 96 --quiet --timeout 60s,48,4/27/2026,18:35:48,48.76,8.44,30.76,,,
stress-ng --cpu 2 --cpu-load 96 --quiet --timeout 60s,48,4/27/2026,18:35:49,48.63,8.44,30.11,,,
stress-ng --cpu 2 --cpu-load 96 --quiet --timeout 60s,48,4/27/2026,18:35:50,48.5,8.44,30.36,,,
stress-ng --cpu 2 --cpu-load 96 --quiet --timeout 60s,48,4/27/2026,18:35:51,48.38,8.44,30.36,,,
stress-ng --cpu 2 --cpu-load 96 --quiet --timeout 60s,48,4/27/2026,18:35:52,48.62,8.44,30.58,,,
stress-ng --cpu 2 --cpu-load 96 --quiet --timeout 60s,48,4/27/2026,18:35:53,48.63,8.44,30.21,,,
stress-ng --cpu 2 --cpu-load 96 --quiet --timeout 60s,48,4/27/2026,18:35:54,48.75,8.44,30.21,,,
stress-ng --cpu 2 --cpu-load 96 --quiet --timeout 60s,48,4/27/2026,18:35:55,48.88,8.45,30.47,,,
stress-ng --cpu 2 --cpu-load 96 --quiet --timeout 60s,48,4/27/2026,18:35:56,48.63,8.45,30.33,,,
stress-ng --cpu 2 --cpu-load 96 --quiet --timeout 60s,48,4/27/2026,18:35:57,48.37,8.45,30.33,,,
stress-ng --cpu 2 --cpu-load 96 --quiet --timeout 60s,48,4/27/2026,18:35:58,48.88,8.45,30.71,,,
stress-ng --cpu 2 --cpu-load 96 --quiet --timeout 60s,48,4/27/2026,18:35:59,48.62,8.45,30.53,,,
stress-ng --cpu 2 --cpu-load 96 --quiet --timeout 60s,48,4/27/2026,18:36:00,48.63,8.45,30.53,,,
stress-ng --cpu 2 --cpu-load 96 --quiet --timeout 60s,48,4/27/2026,18:36:01,48.5,8.45,30.62,,,
stress-ng --cpu 2 --cpu-load 96 --quiet --timeout 60s,48,4/27/2026,18:36:02,48.63,8.45,30.97,,,
stress-ng --cpu 2 --cpu-load 96 --quiet --timeout 60s,48,4/27/2026,18:36:03,48.88,8.45,30.97,,,
stress-ng --cpu 2 --cpu-load 96 --quiet --timeout 60s,48,4/27/2026,18:36:04,48.75,8.45,30.72,,,
stress-ng --cpu 2 --cpu-load 96 --quiet --timeout 60s,48,4/27/2026,18:36:05,48.63,8.45,30.74,,,
stress-ng --cpu 2 --cpu-load 96 --quiet --timeout 60s,48,4/27/2026,18:36:06,48.62,8.45,30.74,,,
stress-ng --cpu 2 --cpu-load 96 --quiet --timeout 60s,48,4/27/2026,18:36:07,48.88,8.45,31.06,,,
stress-ng --cpu 2 --cpu-load 96 --quiet --timeout 60s,48,4/27/2026,18:36:08,48.62,8.45,30.8,,,
stress-ng --cpu 2 --cpu-load 96 --quiet --timeout 60s,48,4/27/2026,18:36:09,48.88,8.45,30.54,,,
stress-ng --cpu 2 --cpu-load 96 --quiet --timeout 60s,48,4/27/2026,18:36:10,48.63,8.45,30.54,,,
stress-ng --cpu 2 --cpu-load 96 --quiet --timeout 60s,48,4/27/2026,18:36:11,48.75,8.45,31.08,,,
stress-ng --cpu 2 --cpu-load 96 --quiet --timeout 60s,48,4/27/2026,18:36:12,48.5,8.45,30.63,,,
stress-ng --cpu 2 --cpu-load 96 --quiet --timeout 60s,48,4/27/2026,18:36:13,48.75,8.45,30.63,,,
stress-ng --cpu 2 --cpu-load 96 --quiet --timeout 60s,48,4/27/2026,18:36:14,48.63,8.45,31.04,,,
stress-ng --cpu 2 --cpu-load 96 --quiet --timeout 60s,48,4/27/2026,18:36:15,48.75,8.45,30.64,,,
stress-ng --cpu 2 --cpu-load 96 --quiet --timeout 60s,48,4/27/2026,18:36:16,48.51,8.45,30.64,,,
stress-ng --cpu 2 --cpu-load 96 --quiet --timeout 60s,48,4/27/2026,18:36:17,48.75,8.45,30.74,,,
stress-ng --cpu 2 --cpu-load 96 --quiet --timeout 60s,48,4/27/2026,18:36:18,48.75,8.45,30.8,,,
stress-ng --cpu 2 --cpu-load 96 --quiet --timeout 60s,48,4/27/2026,18:36:19,48.76,8.45,30.8,,,
stress-ng --cpu 2 --cpu-load 96 --quiet --timeout 60s,48,4/27/2026,18:36:20,48.75,8.45,30.87,,,
stress-ng --cpu 2 --cpu-load 96 --quiet --timeout 60s,48,4/27/2026,18:36:21,48.63,8.45,30.94,,,
stress-ng --cpu 2 --cpu-load 96 --quiet --timeout 60s,48,4/27/2026,18:36:22,48.63,8.45,30.94,,,
stress-ng --cpu 2 --cpu-load 96 --quiet --timeout 60s,48,4/27/2026,18:36:23,49,8.45,31.15,,,
stress-ng --cpu 2 --cpu-load 96 --quiet --timeout 60s,48,4/27/2026,18:36:24,48.63,8.45,30.62,,,
stress-ng --cpu 2 --cpu-load 96 --quiet --timeout 60s,48,4/27/2026,18:36:25,48.75,8.45,30.62,,,
stress-ng --cpu 2 --cpu-load 96 --quiet --timeout 60s,48,4/27/2026,18:36:26,48.75,8.45,30.77,,,
stress-ng --cpu 2 --cpu-load 96 --quiet --timeout 60s,48,4/27/2026,18:36:27,48.5,8.45,30.58,,,
stress-ng --cpu 2 --cpu-load 96 --quiet --timeout 60s,48,4/27/2026,18:36:28,48.75,8.45,30.58,,,
stress-ng --cpu 2 --cpu-load 96 --quiet --timeout 60s,48,4/27/2026,18:36:29,48.76,8.45,31.1,,,
stress-ng --cpu 2 --cpu-load 96 --quiet --timeout 60s,48,4/27/2026,18:36:30,48.63,8.45,30.68,,,
stress-ng --cpu 2 --cpu-load 96 --quiet --timeout 60s,48,4/27/2026,18:36:31,48.62,8.45,30.68,,,
stress-ng --cpu 2 --cpu-load 96 --quiet --timeout 60s,48,4/27/2026,18:36:32,48.75,8.45,31.03,,,
stress-ng --cpu 2 --cpu-load 96 --quiet --timeout 60s,48,4/27/2026,18:36:33,48.63,8.45,30.94,,,
stress-ng --cpu 2 --cpu-load 96 --quiet --timeout 60s,48,4/27/2026,18:36:34,48.75,8.45,30.94,,,
stress-ng --cpu 2 --cpu-load 96 --quiet --timeout 60s,48,4/27/2026,18:36:35,48.63,8.45,31.16,,,
stress-ng --cpu 2 --cpu-load 96 --quiet --timeout 60s,48,4/27/2026,18:36:36,48.63,8.45,30.91,,,
stress-ng --cpu 2 --cpu-load 96 --quiet --timeout 60s,48,4/27/2026,18:36:37,48.63,8.45,30.91,,,
stress-ng --cpu 2 --cpu-load 96 --quiet --timeout 60s,48,4/27/2026,18:36:38,48.63,8.45,31.21,,,
stress-ng --cpu 2 --cpu-load 98 --quiet --timeout 60s,49,4/27/2026,13:41:31,1.47,8.38,9.23,,,
stress-ng --cpu 2 --cpu-load 98 --quiet --timeout 60s,49,4/27/2026,13:41:32,30.54,8.41,9.97,,,
stress-ng --cpu 2 --cpu-load 98 --quiet --timeout 60s,49,4/27/2026,13:41:33,49.5,8.41,30.62,,,
stress-ng --cpu 2 --cpu-load 98 --quiet --timeout 60s,49,4/27/2026,13:41:34,49.87,8.41,30.62,,,
stress-ng --cpu 2 --cpu-load 98 --quiet --timeout 60s,49,4/27/2026,13:41:35,49.62,8.41,30.94,,,
stress-ng --cpu 2 --cpu-load 98 --quiet --timeout 60s,49,4/27/2026,13:41:36,49.62,8.41,30.45,,,
stress-ng --cpu 2 --cpu-load 98 --quiet --timeout 60s,49,4/27/2026,13:41:37,49.62,8.41,30.45,,,
stress-ng --cpu 2 --cpu-load 98 --quiet --timeout 60s,49,4/27/2026,13:41:38,49.5,8.41,30.41,,,
stress-ng --cpu 2 --cpu-load 98 --quiet --timeout 60s,49,4/27/2026,13:41:39,49.75,8.41,30.37,,,
stress-ng --cpu 2 --cpu-load 98 --quiet --timeout 60s,49,4/27/2026,13:41:40,49.87,8.41,30.78,,,
stress-ng --cpu 2 --cpu-load 98 --quiet --timeout 60s,49,4/27/2026,13:41:41,49.75,8.41,30.78,,,
stress-ng --cpu 2 --cpu-load 98 --quiet --timeout 60s,49,4/27/2026,13:41:42,49.62,8.41,30.49,,,
stress-ng --cpu 2 --cpu-load 98 --quiet --timeout 60s,49,4/27/2026,13:41:43,49.75,8.41,30.65,,,
stress-ng --cpu 2 --cpu-load 98 --quiet --timeout 60s,49,4/27/2026,13:41:44,49.5,8.41,30.65,,,
stress-ng --cpu 2 --cpu-load 98 --quiet --timeout 60s,49,4/27/2026,13:41:45,49.87,8.41,31.05,,,
stress-ng --cpu 2 --cpu-load 98 --quiet --timeout 60s,49,4/27/2026,13:41:46,49.37,8.41,30.71,,,
stress-ng --cpu 2 --cpu-load 98 --quiet --timeout 60s,49,4/27/2026,13:41:47,49.75,8.41,30.71,,,
stress-ng --cpu 2 --cpu-load 98 --quiet --timeout 60s,49,4/27/2026,13:41:48,49.5,8.41,30.96,,,
stress-ng --cpu 2 --cpu-load 98 --quiet --timeout 60s,49,4/27/2026,13:41:49,49.87,8.41,29.94,,,
stress-ng --cpu 2 --cpu-load 98 --quiet --timeout 60s,49,4/27/2026,13:41:50,49.62,8.41,29.94,,,
stress-ng --cpu 2 --cpu-load 98 --quiet --timeout 60s,49,4/27/2026,13:41:51,49.75,8.41,30.68,,,
stress-ng --cpu 2 --cpu-load 98 --quiet --timeout 60s,49,4/27/2026,13:41:52,49.5,8.41,30.71,,,
stress-ng --cpu 2 --cpu-load 98 --quiet --timeout 60s,49,4/27/2026,13:41:53,49.75,8.41,30.71,,,
stress-ng --cpu 2 --cpu-load 98 --quiet --timeout 60s,49,4/27/2026,13:41:54,49.5,8.41,30.97,,,
stress-ng --cpu 2 --cpu-load 98 --quiet --timeout 60s,49,4/27/2026,13:41:55,49.75,8.41,31.13,,,
stress-ng --cpu 2 --cpu-load 98 --quiet --timeout 60s,49,4/27/2026,13:41:56,49.5,8.41,31.13,,,
stress-ng --cpu 2 --cpu-load 98 --quiet --timeout 60s,49,4/27/2026,13:41:57,49.75,8.41,30.88,,,
stress-ng --cpu 2 --cpu-load 98 --quiet --timeout 60s,49,4/27/2026,13:41:58,49.62,8.41,30.85,,,
stress-ng --cpu 2 --cpu-load 98 --quiet --timeout 60s,49,4/27/2026,13:41:59,49.5,8.41,30.85,,,
stress-ng --cpu 2 --cpu-load 98 --quiet --timeout 60s,49,4/27/2026,13:42:00,49.75,8.41,31.21,,,
stress-ng --cpu 2 --cpu-load 98 --quiet --timeout 60s,49,4/27/2026,13:42:01,49.62,8.41,31.03,,,
stress-ng --cpu 2 --cpu-load 98 --quiet --timeout 60s,49,4/27/2026,13:42:02,49.75,8.41,31.03,,,
stress-ng --cpu 2 --cpu-load 98 --quiet --timeout 60s,49,4/27/2026,13:42:03,49.5,8.41,30.93,,,
stress-ng --cpu 2 --cpu-load 98 --quiet --timeout 60s,49,4/27/2026,13:42:04,50.37,8.41,32.04,,,
stress-ng --cpu 2 --cpu-load 98 --quiet --timeout 60s,49,4/27/2026,13:42:05,49.75,8.41,32.04,,,
stress-ng --cpu 2 --cpu-load 98 --quiet --timeout 60s,49,4/27/2026,13:42:06,49.75,8.41,31.06,,,
stress-ng --cpu 2 --cpu-load 98 --quiet --timeout 60s,49,4/27/2026,13:42:07,49.62,8.41,31.17,,,
stress-ng --cpu 2 --cpu-load 98 --quiet --timeout 60s,49,4/27/2026,13:42:08,49.62,8.41,31.17,,,
stress-ng --cpu 2 --cpu-load 98 --quiet --timeout 60s,49,4/27/2026,13:42:09,49.62,8.41,31.02,,,
stress-ng --cpu 2 --cpu-load 98 --quiet --timeout 60s,49,4/27/2026,13:42:10,50,8.41,31.55,,,
stress-ng --cpu 2 --cpu-load 98 --quiet --timeout 60s,49,4/27/2026,13:42:11,49.62,8.41,31.55,,,
stress-ng --cpu 2 --cpu-load 98 --quiet --timeout 60s,49,4/27/2026,13:42:12,50,8.41,31.08,,,
stress-ng --cpu 2 --cpu-load 98 --quiet --timeout 60s,49,4/27/2026,13:42:13,49.62,8.41,30.86,,,
stress-ng --cpu 2 --cpu-load 98 --quiet --timeout 60s,49,4/27/2026,13:42:14,49.75,8.41,30.86,,,
stress-ng --cpu 2 --cpu-load 98 --quiet --timeout 60s,49,4/27/2026,13:42:15,49.75,8.41,31.65,,,
stress-ng --cpu 2 --cpu-load 98 --quiet --timeout 60s,49,4/27/2026,13:42:16,49.75,8.41,31.12,,,
stress-ng --cpu 2 --cpu-load 98 --quiet --timeout 60s,49,4/27/2026,13:42:17,49.75,8.41,31.12,,,
stress-ng --cpu 2 --cpu-load 98 --quiet --timeout 60s,49,4/27/2026,13:42:18,49.5,8.41,30.95,,,
stress-ng --cpu 2 --cpu-load 98 --quiet --timeout 60s,49,4/27/2026,13:42:19,49.87,8.41,31.26,,,
stress-ng --cpu 2 --cpu-load 98 --quiet --timeout 60s,49,4/27/2026,13:42:20,49.62,8.41,31.26,,,
stress-ng --cpu 2 --cpu-load 98 --quiet --timeout 60s,49,4/27/2026,13:42:21,49.62,8.41,31.26,,,
stress-ng --cpu 2 --cpu-load 98 --quiet --timeout 60s,49,4/27/2026,13:42:22,49.62,8.41,31.16,,,
stress-ng --cpu 2 --cpu-load 98 --quiet --timeout 60s,49,4/27/2026,13:42:23,49.62,8.41,31.16,,,
stress-ng --cpu 2 --cpu-load 98 --quiet --timeout 60s,49,4/27/2026,13:42:24,49.87,8.41,31.11,,,
stress-ng --cpu 2 --cpu-load 98 --quiet --timeout 60s,49,4/27/2026,13:42:25,49.25,8.41,31.23,,,
stress-ng --cpu 2 --cpu-load 98 --quiet --timeout 60s,49,4/27/2026,13:42:26,49.75,8.41,31.23,,,
stress-ng --cpu 2 --cpu-load 98 --quiet --timeout 60s,49,4/27/2026,13:42:27,49.37,8.41,31.27,,,
stress-ng --cpu 2 --cpu-load 98 --quiet --timeout 60s,49,4/27/2026,13:42:28,49.75,8.41,31.02,,,
stress-ng --cpu 2 --cpu-load 98 --quiet --timeout 60s,49,4/27/2026,13:42:29,49.62,8.41,31.02,,,
stress-ng --cpu 2 --cpu-load 98 --quiet --timeout 60s,49,4/27/2026,13:42:30,49.5,8.41,31.42,,,
stress-ng --cpu 2 --cpu-load 98 --quiet --timeout 60s,49,4/27/2026,13:42:31,48.25,8.4,31.05,,,
stress-ng --cpu 2 --cpu-load 98 --quiet --timeout 60s,49,4/27/2026,15:35:34,1.22,8.38,9.13,,,
stress-ng --cpu 2 --cpu-load 98 --quiet --timeout 60s,49,4/27/2026,15:35:35,49.26,8.41,16.05,,,
stress-ng --cpu 2 --cpu-load 98 --quiet --timeout 60s,49,4/27/2026,15:35:36,50.24,8.41,16.05,,,
stress-ng --cpu 2 --cpu-load 98 --quiet --timeout 60s,49,4/27/2026,15:35:37,49.5,8.41,16.05,,,
stress-ng --cpu 2 --cpu-load 98 --quiet --timeout 60s,49,4/27/2026,15:35:38,49.75,8.41,30.53,,,
stress-ng --cpu 2 --cpu-load 98 --quiet --timeout 60s,49,4/27/2026,15:35:39,49.5,8.41,30.43,,,
stress-ng --cpu 2 --cpu-load 98 --quiet --timeout 60s,49,4/27/2026,15:35:40,50.25,8.41,30.71,,,
stress-ng --cpu 2 --cpu-load 98 --quiet --timeout 60s,49,4/27/2026,15:35:41,49.87,8.41,30.78,,,
stress-ng --cpu 2 --cpu-load 98 --quiet --timeout 60s,49,4/27/2026,15:35:42,49.62,8.41,30.78,,,
stress-ng --cpu 2 --cpu-load 98 --quiet --timeout 60s,49,4/27/2026,15:35:43,49.75,8.42,30.4,,,
stress-ng --cpu 2 --cpu-load 98 --quiet --timeout 60s,49,4/27/2026,15:35:44,49.5,8.42,30.4,,,
stress-ng --cpu 2 --cpu-load 98 --quiet --timeout 60s,49,4/27/2026,15:35:45,49.75,8.42,30.4,,,
stress-ng --cpu 2 --cpu-load 98 --quiet --timeout 60s,49,4/27/2026,15:35:46,49.62,8.42,30.85,,,
stress-ng --cpu 2 --cpu-load 98 --quiet --timeout 60s,49,4/27/2026,15:35:47,49.75,8.42,30.67,,,
stress-ng --cpu 2 --cpu-load 98 --quiet --timeout 60s,49,4/27/2026,15:35:48,49.62,8.42,30.67,,,
stress-ng --cpu 2 --cpu-load 98 --quiet --timeout 60s,49,4/27/2026,15:35:49,49.62,8.42,30.4,,,
stress-ng --cpu 2 --cpu-load 98 --quiet --timeout 60s,49,4/27/2026,15:35:50,50,8.42,30.76,,,
stress-ng --cpu 2 --cpu-load 98 --quiet --timeout 60s,49,4/27/2026,15:35:51,49.5,8.42,30.76,,,
stress-ng --cpu 2 --cpu-load 98 --quiet --timeout 60s,49,4/27/2026,15:35:52,49.75,8.42,30.83,,,
stress-ng --cpu 2 --cpu-load 98 --quiet --timeout 60s,49,4/27/2026,15:35:53,49.75,8.42,30.61,,,
stress-ng --cpu 2 --cpu-load 98 --quiet --timeout 60s,49,4/27/2026,15:35:54,49.75,8.42,30.61,,,
stress-ng --cpu 2 --cpu-load 98 --quiet --timeout 60s,49,4/27/2026,15:35:55,49.75,8.42,30.69,,,
stress-ng --cpu 2 --cpu-load 98 --quiet --timeout 60s,49,4/27/2026,15:35:56,49.5,8.42,30.84,,,
stress-ng --cpu 2 --cpu-load 98 --quiet --timeout 60s,49,4/27/2026,15:35:57,49.87,8.42,30.84,,,
stress-ng --cpu 2 --cpu-load 98 --quiet --timeout 60s,49,4/27/2026,15:35:58,49.62,8.42,30.66,,,
stress-ng --cpu 2 --cpu-load 98 --quiet --timeout 60s,49,4/27/2026,15:35:59,49.62,8.42,30.62,,,
stress-ng --cpu 2 --cpu-load 98 --quiet --timeout 60s,49,4/27/2026,15:36:00,49.62,8.42,30.62,,,
stress-ng --cpu 2 --cpu-load 98 --quiet --timeout 60s,49,4/27/2026,15:36:01,49.62,8.42,31.06,,,
stress-ng --cpu 2 --cpu-load 98 --quiet --timeout 60s,49,4/27/2026,15:36:02,49.87,8.42,30.8,,,
stress-ng --cpu 2 --cpu-load 98 --quiet --timeout 60s,49,4/27/2026,15:36:03,49.62,8.42,30.8,,,
stress-ng --cpu 2 --cpu-load 98 --quiet --timeout 60s,49,4/27/2026,15:36:04,50,8.42,30.79,,,
stress-ng --cpu 2 --cpu-load 98 --quiet --timeout 60s,49,4/27/2026,15:36:05,49.5,8.42,31.08,,,
stress-ng --cpu 2 --cpu-load 98 --quiet --timeout 60s,49,4/27/2026,15:36:06,49.62,8.42,31.08,,,
stress-ng --cpu 2 --cpu-load 98 --quiet --timeout 60s,49,4/27/2026,15:36:07,49.62,8.42,31.2,,,
stress-ng --cpu 2 --cpu-load 98 --quiet --timeout 60s,49,4/27/2026,15:36:08,49.62,8.42,30.75,,,
stress-ng --cpu 2 --cpu-load 98 --quiet --timeout 60s,49,4/27/2026,15:36:09,49.87,8.42,30.75,,,
stress-ng --cpu 2 --cpu-load 98 --quiet --timeout 60s,49,4/27/2026,15:36:10,49.75,8.42,31.09,,,
stress-ng --cpu 2 --cpu-load 98 --quiet --timeout 60s,49,4/27/2026,15:36:11,49.75,8.42,31.49,,,
stress-ng --cpu 2 --cpu-load 98 --quiet --timeout 60s,49,4/27/2026,15:36:12,49.62,8.42,31.49,,,
stress-ng --cpu 2 --cpu-load 98 --quiet --timeout 60s,49,4/27/2026,15:36:13,49.75,8.42,30.75,,,
stress-ng --cpu 2 --cpu-load 98 --quiet --timeout 60s,49,4/27/2026,15:36:14,49.5,8.42,30.8,,,
stress-ng --cpu 2 --cpu-load 98 --quiet --timeout 60s,49,4/27/2026,15:36:15,49.62,8.42,30.8,,,
stress-ng --cpu 2 --cpu-load 98 --quiet --timeout 60s,49,4/27/2026,15:36:16,49.5,8.42,30.98,,,
stress-ng --cpu 2 --cpu-load 98 --quiet --timeout 60s,49,4/27/2026,15:36:17,50.12,8.42,30.845,,,
stress-ng --cpu 2 --cpu-load 98 --quiet --timeout 60s,49,4/27/2026,15:36:18,49.37,8.42,30.71,,,
stress-ng --cpu 2 --cpu-load 98 --quiet --timeout 60s,49,4/27/2026,15:36:19,49.75,8.42,30.71,,,
stress-ng --cpu 2 --cpu-load 98 --quiet --timeout 60s,49,4/27/2026,15:36:20,49.75,8.42,30.86,,,
stress-ng --cpu 2 --cpu-load 98 --quiet --timeout 60s,49,4/27/2026,15:36:21,49.5,8.42,31.15,,,
stress-ng --cpu 2 --cpu-load 98 --quiet --timeout 60s,49,4/27/2026,15:36:22,49.75,8.42,31.15,,,
stress-ng --cpu 2 --cpu-load 98 --quiet --timeout 60s,49,4/27/2026,15:36:23,49.62,8.42,30.81,,,
stress-ng --cpu 2 --cpu-load 98 --quiet --timeout 60s,49,4/27/2026,15:36:24,49.62,8.42,30.95,,,
stress-ng --cpu 2 --cpu-load 98 --quiet --timeout 60s,49,4/27/2026,15:36:25,49.62,8.42,30.95,,,
stress-ng --cpu 2 --cpu-load 98 --quiet --timeout 60s,49,4/27/2026,15:36:26,49.5,8.42,30.78,,,
stress-ng --cpu 2 --cpu-load 98 --quiet --timeout 60s,49,4/27/2026,15:36:27,49.62,8.42,31.41,,,
stress-ng --cpu 2 --cpu-load 98 --quiet --timeout 60s,49,4/27/2026,15:36:28,49.87,8.42,31.41,,,
stress-ng --cpu 2 --cpu-load 98 --quiet --timeout 60s,49,4/27/2026,15:36:29,49.5,8.42,30.86,,,
stress-ng --cpu 2 --cpu-load 98 --quiet --timeout 60s,49,4/27/2026,15:36:30,49.62,8.42,30.98,,,
stress-ng --cpu 2 --cpu-load 98 --quiet --timeout 60s,49,4/27/2026,15:36:31,49.62,8.42,30.98,,,
stress-ng --cpu 2 --cpu-load 98 --quiet --timeout 60s,49,4/27/2026,15:36:32,49.75,8.42,31.05,,,
stress-ng --cpu 2 --cpu-load 98 --quiet --timeout 60s,49,4/27/2026,15:36:33,49.62,8.42,30.97,,,
stress-ng --cpu 2 --cpu-load 98 --quiet --timeout 60s,49,4/27/2026,15:36:34,29.52,8.41,30.97,,,
stress-ng --cpu 2 --cpu-load 98 --quiet --timeout 60s,49,4/27/2026,18:11:38,33,8.42,12.49,,,
stress-ng --cpu 2 --cpu-load 98 --quiet --timeout 60s,49,4/27/2026,18:11:39,50.12,8.42,12.49,,,
stress-ng --cpu 2 --cpu-load 98 --quiet --timeout 60s,49,4/27/2026,18:11:40,49.37,8.42,12.49,,,
stress-ng --cpu 2 --cpu-load 98 --quiet --timeout 60s,49,4/27/2026,18:11:41,49.62,8.42,30.96,,,
stress-ng --cpu 2 --cpu-load 98 --quiet --timeout 60s,49,4/27/2026,18:11:42,49.5,8.42,30.33,,,
stress-ng --cpu 2 --cpu-load 98 --quiet --timeout 60s,49,4/27/2026,18:11:43,49.75,8.42,30.34,,,
stress-ng --cpu 2 --cpu-load 98 --quiet --timeout 60s,49,4/27/2026,18:11:44,50,8.42,30.34,,,
stress-ng --cpu 2 --cpu-load 98 --quiet --timeout 60s,49,4/27/2026,18:11:45,49.5,8.42,30.66,,,
stress-ng --cpu 2 --cpu-load 98 --quiet --timeout 60s,49,4/27/2026,18:11:46,49.75,8.42,30.66,,,
stress-ng --cpu 2 --cpu-load 98 --quiet --timeout 60s,49,4/27/2026,18:11:47,49.5,8.42,30.34,,,
stress-ng --cpu 2 --cpu-load 98 --quiet --timeout 60s,49,4/27/2026,18:11:48,49.62,8.42,30.73,,,
stress-ng --cpu 2 --cpu-load 98 --quiet --timeout 60s,49,4/27/2026,18:11:49,49.62,8.42,30.73,,,
stress-ng --cpu 2 --cpu-load 98 --quiet --timeout 60s,49,4/27/2026,18:11:50,49.5,8.42,30.47,,,
stress-ng --cpu 2 --cpu-load 98 --quiet --timeout 60s,49,4/27/2026,18:11:51,49.75,8.42,31.35,,,
stress-ng --cpu 2 --cpu-load 98 --quiet --timeout 60s,49,4/27/2026,18:11:52,49.87,8.42,31.35,,,
stress-ng --cpu 2 --cpu-load 98 --quiet --timeout 60s,49,4/27/2026,18:11:53,49.5,8.42,30.95,,,
stress-ng --cpu 2 --cpu-load 98 --quiet --timeout 60s,49,4/27/2026,18:11:54,49.75,8.42,30.64,,,
stress-ng --cpu 2 --cpu-load 98 --quiet --timeout 60s,49,4/27/2026,18:11:55,49.62,8.42,30.64,,,
stress-ng --cpu 2 --cpu-load 98 --quiet --timeout 60s,49,4/27/2026,18:11:56,49.37,8.42,31.06,,,
stress-ng --cpu 2 --cpu-load 98 --quiet --timeout 60s,49,4/27/2026,18:11:57,49.75,8.42,30.86,,,
stress-ng --cpu 2 --cpu-load 98 --quiet --timeout 60s,49,4/27/2026,18:11:58,49.62,8.42,30.86,,,
stress-ng --cpu 2 --cpu-load 98 --quiet --timeout 60s,49,4/27/2026,18:11:59,49.75,8.42,30.78,,,
stress-ng --cpu 2 --cpu-load 98 --quiet --timeout 60s,49,4/27/2026,18:12:00,49.62,8.42,31.04,,,
stress-ng --cpu 2 --cpu-load 98 --quiet --timeout 60s,49,4/27/2026,18:12:01,49.75,8.42,31.04,,,
stress-ng --cpu 2 --cpu-load 98 --quiet --timeout 60s,49,4/27/2026,18:12:02,49.75,8.42,30.64,,,
stress-ng --cpu 2 --cpu-load 98 --quiet --timeout 60s,49,4/27/2026,18:12:03,49.75,8.42,30.89,,,
stress-ng --cpu 2 --cpu-load 98 --quiet --timeout 60s,49,4/27/2026,18:12:04,61.69,8.43,30.89,,,
stress-ng --cpu 2 --cpu-load 98 --quiet --timeout 60s,49,4/27/2026,18:12:05,49.87,8.43,33.9,,,
stress-ng --cpu 2 --cpu-load 98 --quiet --timeout 60s,49,4/27/2026,18:12:06,49.87,8.43,33.9,,,
stress-ng --cpu 2 --cpu-load 98 --quiet --timeout 60s,49,4/27/2026,18:12:07,49.75,8.43,33.9,,,
stress-ng --cpu 2 --cpu-load 98 --quiet --timeout 60s,49,4/27/2026,18:12:08,49.5,8.43,31.14,,,
stress-ng --cpu 2 --cpu-load 98 --quiet --timeout 60s,49,4/27/2026,18:12:09,49.5,8.43,30.95,,,
stress-ng --cpu 2 --cpu-load 98 --quiet --timeout 60s,49,4/27/2026,18:12:10,50.12,8.43,31.95,,,
stress-ng --cpu 2 --cpu-load 98 --quiet --timeout 60s,49,4/27/2026,18:12:11,49.75,8.43,31.95,,,
stress-ng --cpu 2 --cpu-load 98 --quiet --timeout 60s,49,4/27/2026,18:12:12,49.5,8.43,30.99,,,
stress-ng --cpu 2 --cpu-load 98 --quiet --timeout 60s,49,4/27/2026,18:12:13,50,8.43,30.99,,,
stress-ng --cpu 2 --cpu-load 98 --quiet --timeout 60s,49,4/27/2026,18:12:14,49.5,8.43,31.12,,,
stress-ng --cpu 2 --cpu-load 98 --quiet --timeout 60s,49,4/27/2026,18:12:15,49.62,8.43,31.26,,,
stress-ng --cpu 2 --cpu-load 98 --quiet --timeout 60s,49,4/27/2026,18:12:16,49.62,8.43,31.26,,,
stress-ng --cpu 2 --cpu-load 98 --quiet --timeout 60s,49,4/27/2026,18:12:17,49.5,8.43,30.92,,,
stress-ng --cpu 2 --cpu-load 98 --quiet --timeout 60s,49,4/27/2026,18:12:18,49.56,8.43,30.97,,,
stress-ng --cpu 2 --cpu-load 98 --quiet --timeout 60s,49,4/27/2026,18:12:19,49.62,8.43,30.97,,,
stress-ng --cpu 2 --cpu-load 98 --quiet --timeout 60s,49,4/27/2026,18:12:20,49.5,8.43,30.93,,,
stress-ng --cpu 2 --cpu-load 98 --quiet --timeout 60s,49,4/27/2026,18:12:21,49.5,8.43,31.17,,,
stress-ng --cpu 2 --cpu-load 98 --quiet --timeout 60s,49,4/27/2026,18:12:22,49.62,8.43,31.17,,,
stress-ng --cpu 2 --cpu-load 98 --quiet --timeout 60s,49,4/27/2026,18:12:23,49.75,8.43,31.07,,,
stress-ng --cpu 2 --cpu-load 98 --quiet --timeout 60s,49,4/27/2026,18:12:24,49.62,8.43,31.21,,,
stress-ng --cpu 2 --cpu-load 98 --quiet --timeout 60s,49,4/27/2026,18:12:25,49.87,8.43,31.21,,,
stress-ng --cpu 2 --cpu-load 98 --quiet --timeout 60s,49,4/27/2026,18:12:26,49.37,8.43,31.2,,,
stress-ng --cpu 2 --cpu-load 98 --quiet --timeout 60s,49,4/27/2026,18:12:27,49.5,8.43,31.01,,,
stress-ng --cpu 2 --cpu-load 98 --quiet --timeout 60s,49,4/27/2026,18:12:28,49.75,8.43,31.01,,,
stress-ng --cpu 2 --cpu-load 98 --quiet --timeout 60s,49,4/27/2026,18:12:29,49.62,8.43,30.95,,,
stress-ng --cpu 2 --cpu-load 98 --quiet --timeout 60s,49,4/27/2026,18:12:30,49.62,8.43,31.36,,,
stress-ng --cpu 2 --cpu-load 98 --quiet --timeout 60s,49,4/27/2026,18:12:31,49.62,8.43,31.36,,,
stress-ng --cpu 2 --cpu-load 98 --quiet --timeout 60s,49,4/27/2026,18:12:32,49.75,8.43,31.16,,,
stress-ng --cpu 2 --cpu-load 98 --quiet --timeout 60s,49,4/27/2026,18:12:33,49.75,8.43,31.22,,,
stress-ng --cpu 2 --cpu-load 98 --quiet --timeout 60s,49,4/27/2026,18:12:34,49.62,8.43,31.22,,,
stress-ng --cpu 2 --cpu-load 98 --quiet --timeout 60s,49,4/27/2026,18:12:35,49.62,8.43,30.96,,,
stress-ng --cpu 2 --cpu-load 98 --quiet --timeout 60s,49,4/27/2026,18:12:36,49.62,8.43,32.29,,,
stress-ng --cpu 2 --cpu-load 98 --quiet --timeout 60s,49,4/27/2026,18:12:37,49.62,8.43,32.29,,,
stress-ng --cpu 2 --cpu-load 98 --quiet --timeout 60s,49,4/27/2026,18:12:38,45.16,8.41,30.96,,,
stress-ng --cpu 2 --cpu-load 100 --quiet --timeout 60s,50,4/27/2026,13:31:31,5.18,8.42,9.16,,,
stress-ng --cpu 2 --cpu-load 100 --quiet --timeout 60s,50,4/27/2026,13:31:32,50.49,8.42,11.09,,,
stress-ng --cpu 2 --cpu-load 100 --quiet --timeout 60s,50,4/27/2026,13:31:33,50.74,8.42,11.09,,,
stress-ng --cpu 2 --cpu-load 100 --quiet --timeout 60s,50,4/27/2026,13:31:34,50.62,8.42,31.12,,,
stress-ng --cpu 2 --cpu-load 100 --quiet --timeout 60s,50,4/27/2026,13:31:35,50.74,8.42,31.12,,,
stress-ng --cpu 2 --cpu-load 100 --quiet --timeout 60s,50,4/27/2026,13:31:36,50.61,8.42,31.1,,,
stress-ng --cpu 2 --cpu-load 100 --quiet --timeout 60s,50,4/27/2026,13:31:37,50.37,8.42,31,,,
stress-ng --cpu 2 --cpu-load 100 --quiet --timeout 60s,50,4/27/2026,13:31:38,50.86,8.42,31.12,,,
stress-ng --cpu 2 --cpu-load 100 --quiet --timeout 60s,50,4/27/2026,13:31:39,50.74,8.42,31.12,,,
stress-ng --cpu 2 --cpu-load 100 --quiet --timeout 60s,50,4/27/2026,13:31:40,50.37,8.42,30.98,,,
stress-ng --cpu 2 --cpu-load 100 --quiet --timeout 60s,50,4/27/2026,13:31:41,50.86,8.42,30.98,,,
stress-ng --cpu 2 --cpu-load 100 --quiet --timeout 60s,50,4/27/2026,13:31:42,50.24,8.42,30.98,,,
stress-ng --cpu 2 --cpu-load 100 --quiet --timeout 60s,50,4/27/2026,13:31:43,50.99,8.42,31.3,,,
stress-ng --cpu 2 --cpu-load 100 --quiet --timeout 60s,50,4/27/2026,13:31:44,50.49,8.42,31.3,,,
stress-ng --cpu 2 --cpu-load 100 --quiet --timeout 60s,50,4/27/2026,13:31:45,50.62,8.42,31.12,,,
stress-ng --cpu 2 --cpu-load 100 --quiet --timeout 60s,50,4/27/2026,13:31:46,50.62,8.42,30.99,,,
stress-ng --cpu 2 --cpu-load 100 --quiet --timeout 60s,50,4/27/2026,13:31:47,50.62,8.42,30.99,,,
stress-ng --cpu 2 --cpu-load 100 --quiet --timeout 60s,50,4/27/2026,13:31:48,50.62,8.42,31.4,,,
stress-ng --cpu 2 --cpu-load 100 --quiet --timeout 60s,50,4/27/2026,13:31:49,50.49,8.42,31.32,,,
stress-ng --cpu 2 --cpu-load 100 --quiet --timeout 60s,50,4/27/2026,13:31:50,50.74,8.42,31.32,,,
stress-ng --cpu 2 --cpu-load 100 --quiet --timeout 60s,50,4/27/2026,13:31:51,50.49,8.42,31.18,,,
stress-ng --cpu 2 --cpu-load 100 --quiet --timeout 60s,50,4/27/2026,13:31:52,50.74,8.42,31.48,,,
stress-ng --cpu 2 --cpu-load 100 --quiet --timeout 60s,50,4/27/2026,13:31:53,50.49,8.42,31.48,,,
stress-ng --cpu 2 --cpu-load 100 --quiet --timeout 60s,50,4/27/2026,13:31:54,50.86,8.42,31.74,,,
stress-ng --cpu 2 --cpu-load 100 --quiet --timeout 60s,50,4/27/2026,13:31:55,50.49,8.42,31.32,,,
stress-ng --cpu 2 --cpu-load 100 --quiet --timeout 60s,50,4/27/2026,13:31:56,50.62,8.42,31.32,,,
stress-ng --cpu 2 --cpu-load 100 --quiet --timeout 60s,50,4/27/2026,13:31:57,50.86,8.42,31.88,,,
stress-ng --cpu 2 --cpu-load 100 --quiet --timeout 60s,50,4/27/2026,13:31:58,50.62,8.42,31.67,,,
stress-ng --cpu 2 --cpu-load 100 --quiet --timeout 60s,50,4/27/2026,13:31:59,50.62,8.42,31.67,,,
stress-ng --cpu 2 --cpu-load 100 --quiet --timeout 60s,50,4/27/2026,13:32:00,50.49,8.42,31.47,,,
stress-ng --cpu 2 --cpu-load 100 --quiet --timeout 60s,50,4/27/2026,13:32:01,50.62,8.42,31.53,,,
stress-ng --cpu 2 --cpu-load 100 --quiet --timeout 60s,50,4/27/2026,13:32:02,50.62,8.42,31.53,,,
stress-ng --cpu 2 --cpu-load 100 --quiet --timeout 60s,50,4/27/2026,13:32:03,50.86,8.42,31.33,,,
stress-ng --cpu 2 --cpu-load 100 --quiet --timeout 60s,50,4/27/2026,13:32:04,50.62,8.42,31.89,,,
stress-ng --cpu 2 --cpu-load 100 --quiet --timeout 60s,50,4/27/2026,13:32:05,50.74,8.42,31.89,,,
stress-ng --cpu 2 --cpu-load 100 --quiet --timeout 60s,50,4/27/2026,13:32:06,50.62,8.42,31.44,,,
stress-ng --cpu 2 --cpu-load 100 --quiet --timeout 60s,50,4/27/2026,13:32:07,50.74,8.42,31.57,,,
stress-ng --cpu 2 --cpu-load 100 --quiet --timeout 60s,50,4/27/2026,13:32:08,50.49,8.42,31.57,,,
stress-ng --cpu 2 --cpu-load 100 --quiet --timeout 60s,50,4/27/2026,13:32:09,50.74,8.42,31.67,,,
stress-ng --cpu 2 --cpu-load 100 --quiet --timeout 60s,50,4/27/2026,13:32:10,50.99,8.42,31.55,,,
stress-ng --cpu 2 --cpu-load 100 --quiet --timeout 60s,50,4/27/2026,13:32:11,50.62,8.41,31.55,,,
stress-ng --cpu 2 --cpu-load 100 --quiet --timeout 60s,50,4/27/2026,13:32:12,50.62,8.41,31.47,,,
stress-ng --cpu 2 --cpu-load 100 --quiet --timeout 60s,50,4/27/2026,13:32:13,50.62,8.41,31.52,,,
stress-ng --cpu 2 --cpu-load 100 --quiet --timeout 60s,50,4/27/2026,13:32:14,50.495,8.41,31.52,,,
stress-ng --cpu 2 --cpu-load 100 --quiet --timeout 60s,50,4/27/2026,13:32:15,50.37,8.41,31.65,,,
stress-ng --cpu 2 --cpu-load 100 --quiet --timeout 60s,50,4/27/2026,13:32:16,50.74,8.41,31.52,,,
stress-ng --cpu 2 --cpu-load 100 --quiet --timeout 60s,50,4/27/2026,13:32:17,50.61,8.41,31.52,,,
stress-ng --cpu 2 --cpu-load 100 --quiet --timeout 60s,50,4/27/2026,13:32:18,50.74,8.41,31.37,,,
stress-ng --cpu 2 --cpu-load 100 --quiet --timeout 60s,50,4/27/2026,13:32:19,50.49,8.41,31.77,,,
stress-ng --cpu 2 --cpu-load 100 --quiet --timeout 60s,50,4/27/2026,13:32:20,50.62,8.41,31.77,,,
stress-ng --cpu 2 --cpu-load 100 --quiet --timeout 60s,50,4/27/2026,13:32:21,50.74,8.41,31.49,,,
stress-ng --cpu 2 --cpu-load 100 --quiet --timeout 60s,50,4/27/2026,13:32:22,50.74,8.41,31.49,,,
stress-ng --cpu 2 --cpu-load 100 --quiet --timeout 60s,50,4/27/2026,13:32:23,50.49,8.41,31.49,,,
stress-ng --cpu 2 --cpu-load 100 --quiet --timeout 60s,50,4/27/2026,13:32:24,50.62,8.41,31.84,,,
stress-ng --cpu 2 --cpu-load 100 --quiet --timeout 60s,50,4/27/2026,13:32:25,50.61,8.41,31.59,,,
stress-ng --cpu 2 --cpu-load 100 --quiet --timeout 60s,50,4/27/2026,13:32:26,50.62,8.41,31.59,,,
stress-ng --cpu 2 --cpu-load 100 --quiet --timeout 60s,50,4/27/2026,13:32:27,50.74,8.41,31.35,,,
stress-ng --cpu 2 --cpu-load 100 --quiet --timeout 60s,50,4/27/2026,13:32:28,50.49,8.41,32.07,,,
stress-ng --cpu 2 --cpu-load 100 --quiet --timeout 60s,50,4/27/2026,13:32:29,50.62,8.41,32.07,,,
stress-ng --cpu 2 --cpu-load 100 --quiet --timeout 60s,50,4/27/2026,13:32:30,50.62,8.41,31.85,,,
stress-ng --cpu 2 --cpu-load 100 --quiet --timeout 60s,50,4/27/2026,13:32:31,50.49,8.41,31.54,,,
stress-ng --cpu 2 --cpu-load 100 --quiet --timeout 60s,50,4/27/2026,16:01:34,4.21,8.39,9.61,,,
stress-ng --cpu 2 --cpu-load 100 --quiet --timeout 60s,50,4/27/2026,16:01:35,50.49,8.39,11.48,,,
stress-ng --cpu 2 --cpu-load 100 --quiet --timeout 60s,50,4/27/2026,16:01:36,50.74,8.39,11.48,,,
stress-ng --cpu 2 --cpu-load 100 --quiet --timeout 60s,50,4/27/2026,16:01:37,50.68,8.385,11.48,,,
stress-ng --cpu 2 --cpu-load 100 --quiet --timeout 60s,50,4/27/2026,16:01:38,50.62,8.38,30.89,,,
stress-ng --cpu 2 --cpu-load 100 --quiet --timeout 60s,50,4/27/2026,16:01:39,50.61,8.38,30.94,,,
stress-ng --cpu 2 --cpu-load 100 --quiet --timeout 60s,50,4/27/2026,16:01:40,50.62,8.38,30.94,,,
stress-ng --cpu 2 --cpu-load 100 --quiet --timeout 60s,50,4/27/2026,16:01:41,50.74,8.38,30.87,,,
stress-ng --cpu 2 --cpu-load 100 --quiet --timeout 60s,50,4/27/2026,16:01:42,50.62,8.38,31.24,,,
stress-ng --cpu 2 --cpu-load 100 --quiet --timeout 60s,50,4/27/2026,16:01:43,50.62,8.38,31.24,,,
stress-ng --cpu 2 --cpu-load 100 --quiet --timeout 60s,50,4/27/2026,16:01:44,50.74,8.38,30.71,,,
stress-ng --cpu 2 --cpu-load 100 --quiet --timeout 60s,50,4/27/2026,16:01:45,50.49,8.38,30.88,,,
stress-ng --cpu 2 --cpu-load 100 --quiet --timeout 60s,50,4/27/2026,16:01:46,50.49,8.38,30.88,,,
stress-ng --cpu 2 --cpu-load 100 --quiet --timeout 60s,50,4/27/2026,16:01:47,50.74,8.38,30.65,,,
stress-ng --cpu 2 --cpu-load 100 --quiet --timeout 60s,50,4/27/2026,16:01:48,50.49,8.38,31.64,,,
stress-ng --cpu 2 --cpu-load 100 --quiet --timeout 60s,50,4/27/2026,16:01:49,50.74,8.38,31.64,,,
stress-ng --cpu 2 --cpu-load 100 --quiet --timeout 60s,50,4/27/2026,16:01:50,50.62,8.38,30.75,,,
stress-ng --cpu 2 --cpu-load 100 --quiet --timeout 60s,50,4/27/2026,16:01:51,50.49,8.38,30.83,,,
stress-ng --cpu 2 --cpu-load 100 --quiet --timeout 60s,50,4/27/2026,16:01:52,50.74,8.38,30.83,,,
stress-ng --cpu 2 --cpu-load 100 --quiet --timeout 60s,50,4/27/2026,16:01:53,50.86,8.38,31.47,,,
stress-ng --cpu 2 --cpu-load 100 --quiet --timeout 60s,50,4/27/2026,16:01:54,50.49,8.38,31.05,,,
stress-ng --cpu 2 --cpu-load 100 --quiet --timeout 60s,50,4/27/2026,16:01:55,50.86,8.38,31.05,,,
stress-ng --cpu 2 --cpu-load 100 --quiet --timeout 60s,50,4/27/2026,16:01:56,50.37,8.38,31.25,,,
stress-ng --cpu 2 --cpu-load 100 --quiet --timeout 60s,50,4/27/2026,16:01:57,50.98,8.38,31.3,,,
stress-ng --cpu 2 --cpu-load 100 --quiet --timeout 60s,50,4/27/2026,16:01:58,50.73,8.38,31.3,,,
stress-ng --cpu 2 --cpu-load 100 --quiet --timeout 60s,50,4/27/2026,16:01:59,50.99,8.38,31.04,,,
stress-ng --cpu 2 --cpu-load 100 --quiet --timeout 60s,50,4/27/2026,16:02:00,50.49,8.38,31.23,,,
stress-ng --cpu 2 --cpu-load 100 --quiet --timeout 60s,50,4/27/2026,16:02:01,50.62,8.38,31.23,,,
stress-ng --cpu 2 --cpu-load 100 --quiet --timeout 60s,50,4/27/2026,16:02:02,50.62,8.38,30.91,,,
stress-ng --cpu 2 --cpu-load 100 --quiet --timeout 60s,50,4/27/2026,16:02:03,50.62,8.38,31.47,,,
stress-ng --cpu 2 --cpu-load 100 --quiet --timeout 60s,50,4/27/2026,16:02:04,50.99,8.38,31.47,,,
stress-ng --cpu 2 --cpu-load 100 --quiet --timeout 60s,50,4/27/2026,16:02:05,50.62,8.38,31.04,,,
stress-ng --cpu 2 --cpu-load 100 --quiet --timeout 60s,50,4/27/2026,16:02:06,50.74,8.38,31.34,,,
stress-ng --cpu 2 --cpu-load 100 --quiet --timeout 60s,50,4/27/2026,16:02:07,50.49,8.38,31.34,,,
stress-ng --cpu 2 --cpu-load 100 --quiet --timeout 60s,50,4/27/2026,16:02:08,50.74,8.39,31.74,,,
stress-ng --cpu 2 --cpu-load 100 --quiet --timeout 60s,50,4/27/2026,16:02:09,50.62,8.39,31.29,,,
stress-ng --cpu 2 --cpu-load 100 --quiet --timeout 60s,50,4/27/2026,16:02:10,50.86,8.39,31.29,,,
stress-ng --cpu 2 --cpu-load 100 --quiet --timeout 60s,50,4/27/2026,16:02:11,50.49,8.39,31.29,,,
stress-ng --cpu 2 --cpu-load 100 --quiet --timeout 60s,50,4/27/2026,16:02:12,50.74,8.39,31.73,,,
stress-ng --cpu 2 --cpu-load 100 --quiet --timeout 60s,50,4/27/2026,16:02:13,50.49,8.39,31.73,,,
stress-ng --cpu 2 --cpu-load 100 --quiet --timeout 60s,50,4/27/2026,16:02:14,50.86,8.39,31.56,,,
stress-ng --cpu 2 --cpu-load 100 --quiet --timeout 60s,50,4/27/2026,16:02:15,50.37,8.39,31.44,,,
stress-ng --cpu 2 --cpu-load 100 --quiet --timeout 60s,50,4/27/2026,16:02:16,50.86,8.39,31.44,,,
stress-ng --cpu 2 --cpu-load 100 --quiet --timeout 60s,50,4/27/2026,16:02:17,50.49,8.39,31.26,,,
stress-ng --cpu 2 --cpu-load 100 --quiet --timeout 60s,50,4/27/2026,16:02:18,50.74,8.39,31.49,,,
stress-ng --cpu 2 --cpu-load 100 --quiet --timeout 60s,50,4/27/2026,16:02:19,50.49,8.39,31.49,,,
stress-ng --cpu 2 --cpu-load 100 --quiet --timeout 60s,50,4/27/2026,16:02:20,50.49,8.39,31.16,,,
stress-ng --cpu 2 --cpu-load 100 --quiet --timeout 60s,50,4/27/2026,16:02:21,50.74,8.39,31.3,,,
stress-ng --cpu 2 --cpu-load 100 --quiet --timeout 60s,50,4/27/2026,16:02:22,50.62,8.39,31.3,,,
stress-ng --cpu 2 --cpu-load 100 --quiet --timeout 60s,50,4/27/2026,16:02:23,50.86,8.39,31.52,,,
stress-ng --cpu 2 --cpu-load 100 --quiet --timeout 60s,50,4/27/2026,16:02:24,50.62,8.39,31.63,,,
stress-ng --cpu 2 --cpu-load 100 --quiet --timeout 60s,50,4/27/2026,16:02:25,50.62,8.39,31.63,,,
stress-ng --cpu 2 --cpu-load 100 --quiet --timeout 60s,50,4/27/2026,16:02:26,50.49,8.39,31.35,,,
stress-ng --cpu 2 --cpu-load 100 --quiet --timeout 60s,50,4/27/2026,16:02:27,50.74,8.39,31.45,,,
stress-ng --cpu 2 --cpu-load 100 --quiet --timeout 60s,50,4/27/2026,16:02:28,50.62,8.39,31.45,,,
stress-ng --cpu 2 --cpu-load 100 --quiet --timeout 60s,50,4/27/2026,16:02:29,50.74,8.39,31.67,,,
stress-ng --cpu 2 --cpu-load 100 --quiet --timeout 60s,50,4/27/2026,16:02:30,50.49,8.39,31.16,,,
stress-ng --cpu 2 --cpu-load 100 --quiet --timeout 60s,50,4/27/2026,16:02:31,50.86,8.39,31.16,,,
stress-ng --cpu 2 --cpu-load 100 --quiet --timeout 60s,50,4/27/2026,16:02:32,50.62,8.39,31.5,,,
stress-ng --cpu 2 --cpu-load 100 --quiet --timeout 60s,50,4/27/2026,16:02:33,50.62,8.39,31.5,,,
stress-ng --cpu 2 --cpu-load 100 --quiet --timeout 60s,50,4/27/2026,16:02:34,50.74,8.39,31.5,,,
stress-ng --cpu 2 --cpu-load 100 --quiet --timeout 60s,50,4/27/2026,17:33:37,15.76,8.43,9.45,,,
stress-ng --cpu 2 --cpu-load 100 --quiet --timeout 60s,50,4/27/2026,17:33:38,50.62,8.43,26.18,,,
stress-ng --cpu 2 --cpu-load 100 --quiet --timeout 60s,50,4/27/2026,17:33:39,50.86,8.43,26.18,,,
stress-ng --cpu 2 --cpu-load 100 --quiet --timeout 60s,50,4/27/2026,17:33:40,50.61,8.43,26.18,,,
stress-ng --cpu 2 --cpu-load 100 --quiet --timeout 60s,50,4/27/2026,17:33:41,50.62,8.43,30.69,,,
stress-ng --cpu 2 --cpu-load 100 --quiet --timeout 60s,50,4/27/2026,17:33:42,50.62,8.43,31.09,,,
stress-ng --cpu 2 --cpu-load 100 --quiet --timeout 60s,50,4/27/2026,17:33:43,50.73,8.43,31.09,,,
stress-ng --cpu 2 --cpu-load 100 --quiet --timeout 60s,50,4/27/2026,17:33:44,50.62,8.43,31.04,,,
stress-ng --cpu 2 --cpu-load 100 --quiet --timeout 60s,50,4/27/2026,17:33:45,50.74,8.43,30.86,,,
stress-ng --cpu 2 --cpu-load 100 --quiet --timeout 60s,50,4/27/2026,17:33:46,50.62,8.43,30.86,,,
stress-ng --cpu 2 --cpu-load 100 --quiet --timeout 60s,50,4/27/2026,17:33:47,51.62,8.43,31.12,,,
stress-ng --cpu 2 --cpu-load 100 --quiet --timeout 60s,50,4/27/2026,17:33:48,50.86,8.43,31.35,,,
stress-ng --cpu 2 --cpu-load 100 --quiet --timeout 60s,50,4/27/2026,17:33:49,50.74,8.43,31.35,,,
stress-ng --cpu 2 --cpu-load 100 --quiet --timeout 60s,50,4/27/2026,17:33:50,50.74,8.43,31.98,,,
stress-ng --cpu 2 --cpu-load 100 --quiet --timeout 60s,50,4/27/2026,17:33:51,50.49,8.43,30.88,,,
stress-ng --cpu 2 --cpu-load 100 --quiet --timeout 60s,50,4/27/2026,17:33:52,50.62,8.43,30.88,,,
stress-ng --cpu 2 --cpu-load 100 --quiet --timeout 60s,50,4/27/2026,17:33:53,50.62,8.43,30.88,,,
stress-ng --cpu 2 --cpu-load 100 --quiet --timeout 60s,50,4/27/2026,17:33:54,50.49,8.43,31.13,,,
stress-ng --cpu 2 --cpu-load 100 --quiet --timeout 60s,50,4/27/2026,17:33:55,50.62,8.43,31.13,,,
stress-ng --cpu 2 --cpu-load 100 --quiet --timeout 60s,50,4/27/2026,17:33:56,50.49,8.43,30.85,,,
stress-ng --cpu 2 --cpu-load 100 --quiet --timeout 60s,50,4/27/2026,17:33:57,50.74,8.43,30.89,,,
stress-ng --cpu 2 --cpu-load 100 --quiet --timeout 60s,50,4/27/2026,17:33:58,50.74,8.43,30.89,,,
stress-ng --cpu 2 --cpu-load 100 --quiet --timeout 60s,50,4/27/2026,17:33:59,50.49,8.43,31.48,,,
stress-ng --cpu 2 --cpu-load 100 --quiet --timeout 60s,50,4/27/2026,17:34:00,50.74,8.43,31.02,,,
stress-ng --cpu 2 --cpu-load 100 --quiet --timeout 60s,50,4/27/2026,17:34:01,50.62,8.43,31.02,,,
stress-ng --cpu 2 --cpu-load 100 --quiet --timeout 60s,50,4/27/2026,17:34:02,50.74,8.43,31.22,,,
stress-ng --cpu 2 --cpu-load 100 --quiet --timeout 60s,50,4/27/2026,17:34:03,50.37,8.43,31.08,,,
stress-ng --cpu 2 --cpu-load 100 --quiet --timeout 60s,50,4/27/2026,17:34:04,50.74,8.43,31.08,,,
stress-ng --cpu 2 --cpu-load 100 --quiet --timeout 60s,50,4/27/2026,17:34:05,50.62,8.43,31.99,,,
stress-ng --cpu 2 --cpu-load 100 --quiet --timeout 60s,50,4/27/2026,17:34:06,50.62,8.43,31.06,,,
stress-ng --cpu 2 --cpu-load 100 --quiet --timeout 60s,50,4/27/2026,17:34:07,50.61,8.43,31.06,,,
stress-ng --cpu 2 --cpu-load 100 --quiet --timeout 60s,50,4/27/2026,17:34:08,50.62,8.43,31.27,,,
stress-ng --cpu 2 --cpu-load 100 --quiet --timeout 60s,50,4/27/2026,17:34:09,50.49,8.43,31.75,,,
stress-ng --cpu 2 --cpu-load 100 --quiet --timeout 60s,50,4/27/2026,17:34:10,50.86,8.43,31.75,,,
stress-ng --cpu 2 --cpu-load 100 --quiet --timeout 60s,50,4/27/2026,17:34:11,50.49,8.44,31.35,,,
stress-ng --cpu 2 --cpu-load 100 --quiet --timeout 60s,50,4/27/2026,17:34:12,50.62,8.44,31.3,,,
stress-ng --cpu 2 --cpu-load 100 --quiet --timeout 60s,50,4/27/2026,17:34:13,50.49,8.44,31.3,,,
stress-ng --cpu 2 --cpu-load 100 --quiet --timeout 60s,50,4/27/2026,17:34:14,50.74,8.44,31.88,,,
stress-ng --cpu 2 --cpu-load 100 --quiet --timeout 60s,50,4/27/2026,17:34:15,50.62,8.44,31.02,,,
stress-ng --cpu 2 --cpu-load 100 --quiet --timeout 60s,50,4/27/2026,17:34:16,50.49,8.44,31.02,,,
stress-ng --cpu 2 --cpu-load 100 --quiet --timeout 60s,50,4/27/2026,17:34:17,50.62,8.44,31.33,,,
stress-ng --cpu 2 --cpu-load 100 --quiet --timeout 60s,50,4/27/2026,17:34:18,50.74,8.44,31.48,,,
stress-ng --cpu 2 --cpu-load 100 --quiet --timeout 60s,50,4/27/2026,17:34:19,50.49,8.44,31.48,,,
stress-ng --cpu 2 --cpu-load 100 --quiet --timeout 60s,50,4/27/2026,17:34:20,50.37,8.44,31.64,,,
stress-ng --cpu 2 --cpu-load 100 --quiet --timeout 60s,50,4/27/2026,17:34:21,50.86,8.44,31.23,,,
stress-ng --cpu 2 --cpu-load 100 --quiet --timeout 60s,50,4/27/2026,17:34:22,50.49,8.44,31.23,,,
stress-ng --cpu 2 --cpu-load 100 --quiet --timeout 60s,50,4/27/2026,17:34:23,50.61,8.44,31.5,,,
stress-ng --cpu 2 --cpu-load 100 --quiet --timeout 60s,50,4/27/2026,17:34:24,50.74,8.44,31.52,,,
stress-ng --cpu 2 --cpu-load 100 --quiet --timeout 60s,50,4/27/2026,17:34:25,50.49,8.44,31.52,,,
stress-ng --cpu 2 --cpu-load 100 --quiet --timeout 60s,50,4/27/2026,17:34:26,50.62,8.44,31.43,,,
stress-ng --cpu 2 --cpu-load 100 --quiet --timeout 60s,50,4/27/2026,17:34:27,50.61,8.44,31.33,,,
stress-ng --cpu 2 --cpu-load 100 --quiet --timeout 60s,50,4/27/2026,17:34:28,50.49,8.44,31.33,,,
stress-ng --cpu 2 --cpu-load 100 --quiet --timeout 60s,50,4/27/2026,17:34:29,50.74,8.44,32.25,,,
stress-ng --cpu 2 --cpu-load 100 --quiet --timeout 60s,50,4/27/2026,17:34:30,50.37,8.44,31.34,,,
stress-ng --cpu 2 --cpu-load 100 --quiet --timeout 60s,50,4/27/2026,17:34:31,50.74,8.44,31.34,,,
stress-ng --cpu 2 --cpu-load 100 --quiet --timeout 60s,50,4/27/2026,17:34:32,50.49,8.45,31.38,,,
stress-ng --cpu 2 --cpu-load 100 --quiet --timeout 60s,50,4/27/2026,17:34:33,50.74,8.45,31.21,,,
stress-ng --cpu 2 --cpu-load 100 --quiet --timeout 60s,50,4/27/2026,17:34:34,50.49,8.45,31.21,,,
stress-ng --cpu 2 --cpu-load 100 --quiet --timeout 60s,50,4/27/2026,17:34:35,50.74,8.45,31.65,,,
stress-ng --cpu 2 --cpu-load 100 --quiet --timeout 60s,50,4/27/2026,17:34:36,50.615,8.45,32,,,
stress-ng --cpu 2 --cpu-load 100 --quiet --timeout 60s,50,4/27/2026,17:34:37,50.49,8.45,32,,,
