command,cpu_utilization,date,time,cpu_percent,mem_percent,power_watts
stress-ng --cpu 1 --cpu-load 4 --quiet --timeout 60s,1,4/23/2026,23:50:03,1.22,6.59,8.96
stress-ng --cpu 1 --cpu-load 4 --quiet --timeout 60s,1,4/23/2026,23:50:04,3.94,6.59,8.96
stress-ng --cpu 1 --cpu-load 4 --quiet --timeout 60s,1,4/23/2026,23:50:05,2.21,6.59,9.73
stress-ng --cpu 1 --cpu-load 4 --quiet --timeout 60s,1,4/23/2026,23:50:06,2.69,6.59,9.37
stress-ng --cpu 1 --cpu-load 4 --quiet --timeout 60s,1,4/23/2026,23:50:07,1.97,6.59,9.37
stress-ng --cpu 1 --cpu-load 4 --quiet --timeout 60s,1,4/23/2026,23:50:08,2.2,6.59,9.84
stress-ng --cpu 1 --cpu-load 4 --quiet --timeout 60s,1,4/23/2026,23:50:09,1.97,6.59,9.27
stress-ng --cpu 1 --cpu-load 4 --quiet --timeout 60s,1,4/23/2026,23:50:10,3.19,6.59,9.27
stress-ng --cpu 1 --cpu-load 4 --quiet --timeout 60s,1,4/23/2026,23:50:11,1.98,6.59,10.65
stress-ng --cpu 1 --cpu-load 4 --quiet --timeout 60s,1,4/23/2026,23:50:12,1.98,6.59,9.76
stress-ng --cpu 1 --cpu-load 4 --quiet --timeout 60s,1,4/23/2026,23:50:13,1.74,6.59,9.76
stress-ng --cpu 1 --cpu-load 4 --quiet --timeout 60s,1,4/23/2026,23:50:14,1.74,6.59,9.59
stress-ng --cpu 1 --cpu-load 4 --quiet --timeout 60s,1,4/23/2026,23:50:15,1.74,6.59,9.61
stress-ng --cpu 1 --cpu-load 4 --quiet --timeout 60s,1,4/23/2026,23:50:16,2.48,6.59,9.61
stress-ng --cpu 1 --cpu-load 4 --quiet --timeout 60s,1,4/23/2026,23:50:17,1.98,6.59,9.72
stress-ng --cpu 1 --cpu-load 4 --quiet --timeout 60s,1,4/23/2026,23:50:18,2.22,6.59,9.93
stress-ng --cpu 1 --cpu-load 4 --quiet --timeout 60s,1,4/23/2026,23:50:19,1.97,6.59,9.93
stress-ng --cpu 1 --cpu-load 4 --quiet --timeout 60s,1,4/23/2026,23:50:20,2.95,6.59,9.38
stress-ng --cpu 1 --cpu-load 4 --quiet --timeout 60s,1,4/23/2026,23:50:21,2.2,6.59,9.76
stress-ng --cpu 1 --cpu-load 4 --quiet --timeout 60s,1,4/23/2026,23:50:22,2.45,6.59,9.76
stress-ng --cpu 1 --cpu-load 4 --quiet --timeout 60s,1,4/23/2026,23:50:23,2.21,6.59,9.76
stress-ng --cpu 1 --cpu-load 4 --quiet --timeout 60s,1,4/23/2026,23:50:24,2.21,6.59,9.5
stress-ng --cpu 1 --cpu-load 4 --quiet --timeout 60s,1,4/23/2026,23:50:25,2.2,6.59,9.5
stress-ng --cpu 1 --cpu-load 4 --quiet --timeout 60s,1,4/23/2026,23:50:26,2.2,6.59,9.93
stress-ng --cpu 1 --cpu-load 4 --quiet --timeout 60s,1,4/23/2026,23:50:27,1.96,6.59,9.97
stress-ng --cpu 1 --cpu-load 4 --quiet --timeout 60s,1,4/23/2026,23:50:28,1.965,6.59,9.97
stress-ng --cpu 1 --cpu-load 4 --quiet --timeout 60s,1,4/23/2026,23:50:29,1.97,6.59,9.69
stress-ng --cpu 1 --cpu-load 4 --quiet --timeout 60s,1,4/23/2026,23:50:30,2.7,6.59,9.89
stress-ng --cpu 1 --cpu-load 4 --quiet --timeout 60s,1,4/23/2026,23:50:31,1.99,6.59,9.89
stress-ng --cpu 1 --cpu-load 4 --quiet --timeout 60s,1,4/23/2026,23:50:32,2.49,6.59,9.65
stress-ng --cpu 1 --cpu-load 4 --quiet --timeout 60s,1,4/23/2026,23:50:33,1.73,6.59,10.07
stress-ng --cpu 1 --cpu-load 4 --quiet --timeout 60s,1,4/23/2026,23:50:34,1.73,6.59,10.07
stress-ng --cpu 1 --cpu-load 4 --quiet --timeout 60s,1,4/23/2026,23:50:35,2.45,6.59,9.27
stress-ng --cpu 1 --cpu-load 4 --quiet --timeout 60s,1,4/23/2026,23:50:36,2.21,6.59,10.76
stress-ng --cpu 1 --cpu-load 4 --quiet --timeout 60s,1,4/23/2026,23:50:37,2.69,6.59,10.76
stress-ng --cpu 1 --cpu-load 4 --quiet --timeout 60s,1,4/23/2026,23:50:38,1.71,6.58,9.44
stress-ng --cpu 1 --cpu-load 4 --quiet --timeout 60s,1,4/23/2026,23:50:39,2.7,6.58,9.86
stress-ng --cpu 1 --cpu-load 4 --quiet --timeout 60s,1,4/23/2026,23:50:40,2.68,6.58,9.86
stress-ng --cpu 1 --cpu-load 4 --quiet --timeout 60s,1,4/23/2026,23:50:41,1.72,6.58,9.47
stress-ng --cpu 1 --cpu-load 4 --quiet --timeout 60s,1,4/23/2026,23:50:42,2.45,6.58,10.15
stress-ng --cpu 1 --cpu-load 4 --quiet --timeout 60s,1,4/23/2026,23:50:43,2.2,6.58,10.15
stress-ng --cpu 1 --cpu-load 4 --quiet --timeout 60s,1,4/23/2026,23:50:44,2.21,6.58,10
stress-ng --cpu 1 --cpu-load 4 --quiet --timeout 60s,1,4/23/2026,23:50:45,2.44,6.58,9.78
stress-ng --cpu 1 --cpu-load 4 --quiet --timeout 60s,1,4/23/2026,23:50:46,2.94,6.58,9.78
stress-ng --cpu 1 --cpu-load 4 --quiet --timeout 60s,1,4/23/2026,23:50:47,1.72,6.58,10.25
stress-ng --cpu 1 --cpu-load 4 --quiet --timeout 60s,1,4/23/2026,23:50:48,2.23,6.58,9.79
stress-ng --cpu 1 --cpu-load 4 --quiet --timeout 60s,1,4/23/2026,23:50:49,2.21,6.58,9.79
stress-ng --cpu 1 --cpu-load 4 --quiet --timeout 60s,1,4/23/2026,23:50:50,1.96,6.58,9.81
stress-ng --cpu 1 --cpu-load 4 --quiet --timeout 60s,1,4/23/2026,23:50:51,2.2,6.58,10.02
stress-ng --cpu 1 --cpu-load 4 --quiet --timeout 60s,1,4/23/2026,23:50:52,2.45,6.58,10.02
stress-ng --cpu 1 --cpu-load 4 --quiet --timeout 60s,1,4/23/2026,23:50:53,2.2,6.58,9.53
stress-ng --cpu 1 --cpu-load 4 --quiet --timeout 60s,1,4/23/2026,23:50:54,2.21,6.58,10.01
stress-ng --cpu 1 --cpu-load 4 --quiet --timeout 60s,1,4/23/2026,23:50:55,1.96,6.58,10.01
stress-ng --cpu 1 --cpu-load 4 --quiet --timeout 60s,1,4/23/2026,23:50:56,2.95,6.58,9.61
stress-ng --cpu 1 --cpu-load 4 --quiet --timeout 60s,1,4/23/2026,23:50:57,1.74,6.58,9.83
stress-ng --cpu 1 --cpu-load 4 --quiet --timeout 60s,1,4/23/2026,23:50:58,1.74,6.58,9.83
stress-ng --cpu 1 --cpu-load 4 --quiet --timeout 60s,1,4/23/2026,23:50:59,1.98,6.58,9.94
stress-ng --cpu 1 --cpu-load 4 --quiet --timeout 60s,1,4/23/2026,23:51:00,2.22,6.58,9.51
stress-ng --cpu 1 --cpu-load 4 --quiet --timeout 60s,1,4/23/2026,23:51:01,2.46,6.58,9.51
stress-ng --cpu 1 --cpu-load 4 --quiet --timeout 60s,1,4/23/2026,23:51:02,2.21,6.58,10.18
stress-ng --cpu 1 --cpu-load 4 --quiet --timeout 60s,1,4/23/2026,23:51:03,2.7,6.58,9.92
stress-ng --cpu 1 --cpu-load 4 --quiet --timeout 60s,1,4/24/2026,11:46:31,3.18,7.03,8.82
stress-ng --cpu 1 --cpu-load 4 --quiet --timeout 60s,1,4/24/2026,11:46:32,3.2,7.04,10.37
stress-ng --cpu 1 --cpu-load 4 --quiet --timeout 60s,1,4/24/2026,11:46:33,1.22,7.04,10.37
stress-ng --cpu 1 --cpu-load 4 --quiet --timeout 60s,1,4/24/2026,11:46:34,1.835,7.04,9.4
stress-ng --cpu 1 --cpu-load 4 --quiet --timeout 60s,1,4/24/2026,11:46:35,2.45,7.04,9.33
stress-ng --cpu 1 --cpu-load 4 --quiet --timeout 60s,1,4/24/2026,11:46:36,2.2,7.04,9.33
stress-ng --cpu 1 --cpu-load 4 --quiet --timeout 60s,1,4/24/2026,11:46:37,2.94,7.04,9.94
stress-ng --cpu 1 --cpu-load 4 --quiet --timeout 60s,1,4/24/2026,11:46:38,2.21,7.04,9.4
stress-ng --cpu 1 --cpu-load 4 --quiet --timeout 60s,1,4/24/2026,11:46:39,2.24,7.04,9.4
stress-ng --cpu 1 --cpu-load 4 --quiet --timeout 60s,1,4/24/2026,11:46:40,0.98,7.04,9.67
stress-ng --cpu 1 --cpu-load 4 --quiet --timeout 60s,1,4/24/2026,11:46:41,1.71,7.04,9.33
stress-ng --cpu 1 --cpu-load 4 --quiet --timeout 60s,1,4/24/2026,11:46:42,2.69,7.04,9.33
stress-ng --cpu 1 --cpu-load 4 --quiet --timeout 60s,1,4/24/2026,11:46:43,1.96,7.03,10.02
stress-ng --cpu 1 --cpu-load 4 --quiet --timeout 60s,1,4/24/2026,11:46:44,2.2,7.03,9.45
stress-ng --cpu 1 --cpu-load 4 --quiet --timeout 60s,1,4/24/2026,11:46:45,1.97,7.03,9.45
stress-ng --cpu 1 --cpu-load 4 --quiet --timeout 60s,1,4/24/2026,11:46:46,2.94,7.03,9.9
stress-ng --cpu 1 --cpu-load 4 --quiet --timeout 60s,1,4/24/2026,11:46:47,2.21,7.03,9.91
stress-ng --cpu 1 --cpu-load 4 --quiet --timeout 60s,1,4/24/2026,11:46:48,2.2,7.03,9.91
stress-ng --cpu 1 --cpu-load 4 --quiet --timeout 60s,1,4/24/2026,11:46:49,2.68,7.03,10.23
stress-ng --cpu 1 --cpu-load 4 --quiet --timeout 60s,1,4/24/2026,11:46:50,2.46,7.03,9.24
stress-ng --cpu 1 --cpu-load 4 --quiet --timeout 60s,1,4/24/2026,11:46:51,2.94,7.03,9.24
stress-ng --cpu 1 --cpu-load 4 --quiet --timeout 60s,1,4/24/2026,11:46:52,1.47,7.03,9.33
stress-ng --cpu 1 --cpu-load 4 --quiet --timeout 60s,1,4/24/2026,11:46:53,2.94,7.03,9.55
stress-ng --cpu 1 --cpu-load 4 --quiet --timeout 60s,1,4/24/2026,11:46:54,1.22,7.03,9.55
stress-ng --cpu 1 --cpu-load 4 --quiet --timeout 60s,1,4/24/2026,11:46:55,2.21,7.03,9.14
stress-ng --cpu 1 --cpu-load 4 --quiet --timeout 60s,1,4/24/2026,11:46:56,2.2,7.03,9.87
stress-ng --cpu 1 --cpu-load 4 --quiet --timeout 60s,1,4/24/2026,11:46:57,2.21,7.03,9.87
stress-ng --cpu 1 --cpu-load 4 --quiet --timeout 60s,1,4/24/2026,11:46:58,2.94,7.03,9.38
stress-ng --cpu 1 --cpu-load 4 --quiet --timeout 60s,1,4/24/2026,11:46:59,2.21,7.03,9.67
stress-ng --cpu 1 --cpu-load 4 --quiet --timeout 60s,1,4/24/2026,11:47:00,2.21,7.03,9.67
stress-ng --cpu 1 --cpu-load 4 --quiet --timeout 60s,1,4/24/2026,11:47:01,2.2,7.03,9.73
stress-ng --cpu 1 --cpu-load 4 --quiet --timeout 60s,1,4/24/2026,11:47:02,2.94,7.03,9.67
stress-ng --cpu 1 --cpu-load 4 --quiet --timeout 60s,1,4/24/2026,11:47:03,1.22,7.03,9.67
stress-ng --cpu 1 --cpu-load 4 --quiet --timeout 60s,1,4/24/2026,11:47:04,2.7,7.03,9.27
stress-ng --cpu 1 --cpu-load 4 --quiet --timeout 60s,1,4/24/2026,11:47:05,2.7,7.03,9.5
stress-ng --cpu 1 --cpu-load 4 --quiet --timeout 60s,1,4/24/2026,11:47:06,1.74,7.03,9.5
stress-ng --cpu 1 --cpu-load 4 --quiet --timeout 60s,1,4/24/2026,11:47:07,1.73,7.03,9.22
stress-ng --cpu 1 --cpu-load 4 --quiet --timeout 60s,1,4/24/2026,11:47:08,2.45,7.03,10
stress-ng --cpu 1 --cpu-load 4 --quiet --timeout 60s,1,4/24/2026,11:47:09,2.44,7.03,10
stress-ng --cpu 1 --cpu-load 4 --quiet --timeout 60s,1,4/24/2026,11:47:10,2.7,7.03,9.18
stress-ng --cpu 1 --cpu-load 4 --quiet --timeout 60s,1,4/24/2026,11:47:11,1.96,7.03,9.95
stress-ng --cpu 1 --cpu-load 4 --quiet --timeout 60s,1,4/24/2026,11:47:12,1.97,7.03,9.95
stress-ng --cpu 1 --cpu-load 4 --quiet --timeout 60s,1,4/24/2026,11:47:13,2.21,7.03,9.75
stress-ng --cpu 1 --cpu-load 4 --quiet --timeout 60s,1,4/24/2026,11:47:14,2.2,7.03,9.43
stress-ng --cpu 1 --cpu-load 4 --quiet --timeout 60s,1,4/24/2026,11:47:15,2.21,7.03,9.43
stress-ng --cpu 1 --cpu-load 4 --quiet --timeout 60s,1,4/24/2026,11:47:16,2.7,7.03,9.54
stress-ng --cpu 1 --cpu-load 4 --quiet --timeout 60s,1,4/24/2026,11:47:17,1.97,7.03,9.34
stress-ng --cpu 1 --cpu-load 4 --quiet --timeout 60s,1,4/24/2026,11:47:18,1.98,7.03,9.34
stress-ng --cpu 1 --cpu-load 4 --quiet --timeout 60s,1,4/24/2026,11:47:19,1.98,7.03,9.49
stress-ng --cpu 1 --cpu-load 4 --quiet --timeout 60s,1,4/24/2026,11:47:20,1.98,7.03,9.43
stress-ng --cpu 1 --cpu-load 4 --quiet --timeout 60s,1,4/24/2026,11:47:21,1.97,7.03,9.43
stress-ng --cpu 1 --cpu-load 4 --quiet --timeout 60s,1,4/24/2026,11:47:22,2.22,7.03,9.39
stress-ng --cpu 1 --cpu-load 4 --quiet --timeout 60s,1,4/24/2026,11:47:23,1.74,7.03,9.88
stress-ng --cpu 1 --cpu-load 4 --quiet --timeout 60s,1,4/24/2026,11:47:24,2.21,7.03,9.88
stress-ng --cpu 1 --cpu-load 4 --quiet --timeout 60s,1,4/24/2026,11:47:25,2.21,7.03,9.64
stress-ng --cpu 1 --cpu-load 4 --quiet --timeout 60s,1,4/24/2026,11:47:26,2.21,7.03,9.6
stress-ng --cpu 1 --cpu-load 4 --quiet --timeout 60s,1,4/24/2026,11:47:27,2.2,7.03,9.6
stress-ng --cpu 1 --cpu-load 4 --quiet --timeout 60s,1,4/24/2026,11:47:28,2.7,7.03,10.17
stress-ng --cpu 1 --cpu-load 4 --quiet --timeout 60s,1,4/24/2026,11:47:29,1.22,7.03,9.13
stress-ng --cpu 1 --cpu-load 4 --quiet --timeout 60s,1,4/24/2026,11:47:30,3.18,7.03,9.13
stress-ng --cpu 1 --cpu-load 4 --quiet --timeout 60s,1,4/24/2026,11:47:31,1.71,7.03,9.59
stress-ng --cpu 1 --cpu-load 4 --quiet --timeout 60s,1,4/24/2026,13:58:37,0.99,7.52,9.25
stress-ng --cpu 1 --cpu-load 4 --quiet --timeout 60s,1,4/24/2026,13:58:38,2.5,7.53,9.38
stress-ng --cpu 1 --cpu-load 4 --quiet --timeout 60s,1,4/24/2026,13:58:39,1.73,7.53,9.5
stress-ng --cpu 1 --cpu-load 4 --quiet --timeout 60s,1,4/24/2026,13:58:40,1.74,7.53,9.5
stress-ng --cpu 1 --cpu-load 4 --quiet --timeout 60s,1,4/24/2026,13:58:41,1.99,7.53,9.84
stress-ng --cpu 1 --cpu-load 4 --quiet --timeout 60s,1,4/24/2026,13:58:42,1.74,7.53,9.71
stress-ng --cpu 1 --cpu-load 4 --quiet --timeout 60s,1,4/24/2026,13:58:43,2.22,7.53,9.71
stress-ng --cpu 1 --cpu-load 4 --quiet --timeout 60s,1,4/24/2026,13:58:44,1.97,7.53,10.27
stress-ng --cpu 1 --cpu-load 4 --quiet --timeout 60s,1,4/24/2026,13:58:45,2.69,7.53,9.55
stress-ng --cpu 1 --cpu-load 4 --quiet --timeout 60s,1,4/24/2026,13:58:46,1.96,7.53,9.55
stress-ng --cpu 1 --cpu-load 4 --quiet --timeout 60s,1,4/24/2026,13:58:47,1.71,7.53,10.05
stress-ng --cpu 1 --cpu-load 4 --quiet --timeout 60s,1,4/24/2026,13:58:48,1.96,7.53,9.47
stress-ng --cpu 1 --cpu-load 4 --quiet --timeout 60s,1,4/24/2026,13:58:49,2.2,7.53,9.47
stress-ng --cpu 1 --cpu-load 4 --quiet --timeout 60s,1,4/24/2026,13:58:50,2.44,7.53,10.21
stress-ng --cpu 1 --cpu-load 4 --quiet --timeout 60s,1,4/24/2026,13:58:51,2.21,7.53,9.86
stress-ng --cpu 1 --cpu-load 4 --quiet --timeout 60s,1,4/24/2026,13:58:52,2.43,7.53,9.86
stress-ng --cpu 1 --cpu-load 4 --quiet --timeout 60s,1,4/24/2026,13:58:53,1.96,7.54,9.92
stress-ng --cpu 1 --cpu-load 4 --quiet --timeout 60s,1,4/24/2026,13:58:54,2.21,7.54,9.44
stress-ng --cpu 1 --cpu-load 4 --quiet --timeout 60s,1,4/24/2026,13:58:55,2.44,7.54,9.44
stress-ng --cpu 1 --cpu-load 4 --quiet --timeout 60s,1,4/24/2026,13:58:56,2.94,7.54,10.11
stress-ng --cpu 1 --cpu-load 4 --quiet --timeout 60s,1,4/24/2026,13:58:57,2.21,7.54,9.91
stress-ng --cpu 1 --cpu-load 4 --quiet --timeout 60s,1,4/24/2026,13:58:58,1.73,7.54,9.91
stress-ng --cpu 1 --cpu-load 4 --quiet --timeout 60s,1,4/24/2026,13:58:59,2.21,7.54,9.24
stress-ng --cpu 1 --cpu-load 4 --quiet --timeout 60s,1,4/24/2026,13:59:00,2.45,7.54,9.58
stress-ng --cpu 1 --cpu-load 4 --quiet --timeout 60s,1,4/24/2026,13:59:01,2.2,7.54,9.58
stress-ng --cpu 1 --cpu-load 4 --quiet --timeout 60s,1,4/24/2026,13:59:02,1.96,7.54,9.93
stress-ng --cpu 1 --cpu-load 4 --quiet --timeout 60s,1,4/24/2026,13:59:03,2.45,7.54,9.63
stress-ng --cpu 1 --cpu-load 4 --quiet --timeout 60s,1,4/24/2026,13:59:04,2.45,7.54,9.63
stress-ng --cpu 1 --cpu-load 4 --quiet --timeout 60s,1,4/24/2026,13:59:05,2.68,7.54,9.58
stress-ng --cpu 1 --cpu-load 4 --quiet --timeout 60s,1,4/24/2026,13:59:06,2.7,7.54,10.3
stress-ng --cpu 1 --cpu-load 4 --quiet --timeout 60s,1,4/24/2026,13:59:07,1.97,7.54,10.3
stress-ng --cpu 1 --cpu-load 4 --quiet --timeout 60s,1,4/24/2026,13:59:08,1.98,7.54,9.5
stress-ng --cpu 1 --cpu-load 4 --quiet --timeout 60s,1,4/24/2026,13:59:09,1.74,7.55,9.45
stress-ng --cpu 1 --cpu-load 4 --quiet --timeout 60s,1,4/24/2026,13:59:10,2.46,7.55,9.45
stress-ng --cpu 1 --cpu-load 4 --quiet --timeout 60s,1,4/24/2026,13:59:11,2.22,7.55,9.79
stress-ng --cpu 1 --cpu-load 4 --quiet --timeout 60s,1,4/24/2026,13:59:12,2.2,7.55,9.9
stress-ng --cpu 1 --cpu-load 4 --quiet --timeout 60s,1,4/24/2026,13:59:13,1.72,7.55,9.9
stress-ng --cpu 1 --cpu-load 4 --quiet --timeout 60s,1,4/24/2026,13:59:14,1.96,7.55,10.06
stress-ng --cpu 1 --cpu-load 4 --quiet --timeout 60s,1,4/24/2026,13:59:15,2.2,7.55,9.56
stress-ng --cpu 1 --cpu-load 4 --quiet --timeout 60s,1,4/24/2026,13:59:16,1.96,7.55,9.56
stress-ng --cpu 1 --cpu-load 4 --quiet --timeout 60s,1,4/24/2026,13:59:17,2.2,7.55,9.92
stress-ng --cpu 1 --cpu-load 4 --quiet --timeout 60s,1,4/24/2026,13:59:18,2.45,7.55,9.73
stress-ng --cpu 1 --cpu-load 4 --quiet --timeout 60s,1,4/24/2026,13:59:19,2.7,7.55,9.73
stress-ng --cpu 1 --cpu-load 4 --quiet --timeout 60s,1,4/24/2026,13:59:20,2.335,7.55,9.99
stress-ng --cpu 1 --cpu-load 4 --quiet --timeout 60s,1,4/24/2026,13:59:21,1.97,7.55,9.7
stress-ng --cpu 1 --cpu-load 4 --quiet --timeout 60s,1,4/24/2026,13:59:22,1.98,7.55,9.7
stress-ng --cpu 1 --cpu-load 4 --quiet --timeout 60s,1,4/24/2026,13:59:23,2.45,7.55,9.64
stress-ng --cpu 1 --cpu-load 4 --quiet --timeout 60s,1,4/24/2026,13:59:24,2.7,7.55,9.57
stress-ng --cpu 1 --cpu-load 4 --quiet --timeout 60s,1,4/24/2026,13:59:25,1.22,7.55,9.57
stress-ng --cpu 1 --cpu-load 4 --quiet --timeout 60s,1,4/24/2026,13:59:26,2.7,7.55,9.71
stress-ng --cpu 1 --cpu-load 4 --quiet --timeout 60s,1,4/24/2026,13:59:27,1.47,7.55,9.54
stress-ng --cpu 1 --cpu-load 4 --quiet --timeout 60s,1,4/24/2026,13:59:28,1.97,7.55,9.54
stress-ng --cpu 1 --cpu-load 4 --quiet --timeout 60s,1,4/24/2026,13:59:29,1.97,7.55,9.68
stress-ng --cpu 1 --cpu-load 4 --quiet --timeout 60s,1,4/24/2026,13:59:30,2.45,7.55,9.3
stress-ng --cpu 1 --cpu-load 4 --quiet --timeout 60s,1,4/24/2026,13:59:31,2.94,7.55,9.3
stress-ng --cpu 1 --cpu-load 4 --quiet --timeout 60s,1,4/24/2026,13:59:32,1.48,7.55,9.89
stress-ng --cpu 1 --cpu-load 4 --quiet --timeout 60s,1,4/24/2026,13:59:33,1.98,7.55,9.09
stress-ng --cpu 1 --cpu-load 4 --quiet --timeout 60s,1,4/24/2026,13:59:34,2.45,7.55,9.09
stress-ng --cpu 1 --cpu-load 4 --quiet --timeout 60s,1,4/24/2026,13:59:35,2.7,7.55,9.79
stress-ng --cpu 1 --cpu-load 4 --quiet --timeout 60s,1,4/24/2026,13:59:36,1.98,7.55,9.83
stress-ng --cpu 1 --cpu-load 4 --quiet --timeout 60s,1,4/24/2026,13:59:37,2.2,7.55,9.83
stress-ng --cpu 1 --cpu-load 8 --quiet --timeout 60s,2,4/24/2026,2:16:08,0.49,6.57,9.11
stress-ng --cpu 1 --cpu-load 8 --quiet --timeout 60s,2,4/24/2026,2:16:09,4.22,6.59,8.99
stress-ng --cpu 1 --cpu-load 8 --quiet --timeout 60s,2,4/24/2026,2:16:10,3.2,6.59,10.59
stress-ng --cpu 1 --cpu-load 8 --quiet --timeout 60s,2,4/24/2026,2:16:11,3.68,6.59,10.59
stress-ng --cpu 1 --cpu-load 8 --quiet --timeout 60s,2,4/24/2026,2:16:12,3.46,6.59,9.9
stress-ng --cpu 1 --cpu-load 8 --quiet --timeout 60s,2,4/24/2026,2:16:13,3.21,6.59,9.9
stress-ng --cpu 1 --cpu-load 8 --quiet --timeout 60s,2,4/24/2026,2:16:14,2.45,6.59,9.77
stress-ng --cpu 1 --cpu-load 8 --quiet --timeout 60s,2,4/24/2026,2:16:15,3.7,6.59,10.04
stress-ng --cpu 1 --cpu-load 8 --quiet --timeout 60s,2,4/24/2026,2:16:16,2.73,6.59,10.04
stress-ng --cpu 1 --cpu-load 8 --quiet --timeout 60s,2,4/24/2026,2:16:17,2.94,6.59,9.95
stress-ng --cpu 1 --cpu-load 8 --quiet --timeout 60s,2,4/24/2026,2:16:18,3.67,6.59,10.07
stress-ng --cpu 1 --cpu-load 8 --quiet --timeout 60s,2,4/24/2026,2:16:19,2.45,6.59,10.07
stress-ng --cpu 1 --cpu-load 8 --quiet --timeout 60s,2,4/24/2026,2:16:20,4.15,6.59,10
stress-ng --cpu 1 --cpu-load 8 --quiet --timeout 60s,2,4/24/2026,2:16:21,2.7,6.59,9.75
stress-ng --cpu 1 --cpu-load 8 --quiet --timeout 60s,2,4/24/2026,2:16:22,3.17,6.59,9.75
stress-ng --cpu 1 --cpu-load 8 --quiet --timeout 60s,2,4/24/2026,2:16:23,3.44,6.59,10.25
stress-ng --cpu 1 --cpu-load 8 --quiet --timeout 60s,2,4/24/2026,2:16:24,3.46,6.59,10.36
stress-ng --cpu 1 --cpu-load 8 --quiet --timeout 60s,2,4/24/2026,2:16:25,3.23,6.59,10.36
stress-ng --cpu 1 --cpu-load 8 --quiet --timeout 60s,2,4/24/2026,2:16:26,2.75,6.59,10.61
stress-ng --cpu 1 --cpu-load 8 --quiet --timeout 60s,2,4/24/2026,2:16:27,2.48,6.59,10.29
stress-ng --cpu 1 --cpu-load 8 --quiet --timeout 60s,2,4/24/2026,2:16:28,3.18,6.59,10.29
stress-ng --cpu 1 --cpu-load 8 --quiet --timeout 60s,2,4/24/2026,2:16:29,2.94,6.59,10.3
stress-ng --cpu 1 --cpu-load 8 --quiet --timeout 60s,2,4/24/2026,2:16:30,3.18,6.59,9.65
stress-ng --cpu 1 --cpu-load 8 --quiet --timeout 60s,2,4/24/2026,2:16:31,3.43,6.59,9.65
stress-ng --cpu 1 --cpu-load 8 --quiet --timeout 60s,2,4/24/2026,2:16:32,4.16,6.59,10.12
stress-ng --cpu 1 --cpu-load 8 --quiet --timeout 60s,2,4/24/2026,2:16:33,3.2,6.59,10.04
stress-ng --cpu 1 --cpu-load 8 --quiet --timeout 60s,2,4/24/2026,2:16:34,2.96,6.59,10.04
stress-ng --cpu 1 --cpu-load 8 --quiet --timeout 60s,2,4/24/2026,2:16:35,3.2,6.59,9.78
stress-ng --cpu 1 --cpu-load 8 --quiet --timeout 60s,2,4/24/2026,2:16:36,2.73,6.59,10.2
stress-ng --cpu 1 --cpu-load 8 --quiet --timeout 60s,2,4/24/2026,2:16:37,2.98,6.59,10.2
stress-ng --cpu 1 --cpu-load 8 --quiet --timeout 60s,2,4/24/2026,2:16:38,3.45,6.59,10.49
stress-ng --cpu 1 --cpu-load 8 --quiet --timeout 60s,2,4/24/2026,2:16:39,1.96,6.59,10.17
stress-ng --cpu 1 --cpu-load 8 --quiet --timeout 60s,2,4/24/2026,2:16:40,4.41,6.59,10.17
stress-ng --cpu 1 --cpu-load 8 --quiet --timeout 60s,2,4/24/2026,2:16:41,1.96,6.59,10.32
stress-ng --cpu 1 --cpu-load 8 --quiet --timeout 60s,2,4/24/2026,2:16:42,3.67,6.59,9.8
stress-ng --cpu 1 --cpu-load 8 --quiet --timeout 60s,2,4/24/2026,2:16:43,2.7,6.59,9.8
stress-ng --cpu 1 --cpu-load 8 --quiet --timeout 60s,2,4/24/2026,2:16:44,3.19,6.59,9.82
stress-ng --cpu 1 --cpu-load 8 --quiet --timeout 60s,2,4/24/2026,2:16:45,3.71,6.59,10.3
stress-ng --cpu 1 --cpu-load 8 --quiet --timeout 60s,2,4/24/2026,2:16:46,2.72,6.59,10.3
stress-ng --cpu 1 --cpu-load 8 --quiet --timeout 60s,2,4/24/2026,2:16:47,2.24,6.59,10.61
stress-ng --cpu 1 --cpu-load 8 --quiet --timeout 60s,2,4/24/2026,2:16:48,3.21,6.59,10.15
stress-ng --cpu 1 --cpu-load 8 --quiet --timeout 60s,2,4/24/2026,2:16:49,3.2,6.59,10.15
stress-ng --cpu 1 --cpu-load 8 --quiet --timeout 60s,2,4/24/2026,2:16:50,3.34,6.59,10.22
stress-ng --cpu 1 --cpu-load 8 --quiet --timeout 60s,2,4/24/2026,2:16:51,3.48,6.59,10
stress-ng --cpu 1 --cpu-load 8 --quiet --timeout 60s,2,4/24/2026,2:16:52,2.23,6.59,10
stress-ng --cpu 1 --cpu-load 8 --quiet --timeout 60s,2,4/24/2026,2:16:53,3.24,6.59,10.38
stress-ng --cpu 1 --cpu-load 8 --quiet --timeout 60s,2,4/24/2026,2:16:54,2.95,6.6,10.22
stress-ng --cpu 1 --cpu-load 8 --quiet --timeout 60s,2,4/24/2026,2:16:55,2.94,6.6,10.22
stress-ng --cpu 1 --cpu-load 8 --quiet --timeout 60s,2,4/24/2026,2:16:56,3.91,6.6,9.82
stress-ng --cpu 1 --cpu-load 8 --quiet --timeout 60s,2,4/24/2026,2:16:57,2.7,6.6,9.68
stress-ng --cpu 1 --cpu-load 8 --quiet --timeout 60s,2,4/24/2026,2:16:58,2.7,6.6,9.68
stress-ng --cpu 1 --cpu-load 8 --quiet --timeout 60s,2,4/24/2026,2:16:59,3.19,6.6,9.89
stress-ng --cpu 1 --cpu-load 8 --quiet --timeout 60s,2,4/24/2026,2:17:00,3.68,6.6,9.75
stress-ng --cpu 1 --cpu-load 8 --quiet --timeout 60s,2,4/24/2026,2:17:01,2.7,6.6,9.75
stress-ng --cpu 1 --cpu-load 8 --quiet --timeout 60s,2,4/24/2026,2:17:02,3.43,6.6,11.09
stress-ng --cpu 1 --cpu-load 8 --quiet --timeout 60s,2,4/24/2026,2:17:03,3.42,6.6,10.25
stress-ng --cpu 1 --cpu-load 8 --quiet --timeout 60s,2,4/24/2026,2:17:04,3.19,6.6,10.25
stress-ng --cpu 1 --cpu-load 8 --quiet --timeout 60s,2,4/24/2026,2:17:05,3.45,6.6,10.1
stress-ng --cpu 1 --cpu-load 8 --quiet --timeout 60s,2,4/24/2026,2:17:06,2.72,6.6,9.75
stress-ng --cpu 1 --cpu-load 8 --quiet --timeout 60s,2,4/24/2026,2:17:07,2.94,6.6,10.72
stress-ng --cpu 1 --cpu-load 8 --quiet --timeout 60s,2,4/24/2026,2:17:08,3.43,6.6,9.52
stress-ng --cpu 1 --cpu-load 8 --quiet --timeout 60s,2,4/24/2026,9:50:26,0.98,7.07,9.11
stress-ng --cpu 1 --cpu-load 8 --quiet --timeout 60s,2,4/24/2026,9:50:27,4.65,7.09,9.9
stress-ng --cpu 1 --cpu-load 8 --quiet --timeout 60s,2,4/24/2026,9:50:28,3.19,7.09,9.9
stress-ng --cpu 1 --cpu-load 8 --quiet --timeout 60s,2,4/24/2026,9:50:29,2.94,7.09,10.08
stress-ng --cpu 1 --cpu-load 8 --quiet --timeout 60s,2,4/24/2026,9:50:30,4.15,7.09,10.08
stress-ng --cpu 1 --cpu-load 8 --quiet --timeout 60s,2,4/24/2026,9:50:31,2.96,7.09,10.08
stress-ng --cpu 1 --cpu-load 8 --quiet --timeout 60s,2,4/24/2026,9:50:32,2.7,7.08,9.93
stress-ng --cpu 1 --cpu-load 8 --quiet --timeout 60s,2,4/24/2026,9:50:33,3.43,7.08,10.16
stress-ng --cpu 1 --cpu-load 8 --quiet --timeout 60s,2,4/24/2026,9:50:34,2.94,7.08,10.16
stress-ng --cpu 1 --cpu-load 8 --quiet --timeout 60s,2,4/24/2026,9:50:35,3.66,7.08,10.19
stress-ng --cpu 1 --cpu-load 8 --quiet --timeout 60s,2,4/24/2026,9:50:36,2.95,7.08,10.15
stress-ng --cpu 1 --cpu-load 8 --quiet --timeout 60s,2,4/24/2026,9:50:37,3.18,7.08,10.15
stress-ng --cpu 1 --cpu-load 8 --quiet --timeout 60s,2,4/24/2026,9:50:38,3.42,7.08,10.42
stress-ng --cpu 1 --cpu-load 8 --quiet --timeout 60s,2,4/24/2026,9:50:39,3.45,7.08,10.21
stress-ng --cpu 1 --cpu-load 8 --quiet --timeout 60s,2,4/24/2026,9:50:40,2.72,7.08,10.21
stress-ng --cpu 1 --cpu-load 8 --quiet --timeout 60s,2,4/24/2026,9:50:41,3.19,7.08,9.83
stress-ng --cpu 1 --cpu-load 8 --quiet --timeout 60s,2,4/24/2026,9:50:42,2.94,7.08,10.46
stress-ng --cpu 1 --cpu-load 8 --quiet --timeout 60s,2,4/24/2026,9:50:43,3.18,7.08,10.46
stress-ng --cpu 1 --cpu-load 8 --quiet --timeout 60s,2,4/24/2026,9:50:44,3.44,7.08,10.3
stress-ng --cpu 1 --cpu-load 8 --quiet --timeout 60s,2,4/24/2026,9:50:45,3.43,7.08,9.96
stress-ng --cpu 1 --cpu-load 8 --quiet --timeout 60s,2,4/24/2026,9:50:46,2.73,7.08,9.96
stress-ng --cpu 1 --cpu-load 8 --quiet --timeout 60s,2,4/24/2026,9:50:47,2.49,7.07,10.31
stress-ng --cpu 1 --cpu-load 8 --quiet --timeout 60s,2,4/24/2026,9:50:48,2.7,7.07,10.61
stress-ng --cpu 1 --cpu-load 8 --quiet --timeout 60s,2,4/24/2026,9:50:49,2.95,7.07,10.61
stress-ng --cpu 1 --cpu-load 8 --quiet --timeout 60s,2,4/24/2026,9:50:50,3.17,7.07,9.63
stress-ng --cpu 1 --cpu-load 8 --quiet --timeout 60s,2,4/24/2026,9:50:51,2.97,7.07,10.23
stress-ng --cpu 1 --cpu-load 8 --quiet --timeout 60s,2,4/24/2026,9:50:52,3.24,7.07,10.23
stress-ng --cpu 1 --cpu-load 8 --quiet --timeout 60s,2,4/24/2026,9:50:53,3.7,7.07,10.5
stress-ng --cpu 1 --cpu-load 8 --quiet --timeout 60s,2,4/24/2026,9:50:54,2.94,7.07,10.16
stress-ng --cpu 1 --cpu-load 8 --quiet --timeout 60s,2,4/24/2026,9:50:55,2.95,7.07,10.16
stress-ng --cpu 1 --cpu-load 8 --quiet --timeout 60s,2,4/24/2026,9:50:56,2.97,7.07,9.76
stress-ng --cpu 1 --cpu-load 8 --quiet --timeout 60s,2,4/24/2026,9:50:57,2.5,7.07,10.69
stress-ng --cpu 1 --cpu-load 8 --quiet --timeout 60s,2,4/24/2026,9:50:58,3.46,7.07,10.69
stress-ng --cpu 1 --cpu-load 8 --quiet --timeout 60s,2,4/24/2026,9:50:59,3.41,7.07,9.97
stress-ng --cpu 1 --cpu-load 8 --quiet --timeout 60s,2,4/24/2026,9:51:00,2.95,7.07,9.61
stress-ng --cpu 1 --cpu-load 8 --quiet --timeout 60s,2,4/24/2026,9:51:01,2.94,7.07,9.61
stress-ng --cpu 1 --cpu-load 8 --quiet --timeout 60s,2,4/24/2026,9:51:02,2.7,7.07,9.71
stress-ng --cpu 1 --cpu-load 8 --quiet --timeout 60s,2,4/24/2026,9:51:03,2.94,7.07,9.925
stress-ng --cpu 1 --cpu-load 8 --quiet --timeout 60s,2,4/24/2026,9:51:04,3.66,7.07,10.14
stress-ng --cpu 1 --cpu-load 8 --quiet --timeout 60s,2,4/24/2026,9:51:05,3.2,7.06,10.14
stress-ng --cpu 1 --cpu-load 8 --quiet --timeout 60s,2,4/24/2026,9:51:06,2.94,7.07,9.67
stress-ng --cpu 1 --cpu-load 8 --quiet --timeout 60s,2,4/24/2026,9:51:07,2.94,7.07,10.02
stress-ng --cpu 1 --cpu-load 8 --quiet --timeout 60s,2,4/24/2026,9:51:08,2.46,7.07,10.02
stress-ng --cpu 1 --cpu-load 8 --quiet --timeout 60s,2,4/24/2026,9:51:09,3.68,7.07,10.2
stress-ng --cpu 1 --cpu-load 8 --quiet --timeout 60s,2,4/24/2026,9:51:10,3.2,7.07,9.9
stress-ng --cpu 1 --cpu-load 8 --quiet --timeout 60s,2,4/24/2026,9:51:11,3.18,7.07,9.9
stress-ng --cpu 1 --cpu-load 8 --quiet --timeout 60s,2,4/24/2026,9:51:12,2.94,7.07,9.51
stress-ng --cpu 1 --cpu-load 8 --quiet --timeout 60s,2,4/24/2026,9:51:13,2.98,7.07,10.06
stress-ng --cpu 1 --cpu-load 8 --quiet --timeout 60s,2,4/24/2026,9:51:14,2.73,7.07,10.06
stress-ng --cpu 1 --cpu-load 8 --quiet --timeout 60s,2,4/24/2026,9:51:15,2.48,7.07,9.86
stress-ng --cpu 1 --cpu-load 8 --quiet --timeout 60s,2,4/24/2026,9:51:16,2.94,7.07,9.69
stress-ng --cpu 1 --cpu-load 8 --quiet --timeout 60s,2,4/24/2026,9:51:17,2.94,7.07,9.69
stress-ng --cpu 1 --cpu-load 8 --quiet --timeout 60s,2,4/24/2026,9:51:18,2.94,7.07,10.15
stress-ng --cpu 1 --cpu-load 8 --quiet --timeout 60s,2,4/24/2026,9:51:19,3.45,7.07,10.18
stress-ng --cpu 1 --cpu-load 8 --quiet --timeout 60s,2,4/24/2026,9:51:20,2.98,7.07,10.18
stress-ng --cpu 1 --cpu-load 8 --quiet --timeout 60s,2,4/24/2026,9:51:21,2.72,7.07,10.05
stress-ng --cpu 1 --cpu-load 8 --quiet --timeout 60s,2,4/24/2026,9:51:22,3.23,7.07,9.74
stress-ng --cpu 1 --cpu-load 8 --quiet --timeout 60s,2,4/24/2026,9:51:23,2.73,7.07,9.74
stress-ng --cpu 1 --cpu-load 8 --quiet --timeout 60s,2,4/24/2026,9:51:24,3.46,7.07,10.37
stress-ng --cpu 1 --cpu-load 8 --quiet --timeout 60s,2,4/24/2026,9:51:25,2.21,7.07,9.86
stress-ng --cpu 1 --cpu-load 8 --quiet --timeout 60s,2,4/24/2026,9:51:26,3.43,7.07,9.86
stress-ng --cpu 1 --cpu-load 8 --quiet --timeout 60s,2,4/24/2026,16:26:43,0.98,7.54,9.12
stress-ng --cpu 1 --cpu-load 8 --quiet --timeout 60s,2,4/24/2026,16:26:44,3.93,7.55,10.3
stress-ng --cpu 1 --cpu-load 8 --quiet --timeout 60s,2,4/24/2026,16:26:45,3.19,7.55,10.3
stress-ng --cpu 1 --cpu-load 8 --quiet --timeout 60s,2,4/24/2026,16:26:46,3.19,7.55,10.15
stress-ng --cpu 1 --cpu-load 8 --quiet --timeout 60s,2,4/24/2026,16:26:47,3.95,7.55,10.11
stress-ng --cpu 1 --cpu-load 8 --quiet --timeout 60s,2,4/24/2026,16:26:48,2.71,7.55,10.11
stress-ng --cpu 1 --cpu-load 8 --quiet --timeout 60s,2,4/24/2026,16:26:49,2.94,7.55,9.89
stress-ng --cpu 1 --cpu-load 8 --quiet --timeout 60s,2,4/24/2026,16:26:50,2.94,7.55,10.2
stress-ng --cpu 1 --cpu-load 8 --quiet --timeout 60s,2,4/24/2026,16:26:51,3.94,7.55,10.2
stress-ng --cpu 1 --cpu-load 8 --quiet --timeout 60s,2,4/24/2026,16:26:52,2.23,7.55,10.06
stress-ng --cpu 1 --cpu-load 8 --quiet --timeout 60s,2,4/24/2026,16:26:53,2.94,7.55,9.88
stress-ng --cpu 1 --cpu-load 8 --quiet --timeout 60s,2,4/24/2026,16:26:54,2.94,7.55,9.88
stress-ng --cpu 1 --cpu-load 8 --quiet --timeout 60s,2,4/24/2026,16:26:55,3.42,7.55,10.83
stress-ng --cpu 1 --cpu-load 8 --quiet --timeout 60s,2,4/24/2026,16:26:56,4.17,7.55,10.05
stress-ng --cpu 1 --cpu-load 8 --quiet --timeout 60s,2,4/24/2026,16:26:57,2.46,7.54,10.05
stress-ng --cpu 1 --cpu-load 8 --quiet --timeout 60s,2,4/24/2026,16:26:58,3.93,7.54,10.25
stress-ng --cpu 1 --cpu-load 8 --quiet --timeout 60s,2,4/24/2026,16:26:59,2.74,7.55,10.18
stress-ng --cpu 1 --cpu-load 8 --quiet --timeout 60s,2,4/24/2026,16:27:00,2.73,7.55,10.18
stress-ng --cpu 1 --cpu-load 8 --quiet --timeout 60s,2,4/24/2026,16:27:01,2.74,7.55,10.27
stress-ng --cpu 1 --cpu-load 8 --quiet --timeout 60s,2,4/24/2026,16:27:02,2.73,7.55,9.95
stress-ng --cpu 1 --cpu-load 8 --quiet --timeout 60s,2,4/24/2026,16:27:03,2.74,7.54,9.95
stress-ng --cpu 1 --cpu-load 8 --quiet --timeout 60s,2,4/24/2026,16:27:04,2.98,7.54,10.66
stress-ng --cpu 1 --cpu-load 8 --quiet --timeout 60s,2,4/24/2026,16:27:05,2.72,7.54,9.96
stress-ng --cpu 1 --cpu-load 8 --quiet --timeout 60s,2,4/24/2026,16:27:06,3.19,7.54,9.96
stress-ng --cpu 1 --cpu-load 8 --quiet --timeout 60s,2,4/24/2026,16:27:07,3.2,7.54,9.94
stress-ng --cpu 1 --cpu-load 8 --quiet --timeout 60s,2,4/24/2026,16:27:08,3.19,7.54,9.98
stress-ng --cpu 1 --cpu-load 8 --quiet --timeout 60s,2,4/24/2026,16:27:09,3.45,7.54,9.98
stress-ng --cpu 1 --cpu-load 8 --quiet --timeout 60s,2,4/24/2026,16:27:10,2.48,7.54,10.07
stress-ng --cpu 1 --cpu-load 8 --quiet --timeout 60s,2,4/24/2026,16:27:11,3.48,7.54,10.09
stress-ng --cpu 1 --cpu-load 8 --quiet --timeout 60s,2,4/24/2026,16:27:12,2.97,7.54,10.09
stress-ng --cpu 1 --cpu-load 8 --quiet --timeout 60s,2,4/24/2026,16:27:13,2.94,7.54,10.05
stress-ng --cpu 1 --cpu-load 8 --quiet --timeout 60s,2,4/24/2026,16:27:14,3.95,7.54,9.67
stress-ng --cpu 1 --cpu-load 8 --quiet --timeout 60s,2,4/24/2026,16:27:15,2.47,7.54,9.67
stress-ng --cpu 1 --cpu-load 8 --quiet --timeout 60s,2,4/24/2026,16:27:16,3.69,7.54,10.88
stress-ng --cpu 1 --cpu-load 8 --quiet --timeout 60s,2,4/24/2026,16:27:17,3.44,7.54,9.44
stress-ng --cpu 1 --cpu-load 8 --quiet --timeout 60s,2,4/24/2026,16:27:18,2.99,7.54,9.44
stress-ng --cpu 1 --cpu-load 8 --quiet --timeout 60s,2,4/24/2026,16:27:19,2.97,7.54,10.11
stress-ng --cpu 1 --cpu-load 8 --quiet --timeout 60s,2,4/24/2026,16:27:20,3.2,7.54,10.35
stress-ng --cpu 1 --cpu-load 8 --quiet --timeout 60s,2,4/24/2026,16:27:21,2.47,7.54,10.35
stress-ng --cpu 1 --cpu-load 8 --quiet --timeout 60s,2,4/24/2026,16:27:22,3.2,7.54,10.04
stress-ng --cpu 1 --cpu-load 8 --quiet --timeout 60s,2,4/24/2026,16:27:23,2.73,7.54,9.87
stress-ng --cpu 1 --cpu-load 8 --quiet --timeout 60s,2,4/24/2026,16:27:24,3.23,7.54,9.87
stress-ng --cpu 1 --cpu-load 8 --quiet --timeout 60s,2,4/24/2026,16:27:25,2.49,7.54,10.65
stress-ng --cpu 1 --cpu-load 8 --quiet --timeout 60s,2,4/24/2026,16:27:26,3.71,7.54,9.92
stress-ng --cpu 1 --cpu-load 8 --quiet --timeout 60s,2,4/24/2026,16:27:27,2.21,7.54,9.92
stress-ng --cpu 1 --cpu-load 8 --quiet --timeout 60s,2,4/24/2026,16:27:28,3.18,7.54,9.8
stress-ng --cpu 1 --cpu-load 8 --quiet --timeout 60s,2,4/24/2026,16:27:29,3.2,7.54,10.61
stress-ng --cpu 1 --cpu-load 8 --quiet --timeout 60s,2,4/24/2026,16:27:30,3.18,7.54,10.61
stress-ng --cpu 1 --cpu-load 8 --quiet --timeout 60s,2,4/24/2026,16:27:31,3.92,7.54,10.27
stress-ng --cpu 1 --cpu-load 8 --quiet --timeout 60s,2,4/24/2026,16:27:32,2.94,7.54,9.92
stress-ng --cpu 1 --cpu-load 8 --quiet --timeout 60s,2,4/24/2026,16:27:33,2.94,7.54,9.92
stress-ng --cpu 1 --cpu-load 8 --quiet --timeout 60s,2,4/24/2026,16:27:34,2.7,7.54,9.5
stress-ng --cpu 1 --cpu-load 8 --quiet --timeout 60s,2,4/24/2026,16:27:35,4.18,7.54,10.63
stress-ng --cpu 1 --cpu-load 8 --quiet --timeout 60s,2,4/24/2026,16:27:36,2.99,7.54,10.63
stress-ng --cpu 1 --cpu-load 8 --quiet --timeout 60s,2,4/24/2026,16:27:37,1.98,7.55,9.96
stress-ng --cpu 1 --cpu-load 8 --quiet --timeout 60s,2,4/24/2026,16:27:38,2.715,7.55,9.85
stress-ng --cpu 1 --cpu-load 8 --quiet --timeout 60s,2,4/24/2026,16:27:39,3.45,7.55,9.85
stress-ng --cpu 1 --cpu-load 8 --quiet --timeout 60s,2,4/24/2026,16:27:40,2.73,7.55,9.88
stress-ng --cpu 1 --cpu-load 8 --quiet --timeout 60s,2,4/24/2026,16:27:41,2.73,7.55,10.39
stress-ng --cpu 1 --cpu-load 8 --quiet --timeout 60s,2,4/24/2026,16:27:42,3.7,7.55,10.39
stress-ng --cpu 1 --cpu-load 8 --quiet --timeout 60s,2,4/24/2026,16:27:43,2.45,7.55,9.75
stress-ng --cpu 1 --cpu-load 12 --quiet --timeout 60s,3,4/24/2026,2:42:09,1.47,6.58,9.31
stress-ng --cpu 1 --cpu-load 12 --quiet --timeout 60s,3,4/24/2026,2:42:10,3.69,6.61,9.31
stress-ng --cpu 1 --cpu-load 12 --quiet --timeout 60s,3,4/24/2026,2:42:11,4.47,6.61,10.76
stress-ng --cpu 1 --cpu-load 12 --quiet --timeout 60s,3,4/24/2026,2:42:12,3.2,6.61,10.76
stress-ng --cpu 1 --cpu-load 12 --quiet --timeout 60s,3,4/24/2026,2:42:13,4.19,6.61,10.76
stress-ng --cpu 1 --cpu-load 12 --quiet --timeout 60s,3,4/24/2026,2:42:14,3.95,6.61,10.18
stress-ng --cpu 1 --cpu-load 12 --quiet --timeout 60s,3,4/24/2026,2:42:15,5.66,6.61,10.05
stress-ng --cpu 1 --cpu-load 12 --quiet --timeout 60s,3,4/24/2026,2:42:16,3.74,6.61,10.05
stress-ng --cpu 1 --cpu-load 12 --quiet --timeout 60s,3,4/24/2026,2:42:17,2.48,6.61,10.51
stress-ng --cpu 1 --cpu-load 12 --quiet --timeout 60s,3,4/24/2026,2:42:18,4.69,6.61,10.32
stress-ng --cpu 1 --cpu-load 12 --quiet --timeout 60s,3,4/24/2026,2:42:19,3.69,6.61,10.32
stress-ng --cpu 1 --cpu-load 12 --quiet --timeout 60s,3,4/24/2026,2:42:20,3.94,6.61,10.43
stress-ng --cpu 1 --cpu-load 12 --quiet --timeout 60s,3,4/24/2026,2:42:21,4.18,6.61,10.43
stress-ng --cpu 1 --cpu-load 12 --quiet --timeout 60s,3,4/24/2026,2:42:22,4.66,6.61,11.13
stress-ng --cpu 1 --cpu-load 12 --quiet --timeout 60s,3,4/24/2026,2:42:23,4.16,6.61,9.98
stress-ng --cpu 1 --cpu-load 12 --quiet --timeout 60s,3,4/24/2026,2:42:24,3.92,6.61,9.98
stress-ng --cpu 1 --cpu-load 12 --quiet --timeout 60s,3,4/24/2026,2:42:25,4.43,6.61,10.29
stress-ng --cpu 1 --cpu-load 12 --quiet --timeout 60s,3,4/24/2026,2:42:26,4.67,6.61,10.58
stress-ng --cpu 1 --cpu-load 12 --quiet --timeout 60s,3,4/24/2026,2:42:27,3.69,6.61,10.58
stress-ng --cpu 1 --cpu-load 12 --quiet --timeout 60s,3,4/24/2026,2:42:28,4.17,6.61,10.22
stress-ng --cpu 1 --cpu-load 12 --quiet --timeout 60s,3,4/24/2026,2:42:29,4.65,6.61,10.62
stress-ng --cpu 1 --cpu-load 12 --quiet --timeout 60s,3,4/24/2026,2:42:30,4.44,6.61,10.62
stress-ng --cpu 1 --cpu-load 12 --quiet --timeout 60s,3,4/24/2026,2:42:31,5.4,6.61,10.31
stress-ng --cpu 1 --cpu-load 12 --quiet --timeout 60s,3,4/24/2026,2:42:32,3.48,6.61,10.15
stress-ng --cpu 1 --cpu-load 12 --quiet --timeout 60s,3,4/24/2026,2:42:33,3.46,6.61,10.15
stress-ng --cpu 1 --cpu-load 12 --quiet --timeout 60s,3,4/24/2026,2:42:34,3.93,6.61,10.31
stress-ng --cpu 1 --cpu-load 12 --quiet --timeout 60s,3,4/24/2026,2:42:35,4.17,6.61,10.99
stress-ng --cpu 1 --cpu-load 12 --quiet --timeout 60s,3,4/24/2026,2:42:36,4.66,6.61,10.99
stress-ng --cpu 1 --cpu-load 12 --quiet --timeout 60s,3,4/24/2026,2:42:37,3.22,6.61,10.56
stress-ng --cpu 1 --cpu-load 12 --quiet --timeout 60s,3,4/24/2026,2:42:38,4.43,6.61,9.96
stress-ng --cpu 1 --cpu-load 12 --quiet --timeout 60s,3,4/24/2026,2:42:39,5.17,6.61,9.96
stress-ng --cpu 1 --cpu-load 12 --quiet --timeout 60s,3,4/24/2026,2:42:40,3.96,6.61,11.02
stress-ng --cpu 1 --cpu-load 12 --quiet --timeout 60s,3,4/24/2026,2:42:41,3.67,6.61,10.44
stress-ng --cpu 1 --cpu-load 12 --quiet --timeout 60s,3,4/24/2026,2:42:42,4.42,6.61,10.44
stress-ng --cpu 1 --cpu-load 12 --quiet --timeout 60s,3,4/24/2026,2:42:43,4.23,6.61,10.82
stress-ng --cpu 1 --cpu-load 12 --quiet --timeout 60s,3,4/24/2026,2:42:44,3.47,6.61,10.35
stress-ng --cpu 1 --cpu-load 12 --quiet --timeout 60s,3,4/24/2026,2:42:45,3.69,6.61,10.35
stress-ng --cpu 1 --cpu-load 12 --quiet --timeout 60s,3,4/24/2026,2:42:46,4.93,6.61,10.17
stress-ng --cpu 1 --cpu-load 12 --quiet --timeout 60s,3,4/24/2026,2:42:47,3.68,6.61,10.45
stress-ng --cpu 1 --cpu-load 12 --quiet --timeout 60s,3,4/24/2026,2:42:48,3.94,6.61,10.45
stress-ng --cpu 1 --cpu-load 12 --quiet --timeout 60s,3,4/24/2026,2:42:49,4.43,6.61,10.22
stress-ng --cpu 1 --cpu-load 12 --quiet --timeout 60s,3,4/24/2026,2:42:50,3.69,6.61,10.51
stress-ng --cpu 1 --cpu-load 12 --quiet --timeout 60s,3,4/24/2026,2:42:51,3.69,6.61,10.51
stress-ng --cpu 1 --cpu-load 12 --quiet --timeout 60s,3,4/24/2026,2:42:52,4.92,6.61,10.5
stress-ng --cpu 1 --cpu-load 12 --quiet --timeout 60s,3,4/24/2026,2:42:53,3.43,6.61,10.62
stress-ng --cpu 1 --cpu-load 12 --quiet --timeout 60s,3,4/24/2026,2:42:54,4.92,6.61,10.62
stress-ng --cpu 1 --cpu-load 12 --quiet --timeout 60s,3,4/24/2026,2:42:55,4.47,6.61,10.08
stress-ng --cpu 1 --cpu-load 12 --quiet --timeout 60s,3,4/24/2026,2:42:56,3.69,6.61,10.59
stress-ng --cpu 1 --cpu-load 12 --quiet --timeout 60s,3,4/24/2026,2:42:57,3.44,6.61,10.59
stress-ng --cpu 1 --cpu-load 12 --quiet --timeout 60s,3,4/24/2026,2:42:58,4.65,6.61,10.21
stress-ng --cpu 1 --cpu-load 12 --quiet --timeout 60s,3,4/24/2026,2:42:59,4.92,6.61,10.67
stress-ng --cpu 1 --cpu-load 12 --quiet --timeout 60s,3,4/24/2026,2:43:00,4.23,6.61,10.67
stress-ng --cpu 1 --cpu-load 12 --quiet --timeout 60s,3,4/24/2026,2:43:01,3.21,6.61,10.17
stress-ng --cpu 1 --cpu-load 12 --quiet --timeout 60s,3,4/24/2026,2:43:02,3.92,6.61,10.15
stress-ng --cpu 1 --cpu-load 12 --quiet --timeout 60s,3,4/24/2026,2:43:03,4.045,6.61,10.15
stress-ng --cpu 1 --cpu-load 12 --quiet --timeout 60s,3,4/24/2026,2:43:04,4.17,6.61,10.45
stress-ng --cpu 1 --cpu-load 12 --quiet --timeout 60s,3,4/24/2026,2:43:05,4.9,6.61,10.86
stress-ng --cpu 1 --cpu-load 12 --quiet --timeout 60s,3,4/24/2026,2:43:06,4.66,6.61,10.86
stress-ng --cpu 1 --cpu-load 12 --quiet --timeout 60s,3,4/24/2026,2:43:07,3.19,6.61,9.97
stress-ng --cpu 1 --cpu-load 12 --quiet --timeout 60s,3,4/24/2026,2:43:08,5.41,6.61,10.4
stress-ng --cpu 1 --cpu-load 12 --quiet --timeout 60s,3,4/24/2026,2:43:09,3.48,6.61,10.4
stress-ng --cpu 1 --cpu-load 12 --quiet --timeout 60s,3,4/24/2026,5:52:17,4.66,7.01,9.19
stress-ng --cpu 1 --cpu-load 12 --quiet --timeout 60s,3,4/24/2026,5:52:18,3.92,7.01,9.19
stress-ng --cpu 1 --cpu-load 12 --quiet --timeout 60s,3,4/24/2026,5:52:19,3.94,7.01,10.45
stress-ng --cpu 1 --cpu-load 12 --quiet --timeout 60s,3,4/24/2026,5:52:20,5.15,7.01,10.45
stress-ng --cpu 1 --cpu-load 12 --quiet --timeout 60s,3,4/24/2026,5:52:21,3.73,7.01,10.45
stress-ng --cpu 1 --cpu-load 12 --quiet --timeout 60s,3,4/24/2026,5:52:22,3.67,7.01,9.95
stress-ng --cpu 1 --cpu-load 12 --quiet --timeout 60s,3,4/24/2026,5:52:23,3.69,7.01,10.36
stress-ng --cpu 1 --cpu-load 12 --quiet --timeout 60s,3,4/24/2026,5:52:24,4.42,7.01,10.36
stress-ng --cpu 1 --cpu-load 12 --quiet --timeout 60s,3,4/24/2026,5:52:25,3.48,7.01,10.6
stress-ng --cpu 1 --cpu-load 12 --quiet --timeout 60s,3,4/24/2026,5:52:26,3.92,7.01,10.1
stress-ng --cpu 1 --cpu-load 12 --quiet --timeout 60s,3,4/24/2026,5:52:27,4.17,7.01,10.1
stress-ng --cpu 1 --cpu-load 12 --quiet --timeout 60s,3,4/24/2026,5:52:28,4.19,7.01,10.07
stress-ng --cpu 1 --cpu-load 12 --quiet --timeout 60s,3,4/24/2026,5:52:29,4.4,7.01,10.55
stress-ng --cpu 1 --cpu-load 12 --quiet --timeout 60s,3,4/24/2026,5:52:30,4.43,7.01,10.55
stress-ng --cpu 1 --cpu-load 12 --quiet --timeout 60s,3,4/24/2026,5:52:31,4.175,7.01,10.48
stress-ng --cpu 1 --cpu-load 12 --quiet --timeout 60s,3,4/24/2026,5:52:32,3.92,7.01,10.29
stress-ng --cpu 1 --cpu-load 12 --quiet --timeout 60s,3,4/24/2026,5:52:33,4.9,7.01,10.29
stress-ng --cpu 1 --cpu-load 12 --quiet --timeout 60s,3,4/24/2026,5:52:34,3.43,7.01,10.37
stress-ng --cpu 1 --cpu-load 12 --quiet --timeout 60s,3,4/24/2026,5:52:35,4.16,7.01,10.56
stress-ng --cpu 1 --cpu-load 12 --quiet --timeout 60s,3,4/24/2026,5:52:36,4.43,7.02,10.56
stress-ng --cpu 1 --cpu-load 12 --quiet --timeout 60s,3,4/24/2026,5:52:37,3.47,7.02,10.46
stress-ng --cpu 1 --cpu-load 12 --quiet --timeout 60s,3,4/24/2026,5:52:38,4.69,7.02,10.26
stress-ng --cpu 1 --cpu-load 12 --quiet --timeout 60s,3,4/24/2026,5:52:39,4.21,7.02,10.26
stress-ng --cpu 1 --cpu-load 12 --quiet --timeout 60s,3,4/24/2026,5:52:40,3.22,7.01,10.2
stress-ng --cpu 1 --cpu-load 12 --quiet --timeout 60s,3,4/24/2026,5:52:41,4.16,7.01,10.3
stress-ng --cpu 1 --cpu-load 12 --quiet --timeout 60s,3,4/24/2026,5:52:42,3.44,7.02,10.3
stress-ng --cpu 1 --cpu-load 12 --quiet --timeout 60s,3,4/24/2026,5:52:43,4.93,7.02,10.41
stress-ng --cpu 1 --cpu-load 12 --quiet --timeout 60s,3,4/24/2026,5:52:44,3.46,7.02,9.89
stress-ng --cpu 1 --cpu-load 12 --quiet --timeout 60s,3,4/24/2026,5:52:45,4.67,7.02,9.89
stress-ng --cpu 1 --cpu-load 12 --quiet --timeout 60s,3,4/24/2026,5:52:46,4.2,7.02,10.76
stress-ng --cpu 1 --cpu-load 12 --quiet --timeout 60s,3,4/24/2026,5:52:47,3.95,7.02,9.97
stress-ng --cpu 1 --cpu-load 12 --quiet --timeout 60s,3,4/24/2026,5:52:48,3.2,7.01,9.97
stress-ng --cpu 1 --cpu-load 12 --quiet --timeout 60s,3,4/24/2026,5:52:49,3.68,7.01,10.26
stress-ng --cpu 1 --cpu-load 12 --quiet --timeout 60s,3,4/24/2026,5:52:50,4.7,7.01,11.02
stress-ng --cpu 1 --cpu-load 12 --quiet --timeout 60s,3,4/24/2026,5:52:51,4.46,7.01,11.02
stress-ng --cpu 1 --cpu-load 12 --quiet --timeout 60s,3,4/24/2026,5:52:52,5.4,7.01,10.41
stress-ng --cpu 1 --cpu-load 12 --quiet --timeout 60s,3,4/24/2026,5:52:53,3.48,7.01,10.09
stress-ng --cpu 1 --cpu-load 12 --quiet --timeout 60s,3,4/24/2026,5:52:54,3.93,7.01,10.09
stress-ng --cpu 1 --cpu-load 12 --quiet --timeout 60s,3,4/24/2026,5:52:55,4.39,7.01,10.6
stress-ng --cpu 1 --cpu-load 12 --quiet --timeout 60s,3,4/24/2026,5:52:56,3.97,7.01,10.19
stress-ng --cpu 1 --cpu-load 12 --quiet --timeout 60s,3,4/24/2026,5:52:57,3.48,7.01,10.19
stress-ng --cpu 1 --cpu-load 12 --quiet --timeout 60s,3,4/24/2026,5:52:58,3.95,7.01,10.1
stress-ng --cpu 1 --cpu-load 12 --quiet --timeout 60s,3,4/24/2026,5:52:59,3.43,7.01,9.75
stress-ng --cpu 1 --cpu-load 12 --quiet --timeout 60s,3,4/24/2026,5:53:00,4.43,7.01,9.75
stress-ng --cpu 1 --cpu-load 12 --quiet --timeout 60s,3,4/24/2026,5:53:01,5.17,7.01,11.13
stress-ng --cpu 1 --cpu-load 12 --quiet --timeout 60s,3,4/24/2026,5:53:02,3.69,7.01,10.15
stress-ng --cpu 1 --cpu-load 12 --quiet --timeout 60s,3,4/24/2026,5:53:03,4.46,7.01,10.15
stress-ng --cpu 1 --cpu-load 12 --quiet --timeout 60s,3,4/24/2026,5:53:04,3.47,7.01,10.31
stress-ng --cpu 1 --cpu-load 12 --quiet --timeout 60s,3,4/24/2026,5:53:05,4.95,7.01,10.51
stress-ng --cpu 1 --cpu-load 12 --quiet --timeout 60s,3,4/24/2026,5:53:06,4.43,7.01,10.51
stress-ng --cpu 1 --cpu-load 12 --quiet --timeout 60s,3,4/24/2026,5:53:07,4.14,7.01,10.47
stress-ng --cpu 1 --cpu-load 12 --quiet --timeout 60s,3,4/24/2026,5:53:08,4.92,7.01,10.13
stress-ng --cpu 1 --cpu-load 12 --quiet --timeout 60s,3,4/24/2026,5:53:09,3.22,7.01,10.13
stress-ng --cpu 1 --cpu-load 12 --quiet --timeout 60s,3,4/24/2026,5:53:10,4.66,7.01,10.43
stress-ng --cpu 1 --cpu-load 12 --quiet --timeout 60s,3,4/24/2026,5:53:11,3.43,7.01,10.03
stress-ng --cpu 1 --cpu-load 12 --quiet --timeout 60s,3,4/24/2026,5:53:12,4.42,7.01,10.27
stress-ng --cpu 1 --cpu-load 12 --quiet --timeout 60s,3,4/24/2026,5:53:13,4.9,7.01,10.02
stress-ng --cpu 1 --cpu-load 12 --quiet --timeout 60s,3,4/24/2026,5:53:14,3.43,7.02,10.02
stress-ng --cpu 1 --cpu-load 12 --quiet --timeout 60s,3,4/24/2026,5:53:15,3.93,7.02,10.47
stress-ng --cpu 1 --cpu-load 12 --quiet --timeout 60s,3,4/24/2026,5:53:16,4.91,7.02,10.15
stress-ng --cpu 1 --cpu-load 12 --quiet --timeout 60s,3,4/24/2026,5:53:17,3.72,6.99,10.15
stress-ng --cpu 1 --cpu-load 12 --quiet --timeout 60s,3,4/24/2026,13:40:36,1.22,7.52,9.05
stress-ng --cpu 1 --cpu-load 12 --quiet --timeout 60s,3,4/24/2026,13:40:37,4.67,7.55,9.05
stress-ng --cpu 1 --cpu-load 12 --quiet --timeout 60s,3,4/24/2026,13:40:38,4.15,7.55,10.87
stress-ng --cpu 1 --cpu-load 12 --quiet --timeout 60s,3,4/24/2026,13:40:39,4.41,7.55,10.87
stress-ng --cpu 1 --cpu-load 12 --quiet --timeout 60s,3,4/24/2026,13:40:40,5.17,7.55,10.87
stress-ng --cpu 1 --cpu-load 12 --quiet --timeout 60s,3,4/24/2026,13:40:41,3.47,7.55,11.02
stress-ng --cpu 1 --cpu-load 12 --quiet --timeout 60s,3,4/24/2026,13:40:42,4.14,7.55,10.14
stress-ng --cpu 1 --cpu-load 12 --quiet --timeout 60s,3,4/24/2026,13:40:43,3.94,7.55,10.14
stress-ng --cpu 1 --cpu-load 12 --quiet --timeout 60s,3,4/24/2026,13:40:44,4.19,7.55,10.22
stress-ng --cpu 1 --cpu-load 12 --quiet --timeout 60s,3,4/24/2026,13:40:45,3.71,7.55,10.03
stress-ng --cpu 1 --cpu-load 12 --quiet --timeout 60s,3,4/24/2026,13:40:46,4.14,7.55,10.03
stress-ng --cpu 1 --cpu-load 12 --quiet --timeout 60s,3,4/24/2026,13:40:47,4.42,7.55,10.03
stress-ng --cpu 1 --cpu-load 12 --quiet --timeout 60s,3,4/24/2026,13:40:48,3.95,7.55,9.88
stress-ng --cpu 1 --cpu-load 12 --quiet --timeout 60s,3,4/24/2026,13:40:49,4.39,7.55,9.88
stress-ng --cpu 1 --cpu-load 12 --quiet --timeout 60s,3,4/24/2026,13:40:50,3.94,7.55,10.45
stress-ng --cpu 1 --cpu-load 12 --quiet --timeout 60s,3,4/24/2026,13:40:51,4.47,7.54,10.06
stress-ng --cpu 1 --cpu-load 12 --quiet --timeout 60s,3,4/24/2026,13:40:52,3.71,7.54,10.06
stress-ng --cpu 1 --cpu-load 12 --quiet --timeout 60s,3,4/24/2026,13:40:53,3.93,7.54,10.17
stress-ng --cpu 1 --cpu-load 12 --quiet --timeout 60s,3,4/24/2026,13:40:54,4.64,7.54,10.24
stress-ng --cpu 1 --cpu-load 12 --quiet --timeout 60s,3,4/24/2026,13:40:55,4.2,7.54,10.24
stress-ng --cpu 1 --cpu-load 12 --quiet --timeout 60s,3,4/24/2026,13:40:56,4.66,7.54,10.58
stress-ng --cpu 1 --cpu-load 12 --quiet --timeout 60s,3,4/24/2026,13:40:57,3.93,7.54,10.21
stress-ng --cpu 1 --cpu-load 12 --quiet --timeout 60s,3,4/24/2026,13:40:58,3.43,7.54,10.21
stress-ng --cpu 1 --cpu-load 12 --quiet --timeout 60s,3,4/24/2026,13:40:59,4.43,7.54,10.07
stress-ng --cpu 1 --cpu-load 12 --quiet --timeout 60s,3,4/24/2026,13:41:00,3.96,7.54,10.39
stress-ng --cpu 1 --cpu-load 12 --quiet --timeout 60s,3,4/24/2026,13:41:01,5.4,7.54,10.39
stress-ng --cpu 1 --cpu-load 12 --quiet --timeout 60s,3,4/24/2026,13:41:02,3.92,7.54,10.03
stress-ng --cpu 1 --cpu-load 12 --quiet --timeout 60s,3,4/24/2026,13:41:03,3.2,7.54,10.11
stress-ng --cpu 1 --cpu-load 12 --quiet --timeout 60s,3,4/24/2026,13:41:04,4.16,7.54,10.11
stress-ng --cpu 1 --cpu-load 12 --quiet --timeout 60s,3,4/24/2026,13:41:05,4.46,7.54,10.48
stress-ng --cpu 1 --cpu-load 12 --quiet --timeout 60s,3,4/24/2026,13:41:06,3.95,7.54,10.28
stress-ng --cpu 1 --cpu-load 12 --quiet --timeout 60s,3,4/24/2026,13:41:07,4.69,7.54,10.28
stress-ng --cpu 1 --cpu-load 12 --quiet --timeout 60s,3,4/24/2026,13:41:08,3.99,7.54,9.97
stress-ng --cpu 1 --cpu-load 12 --quiet --timeout 60s,3,4/24/2026,13:41:09,3.94,7.54,11.35
stress-ng --cpu 1 --cpu-load 12 --quiet --timeout 60s,3,4/24/2026,13:41:10,3.71,7.54,11.35
stress-ng --cpu 1 --cpu-load 12 --quiet --timeout 60s,3,4/24/2026,13:41:11,3.22,7.54,10.48
stress-ng --cpu 1 --cpu-load 12 --quiet --timeout 60s,3,4/24/2026,13:41:12,5.65,7.54,10.41
stress-ng --cpu 1 --cpu-load 12 --quiet --timeout 60s,3,4/24/2026,13:41:13,3.47,7.54,10.41
stress-ng --cpu 1 --cpu-load 12 --quiet --timeout 60s,3,4/24/2026,13:41:14,3.94,7.54,10.27
stress-ng --cpu 1 --cpu-load 12 --quiet --timeout 60s,3,4/24/2026,13:41:15,3.685,7.54,10.26
stress-ng --cpu 1 --cpu-load 12 --quiet --timeout 60s,3,4/24/2026,13:41:16,3.43,7.54,10.26
stress-ng --cpu 1 --cpu-load 12 --quiet --timeout 60s,3,4/24/2026,13:41:17,3.93,7.54,10.09
stress-ng --cpu 1 --cpu-load 12 --quiet --timeout 60s,3,4/24/2026,13:41:18,4.41,7.54,9.91
stress-ng --cpu 1 --cpu-load 12 --quiet --timeout 60s,3,4/24/2026,13:41:19,5.39,7.54,9.91
stress-ng --cpu 1 --cpu-load 12 --quiet --timeout 60s,3,4/24/2026,13:41:20,3.44,7.55,10.88
stress-ng --cpu 1 --cpu-load 12 --quiet --timeout 60s,3,4/24/2026,13:41:21,3.91,7.55,10
stress-ng --cpu 1 --cpu-load 12 --quiet --timeout 60s,3,4/24/2026,13:41:22,5.67,7.55,10
stress-ng --cpu 1 --cpu-load 12 --quiet --timeout 60s,3,4/24/2026,13:41:23,3.47,7.55,10
stress-ng --cpu 1 --cpu-load 12 --quiet --timeout 60s,3,4/24/2026,13:41:24,4.14,7.55,10.24
stress-ng --cpu 1 --cpu-load 12 --quiet --timeout 60s,3,4/24/2026,13:41:25,3.45,7.55,10.24
stress-ng --cpu 1 --cpu-load 12 --quiet --timeout 60s,3,4/24/2026,13:41:26,4.4,7.55,10.35
stress-ng --cpu 1 --cpu-load 12 --quiet --timeout 60s,3,4/24/2026,13:41:27,4.7,7.55,10.09
stress-ng --cpu 1 --cpu-load 12 --quiet --timeout 60s,3,4/24/2026,13:41:28,3.69,7.55,10.09
stress-ng --cpu 1 --cpu-load 12 --quiet --timeout 60s,3,4/24/2026,13:41:29,4.16,7.55,10.32
stress-ng --cpu 1 --cpu-load 12 --quiet --timeout 60s,3,4/24/2026,13:41:30,4.44,7.55,10.18
stress-ng --cpu 1 --cpu-load 12 --quiet --timeout 60s,3,4/24/2026,13:41:31,4.21,7.55,10.18
stress-ng --cpu 1 --cpu-load 12 --quiet --timeout 60s,3,4/24/2026,13:41:32,3.45,7.55,10.18
stress-ng --cpu 1 --cpu-load 12 --quiet --timeout 60s,3,4/24/2026,13:41:33,4.15,7.55,10.03
stress-ng --cpu 1 --cpu-load 12 --quiet --timeout 60s,3,4/24/2026,13:41:34,4.95,7.55,10.03
stress-ng --cpu 1 --cpu-load 12 --quiet --timeout 60s,3,4/24/2026,13:41:35,2.96,7.55,10.5
stress-ng --cpu 1 --cpu-load 12 --quiet --timeout 60s,3,4/24/2026,13:41:36,5.65,7.55,10.14
stress-ng --cpu 1 --cpu-load 16 --quiet --timeout 60s,4,4/23/2026,20:41:57,1.46,6.56,9.37
stress-ng --cpu 1 --cpu-load 16 --quiet --timeout 60s,4,4/23/2026,20:41:58,6.65,6.59,8.94
stress-ng --cpu 1 --cpu-load 16 --quiet --timeout 60s,4,4/23/2026,20:41:59,3.73,6.59,10.4
stress-ng --cpu 1 --cpu-load 16 --quiet --timeout 60s,4,4/23/2026,20:42:00,5.65,6.59,10.4
stress-ng --cpu 1 --cpu-load 16 --quiet --timeout 60s,4,4/23/2026,20:42:01,5.14,6.59,11.05
stress-ng --cpu 1 --cpu-load 16 --quiet --timeout 60s,4,4/23/2026,20:42:02,6.11,6.59,11.05
stress-ng --cpu 1 --cpu-load 16 --quiet --timeout 60s,4,4/23/2026,20:42:03,6.43,6.59,11.05
stress-ng --cpu 1 --cpu-load 16 --quiet --timeout 60s,4,4/23/2026,20:42:04,3.21,6.59,10.3
stress-ng --cpu 1 --cpu-load 16 --quiet --timeout 60s,4,4/23/2026,20:42:05,4.9,6.59,10.3
stress-ng --cpu 1 --cpu-load 16 --quiet --timeout 60s,4,4/23/2026,20:42:06,6.61,6.59,11.01
stress-ng --cpu 1 --cpu-load 16 --quiet --timeout 60s,4,4/23/2026,20:42:07,4.23,6.58,10.3
stress-ng --cpu 1 --cpu-load 16 --quiet --timeout 60s,4,4/23/2026,20:42:08,4.97,6.59,10.3
stress-ng --cpu 1 --cpu-load 16 --quiet --timeout 60s,4,4/23/2026,20:42:09,4.2,6.59,10.67
stress-ng --cpu 1 --cpu-load 16 --quiet --timeout 60s,4,4/23/2026,20:42:10,5.91,6.59,10.51
stress-ng --cpu 1 --cpu-load 16 --quiet --timeout 60s,4,4/23/2026,20:42:11,4.67,6.59,10.51
stress-ng --cpu 1 --cpu-load 16 --quiet --timeout 60s,4,4/23/2026,20:42:12,5.18,6.59,10.39
stress-ng --cpu 1 --cpu-load 16 --quiet --timeout 60s,4,4/23/2026,20:42:13,5.39,6.59,10.21
stress-ng --cpu 1 --cpu-load 16 --quiet --timeout 60s,4,4/23/2026,20:42:14,4.69,6.59,10.21
stress-ng --cpu 1 --cpu-load 16 --quiet --timeout 60s,4,4/23/2026,20:42:15,4.95,6.59,10.54
stress-ng --cpu 1 --cpu-load 16 --quiet --timeout 60s,4,4/23/2026,20:42:16,4.69,6.59,10.41
stress-ng --cpu 1 --cpu-load 16 --quiet --timeout 60s,4,4/23/2026,20:42:17,5.14,6.59,10.41
stress-ng --cpu 1 --cpu-load 16 --quiet --timeout 60s,4,4/23/2026,20:42:18,4.88,6.59,10.31
stress-ng --cpu 1 --cpu-load 16 --quiet --timeout 60s,4,4/23/2026,20:42:19,5.17,6.59,10.43
stress-ng --cpu 1 --cpu-load 16 --quiet --timeout 60s,4,4/23/2026,20:42:20,6.61,6.59,10.43
stress-ng --cpu 1 --cpu-load 16 --quiet --timeout 60s,4,4/23/2026,20:42:21,4.43,6.59,10.59
stress-ng --cpu 1 --cpu-load 16 --quiet --timeout 60s,4,4/23/2026,20:42:22,5.85,6.59,11.06
stress-ng --cpu 1 --cpu-load 16 --quiet --timeout 60s,4,4/23/2026,20:42:23,4.91,6.59,11.06
stress-ng --cpu 1 --cpu-load 16 --quiet --timeout 60s,4,4/23/2026,20:42:24,5.14,6.59,10.56
stress-ng --cpu 1 --cpu-load 16 --quiet --timeout 60s,4,4/23/2026,20:42:25,4.65,6.59,10.7
stress-ng --cpu 1 --cpu-load 16 --quiet --timeout 60s,4,4/23/2026,20:42:26,5.94,6.59,10.7
stress-ng --cpu 1 --cpu-load 16 --quiet --timeout 60s,4,4/23/2026,20:42:27,4.93,6.59,10.42
stress-ng --cpu 1 --cpu-load 16 --quiet --timeout 60s,4,4/23/2026,20:42:28,4.92,6.59,10.5
stress-ng --cpu 1 --cpu-load 16 --quiet --timeout 60s,4,4/23/2026,20:42:29,5.19,6.59,10.5
stress-ng --cpu 1 --cpu-load 16 --quiet --timeout 60s,4,4/23/2026,20:42:30,5.39,6.59,10.74
stress-ng --cpu 1 --cpu-load 16 --quiet --timeout 60s,4,4/23/2026,20:42:31,4.7,6.59,10.61
stress-ng --cpu 1 --cpu-load 16 --quiet --timeout 60s,4,4/23/2026,20:42:32,4.96,6.59,10.61
stress-ng --cpu 1 --cpu-load 16 --quiet --timeout 60s,4,4/23/2026,20:42:33,4.47,6.59,10.89
stress-ng --cpu 1 --cpu-load 16 --quiet --timeout 60s,4,4/23/2026,20:42:34,5.21,6.59,10.45
stress-ng --cpu 1 --cpu-load 16 --quiet --timeout 60s,4,4/23/2026,20:42:35,4.42,6.59,10.45
stress-ng --cpu 1 --cpu-load 16 --quiet --timeout 60s,4,4/23/2026,20:42:36,4.96,6.59,11.15
stress-ng --cpu 1 --cpu-load 16 --quiet --timeout 60s,4,4/23/2026,20:42:37,5.14,6.59,10.65
stress-ng --cpu 1 --cpu-load 16 --quiet --timeout 60s,4,4/23/2026,20:42:38,5.15,6.59,10.65
stress-ng --cpu 1 --cpu-load 16 --quiet --timeout 60s,4,4/23/2026,20:42:39,5.39,6.58,10.37
stress-ng --cpu 1 --cpu-load 16 --quiet --timeout 60s,4,4/23/2026,20:42:40,4.91,6.58,11.27
stress-ng --cpu 1 --cpu-load 16 --quiet --timeout 60s,4,4/23/2026,20:42:41,5.18,6.58,11.27
stress-ng --cpu 1 --cpu-load 16 --quiet --timeout 60s,4,4/23/2026,20:42:42,5.91,6.58,10.42
stress-ng --cpu 1 --cpu-load 16 --quiet --timeout 60s,4,4/23/2026,20:42:43,3.48,6.58,10.24
stress-ng --cpu 1 --cpu-load 16 --quiet --timeout 60s,4,4/23/2026,20:42:44,5.88,6.58,10.24
stress-ng --cpu 1 --cpu-load 16 --quiet --timeout 60s,4,4/23/2026,20:42:45,4.65,6.58,10.42
stress-ng --cpu 1 --cpu-load 16 --quiet --timeout 60s,4,4/23/2026,20:42:46,6.15,6.58,10.83
stress-ng --cpu 1 --cpu-load 16 --quiet --timeout 60s,4,4/23/2026,20:42:47,3.73,6.58,10.83
stress-ng --cpu 1 --cpu-load 16 --quiet --timeout 60s,4,4/23/2026,20:42:48,5.97,6.58,10.65
stress-ng --cpu 1 --cpu-load 16 --quiet --timeout 60s,4,4/23/2026,20:42:49,3.72,6.58,10.62
stress-ng --cpu 1 --cpu-load 16 --quiet --timeout 60s,4,4/23/2026,20:42:50,4.9,6.58,10.62
stress-ng --cpu 1 --cpu-load 16 --quiet --timeout 60s,4,4/23/2026,20:42:51,5.025,6.585,10.82
stress-ng --cpu 1 --cpu-load 16 --quiet --timeout 60s,4,4/23/2026,20:42:52,5.15,6.59,10.3
stress-ng --cpu 1 --cpu-load 16 --quiet --timeout 60s,4,4/23/2026,20:42:53,5.98,6.59,10.3
stress-ng --cpu 1 --cpu-load 16 --quiet --timeout 60s,4,4/23/2026,20:42:54,5,6.59,10.7
stress-ng --cpu 1 --cpu-load 16 --quiet --timeout 60s,4,4/23/2026,20:42:55,3.71,6.59,10.64
stress-ng --cpu 1 --cpu-load 16 --quiet --timeout 60s,4,4/23/2026,20:42:56,5.41,6.59,10.64
stress-ng --cpu 1 --cpu-load 16 --quiet --timeout 60s,4,4/23/2026,20:42:57,4.9,6.59,10.35
stress-ng --cpu 1 --cpu-load 16 --quiet --timeout 60s,4,4/24/2026,6:06:17,5.14,7.01,9.07
stress-ng --cpu 1 --cpu-load 16 --quiet --timeout 60s,4,4/24/2026,6:06:18,5.14,7.01,9.07
stress-ng --cpu 1 --cpu-load 16 --quiet --timeout 60s,4,4/24/2026,6:06:19,5.43,7.01,10.38
stress-ng --cpu 1 --cpu-load 16 --quiet --timeout 60s,4,4/24/2026,6:06:20,4.47,7.01,10.38
stress-ng --cpu 1 --cpu-load 16 --quiet --timeout 60s,4,4/24/2026,6:06:21,4.71,7.01,10.38
stress-ng --cpu 1 --cpu-load 16 --quiet --timeout 60s,4,4/24/2026,6:06:22,5.62,7.01,10.55
stress-ng --cpu 1 --cpu-load 16 --quiet --timeout 60s,4,4/24/2026,6:06:23,4.65,7.01,10.35
stress-ng --cpu 1 --cpu-load 16 --quiet --timeout 60s,4,4/24/2026,6:06:24,6.4,7.01,10.35
stress-ng --cpu 1 --cpu-load 16 --quiet --timeout 60s,4,4/24/2026,6:06:25,3.71,7.01,10.74
stress-ng --cpu 1 --cpu-load 16 --quiet --timeout 60s,4,4/24/2026,6:06:26,5.67,7.01,10.36
stress-ng --cpu 1 --cpu-load 16 --quiet --timeout 60s,4,4/24/2026,6:06:27,3.74,7.01,10.36
stress-ng --cpu 1 --cpu-load 16 --quiet --timeout 60s,4,4/24/2026,6:06:28,5.47,7.01,10.42
stress-ng --cpu 1 --cpu-load 16 --quiet --timeout 60s,4,4/24/2026,6:06:29,3.98,7.01,10.33
stress-ng --cpu 1 --cpu-load 16 --quiet --timeout 60s,4,4/24/2026,6:06:30,5.47,7.01,10.33
stress-ng --cpu 1 --cpu-load 16 --quiet --timeout 60s,4,4/24/2026,6:06:31,3.72,7.01,10.78
stress-ng --cpu 1 --cpu-load 16 --quiet --timeout 60s,4,4/24/2026,6:06:32,5.66,7.01,10.34
stress-ng --cpu 1 --cpu-load 16 --quiet --timeout 60s,4,4/24/2026,6:06:33,3.98,7.01,10.34
stress-ng --cpu 1 --cpu-load 16 --quiet --timeout 60s,4,4/24/2026,6:06:34,5.47,7.01,10.75
stress-ng --cpu 1 --cpu-load 16 --quiet --timeout 60s,4,4/24/2026,6:06:35,3.75,7.01,10.59
stress-ng --cpu 1 --cpu-load 16 --quiet --timeout 60s,4,4/24/2026,6:06:36,5.45,7,10.59
stress-ng --cpu 1 --cpu-load 16 --quiet --timeout 60s,4,4/24/2026,6:06:37,3.46,7,10.68
stress-ng --cpu 1 --cpu-load 16 --quiet --timeout 60s,4,4/24/2026,6:06:38,5.67,7,10.24
stress-ng --cpu 1 --cpu-load 16 --quiet --timeout 60s,4,4/24/2026,6:06:39,5.22,7,10.24
stress-ng --cpu 1 --cpu-load 16 --quiet --timeout 60s,4,4/24/2026,6:06:40,4.22,7,10.69
stress-ng --cpu 1 --cpu-load 16 --quiet --timeout 60s,4,4/24/2026,6:06:41,4.97,7,10.61
stress-ng --cpu 1 --cpu-load 16 --quiet --timeout 60s,4,4/24/2026,6:06:42,5.7,7,10.61
stress-ng --cpu 1 --cpu-load 16 --quiet --timeout 60s,4,4/24/2026,6:06:43,3.48,7,10.56
stress-ng --cpu 1 --cpu-load 16 --quiet --timeout 60s,4,4/24/2026,6:06:44,5.47,7,10.32
stress-ng --cpu 1 --cpu-load 16 --quiet --timeout 60s,4,4/24/2026,6:06:45,4.97,7,10.32
stress-ng --cpu 1 --cpu-load 16 --quiet --timeout 60s,4,4/24/2026,6:06:46,3.72,7,10.81
stress-ng --cpu 1 --cpu-load 16 --quiet --timeout 60s,4,4/24/2026,6:06:47,5.21,7,10.38
stress-ng --cpu 1 --cpu-load 16 --quiet --timeout 60s,4,4/24/2026,6:06:48,5.19,7,10.38
stress-ng --cpu 1 --cpu-load 16 --quiet --timeout 60s,4,4/24/2026,6:06:49,4.7,7.01,10.4
stress-ng --cpu 1 --cpu-load 16 --quiet --timeout 60s,4,4/24/2026,6:06:50,4.93,7,11.04
stress-ng --cpu 1 --cpu-load 16 --quiet --timeout 60s,4,4/24/2026,6:06:51,4.43,7,11.04
stress-ng --cpu 1 --cpu-load 16 --quiet --timeout 60s,4,4/24/2026,6:06:52,5.41,7,10.55
stress-ng --cpu 1 --cpu-load 16 --quiet --timeout 60s,4,4/24/2026,6:06:53,4.41,7,10.49
stress-ng --cpu 1 --cpu-load 16 --quiet --timeout 60s,4,4/24/2026,6:06:54,5.17,7,10.49
stress-ng --cpu 1 --cpu-load 16 --quiet --timeout 60s,4,4/24/2026,6:06:55,4.91,7,10.8
stress-ng --cpu 1 --cpu-load 16 --quiet --timeout 60s,4,4/24/2026,6:06:56,5.62,7,10.22
stress-ng --cpu 1 --cpu-load 16 --quiet --timeout 60s,4,4/24/2026,6:06:57,4.42,7,10.22
stress-ng --cpu 1 --cpu-load 16 --quiet --timeout 60s,4,4/24/2026,6:06:58,6.14,6.99,10.37
stress-ng --cpu 1 --cpu-load 16 --quiet --timeout 60s,4,4/24/2026,6:06:59,4.21,6.99,10.43
stress-ng --cpu 1 --cpu-load 16 --quiet --timeout 60s,4,4/24/2026,6:07:00,5.73,6.99,10.43
stress-ng --cpu 1 --cpu-load 16 --quiet --timeout 60s,4,4/24/2026,6:07:01,3.72,6.99,10.71
stress-ng --cpu 1 --cpu-load 16 --quiet --timeout 60s,4,4/24/2026,6:07:02,5.37,6.99,10.39
stress-ng --cpu 1 --cpu-load 16 --quiet --timeout 60s,4,4/24/2026,6:07:03,5.39,6.99,10.39
stress-ng --cpu 1 --cpu-load 16 --quiet --timeout 60s,4,4/24/2026,6:07:04,4.91,6.99,10.18
stress-ng --cpu 1 --cpu-load 16 --quiet --timeout 60s,4,4/24/2026,6:07:05,6.37,6.99,10.97
stress-ng --cpu 1 --cpu-load 16 --quiet --timeout 60s,4,4/24/2026,6:07:06,4.69,6.99,10.97
stress-ng --cpu 1 --cpu-load 16 --quiet --timeout 60s,4,4/24/2026,6:07:07,5.21,6.99,10.53
stress-ng --cpu 1 --cpu-load 16 --quiet --timeout 60s,4,4/24/2026,6:07:08,4.67,6.99,10.57
stress-ng --cpu 1 --cpu-load 16 --quiet --timeout 60s,4,4/24/2026,6:07:09,5.44,6.99,10.57
stress-ng --cpu 1 --cpu-load 16 --quiet --timeout 60s,4,4/24/2026,6:07:10,4.91,6.99,10.66
stress-ng --cpu 1 --cpu-load 16 --quiet --timeout 60s,4,4/24/2026,6:07:11,5.41,6.99,10.84
stress-ng --cpu 1 --cpu-load 16 --quiet --timeout 60s,4,4/24/2026,6:07:12,4.9,6.99,10.84
stress-ng --cpu 1 --cpu-load 16 --quiet --timeout 60s,4,4/24/2026,6:07:13,5.91,6.99,10.56
stress-ng --cpu 1 --cpu-load 16 --quiet --timeout 60s,4,4/24/2026,6:07:14,4.46,6.99,10.48
stress-ng --cpu 1 --cpu-load 16 --quiet --timeout 60s,4,4/24/2026,6:07:15,5.48,6.99,10.48
stress-ng --cpu 1 --cpu-load 16 --quiet --timeout 60s,4,4/24/2026,6:07:16,3.71,6.99,10.53
stress-ng --cpu 1 --cpu-load 16 --quiet --timeout 60s,4,4/24/2026,6:07:17,5.97,6.99,10.68
stress-ng --cpu 1 --cpu-load 16 --quiet --timeout 60s,4,4/24/2026,18:32:48,5.65,7.54,9.07
stress-ng --cpu 1 --cpu-load 16 --quiet --timeout 60s,4,4/24/2026,18:32:49,5.04,7.54,10.55
stress-ng --cpu 1 --cpu-load 16 --quiet --timeout 60s,4,4/24/2026,18:32:50,4.43,7.54,10.55
stress-ng --cpu 1 --cpu-load 16 --quiet --timeout 60s,4,4/24/2026,18:32:51,4.91,7.54,10.38
stress-ng --cpu 1 --cpu-load 16 --quiet --timeout 60s,4,4/24/2026,18:32:52,4.9,7.54,10.65
stress-ng --cpu 1 --cpu-load 16 --quiet --timeout 60s,4,4/24/2026,18:32:53,4.91,7.54,10.65
stress-ng --cpu 1 --cpu-load 16 --quiet --timeout 60s,4,4/24/2026,18:32:54,5.66,7.54,10.51
stress-ng --cpu 1 --cpu-load 16 --quiet --timeout 60s,4,4/24/2026,18:32:55,4.97,7.54,10.46
stress-ng --cpu 1 --cpu-load 16 --quiet --timeout 60s,4,4/24/2026,18:32:56,3.47,7.54,10.46
stress-ng --cpu 1 --cpu-load 16 --quiet --timeout 60s,4,4/24/2026,18:32:57,4.65,7.54,10.3
stress-ng --cpu 1 --cpu-load 16 --quiet --timeout 60s,4,4/24/2026,18:32:58,5.66,7.55,10.94
stress-ng --cpu 1 --cpu-load 16 --quiet --timeout 60s,4,4/24/2026,18:32:59,4.97,7.55,10.94
stress-ng --cpu 1 --cpu-load 16 --quiet --timeout 60s,4,4/24/2026,18:33:00,5.4,7.55,10.43
stress-ng --cpu 1 --cpu-load 16 --quiet --timeout 60s,4,4/24/2026,18:33:01,4.66,7.54,10.55
stress-ng --cpu 1 --cpu-load 16 --quiet --timeout 60s,4,4/24/2026,18:33:02,5.17,7.55,10.55
stress-ng --cpu 1 --cpu-load 16 --quiet --timeout 60s,4,4/24/2026,18:33:03,5.4,7.54,10.7
stress-ng --cpu 1 --cpu-load 16 --quiet --timeout 60s,4,4/24/2026,18:33:04,4.41,7.54,10.71
stress-ng --cpu 1 --cpu-load 16 --quiet --timeout 60s,4,4/24/2026,18:33:05,5.65,7.54,10.71
stress-ng --cpu 1 --cpu-load 16 --quiet --timeout 60s,4,4/24/2026,18:33:06,4.18,7.54,10.37
stress-ng --cpu 1 --cpu-load 16 --quiet --timeout 60s,4,4/24/2026,18:33:07,5.4,7.54,10.48
stress-ng --cpu 1 --cpu-load 16 --quiet --timeout 60s,4,4/24/2026,18:33:08,6.38,7.54,10.48
stress-ng --cpu 1 --cpu-load 16 --quiet --timeout 60s,4,4/24/2026,18:33:09,3.74,7.54,10.9
stress-ng --cpu 1 --cpu-load 16 --quiet --timeout 60s,4,4/24/2026,18:33:10,6.21,7.54,10.42
stress-ng --cpu 1 --cpu-load 16 --quiet --timeout 60s,4,4/24/2026,18:33:11,3.22,7.54,10.42
stress-ng --cpu 1 --cpu-load 16 --quiet --timeout 60s,4,4/24/2026,18:33:12,6.15,7.54,10.54
stress-ng --cpu 1 --cpu-load 16 --quiet --timeout 60s,4,4/24/2026,18:33:13,4.22,7.54,10.52
stress-ng --cpu 1 --cpu-load 16 --quiet --timeout 60s,4,4/24/2026,18:33:14,4.97,7.54,10.52
stress-ng --cpu 1 --cpu-load 16 --quiet --timeout 60s,4,4/24/2026,18:33:15,5.22,7.53,10.44
stress-ng --cpu 1 --cpu-load 16 --quiet --timeout 60s,4,4/24/2026,18:33:16,4.48,7.53,10.62
stress-ng --cpu 1 --cpu-load 16 --quiet --timeout 60s,4,4/24/2026,18:33:17,4.2,7.53,10.62
stress-ng --cpu 1 --cpu-load 16 --quiet --timeout 60s,4,4/24/2026,18:33:18,5.21,7.53,10.21
stress-ng --cpu 1 --cpu-load 16 --quiet --timeout 60s,4,4/24/2026,18:33:19,4.69,7.53,11.48
stress-ng --cpu 1 --cpu-load 16 --quiet --timeout 60s,4,4/24/2026,18:33:20,4.93,7.53,11.48
stress-ng --cpu 1 --cpu-load 16 --quiet --timeout 60s,4,4/24/2026,18:33:21,5.67,7.53,10.42
stress-ng --cpu 1 --cpu-load 16 --quiet --timeout 60s,4,4/24/2026,18:33:22,3.98,7.53,10.56
stress-ng --cpu 1 --cpu-load 16 --quiet --timeout 60s,4,4/24/2026,18:33:23,4.97,7.53,10.56
stress-ng --cpu 1 --cpu-load 16 --quiet --timeout 60s,4,4/24/2026,18:33:24,4.69,7.53,10.7
stress-ng --cpu 1 --cpu-load 16 --quiet --timeout 60s,4,4/24/2026,18:33:25,5.22,7.53,10.49
stress-ng --cpu 1 --cpu-load 16 --quiet --timeout 60s,4,4/24/2026,18:33:26,3.95,7.53,10.49
stress-ng --cpu 1 --cpu-load 16 --quiet --timeout 60s,4,4/24/2026,18:33:27,5.22,7.53,10.21
stress-ng --cpu 1 --cpu-load 16 --quiet --timeout 60s,4,4/24/2026,18:33:28,5.47,7.53,10.45
stress-ng --cpu 1 --cpu-load 16 --quiet --timeout 60s,4,4/24/2026,18:33:29,3.46,7.53,10.45
stress-ng --cpu 1 --cpu-load 16 --quiet --timeout 60s,4,4/24/2026,18:33:30,5.67,7.53,10.36
stress-ng --cpu 1 --cpu-load 16 --quiet --timeout 60s,4,4/24/2026,18:33:31,4.21,7.53,10.57
stress-ng --cpu 1 --cpu-load 16 --quiet --timeout 60s,4,4/24/2026,18:33:32,5.22,7.53,10.57
stress-ng --cpu 1 --cpu-load 16 --quiet --timeout 60s,4,4/24/2026,18:33:33,4.23,7.53,10.45
stress-ng --cpu 1 --cpu-load 16 --quiet --timeout 60s,4,4/24/2026,18:33:34,4.96,7.53,10.76
stress-ng --cpu 1 --cpu-load 16 --quiet --timeout 60s,4,4/24/2026,18:33:35,4.48,7.53,10.76
stress-ng --cpu 1 --cpu-load 16 --quiet --timeout 60s,4,4/24/2026,18:33:36,5.44,7.53,11.11
stress-ng --cpu 1 --cpu-load 16 --quiet --timeout 60s,4,4/24/2026,18:33:37,5.72,7.53,10.21
stress-ng --cpu 1 --cpu-load 16 --quiet --timeout 60s,4,4/24/2026,18:33:38,3.71,7.53,10.21
stress-ng --cpu 1 --cpu-load 16 --quiet --timeout 60s,4,4/24/2026,18:33:39,5.37,7.53,10.96
stress-ng --cpu 1 --cpu-load 16 --quiet --timeout 60s,4,4/24/2026,18:33:40,5.15,7.53,10.66
stress-ng --cpu 1 --cpu-load 16 --quiet --timeout 60s,4,4/24/2026,18:33:41,4.67,7.53,10.66
stress-ng --cpu 1 --cpu-load 16 --quiet --timeout 60s,4,4/24/2026,18:33:42,6.4,7.53,10.41
stress-ng --cpu 1 --cpu-load 16 --quiet --timeout 60s,4,4/24/2026,18:33:43,3.72,7.53,10.16
stress-ng --cpu 1 --cpu-load 16 --quiet --timeout 60s,4,4/24/2026,18:33:44,5.23,7.53,10.64
stress-ng --cpu 1 --cpu-load 16 --quiet --timeout 60s,4,4/24/2026,18:33:45,5.21,7.53,10.64
stress-ng --cpu 1 --cpu-load 16 --quiet --timeout 60s,4,4/24/2026,18:33:46,5.45,7.53,10.16
stress-ng --cpu 1 --cpu-load 16 --quiet --timeout 60s,4,4/24/2026,18:33:47,4.47,7.53,10.59
stress-ng --cpu 1 --cpu-load 16 --quiet --timeout 60s,4,4/24/2026,18:33:48,4.71,7.52,10.59
stress-ng --cpu 1 --cpu-load 20 --quiet --timeout 60s,5,4/23/2026,20:15:56,2.71,6.61,9.24
stress-ng --cpu 1 --cpu-load 20 --quiet --timeout 60s,5,4/23/2026,20:15:57,5.44,6.62,10.43
stress-ng --cpu 1 --cpu-load 20 --quiet --timeout 60s,5,4/23/2026,20:15:58,6.15,6.62,10.43
stress-ng --cpu 1 --cpu-load 20 --quiet --timeout 60s,5,4/23/2026,20:15:59,6.93,6.62,10.82
stress-ng --cpu 1 --cpu-load 20 --quiet --timeout 60s,5,4/23/2026,20:16:00,5.21,6.62,11.14
stress-ng --cpu 1 --cpu-load 20 --quiet --timeout 60s,5,4/23/2026,20:16:01,6.41,6.62,11.14
stress-ng --cpu 1 --cpu-load 20 --quiet --timeout 60s,5,4/23/2026,20:16:02,5.67,6.62,10.48
stress-ng --cpu 1 --cpu-load 20 --quiet --timeout 60s,5,4/23/2026,20:16:03,6.38,6.62,10.91
stress-ng --cpu 1 --cpu-load 20 --quiet --timeout 60s,5,4/23/2026,20:16:04,6.63,6.62,10.91
stress-ng --cpu 1 --cpu-load 20 --quiet --timeout 60s,5,4/23/2026,20:16:05,6.17,6.62,10.57
stress-ng --cpu 1 --cpu-load 20 --quiet --timeout 60s,5,4/23/2026,20:16:06,5.18,6.62,10.3
stress-ng --cpu 1 --cpu-load 20 --quiet --timeout 60s,5,4/23/2026,20:16:07,6.84,6.62,10.3
stress-ng --cpu 1 --cpu-load 20 --quiet --timeout 60s,5,4/23/2026,20:16:08,5.91,6.61,10.66
stress-ng --cpu 1 --cpu-load 20 --quiet --timeout 60s,5,4/23/2026,20:16:09,6.61,6.61,10.63
stress-ng --cpu 1 --cpu-load 20 --quiet --timeout 60s,5,4/23/2026,20:16:10,7.16,6.61,10.63
stress-ng --cpu 1 --cpu-load 20 --quiet --timeout 60s,5,4/23/2026,20:16:11,5.19,6.61,10.72
stress-ng --cpu 1 --cpu-load 20 --quiet --timeout 60s,5,4/23/2026,20:16:12,6.41,6.61,10.52
stress-ng --cpu 1 --cpu-load 20 --quiet --timeout 60s,5,4/23/2026,20:16:13,5.88,6.61,10.52
stress-ng --cpu 1 --cpu-load 20 --quiet --timeout 60s,5,4/23/2026,20:16:14,6.14,6.61,10.78
stress-ng --cpu 1 --cpu-load 20 --quiet --timeout 60s,5,4/23/2026,20:16:15,6.15,6.61,10.58
stress-ng --cpu 1 --cpu-load 20 --quiet --timeout 60s,5,4/23/2026,20:16:16,6.12,6.61,10.58
stress-ng --cpu 1 --cpu-load 20 --quiet --timeout 60s,5,4/23/2026,20:16:17,6.15,6.61,10.88
stress-ng --cpu 1 --cpu-load 20 --quiet --timeout 60s,5,4/23/2026,20:16:18,6.175,6.61,10.805
stress-ng --cpu 1 --cpu-load 20 --quiet --timeout 60s,5,4/23/2026,20:16:19,6.2,6.61,10.73
stress-ng --cpu 1 --cpu-load 20 --quiet --timeout 60s,5,4/23/2026,20:16:20,5.63,6.61,10.73
stress-ng --cpu 1 --cpu-load 20 --quiet --timeout 60s,5,4/23/2026,20:16:21,7.17,6.61,10.4
stress-ng --cpu 1 --cpu-load 20 --quiet --timeout 60s,5,4/23/2026,20:16:22,4.97,6.61,10.73
stress-ng --cpu 1 --cpu-load 20 --quiet --timeout 60s,5,4/23/2026,20:16:23,6.71,6.61,10.73
stress-ng --cpu 1 --cpu-load 20 --quiet --timeout 60s,5,4/23/2026,20:16:24,5.43,6.61,10.96
stress-ng --cpu 1 --cpu-load 20 --quiet --timeout 60s,5,4/23/2026,20:16:25,5.69,6.61,10.74
stress-ng --cpu 1 --cpu-load 20 --quiet --timeout 60s,5,4/23/2026,20:16:26,5.91,6.61,10.74
stress-ng --cpu 1 --cpu-load 20 --quiet --timeout 60s,5,4/23/2026,20:16:27,5.63,6.61,10.6
stress-ng --cpu 1 --cpu-load 20 --quiet --timeout 60s,5,4/23/2026,20:16:28,5.91,6.61,10.56
stress-ng --cpu 1 --cpu-load 20 --quiet --timeout 60s,5,4/23/2026,20:16:29,6.84,6.61,10.56
stress-ng --cpu 1 --cpu-load 20 --quiet --timeout 60s,5,4/23/2026,20:16:30,6.65,6.61,11.21
stress-ng --cpu 1 --cpu-load 20 --quiet --timeout 60s,5,4/23/2026,20:16:31,4.96,6.61,10.5
stress-ng --cpu 1 --cpu-load 20 --quiet --timeout 60s,5,4/23/2026,20:16:32,5.62,6.61,10.5
stress-ng --cpu 1 --cpu-load 20 --quiet --timeout 60s,5,4/23/2026,20:16:33,6.15,6.61,10.81
stress-ng --cpu 1 --cpu-load 20 --quiet --timeout 60s,5,4/23/2026,20:16:34,6.38,6.61,10.63
stress-ng --cpu 1 --cpu-load 20 --quiet --timeout 60s,5,4/23/2026,20:16:35,5.69,6.61,10.63
stress-ng --cpu 1 --cpu-load 20 --quiet --timeout 60s,5,4/23/2026,20:16:36,6.09,6.61,10.75
stress-ng --cpu 1 --cpu-load 20 --quiet --timeout 60s,5,4/23/2026,20:16:37,6.38,6.61,10.51
stress-ng --cpu 1 --cpu-load 20 --quiet --timeout 60s,5,4/23/2026,20:16:38,5.86,6.61,10.51
stress-ng --cpu 1 --cpu-load 20 --quiet --timeout 60s,5,4/23/2026,20:16:39,6.66,6.61,10.93
stress-ng --cpu 1 --cpu-load 20 --quiet --timeout 60s,5,4/23/2026,20:16:40,5.92,6.61,10.26
stress-ng --cpu 1 --cpu-load 20 --quiet --timeout 60s,5,4/23/2026,20:16:41,6.12,6.61,10.26
stress-ng --cpu 1 --cpu-load 20 --quiet --timeout 60s,5,4/23/2026,20:16:42,6.65,6.61,10.64
stress-ng --cpu 1 --cpu-load 20 --quiet --timeout 60s,5,4/23/2026,20:16:43,6.2,6.61,10.46
stress-ng --cpu 1 --cpu-load 20 --quiet --timeout 60s,5,4/23/2026,20:16:44,5.67,6.61,10.46
stress-ng --cpu 1 --cpu-load 20 --quiet --timeout 60s,5,4/23/2026,20:16:45,6.15,6.61,11.11
stress-ng --cpu 1 --cpu-load 20 --quiet --timeout 60s,5,4/23/2026,20:16:46,5.41,6.61,10.73
stress-ng --cpu 1 --cpu-load 20 --quiet --timeout 60s,5,4/23/2026,20:16:47,7.14,6.61,10.73
stress-ng --cpu 1 --cpu-load 20 --quiet --timeout 60s,5,4/23/2026,20:16:48,4.95,6.61,10.44
stress-ng --cpu 1 --cpu-load 20 --quiet --timeout 60s,5,4/23/2026,20:16:49,6.63,6.61,11.15
stress-ng --cpu 1 --cpu-load 20 --quiet --timeout 60s,5,4/23/2026,20:16:50,5.63,6.61,11.15
stress-ng --cpu 1 --cpu-load 20 --quiet --timeout 60s,5,4/23/2026,20:16:51,6.17,6.61,10.58
stress-ng --cpu 1 --cpu-load 20 --quiet --timeout 60s,5,4/23/2026,20:16:52,5.47,6.61,10.6
stress-ng --cpu 1 --cpu-load 20 --quiet --timeout 60s,5,4/23/2026,20:16:53,5.69,6.61,10.6
stress-ng --cpu 1 --cpu-load 20 --quiet --timeout 60s,5,4/23/2026,20:16:54,7.07,6.61,10.95
stress-ng --cpu 1 --cpu-load 20 --quiet --timeout 60s,5,4/23/2026,20:16:55,5.65,6.61,10.99
stress-ng --cpu 1 --cpu-load 20 --quiet --timeout 60s,5,4/23/2026,20:16:56,8.14,6.59,10.99
stress-ng --cpu 1 --cpu-load 20 --quiet --timeout 60s,5,4/24/2026,5:50:17,4.44,7.01,9.5
stress-ng --cpu 1 --cpu-load 20 --quiet --timeout 60s,5,4/24/2026,5:50:18,5.43,7.01,9.83
stress-ng --cpu 1 --cpu-load 20 --quiet --timeout 60s,5,4/24/2026,5:50:19,6.66,7.01,10.5
stress-ng --cpu 1 --cpu-load 20 --quiet --timeout 60s,5,4/24/2026,5:50:20,5.7,7.01,10.5
stress-ng --cpu 1 --cpu-load 20 --quiet --timeout 60s,5,4/24/2026,5:50:21,5.66,7.01,10.87
stress-ng --cpu 1 --cpu-load 20 --quiet --timeout 60s,5,4/24/2026,5:50:22,6.66,7.01,11.04
stress-ng --cpu 1 --cpu-load 20 --quiet --timeout 60s,5,4/24/2026,5:50:23,5.66,7.01,11.04
stress-ng --cpu 1 --cpu-load 20 --quiet --timeout 60s,5,4/24/2026,5:50:24,5.18,7.01,10.56
stress-ng --cpu 1 --cpu-load 20 --quiet --timeout 60s,5,4/24/2026,5:50:25,6.12,7.01,10.48
stress-ng --cpu 1 --cpu-load 20 --quiet --timeout 60s,5,4/24/2026,5:50:26,7.1,7.01,10.48
stress-ng --cpu 1 --cpu-load 20 --quiet --timeout 60s,5,4/24/2026,5:50:27,5.18,7.01,11.24
stress-ng --cpu 1 --cpu-load 20 --quiet --timeout 60s,5,4/24/2026,5:50:28,6.63,7.01,10.75
stress-ng --cpu 1 --cpu-load 20 --quiet --timeout 60s,5,4/24/2026,5:50:29,6.17,7.01,10.75
stress-ng --cpu 1 --cpu-load 20 --quiet --timeout 60s,5,4/24/2026,5:50:30,5.65,7.01,10.87
stress-ng --cpu 1 --cpu-load 20 --quiet --timeout 60s,5,4/24/2026,5:50:31,6.38,7.01,11.12
stress-ng --cpu 1 --cpu-load 20 --quiet --timeout 60s,5,4/24/2026,5:50:32,5.65,7.01,11.12
stress-ng --cpu 1 --cpu-load 20 --quiet --timeout 60s,5,4/24/2026,5:50:33,5.73,7.01,10.27
stress-ng --cpu 1 --cpu-load 20 --quiet --timeout 60s,5,4/24/2026,5:50:34,6.91,7.01,10.83
stress-ng --cpu 1 --cpu-load 20 --quiet --timeout 60s,5,4/24/2026,5:50:35,5.21,7.01,10.83
stress-ng --cpu 1 --cpu-load 20 --quiet --timeout 60s,5,4/24/2026,5:50:36,5.4,7.01,10.77
stress-ng --cpu 1 --cpu-load 20 --quiet --timeout 60s,5,4/24/2026,5:50:37,6.14,7.01,11.15
stress-ng --cpu 1 --cpu-load 20 --quiet --timeout 60s,5,4/24/2026,5:50:38,6.89,7.01,11.15
stress-ng --cpu 1 --cpu-load 20 --quiet --timeout 60s,5,4/24/2026,5:50:39,5.45,7.01,10.42
stress-ng --cpu 1 --cpu-load 20 --quiet --timeout 60s,5,4/24/2026,5:50:40,6.21,7.01,10.85
stress-ng --cpu 1 --cpu-load 20 --quiet --timeout 60s,5,4/24/2026,5:50:41,5.94,7.01,10.85
stress-ng --cpu 1 --cpu-load 20 --quiet --timeout 60s,5,4/24/2026,5:50:42,5.89,7.01,10.67
stress-ng --cpu 1 --cpu-load 20 --quiet --timeout 60s,5,4/24/2026,5:50:43,7.69,7.01,10.87
stress-ng --cpu 1 --cpu-load 20 --quiet --timeout 60s,5,4/24/2026,5:50:44,5.92,7.01,10.87
stress-ng --cpu 1 --cpu-load 20 --quiet --timeout 60s,5,4/24/2026,5:50:45,6.15,7.01,10.58
stress-ng --cpu 1 --cpu-load 20 --quiet --timeout 60s,5,4/24/2026,5:50:46,5.7,7.01,11
stress-ng --cpu 1 --cpu-load 20 --quiet --timeout 60s,5,4/24/2026,5:50:47,5.4,7.01,11
stress-ng --cpu 1 --cpu-load 20 --quiet --timeout 60s,5,4/24/2026,5:50:48,6.63,7.01,10.58
stress-ng --cpu 1 --cpu-load 20 --quiet --timeout 60s,5,4/24/2026,5:50:49,5.92,7.01,10.48
stress-ng --cpu 1 --cpu-load 20 --quiet --timeout 60s,5,4/24/2026,5:50:50,6.275,7.01,10.48
stress-ng --cpu 1 --cpu-load 20 --quiet --timeout 60s,5,4/24/2026,5:50:51,6.63,7.01,10.39
stress-ng --cpu 1 --cpu-load 20 --quiet --timeout 60s,5,4/24/2026,5:50:52,5.63,7.01,11.58
stress-ng --cpu 1 --cpu-load 20 --quiet --timeout 60s,5,4/24/2026,5:50:53,7.63,7.01,11.58
stress-ng --cpu 1 --cpu-load 20 --quiet --timeout 60s,5,4/24/2026,5:50:54,5.97,7.01,10.8
stress-ng --cpu 1 --cpu-load 20 --quiet --timeout 60s,5,4/24/2026,5:50:55,4.95,7.01,10.56
stress-ng --cpu 1 --cpu-load 20 --quiet --timeout 60s,5,4/24/2026,5:50:56,6.41,7.01,10.56
stress-ng --cpu 1 --cpu-load 20 --quiet --timeout 60s,5,4/24/2026,5:50:57,5.18,7.01,10.51
stress-ng --cpu 1 --cpu-load 20 --quiet --timeout 60s,5,4/24/2026,5:50:58,7.38,7.01,11.18
stress-ng --cpu 1 --cpu-load 20 --quiet --timeout 60s,5,4/24/2026,5:50:59,4.93,7.01,11.18
stress-ng --cpu 1 --cpu-load 20 --quiet --timeout 60s,5,4/24/2026,5:51:00,6.91,7.01,10.79
stress-ng --cpu 1 --cpu-load 20 --quiet --timeout 60s,5,4/24/2026,5:51:01,5.95,7.01,10.79
stress-ng --cpu 1 --cpu-load 20 --quiet --timeout 60s,5,4/24/2026,5:51:02,5.17,7.01,10.79
stress-ng --cpu 1 --cpu-load 20 --quiet --timeout 60s,5,4/24/2026,5:51:03,6.89,7.01,10.86
stress-ng --cpu 1 --cpu-load 20 --quiet --timeout 60s,5,4/24/2026,5:51:04,6.4,7.01,10.63
stress-ng --cpu 1 --cpu-load 20 --quiet --timeout 60s,5,4/24/2026,5:51:05,5.44,7.01,10.63
stress-ng --cpu 1 --cpu-load 20 --quiet --timeout 60s,5,4/24/2026,5:51:06,5.65,7.01,10.5
stress-ng --cpu 1 --cpu-load 20 --quiet --timeout 60s,5,4/24/2026,5:51:07,6.38,7.01,10.85
stress-ng --cpu 1 --cpu-load 20 --quiet --timeout 60s,5,4/24/2026,5:51:08,7.17,7.01,10.85
stress-ng --cpu 1 --cpu-load 20 --quiet --timeout 60s,5,4/24/2026,5:51:09,4.93,7.01,10.69
stress-ng --cpu 1 --cpu-load 20 --quiet --timeout 60s,5,4/24/2026,5:51:10,6.65,7.01,10.48
stress-ng --cpu 1 --cpu-load 20 --quiet --timeout 60s,5,4/24/2026,5:51:11,5.97,7.01,10.48
stress-ng --cpu 1 --cpu-load 20 --quiet --timeout 60s,5,4/24/2026,5:51:12,5.17,7.01,10.91
stress-ng --cpu 1 --cpu-load 20 --quiet --timeout 60s,5,4/24/2026,5:51:13,6.91,7.01,10.81
stress-ng --cpu 1 --cpu-load 20 --quiet --timeout 60s,5,4/24/2026,5:51:14,5.43,7.01,10.71
stress-ng --cpu 1 --cpu-load 20 --quiet --timeout 60s,5,4/24/2026,5:51:15,6.17,7.01,10.6
stress-ng --cpu 1 --cpu-load 20 --quiet --timeout 60s,5,4/24/2026,5:51:16,5.95,7.01,10.49
stress-ng --cpu 1 --cpu-load 20 --quiet --timeout 60s,5,4/24/2026,5:51:17,6.45,6.99,10.68
stress-ng --cpu 1 --cpu-load 20 --quiet --timeout 60s,5,4/24/2026,21:00:53,4.44,7.54,8.95
stress-ng --cpu 1 --cpu-load 20 --quiet --timeout 60s,5,4/24/2026,21:00:54,4.97,7.54,10.31
stress-ng --cpu 1 --cpu-load 20 --quiet --timeout 60s,5,4/24/2026,21:00:55,6.37,7.55,10.31
stress-ng --cpu 1 --cpu-load 20 --quiet --timeout 60s,5,4/24/2026,21:00:56,6.23,7.55,10.62
stress-ng --cpu 1 --cpu-load 20 --quiet --timeout 60s,5,4/24/2026,21:00:57,4.95,7.55,10.85
stress-ng --cpu 1 --cpu-load 20 --quiet --timeout 60s,5,4/24/2026,21:00:58,6.4,7.55,10.85
stress-ng --cpu 1 --cpu-load 20 --quiet --timeout 60s,5,4/24/2026,21:00:59,5.18,7.55,10.09
stress-ng --cpu 1 --cpu-load 20 --quiet --timeout 60s,5,4/24/2026,21:01:00,6.65,7.55,10.69
stress-ng --cpu 1 --cpu-load 20 --quiet --timeout 60s,5,4/24/2026,21:01:01,5.18,7.55,10.69
stress-ng --cpu 1 --cpu-load 20 --quiet --timeout 60s,5,4/24/2026,21:01:02,7.12,7.55,10.22
stress-ng --cpu 1 --cpu-load 20 --quiet --timeout 60s,5,4/24/2026,21:01:03,4.72,7.55,10.65
stress-ng --cpu 1 --cpu-load 20 --quiet --timeout 60s,5,4/24/2026,21:01:04,6.4,7.55,10.65
stress-ng --cpu 1 --cpu-load 20 --quiet --timeout 60s,5,4/24/2026,21:01:05,6.18,7.55,10.34
stress-ng --cpu 1 --cpu-load 20 --quiet --timeout 60s,5,4/24/2026,21:01:06,5.67,7.55,10.5
stress-ng --cpu 1 --cpu-load 20 --quiet --timeout 60s,5,4/24/2026,21:01:07,6.41,7.55,10.5
stress-ng --cpu 1 --cpu-load 20 --quiet --timeout 60s,5,4/24/2026,21:01:08,5.94,7.56,10.29
stress-ng --cpu 1 --cpu-load 20 --quiet --timeout 60s,5,4/24/2026,21:01:09,4.95,7.55,10.89
stress-ng --cpu 1 --cpu-load 20 --quiet --timeout 60s,5,4/24/2026,21:01:10,6.63,7.55,10.89
stress-ng --cpu 1 --cpu-load 20 --quiet --timeout 60s,5,4/24/2026,21:01:11,5.7,7.55,10.48
stress-ng --cpu 1 --cpu-load 20 --quiet --timeout 60s,5,4/24/2026,21:01:12,5.73,7.55,10.68
stress-ng --cpu 1 --cpu-load 20 --quiet --timeout 60s,5,4/24/2026,21:01:13,6.14,7.55,10.68
stress-ng --cpu 1 --cpu-load 20 --quiet --timeout 60s,5,4/24/2026,21:01:14,5.94,7.55,10.15
stress-ng --cpu 1 --cpu-load 20 --quiet --timeout 60s,5,4/24/2026,21:01:15,5.94,7.55,10.635
stress-ng --cpu 1 --cpu-load 20 --quiet --timeout 60s,5,4/24/2026,21:01:16,5.4,7.55,11.12
stress-ng --cpu 1 --cpu-load 20 --quiet --timeout 60s,5,4/24/2026,21:01:17,6.15,7.55,11.12
stress-ng --cpu 1 --cpu-load 20 --quiet --timeout 60s,5,4/24/2026,21:01:18,6.38,7.55,10.54
stress-ng --cpu 1 --cpu-load 20 --quiet --timeout 60s,5,4/24/2026,21:01:19,5.43,7.55,10.44
stress-ng --cpu 1 --cpu-load 20 --quiet --timeout 60s,5,4/24/2026,21:01:20,6.12,7.55,10.44
stress-ng --cpu 1 --cpu-load 20 --quiet --timeout 60s,5,4/24/2026,21:01:21,6.43,7.55,10.88
stress-ng --cpu 1 --cpu-load 20 --quiet --timeout 60s,5,4/24/2026,21:01:22,5.43,7.55,10.51
stress-ng --cpu 1 --cpu-load 20 --quiet --timeout 60s,5,4/24/2026,21:01:23,5.29,7.55,10.51
stress-ng --cpu 1 --cpu-load 20 --quiet --timeout 60s,5,4/24/2026,21:01:24,5.15,7.55,10.48
stress-ng --cpu 1 --cpu-load 20 --quiet --timeout 60s,5,4/24/2026,21:01:25,5.91,7.55,10.75
stress-ng --cpu 1 --cpu-load 20 --quiet --timeout 60s,5,4/24/2026,21:01:26,7.38,7.55,10.75
stress-ng --cpu 1 --cpu-load 20 --quiet --timeout 60s,5,4/24/2026,21:01:27,4.72,7.55,10.47
stress-ng --cpu 1 --cpu-load 20 --quiet --timeout 60s,5,4/24/2026,21:01:28,5.97,7.55,10.34
stress-ng --cpu 1 --cpu-load 20 --quiet --timeout 60s,5,4/24/2026,21:01:29,5.48,7.55,10.34
stress-ng --cpu 1 --cpu-load 20 --quiet --timeout 60s,5,4/24/2026,21:01:30,5.45,7.55,10.56
stress-ng --cpu 1 --cpu-load 20 --quiet --timeout 60s,5,4/24/2026,21:01:31,5.72,7.55,10.65
stress-ng --cpu 1 --cpu-load 20 --quiet --timeout 60s,5,4/24/2026,21:01:32,6.46,7.55,10.65
stress-ng --cpu 1 --cpu-load 20 --quiet --timeout 60s,5,4/24/2026,21:01:33,5.21,7.56,10.22
stress-ng --cpu 1 --cpu-load 20 --quiet --timeout 60s,5,4/24/2026,21:01:34,5.22,7.56,10.44
stress-ng --cpu 1 --cpu-load 20 --quiet --timeout 60s,5,4/24/2026,21:01:35,6.43,7.56,10.44
stress-ng --cpu 1 --cpu-load 20 --quiet --timeout 60s,5,4/24/2026,21:01:36,5.18,7.56,10.57
stress-ng --cpu 1 --cpu-load 20 --quiet --timeout 60s,5,4/24/2026,21:01:37,6.63,7.56,10.57
stress-ng --cpu 1 --cpu-load 20 --quiet --timeout 60s,5,4/24/2026,21:01:38,5.19,7.56,10.57
stress-ng --cpu 1 --cpu-load 20 --quiet --timeout 60s,5,4/24/2026,21:01:39,6.89,7.56,10.26
stress-ng --cpu 1 --cpu-load 20 --quiet --timeout 60s,5,4/24/2026,21:01:40,4.96,7.56,10.56
stress-ng --cpu 1 --cpu-load 20 --quiet --timeout 60s,5,4/24/2026,21:01:41,7.37,7.56,10.56
stress-ng --cpu 1 --cpu-load 20 --quiet --timeout 60s,5,4/24/2026,21:01:42,4.95,7.56,10.64
stress-ng --cpu 1 --cpu-load 20 --quiet --timeout 60s,5,4/24/2026,21:01:43,6.14,7.56,10.39
stress-ng --cpu 1 --cpu-load 20 --quiet --timeout 60s,5,4/24/2026,21:01:44,5.94,7.55,10.39
stress-ng --cpu 1 --cpu-load 20 --quiet --timeout 60s,5,4/24/2026,21:01:45,5.39,7.55,10.33
stress-ng --cpu 1 --cpu-load 20 --quiet --timeout 60s,5,4/24/2026,21:01:46,7.38,7.56,10.62
stress-ng --cpu 1 --cpu-load 20 --quiet --timeout 60s,5,4/24/2026,21:01:47,5.21,7.56,10.62
stress-ng --cpu 1 --cpu-load 20 --quiet --timeout 60s,5,4/24/2026,21:01:48,6.15,7.56,10.77
stress-ng --cpu 1 --cpu-load 20 --quiet --timeout 60s,5,4/24/2026,21:01:49,5.44,7.56,10.09
stress-ng --cpu 1 --cpu-load 20 --quiet --timeout 60s,5,4/24/2026,21:01:50,5.39,7.56,10.09
stress-ng --cpu 1 --cpu-load 20 --quiet --timeout 60s,5,4/24/2026,21:01:51,5.69,7.56,10.84
stress-ng --cpu 1 --cpu-load 20 --quiet --timeout 60s,5,4/24/2026,21:01:52,6.89,7.56,10.55
stress-ng --cpu 1 --cpu-load 20 --quiet --timeout 60s,5,4/24/2026,21:01:53,6.93,7.57,10.55
stress-ng --cpu 1 --cpu-load 24 --quiet --timeout 60s,6,4/24/2026,1:18:06,2.46,6.59,9.5
stress-ng --cpu 1 --cpu-load 24 --quiet --timeout 60s,6,4/24/2026,1:18:07,6.45,6.59,9.5
stress-ng --cpu 1 --cpu-load 24 --quiet --timeout 60s,6,4/24/2026,1:18:08,7.35,6.59,10.99
stress-ng --cpu 1 --cpu-load 24 --quiet --timeout 60s,6,4/24/2026,1:18:09,7.12,6.59,10.99
stress-ng --cpu 1 --cpu-load 24 --quiet --timeout 60s,6,4/24/2026,1:18:10,7.59,6.59,10.99
stress-ng --cpu 1 --cpu-load 24 --quiet --timeout 60s,6,4/24/2026,1:18:11,6.87,6.59,10.88
stress-ng --cpu 1 --cpu-load 24 --quiet --timeout 60s,6,4/24/2026,1:18:12,7.37,6.59,10.64
stress-ng --cpu 1 --cpu-load 24 --quiet --timeout 60s,6,4/24/2026,1:18:13,6.63,6.59,10.64
stress-ng --cpu 1 --cpu-load 24 --quiet --timeout 60s,6,4/24/2026,1:18:14,8.1,6.59,11.81
stress-ng --cpu 1 --cpu-load 24 --quiet --timeout 60s,6,4/24/2026,1:18:15,6.41,6.59,10.62
stress-ng --cpu 1 --cpu-load 24 --quiet --timeout 60s,6,4/24/2026,1:18:16,7.12,6.59,10.62
stress-ng --cpu 1 --cpu-load 24 --quiet --timeout 60s,6,4/24/2026,1:18:17,7.63,6.59,10.64
stress-ng --cpu 1 --cpu-load 24 --quiet --timeout 60s,6,4/24/2026,1:18:18,6.48,6.59,10.64
stress-ng --cpu 1 --cpu-load 24 --quiet --timeout 60s,6,4/24/2026,1:18:19,6.66,6.59,10.64
stress-ng --cpu 1 --cpu-load 24 --quiet --timeout 60s,6,4/24/2026,1:18:20,7.4,6.59,10.72
stress-ng --cpu 1 --cpu-load 24 --quiet --timeout 60s,6,4/24/2026,1:18:21,6.17,6.59,10.52
stress-ng --cpu 1 --cpu-load 24 --quiet --timeout 60s,6,4/24/2026,1:18:22,7.63,6.59,10.52
stress-ng --cpu 1 --cpu-load 24 --quiet --timeout 60s,6,4/24/2026,1:18:23,6.73,6.59,10.38
stress-ng --cpu 1 --cpu-load 24 --quiet --timeout 60s,6,4/24/2026,1:18:24,6.17,6.59,11.02
stress-ng --cpu 1 --cpu-load 24 --quiet --timeout 60s,6,4/24/2026,1:18:25,7.14,6.58,11.02
stress-ng --cpu 1 --cpu-load 24 --quiet --timeout 60s,6,4/24/2026,1:18:26,7.4,6.58,10.62
stress-ng --cpu 1 --cpu-load 24 --quiet --timeout 60s,6,4/24/2026,1:18:27,6.18,6.58,10.49
stress-ng --cpu 1 --cpu-load 24 --quiet --timeout 60s,6,4/24/2026,1:18:28,7.16,6.58,10.49
stress-ng --cpu 1 --cpu-load 24 --quiet --timeout 60s,6,4/24/2026,1:18:29,6.43,6.58,11.1
stress-ng --cpu 1 --cpu-load 24 --quiet --timeout 60s,6,4/24/2026,1:18:30,7.82,6.58,10.3
stress-ng --cpu 1 --cpu-load 24 --quiet --timeout 60s,6,4/24/2026,1:18:31,6.93,6.58,10.3
stress-ng --cpu 1 --cpu-load 24 --quiet --timeout 60s,6,4/24/2026,1:18:32,6.68,6.58,10.57
stress-ng --cpu 1 --cpu-load 24 --quiet --timeout 60s,6,4/24/2026,1:18:33,7.1,6.58,10.41
stress-ng --cpu 1 --cpu-load 24 --quiet --timeout 60s,6,4/24/2026,1:18:34,7.69,6.58,10.41
stress-ng --cpu 1 --cpu-load 24 --quiet --timeout 60s,6,4/24/2026,1:18:35,5.67,6.58,10.7
stress-ng --cpu 1 --cpu-load 24 --quiet --timeout 60s,6,4/24/2026,1:18:36,6.28,6.58,10.34
stress-ng --cpu 1 --cpu-load 24 --quiet --timeout 60s,6,4/24/2026,1:18:37,6.89,6.58,10.34
stress-ng --cpu 1 --cpu-load 24 --quiet --timeout 60s,6,4/24/2026,1:18:38,7.31,6.58,11.55
stress-ng --cpu 1 --cpu-load 24 --quiet --timeout 60s,6,4/24/2026,1:18:39,7.92,6.58,11.41
stress-ng --cpu 1 --cpu-load 24 --quiet --timeout 60s,6,4/24/2026,1:18:40,6.18,6.58,11.41
stress-ng --cpu 1 --cpu-load 24 --quiet --timeout 60s,6,4/24/2026,1:18:41,7.65,6.58,10.56
stress-ng --cpu 1 --cpu-load 24 --quiet --timeout 60s,6,4/24/2026,1:18:42,5.94,6.58,10.6
stress-ng --cpu 1 --cpu-load 24 --quiet --timeout 60s,6,4/24/2026,1:18:43,7.88,6.58,10.6
stress-ng --cpu 1 --cpu-load 24 --quiet --timeout 60s,6,4/24/2026,1:18:44,5.95,6.58,10.61
stress-ng --cpu 1 --cpu-load 24 --quiet --timeout 60s,6,4/24/2026,1:18:45,8.35,6.58,10.29
stress-ng --cpu 1 --cpu-load 24 --quiet --timeout 60s,6,4/24/2026,1:18:46,5.94,6.58,10.29
stress-ng --cpu 1 --cpu-load 24 --quiet --timeout 60s,6,4/24/2026,1:18:47,7.92,6.58,10.57
stress-ng --cpu 1 --cpu-load 24 --quiet --timeout 60s,6,4/24/2026,1:18:48,6.15,6.58,10.63
stress-ng --cpu 1 --cpu-load 24 --quiet --timeout 60s,6,4/24/2026,1:18:49,7.38,6.58,10.63
stress-ng --cpu 1 --cpu-load 24 --quiet --timeout 60s,6,4/24/2026,1:18:50,7.16,6.58,11
stress-ng --cpu 1 --cpu-load 24 --quiet --timeout 60s,6,4/24/2026,1:18:51,6.17,6.58,10.33
stress-ng --cpu 1 --cpu-load 24 --quiet --timeout 60s,6,4/24/2026,1:18:52,7.9,6.58,10.33
stress-ng --cpu 1 --cpu-load 24 --quiet --timeout 60s,6,4/24/2026,1:18:53,5.92,6.58,10.75
stress-ng --cpu 1 --cpu-load 24 --quiet --timeout 60s,6,4/24/2026,1:18:54,7.35,6.58,10.68
stress-ng --cpu 1 --cpu-load 24 --quiet --timeout 60s,6,4/24/2026,1:18:55,7.88,6.58,10.68
stress-ng --cpu 1 --cpu-load 24 --quiet --timeout 60s,6,4/24/2026,1:18:56,5.69,6.58,10.61
stress-ng --cpu 1 --cpu-load 24 --quiet --timeout 60s,6,4/24/2026,1:18:57,7.59,6.58,10.18
stress-ng --cpu 1 --cpu-load 24 --quiet --timeout 60s,6,4/24/2026,1:18:58,7.1,6.58,10.18
stress-ng --cpu 1 --cpu-load 24 --quiet --timeout 60s,6,4/24/2026,1:18:59,7.9,6.58,10.95
stress-ng --cpu 1 --cpu-load 24 --quiet --timeout 60s,6,4/24/2026,1:19:00,6.4,6.58,10.7
stress-ng --cpu 1 --cpu-load 24 --quiet --timeout 60s,6,4/24/2026,1:19:01,7.61,6.6,10.7
stress-ng --cpu 1 --cpu-load 24 --quiet --timeout 60s,6,4/24/2026,1:19:02,6.18,6.6,10.53
stress-ng --cpu 1 --cpu-load 24 --quiet --timeout 60s,6,4/24/2026,1:19:03,7.84,6.6,10.18
stress-ng --cpu 1 --cpu-load 24 --quiet --timeout 60s,6,4/24/2026,1:19:04,7.23,6.6,10.18
stress-ng --cpu 1 --cpu-load 24 --quiet --timeout 60s,6,4/24/2026,1:19:05,7.16,6.6,10.68
stress-ng --cpu 1 --cpu-load 24 --quiet --timeout 60s,6,4/24/2026,1:19:06,7.17,6.6,10.29
stress-ng --cpu 1 --cpu-load 24 --quiet --timeout 60s,6,4/24/2026,8:32:22,2.7,7.06,9.03
stress-ng --cpu 1 --cpu-load 24 --quiet --timeout 60s,6,4/24/2026,8:32:23,7.56,7.06,10.05
stress-ng --cpu 1 --cpu-load 24 --quiet --timeout 60s,6,4/24/2026,8:32:24,7.92,7.07,10.93
stress-ng --cpu 1 --cpu-load 24 --quiet --timeout 60s,6,4/24/2026,8:32:25,6.89,7.07,10.93
stress-ng --cpu 1 --cpu-load 24 --quiet --timeout 60s,6,4/24/2026,8:32:26,6.87,7.07,10.7
stress-ng --cpu 1 --cpu-load 24 --quiet --timeout 60s,6,4/24/2026,8:32:27,7.38,7.07,11.21
stress-ng --cpu 1 --cpu-load 24 --quiet --timeout 60s,6,4/24/2026,8:32:28,7.61,7.07,11.21
stress-ng --cpu 1 --cpu-load 24 --quiet --timeout 60s,6,4/24/2026,8:32:29,7.17,7.07,11.14
stress-ng --cpu 1 --cpu-load 24 --quiet --timeout 60s,6,4/24/2026,8:32:30,6.69,7.07,10.52
stress-ng --cpu 1 --cpu-load 24 --quiet --timeout 60s,6,4/24/2026,8:32:31,7.44,7.07,10.52
stress-ng --cpu 1 --cpu-load 24 --quiet --timeout 60s,6,4/24/2026,8:32:32,6.17,7.07,10.17
stress-ng --cpu 1 --cpu-load 24 --quiet --timeout 60s,6,4/24/2026,8:32:33,7.14,7.07,10.91
stress-ng --cpu 1 --cpu-load 24 --quiet --timeout 60s,6,4/24/2026,8:32:34,7.1,7.07,10.91
stress-ng --cpu 1 --cpu-load 24 --quiet --timeout 60s,6,4/24/2026,8:32:35,8.14,7.07,10.08
stress-ng --cpu 1 --cpu-load 24 --quiet --timeout 60s,6,4/24/2026,8:32:36,5.45,7.07,10.51
stress-ng --cpu 1 --cpu-load 24 --quiet --timeout 60s,6,4/24/2026,8:32:37,7.33,7.07,10.51
stress-ng --cpu 1 --cpu-load 24 --quiet --timeout 60s,6,4/24/2026,8:32:38,7.14,7.07,10.54
stress-ng --cpu 1 --cpu-load 24 --quiet --timeout 60s,6,4/24/2026,8:32:39,7.61,7.07,10.79
stress-ng --cpu 1 --cpu-load 24 --quiet --timeout 60s,6,4/24/2026,8:32:40,6.17,7.07,10.79
stress-ng --cpu 1 --cpu-load 24 --quiet --timeout 60s,6,4/24/2026,8:32:41,8.14,7.07,10.32
stress-ng --cpu 1 --cpu-load 24 --quiet --timeout 60s,6,4/24/2026,8:32:42,5.7,7.07,10.68
stress-ng --cpu 1 --cpu-load 24 --quiet --timeout 60s,6,4/24/2026,8:32:43,8.1,7.07,10.68
stress-ng --cpu 1 --cpu-load 24 --quiet --timeout 60s,6,4/24/2026,8:32:44,6.96,7.07,10.73
stress-ng --cpu 1 --cpu-load 24 --quiet --timeout 60s,6,4/24/2026,8:32:45,6.71,7.07,10.7
stress-ng --cpu 1 --cpu-load 24 --quiet --timeout 60s,6,4/24/2026,8:32:46,7.16,7.07,10.7
stress-ng --cpu 1 --cpu-load 24 --quiet --timeout 60s,6,4/24/2026,8:32:47,6.43,7.07,10.68
stress-ng --cpu 1 --cpu-load 24 --quiet --timeout 60s,6,4/24/2026,8:32:48,7.37,7.07,10.76
stress-ng --cpu 1 --cpu-load 24 --quiet --timeout 60s,6,4/24/2026,8:32:49,5.97,7.07,10.76
stress-ng --cpu 1 --cpu-load 24 --quiet --timeout 60s,6,4/24/2026,8:32:50,7.33,7.07,10.27
stress-ng --cpu 1 --cpu-load 24 --quiet --timeout 60s,6,4/24/2026,8:32:51,7.12,7.07,10.81
stress-ng --cpu 1 --cpu-load 24 --quiet --timeout 60s,6,4/24/2026,8:32:52,7.4,7.07,10.81
stress-ng --cpu 1 --cpu-load 24 --quiet --timeout 60s,6,4/24/2026,8:32:53,7.42,7.07,10.52
stress-ng --cpu 1 --cpu-load 24 --quiet --timeout 60s,6,4/24/2026,8:32:54,6.41,7.07,10.86
stress-ng --cpu 1 --cpu-load 24 --quiet --timeout 60s,6,4/24/2026,8:32:55,7.4,7.07,10.86
stress-ng --cpu 1 --cpu-load 24 --quiet --timeout 60s,6,4/24/2026,8:32:56,6.18,7.07,10.23
stress-ng --cpu 1 --cpu-load 24 --quiet --timeout 60s,6,4/24/2026,8:32:57,7.63,7.07,10.62
stress-ng --cpu 1 --cpu-load 24 --quiet --timeout 60s,6,4/24/2026,8:32:58,6.18,7.07,10.62
stress-ng --cpu 1 --cpu-load 24 --quiet --timeout 60s,6,4/24/2026,8:32:59,7.57,7.07,10.79
stress-ng --cpu 1 --cpu-load 24 --quiet --timeout 60s,6,4/24/2026,8:33:00,8.12,7.07,10.59
stress-ng --cpu 1 --cpu-load 24 --quiet --timeout 60s,6,4/24/2026,8:33:01,5.73,7.07,10.59
stress-ng --cpu 1 --cpu-load 24 --quiet --timeout 60s,6,4/24/2026,8:33:02,7.42,7.07,10.47
stress-ng --cpu 1 --cpu-load 24 --quiet --timeout 60s,6,4/24/2026,8:33:03,7.4,7.07,10.2
stress-ng --cpu 1 --cpu-load 24 --quiet --timeout 60s,6,4/24/2026,8:33:04,6.43,7.07,10.2
stress-ng --cpu 1 --cpu-load 24 --quiet --timeout 60s,6,4/24/2026,8:33:05,7.14,7.07,11.11
stress-ng --cpu 1 --cpu-load 24 --quiet --timeout 60s,6,4/24/2026,8:33:06,7.42,7.07,10.25
stress-ng --cpu 1 --cpu-load 24 --quiet --timeout 60s,6,4/24/2026,8:33:07,6.685,7.07,10.25
stress-ng --cpu 1 --cpu-load 24 --quiet --timeout 60s,6,4/24/2026,8:33:08,5.95,7.07,10.67
stress-ng --cpu 1 --cpu-load 24 --quiet --timeout 60s,6,4/24/2026,8:33:09,7.84,7.07,10.5
stress-ng --cpu 1 --cpu-load 24 --quiet --timeout 60s,6,4/24/2026,8:33:10,7.38,7.07,10.5
stress-ng --cpu 1 --cpu-load 24 --quiet --timeout 60s,6,4/24/2026,8:33:11,6.43,7.08,10.75
stress-ng --cpu 1 --cpu-load 24 --quiet --timeout 60s,6,4/24/2026,8:33:12,7.38,7.08,10.35
stress-ng --cpu 1 --cpu-load 24 --quiet --timeout 60s,6,4/24/2026,8:33:13,6.66,7.08,10.35
stress-ng --cpu 1 --cpu-load 24 --quiet --timeout 60s,6,4/24/2026,8:33:14,7.37,7.08,10.78
stress-ng --cpu 1 --cpu-load 24 --quiet --timeout 60s,6,4/24/2026,8:33:15,7.61,7.08,10.12
stress-ng --cpu 1 --cpu-load 24 --quiet --timeout 60s,6,4/24/2026,8:33:16,5.95,7.08,10.12
stress-ng --cpu 1 --cpu-load 24 --quiet --timeout 60s,6,4/24/2026,8:33:17,7.37,7.08,10.76
stress-ng --cpu 1 --cpu-load 24 --quiet --timeout 60s,6,4/24/2026,8:33:18,7.88,7.08,10.25
stress-ng --cpu 1 --cpu-load 24 --quiet --timeout 60s,6,4/24/2026,8:33:19,5.69,7.08,10.25
stress-ng --cpu 1 --cpu-load 24 --quiet --timeout 60s,6,4/24/2026,8:33:20,7.35,7.08,10.81
stress-ng --cpu 1 --cpu-load 24 --quiet --timeout 60s,6,4/24/2026,8:33:21,7.33,7.08,10.08
stress-ng --cpu 1 --cpu-load 24 --quiet --timeout 60s,6,4/24/2026,8:33:22,8.41,7.07,10.08
stress-ng --cpu 1 --cpu-load 24 --quiet --timeout 60s,6,4/24/2026,15:54:42,2.95,7.56,9
stress-ng --cpu 1 --cpu-load 24 --quiet --timeout 60s,6,4/24/2026,15:54:43,7.69,7.57,10.14
stress-ng --cpu 1 --cpu-load 24 --quiet --timeout 60s,6,4/24/2026,15:54:44,5.94,7.57,10.72
stress-ng --cpu 1 --cpu-load 24 --quiet --timeout 60s,6,4/24/2026,15:54:45,7.88,7.57,10.72
stress-ng --cpu 1 --cpu-load 24 --quiet --timeout 60s,6,4/24/2026,15:54:46,7.35,7.57,10.58
stress-ng --cpu 1 --cpu-load 24 --quiet --timeout 60s,6,4/24/2026,15:54:47,6.89,7.57,10.14
stress-ng --cpu 1 --cpu-load 24 --quiet --timeout 60s,6,4/24/2026,15:54:48,7.4,7.57,10.14
stress-ng --cpu 1 --cpu-load 24 --quiet --timeout 60s,6,4/24/2026,15:54:49,5.95,7.57,10.52
stress-ng --cpu 1 --cpu-load 24 --quiet --timeout 60s,6,4/24/2026,15:54:50,8.12,7.57,10.23
stress-ng --cpu 1 --cpu-load 24 --quiet --timeout 60s,6,4/24/2026,15:54:51,6.17,7.57,10.23
stress-ng --cpu 1 --cpu-load 24 --quiet --timeout 60s,6,4/24/2026,15:54:52,6.91,7.57,10.68
stress-ng --cpu 1 --cpu-load 24 --quiet --timeout 60s,6,4/24/2026,15:54:53,7.86,7.57,10.69
stress-ng --cpu 1 --cpu-load 24 --quiet --timeout 60s,6,4/24/2026,15:54:54,5.94,7.57,10.69
stress-ng --cpu 1 --cpu-load 24 --quiet --timeout 60s,6,4/24/2026,15:54:55,7.35,7.57,10.5
stress-ng --cpu 1 --cpu-load 24 --quiet --timeout 60s,6,4/24/2026,15:54:56,7.4,7.57,10.75
stress-ng --cpu 1 --cpu-load 24 --quiet --timeout 60s,6,4/24/2026,15:54:57,6.41,7.57,10.75
stress-ng --cpu 1 --cpu-load 24 --quiet --timeout 60s,6,4/24/2026,15:54:58,7.9,7.57,10.49
stress-ng --cpu 1 --cpu-load 24 --quiet --timeout 60s,6,4/24/2026,15:54:59,5.95,7.57,10.9
stress-ng --cpu 1 --cpu-load 24 --quiet --timeout 60s,6,4/24/2026,15:55:00,8.14,7.57,10.9
stress-ng --cpu 1 --cpu-load 24 --quiet --timeout 60s,6,4/24/2026,15:55:01,5.94,7.56,10.44
stress-ng --cpu 1 --cpu-load 24 --quiet --timeout 60s,6,4/24/2026,15:55:02,7.82,7.56,10.47
stress-ng --cpu 1 --cpu-load 24 --quiet --timeout 60s,6,4/24/2026,15:55:03,7.88,7.56,10.47
stress-ng --cpu 1 --cpu-load 24 --quiet --timeout 60s,6,4/24/2026,15:55:04,6.43,7.56,10.71
stress-ng --cpu 1 --cpu-load 24 --quiet --timeout 60s,6,4/24/2026,15:55:05,7.4,7.56,10.39
stress-ng --cpu 1 --cpu-load 24 --quiet --timeout 60s,6,4/24/2026,15:55:06,6.18,7.56,10.39
stress-ng --cpu 1 --cpu-load 24 --quiet --timeout 60s,6,4/24/2026,15:55:07,7.35,7.56,10.41
stress-ng --cpu 1 --cpu-load 24 --quiet --timeout 60s,6,4/24/2026,15:55:08,7.61,7.56,10.74
stress-ng --cpu 1 --cpu-load 24 --quiet --timeout 60s,6,4/24/2026,15:55:09,7.61,7.56,10.74
stress-ng --cpu 1 --cpu-load 24 --quiet --timeout 60s,6,4/24/2026,15:55:10,22.82,7.56,10.33
stress-ng --cpu 1 --cpu-load 24 --quiet --timeout 60s,6,4/24/2026,15:55:11,6.93,7.56,14.21
stress-ng --cpu 1 --cpu-load 24 --quiet --timeout 60s,6,4/24/2026,15:55:12,7.14,7.56,14.21
stress-ng --cpu 1 --cpu-load 24 --quiet --timeout 60s,6,4/24/2026,15:55:13,7.92,7.56,10.26
stress-ng --cpu 1 --cpu-load 24 --quiet --timeout 60s,6,4/24/2026,15:55:14,7.61,7.56,12.04
stress-ng --cpu 1 --cpu-load 24 --quiet --timeout 60s,6,4/24/2026,15:55:15,6.93,7.56,12.04
stress-ng --cpu 1 --cpu-load 24 --quiet --timeout 60s,6,4/24/2026,15:55:16,7.12,7.56,12.04
stress-ng --cpu 1 --cpu-load 24 --quiet --timeout 60s,6,4/24/2026,15:55:17,6.89,7.56,10.5
stress-ng --cpu 1 --cpu-load 24 --quiet --timeout 60s,6,4/24/2026,15:55:18,7.65,7.56,10.5
stress-ng --cpu 1 --cpu-load 24 --quiet --timeout 60s,6,4/24/2026,15:55:19,5.45,7.56,10.5
stress-ng --cpu 1 --cpu-load 24 --quiet --timeout 60s,6,4/24/2026,15:55:20,6.41,7.56,10.66
stress-ng --cpu 1 --cpu-load 24 --quiet --timeout 60s,6,4/24/2026,15:55:21,7.37,7.56,10.88
stress-ng --cpu 1 --cpu-load 24 --quiet --timeout 60s,6,4/24/2026,15:55:22,7.14,7.56,10.88
stress-ng --cpu 1 --cpu-load 24 --quiet --timeout 60s,6,4/24/2026,15:55:23,7.44,7.56,10.4
stress-ng --cpu 1 --cpu-load 24 --quiet --timeout 60s,6,4/24/2026,15:55:24,6.43,7.56,10.85
stress-ng --cpu 1 --cpu-load 24 --quiet --timeout 60s,6,4/24/2026,15:55:25,7.42,7.55,10.85
stress-ng --cpu 1 --cpu-load 24 --quiet --timeout 60s,6,4/24/2026,15:55:26,8.1,7.55,10.33
stress-ng --cpu 1 --cpu-load 24 --quiet --timeout 60s,6,4/24/2026,15:55:27,5.7,7.55,10.69
stress-ng --cpu 1 --cpu-load 24 --quiet --timeout 60s,6,4/24/2026,15:55:28,7.63,7.55,10.69
stress-ng --cpu 1 --cpu-load 24 --quiet --timeout 60s,6,4/24/2026,15:55:29,6.37,7.55,10.5
stress-ng --cpu 1 --cpu-load 24 --quiet --timeout 60s,6,4/24/2026,15:55:30,7.14,7.55,10.92
stress-ng --cpu 1 --cpu-load 24 --quiet --timeout 60s,6,4/24/2026,15:55:31,7.33,7.55,10.92
stress-ng --cpu 1 --cpu-load 24 --quiet --timeout 60s,6,4/24/2026,15:55:32,7.38,7.55,10.3
stress-ng --cpu 1 --cpu-load 24 --quiet --timeout 60s,6,4/24/2026,15:55:33,7.12,7.55,10.57
stress-ng --cpu 1 --cpu-load 24 --quiet --timeout 60s,6,4/24/2026,15:55:34,6.66,7.55,10.57
stress-ng --cpu 1 --cpu-load 24 --quiet --timeout 60s,6,4/24/2026,15:55:35,7.57,7.55,10.51
stress-ng --cpu 1 --cpu-load 24 --quiet --timeout 60s,6,4/24/2026,15:55:36,7.35,7.56,10.87
stress-ng --cpu 1 --cpu-load 24 --quiet --timeout 60s,6,4/24/2026,15:55:37,7.1,7.55,10.87
stress-ng --cpu 1 --cpu-load 24 --quiet --timeout 60s,6,4/24/2026,15:55:38,7.1,7.55,10.66
stress-ng --cpu 1 --cpu-load 24 --quiet --timeout 60s,6,4/24/2026,15:55:39,7.38,7.56,10.78
stress-ng --cpu 1 --cpu-load 24 --quiet --timeout 60s,6,4/24/2026,15:55:40,7.09,7.56,10.78
stress-ng --cpu 1 --cpu-load 24 --quiet --timeout 60s,6,4/24/2026,15:55:41,7.44,7.56,10.44
stress-ng --cpu 1 --cpu-load 24 --quiet --timeout 60s,6,4/24/2026,15:55:42,7.96,7.57,10.32
stress-ng --cpu 1 --cpu-load 28 --quiet --timeout 60s,7,4/27/2026,13:09:31,1.48,8.39,9.26
stress-ng --cpu 1 --cpu-load 28 --quiet --timeout 60s,7,4/27/2026,13:09:32,9.4,8.4,10.31
stress-ng --cpu 1 --cpu-load 28 --quiet --timeout 60s,7,4/27/2026,13:09:33,7.44,8.4,10.31
stress-ng --cpu 1 --cpu-load 28 --quiet --timeout 60s,7,4/27/2026,13:09:34,8.1,8.4,11.32
stress-ng --cpu 1 --cpu-load 28 --quiet --timeout 60s,7,4/27/2026,13:09:35,7.65,8.4,11.32
stress-ng --cpu 1 --cpu-load 28 --quiet --timeout 60s,7,4/27/2026,13:09:36,8.59,8.4,10.8
stress-ng --cpu 1 --cpu-load 28 --quiet --timeout 60s,7,4/27/2026,13:09:37,8.1,8.4,11.15
stress-ng --cpu 1 --cpu-load 28 --quiet --timeout 60s,7,4/27/2026,13:09:38,9.11,8.4,11.15
stress-ng --cpu 1 --cpu-load 28 --quiet --timeout 60s,7,4/27/2026,13:09:39,7.75,8.4,10.6
stress-ng --cpu 1 --cpu-load 28 --quiet --timeout 60s,7,4/27/2026,13:09:40,7.19,8.4,11.05
stress-ng --cpu 1 --cpu-load 28 --quiet --timeout 60s,7,4/27/2026,13:09:41,7.9,8.4,11.05
stress-ng --cpu 1 --cpu-load 28 --quiet --timeout 60s,7,4/27/2026,13:09:42,9.09,8.4,10.54
stress-ng --cpu 1 --cpu-load 28 --quiet --timeout 60s,7,4/27/2026,13:09:43,7.73,8.4,11.08
stress-ng --cpu 1 --cpu-load 28 --quiet --timeout 60s,7,4/27/2026,13:09:44,7.96,8.4,11.08
stress-ng --cpu 1 --cpu-load 28 --quiet --timeout 60s,7,4/27/2026,13:09:45,7.96,8.39,10.75
stress-ng --cpu 1 --cpu-load 28 --quiet --timeout 60s,7,4/27/2026,13:09:46,7.4,8.4,11.13
stress-ng --cpu 1 --cpu-load 28 --quiet --timeout 60s,7,4/27/2026,13:09:47,8.12,8.4,11.13
stress-ng --cpu 1 --cpu-load 28 --quiet --timeout 60s,7,4/27/2026,13:09:48,8.64,8.4,10.89
stress-ng --cpu 1 --cpu-load 28 --quiet --timeout 60s,7,4/27/2026,13:09:49,7.44,8.4,10.83
stress-ng --cpu 1 --cpu-load 28 --quiet --timeout 60s,7,4/27/2026,13:09:50,7.21,8.4,10.83
stress-ng --cpu 1 --cpu-load 28 --quiet --timeout 60s,7,4/27/2026,13:09:51,7.69,8.4,10.75
stress-ng --cpu 1 --cpu-load 28 --quiet --timeout 60s,7,4/27/2026,13:09:52,8.35,8.4,10.72
stress-ng --cpu 1 --cpu-load 28 --quiet --timeout 60s,7,4/27/2026,13:09:53,8.64,8.4,10.72
stress-ng --cpu 1 --cpu-load 28 --quiet --timeout 60s,7,4/27/2026,13:09:54,7.69,8.4,10.95
stress-ng --cpu 1 --cpu-load 28 --quiet --timeout 60s,7,4/27/2026,13:09:55,7.46,8.4,11.11
stress-ng --cpu 1 --cpu-load 28 --quiet --timeout 60s,7,4/27/2026,13:09:56,7.92,8.4,11.11
stress-ng --cpu 1 --cpu-load 28 --quiet --timeout 60s,7,4/27/2026,13:09:57,7.65,8.4,11.43
stress-ng --cpu 1 --cpu-load 28 --quiet --timeout 60s,7,4/27/2026,13:09:58,8.59,8.4,11.43
stress-ng --cpu 1 --cpu-load 28 --quiet --timeout 60s,7,4/27/2026,13:09:59,8.39,8.4,11.43
stress-ng --cpu 1 --cpu-load 28 --quiet --timeout 60s,7,4/27/2026,13:10:00,7.69,8.4,11.97
stress-ng --cpu 1 --cpu-load 28 --quiet --timeout 60s,7,4/27/2026,13:10:01,8.14,8.4,10.98
stress-ng --cpu 1 --cpu-load 28 --quiet --timeout 60s,7,4/27/2026,13:10:02,8.16,8.4,10.98
stress-ng --cpu 1 --cpu-load 28 --quiet --timeout 60s,7,4/27/2026,13:10:03,7.61,8.39,11.28
stress-ng --cpu 1 --cpu-load 28 --quiet --timeout 60s,7,4/27/2026,13:10:04,8.35,8.39,11.85
stress-ng --cpu 1 --cpu-load 28 --quiet --timeout 60s,7,4/27/2026,13:10:05,8.35,8.39,11.85
stress-ng --cpu 1 --cpu-load 28 --quiet --timeout 60s,7,4/27/2026,13:10:06,8.33,8.39,11.22
stress-ng --cpu 1 --cpu-load 28 --quiet --timeout 60s,7,4/27/2026,13:10:07,9.09,8.39,11.12
stress-ng --cpu 1 --cpu-load 28 --quiet --timeout 60s,7,4/27/2026,13:10:08,7.71,8.39,11.12
stress-ng --cpu 1 --cpu-load 28 --quiet --timeout 60s,7,4/27/2026,13:10:09,7.65,8.39,11.17
stress-ng --cpu 1 --cpu-load 28 --quiet --timeout 60s,7,4/27/2026,13:10:10,9.82,8.39,10.77
stress-ng --cpu 1 --cpu-load 28 --quiet --timeout 60s,7,4/27/2026,13:10:11,7.46,8.39,10.77
stress-ng --cpu 1 --cpu-load 28 --quiet --timeout 60s,7,4/27/2026,13:10:12,8.14,8.39,11.67
stress-ng --cpu 1 --cpu-load 28 --quiet --timeout 60s,7,4/27/2026,13:10:13,7.84,8.39,10.72
stress-ng --cpu 1 --cpu-load 28 --quiet --timeout 60s,7,4/27/2026,13:10:14,8.88,8.39,10.72
stress-ng --cpu 1 --cpu-load 28 --quiet --timeout 60s,7,4/27/2026,13:10:15,7.4,8.39,10.72
stress-ng --cpu 1 --cpu-load 28 --quiet --timeout 60s,7,4/27/2026,13:10:16,7.88,8.39,11.06
stress-ng --cpu 1 --cpu-load 28 --quiet --timeout 60s,7,4/27/2026,13:10:17,9.06,8.39,11.06
stress-ng --cpu 1 --cpu-load 28 --quiet --timeout 60s,7,4/27/2026,13:10:18,7.46,8.39,10.84
stress-ng --cpu 1 --cpu-load 28 --quiet --timeout 60s,7,4/27/2026,13:10:19,7.65,8.39,10.5
stress-ng --cpu 1 --cpu-load 28 --quiet --timeout 60s,7,4/27/2026,13:10:20,8.1,8.39,10.5
stress-ng --cpu 1 --cpu-load 28 --quiet --timeout 60s,7,4/27/2026,13:10:21,8.62,8.39,10.85
stress-ng --cpu 1 --cpu-load 28 --quiet --timeout 60s,7,4/27/2026,13:10:22,7.63,8.39,10.89
stress-ng --cpu 1 --cpu-load 28 --quiet --timeout 60s,7,4/27/2026,13:10:23,8.88,8.39,10.89
stress-ng --cpu 1 --cpu-load 28 --quiet --timeout 60s,7,4/27/2026,13:10:24,7.42,8.39,11
stress-ng --cpu 1 --cpu-load 28 --quiet --timeout 60s,7,4/27/2026,13:10:25,8.86,8.39,11.05
stress-ng --cpu 1 --cpu-load 28 --quiet --timeout 60s,7,4/27/2026,13:10:26,7.69,8.39,11.05
stress-ng --cpu 1 --cpu-load 28 --quiet --timeout 60s,7,4/27/2026,13:10:27,7.42,8.39,10.94
stress-ng --cpu 1 --cpu-load 28 --quiet --timeout 60s,7,4/27/2026,13:10:28,8.33,8.39,11.12
stress-ng --cpu 1 --cpu-load 28 --quiet --timeout 60s,7,4/27/2026,13:10:29,8.43,8.39,11.12
stress-ng --cpu 1 --cpu-load 28 --quiet --timeout 60s,7,4/27/2026,13:10:30,7.65,8.39,11.08
stress-ng --cpu 1 --cpu-load 28 --quiet --timeout 60s,7,4/27/2026,13:10:31,5.43,8.39,11.1
stress-ng --cpu 1 --cpu-load 28 --quiet --timeout 60s,7,4/27/2026,15:15:33,1.47,8.38,9.25
stress-ng --cpu 1 --cpu-load 28 --quiet --timeout 60s,7,4/27/2026,15:15:34,7.38,8.41,9.25
stress-ng --cpu 1 --cpu-load 28 --quiet --timeout 60s,7,4/27/2026,15:15:35,8.08,8.41,11.28
stress-ng --cpu 1 --cpu-load 28 --quiet --timeout 60s,7,4/27/2026,15:15:36,8.57,8.41,11.28
stress-ng --cpu 1 --cpu-load 28 --quiet --timeout 60s,7,4/27/2026,15:15:37,9.11,8.42,11.28
stress-ng --cpu 1 --cpu-load 28 --quiet --timeout 60s,7,4/27/2026,15:15:38,7.73,8.42,11.24
stress-ng --cpu 1 --cpu-load 28 --quiet --timeout 60s,7,4/27/2026,15:15:39,7.46,8.42,11.43
stress-ng --cpu 1 --cpu-load 28 --quiet --timeout 60s,7,4/27/2026,15:15:40,7.92,8.41,11.43
stress-ng --cpu 1 --cpu-load 28 --quiet --timeout 60s,7,4/27/2026,15:15:41,7.84,8.41,11.01
stress-ng --cpu 1 --cpu-load 28 --quiet --timeout 60s,7,4/27/2026,15:15:42,8.66,8.41,11.1
stress-ng --cpu 1 --cpu-load 28 --quiet --timeout 60s,7,4/27/2026,15:15:43,8.37,8.41,11.1
stress-ng --cpu 1 --cpu-load 28 --quiet --timeout 60s,7,4/27/2026,15:15:44,8.66,8.42,11.29
stress-ng --cpu 1 --cpu-load 28 --quiet --timeout 60s,7,4/27/2026,15:15:45,7.98,8.42,11.22
stress-ng --cpu 1 --cpu-load 28 --quiet --timeout 60s,7,4/27/2026,15:15:46,7.44,8.41,11.22
stress-ng --cpu 1 --cpu-load 28 --quiet --timeout 60s,7,4/27/2026,15:15:47,8.14,8.41,11
stress-ng --cpu 1 --cpu-load 28 --quiet --timeout 60s,7,4/27/2026,15:15:48,7.65,8.42,11.27
stress-ng --cpu 1 --cpu-load 28 --quiet --timeout 60s,7,4/27/2026,15:15:49,9.11,8.41,11.27
stress-ng --cpu 1 --cpu-load 28 --quiet --timeout 60s,7,4/27/2026,15:15:50,7.65,8.41,10.98
stress-ng --cpu 1 --cpu-load 28 --quiet --timeout 60s,7,4/27/2026,15:15:51,7.63,8.42,11.04
stress-ng --cpu 1 --cpu-load 28 --quiet --timeout 60s,7,4/27/2026,15:15:52,7.88,8.42,11.04
stress-ng --cpu 1 --cpu-load 28 --quiet --timeout 60s,7,4/27/2026,15:15:53,8.8,8.42,10.96
stress-ng --cpu 1 --cpu-load 28 --quiet --timeout 60s,7,4/27/2026,15:15:54,8.66,8.42,10.89
stress-ng --cpu 1 --cpu-load 28 --quiet --timeout 60s,7,4/27/2026,15:15:55,7.48,8.42,10.89
stress-ng --cpu 1 --cpu-load 28 --quiet --timeout 60s,7,4/27/2026,15:15:56,7.17,8.42,10.82
stress-ng --cpu 1 --cpu-load 28 --quiet --timeout 60s,7,4/27/2026,15:15:57,9.13,8.42,10.91
stress-ng --cpu 1 --cpu-load 28 --quiet --timeout 60s,7,4/27/2026,15:15:58,7.42,8.42,10.91
stress-ng --cpu 1 --cpu-load 28 --quiet --timeout 60s,7,4/27/2026,15:15:59,8.88,8.42,11.14
stress-ng --cpu 1 --cpu-load 28 --quiet --timeout 60s,7,4/27/2026,15:16:00,7.46,8.42,10.83
stress-ng --cpu 1 --cpu-load 28 --quiet --timeout 60s,7,4/27/2026,15:16:01,7.42,8.42,10.83
stress-ng --cpu 1 --cpu-load 28 --quiet --timeout 60s,7,4/27/2026,15:16:02,8.03,8.42,10.93
stress-ng --cpu 1 --cpu-load 28 --quiet --timeout 60s,7,4/27/2026,15:16:03,8.64,8.42,11.05
stress-ng --cpu 1 --cpu-load 28 --quiet --timeout 60s,7,4/27/2026,15:16:04,7.96,8.42,11.05
stress-ng --cpu 1 --cpu-load 28 --quiet --timeout 60s,7,4/27/2026,15:16:05,7.9,8.42,10.89
stress-ng --cpu 1 --cpu-load 28 --quiet --timeout 60s,7,4/27/2026,15:16:06,8.86,8.42,11.23
stress-ng --cpu 1 --cpu-load 28 --quiet --timeout 60s,7,4/27/2026,15:16:07,7.94,8.42,11.23
stress-ng --cpu 1 --cpu-load 28 --quiet --timeout 60s,7,4/27/2026,15:16:08,8.7,8.42,10.95
stress-ng --cpu 1 --cpu-load 28 --quiet --timeout 60s,7,4/27/2026,15:16:09,7.46,8.42,11.93
stress-ng --cpu 1 --cpu-load 28 --quiet --timeout 60s,7,4/27/2026,15:16:10,7.92,8.42,11.93
stress-ng --cpu 1 --cpu-load 28 --quiet --timeout 60s,7,4/27/2026,15:16:11,8.45,8.43,10.7
stress-ng --cpu 1 --cpu-load 28 --quiet --timeout 60s,7,4/27/2026,15:16:12,7.44,8.43,11.32
stress-ng --cpu 1 --cpu-load 28 --quiet --timeout 60s,7,4/27/2026,15:16:13,8.35,8.43,11.32
stress-ng --cpu 1 --cpu-load 28 --quiet --timeout 60s,7,4/27/2026,15:16:14,8.12,8.43,10.98
stress-ng --cpu 1 --cpu-load 28 --quiet --timeout 60s,7,4/27/2026,15:16:15,8.35,8.43,11.05
stress-ng --cpu 1 --cpu-load 28 --quiet --timeout 60s,7,4/27/2026,15:16:16,8.18,8.43,11.05
stress-ng --cpu 1 --cpu-load 28 --quiet --timeout 60s,7,4/27/2026,15:16:17,7.69,8.43,10.81
stress-ng --cpu 1 --cpu-load 28 --quiet --timeout 60s,7,4/27/2026,15:16:18,6.96,8.43,10.93
stress-ng --cpu 1 --cpu-load 28 --quiet --timeout 60s,7,4/27/2026,15:16:19,7.67,8.43,10.93
stress-ng --cpu 1 --cpu-load 28 --quiet --timeout 60s,7,4/27/2026,15:16:20,8.86,8.43,11.69
stress-ng --cpu 1 --cpu-load 28 --quiet --timeout 60s,7,4/27/2026,15:16:21,7.46,8.43,10.68
stress-ng --cpu 1 --cpu-load 28 --quiet --timeout 60s,7,4/27/2026,15:16:22,7.69,8.43,10.68
stress-ng --cpu 1 --cpu-load 28 --quiet --timeout 60s,7,4/27/2026,15:16:23,7.65,8.43,11.03
stress-ng --cpu 1 --cpu-load 28 --quiet --timeout 60s,7,4/27/2026,15:16:24,7.86,8.43,10.91
stress-ng --cpu 1 --cpu-load 28 --quiet --timeout 60s,7,4/27/2026,15:16:25,8.57,8.42,10.91
stress-ng --cpu 1 --cpu-load 28 --quiet --timeout 60s,7,4/27/2026,15:16:26,7.96,8.42,10.73
stress-ng --cpu 1 --cpu-load 28 --quiet --timeout 60s,7,4/27/2026,15:16:27,8.18,8.43,10.85
stress-ng --cpu 1 --cpu-load 28 --quiet --timeout 60s,7,4/27/2026,15:16:28,7.69,8.43,10.85
stress-ng --cpu 1 --cpu-load 28 --quiet --timeout 60s,7,4/27/2026,15:16:29,7.61,8.43,11.28
stress-ng --cpu 1 --cpu-load 28 --quiet --timeout 60s,7,4/27/2026,15:16:30,8.88,8.43,10.55
stress-ng --cpu 1 --cpu-load 28 --quiet --timeout 60s,7,4/27/2026,15:16:31,7.67,8.43,10.55
stress-ng --cpu 1 --cpu-load 28 --quiet --timeout 60s,7,4/27/2026,15:16:32,8.88,8.43,11.02
stress-ng --cpu 1 --cpu-load 28 --quiet --timeout 60s,7,4/27/2026,15:16:33,7.46,8.43,11.09
stress-ng --cpu 1 --cpu-load 28 --quiet --timeout 60s,7,4/27/2026,17:03:36,1.47,8.37,9.63
stress-ng --cpu 1 --cpu-load 28 --quiet --timeout 60s,7,4/27/2026,17:03:37,8.12,8.37,9.63
stress-ng --cpu 1 --cpu-load 28 --quiet --timeout 60s,7,4/27/2026,17:03:38,7.23,8.37,11.57
stress-ng --cpu 1 --cpu-load 28 --quiet --timeout 60s,7,4/27/2026,17:03:39,7.71,8.37,11.57
stress-ng --cpu 1 --cpu-load 28 --quiet --timeout 60s,7,4/27/2026,17:03:40,8.06,8.37,11.57
stress-ng --cpu 1 --cpu-load 28 --quiet --timeout 60s,7,4/27/2026,17:03:41,8.91,8.37,11.09
stress-ng --cpu 1 --cpu-load 28 --quiet --timeout 60s,7,4/27/2026,17:03:42,7.44,8.37,11.01
stress-ng --cpu 1 --cpu-load 28 --quiet --timeout 60s,7,4/27/2026,17:03:43,7.82,8.37,11.01
stress-ng --cpu 1 --cpu-load 28 --quiet --timeout 60s,7,4/27/2026,17:03:44,8.88,8.37,11.1
stress-ng --cpu 1 --cpu-load 28 --quiet --timeout 60s,7,4/27/2026,17:03:45,8.2,8.37,11.32
stress-ng --cpu 1 --cpu-load 28 --quiet --timeout 60s,7,4/27/2026,17:03:46,8.18,8.37,11.32
stress-ng --cpu 1 --cpu-load 28 --quiet --timeout 60s,7,4/27/2026,17:03:47,7.46,8.37,10.92
stress-ng --cpu 1 --cpu-load 28 --quiet --timeout 60s,7,4/27/2026,17:03:48,7.19,8.37,11.24
stress-ng --cpu 1 --cpu-load 28 --quiet --timeout 60s,7,4/27/2026,17:03:49,8.59,8.37,11.24
stress-ng --cpu 1 --cpu-load 28 --quiet --timeout 60s,7,4/27/2026,17:03:50,8.55,8.37,11.11
stress-ng --cpu 1 --cpu-load 28 --quiet --timeout 60s,7,4/27/2026,17:03:51,8.18,8.37,10.74
stress-ng --cpu 1 --cpu-load 28 --quiet --timeout 60s,7,4/27/2026,17:03:52,7.96,8.37,10.74
stress-ng --cpu 1 --cpu-load 28 --quiet --timeout 60s,7,4/27/2026,17:03:53,7.21,8.38,11.05
stress-ng --cpu 1 --cpu-load 28 --quiet --timeout 60s,7,4/27/2026,17:03:54,7.71,8.38,11.04
stress-ng --cpu 1 --cpu-load 28 --quiet --timeout 60s,7,4/27/2026,17:03:55,7.61,8.38,11.04
stress-ng --cpu 1 --cpu-load 28 --quiet --timeout 60s,7,4/27/2026,17:03:56,8.62,8.38,10.88
stress-ng --cpu 1 --cpu-load 28 --quiet --timeout 60s,7,4/27/2026,17:03:57,7.94,8.38,10.71
stress-ng --cpu 1 --cpu-load 28 --quiet --timeout 60s,7,4/27/2026,17:03:58,7.71,8.38,10.71
stress-ng --cpu 1 --cpu-load 28 --quiet --timeout 60s,7,4/27/2026,17:03:59,7.44,8.38,11.04
stress-ng --cpu 1 --cpu-load 28 --quiet --timeout 60s,7,4/27/2026,17:04:00,8.16,8.38,10.91
stress-ng --cpu 1 --cpu-load 28 --quiet --timeout 60s,7,4/27/2026,17:04:01,7.9,8.38,10.91
stress-ng --cpu 1 --cpu-load 28 --quiet --timeout 60s,7,4/27/2026,17:04:02,8.12,8.38,10.95
stress-ng --cpu 1 --cpu-load 28 --quiet --timeout 60s,7,4/27/2026,17:04:03,9.11,8.38,10.64
stress-ng --cpu 1 --cpu-load 28 --quiet --timeout 60s,7,4/27/2026,17:04:04,7.92,8.38,10.64
stress-ng --cpu 1 --cpu-load 28 --quiet --timeout 60s,7,4/27/2026,17:04:05,8.12,8.38,11.65
stress-ng --cpu 1 --cpu-load 28 --quiet --timeout 60s,7,4/27/2026,17:04:06,8.04,8.38,10.79
stress-ng --cpu 1 --cpu-load 28 --quiet --timeout 60s,7,4/27/2026,17:04:07,9.15,8.38,10.79
stress-ng --cpu 1 --cpu-load 28 --quiet --timeout 60s,7,4/27/2026,17:04:08,7.46,8.38,11.19
stress-ng --cpu 1 --cpu-load 28 --quiet --timeout 60s,7,4/27/2026,17:04:09,7.88,8.38,12.19
stress-ng --cpu 1 --cpu-load 28 --quiet --timeout 60s,7,4/27/2026,17:04:10,8.1,8.38,12.19
stress-ng --cpu 1 --cpu-load 28 --quiet --timeout 60s,7,4/27/2026,17:04:11,9.11,8.38,11.38
stress-ng --cpu 1 --cpu-load 28 --quiet --timeout 60s,7,4/27/2026,17:04:12,7.17,8.38,10.95
stress-ng --cpu 1 --cpu-load 28 --quiet --timeout 60s,7,4/27/2026,17:04:13,9.11,8.38,10.95
stress-ng --cpu 1 --cpu-load 28 --quiet --timeout 60s,7,4/27/2026,17:04:14,7.48,8.38,11.43
stress-ng --cpu 1 --cpu-load 28 --quiet --timeout 60s,7,4/27/2026,17:04:15,8.64,8.38,10.73
stress-ng --cpu 1 --cpu-load 28 --quiet --timeout 60s,7,4/27/2026,17:04:16,7.46,8.38,10.73
stress-ng --cpu 1 --cpu-load 28 --quiet --timeout 60s,7,4/27/2026,17:04:17,8.37,8.38,11.41
stress-ng --cpu 1 --cpu-load 28 --quiet --timeout 60s,7,4/27/2026,17:04:18,8.86,8.38,10.68
stress-ng --cpu 1 --cpu-load 28 --quiet --timeout 60s,7,4/27/2026,17:04:19,7.71,8.38,10.68
stress-ng --cpu 1 --cpu-load 28 --quiet --timeout 60s,7,4/27/2026,17:04:20,7.46,8.38,11.23
stress-ng --cpu 1 --cpu-load 28 --quiet --timeout 60s,7,4/27/2026,17:04:21,7.71,8.38,10.9
stress-ng --cpu 1 --cpu-load 28 --quiet --timeout 60s,7,4/27/2026,17:04:22,7.71,8.38,10.9
stress-ng --cpu 1 --cpu-load 28 --quiet --timeout 60s,7,4/27/2026,17:04:23,7.65,8.38,10.92
stress-ng --cpu 1 --cpu-load 28 --quiet --timeout 60s,7,4/27/2026,17:04:24,9.42,8.38,10.92
stress-ng --cpu 1 --cpu-load 28 --quiet --timeout 60s,7,4/27/2026,17:04:25,7.44,8.38,10.92
stress-ng --cpu 1 --cpu-load 28 --quiet --timeout 60s,7,4/27/2026,17:04:26,7.71,8.38,11.31
stress-ng --cpu 1 --cpu-load 28 --quiet --timeout 60s,7,4/27/2026,17:04:27,7.42,8.38,10.79
stress-ng --cpu 1 --cpu-load 28 --quiet --timeout 60s,7,4/27/2026,17:04:28,8.08,8.38,10.79
stress-ng --cpu 1 --cpu-load 28 --quiet --timeout 60s,7,4/27/2026,17:04:29,9.11,8.38,11.09
stress-ng --cpu 1 --cpu-load 28 --quiet --timeout 60s,7,4/27/2026,17:04:30,8.12,8.38,10.64
stress-ng --cpu 1 --cpu-load 28 --quiet --timeout 60s,7,4/27/2026,17:04:31,8.62,8.38,10.64
stress-ng --cpu 1 --cpu-load 28 --quiet --timeout 60s,7,4/27/2026,17:04:32,7.88,8.38,11.12
stress-ng --cpu 1 --cpu-load 28 --quiet --timeout 60s,7,4/27/2026,17:04:33,7.87,8.38,10.8
stress-ng --cpu 1 --cpu-load 28 --quiet --timeout 60s,7,4/27/2026,17:04:34,7.86,8.38,10.8
stress-ng --cpu 1 --cpu-load 28 --quiet --timeout 60s,7,4/27/2026,17:04:35,8.88,8.38,11.07
stress-ng --cpu 1 --cpu-load 28 --quiet --timeout 60s,7,4/27/2026,17:04:36,7.88,8.38,11.34
stress-ng --cpu 1 --cpu-load 32 --quiet --timeout 60s,8,4/27/2026,12:57:30,1.46,8.39,9.39
stress-ng --cpu 1 --cpu-load 32 --quiet --timeout 60s,8,4/27/2026,12:57:31,7.38,8.39,9.13
stress-ng --cpu 1 --cpu-load 32 --quiet --timeout 60s,8,4/27/2026,12:57:32,8.84,8.39,11.12
stress-ng --cpu 1 --cpu-load 32 --quiet --timeout 60s,8,4/27/2026,12:57:33,9.58,8.39,11.12
stress-ng --cpu 1 --cpu-load 32 --quiet --timeout 60s,8,4/27/2026,12:57:34,8.62,8.4,11.19
stress-ng --cpu 1 --cpu-load 32 --quiet --timeout 60s,8,4/27/2026,12:57:35,9.09,8.4,11.19
stress-ng --cpu 1 --cpu-load 32 --quiet --timeout 60s,8,4/27/2026,12:57:36,9.33,8.4,11.57
stress-ng --cpu 1 --cpu-load 32 --quiet --timeout 60s,8,4/27/2026,12:57:37,8.88,8.4,11.21
stress-ng --cpu 1 --cpu-load 32 --quiet --timeout 60s,8,4/27/2026,12:57:38,9.6,8.4,11.21
stress-ng --cpu 1 --cpu-load 32 --quiet --timeout 60s,8,4/27/2026,12:57:39,8.95,8.4,11.61
stress-ng --cpu 1 --cpu-load 32 --quiet --timeout 60s,8,4/27/2026,12:57:40,8.12,8.4,11.08
stress-ng --cpu 1 --cpu-load 32 --quiet --timeout 60s,8,4/27/2026,12:57:41,9.65,8.4,11.08
stress-ng --cpu 1 --cpu-load 32 --quiet --timeout 60s,8,4/27/2026,12:57:42,8.64,8.4,11.26
stress-ng --cpu 1 --cpu-load 32 --quiet --timeout 60s,8,4/27/2026,12:57:43,8.41,8.4,11.13
stress-ng --cpu 1 --cpu-load 32 --quiet --timeout 60s,8,4/27/2026,12:57:44,9.8,8.4,11.13
stress-ng --cpu 1 --cpu-load 32 --quiet --timeout 60s,8,4/27/2026,12:57:45,9.13,8.4,10.93
stress-ng --cpu 1 --cpu-load 32 --quiet --timeout 60s,8,4/27/2026,12:57:46,8.82,8.4,11.12
stress-ng --cpu 1 --cpu-load 32 --quiet --timeout 60s,8,4/27/2026,12:57:47,9.06,8.4,11.12
stress-ng --cpu 1 --cpu-load 32 --quiet --timeout 60s,8,4/27/2026,12:57:48,9.31,8.4,11.57
stress-ng --cpu 1 --cpu-load 32 --quiet --timeout 60s,8,4/27/2026,12:57:49,9.11,8.4,11.13
stress-ng --cpu 1 --cpu-load 32 --quiet --timeout 60s,8,4/27/2026,12:57:50,8.82,8.4,11.13
stress-ng --cpu 1 --cpu-load 32 --quiet --timeout 60s,8,4/27/2026,12:57:51,9.09,8.4,11.28
stress-ng --cpu 1 --cpu-load 32 --quiet --timeout 60s,8,4/27/2026,12:57:52,10.37,8.4,11.1
stress-ng --cpu 1 --cpu-load 32 --quiet --timeout 60s,8,4/27/2026,12:57:53,7.75,8.4,11.1
stress-ng --cpu 1 --cpu-load 32 --quiet --timeout 60s,8,4/27/2026,12:57:54,9.15,8.4,11.74
stress-ng --cpu 1 --cpu-load 32 --quiet --timeout 60s,8,4/27/2026,12:57:55,9.22,8.4,11.32
stress-ng --cpu 1 --cpu-load 32 --quiet --timeout 60s,8,4/27/2026,12:57:56,9.15,8.4,11.32
stress-ng --cpu 1 --cpu-load 32 --quiet --timeout 60s,8,4/27/2026,12:57:57,7.71,8.4,11.19
stress-ng --cpu 1 --cpu-load 32 --quiet --timeout 60s,8,4/27/2026,12:57:58,10.29,8.4,11.13
stress-ng --cpu 1 --cpu-load 32 --quiet --timeout 60s,8,4/27/2026,12:57:59,7.94,8.4,11.13
stress-ng --cpu 1 --cpu-load 32 --quiet --timeout 60s,8,4/27/2026,12:58:00,9.7,8.4,11.13
stress-ng --cpu 1 --cpu-load 32 --quiet --timeout 60s,8,4/27/2026,12:58:01,8.39,8.4,11.12
stress-ng --cpu 1 --cpu-load 32 --quiet --timeout 60s,8,4/27/2026,12:58:02,9.09,8.4,11.12
stress-ng --cpu 1 --cpu-load 32 --quiet --timeout 60s,8,4/27/2026,12:58:03,10.34,8.4,11.24
stress-ng --cpu 1 --cpu-load 32 --quiet --timeout 60s,8,4/27/2026,12:58:04,8.39,8.4,11.38
stress-ng --cpu 1 --cpu-load 32 --quiet --timeout 60s,8,4/27/2026,12:58:05,9.13,8.4,11.09
stress-ng --cpu 1 --cpu-load 32 --quiet --timeout 60s,8,4/27/2026,12:58:06,9.2,8.4,11.12
stress-ng --cpu 1 --cpu-load 32 --quiet --timeout 60s,8,4/27/2026,12:58:07,11.47,8.4,11.12
stress-ng --cpu 1 --cpu-load 32 --quiet --timeout 60s,8,4/27/2026,12:58:08,8.41,8.4,12.19
stress-ng --cpu 1 --cpu-load 32 --quiet --timeout 60s,8,4/27/2026,12:58:09,9.53,8.4,11.31
stress-ng --cpu 1 --cpu-load 32 --quiet --timeout 60s,8,4/27/2026,12:58:10,9.33,8.4,11.31
stress-ng --cpu 1 --cpu-load 32 --quiet --timeout 60s,8,4/27/2026,12:58:11,9.13,8.4,11.1
stress-ng --cpu 1 --cpu-load 32 --quiet --timeout 60s,8,4/27/2026,12:58:12,9.09,8.4,11.61
stress-ng --cpu 1 --cpu-load 32 --quiet --timeout 60s,8,4/27/2026,12:58:13,9.65,8.4,11.61
stress-ng --cpu 1 --cpu-load 32 --quiet --timeout 60s,8,4/27/2026,12:58:14,8.72,8.4,10.85
stress-ng --cpu 1 --cpu-load 32 --quiet --timeout 60s,8,4/27/2026,12:58:15,8.88,8.4,11.26
stress-ng --cpu 1 --cpu-load 32 --quiet --timeout 60s,8,4/27/2026,12:58:16,9.85,8.4,11.26
stress-ng --cpu 1 --cpu-load 32 --quiet --timeout 60s,8,4/27/2026,12:58:17,11.97,8.4,10.99
stress-ng --cpu 1 --cpu-load 32 --quiet --timeout 60s,8,4/27/2026,12:58:18,9.5,8.4,12.35
stress-ng --cpu 1 --cpu-load 32 --quiet --timeout 60s,8,4/27/2026,12:58:19,9.2,8.4,12.35
stress-ng --cpu 1 --cpu-load 32 --quiet --timeout 60s,8,4/27/2026,12:58:20,9.67,8.4,11.4
stress-ng --cpu 1 --cpu-load 32 --quiet --timeout 60s,8,4/27/2026,12:58:21,8.7,8.4,11.3
stress-ng --cpu 1 --cpu-load 32 --quiet --timeout 60s,8,4/27/2026,12:58:22,8.7,8.4,11.3
stress-ng --cpu 1 --cpu-load 32 --quiet --timeout 60s,8,4/27/2026,12:58:23,8.97,8.4,10.87
stress-ng --cpu 1 --cpu-load 32 --quiet --timeout 60s,8,4/27/2026,12:58:24,8.93,8.4,11.37
stress-ng --cpu 1 --cpu-load 32 --quiet --timeout 60s,8,4/27/2026,12:58:25,8.95,8.4,11.37
stress-ng --cpu 1 --cpu-load 32 --quiet --timeout 60s,8,4/27/2026,12:58:26,8.75,8.4,11.38
stress-ng --cpu 1 --cpu-load 32 --quiet --timeout 60s,8,4/27/2026,12:58:27,8.14,8.4,11.4
stress-ng --cpu 1 --cpu-load 32 --quiet --timeout 60s,8,4/27/2026,12:58:28,10.09,8.4,11.4
stress-ng --cpu 1 --cpu-load 32 --quiet --timeout 60s,8,4/27/2026,12:58:29,9.18,8.4,11.3
stress-ng --cpu 1 --cpu-load 32 --quiet --timeout 60s,8,4/27/2026,12:58:30,9.72,8.4,12.03
stress-ng --cpu 1 --cpu-load 32 --quiet --timeout 60s,8,4/27/2026,14:23:32,1.47,8.37,9.28
stress-ng --cpu 1 --cpu-load 32 --quiet --timeout 60s,8,4/27/2026,14:23:33,7.88,8.39,9.3
stress-ng --cpu 1 --cpu-load 32 --quiet --timeout 60s,8,4/27/2026,14:23:34,9.2,8.39,10.42
stress-ng --cpu 1 --cpu-load 32 --quiet --timeout 60s,8,4/27/2026,14:23:35,8.75,8.39,11.66
stress-ng --cpu 1 --cpu-load 32 --quiet --timeout 60s,8,4/27/2026,14:23:36,8.93,8.39,11.66
stress-ng --cpu 1 --cpu-load 32 --quiet --timeout 60s,8,4/27/2026,14:23:37,8.64,8.4,11.45
stress-ng --cpu 1 --cpu-load 32 --quiet --timeout 60s,8,4/27/2026,14:23:38,8.84,8.4,11.45
stress-ng --cpu 1 --cpu-load 32 --quiet --timeout 60s,8,4/27/2026,14:23:39,9.09,8.4,10.93
stress-ng --cpu 1 --cpu-load 32 --quiet --timeout 60s,8,4/27/2026,14:23:40,10.12,8.39,11.47
stress-ng --cpu 1 --cpu-load 32 --quiet --timeout 60s,8,4/27/2026,14:23:41,7.92,8.39,11.47
stress-ng --cpu 1 --cpu-load 32 --quiet --timeout 60s,8,4/27/2026,14:23:42,9.58,8.39,11.16
stress-ng --cpu 1 --cpu-load 32 --quiet --timeout 60s,8,4/27/2026,14:23:43,8.16,8.39,10.94
stress-ng --cpu 1 --cpu-load 32 --quiet --timeout 60s,8,4/27/2026,14:23:44,9.06,8.39,10.94
stress-ng --cpu 1 --cpu-load 32 --quiet --timeout 60s,8,4/27/2026,14:23:45,9.77,8.39,11.29
stress-ng --cpu 1 --cpu-load 32 --quiet --timeout 60s,8,4/27/2026,14:23:46,8.64,8.39,11.02
stress-ng --cpu 1 --cpu-load 32 --quiet --timeout 60s,8,4/27/2026,14:23:47,9.31,8.4,11.02
stress-ng --cpu 1 --cpu-load 32 --quiet --timeout 60s,8,4/27/2026,14:23:48,9.42,8.4,11.36
stress-ng --cpu 1 --cpu-load 32 --quiet --timeout 60s,8,4/27/2026,14:23:49,8.66,8.39,11.2
stress-ng --cpu 1 --cpu-load 32 --quiet --timeout 60s,8,4/27/2026,14:23:50,9.18,8.4,11.2
stress-ng --cpu 1 --cpu-load 32 --quiet --timeout 60s,8,4/27/2026,14:23:51,8.47,8.4,11.65
stress-ng --cpu 1 --cpu-load 32 --quiet --timeout 60s,8,4/27/2026,14:23:52,8.7,8.4,11.05
stress-ng --cpu 1 --cpu-load 32 --quiet --timeout 60s,8,4/27/2026,14:23:53,9.62,8.4,11.05
stress-ng --cpu 1 --cpu-load 32 --quiet --timeout 60s,8,4/27/2026,14:23:54,8.91,8.4,11.26
stress-ng --cpu 1 --cpu-load 32 --quiet --timeout 60s,8,4/27/2026,14:23:55,8.7,8.4,11.43
stress-ng --cpu 1 --cpu-load 32 --quiet --timeout 60s,8,4/27/2026,14:23:56,8.39,8.4,11.43
stress-ng --cpu 1 --cpu-load 32 --quiet --timeout 60s,8,4/27/2026,14:23:57,9.11,8.4,11.48
stress-ng --cpu 1 --cpu-load 32 --quiet --timeout 60s,8,4/27/2026,14:23:58,9.55,8.4,10.91
stress-ng --cpu 1 --cpu-load 32 --quiet --timeout 60s,8,4/27/2026,14:23:59,9.45,8.4,11.59
stress-ng --cpu 1 --cpu-load 32 --quiet --timeout 60s,8,4/27/2026,14:24:00,7.92,8.4,11.12
stress-ng --cpu 1 --cpu-load 32 --quiet --timeout 60s,8,4/27/2026,14:24:01,9.06,8.4,11.12
stress-ng --cpu 1 --cpu-load 32 --quiet --timeout 60s,8,4/27/2026,14:24:02,9.87,8.4,11.43
stress-ng --cpu 1 --cpu-load 32 --quiet --timeout 60s,8,4/27/2026,14:24:03,7.98,8.4,10.94
stress-ng --cpu 1 --cpu-load 32 --quiet --timeout 60s,8,4/27/2026,14:24:04,9.13,8.4,10.94
stress-ng --cpu 1 --cpu-load 32 --quiet --timeout 60s,8,4/27/2026,14:24:05,9.55,8.4,12.39
stress-ng --cpu 1 --cpu-load 32 --quiet --timeout 60s,8,4/27/2026,14:24:06,9.11,8.4,10.89
stress-ng --cpu 1 --cpu-load 32 --quiet --timeout 60s,8,4/27/2026,14:24:07,9.85,8.4,10.89
stress-ng --cpu 1 --cpu-load 32 --quiet --timeout 60s,8,4/27/2026,14:24:08,8.88,8.4,11.08
stress-ng --cpu 1 --cpu-load 32 --quiet --timeout 60s,8,4/27/2026,14:24:09,8.64,8.4,11.08
stress-ng --cpu 1 --cpu-load 32 --quiet --timeout 60s,8,4/27/2026,14:24:10,9.72,8.4,11.08
stress-ng --cpu 1 --cpu-load 32 --quiet --timeout 60s,8,4/27/2026,14:24:11,8.72,8.4,11.46
stress-ng --cpu 1 --cpu-load 32 --quiet --timeout 60s,8,4/27/2026,14:24:12,8.66,8.4,11.12
stress-ng --cpu 1 --cpu-load 32 --quiet --timeout 60s,8,4/27/2026,14:24:13,8.88,8.4,11.12
stress-ng --cpu 1 --cpu-load 32 --quiet --timeout 60s,8,4/27/2026,14:24:14,9.62,8.4,11.49
stress-ng --cpu 1 --cpu-load 32 --quiet --timeout 60s,8,4/27/2026,14:24:15,8.72,8.4,10.99
stress-ng --cpu 1 --cpu-load 32 --quiet --timeout 60s,8,4/27/2026,14:24:16,9.15,8.4,10.99
stress-ng --cpu 1 --cpu-load 32 --quiet --timeout 60s,8,4/27/2026,14:24:17,9.22,8.4,11.63
stress-ng --cpu 1 --cpu-load 32 --quiet --timeout 60s,8,4/27/2026,14:24:18,8.7,8.4,11.28
stress-ng --cpu 1 --cpu-load 32 --quiet --timeout 60s,8,4/27/2026,14:24:19,8.88,8.4,11.28
stress-ng --cpu 1 --cpu-load 32 --quiet --timeout 60s,8,4/27/2026,14:24:20,8.735,8.4,11.44
stress-ng --cpu 1 --cpu-load 32 --quiet --timeout 60s,8,4/27/2026,14:24:21,8.59,8.4,10.95
stress-ng --cpu 1 --cpu-load 32 --quiet --timeout 60s,8,4/27/2026,14:24:22,9.33,8.4,10.95
stress-ng --cpu 1 --cpu-load 32 --quiet --timeout 60s,8,4/27/2026,14:24:23,9.04,8.4,10.96
stress-ng --cpu 1 --cpu-load 32 --quiet --timeout 60s,8,4/27/2026,14:24:24,9.09,8.4,11.33
stress-ng --cpu 1 --cpu-load 32 --quiet --timeout 60s,8,4/27/2026,14:24:25,8.82,8.4,11.33
stress-ng --cpu 1 --cpu-load 32 --quiet --timeout 60s,8,4/27/2026,14:24:26,9.8,8.4,11.29
stress-ng --cpu 1 --cpu-load 32 --quiet --timeout 60s,8,4/27/2026,14:24:27,8.39,8.4,11.4
stress-ng --cpu 1 --cpu-load 32 --quiet --timeout 60s,8,4/27/2026,14:24:28,9.6,8.4,11.4
stress-ng --cpu 1 --cpu-load 32 --quiet --timeout 60s,8,4/27/2026,14:24:29,8.66,8.4,11.05
stress-ng --cpu 1 --cpu-load 32 --quiet --timeout 60s,8,4/27/2026,14:24:30,9.15,8.4,11.16
stress-ng --cpu 1 --cpu-load 32 --quiet --timeout 60s,8,4/27/2026,14:24:31,9.42,8.4,11.16
stress-ng --cpu 1 --cpu-load 32 --quiet --timeout 60s,8,4/27/2026,14:24:32,8.72,8.4,11.02
stress-ng --cpu 1 --cpu-load 32 --quiet --timeout 60s,8,4/27/2026,17:05:36,1.71,8.37,9.6
stress-ng --cpu 1 --cpu-load 32 --quiet --timeout 60s,8,4/27/2026,17:05:37,9.11,8.4,10.22
stress-ng --cpu 1 --cpu-load 32 --quiet --timeout 60s,8,4/27/2026,17:05:38,9.18,8.4,11.14
stress-ng --cpu 1 --cpu-load 32 --quiet --timeout 60s,8,4/27/2026,17:05:39,8.41,8.39,11.14
stress-ng --cpu 1 --cpu-load 32 --quiet --timeout 60s,8,4/27/2026,17:05:40,9.85,8.39,11.02
stress-ng --cpu 1 --cpu-load 32 --quiet --timeout 60s,8,4/27/2026,17:05:41,9.42,8.39,11.25
stress-ng --cpu 1 --cpu-load 32 --quiet --timeout 60s,8,4/27/2026,17:05:42,8.41,8.4,11.25
stress-ng --cpu 1 --cpu-load 32 --quiet --timeout 60s,8,4/27/2026,17:05:43,8.64,8.39,11
stress-ng --cpu 1 --cpu-load 32 --quiet --timeout 60s,8,4/27/2026,17:05:44,10.31,8.39,11.63
stress-ng --cpu 1 --cpu-load 32 --quiet --timeout 60s,8,4/27/2026,17:05:45,8.18,8.39,11.63
stress-ng --cpu 1 --cpu-load 32 --quiet --timeout 60s,8,4/27/2026,17:05:46,9.29,8.39,11.04
stress-ng --cpu 1 --cpu-load 32 --quiet --timeout 60s,8,4/27/2026,17:05:47,9.42,8.39,11.37
stress-ng --cpu 1 --cpu-load 32 --quiet --timeout 60s,8,4/27/2026,17:05:48,8.62,8.39,11.37
stress-ng --cpu 1 --cpu-load 32 --quiet --timeout 60s,8,4/27/2026,17:05:49,9.58,8.39,11.53
stress-ng --cpu 1 --cpu-load 32 --quiet --timeout 60s,8,4/27/2026,17:05:50,9.45,8.39,11.69
stress-ng --cpu 1 --cpu-load 32 --quiet --timeout 60s,8,4/27/2026,17:05:51,7.94,8.39,11.02
stress-ng --cpu 1 --cpu-load 32 --quiet --timeout 60s,8,4/27/2026,17:05:52,8.84,8.39,11.02
stress-ng --cpu 1 --cpu-load 32 --quiet --timeout 60s,8,4/27/2026,17:05:53,10.31,8.39,11.3
stress-ng --cpu 1 --cpu-load 32 --quiet --timeout 60s,8,4/27/2026,17:05:54,7.69,8.39,11.02
stress-ng --cpu 1 --cpu-load 32 --quiet --timeout 60s,8,4/27/2026,17:05:55,9.6,8.39,11.02
stress-ng --cpu 1 --cpu-load 32 --quiet --timeout 60s,8,4/27/2026,17:05:56,8.84,8.39,11.5
stress-ng --cpu 1 --cpu-load 32 --quiet --timeout 60s,8,4/27/2026,17:05:57,9.11,8.39,10.99
stress-ng --cpu 1 --cpu-load 32 --quiet --timeout 60s,8,4/27/2026,17:05:58,9.38,8.4,10.99
stress-ng --cpu 1 --cpu-load 32 --quiet --timeout 60s,8,4/27/2026,17:05:59,9.11,8.4,11.27
stress-ng --cpu 1 --cpu-load 32 --quiet --timeout 60s,8,4/27/2026,17:06:00,9.09,8.4,11.07
stress-ng --cpu 1 --cpu-load 32 --quiet --timeout 60s,8,4/27/2026,17:06:01,9.9,8.4,11.07
stress-ng --cpu 1 --cpu-load 32 --quiet --timeout 60s,8,4/27/2026,17:06:02,8.41,8.39,11.04
stress-ng --cpu 1 --cpu-load 32 --quiet --timeout 60s,8,4/27/2026,17:06:03,8.91,8.39,10.92
stress-ng --cpu 1 --cpu-load 32 --quiet --timeout 60s,8,4/27/2026,17:06:04,10.09,8.4,10.92
stress-ng --cpu 1 --cpu-load 32 --quiet --timeout 60s,8,4/27/2026,17:06:05,8.95,8.4,11.38
stress-ng --cpu 1 --cpu-load 32 --quiet --timeout 60s,8,4/27/2026,17:06:06,8.68,8.4,11.14
stress-ng --cpu 1 --cpu-load 32 --quiet --timeout 60s,8,4/27/2026,17:06:07,9.11,8.4,11.14
stress-ng --cpu 1 --cpu-load 32 --quiet --timeout 60s,8,4/27/2026,17:06:08,9.06,8.4,11.32
stress-ng --cpu 1 --cpu-load 32 --quiet --timeout 60s,8,4/27/2026,17:06:09,9.55,8.4,11.74
stress-ng --cpu 1 --cpu-load 32 --quiet --timeout 60s,8,4/27/2026,17:06:10,10.14,8.4,11.74
stress-ng --cpu 1 --cpu-load 32 --quiet --timeout 60s,8,4/27/2026,17:06:11,8.41,8.4,11.29
stress-ng --cpu 1 --cpu-load 32 --quiet --timeout 60s,8,4/27/2026,17:06:12,8.41,8.4,11.17
stress-ng --cpu 1 --cpu-load 32 --quiet --timeout 60s,8,4/27/2026,17:06:13,9.6,8.4,11.17
stress-ng --cpu 1 --cpu-load 32 --quiet --timeout 60s,8,4/27/2026,17:06:14,9.45,8.4,10.8
stress-ng --cpu 1 --cpu-load 32 --quiet --timeout 60s,8,4/27/2026,17:06:15,7.67,8.4,11.31
stress-ng --cpu 1 --cpu-load 32 --quiet --timeout 60s,8,4/27/2026,17:06:16,9.09,8.4,11.31
stress-ng --cpu 1 --cpu-load 32 --quiet --timeout 60s,8,4/27/2026,17:06:17,9.82,8.4,10.94
stress-ng --cpu 1 --cpu-load 32 --quiet --timeout 60s,8,4/27/2026,17:06:18,8.72,8.4,11.24
stress-ng --cpu 1 --cpu-load 32 --quiet --timeout 60s,8,4/27/2026,17:06:19,8.16,8.4,11.24
stress-ng --cpu 1 --cpu-load 32 --quiet --timeout 60s,8,4/27/2026,17:06:20,9.33,8.4,10.89
stress-ng --cpu 1 --cpu-load 32 --quiet --timeout 60s,8,4/27/2026,17:06:21,9.31,8.4,11.6
stress-ng --cpu 1 --cpu-load 32 --quiet --timeout 60s,8,4/27/2026,17:06:22,9.29,8.4,11.6
stress-ng --cpu 1 --cpu-load 32 --quiet --timeout 60s,8,4/27/2026,17:06:23,9.62,8.4,11.14
stress-ng --cpu 1 --cpu-load 32 --quiet --timeout 60s,8,4/27/2026,17:06:24,9.38,8.4,11.27
stress-ng --cpu 1 --cpu-load 32 --quiet --timeout 60s,8,4/27/2026,17:06:25,8.43,8.4,11.27
stress-ng --cpu 1 --cpu-load 32 --quiet --timeout 60s,8,4/27/2026,17:06:26,8.86,8.4,11.11
stress-ng --cpu 1 --cpu-load 32 --quiet --timeout 60s,8,4/27/2026,17:06:27,9.33,8.4,11.1
stress-ng --cpu 1 --cpu-load 32 --quiet --timeout 60s,8,4/27/2026,17:06:28,9.31,8.4,11.1
stress-ng --cpu 1 --cpu-load 32 --quiet --timeout 60s,8,4/27/2026,17:06:29,8.64,8.4,11
stress-ng --cpu 1 --cpu-load 32 --quiet --timeout 60s,8,4/27/2026,17:06:30,9.35,8.4,11.11
stress-ng --cpu 1 --cpu-load 32 --quiet --timeout 60s,8,4/27/2026,17:06:31,9.6,8.4,11.11
stress-ng --cpu 1 --cpu-load 32 --quiet --timeout 60s,8,4/27/2026,17:06:32,8.22,8.4,10.66
stress-ng --cpu 1 --cpu-load 32 --quiet --timeout 60s,8,4/27/2026,17:06:33,8.43,8.4,11.18
stress-ng --cpu 1 --cpu-load 32 --quiet --timeout 60s,8,4/27/2026,17:06:34,9.42,8.4,11.18
stress-ng --cpu 1 --cpu-load 32 --quiet --timeout 60s,8,4/27/2026,17:06:35,9.15,8.4,10.85
stress-ng --cpu 1 --cpu-load 32 --quiet --timeout 60s,8,4/27/2026,17:06:36,8.37,8.4,11.51
stress-ng --cpu 1 --cpu-load 36 --quiet --timeout 60s,9,4/27/2026,13:43:31,1.47,8.37,9.29
stress-ng --cpu 1 --cpu-load 36 --quiet --timeout 60s,9,4/27/2026,13:43:32,4.69,8.4,9.29
stress-ng --cpu 1 --cpu-load 36 --quiet --timeout 60s,9,4/27/2026,13:43:33,10.39,8.4,11.63
stress-ng --cpu 1 --cpu-load 36 --quiet --timeout 60s,9,4/27/2026,13:43:34,10.14,8.4,11.63
stress-ng --cpu 1 --cpu-load 36 --quiet --timeout 60s,9,4/27/2026,13:43:35,10.14,8.4,11.63
stress-ng --cpu 1 --cpu-load 36 --quiet --timeout 60s,9,4/27/2026,13:43:36,10.14,8.4,11.53
stress-ng --cpu 1 --cpu-load 36 --quiet --timeout 60s,9,4/27/2026,13:43:37,9.18,8.4,11.64
stress-ng --cpu 1 --cpu-load 36 --quiet --timeout 60s,9,4/27/2026,13:43:38,10.12,8.4,11.64
stress-ng --cpu 1 --cpu-load 36 --quiet --timeout 60s,9,4/27/2026,13:43:39,11.16,8.4,11.74
stress-ng --cpu 1 --cpu-load 36 --quiet --timeout 60s,9,4/27/2026,13:43:40,9.15,8.4,11.73
stress-ng --cpu 1 --cpu-load 36 --quiet --timeout 60s,9,4/27/2026,13:43:41,10.42,8.4,11.73
stress-ng --cpu 1 --cpu-load 36 --quiet --timeout 60s,9,4/27/2026,13:43:42,9.42,8.4,11.29
stress-ng --cpu 1 --cpu-load 36 --quiet --timeout 60s,9,4/27/2026,13:43:43,9.65,8.4,11.11
stress-ng --cpu 1 --cpu-load 36 --quiet --timeout 60s,9,4/27/2026,13:43:44,10.86,8.4,11.11
stress-ng --cpu 1 --cpu-load 36 --quiet --timeout 60s,9,4/27/2026,13:43:45,9.15,8.4,11.71
stress-ng --cpu 1 --cpu-load 36 --quiet --timeout 60s,9,4/27/2026,13:43:46,10.31,8.4,11.19
stress-ng --cpu 1 --cpu-load 36 --quiet --timeout 60s,9,4/27/2026,13:43:47,10.29,8.4,11.19
stress-ng --cpu 1 --cpu-load 36 --quiet --timeout 60s,9,4/27/2026,13:43:48,10.37,8.4,11.39
stress-ng --cpu 1 --cpu-load 36 --quiet --timeout 60s,9,4/27/2026,13:43:49,9.67,8.4,11.69
stress-ng --cpu 1 --cpu-load 36 --quiet --timeout 60s,9,4/27/2026,13:43:50,9.9,8.4,11.69
stress-ng --cpu 1 --cpu-load 36 --quiet --timeout 60s,9,4/27/2026,13:43:51,9.95,8.4,11.26
stress-ng --cpu 1 --cpu-load 36 --quiet --timeout 60s,9,4/27/2026,13:43:52,9.13,8.4,11.27
stress-ng --cpu 1 --cpu-load 36 --quiet --timeout 60s,9,4/27/2026,13:43:53,10.37,8.4,11.27
stress-ng --cpu 1 --cpu-load 36 --quiet --timeout 60s,9,4/27/2026,13:43:54,10.07,8.4,11.69
stress-ng --cpu 1 --cpu-load 36 --quiet --timeout 60s,9,4/27/2026,13:43:55,10.31,8.4,11.62
stress-ng --cpu 1 --cpu-load 36 --quiet --timeout 60s,9,4/27/2026,13:43:56,9.82,8.4,11.62
stress-ng --cpu 1 --cpu-load 36 --quiet --timeout 60s,9,4/27/2026,13:43:57,10.64,8.4,11.33
stress-ng --cpu 1 --cpu-load 36 --quiet --timeout 60s,9,4/27/2026,13:43:58,9.18,8.4,11.44
stress-ng --cpu 1 --cpu-load 36 --quiet --timeout 60s,9,4/27/2026,13:43:59,10.59,8.4,11.44
stress-ng --cpu 1 --cpu-load 36 --quiet --timeout 60s,9,4/27/2026,13:44:00,9.85,8.4,11.81
stress-ng --cpu 1 --cpu-load 36 --quiet --timeout 60s,9,4/27/2026,13:44:01,10.12,8.4,11.54
stress-ng --cpu 1 --cpu-load 36 --quiet --timeout 60s,9,4/27/2026,13:44:02,10.09,8.4,11.54
stress-ng --cpu 1 --cpu-load 36 --quiet --timeout 60s,9,4/27/2026,13:44:03,10.14,8.4,11.12
stress-ng --cpu 1 --cpu-load 36 --quiet --timeout 60s,9,4/27/2026,13:44:04,10.64,8.4,11.58
stress-ng --cpu 1 --cpu-load 36 --quiet --timeout 60s,9,4/27/2026,13:44:05,9.42,8.4,11.58
stress-ng --cpu 1 --cpu-load 36 --quiet --timeout 60s,9,4/27/2026,13:44:06,9.9,8.4,11.8
stress-ng --cpu 1 --cpu-load 36 --quiet --timeout 60s,9,4/27/2026,13:44:07,10.34,8.4,11.18
stress-ng --cpu 1 --cpu-load 36 --quiet --timeout 60s,9,4/27/2026,13:44:08,9.87,8.4,11.18
stress-ng --cpu 1 --cpu-load 36 --quiet --timeout 60s,9,4/27/2026,13:44:09,10.14,8.4,11.59
stress-ng --cpu 1 --cpu-load 36 --quiet --timeout 60s,9,4/27/2026,13:44:10,10.14,8.4,10.95
stress-ng --cpu 1 --cpu-load 36 --quiet --timeout 60s,9,4/27/2026,13:44:11,9.87,8.4,10.95
stress-ng --cpu 1 --cpu-load 36 --quiet --timeout 60s,9,4/27/2026,13:44:12,9.92,8.4,11.35
stress-ng --cpu 1 --cpu-load 36 --quiet --timeout 60s,9,4/27/2026,13:44:13,9.67,8.4,10.97
stress-ng --cpu 1 --cpu-load 36 --quiet --timeout 60s,9,4/27/2026,13:44:14,10.56,8.4,10.97
stress-ng --cpu 1 --cpu-load 36 --quiet --timeout 60s,9,4/27/2026,13:44:15,9.65,8.4,11.7
stress-ng --cpu 1 --cpu-load 36 --quiet --timeout 60s,9,4/27/2026,13:44:16,10.14,8.4,11.2
stress-ng --cpu 1 --cpu-load 36 --quiet --timeout 60s,9,4/27/2026,13:44:17,9.95,8.4,11.2
stress-ng --cpu 1 --cpu-load 36 --quiet --timeout 60s,9,4/27/2026,13:44:18,9.7,8.4,11.45
stress-ng --cpu 1 --cpu-load 36 --quiet --timeout 60s,9,4/27/2026,13:44:19,8.93,8.4,11.65
stress-ng --cpu 1 --cpu-load 36 --quiet --timeout 60s,9,4/27/2026,13:44:20,10.04,8.4,11.65
stress-ng --cpu 1 --cpu-load 36 --quiet --timeout 60s,9,4/27/2026,13:44:21,9.92,8.4,11.41
stress-ng --cpu 1 --cpu-load 36 --quiet --timeout 60s,9,4/27/2026,13:44:22,10.53,8.4,11.39
stress-ng --cpu 1 --cpu-load 36 --quiet --timeout 60s,9,4/27/2026,13:44:23,9.85,8.4,11.39
stress-ng --cpu 1 --cpu-load 36 --quiet --timeout 60s,9,4/27/2026,13:44:24,9.92,8.4,11.36
stress-ng --cpu 1 --cpu-load 36 --quiet --timeout 60s,9,4/27/2026,13:44:25,10.51,8.4,11.43
stress-ng --cpu 1 --cpu-load 36 --quiet --timeout 60s,9,4/27/2026,13:44:26,10.39,8.4,11.43
stress-ng --cpu 1 --cpu-load 36 --quiet --timeout 60s,9,4/27/2026,13:44:27,9.38,8.4,11.36
stress-ng --cpu 1 --cpu-load 36 --quiet --timeout 60s,9,4/27/2026,13:44:28,10.59,8.4,11.15
stress-ng --cpu 1 --cpu-load 36 --quiet --timeout 60s,9,4/27/2026,13:44:29,9.42,8.4,11.15
stress-ng --cpu 1 --cpu-load 36 --quiet --timeout 60s,9,4/27/2026,13:44:30,10.34,8.4,12.35
stress-ng --cpu 1 --cpu-load 36 --quiet --timeout 60s,9,4/27/2026,13:44:31,9.67,8.38,11.24
stress-ng --cpu 1 --cpu-load 36 --quiet --timeout 60s,9,4/27/2026,14:45:33,1.71,8.38,10.13
stress-ng --cpu 1 --cpu-load 36 --quiet --timeout 60s,9,4/27/2026,14:45:34,10.83,8.39,10.13
stress-ng --cpu 1 --cpu-load 36 --quiet --timeout 60s,9,4/27/2026,14:45:35,9.38,8.39,11.99
stress-ng --cpu 1 --cpu-load 36 --quiet --timeout 60s,9,4/27/2026,14:45:36,10.42,8.39,11.4
stress-ng --cpu 1 --cpu-load 36 --quiet --timeout 60s,9,4/27/2026,14:45:37,9.62,8.39,11.4
stress-ng --cpu 1 --cpu-load 36 --quiet --timeout 60s,9,4/27/2026,14:45:38,10.04,8.39,11.67
stress-ng --cpu 1 --cpu-load 36 --quiet --timeout 60s,9,4/27/2026,14:45:39,10.09,8.39,11.47
stress-ng --cpu 1 --cpu-load 36 --quiet --timeout 60s,9,4/27/2026,14:45:40,10.12,8.39,11.47
stress-ng --cpu 1 --cpu-load 36 --quiet --timeout 60s,9,4/27/2026,14:45:41,9.42,8.39,11.27
stress-ng --cpu 1 --cpu-load 36 --quiet --timeout 60s,9,4/27/2026,14:45:42,10.31,8.39,11.51
stress-ng --cpu 1 --cpu-load 36 --quiet --timeout 60s,9,4/27/2026,14:45:43,9.9,8.39,11.51
stress-ng --cpu 1 --cpu-load 36 --quiet --timeout 60s,9,4/27/2026,14:45:44,10.12,8.39,11.12
stress-ng --cpu 1 --cpu-load 36 --quiet --timeout 60s,9,4/27/2026,14:45:45,9.42,8.39,11.52
stress-ng --cpu 1 --cpu-load 36 --quiet --timeout 60s,9,4/27/2026,14:45:46,10.59,8.39,11.52
stress-ng --cpu 1 --cpu-load 36 --quiet --timeout 60s,9,4/27/2026,14:45:47,9.18,8.39,11.7
stress-ng --cpu 1 --cpu-load 36 --quiet --timeout 60s,9,4/27/2026,14:45:48,10.09,8.39,11.56
stress-ng --cpu 1 --cpu-load 36 --quiet --timeout 60s,9,4/27/2026,14:45:49,10.42,8.39,11.56
stress-ng --cpu 1 --cpu-load 36 --quiet --timeout 60s,9,4/27/2026,14:45:50,10.14,8.39,11.43
stress-ng --cpu 1 --cpu-load 36 --quiet --timeout 60s,9,4/27/2026,14:45:51,9.22,8.39,11.43
stress-ng --cpu 1 --cpu-load 36 --quiet --timeout 60s,9,4/27/2026,14:45:52,10.17,8.39,11.43
stress-ng --cpu 1 --cpu-load 36 --quiet --timeout 60s,9,4/27/2026,14:45:53,9.6,8.39,11.81
stress-ng --cpu 1 --cpu-load 36 --quiet --timeout 60s,9,4/27/2026,14:45:54,10.64,8.39,11.6
stress-ng --cpu 1 --cpu-load 36 --quiet --timeout 60s,9,4/27/2026,14:45:55,10.37,8.39,11.6
stress-ng --cpu 1 --cpu-load 36 --quiet --timeout 60s,9,4/27/2026,14:45:56,8.7,8.39,11.32
stress-ng --cpu 1 --cpu-load 36 --quiet --timeout 60s,9,4/27/2026,14:45:57,10.31,8.39,11.7
stress-ng --cpu 1 --cpu-load 36 --quiet --timeout 60s,9,4/27/2026,14:45:58,10.91,8.39,11.7
stress-ng --cpu 1 --cpu-load 36 --quiet --timeout 60s,9,4/27/2026,14:45:59,8.72,8.39,11.35
stress-ng --cpu 1 --cpu-load 36 --quiet --timeout 60s,9,4/27/2026,14:46:00,10.56,8.39,11.41
stress-ng --cpu 1 --cpu-load 36 --quiet --timeout 60s,9,4/27/2026,14:46:01,10.12,8.39,11.41
stress-ng --cpu 1 --cpu-load 36 --quiet --timeout 60s,9,4/27/2026,14:46:02,9.67,8.39,11.61
stress-ng --cpu 1 --cpu-load 36 --quiet --timeout 60s,9,4/27/2026,14:46:03,10.86,8.39,11.51
stress-ng --cpu 1 --cpu-load 36 --quiet --timeout 60s,9,4/27/2026,14:46:04,9.13,8.39,11.51
stress-ng --cpu 1 --cpu-load 36 --quiet --timeout 60s,9,4/27/2026,14:46:05,10.37,8.39,11.77
stress-ng --cpu 1 --cpu-load 36 --quiet --timeout 60s,9,4/27/2026,14:46:06,10.12,8.39,11.585
stress-ng --cpu 1 --cpu-load 36 --quiet --timeout 60s,9,4/27/2026,14:46:07,10.12,8.39,11.4
stress-ng --cpu 1 --cpu-load 36 --quiet --timeout 60s,9,4/27/2026,14:46:08,9.62,8.39,11.4
stress-ng --cpu 1 --cpu-load 36 --quiet --timeout 60s,9,4/27/2026,14:46:09,9.85,8.39,11.43
stress-ng --cpu 1 --cpu-load 36 --quiet --timeout 60s,9,4/27/2026,14:46:10,10.56,8.39,11.24
stress-ng --cpu 1 --cpu-load 36 --quiet --timeout 60s,9,4/27/2026,14:46:11,10.56,8.39,11.24
stress-ng --cpu 1 --cpu-load 36 --quiet --timeout 60s,9,4/27/2026,14:46:12,10.14,8.39,11.8
stress-ng --cpu 1 --cpu-load 36 --quiet --timeout 60s,9,4/27/2026,14:46:13,9.4,8.39,11.47
stress-ng --cpu 1 --cpu-load 36 --quiet --timeout 60s,9,4/27/2026,14:46:14,9.87,8.39,11.47
stress-ng --cpu 1 --cpu-load 36 --quiet --timeout 60s,9,4/27/2026,14:46:15,10.66,8.39,11.38
stress-ng --cpu 1 --cpu-load 36 --quiet --timeout 60s,9,4/27/2026,14:46:16,9.2,8.39,11.08
stress-ng --cpu 1 --cpu-load 36 --quiet --timeout 60s,9,4/27/2026,14:46:17,10.17,8.39,11.08
stress-ng --cpu 1 --cpu-load 36 --quiet --timeout 60s,9,4/27/2026,14:46:18,8.93,8.39,11.7
stress-ng --cpu 1 --cpu-load 36 --quiet --timeout 60s,9,4/27/2026,14:46:19,10.83,8.39,11.92
stress-ng --cpu 1 --cpu-load 36 --quiet --timeout 60s,9,4/27/2026,14:46:20,9.62,8.39,11.92
stress-ng --cpu 1 --cpu-load 36 --quiet --timeout 60s,9,4/27/2026,14:46:21,10.09,8.39,11.25
stress-ng --cpu 1 --cpu-load 36 --quiet --timeout 60s,9,4/27/2026,14:46:22,10.39,8.39,11.65
stress-ng --cpu 1 --cpu-load 36 --quiet --timeout 60s,9,4/27/2026,14:46:23,9.87,8.39,11.65
stress-ng --cpu 1 --cpu-load 36 --quiet --timeout 60s,9,4/27/2026,14:46:24,10.37,8.39,11.57
stress-ng --cpu 1 --cpu-load 36 --quiet --timeout 60s,9,4/27/2026,14:46:25,9.18,8.39,11.19
stress-ng --cpu 1 --cpu-load 36 --quiet --timeout 60s,9,4/27/2026,14:46:26,10.81,8.39,11.19
stress-ng --cpu 1 --cpu-load 36 --quiet --timeout 60s,9,4/27/2026,14:46:27,10.44,8.39,11.34
stress-ng --cpu 1 --cpu-load 36 --quiet --timeout 60s,9,4/27/2026,14:46:28,9.15,8.39,11.62
stress-ng --cpu 1 --cpu-load 36 --quiet --timeout 60s,9,4/27/2026,14:46:29,10.86,8.39,11.62
stress-ng --cpu 1 --cpu-load 36 --quiet --timeout 60s,9,4/27/2026,14:46:30,8.91,8.39,11.53
stress-ng --cpu 1 --cpu-load 36 --quiet --timeout 60s,9,4/27/2026,14:46:31,10.86,8.39,11.34
stress-ng --cpu 1 --cpu-load 36 --quiet --timeout 60s,9,4/27/2026,14:46:32,9.42,8.39,11.34
stress-ng --cpu 1 --cpu-load 36 --quiet --timeout 60s,9,4/27/2026,14:46:33,6.17,8.37,11.39
stress-ng --cpu 1 --cpu-load 36 --quiet --timeout 60s,9,4/27/2026,17:27:37,8.84,8.37,9.67
stress-ng --cpu 1 --cpu-load 36 --quiet --timeout 60s,9,4/27/2026,17:27:38,10.39,8.37,11.69
stress-ng --cpu 1 --cpu-load 36 --quiet --timeout 60s,9,4/27/2026,17:27:39,9.95,8.37,11.69
stress-ng --cpu 1 --cpu-load 36 --quiet --timeout 60s,9,4/27/2026,17:27:40,9.67,8.37,11.69
stress-ng --cpu 1 --cpu-load 36 --quiet --timeout 60s,9,4/27/2026,17:27:41,9.9,8.37,11.4
stress-ng --cpu 1 --cpu-load 36 --quiet --timeout 60s,9,4/27/2026,17:27:42,10.37,8.37,11.23
stress-ng --cpu 1 --cpu-load 36 --quiet --timeout 60s,9,4/27/2026,17:27:43,9.42,8.37,11.23
stress-ng --cpu 1 --cpu-load 36 --quiet --timeout 60s,9,4/27/2026,17:27:44,10.83,8.37,11.41
stress-ng --cpu 1 --cpu-load 36 --quiet --timeout 60s,9,4/27/2026,17:27:45,9.4,8.37,11.96
stress-ng --cpu 1 --cpu-load 36 --quiet --timeout 60s,9,4/27/2026,17:27:46,10.34,8.37,11.96
stress-ng --cpu 1 --cpu-load 36 --quiet --timeout 60s,9,4/27/2026,17:27:47,10.44,8.37,11.34
stress-ng --cpu 1 --cpu-load 36 --quiet --timeout 60s,9,4/27/2026,17:27:48,8.72,8.37,11.63
stress-ng --cpu 1 --cpu-load 36 --quiet --timeout 60s,9,4/27/2026,17:27:49,10.09,8.37,11.63
stress-ng --cpu 1 --cpu-load 36 --quiet --timeout 60s,9,4/27/2026,17:27:50,10.61,8.37,11.49
stress-ng --cpu 1 --cpu-load 36 --quiet --timeout 60s,9,4/27/2026,17:27:51,9.18,8.37,11.93
stress-ng --cpu 1 --cpu-load 36 --quiet --timeout 60s,9,4/27/2026,17:27:52,10.34,8.37,11.93
stress-ng --cpu 1 --cpu-load 36 --quiet --timeout 60s,9,4/27/2026,17:27:53,9.38,8.37,11.11
stress-ng --cpu 1 --cpu-load 36 --quiet --timeout 60s,9,4/27/2026,17:27:54,10.12,8.37,11.63
stress-ng --cpu 1 --cpu-load 36 --quiet --timeout 60s,9,4/27/2026,17:27:55,9.62,8.37,11.63
stress-ng --cpu 1 --cpu-load 36 --quiet --timeout 60s,9,4/27/2026,17:27:56,10.07,8.37,11.07
stress-ng --cpu 1 --cpu-load 36 --quiet --timeout 60s,9,4/27/2026,17:27:57,10.18,8.37,11.43
stress-ng --cpu 1 --cpu-load 36 --quiet --timeout 60s,9,4/27/2026,17:27:58,10.29,8.37,11.43
stress-ng --cpu 1 --cpu-load 36 --quiet --timeout 60s,9,4/27/2026,17:27:59,10.64,8.37,11.12
stress-ng --cpu 1 --cpu-load 36 --quiet --timeout 60s,9,4/27/2026,17:28:00,9.65,8.37,11.78
stress-ng --cpu 1 --cpu-load 36 --quiet --timeout 60s,9,4/27/2026,17:28:01,11.33,8.37,11.78
stress-ng --cpu 1 --cpu-load 36 --quiet --timeout 60s,9,4/27/2026,17:28:02,9.18,8.37,11.27
stress-ng --cpu 1 --cpu-load 36 --quiet --timeout 60s,9,4/27/2026,17:28:03,10.09,8.37,11.72
stress-ng --cpu 1 --cpu-load 36 --quiet --timeout 60s,9,4/27/2026,17:28:04,9.65,8.37,11.72
stress-ng --cpu 1 --cpu-load 36 --quiet --timeout 60s,9,4/27/2026,17:28:05,10.31,8.38,11.49
stress-ng --cpu 1 --cpu-load 36 --quiet --timeout 60s,9,4/27/2026,17:28:06,10.59,8.38,11.54
stress-ng --cpu 1 --cpu-load 36 --quiet --timeout 60s,9,4/27/2026,17:28:07,9.65,8.38,11.54
stress-ng --cpu 1 --cpu-load 36 --quiet --timeout 60s,9,4/27/2026,17:28:08,10.59,8.38,11.07
stress-ng --cpu 1 --cpu-load 36 --quiet --timeout 60s,9,4/27/2026,17:28:09,9.4,8.38,11.79
stress-ng --cpu 1 --cpu-load 36 --quiet --timeout 60s,9,4/27/2026,17:28:10,16.37,8.38,11.79
stress-ng --cpu 1 --cpu-load 36 --quiet --timeout 60s,9,4/27/2026,17:28:11,10.39,8.38,11.42
stress-ng --cpu 1 --cpu-load 36 --quiet --timeout 60s,9,4/27/2026,17:28:12,9.45,8.38,12.56
stress-ng --cpu 1 --cpu-load 36 --quiet --timeout 60s,9,4/27/2026,17:28:13,9.38,8.38,12.56
stress-ng --cpu 1 --cpu-load 36 --quiet --timeout 60s,9,4/27/2026,17:28:14,10.14,8.38,11
stress-ng --cpu 1 --cpu-load 36 --quiet --timeout 60s,9,4/27/2026,17:28:15,10.91,8.38,11.73
stress-ng --cpu 1 --cpu-load 36 --quiet --timeout 60s,9,4/27/2026,17:28:16,9.13,8.38,11.73
stress-ng --cpu 1 --cpu-load 36 --quiet --timeout 60s,9,4/27/2026,17:28:17,10.31,8.38,11.18
stress-ng --cpu 1 --cpu-load 36 --quiet --timeout 60s,9,4/27/2026,17:28:18,10.59,8.38,11.48
stress-ng --cpu 1 --cpu-load 36 --quiet --timeout 60s,9,4/27/2026,17:28:19,10.17,8.38,11.48
stress-ng --cpu 1 --cpu-load 36 --quiet --timeout 60s,9,4/27/2026,17:28:20,9.67,8.38,11.7
stress-ng --cpu 1 --cpu-load 36 --quiet --timeout 60s,9,4/27/2026,17:28:21,10.53,8.38,11.8
stress-ng --cpu 1 --cpu-load 36 --quiet --timeout 60s,9,4/27/2026,17:28:22,9.4,8.38,11.8
stress-ng --cpu 1 --cpu-load 36 --quiet --timeout 60s,9,4/27/2026,17:28:23,10.39,8.38,11.23
stress-ng --cpu 1 --cpu-load 36 --quiet --timeout 60s,9,4/27/2026,17:28:24,9.45,8.38,11.43
stress-ng --cpu 1 --cpu-load 36 --quiet --timeout 60s,9,4/27/2026,17:28:25,9.87,8.38,11.43
stress-ng --cpu 1 --cpu-load 36 --quiet --timeout 60s,9,4/27/2026,17:28:26,9.67,8.38,11.28
stress-ng --cpu 1 --cpu-load 36 --quiet --timeout 60s,9,4/27/2026,17:28:27,10.34,8.38,11.3
stress-ng --cpu 1 --cpu-load 36 --quiet --timeout 60s,9,4/27/2026,17:28:28,9.62,8.38,11.3
stress-ng --cpu 1 --cpu-load 36 --quiet --timeout 60s,9,4/27/2026,17:28:29,10.89,8.38,11.25
stress-ng --cpu 1 --cpu-load 36 --quiet --timeout 60s,9,4/27/2026,17:28:30,9.87,8.38,11.85
stress-ng --cpu 1 --cpu-load 36 --quiet --timeout 60s,9,4/27/2026,17:28:31,10.22,8.38,11.85
stress-ng --cpu 1 --cpu-load 36 --quiet --timeout 60s,9,4/27/2026,17:28:32,10.14,8.38,11.46
stress-ng --cpu 1 --cpu-load 36 --quiet --timeout 60s,9,4/27/2026,17:28:33,9.42,8.38,11.27
stress-ng --cpu 1 --cpu-load 36 --quiet --timeout 60s,9,4/27/2026,17:28:34,9.92,8.38,11.27
stress-ng --cpu 1 --cpu-load 36 --quiet --timeout 60s,9,4/27/2026,17:28:35,9.7,8.38,11.49
stress-ng --cpu 1 --cpu-load 36 --quiet --timeout 60s,9,4/27/2026,17:28:36,9.9,8.38,12.05
stress-ng --cpu 1 --cpu-load 36 --quiet --timeout 60s,9,4/27/2026,17:28:37,7.94,8.39,12.05
stress-ng --cpu 1 --cpu-load 40 --quiet --timeout 60s,10,4/27/2026,13:15:31,6.63,8.39,9.12
stress-ng --cpu 1 --cpu-load 40 --quiet --timeout 60s,10,4/27/2026,13:15:32,11.38,8.39,10.8
stress-ng --cpu 1 --cpu-load 40 --quiet --timeout 60s,10,4/27/2026,13:15:33,10.64,8.39,10.8
stress-ng --cpu 1 --cpu-load 40 --quiet --timeout 60s,10,4/27/2026,13:15:34,10.94,8.39,11.92
stress-ng --cpu 1 --cpu-load 40 --quiet --timeout 60s,10,4/27/2026,13:15:35,10.97,8.39,11.92
stress-ng --cpu 1 --cpu-load 40 --quiet --timeout 60s,10,4/27/2026,13:15:36,10.91,8.39,11.69
stress-ng --cpu 1 --cpu-load 40 --quiet --timeout 60s,10,4/27/2026,13:15:37,10.47,8.39,11.87
stress-ng --cpu 1 --cpu-load 40 --quiet --timeout 60s,10,4/27/2026,13:15:38,10.42,8.39,11.97
stress-ng --cpu 1 --cpu-load 40 --quiet --timeout 60s,10,4/27/2026,13:15:39,10.72,8.39,11.97
stress-ng --cpu 1 --cpu-load 40 --quiet --timeout 60s,10,4/27/2026,13:15:40,10.69,8.39,11.45
stress-ng --cpu 1 --cpu-load 40 --quiet --timeout 60s,10,4/27/2026,13:15:41,10.89,8.39,11.45
stress-ng --cpu 1 --cpu-load 40 --quiet --timeout 60s,10,4/27/2026,13:15:42,10.47,8.39,11.73
stress-ng --cpu 1 --cpu-load 40 --quiet --timeout 60s,10,4/27/2026,13:15:43,10.89,8.39,11.9
stress-ng --cpu 1 --cpu-load 40 --quiet --timeout 60s,10,4/27/2026,13:15:44,10.44,8.39,11.9
stress-ng --cpu 1 --cpu-load 40 --quiet --timeout 60s,10,4/27/2026,13:15:45,10.42,8.39,11.78
stress-ng --cpu 1 --cpu-load 40 --quiet --timeout 60s,10,4/27/2026,13:15:46,10.89,8.39,11.51
stress-ng --cpu 1 --cpu-load 40 --quiet --timeout 60s,10,4/27/2026,13:15:47,11.35,8.39,11.51
stress-ng --cpu 1 --cpu-load 40 --quiet --timeout 60s,10,4/27/2026,13:15:48,10.72,8.39,12.1
stress-ng --cpu 1 --cpu-load 40 --quiet --timeout 60s,10,4/27/2026,13:15:49,10.89,8.39,12.14
stress-ng --cpu 1 --cpu-load 40 --quiet --timeout 60s,10,4/27/2026,13:15:50,11,8.39,12.14
stress-ng --cpu 1 --cpu-load 40 --quiet --timeout 60s,10,4/27/2026,13:15:51,9.95,8.39,11.33
stress-ng --cpu 1 --cpu-load 40 --quiet --timeout 60s,10,4/27/2026,13:15:52,10.94,8.39,11.48
stress-ng --cpu 1 --cpu-load 40 --quiet --timeout 60s,10,4/27/2026,13:15:53,10.61,8.4,11.48
stress-ng --cpu 1 --cpu-load 40 --quiet --timeout 60s,10,4/27/2026,13:15:54,11.38,8.4,11.89
stress-ng --cpu 1 --cpu-load 40 --quiet --timeout 60s,10,4/27/2026,13:15:55,10.91,8.4,11.56
stress-ng --cpu 1 --cpu-load 40 --quiet --timeout 60s,10,4/27/2026,13:15:56,10.22,8.4,11.56
stress-ng --cpu 1 --cpu-load 40 --quiet --timeout 60s,10,4/27/2026,13:15:57,10.66,8.4,11.79
stress-ng --cpu 1 --cpu-load 40 --quiet --timeout 60s,10,4/27/2026,13:15:58,10.91,8.4,11.79
stress-ng --cpu 1 --cpu-load 40 --quiet --timeout 60s,10,4/27/2026,13:15:59,9.97,8.4,11.52
stress-ng --cpu 1 --cpu-load 40 --quiet --timeout 60s,10,4/27/2026,13:16:00,11.08,8.4,11.71
stress-ng --cpu 1 --cpu-load 40 --quiet --timeout 60s,10,4/27/2026,13:16:01,11.08,8.4,11.71
stress-ng --cpu 1 --cpu-load 40 --quiet --timeout 60s,10,4/27/2026,13:16:02,11.08,8.4,11.65
stress-ng --cpu 1 --cpu-load 40 --quiet --timeout 60s,10,4/27/2026,13:16:03,11.41,8.4,11.89
stress-ng --cpu 1 --cpu-load 40 --quiet --timeout 60s,10,4/27/2026,13:16:04,10.39,8.4,11.89
stress-ng --cpu 1 --cpu-load 40 --quiet --timeout 60s,10,4/27/2026,13:16:05,10.86,8.4,11.89
stress-ng --cpu 1 --cpu-load 40 --quiet --timeout 60s,10,4/27/2026,13:16:06,11.41,8.4,11.27
stress-ng --cpu 1 --cpu-load 40 --quiet --timeout 60s,10,4/27/2026,13:16:07,10.925,8.4,11.27
stress-ng --cpu 1 --cpu-load 40 --quiet --timeout 60s,10,4/27/2026,13:16:08,10.44,8.4,11.72
stress-ng --cpu 1 --cpu-load 40 --quiet --timeout 60s,10,4/27/2026,13:16:09,10.89,8.4,11.67
stress-ng --cpu 1 --cpu-load 40 --quiet --timeout 60s,10,4/27/2026,13:16:10,10.44,8.4,11.67
stress-ng --cpu 1 --cpu-load 40 --quiet --timeout 60s,10,4/27/2026,13:16:11,10.94,8.4,11.44
stress-ng --cpu 1 --cpu-load 40 --quiet --timeout 60s,10,4/27/2026,13:16:12,10.66,8.4,11.96
stress-ng --cpu 1 --cpu-load 40 --quiet --timeout 60s,10,4/27/2026,13:16:13,10.47,8.4,11.96
stress-ng --cpu 1 --cpu-load 40 --quiet --timeout 60s,10,4/27/2026,13:16:14,11.35,8.4,11.6
stress-ng --cpu 1 --cpu-load 40 --quiet --timeout 60s,10,4/27/2026,13:16:15,10.47,8.4,11.75
stress-ng --cpu 1 --cpu-load 40 --quiet --timeout 60s,10,4/27/2026,13:16:16,10.69,8.4,11.75
stress-ng --cpu 1 --cpu-load 40 --quiet --timeout 60s,10,4/27/2026,13:16:17,10.42,8.4,11.31
stress-ng --cpu 1 --cpu-load 40 --quiet --timeout 60s,10,4/27/2026,13:16:18,11.35,8.4,11.82
stress-ng --cpu 1 --cpu-load 40 --quiet --timeout 60s,10,4/27/2026,13:16:19,10.91,8.4,11.82
stress-ng --cpu 1 --cpu-load 40 --quiet --timeout 60s,10,4/27/2026,13:16:20,10.5,8.4,11.59
stress-ng --cpu 1 --cpu-load 40 --quiet --timeout 60s,10,4/27/2026,13:16:21,11.19,8.4,11.99
stress-ng --cpu 1 --cpu-load 40 --quiet --timeout 60s,10,4/27/2026,13:16:22,10.69,8.4,11.99
stress-ng --cpu 1 --cpu-load 40 --quiet --timeout 60s,10,4/27/2026,13:16:23,10.42,8.4,11.79
stress-ng --cpu 1 --cpu-load 40 --quiet --timeout 60s,10,4/27/2026,13:16:24,10.47,8.4,11.81
stress-ng --cpu 1 --cpu-load 40 --quiet --timeout 60s,10,4/27/2026,13:16:25,10.44,8.4,11.81
stress-ng --cpu 1 --cpu-load 40 --quiet --timeout 60s,10,4/27/2026,13:16:26,11.16,8.4,11.3
stress-ng --cpu 1 --cpu-load 40 --quiet --timeout 60s,10,4/27/2026,13:16:27,10.42,8.4,12
stress-ng --cpu 1 --cpu-load 40 --quiet --timeout 60s,10,4/27/2026,13:16:28,10.64,8.4,12
stress-ng --cpu 1 --cpu-load 40 --quiet --timeout 60s,10,4/27/2026,13:16:29,11.11,8.41,11.37
stress-ng --cpu 1 --cpu-load 40 --quiet --timeout 60s,10,4/27/2026,13:16:30,11.54,8.41,11.39
stress-ng --cpu 1 --cpu-load 40 --quiet --timeout 60s,10,4/27/2026,13:16:31,10.39,8.41,11.39
stress-ng --cpu 1 --cpu-load 40 --quiet --timeout 60s,10,4/27/2026,15:27:34,5.44,8.4,9.28
stress-ng --cpu 1 --cpu-load 40 --quiet --timeout 60s,10,4/27/2026,15:27:35,10.94,8.4,11.43
stress-ng --cpu 1 --cpu-load 40 --quiet --timeout 60s,10,4/27/2026,15:27:36,10.64,8.4,11.43
stress-ng --cpu 1 --cpu-load 40 --quiet --timeout 60s,10,4/27/2026,15:27:37,11.13,8.4,11.43
stress-ng --cpu 1 --cpu-load 40 --quiet --timeout 60s,10,4/27/2026,15:27:38,10.44,8.4,11.8
stress-ng --cpu 1 --cpu-load 40 --quiet --timeout 60s,10,4/27/2026,15:27:39,11.13,8.4,11.66
stress-ng --cpu 1 --cpu-load 40 --quiet --timeout 60s,10,4/27/2026,15:27:40,9.95,8.4,11.66
stress-ng --cpu 1 --cpu-load 40 --quiet --timeout 60s,10,4/27/2026,15:27:41,11.6,8.4,11.9
stress-ng --cpu 1 --cpu-load 40 --quiet --timeout 60s,10,4/27/2026,15:27:42,10.69,8.4,11.41
stress-ng --cpu 1 --cpu-load 40 --quiet --timeout 60s,10,4/27/2026,15:27:43,10.42,8.4,11.41
stress-ng --cpu 1 --cpu-load 40 --quiet --timeout 60s,10,4/27/2026,15:27:44,11.54,8.4,12.04
stress-ng --cpu 1 --cpu-load 40 --quiet --timeout 60s,10,4/27/2026,15:27:45,10.69,8.4,11.28
stress-ng --cpu 1 --cpu-load 40 --quiet --timeout 60s,10,4/27/2026,15:27:46,10.69,8.4,11.28
stress-ng --cpu 1 --cpu-load 40 --quiet --timeout 60s,10,4/27/2026,15:27:47,10.91,8.4,11.84
stress-ng --cpu 1 --cpu-load 40 --quiet --timeout 60s,10,4/27/2026,15:27:48,10.66,8.4,11.63
stress-ng --cpu 1 --cpu-load 40 --quiet --timeout 60s,10,4/27/2026,15:27:49,10.75,8.4,11.63
stress-ng --cpu 1 --cpu-load 40 --quiet --timeout 60s,10,4/27/2026,15:27:50,10.91,8.4,11.37
stress-ng --cpu 1 --cpu-load 40 --quiet --timeout 60s,10,4/27/2026,15:27:51,9.92,8.4,11.57
stress-ng --cpu 1 --cpu-load 40 --quiet --timeout 60s,10,4/27/2026,15:27:52,11.82,8.4,11.57
stress-ng --cpu 1 --cpu-load 40 --quiet --timeout 60s,10,4/27/2026,15:27:53,10.19,8.4,11.86
stress-ng --cpu 1 --cpu-load 40 --quiet --timeout 60s,10,4/27/2026,15:27:54,11.08,8.4,11.34
stress-ng --cpu 1 --cpu-load 40 --quiet --timeout 60s,10,4/27/2026,15:27:55,11.33,8.4,11.34
stress-ng --cpu 1 --cpu-load 40 --quiet --timeout 60s,10,4/27/2026,15:27:56,10.66,8.4,11.56
stress-ng --cpu 1 --cpu-load 40 --quiet --timeout 60s,10,4/27/2026,15:27:57,11.6,8.4,11.46
stress-ng --cpu 1 --cpu-load 40 --quiet --timeout 60s,10,4/27/2026,15:27:58,10.47,8.4,11.46
stress-ng --cpu 1 --cpu-load 40 --quiet --timeout 60s,10,4/27/2026,15:27:59,10.72,8.4,11.57
stress-ng --cpu 1 --cpu-load 40 --quiet --timeout 60s,10,4/27/2026,15:28:00,10.66,8.4,11.67
stress-ng --cpu 1 --cpu-load 40 --quiet --timeout 60s,10,4/27/2026,15:28:01,10.44,8.4,11.67
stress-ng --cpu 1 --cpu-load 40 --quiet --timeout 60s,10,4/27/2026,15:28:02,10.39,8.4,11.83
stress-ng --cpu 1 --cpu-load 40 --quiet --timeout 60s,10,4/27/2026,15:28:03,11.88,8.4,11.45
stress-ng --cpu 1 --cpu-load 40 --quiet --timeout 60s,10,4/27/2026,15:28:04,10.94,8.4,11.45
stress-ng --cpu 1 --cpu-load 40 --quiet --timeout 60s,10,4/27/2026,15:28:05,10.91,8.4,11.58
stress-ng --cpu 1 --cpu-load 40 --quiet --timeout 60s,10,4/27/2026,15:28:06,10.64,8.4,11.95
stress-ng --cpu 1 --cpu-load 40 --quiet --timeout 60s,10,4/27/2026,15:28:07,10.39,8.4,11.95
stress-ng --cpu 1 --cpu-load 40 --quiet --timeout 60s,10,4/27/2026,15:28:08,11.57,8.4,11.66
stress-ng --cpu 1 --cpu-load 40 --quiet --timeout 60s,10,4/27/2026,15:28:09,11.16,8.4,12.05
stress-ng --cpu 1 --cpu-load 40 --quiet --timeout 60s,10,4/27/2026,15:28:10,15.92,8.41,12.05
stress-ng --cpu 1 --cpu-load 40 --quiet --timeout 60s,10,4/27/2026,15:28:11,10.37,8.41,13.75
stress-ng --cpu 1 --cpu-load 40 --quiet --timeout 60s,10,4/27/2026,15:28:12,11.41,8.41,13.75
stress-ng --cpu 1 --cpu-load 40 --quiet --timeout 60s,10,4/27/2026,15:28:13,10.39,8.41,13.75
stress-ng --cpu 1 --cpu-load 40 --quiet --timeout 60s,10,4/27/2026,15:28:14,11.38,8.41,11.8
stress-ng --cpu 1 --cpu-load 40 --quiet --timeout 60s,10,4/27/2026,15:28:15,10.64,8.41,12.06
stress-ng --cpu 1 --cpu-load 40 --quiet --timeout 60s,10,4/27/2026,15:28:16,11.47,8.41,12.08
stress-ng --cpu 1 --cpu-load 40 --quiet --timeout 60s,10,4/27/2026,15:28:17,10.89,8.41,12.08
stress-ng --cpu 1 --cpu-load 40 --quiet --timeout 60s,10,4/27/2026,15:28:18,10.44,8.41,12
stress-ng --cpu 1 --cpu-load 40 --quiet --timeout 60s,10,4/27/2026,15:28:19,12.12,8.41,12
stress-ng --cpu 1 --cpu-load 40 --quiet --timeout 60s,10,4/27/2026,15:28:20,10.64,8.41,11.48
stress-ng --cpu 1 --cpu-load 40 --quiet --timeout 60s,10,4/27/2026,15:28:21,11.08,8.41,12.12
stress-ng --cpu 1 --cpu-load 40 --quiet --timeout 60s,10,4/27/2026,15:28:22,11.6,8.41,12.12
stress-ng --cpu 1 --cpu-load 40 --quiet --timeout 60s,10,4/27/2026,15:28:23,10.37,8.41,11.87
stress-ng --cpu 1 --cpu-load 40 --quiet --timeout 60s,10,4/27/2026,15:28:24,11.38,8.41,11.95
stress-ng --cpu 1 --cpu-load 40 --quiet --timeout 60s,10,4/27/2026,15:28:25,10.42,8.41,11.95
stress-ng --cpu 1 --cpu-load 40 --quiet --timeout 60s,10,4/27/2026,15:28:26,10.91,8.41,11.32
stress-ng --cpu 1 --cpu-load 40 --quiet --timeout 60s,10,4/27/2026,15:28:27,10.47,8.41,11.9
stress-ng --cpu 1 --cpu-load 40 --quiet --timeout 60s,10,4/27/2026,15:28:28,10.94,8.41,11.9
stress-ng --cpu 1 --cpu-load 40 --quiet --timeout 60s,10,4/27/2026,15:28:29,11.19,8.41,11.57
stress-ng --cpu 1 --cpu-load 40 --quiet --timeout 60s,10,4/27/2026,15:28:30,10.83,8.41,12
stress-ng --cpu 1 --cpu-load 40 --quiet --timeout 60s,10,4/27/2026,15:28:31,10.47,8.41,11.8
stress-ng --cpu 1 --cpu-load 40 --quiet --timeout 60s,10,4/27/2026,15:28:32,10.39,8.41,11.77
stress-ng --cpu 1 --cpu-load 40 --quiet --timeout 60s,10,4/27/2026,15:28:33,11.54,8.41,11.77
stress-ng --cpu 1 --cpu-load 40 --quiet --timeout 60s,10,4/27/2026,15:28:34,10.42,8.41,11.39
stress-ng --cpu 1 --cpu-load 40 --quiet --timeout 60s,10,4/27/2026,16:43:35,1.23,8.37,9.48
stress-ng --cpu 1 --cpu-load 40 --quiet --timeout 60s,10,4/27/2026,16:43:36,11.16,8.37,9.51
stress-ng --cpu 1 --cpu-load 40 --quiet --timeout 60s,10,4/27/2026,16:43:37,10.91,8.37,10.97
stress-ng --cpu 1 --cpu-load 40 --quiet --timeout 60s,10,4/27/2026,16:43:38,10.94,8.37,10.97
stress-ng --cpu 1 --cpu-load 40 --quiet --timeout 60s,10,4/27/2026,16:43:39,10.69,8.37,11.48
stress-ng --cpu 1 --cpu-load 40 --quiet --timeout 60s,10,4/27/2026,16:43:40,10.91,8.37,11.48
stress-ng --cpu 1 --cpu-load 40 --quiet --timeout 60s,10,4/27/2026,16:43:41,10.42,8.37,12.31
stress-ng --cpu 1 --cpu-load 40 --quiet --timeout 60s,10,4/27/2026,16:43:42,10.89,8.37,11.3
stress-ng --cpu 1 --cpu-load 40 --quiet --timeout 60s,10,4/27/2026,16:43:43,10.5,8.37,11.3
stress-ng --cpu 1 --cpu-load 40 --quiet --timeout 60s,10,4/27/2026,16:43:44,10.64,8.37,11.65
stress-ng --cpu 1 --cpu-load 40 --quiet --timeout 60s,10,4/27/2026,16:43:45,10.94,8.37,11.74
stress-ng --cpu 1 --cpu-load 40 --quiet --timeout 60s,10,4/27/2026,16:43:46,10.91,8.37,11.55
stress-ng --cpu 1 --cpu-load 40 --quiet --timeout 60s,10,4/27/2026,16:43:47,10.19,8.37,11.99
stress-ng --cpu 1 --cpu-load 40 --quiet --timeout 60s,10,4/27/2026,16:43:48,11.08,8.37,11.99
stress-ng --cpu 1 --cpu-load 40 --quiet --timeout 60s,10,4/27/2026,16:43:49,10.86,8.37,12.02
stress-ng --cpu 1 --cpu-load 40 --quiet --timeout 60s,10,4/27/2026,16:43:50,11.11,8.37,11.88
stress-ng --cpu 1 --cpu-load 40 --quiet --timeout 60s,10,4/27/2026,16:43:51,11.44,8.37,11.88
stress-ng --cpu 1 --cpu-load 40 --quiet --timeout 60s,10,4/27/2026,16:43:52,10.66,8.37,11.24
stress-ng --cpu 1 --cpu-load 40 --quiet --timeout 60s,10,4/27/2026,16:43:53,11.69,8.37,11.87
stress-ng --cpu 1 --cpu-load 40 --quiet --timeout 60s,10,4/27/2026,16:43:54,9.92,8.37,11.87
stress-ng --cpu 1 --cpu-load 40 --quiet --timeout 60s,10,4/27/2026,16:43:55,11.16,8.38,12.02
stress-ng --cpu 1 --cpu-load 40 --quiet --timeout 60s,10,4/27/2026,16:43:56,11.025,8.38,11.46
stress-ng --cpu 1 --cpu-load 40 --quiet --timeout 60s,10,4/27/2026,16:43:57,10.89,8.38,11.46
stress-ng --cpu 1 --cpu-load 40 --quiet --timeout 60s,10,4/27/2026,16:43:58,11.63,8.38,11.4
stress-ng --cpu 1 --cpu-load 40 --quiet --timeout 60s,10,4/27/2026,16:43:59,10.42,8.38,11.96
stress-ng --cpu 1 --cpu-load 40 --quiet --timeout 60s,10,4/27/2026,16:44:00,11.16,8.38,11.96
stress-ng --cpu 1 --cpu-load 40 --quiet --timeout 60s,10,4/27/2026,16:44:01,10.47,8.38,11.45
stress-ng --cpu 1 --cpu-load 40 --quiet --timeout 60s,10,4/27/2026,16:44:02,10.17,8.38,11.69
stress-ng --cpu 1 --cpu-load 40 --quiet --timeout 60s,10,4/27/2026,16:44:03,11.13,8.38,11.69
stress-ng --cpu 1 --cpu-load 40 --quiet --timeout 60s,10,4/27/2026,16:44:04,10.69,8.38,11.65
stress-ng --cpu 1 --cpu-load 40 --quiet --timeout 60s,10,4/27/2026,16:44:05,11.16,8.38,11.87
stress-ng --cpu 1 --cpu-load 40 --quiet --timeout 60s,10,4/27/2026,16:44:06,10.22,8.38,11.87
stress-ng --cpu 1 --cpu-load 40 --quiet --timeout 60s,10,4/27/2026,16:44:07,10.66,8.38,12.24
stress-ng --cpu 1 --cpu-load 40 --quiet --timeout 60s,10,4/27/2026,16:44:08,10.75,8.38,11.84
stress-ng --cpu 1 --cpu-load 40 --quiet --timeout 60s,10,4/27/2026,16:44:09,10.42,8.38,11.84
stress-ng --cpu 1 --cpu-load 40 --quiet --timeout 60s,10,4/27/2026,16:44:10,10.44,8.38,11.71
stress-ng --cpu 1 --cpu-load 40 --quiet --timeout 60s,10,4/27/2026,16:44:11,10.89,8.38,11.72
stress-ng --cpu 1 --cpu-load 40 --quiet --timeout 60s,10,4/27/2026,16:44:12,11.33,8.38,11.72
stress-ng --cpu 1 --cpu-load 40 --quiet --timeout 60s,10,4/27/2026,16:44:13,10.44,8.38,11.49
stress-ng --cpu 1 --cpu-load 40 --quiet --timeout 60s,10,4/27/2026,16:44:14,11.16,8.38,12.02
stress-ng --cpu 1 --cpu-load 40 --quiet --timeout 60s,10,4/27/2026,16:44:15,10.66,8.38,12.02
stress-ng --cpu 1 --cpu-load 40 --quiet --timeout 60s,10,4/27/2026,16:44:16,10.44,8.38,11.4
stress-ng --cpu 1 --cpu-load 40 --quiet --timeout 60s,10,4/27/2026,16:44:17,10.91,8.38,11.99
stress-ng --cpu 1 --cpu-load 40 --quiet --timeout 60s,10,4/27/2026,16:44:18,10.47,8.38,11.99
stress-ng --cpu 1 --cpu-load 40 --quiet --timeout 60s,10,4/27/2026,16:44:19,10.39,8.38,11.7
stress-ng --cpu 1 --cpu-load 40 --quiet --timeout 60s,10,4/27/2026,16:44:20,11.13,8.38,11.41
stress-ng --cpu 1 --cpu-load 40 --quiet --timeout 60s,10,4/27/2026,16:44:21,10.91,8.38,12.01
stress-ng --cpu 1 --cpu-load 40 --quiet --timeout 60s,10,4/27/2026,16:44:22,10.42,8.38,12.01
stress-ng --cpu 1 --cpu-load 40 --quiet --timeout 60s,10,4/27/2026,16:44:23,10.66,8.38,11.62
stress-ng --cpu 1 --cpu-load 40 --quiet --timeout 60s,10,4/27/2026,16:44:24,11.19,8.38,11.88
stress-ng --cpu 1 --cpu-load 40 --quiet --timeout 60s,10,4/27/2026,16:44:25,10.91,8.38,11.88
stress-ng --cpu 1 --cpu-load 40 --quiet --timeout 60s,10,4/27/2026,16:44:26,10.66,8.38,12.12
stress-ng --cpu 1 --cpu-load 40 --quiet --timeout 60s,10,4/27/2026,16:44:27,11.38,8.38,11.96
stress-ng --cpu 1 --cpu-load 40 --quiet --timeout 60s,10,4/27/2026,16:44:28,10.42,8.38,11.96
stress-ng --cpu 1 --cpu-load 40 --quiet --timeout 60s,10,4/27/2026,16:44:29,10.39,8.38,11.58
stress-ng --cpu 1 --cpu-load 40 --quiet --timeout 60s,10,4/27/2026,16:44:30,11.35,8.38,11.87
stress-ng --cpu 1 --cpu-load 40 --quiet --timeout 60s,10,4/27/2026,16:44:31,10.89,8.38,11.87
stress-ng --cpu 1 --cpu-load 40 --quiet --timeout 60s,10,4/27/2026,16:44:32,11.13,8.38,11.51
stress-ng --cpu 1 --cpu-load 40 --quiet --timeout 60s,10,4/27/2026,16:44:33,11.08,8.38,11.8
stress-ng --cpu 1 --cpu-load 40 --quiet --timeout 60s,10,4/27/2026,16:44:34,11.16,8.38,11.8
stress-ng --cpu 1 --cpu-load 40 --quiet --timeout 60s,10,4/27/2026,16:44:35,11.63,8.38,11.65
stress-ng --cpu 1 --cpu-load 44 --quiet --timeout 60s,11,4/27/2026,12:05:29,4.42,8.37,9.48
stress-ng --cpu 1 --cpu-load 44 --quiet --timeout 60s,11,4/27/2026,12:05:30,11.75,8.37,9.33
stress-ng --cpu 1 --cpu-load 44 --quiet --timeout 60s,11,4/27/2026,12:05:31,12.37,8.37,10.36
stress-ng --cpu 1 --cpu-load 44 --quiet --timeout 60s,11,4/27/2026,12:05:32,11.41,8.38,12.21
stress-ng --cpu 1 --cpu-load 44 --quiet --timeout 60s,11,4/27/2026,12:05:33,11.82,8.38,12.21
stress-ng --cpu 1 --cpu-load 44 --quiet --timeout 60s,11,4/27/2026,12:05:34,11.41,8.38,12.57
stress-ng --cpu 1 --cpu-load 44 --quiet --timeout 60s,11,4/27/2026,12:05:35,13.05,8.38,12.57
stress-ng --cpu 1 --cpu-load 44 --quiet --timeout 60s,11,4/27/2026,12:05:36,11.19,8.38,12.59
stress-ng --cpu 1 --cpu-load 44 --quiet --timeout 60s,11,4/27/2026,12:05:37,12.06,8.38,12.19
stress-ng --cpu 1 --cpu-load 44 --quiet --timeout 60s,11,4/27/2026,12:05:38,12.09,8.38,12.19
stress-ng --cpu 1 --cpu-load 44 --quiet --timeout 60s,11,4/27/2026,12:05:39,12.015,8.38,12.16
stress-ng --cpu 1 --cpu-load 44 --quiet --timeout 60s,11,4/27/2026,12:05:40,11.94,8.38,12.05
stress-ng --cpu 1 --cpu-load 44 --quiet --timeout 60s,11,4/27/2026,12:05:41,11.69,8.38,12.05
stress-ng --cpu 1 --cpu-load 44 --quiet --timeout 60s,11,4/27/2026,12:05:42,11.66,8.38,12.27
stress-ng --cpu 1 --cpu-load 44 --quiet --timeout 60s,11,4/27/2026,12:05:43,11.63,8.38,12.72
stress-ng --cpu 1 --cpu-load 44 --quiet --timeout 60s,11,4/27/2026,12:05:44,12.59,8.38,12.72
stress-ng --cpu 1 --cpu-load 44 --quiet --timeout 60s,11,4/27/2026,12:05:45,11.22,8.37,12.64
stress-ng --cpu 1 --cpu-load 44 --quiet --timeout 60s,11,4/27/2026,12:05:46,11.69,8.38,11.85
stress-ng --cpu 1 --cpu-load 44 --quiet --timeout 60s,11,4/27/2026,12:05:47,12.12,8.38,11.85
stress-ng --cpu 1 --cpu-load 44 --quiet --timeout 60s,11,4/27/2026,12:05:48,12.06,8.38,12.15
stress-ng --cpu 1 --cpu-load 44 --quiet --timeout 60s,11,4/27/2026,12:05:49,11.19,8.38,12.54
stress-ng --cpu 1 --cpu-load 44 --quiet --timeout 60s,11,4/27/2026,12:05:50,12.62,8.38,12.54
stress-ng --cpu 1 --cpu-load 44 --quiet --timeout 60s,11,4/27/2026,12:05:51,11.88,8.38,11.77
stress-ng --cpu 1 --cpu-load 44 --quiet --timeout 60s,11,4/27/2026,12:05:52,11.44,8.38,11.95
stress-ng --cpu 1 --cpu-load 44 --quiet --timeout 60s,11,4/27/2026,12:05:53,11.72,8.38,11.95
stress-ng --cpu 1 --cpu-load 44 --quiet --timeout 60s,11,4/27/2026,12:05:54,11.44,8.38,12.24
stress-ng --cpu 1 --cpu-load 44 --quiet --timeout 60s,11,4/27/2026,12:05:55,11.16,8.38,11.99
stress-ng --cpu 1 --cpu-load 44 --quiet --timeout 60s,11,4/27/2026,12:05:56,12.15,8.38,11.99
stress-ng --cpu 1 --cpu-load 44 --quiet --timeout 60s,11,4/27/2026,12:05:57,11.38,8.38,12.04
stress-ng --cpu 1 --cpu-load 44 --quiet --timeout 60s,11,4/27/2026,12:05:58,12.06,8.39,12.17
stress-ng --cpu 1 --cpu-load 44 --quiet --timeout 60s,11,4/27/2026,12:05:59,12.12,8.39,12.17
stress-ng --cpu 1 --cpu-load 44 --quiet --timeout 60s,11,4/27/2026,12:06:00,12.4,8.38,12.12
stress-ng --cpu 1 --cpu-load 44 --quiet --timeout 60s,11,4/27/2026,12:06:01,11.44,8.39,12.28
stress-ng --cpu 1 --cpu-load 44 --quiet --timeout 60s,11,4/27/2026,12:06:02,11.69,8.39,12.28
stress-ng --cpu 1 --cpu-load 44 --quiet --timeout 60s,11,4/27/2026,12:06:03,11.94,8.39,12.8
stress-ng --cpu 1 --cpu-load 44 --quiet --timeout 60s,11,4/27/2026,12:06:04,11.66,8.38,12.53
stress-ng --cpu 1 --cpu-load 44 --quiet --timeout 60s,11,4/27/2026,12:06:05,11.94,8.38,12.53
stress-ng --cpu 1 --cpu-load 44 --quiet --timeout 60s,11,4/27/2026,12:06:06,11.19,8.38,12.39
stress-ng --cpu 1 --cpu-load 44 --quiet --timeout 60s,11,4/27/2026,12:06:07,11.94,8.38,11.97
stress-ng --cpu 1 --cpu-load 44 --quiet --timeout 60s,11,4/27/2026,12:06:08,11.66,8.38,11.97
stress-ng --cpu 1 --cpu-load 44 --quiet --timeout 60s,11,4/27/2026,12:06:09,11.69,8.38,12.46
stress-ng --cpu 1 --cpu-load 44 --quiet --timeout 60s,11,4/27/2026,12:06:10,11.66,8.38,12.26
stress-ng --cpu 1 --cpu-load 44 --quiet --timeout 60s,11,4/27/2026,12:06:11,11.63,8.38,12.26
stress-ng --cpu 1 --cpu-load 44 --quiet --timeout 60s,11,4/27/2026,12:06:12,11.85,8.38,12.16
stress-ng --cpu 1 --cpu-load 44 --quiet --timeout 60s,11,4/27/2026,12:06:13,12.87,8.38,12.16
stress-ng --cpu 1 --cpu-load 44 --quiet --timeout 60s,11,4/27/2026,12:06:14,11.47,8.38,12.16
stress-ng --cpu 1 --cpu-load 44 --quiet --timeout 60s,11,4/27/2026,12:06:15,11.85,8.38,12.77
stress-ng --cpu 1 --cpu-load 44 --quiet --timeout 60s,11,4/27/2026,12:06:16,12.56,8.38,11.82
stress-ng --cpu 1 --cpu-load 44 --quiet --timeout 60s,11,4/27/2026,12:06:17,11.16,8.38,11.82
stress-ng --cpu 1 --cpu-load 44 --quiet --timeout 60s,11,4/27/2026,12:06:18,11.94,8.38,12.25
stress-ng --cpu 1 --cpu-load 44 --quiet --timeout 60s,11,4/27/2026,12:06:19,11.91,8.38,12.72
stress-ng --cpu 1 --cpu-load 44 --quiet --timeout 60s,11,4/27/2026,12:06:20,11.38,8.38,12.72
stress-ng --cpu 1 --cpu-load 44 --quiet --timeout 60s,11,4/27/2026,12:06:21,11.41,8.38,12.1
stress-ng --cpu 1 --cpu-load 44 --quiet --timeout 60s,11,4/27/2026,12:06:22,12.31,8.38,11.69
stress-ng --cpu 1 --cpu-load 44 --quiet --timeout 60s,11,4/27/2026,12:06:23,10.94,8.38,11.69
stress-ng --cpu 1 --cpu-load 44 --quiet --timeout 60s,11,4/27/2026,12:06:24,12.59,8.38,12.42
stress-ng --cpu 1 --cpu-load 44 --quiet --timeout 60s,11,4/27/2026,12:06:25,11.41,8.38,12.28
stress-ng --cpu 1 --cpu-load 44 --quiet --timeout 60s,11,4/27/2026,12:06:26,12.62,8.38,12.28
stress-ng --cpu 1 --cpu-load 44 --quiet --timeout 60s,11,4/27/2026,12:06:27,11.13,8.38,11.76
stress-ng --cpu 1 --cpu-load 44 --quiet --timeout 60s,11,4/27/2026,12:06:28,11.63,8.38,11.98
stress-ng --cpu 1 --cpu-load 44 --quiet --timeout 60s,11,4/27/2026,12:06:29,11.94,8.38,11.98
stress-ng --cpu 1 --cpu-load 44 --quiet --timeout 60s,11,4/27/2026,16:03:34,1.47,8.38,9.13
stress-ng --cpu 1 --cpu-load 44 --quiet --timeout 60s,11,4/27/2026,16:03:35,10.59,8.38,9.14
stress-ng --cpu 1 --cpu-load 44 --quiet --timeout 60s,11,4/27/2026,16:03:36,12.59,8.38,10.1
stress-ng --cpu 1 --cpu-load 44 --quiet --timeout 60s,11,4/27/2026,16:03:37,11.16,8.38,12.15
stress-ng --cpu 1 --cpu-load 44 --quiet --timeout 60s,11,4/27/2026,16:03:38,12.09,8.38,12.15
stress-ng --cpu 1 --cpu-load 44 --quiet --timeout 60s,11,4/27/2026,16:03:39,11.63,8.38,11.86
stress-ng --cpu 1 --cpu-load 44 --quiet --timeout 60s,11,4/27/2026,16:03:40,11.94,8.38,11.86
stress-ng --cpu 1 --cpu-load 44 --quiet --timeout 60s,11,4/27/2026,16:03:41,11.47,8.38,11.9
stress-ng --cpu 1 --cpu-load 44 --quiet --timeout 60s,11,4/27/2026,16:03:42,11.91,8.38,12.19
stress-ng --cpu 1 --cpu-load 44 --quiet --timeout 60s,11,4/27/2026,16:03:43,11.19,8.38,12.19
stress-ng --cpu 1 --cpu-load 44 --quiet --timeout 60s,11,4/27/2026,16:03:44,11.66,8.38,11.97
stress-ng --cpu 1 --cpu-load 44 --quiet --timeout 60s,11,4/27/2026,16:03:45,12.09,8.38,12.18
stress-ng --cpu 1 --cpu-load 44 --quiet --timeout 60s,11,4/27/2026,16:03:46,12.03,8.38,12.18
stress-ng --cpu 1 --cpu-load 44 --quiet --timeout 60s,11,4/27/2026,16:03:47,11.38,8.38,11.9
stress-ng --cpu 1 --cpu-load 44 --quiet --timeout 60s,11,4/27/2026,16:03:48,13.08,8.38,12.34
stress-ng --cpu 1 --cpu-load 44 --quiet --timeout 60s,11,4/27/2026,16:03:49,11.44,8.38,12.34
stress-ng --cpu 1 --cpu-load 44 --quiet --timeout 60s,11,4/27/2026,16:03:50,11.44,8.38,11.94
stress-ng --cpu 1 --cpu-load 44 --quiet --timeout 60s,11,4/27/2026,16:03:51,12.37,8.38,12.55
stress-ng --cpu 1 --cpu-load 44 --quiet --timeout 60s,11,4/27/2026,16:03:52,10.94,8.38,12.55
stress-ng --cpu 1 --cpu-load 44 --quiet --timeout 60s,11,4/27/2026,16:03:53,12.4,8.38,11.88
stress-ng --cpu 1 --cpu-load 44 --quiet --timeout 60s,11,4/27/2026,16:03:54,11.19,8.38,11.98
stress-ng --cpu 1 --cpu-load 44 --quiet --timeout 60s,11,4/27/2026,16:03:55,11.63,8.38,11.98
stress-ng --cpu 1 --cpu-load 44 --quiet --timeout 60s,11,4/27/2026,16:03:56,11.63,8.38,11.62
stress-ng --cpu 1 --cpu-load 44 --quiet --timeout 60s,11,4/27/2026,16:03:57,12.37,8.38,12.04
stress-ng --cpu 1 --cpu-load 44 --quiet --timeout 60s,11,4/27/2026,16:03:58,11.94,8.38,12.04
stress-ng --cpu 1 --cpu-load 44 --quiet --timeout 60s,11,4/27/2026,16:03:59,11.41,8.38,12.28
stress-ng --cpu 1 --cpu-load 44 --quiet --timeout 60s,11,4/27/2026,16:04:00,11.44,8.38,12.46
stress-ng --cpu 1 --cpu-load 44 --quiet --timeout 60s,11,4/27/2026,16:04:01,11.66,8.38,12.46
stress-ng --cpu 1 --cpu-load 44 --quiet --timeout 60s,11,4/27/2026,16:04:02,11.88,8.38,12.35
stress-ng --cpu 1 --cpu-load 44 --quiet --timeout 60s,11,4/27/2026,16:04:03,11.44,8.38,12.37
stress-ng --cpu 1 --cpu-load 44 --quiet --timeout 60s,11,4/27/2026,16:04:04,11.66,8.38,12.37
stress-ng --cpu 1 --cpu-load 44 --quiet --timeout 60s,11,4/27/2026,16:04:05,12.12,8.38,12.15
stress-ng --cpu 1 --cpu-load 44 --quiet --timeout 60s,11,4/27/2026,16:04:06,11.94,8.38,12.23
stress-ng --cpu 1 --cpu-load 44 --quiet --timeout 60s,11,4/27/2026,16:04:07,11.44,8.38,12.23
stress-ng --cpu 1 --cpu-load 44 --quiet --timeout 60s,11,4/27/2026,16:04:08,12.15,8.38,11.9
stress-ng --cpu 1 --cpu-load 44 --quiet --timeout 60s,11,4/27/2026,16:04:09,11.41,8.38,12.07
stress-ng --cpu 1 --cpu-load 44 --quiet --timeout 60s,11,4/27/2026,16:04:10,11.91,8.38,12.07
stress-ng --cpu 1 --cpu-load 44 --quiet --timeout 60s,11,4/27/2026,16:04:11,12.56,8.38,12.64
stress-ng --cpu 1 --cpu-load 44 --quiet --timeout 60s,11,4/27/2026,16:04:12,12.77,8.38,12.26
stress-ng --cpu 1 --cpu-load 44 --quiet --timeout 60s,11,4/27/2026,16:04:13,11.41,8.39,12.26
stress-ng --cpu 1 --cpu-load 44 --quiet --timeout 60s,11,4/27/2026,16:04:14,11.63,8.39,11.97
stress-ng --cpu 1 --cpu-load 44 --quiet --timeout 60s,11,4/27/2026,16:04:15,11.97,8.39,11.93
stress-ng --cpu 1 --cpu-load 44 --quiet --timeout 60s,11,4/27/2026,16:04:16,11.41,8.39,11.93
stress-ng --cpu 1 --cpu-load 44 --quiet --timeout 60s,11,4/27/2026,16:04:17,11.38,8.39,12.27
stress-ng --cpu 1 --cpu-load 44 --quiet --timeout 60s,11,4/27/2026,16:04:18,12.06,8.39,12.35
stress-ng --cpu 1 --cpu-load 44 --quiet --timeout 60s,11,4/27/2026,16:04:19,12.56,8.39,11.75
stress-ng --cpu 1 --cpu-load 44 --quiet --timeout 60s,11,4/27/2026,16:04:20,11.41,8.39,12.28
stress-ng --cpu 1 --cpu-load 44 --quiet --timeout 60s,11,4/27/2026,16:04:21,12.59,8.38,12.28
stress-ng --cpu 1 --cpu-load 44 --quiet --timeout 60s,11,4/27/2026,16:04:22,10.94,8.38,12.14
stress-ng --cpu 1 --cpu-load 44 --quiet --timeout 60s,11,4/27/2026,16:04:23,12.4,8.38,11.98
stress-ng --cpu 1 --cpu-load 44 --quiet --timeout 60s,11,4/27/2026,16:04:24,10.94,8.38,11.98
stress-ng --cpu 1 --cpu-load 44 --quiet --timeout 60s,11,4/27/2026,16:04:25,12.37,8.39,12.27
stress-ng --cpu 1 --cpu-load 44 --quiet --timeout 60s,11,4/27/2026,16:04:26,11.91,8.39,12.74
stress-ng --cpu 1 --cpu-load 44 --quiet --timeout 60s,11,4/27/2026,16:04:27,11.72,8.39,12.74
stress-ng --cpu 1 --cpu-load 44 --quiet --timeout 60s,11,4/27/2026,16:04:28,11.41,8.39,12.22
stress-ng --cpu 1 --cpu-load 44 --quiet --timeout 60s,11,4/27/2026,16:04:29,11.44,8.39,11.85
stress-ng --cpu 1 --cpu-load 44 --quiet --timeout 60s,11,4/27/2026,16:04:30,12.59,8.39,11.85
stress-ng --cpu 1 --cpu-load 44 --quiet --timeout 60s,11,4/27/2026,16:04:31,11.47,8.39,12.01
stress-ng --cpu 1 --cpu-load 44 --quiet --timeout 60s,11,4/27/2026,16:04:32,11.66,8.39,12.49
stress-ng --cpu 1 --cpu-load 44 --quiet --timeout 60s,11,4/27/2026,16:04:33,12.15,8.39,12.49
stress-ng --cpu 1 --cpu-load 44 --quiet --timeout 60s,11,4/27/2026,16:04:34,11.82,8.39,11.85
stress-ng --cpu 1 --cpu-load 44 --quiet --timeout 60s,11,4/27/2026,18:45:38,1.22,8.42,9.7
stress-ng --cpu 1 --cpu-load 44 --quiet --timeout 60s,11,4/27/2026,18:45:39,7.17,8.44,9.33
stress-ng --cpu 1 --cpu-load 44 --quiet --timeout 60s,11,4/27/2026,18:45:40,11.13,8.44,11.78
stress-ng --cpu 1 --cpu-load 44 --quiet --timeout 60s,11,4/27/2026,18:45:41,12.09,8.44,11.78
stress-ng --cpu 1 --cpu-load 44 --quiet --timeout 60s,11,4/27/2026,18:45:42,12,8.44,12.16
stress-ng --cpu 1 --cpu-load 44 --quiet --timeout 60s,11,4/27/2026,18:45:43,11.63,8.44,12.16
stress-ng --cpu 1 --cpu-load 44 --quiet --timeout 60s,11,4/27/2026,18:45:44,11.94,8.44,12.51
stress-ng --cpu 1 --cpu-load 44 --quiet --timeout 60s,11,4/27/2026,18:45:45,12.09,8.44,11.9
stress-ng --cpu 1 --cpu-load 44 --quiet --timeout 60s,11,4/27/2026,18:45:46,10.97,8.44,11.9
stress-ng --cpu 1 --cpu-load 44 --quiet --timeout 60s,11,4/27/2026,18:45:47,12.18,8.44,11.77
stress-ng --cpu 1 --cpu-load 44 --quiet --timeout 60s,11,4/27/2026,18:45:48,11.38,8.44,12.27
stress-ng --cpu 1 --cpu-load 44 --quiet --timeout 60s,11,4/27/2026,18:45:49,11.38,8.44,12.27
stress-ng --cpu 1 --cpu-load 44 --quiet --timeout 60s,11,4/27/2026,18:45:50,12.34,8.44,11.83
stress-ng --cpu 1 --cpu-load 44 --quiet --timeout 60s,11,4/27/2026,18:45:51,11.94,8.44,12.67
stress-ng --cpu 1 --cpu-load 44 --quiet --timeout 60s,11,4/27/2026,18:45:52,11.19,8.44,12.67
stress-ng --cpu 1 --cpu-load 44 --quiet --timeout 60s,11,4/27/2026,18:45:53,12.31,8.44,12.16
stress-ng --cpu 1 --cpu-load 44 --quiet --timeout 60s,11,4/27/2026,18:45:54,11.41,8.44,12.09
stress-ng --cpu 1 --cpu-load 44 --quiet --timeout 60s,11,4/27/2026,18:45:55,11.85,8.44,12.09
stress-ng --cpu 1 --cpu-load 44 --quiet --timeout 60s,11,4/27/2026,18:45:56,12.12,8.44,11.87
stress-ng --cpu 1 --cpu-load 44 --quiet --timeout 60s,11,4/27/2026,18:45:57,11.69,8.44,11.77
stress-ng --cpu 1 --cpu-load 44 --quiet --timeout 60s,11,4/27/2026,18:45:58,11.91,8.44,11.77
stress-ng --cpu 1 --cpu-load 44 --quiet --timeout 60s,11,4/27/2026,18:45:59,11.41,8.44,12.75
stress-ng --cpu 1 --cpu-load 44 --quiet --timeout 60s,11,4/27/2026,18:46:00,11.69,8.44,12.31
stress-ng --cpu 1 --cpu-load 44 --quiet --timeout 60s,11,4/27/2026,18:46:01,11.91,8.44,12.31
stress-ng --cpu 1 --cpu-load 44 --quiet --timeout 60s,11,4/27/2026,18:46:02,11.91,8.44,12.26
stress-ng --cpu 1 --cpu-load 44 --quiet --timeout 60s,11,4/27/2026,18:46:03,11.66,8.44,12.08
stress-ng --cpu 1 --cpu-load 44 --quiet --timeout 60s,11,4/27/2026,18:46:04,11.69,8.44,12.08
stress-ng --cpu 1 --cpu-load 44 --quiet --timeout 60s,11,4/27/2026,18:46:05,11.69,8.44,12.33
stress-ng --cpu 1 --cpu-load 44 --quiet --timeout 60s,11,4/27/2026,18:46:06,11.22,8.44,12.26
stress-ng --cpu 1 --cpu-load 44 --quiet --timeout 60s,11,4/27/2026,18:46:07,11.88,8.44,12.26
stress-ng --cpu 1 --cpu-load 44 --quiet --timeout 60s,11,4/27/2026,18:46:08,11.88,8.43,12.02
stress-ng --cpu 1 --cpu-load 44 --quiet --timeout 60s,11,4/27/2026,18:46:09,12.09,8.43,12.1
stress-ng --cpu 1 --cpu-load 44 --quiet --timeout 60s,11,4/27/2026,18:46:10,12.37,8.43,12.1
stress-ng --cpu 1 --cpu-load 44 --quiet --timeout 60s,11,4/27/2026,18:46:11,11.63,8.43,12.18
stress-ng --cpu 1 --cpu-load 44 --quiet --timeout 60s,11,4/27/2026,18:46:12,12.31,8.43,12.28
stress-ng --cpu 1 --cpu-load 44 --quiet --timeout 60s,11,4/27/2026,18:46:13,11.66,8.43,12.28
stress-ng --cpu 1 --cpu-load 44 --quiet --timeout 60s,11,4/27/2026,18:46:14,11.66,8.43,12.07
stress-ng --cpu 1 --cpu-load 44 --quiet --timeout 60s,11,4/27/2026,18:46:15,11.88,8.43,12.11
stress-ng --cpu 1 --cpu-load 44 --quiet --timeout 60s,11,4/27/2026,18:46:16,11.44,8.43,12.11
stress-ng --cpu 1 --cpu-load 44 --quiet --timeout 60s,11,4/27/2026,18:46:17,11.66,8.43,11.99
stress-ng --cpu 1 --cpu-load 44 --quiet --timeout 60s,11,4/27/2026,18:46:18,12.18,8.43,12.01
stress-ng --cpu 1 --cpu-load 44 --quiet --timeout 60s,11,4/27/2026,18:46:19,11.38,8.43,12.24
stress-ng --cpu 1 --cpu-load 44 --quiet --timeout 60s,11,4/27/2026,18:46:20,11.66,8.43,11.6
stress-ng --cpu 1 --cpu-load 44 --quiet --timeout 60s,11,4/27/2026,18:46:21,11.82,8.43,11.6
stress-ng --cpu 1 --cpu-load 44 --quiet --timeout 60s,11,4/27/2026,18:46:22,12.83,8.43,11.74
stress-ng --cpu 1 --cpu-load 44 --quiet --timeout 60s,11,4/27/2026,18:46:23,10.94,8.43,12.14
stress-ng --cpu 1 --cpu-load 44 --quiet --timeout 60s,11,4/27/2026,18:46:24,11.6,8.43,12.14
stress-ng --cpu 1 --cpu-load 44 --quiet --timeout 60s,11,4/27/2026,18:46:25,12.56,8.43,11.76
stress-ng --cpu 1 --cpu-load 44 --quiet --timeout 60s,11,4/27/2026,18:46:26,12.06,8.43,12.41
stress-ng --cpu 1 --cpu-load 44 --quiet --timeout 60s,11,4/27/2026,18:46:27,12.65,8.43,12.41
stress-ng --cpu 1 --cpu-load 44 --quiet --timeout 60s,11,4/27/2026,18:46:28,11.19,8.43,12.15
stress-ng --cpu 1 --cpu-load 44 --quiet --timeout 60s,11,4/27/2026,18:46:29,12.12,8.43,11.92
stress-ng --cpu 1 --cpu-load 44 --quiet --timeout 60s,11,4/27/2026,18:46:30,11.44,8.43,11.92
stress-ng --cpu 1 --cpu-load 44 --quiet --timeout 60s,11,4/27/2026,18:46:31,11.66,8.43,12.21
stress-ng --cpu 1 --cpu-load 44 --quiet --timeout 60s,11,4/27/2026,18:46:32,11.66,8.43,11.91
stress-ng --cpu 1 --cpu-load 44 --quiet --timeout 60s,11,4/27/2026,18:46:33,11.88,8.43,11.91
stress-ng --cpu 1 --cpu-load 44 --quiet --timeout 60s,11,4/27/2026,18:46:34,11.16,8.43,12.85
stress-ng --cpu 1 --cpu-load 44 --quiet --timeout 60s,11,4/27/2026,18:46:35,12.34,8.43,12.24
stress-ng --cpu 1 --cpu-load 44 --quiet --timeout 60s,11,4/27/2026,18:46:36,11.88,8.43,12.24
stress-ng --cpu 1 --cpu-load 44 --quiet --timeout 60s,11,4/27/2026,18:46:37,11.97,8.44,11.89
stress-ng --cpu 1 --cpu-load 44 --quiet --timeout 60s,11,4/27/2026,18:46:38,12.37,8.44,12.06
stress-ng --cpu 1 --cpu-load 48 --quiet --timeout 60s,12,4/27/2026,12:45:30,7.4,8.39,9.51
stress-ng --cpu 1 --cpu-load 48 --quiet --timeout 60s,12,4/27/2026,12:45:31,12.18,8.39,9.43
stress-ng --cpu 1 --cpu-load 48 --quiet --timeout 60s,12,4/27/2026,12:45:32,13.18,8.39,13.13
stress-ng --cpu 1 --cpu-load 48 --quiet --timeout 60s,12,4/27/2026,12:45:33,12.65,8.39,13.13
stress-ng --cpu 1 --cpu-load 48 --quiet --timeout 60s,12,4/27/2026,12:45:34,12.635,8.39,14.94
stress-ng --cpu 1 --cpu-load 48 --quiet --timeout 60s,12,4/27/2026,12:45:35,12.62,8.39,14.94
stress-ng --cpu 1 --cpu-load 48 --quiet --timeout 60s,12,4/27/2026,12:45:36,12.68,8.39,13.4
stress-ng --cpu 1 --cpu-load 48 --quiet --timeout 60s,12,4/27/2026,12:45:37,13.11,8.39,13.24
stress-ng --cpu 1 --cpu-load 48 --quiet --timeout 60s,12,4/27/2026,12:45:38,12.65,8.39,13.24
stress-ng --cpu 1 --cpu-load 48 --quiet --timeout 60s,12,4/27/2026,12:45:39,12.68,8.39,13.39
stress-ng --cpu 1 --cpu-load 48 --quiet --timeout 60s,12,4/27/2026,12:45:40,12,8.39,13.67
stress-ng --cpu 1 --cpu-load 48 --quiet --timeout 60s,12,4/27/2026,12:45:41,12.83,8.39,13.67
stress-ng --cpu 1 --cpu-load 48 --quiet --timeout 60s,12,4/27/2026,12:45:42,12.43,8.39,13.04
stress-ng --cpu 1 --cpu-load 48 --quiet --timeout 60s,12,4/27/2026,12:45:43,13.18,8.39,13.46
stress-ng --cpu 1 --cpu-load 48 --quiet --timeout 60s,12,4/27/2026,12:45:44,12.65,8.39,13.46
stress-ng --cpu 1 --cpu-load 48 --quiet --timeout 60s,12,4/27/2026,12:45:45,12.43,8.39,13.49
stress-ng --cpu 1 --cpu-load 48 --quiet --timeout 60s,12,4/27/2026,12:45:46,12.65,8.39,13.65
stress-ng --cpu 1 --cpu-load 48 --quiet --timeout 60s,12,4/27/2026,12:45:47,12.68,8.39,13.65
stress-ng --cpu 1 --cpu-load 48 --quiet --timeout 60s,12,4/27/2026,12:45:48,12.68,8.39,13.77
stress-ng --cpu 1 --cpu-load 48 --quiet --timeout 60s,12,4/27/2026,12:45:49,13.33,8.39,13.58
stress-ng --cpu 1 --cpu-load 48 --quiet --timeout 60s,12,4/27/2026,12:45:50,12.46,8.39,13.58
stress-ng --cpu 1 --cpu-load 48 --quiet --timeout 60s,12,4/27/2026,12:45:51,13.15,8.39,13.38
stress-ng --cpu 1 --cpu-load 48 --quiet --timeout 60s,12,4/27/2026,12:45:52,12.4,8.39,13.62
stress-ng --cpu 1 --cpu-load 48 --quiet --timeout 60s,12,4/27/2026,12:45:53,12.68,8.39,13.62
stress-ng --cpu 1 --cpu-load 48 --quiet --timeout 60s,12,4/27/2026,12:45:54,12.9,8.39,13.17
stress-ng --cpu 1 --cpu-load 48 --quiet --timeout 60s,12,4/27/2026,12:45:55,12.93,8.39,13.09
stress-ng --cpu 1 --cpu-load 48 --quiet --timeout 60s,12,4/27/2026,12:45:56,12.62,8.39,13.09
stress-ng --cpu 1 --cpu-load 48 --quiet --timeout 60s,12,4/27/2026,12:45:57,12.43,8.39,13.17
stress-ng --cpu 1 --cpu-load 48 --quiet --timeout 60s,12,4/27/2026,12:45:58,12.83,8.4,13.45
stress-ng --cpu 1 --cpu-load 48 --quiet --timeout 60s,12,4/27/2026,12:45:59,12.9,8.4,13.45
stress-ng --cpu 1 --cpu-load 48 --quiet --timeout 60s,12,4/27/2026,12:46:00,12.93,8.4,13.29
stress-ng --cpu 1 --cpu-load 48 --quiet --timeout 60s,12,4/27/2026,12:46:01,12.71,8.4,12.98
stress-ng --cpu 1 --cpu-load 48 --quiet --timeout 60s,12,4/27/2026,12:46:02,12.4,8.4,12.98
stress-ng --cpu 1 --cpu-load 48 --quiet --timeout 60s,12,4/27/2026,12:46:03,12.65,8.4,14.8
stress-ng --cpu 1 --cpu-load 48 --quiet --timeout 60s,12,4/27/2026,12:46:04,12.93,8.4,14.8
stress-ng --cpu 1 --cpu-load 48 --quiet --timeout 60s,12,4/27/2026,12:46:05,12.43,8.4,14.8
stress-ng --cpu 1 --cpu-load 48 --quiet --timeout 60s,12,4/27/2026,12:46:06,13.93,8.4,13.11
stress-ng --cpu 1 --cpu-load 48 --quiet --timeout 60s,12,4/27/2026,12:46:07,12.43,8.4,13.19
stress-ng --cpu 1 --cpu-load 48 --quiet --timeout 60s,12,4/27/2026,12:46:08,12.4,8.4,13.69
stress-ng --cpu 1 --cpu-load 48 --quiet --timeout 60s,12,4/27/2026,12:46:09,13.18,8.4,13.69
stress-ng --cpu 1 --cpu-load 48 --quiet --timeout 60s,12,4/27/2026,12:46:10,12.21,8.4,13.41
stress-ng --cpu 1 --cpu-load 48 --quiet --timeout 60s,12,4/27/2026,12:46:11,13.11,8.4,13.41
stress-ng --cpu 1 --cpu-load 48 --quiet --timeout 60s,12,4/27/2026,12:46:12,12.21,8.4,13.74
stress-ng --cpu 1 --cpu-load 48 --quiet --timeout 60s,12,4/27/2026,12:46:13,12.43,8.4,13.67
stress-ng --cpu 1 --cpu-load 48 --quiet --timeout 60s,12,4/27/2026,12:46:14,13.15,8.4,13.67
stress-ng --cpu 1 --cpu-load 48 --quiet --timeout 60s,12,4/27/2026,12:46:15,12.9,8.4,13.71
stress-ng --cpu 1 --cpu-load 48 --quiet --timeout 60s,12,4/27/2026,12:46:16,12.18,8.4,13.61
stress-ng --cpu 1 --cpu-load 48 --quiet --timeout 60s,12,4/27/2026,12:46:17,12.68,8.4,13.61
stress-ng --cpu 1 --cpu-load 48 --quiet --timeout 60s,12,4/27/2026,12:46:18,12.65,8.4,13.04
stress-ng --cpu 1 --cpu-load 48 --quiet --timeout 60s,12,4/27/2026,12:46:19,12.4,8.4,13.41
stress-ng --cpu 1 --cpu-load 48 --quiet --timeout 60s,12,4/27/2026,12:46:20,13.36,8.4,13.41
stress-ng --cpu 1 --cpu-load 48 --quiet --timeout 60s,12,4/27/2026,12:46:21,12.15,8.41,13.27
stress-ng --cpu 1 --cpu-load 48 --quiet --timeout 60s,12,4/27/2026,12:46:22,12.65,8.4,13.67
stress-ng --cpu 1 --cpu-load 48 --quiet --timeout 60s,12,4/27/2026,12:46:23,13.36,8.41,13.67
stress-ng --cpu 1 --cpu-load 48 --quiet --timeout 60s,12,4/27/2026,12:46:24,12.43,8.41,13.71
stress-ng --cpu 1 --cpu-load 48 --quiet --timeout 60s,12,4/27/2026,12:46:25,12.4,8.41,13.96
stress-ng --cpu 1 --cpu-load 48 --quiet --timeout 60s,12,4/27/2026,12:46:26,12.65,8.41,13.96
stress-ng --cpu 1 --cpu-load 48 --quiet --timeout 60s,12,4/27/2026,12:46:27,13.15,8.41,13.03
stress-ng --cpu 1 --cpu-load 48 --quiet --timeout 60s,12,4/27/2026,12:46:28,12.65,8.41,12.62
stress-ng --cpu 1 --cpu-load 48 --quiet --timeout 60s,12,4/27/2026,12:46:29,12.9,8.41,12.62
stress-ng --cpu 1 --cpu-load 48 --quiet --timeout 60s,12,4/27/2026,12:46:30,12.46,8.41,13.57
stress-ng --cpu 1 --cpu-load 48 --quiet --timeout 60s,12,4/27/2026,16:11:35,10.37,8.39,10.15
stress-ng --cpu 1 --cpu-load 48 --quiet --timeout 60s,12,4/27/2026,16:11:36,12.4,8.39,10.15
stress-ng --cpu 1 --cpu-load 48 --quiet --timeout 60s,12,4/27/2026,16:11:37,13.36,8.39,13.63
stress-ng --cpu 1 --cpu-load 48 --quiet --timeout 60s,12,4/27/2026,16:11:38,12.9,8.39,13.44
stress-ng --cpu 1 --cpu-load 48 --quiet --timeout 60s,12,4/27/2026,16:11:39,12.9,8.39,13.44
stress-ng --cpu 1 --cpu-load 48 --quiet --timeout 60s,12,4/27/2026,16:11:40,12.43,8.39,13.26
stress-ng --cpu 1 --cpu-load 48 --quiet --timeout 60s,12,4/27/2026,16:11:41,12.9,8.39,13.34
stress-ng --cpu 1 --cpu-load 48 --quiet --timeout 60s,12,4/27/2026,16:11:42,12.62,8.39,13.34
stress-ng --cpu 1 --cpu-load 48 --quiet --timeout 60s,12,4/27/2026,16:11:43,13.33,8.39,13.27
stress-ng --cpu 1 --cpu-load 48 --quiet --timeout 60s,12,4/27/2026,16:11:44,12.43,8.39,13.62
stress-ng --cpu 1 --cpu-load 48 --quiet --timeout 60s,12,4/27/2026,16:11:45,12.68,8.39,13.62
stress-ng --cpu 1 --cpu-load 48 --quiet --timeout 60s,12,4/27/2026,16:11:46,12.18,8.39,13.01
stress-ng --cpu 1 --cpu-load 48 --quiet --timeout 60s,12,4/27/2026,16:11:47,12.9,8.39,13.54
stress-ng --cpu 1 --cpu-load 48 --quiet --timeout 60s,12,4/27/2026,16:11:48,12.9,8.39,13.54
stress-ng --cpu 1 --cpu-load 48 --quiet --timeout 60s,12,4/27/2026,16:11:49,12.65,8.39,13.21
stress-ng --cpu 1 --cpu-load 48 --quiet --timeout 60s,12,4/27/2026,16:11:50,12.46,8.39,13.27
stress-ng --cpu 1 --cpu-load 48 --quiet --timeout 60s,12,4/27/2026,16:11:51,12.93,8.39,13.27
stress-ng --cpu 1 --cpu-load 48 --quiet --timeout 60s,12,4/27/2026,16:11:52,12.435,8.39,13.58
stress-ng --cpu 1 --cpu-load 48 --quiet --timeout 60s,12,4/27/2026,16:11:53,11.94,8.39,13
stress-ng --cpu 1 --cpu-load 48 --quiet --timeout 60s,12,4/27/2026,16:11:54,13.11,8.39,13
stress-ng --cpu 1 --cpu-load 48 --quiet --timeout 60s,12,4/27/2026,16:11:55,12.46,8.39,12.99
stress-ng --cpu 1 --cpu-load 48 --quiet --timeout 60s,12,4/27/2026,16:11:56,12.4,8.39,13.48
stress-ng --cpu 1 --cpu-load 48 --quiet --timeout 60s,12,4/27/2026,16:11:57,12.62,8.39,13.48
stress-ng --cpu 1 --cpu-load 48 --quiet --timeout 60s,12,4/27/2026,16:11:58,13.18,8.39,13.61
stress-ng --cpu 1 --cpu-load 48 --quiet --timeout 60s,12,4/27/2026,16:11:59,12.4,8.39,13.45
stress-ng --cpu 1 --cpu-load 48 --quiet --timeout 60s,12,4/27/2026,16:12:00,13.11,8.39,13.45
stress-ng --cpu 1 --cpu-load 48 --quiet --timeout 60s,12,4/27/2026,16:12:01,12.4,8.39,13.07
stress-ng --cpu 1 --cpu-load 48 --quiet --timeout 60s,12,4/27/2026,16:12:02,12.4,8.39,13.48
stress-ng --cpu 1 --cpu-load 48 --quiet --timeout 60s,12,4/27/2026,16:12:03,12.9,8.39,13.48
stress-ng --cpu 1 --cpu-load 48 --quiet --timeout 60s,12,4/27/2026,16:12:04,13.15,8.38,13.23
stress-ng --cpu 1 --cpu-load 48 --quiet --timeout 60s,12,4/27/2026,16:12:05,12.43,8.38,13.295
stress-ng --cpu 1 --cpu-load 48 --quiet --timeout 60s,12,4/27/2026,16:12:06,13.36,8.38,13.36
stress-ng --cpu 1 --cpu-load 48 --quiet --timeout 60s,12,4/27/2026,16:12:07,12.18,8.38,13.36
stress-ng --cpu 1 --cpu-load 48 --quiet --timeout 60s,12,4/27/2026,16:12:08,12.4,8.38,13.45
stress-ng --cpu 1 --cpu-load 48 --quiet --timeout 60s,12,4/27/2026,16:12:09,12.65,8.38,13.33
stress-ng --cpu 1 --cpu-load 48 --quiet --timeout 60s,12,4/27/2026,16:12:10,13.15,8.38,13.33
stress-ng --cpu 1 --cpu-load 48 --quiet --timeout 60s,12,4/27/2026,16:12:11,12.4,8.38,13.36
stress-ng --cpu 1 --cpu-load 48 --quiet --timeout 60s,12,4/27/2026,16:12:12,12.68,8.38,13.55
stress-ng --cpu 1 --cpu-load 48 --quiet --timeout 60s,12,4/27/2026,16:12:13,12.87,8.38,13.55
stress-ng --cpu 1 --cpu-load 48 --quiet --timeout 60s,12,4/27/2026,16:12:14,12.9,8.38,12.78
stress-ng --cpu 1 --cpu-load 48 --quiet --timeout 60s,12,4/27/2026,16:12:15,12.93,8.38,13.44
stress-ng --cpu 1 --cpu-load 48 --quiet --timeout 60s,12,4/27/2026,16:12:16,12.43,8.38,13.44
stress-ng --cpu 1 --cpu-load 48 --quiet --timeout 60s,12,4/27/2026,16:12:17,12.4,8.38,13.78
stress-ng --cpu 1 --cpu-load 48 --quiet --timeout 60s,12,4/27/2026,16:12:18,12.9,8.38,13.28
stress-ng --cpu 1 --cpu-load 48 --quiet --timeout 60s,12,4/27/2026,16:12:19,12.93,8.38,13.28
stress-ng --cpu 1 --cpu-load 48 --quiet --timeout 60s,12,4/27/2026,16:12:20,12.18,8.38,12.94
stress-ng --cpu 1 --cpu-load 48 --quiet --timeout 60s,12,4/27/2026,16:12:21,13.08,8.38,13.37
stress-ng --cpu 1 --cpu-load 48 --quiet --timeout 60s,12,4/27/2026,16:12:22,12.46,8.38,13.37
stress-ng --cpu 1 --cpu-load 48 --quiet --timeout 60s,12,4/27/2026,16:12:23,12.21,8.38,13.76
stress-ng --cpu 1 --cpu-load 48 --quiet --timeout 60s,12,4/27/2026,16:12:24,13.15,8.38,13.41
stress-ng --cpu 1 --cpu-load 48 --quiet --timeout 60s,12,4/27/2026,16:12:25,12.15,8.38,13.41
stress-ng --cpu 1 --cpu-load 48 --quiet --timeout 60s,12,4/27/2026,16:12:26,13.11,8.38,12.89
stress-ng --cpu 1 --cpu-load 48 --quiet --timeout 60s,12,4/27/2026,16:12:27,12.9,8.38,13.04
stress-ng --cpu 1 --cpu-load 48 --quiet --timeout 60s,12,4/27/2026,16:12:28,12.43,8.38,13.04
stress-ng --cpu 1 --cpu-load 48 --quiet --timeout 60s,12,4/27/2026,16:12:29,12.93,8.38,13.2
stress-ng --cpu 1 --cpu-load 48 --quiet --timeout 60s,12,4/27/2026,16:12:30,12.15,8.38,13.03
stress-ng --cpu 1 --cpu-load 48 --quiet --timeout 60s,12,4/27/2026,16:12:31,12.9,8.38,13.03
stress-ng --cpu 1 --cpu-load 48 --quiet --timeout 60s,12,4/27/2026,16:12:32,12.9,8.38,13.18
stress-ng --cpu 1 --cpu-load 48 --quiet --timeout 60s,12,4/27/2026,16:12:33,12.4,8.38,13.74
stress-ng --cpu 1 --cpu-load 48 --quiet --timeout 60s,12,4/27/2026,16:12:34,12.68,8.38,13.74
stress-ng --cpu 1 --cpu-load 48 --quiet --timeout 60s,12,4/27/2026,16:12:35,12.15,8.38,13.13
stress-ng --cpu 1 --cpu-load 48 --quiet --timeout 60s,12,4/27/2026,18:23:38,1.22,8.38,9.34
stress-ng --cpu 1 --cpu-load 48 --quiet --timeout 60s,12,4/27/2026,18:23:39,10.86,8.41,10.09
stress-ng --cpu 1 --cpu-load 48 --quiet --timeout 60s,12,4/27/2026,18:23:40,13.39,8.41,13.21
stress-ng --cpu 1 --cpu-load 48 --quiet --timeout 60s,12,4/27/2026,18:23:41,12.18,8.41,13.21
stress-ng --cpu 1 --cpu-load 48 --quiet --timeout 60s,12,4/27/2026,18:23:42,12.93,8.41,13.6
stress-ng --cpu 1 --cpu-load 48 --quiet --timeout 60s,12,4/27/2026,18:23:43,12.9,8.41,13.6
stress-ng --cpu 1 --cpu-load 48 --quiet --timeout 60s,12,4/27/2026,18:23:44,12.15,8.41,13.24
stress-ng --cpu 1 --cpu-load 48 --quiet --timeout 60s,12,4/27/2026,18:23:45,13.11,8.41,13.17
stress-ng --cpu 1 --cpu-load 48 --quiet --timeout 60s,12,4/27/2026,18:23:46,12.65,8.41,13.17
stress-ng --cpu 1 --cpu-load 48 --quiet --timeout 60s,12,4/27/2026,18:23:47,12.68,8.41,13.66
stress-ng --cpu 1 --cpu-load 48 --quiet --timeout 60s,12,4/27/2026,18:23:48,12.9,8.41,13.29
stress-ng --cpu 1 --cpu-load 48 --quiet --timeout 60s,12,4/27/2026,18:23:49,12.21,8.41,13.29
stress-ng --cpu 1 --cpu-load 48 --quiet --timeout 60s,12,4/27/2026,18:23:50,12.65,8.41,12.67
stress-ng --cpu 1 --cpu-load 48 --quiet --timeout 60s,12,4/27/2026,18:23:51,12.68,8.41,13.47
stress-ng --cpu 1 --cpu-load 48 --quiet --timeout 60s,12,4/27/2026,18:23:52,12.43,8.41,13.47
stress-ng --cpu 1 --cpu-load 48 --quiet --timeout 60s,12,4/27/2026,18:23:53,12.9,8.41,12.9
stress-ng --cpu 1 --cpu-load 48 --quiet --timeout 60s,12,4/27/2026,18:23:54,12.9,8.41,12.91
stress-ng --cpu 1 --cpu-load 48 --quiet --timeout 60s,12,4/27/2026,18:23:55,12.65,8.41,12.91
stress-ng --cpu 1 --cpu-load 48 --quiet --timeout 60s,12,4/27/2026,18:23:56,12.9,8.41,13.63
stress-ng --cpu 1 --cpu-load 48 --quiet --timeout 60s,12,4/27/2026,18:23:57,13.15,8.41,13.12
stress-ng --cpu 1 --cpu-load 48 --quiet --timeout 60s,12,4/27/2026,18:23:58,12.15,8.41,13.12
stress-ng --cpu 1 --cpu-load 48 --quiet --timeout 60s,12,4/27/2026,18:23:59,12.71,8.41,12.97
stress-ng --cpu 1 --cpu-load 48 --quiet --timeout 60s,12,4/27/2026,18:24:00,12.65,8.41,13.08
stress-ng --cpu 1 --cpu-load 48 --quiet --timeout 60s,12,4/27/2026,18:24:01,12.9,8.41,13.08
stress-ng --cpu 1 --cpu-load 48 --quiet --timeout 60s,12,4/27/2026,18:24:02,12.65,8.41,13.47
stress-ng --cpu 1 --cpu-load 48 --quiet --timeout 60s,12,4/27/2026,18:24:03,12.46,8.41,13.39
stress-ng --cpu 1 --cpu-load 48 --quiet --timeout 60s,12,4/27/2026,18:24:04,12.62,8.41,13.39
stress-ng --cpu 1 --cpu-load 48 --quiet --timeout 60s,12,4/27/2026,18:24:05,13.15,8.41,13.3
stress-ng --cpu 1 --cpu-load 48 --quiet --timeout 60s,12,4/27/2026,18:24:06,12.65,8.41,13.61
stress-ng --cpu 1 --cpu-load 48 --quiet --timeout 60s,12,4/27/2026,18:24:07,12.93,8.42,13.61
stress-ng --cpu 1 --cpu-load 48 --quiet --timeout 60s,12,4/27/2026,18:24:08,12.15,8.42,13.2
stress-ng --cpu 1 --cpu-load 48 --quiet --timeout 60s,12,4/27/2026,18:24:09,12.71,8.42,13.26
stress-ng --cpu 1 --cpu-load 48 --quiet --timeout 60s,12,4/27/2026,18:24:10,13.15,8.42,13.26
stress-ng --cpu 1 --cpu-load 48 --quiet --timeout 60s,12,4/27/2026,18:24:11,12.4,8.42,13.84
stress-ng --cpu 1 --cpu-load 48 --quiet --timeout 60s,12,4/27/2026,18:24:12,12.43,8.42,13.58
stress-ng --cpu 1 --cpu-load 48 --quiet --timeout 60s,12,4/27/2026,18:24:13,12.9,8.42,13.58
stress-ng --cpu 1 --cpu-load 48 --quiet --timeout 60s,12,4/27/2026,18:24:14,12.46,8.42,13.09
stress-ng --cpu 1 --cpu-load 48 --quiet --timeout 60s,12,4/27/2026,18:24:15,13.11,8.42,13.07
stress-ng --cpu 1 --cpu-load 48 --quiet --timeout 60s,12,4/27/2026,18:24:16,12.43,8.42,13.07
stress-ng --cpu 1 --cpu-load 48 --quiet --timeout 60s,12,4/27/2026,18:24:17,12.46,8.42,12.89
stress-ng --cpu 1 --cpu-load 48 --quiet --timeout 60s,12,4/27/2026,18:24:18,12.37,8.42,13.4
stress-ng --cpu 1 --cpu-load 48 --quiet --timeout 60s,12,4/27/2026,18:24:19,12.93,8.42,13.4
stress-ng --cpu 1 --cpu-load 48 --quiet --timeout 60s,12,4/27/2026,18:24:20,12.4,8.42,13.42
stress-ng --cpu 1 --cpu-load 48 --quiet --timeout 60s,12,4/27/2026,18:24:21,13.02,8.42,13.29
stress-ng --cpu 1 --cpu-load 48 --quiet --timeout 60s,12,4/27/2026,18:24:22,13.39,8.42,13.29
stress-ng --cpu 1 --cpu-load 48 --quiet --timeout 60s,12,4/27/2026,18:24:23,11.94,8.42,12.92
stress-ng --cpu 1 --cpu-load 48 --quiet --timeout 60s,12,4/27/2026,18:24:24,12.68,8.42,13.37
stress-ng --cpu 1 --cpu-load 48 --quiet --timeout 60s,12,4/27/2026,18:24:25,12.93,8.42,13.37
stress-ng --cpu 1 --cpu-load 48 --quiet --timeout 60s,12,4/27/2026,18:24:26,12.37,8.42,13.25
stress-ng --cpu 1 --cpu-load 48 --quiet --timeout 60s,12,4/27/2026,18:24:27,12.43,8.42,13.33
stress-ng --cpu 1 --cpu-load 48 --quiet --timeout 60s,12,4/27/2026,18:24:28,13.11,8.42,13.33
stress-ng --cpu 1 --cpu-load 48 --quiet --timeout 60s,12,4/27/2026,18:24:29,12.68,8.42,13.27
stress-ng --cpu 1 --cpu-load 48 --quiet --timeout 60s,12,4/27/2026,18:24:30,12.68,8.42,13.09
stress-ng --cpu 1 --cpu-load 48 --quiet --timeout 60s,12,4/27/2026,18:24:31,12.37,8.42,13.09
stress-ng --cpu 1 --cpu-load 48 --quiet --timeout 60s,12,4/27/2026,18:24:32,12.68,8.42,13.53
stress-ng --cpu 1 --cpu-load 48 --quiet --timeout 60s,12,4/27/2026,18:24:33,12.93,8.42,13.15
stress-ng --cpu 1 --cpu-load 48 --quiet --timeout 60s,12,4/27/2026,18:24:34,12.87,8.42,13.15
stress-ng --cpu 1 --cpu-load 48 --quiet --timeout 60s,12,4/27/2026,18:24:35,12.65,8.42,13.26
stress-ng --cpu 1 --cpu-load 48 --quiet --timeout 60s,12,4/27/2026,18:24:36,12.18,8.42,13.91
stress-ng --cpu 1 --cpu-load 48 --quiet --timeout 60s,12,4/27/2026,18:24:37,12.9,8.42,13.91
stress-ng --cpu 1 --cpu-load 48 --quiet --timeout 60s,12,4/27/2026,18:24:38,11.16,8.41,13.38
stress-ng --cpu 1 --cpu-load 52 --quiet --timeout 60s,13,4/27/2026,12:11:29,1.47,8.39,9.24
stress-ng --cpu 1 --cpu-load 52 --quiet --timeout 60s,13,4/27/2026,12:11:30,7.37,8.42,10.63
stress-ng --cpu 1 --cpu-load 52 --quiet --timeout 60s,13,4/27/2026,12:11:31,13.43,8.42,10.63
stress-ng --cpu 1 --cpu-load 52 --quiet --timeout 60s,13,4/27/2026,12:11:32,13.93,8.42,15.54
stress-ng --cpu 1 --cpu-load 52 --quiet --timeout 60s,13,4/27/2026,12:11:33,14.1,8.42,15.21
stress-ng --cpu 1 --cpu-load 52 --quiet --timeout 60s,13,4/27/2026,12:11:34,13.64,8.42,15.21
stress-ng --cpu 1 --cpu-load 52 --quiet --timeout 60s,13,4/27/2026,12:11:35,13.21,8.42,15.385
stress-ng --cpu 1 --cpu-load 52 --quiet --timeout 60s,13,4/27/2026,12:11:36,13.89,8.42,15.56
stress-ng --cpu 1 --cpu-load 52 --quiet --timeout 60s,13,4/27/2026,12:11:37,13.68,8.42,15.56
stress-ng --cpu 1 --cpu-load 52 --quiet --timeout 60s,13,4/27/2026,12:11:38,13.43,8.42,15.38
stress-ng --cpu 1 --cpu-load 52 --quiet --timeout 60s,13,4/27/2026,12:11:39,13.68,8.42,15.14
stress-ng --cpu 1 --cpu-load 52 --quiet --timeout 60s,13,4/27/2026,12:11:40,13.39,8.42,15.14
stress-ng --cpu 1 --cpu-load 52 --quiet --timeout 60s,13,4/27/2026,12:11:41,14.14,8.42,15.18
stress-ng --cpu 1 --cpu-load 52 --quiet --timeout 60s,13,4/27/2026,12:11:42,13.18,8.42,15.03
stress-ng --cpu 1 --cpu-load 52 --quiet --timeout 60s,13,4/27/2026,12:11:43,13.93,8.42,15.03
stress-ng --cpu 1 --cpu-load 52 --quiet --timeout 60s,13,4/27/2026,12:11:44,13.18,8.42,14.93
stress-ng --cpu 1 --cpu-load 52 --quiet --timeout 60s,13,4/27/2026,12:11:45,13.64,8.42,14.9
stress-ng --cpu 1 --cpu-load 52 --quiet --timeout 60s,13,4/27/2026,12:11:46,13.68,8.42,14.9
stress-ng --cpu 1 --cpu-load 52 --quiet --timeout 60s,13,4/27/2026,12:11:47,13.18,8.42,15.38
stress-ng --cpu 1 --cpu-load 52 --quiet --timeout 60s,13,4/27/2026,12:11:48,13.89,8.42,15.24
stress-ng --cpu 1 --cpu-load 52 --quiet --timeout 60s,13,4/27/2026,12:11:49,13.43,8.42,15.24
stress-ng --cpu 1 --cpu-load 52 --quiet --timeout 60s,13,4/27/2026,12:11:50,13.64,8.42,14.85
stress-ng --cpu 1 --cpu-load 52 --quiet --timeout 60s,13,4/27/2026,12:11:51,13.39,8.42,14.81
stress-ng --cpu 1 --cpu-load 52 --quiet --timeout 60s,13,4/27/2026,12:11:52,13.93,8.42,14.81
stress-ng --cpu 1 --cpu-load 52 --quiet --timeout 60s,13,4/27/2026,12:11:53,13.46,8.41,15.83
stress-ng --cpu 1 --cpu-load 52 --quiet --timeout 60s,13,4/27/2026,12:11:54,13.86,8.41,15.11
stress-ng --cpu 1 --cpu-load 52 --quiet --timeout 60s,13,4/27/2026,12:11:55,13.64,8.41,15.11
stress-ng --cpu 1 --cpu-load 52 --quiet --timeout 60s,13,4/27/2026,12:11:56,13.89,8.41,15.34
stress-ng --cpu 1 --cpu-load 52 --quiet --timeout 60s,13,4/27/2026,12:11:57,13.68,8.41,15.06
stress-ng --cpu 1 --cpu-load 52 --quiet --timeout 60s,13,4/27/2026,12:11:58,13.21,8.41,15.06
stress-ng --cpu 1 --cpu-load 52 --quiet --timeout 60s,13,4/27/2026,12:11:59,13.39,8.41,15.05
stress-ng --cpu 1 --cpu-load 52 --quiet --timeout 60s,13,4/27/2026,12:12:00,14.14,8.41,14.91
stress-ng --cpu 1 --cpu-load 52 --quiet --timeout 60s,13,4/27/2026,12:12:01,13.39,8.41,14.77
stress-ng --cpu 1 --cpu-load 52 --quiet --timeout 60s,13,4/27/2026,12:12:02,13.68,8.41,14.77
stress-ng --cpu 1 --cpu-load 52 --quiet --timeout 60s,13,4/27/2026,12:12:03,13.43,8.41,15.81
stress-ng --cpu 1 --cpu-load 52 --quiet --timeout 60s,13,4/27/2026,12:12:04,13.89,8.41,15.04
stress-ng --cpu 1 --cpu-load 52 --quiet --timeout 60s,13,4/27/2026,12:12:05,13.68,8.41,15.04
stress-ng --cpu 1 --cpu-load 52 --quiet --timeout 60s,13,4/27/2026,12:12:06,13.43,8.41,14.53
stress-ng --cpu 1 --cpu-load 52 --quiet --timeout 60s,13,4/27/2026,12:12:07,13.86,8.41,14.96
stress-ng --cpu 1 --cpu-load 52 --quiet --timeout 60s,13,4/27/2026,12:12:08,13.68,8.41,14.96
stress-ng --cpu 1 --cpu-load 52 --quiet --timeout 60s,13,4/27/2026,12:12:09,13.18,8.41,15.22
stress-ng --cpu 1 --cpu-load 52 --quiet --timeout 60s,13,4/27/2026,12:12:10,14.21,8.41,14.82
stress-ng --cpu 1 --cpu-load 52 --quiet --timeout 60s,13,4/27/2026,12:12:11,13.39,8.41,15.53
stress-ng --cpu 1 --cpu-load 52 --quiet --timeout 60s,13,4/27/2026,12:12:12,14.35,8.41,15.53
stress-ng --cpu 1 --cpu-load 52 --quiet --timeout 60s,13,4/27/2026,12:12:13,13.18,8.41,15.46
stress-ng --cpu 1 --cpu-load 52 --quiet --timeout 60s,13,4/27/2026,12:12:14,14.14,8.41,15.46
stress-ng --cpu 1 --cpu-load 52 --quiet --timeout 60s,13,4/27/2026,12:12:15,13.18,8.41,15.14
stress-ng --cpu 1 --cpu-load 52 --quiet --timeout 60s,13,4/27/2026,12:12:16,13.43,8.41,14.91
stress-ng --cpu 1 --cpu-load 52 --quiet --timeout 60s,13,4/27/2026,12:12:17,13.68,8.41,14.91
stress-ng --cpu 1 --cpu-load 52 --quiet --timeout 60s,13,4/27/2026,12:12:18,13.39,8.41,15.37
stress-ng --cpu 1 --cpu-load 52 --quiet --timeout 60s,13,4/27/2026,12:12:19,13.64,8.41,14.91
stress-ng --cpu 1 --cpu-load 52 --quiet --timeout 60s,13,4/27/2026,12:12:20,13.68,8.41,14.91
stress-ng --cpu 1 --cpu-load 52 --quiet --timeout 60s,13,4/27/2026,12:12:21,13.86,8.41,15.37
stress-ng --cpu 1 --cpu-load 52 --quiet --timeout 60s,13,4/27/2026,12:12:22,13.21,8.41,14.95
stress-ng --cpu 1 --cpu-load 52 --quiet --timeout 60s,13,4/27/2026,12:12:23,13.93,8.41,14.95
stress-ng --cpu 1 --cpu-load 52 --quiet --timeout 60s,13,4/27/2026,12:12:24,13.64,8.41,15.07
stress-ng --cpu 1 --cpu-load 52 --quiet --timeout 60s,13,4/27/2026,12:12:25,13.64,8.41,14.92
stress-ng --cpu 1 --cpu-load 52 --quiet --timeout 60s,13,4/27/2026,12:12:26,13.43,8.41,14.92
stress-ng --cpu 1 --cpu-load 52 --quiet --timeout 60s,13,4/27/2026,12:12:27,13.64,8.41,15.02
stress-ng --cpu 1 --cpu-load 52 --quiet --timeout 60s,13,4/27/2026,12:12:28,13.89,8.41,15.27
stress-ng --cpu 1 --cpu-load 52 --quiet --timeout 60s,13,4/27/2026,12:12:29,13.43,8.41,15.27
stress-ng --cpu 1 --cpu-load 52 --quiet --timeout 60s,13,4/27/2026,15:09:33,1.47,8.38,9.08
stress-ng --cpu 1 --cpu-load 52 --quiet --timeout 60s,13,4/27/2026,15:09:34,10.59,8.38,9.08
stress-ng --cpu 1 --cpu-load 52 --quiet --timeout 60s,13,4/27/2026,15:09:35,13.89,8.38,15.48
stress-ng --cpu 1 --cpu-load 52 --quiet --timeout 60s,13,4/27/2026,15:09:36,13.68,8.39,15.48
stress-ng --cpu 1 --cpu-load 52 --quiet --timeout 60s,13,4/27/2026,15:09:37,14.14,8.39,15.48
stress-ng --cpu 1 --cpu-load 52 --quiet --timeout 60s,13,4/27/2026,15:09:38,13.68,8.39,15.23
stress-ng --cpu 1 --cpu-load 52 --quiet --timeout 60s,13,4/27/2026,15:09:39,13.43,8.39,15.03
stress-ng --cpu 1 --cpu-load 52 --quiet --timeout 60s,13,4/27/2026,15:09:40,13.39,8.39,15.03
stress-ng --cpu 1 --cpu-load 52 --quiet --timeout 60s,13,4/27/2026,15:09:41,13.68,8.39,15.27
stress-ng --cpu 1 --cpu-load 52 --quiet --timeout 60s,13,4/27/2026,15:09:42,13.43,8.39,14.68
stress-ng --cpu 1 --cpu-load 52 --quiet --timeout 60s,13,4/27/2026,15:09:43,13.93,8.39,14.68
stress-ng --cpu 1 --cpu-load 52 --quiet --timeout 60s,13,4/27/2026,15:09:44,13.61,8.39,14.87
stress-ng --cpu 1 --cpu-load 52 --quiet --timeout 60s,13,4/27/2026,15:09:45,13.96,8.39,15.06
stress-ng --cpu 1 --cpu-load 52 --quiet --timeout 60s,13,4/27/2026,15:09:46,13.61,8.39,15.06
stress-ng --cpu 1 --cpu-load 52 --quiet --timeout 60s,13,4/27/2026,15:09:47,13.43,8.39,15.13
stress-ng --cpu 1 --cpu-load 52 --quiet --timeout 60s,13,4/27/2026,15:09:48,13.64,8.39,14.79
stress-ng --cpu 1 --cpu-load 52 --quiet --timeout 60s,13,4/27/2026,15:09:49,13.86,8.39,14.79
stress-ng --cpu 1 --cpu-load 52 --quiet --timeout 60s,13,4/27/2026,15:09:50,13.46,8.39,15.06
stress-ng --cpu 1 --cpu-load 52 --quiet --timeout 60s,13,4/27/2026,15:09:51,13.68,8.39,14.94
stress-ng --cpu 1 --cpu-load 52 --quiet --timeout 60s,13,4/27/2026,15:09:52,13.64,8.39,14.94
stress-ng --cpu 1 --cpu-load 52 --quiet --timeout 60s,13,4/27/2026,15:09:53,13.89,8.39,15.1
stress-ng --cpu 1 --cpu-load 52 --quiet --timeout 60s,13,4/27/2026,15:09:54,13.64,8.39,14.83
stress-ng --cpu 1 --cpu-load 52 --quiet --timeout 60s,13,4/27/2026,15:09:55,13.64,8.39,14.83
stress-ng --cpu 1 --cpu-load 52 --quiet --timeout 60s,13,4/27/2026,15:09:56,13.43,8.39,14.63
stress-ng --cpu 1 --cpu-load 52 --quiet --timeout 60s,13,4/27/2026,15:09:57,13.64,8.39,14.95
stress-ng --cpu 1 --cpu-load 52 --quiet --timeout 60s,13,4/27/2026,15:09:58,13.89,8.39,14.95
stress-ng --cpu 1 --cpu-load 52 --quiet --timeout 60s,13,4/27/2026,15:09:59,13.46,8.39,15.32
stress-ng --cpu 1 --cpu-load 52 --quiet --timeout 60s,13,4/27/2026,15:10:00,13.61,8.39,14.76
stress-ng --cpu 1 --cpu-load 52 --quiet --timeout 60s,13,4/27/2026,15:10:01,13.89,8.39,14.76
stress-ng --cpu 1 --cpu-load 52 --quiet --timeout 60s,13,4/27/2026,15:10:02,13.21,8.39,15.38
stress-ng --cpu 1 --cpu-load 52 --quiet --timeout 60s,13,4/27/2026,15:10:03,13.64,8.39,14.99
stress-ng --cpu 1 --cpu-load 52 --quiet --timeout 60s,13,4/27/2026,15:10:04,13.71,8.39,14.99
stress-ng --cpu 1 --cpu-load 52 --quiet --timeout 60s,13,4/27/2026,15:10:05,13.64,8.39,15.06
stress-ng --cpu 1 --cpu-load 52 --quiet --timeout 60s,13,4/27/2026,15:10:06,13.64,8.39,15.34
stress-ng --cpu 1 --cpu-load 52 --quiet --timeout 60s,13,4/27/2026,15:10:07,13.64,8.39,15.34
stress-ng --cpu 1 --cpu-load 52 --quiet --timeout 60s,13,4/27/2026,15:10:08,13.96,8.39,14.99
stress-ng --cpu 1 --cpu-load 52 --quiet --timeout 60s,13,4/27/2026,15:10:09,13.43,8.39,14.8
stress-ng --cpu 1 --cpu-load 52 --quiet --timeout 60s,13,4/27/2026,15:10:10,14.14,8.39,14.8
stress-ng --cpu 1 --cpu-load 52 --quiet --timeout 60s,13,4/27/2026,15:10:11,14.1,8.39,15.42
stress-ng --cpu 1 --cpu-load 52 --quiet --timeout 60s,13,4/27/2026,15:10:12,13.43,8.39,15.29
stress-ng --cpu 1 --cpu-load 52 --quiet --timeout 60s,13,4/27/2026,15:10:13,13.89,8.39,15.29
stress-ng --cpu 1 --cpu-load 52 --quiet --timeout 60s,13,4/27/2026,15:10:14,13.46,8.39,15.2
stress-ng --cpu 1 --cpu-load 52 --quiet --timeout 60s,13,4/27/2026,15:10:15,13.64,8.39,14.76
stress-ng --cpu 1 --cpu-load 52 --quiet --timeout 60s,13,4/27/2026,15:10:16,13.43,8.39,14.76
stress-ng --cpu 1 --cpu-load 52 --quiet --timeout 60s,13,4/27/2026,15:10:17,14.14,8.39,14.81
stress-ng --cpu 1 --cpu-load 52 --quiet --timeout 60s,13,4/27/2026,15:10:18,13.43,8.39,14.96
stress-ng --cpu 1 --cpu-load 52 --quiet --timeout 60s,13,4/27/2026,15:10:19,13.43,8.39,14.96
stress-ng --cpu 1 --cpu-load 52 --quiet --timeout 60s,13,4/27/2026,15:10:20,13.64,8.39,15.09
stress-ng --cpu 1 --cpu-load 52 --quiet --timeout 60s,13,4/27/2026,15:10:21,13.93,8.4,15.08
stress-ng --cpu 1 --cpu-load 52 --quiet --timeout 60s,13,4/27/2026,15:10:22,13.18,8.4,15.08
stress-ng --cpu 1 --cpu-load 52 --quiet --timeout 60s,13,4/27/2026,15:10:23,13.89,8.4,15.07
stress-ng --cpu 1 --cpu-load 52 --quiet --timeout 60s,13,4/27/2026,15:10:24,13,8.4,15.07
stress-ng --cpu 1 --cpu-load 52 --quiet --timeout 60s,13,4/27/2026,15:10:25,13.86,8.4,15.07
stress-ng --cpu 1 --cpu-load 52 --quiet --timeout 60s,13,4/27/2026,15:10:26,13.43,8.4,14.91
stress-ng --cpu 1 --cpu-load 52 --quiet --timeout 60s,13,4/27/2026,15:10:27,13.64,8.4,14.98
stress-ng --cpu 1 --cpu-load 52 --quiet --timeout 60s,13,4/27/2026,15:10:28,14.17,8.4,14.98
stress-ng --cpu 1 --cpu-load 52 --quiet --timeout 60s,13,4/27/2026,15:10:29,13.39,8.4,14.97
stress-ng --cpu 1 --cpu-load 52 --quiet --timeout 60s,13,4/27/2026,15:10:30,13.18,8.4,15.02
stress-ng --cpu 1 --cpu-load 52 --quiet --timeout 60s,13,4/27/2026,15:10:31,13.68,8.4,15.02
stress-ng --cpu 1 --cpu-load 52 --quiet --timeout 60s,13,4/27/2026,15:10:32,13.89,8.4,14.87
stress-ng --cpu 1 --cpu-load 52 --quiet --timeout 60s,13,4/27/2026,15:10:33,14.14,8.4,15.08
stress-ng --cpu 1 --cpu-load 52 --quiet --timeout 60s,13,4/27/2026,17:53:37,5.67,8.44,9.39
stress-ng --cpu 1 --cpu-load 52 --quiet --timeout 60s,13,4/27/2026,17:53:38,13.43,8.44,12.54
stress-ng --cpu 1 --cpu-load 52 --quiet --timeout 60s,13,4/27/2026,17:53:39,13.68,8.45,12.54
stress-ng --cpu 1 --cpu-load 52 --quiet --timeout 60s,13,4/27/2026,17:53:40,13.89,8.45,12.54
stress-ng --cpu 1 --cpu-load 52 --quiet --timeout 60s,13,4/27/2026,17:53:41,13.39,8.45,15.08
stress-ng --cpu 1 --cpu-load 52 --quiet --timeout 60s,13,4/27/2026,17:53:42,13.68,8.45,14.84
stress-ng --cpu 1 --cpu-load 52 --quiet --timeout 60s,13,4/27/2026,17:53:43,13.68,8.45,14.84
stress-ng --cpu 1 --cpu-load 52 --quiet --timeout 60s,13,4/27/2026,17:53:44,13.93,8.45,15.22
stress-ng --cpu 1 --cpu-load 52 --quiet --timeout 60s,13,4/27/2026,17:53:45,13.15,8.45,15.22
stress-ng --cpu 1 --cpu-load 52 --quiet --timeout 60s,13,4/27/2026,17:53:46,13.93,8.45,15.22
stress-ng --cpu 1 --cpu-load 52 --quiet --timeout 60s,13,4/27/2026,17:53:47,13.43,8.45,15.1
stress-ng --cpu 1 --cpu-load 52 --quiet --timeout 60s,13,4/27/2026,17:53:48,13.64,8.44,15.19
stress-ng --cpu 1 --cpu-load 52 --quiet --timeout 60s,13,4/27/2026,17:53:49,13.46,8.44,15.19
stress-ng --cpu 1 --cpu-load 52 --quiet --timeout 60s,13,4/27/2026,17:53:50,13.64,8.44,15.15
stress-ng --cpu 1 --cpu-load 52 --quiet --timeout 60s,13,4/27/2026,17:53:51,13.64,8.44,14.78
stress-ng --cpu 1 --cpu-load 52 --quiet --timeout 60s,13,4/27/2026,17:53:52,13.68,8.45,14.78
stress-ng --cpu 1 --cpu-load 52 --quiet --timeout 60s,13,4/27/2026,17:53:53,13.77,8.45,15.09
stress-ng --cpu 1 --cpu-load 52 --quiet --timeout 60s,13,4/27/2026,17:53:54,13.86,8.45,15.03
stress-ng --cpu 1 --cpu-load 52 --quiet --timeout 60s,13,4/27/2026,17:53:55,13.89,8.45,15.03
stress-ng --cpu 1 --cpu-load 52 --quiet --timeout 60s,13,4/27/2026,17:53:56,13.43,8.45,14.65
stress-ng --cpu 1 --cpu-load 52 --quiet --timeout 60s,13,4/27/2026,17:53:57,13.93,8.45,15.3
stress-ng --cpu 1 --cpu-load 52 --quiet --timeout 60s,13,4/27/2026,17:53:58,13.39,8.45,15.3
stress-ng --cpu 1 --cpu-load 52 --quiet --timeout 60s,13,4/27/2026,17:53:59,13.46,8.45,15.15
stress-ng --cpu 1 --cpu-load 52 --quiet --timeout 60s,13,4/27/2026,17:54:00,13.64,8.44,15.4
stress-ng --cpu 1 --cpu-load 52 --quiet --timeout 60s,13,4/27/2026,17:54:01,14.17,8.44,15.4
stress-ng --cpu 1 --cpu-load 52 --quiet --timeout 60s,13,4/27/2026,17:54:02,13.39,8.44,15.04
stress-ng --cpu 1 --cpu-load 52 --quiet --timeout 60s,13,4/27/2026,17:54:03,13.93,8.44,15.44
stress-ng --cpu 1 --cpu-load 52 --quiet --timeout 60s,13,4/27/2026,17:54:04,13.21,8.44,15.44
stress-ng --cpu 1 --cpu-load 52 --quiet --timeout 60s,13,4/27/2026,17:54:05,14.07,8.44,15.2
stress-ng --cpu 1 --cpu-load 52 --quiet --timeout 60s,13,4/27/2026,17:54:06,13.68,8.44,14.82
stress-ng --cpu 1 --cpu-load 52 --quiet --timeout 60s,13,4/27/2026,17:54:07,13.21,8.44,14.82
stress-ng --cpu 1 --cpu-load 52 --quiet --timeout 60s,13,4/27/2026,17:54:08,13.86,8.44,14.82
stress-ng --cpu 1 --cpu-load 52 --quiet --timeout 60s,13,4/27/2026,17:54:09,13.46,8.44,15.59
stress-ng --cpu 1 --cpu-load 52 --quiet --timeout 60s,13,4/27/2026,17:54:10,13.39,8.44,15.59
stress-ng --cpu 1 --cpu-load 52 --quiet --timeout 60s,13,4/27/2026,17:54:11,13.71,8.44,15.28
stress-ng --cpu 1 --cpu-load 52 --quiet --timeout 60s,13,4/27/2026,17:54:12,14.07,8.44,14.98
stress-ng --cpu 1 --cpu-load 52 --quiet --timeout 60s,13,4/27/2026,17:54:13,13.46,8.44,14.98
stress-ng --cpu 1 --cpu-load 52 --quiet --timeout 60s,13,4/27/2026,17:54:14,13.43,8.44,14.82
stress-ng --cpu 1 --cpu-load 52 --quiet --timeout 60s,13,4/27/2026,17:54:15,13.61,8.44,14.83
stress-ng --cpu 1 --cpu-load 52 --quiet --timeout 60s,13,4/27/2026,17:54:16,13.93,8.44,14.83
stress-ng --cpu 1 --cpu-load 52 --quiet --timeout 60s,13,4/27/2026,17:54:17,14.46,8.43,14.53
stress-ng --cpu 1 --cpu-load 52 --quiet --timeout 60s,13,4/27/2026,17:54:18,13.89,8.43,15.89
stress-ng --cpu 1 --cpu-load 52 --quiet --timeout 60s,13,4/27/2026,17:54:19,13.64,8.43,15.89
stress-ng --cpu 1 --cpu-load 52 --quiet --timeout 60s,13,4/27/2026,17:54:20,13.86,8.43,14.75
stress-ng --cpu 1 --cpu-load 52 --quiet --timeout 60s,13,4/27/2026,17:54:21,13.25,8.43,15.22
stress-ng --cpu 1 --cpu-load 52 --quiet --timeout 60s,13,4/27/2026,17:54:22,13.86,8.43,15.22
stress-ng --cpu 1 --cpu-load 52 --quiet --timeout 60s,13,4/27/2026,17:54:23,13.71,8.43,14.66
stress-ng --cpu 1 --cpu-load 52 --quiet --timeout 60s,13,4/27/2026,17:54:24,13.39,8.43,15.56
stress-ng --cpu 1 --cpu-load 52 --quiet --timeout 60s,13,4/27/2026,17:54:25,13.89,8.43,15.56
stress-ng --cpu 1 --cpu-load 52 --quiet --timeout 60s,13,4/27/2026,17:54:26,13.43,8.43,14.84
stress-ng --cpu 1 --cpu-load 52 --quiet --timeout 60s,13,4/27/2026,17:54:27,13.89,8.43,15.1
stress-ng --cpu 1 --cpu-load 52 --quiet --timeout 60s,13,4/27/2026,17:54:28,13.68,8.43,15.1
stress-ng --cpu 1 --cpu-load 52 --quiet --timeout 60s,13,4/27/2026,17:54:29,13.86,8.43,14.68
stress-ng --cpu 1 --cpu-load 52 --quiet --timeout 60s,13,4/27/2026,17:54:30,13.46,8.43,15.89
stress-ng --cpu 1 --cpu-load 52 --quiet --timeout 60s,13,4/27/2026,17:54:31,13.43,8.43,15.89
stress-ng --cpu 1 --cpu-load 52 --quiet --timeout 60s,13,4/27/2026,17:54:32,13.89,8.43,14.86
stress-ng --cpu 1 --cpu-load 52 --quiet --timeout 60s,13,4/27/2026,17:54:33,13.39,8.43,15.57
stress-ng --cpu 1 --cpu-load 52 --quiet --timeout 60s,13,4/27/2026,17:54:34,13.46,8.43,15.57
stress-ng --cpu 1 --cpu-load 52 --quiet --timeout 60s,13,4/27/2026,17:54:35,13.93,8.43,15.08
stress-ng --cpu 1 --cpu-load 52 --quiet --timeout 60s,13,4/27/2026,17:54:36,13.89,8.43,15.3
stress-ng --cpu 1 --cpu-load 52 --quiet --timeout 60s,13,4/27/2026,17:54:37,13.18,8.43,15.3
stress-ng --cpu 1 --cpu-load 56 --quiet --timeout 60s,14,4/27/2026,12:27:30,2.21,8.41,9.49
stress-ng --cpu 1 --cpu-load 56 --quiet --timeout 60s,14,4/27/2026,12:27:31,14.71,8.41,9.93
stress-ng --cpu 1 --cpu-load 56 --quiet --timeout 60s,14,4/27/2026,12:27:32,14.64,8.41,17.07
stress-ng --cpu 1 --cpu-load 56 --quiet --timeout 60s,14,4/27/2026,12:27:33,14.85,8.4,17.07
stress-ng --cpu 1 --cpu-load 56 --quiet --timeout 60s,14,4/27/2026,12:27:34,14.92,8.4,16.86
stress-ng --cpu 1 --cpu-load 56 --quiet --timeout 60s,14,4/27/2026,12:27:35,14.17,8.4,16.86
stress-ng --cpu 1 --cpu-load 56 --quiet --timeout 60s,14,4/27/2026,12:27:36,14.96,8.4,16.45
stress-ng --cpu 1 --cpu-load 56 --quiet --timeout 60s,14,4/27/2026,12:27:37,14.67,8.4,16.86
stress-ng --cpu 1 --cpu-load 56 --quiet --timeout 60s,14,4/27/2026,12:27:38,14.64,8.4,16.86
stress-ng --cpu 1 --cpu-load 56 --quiet --timeout 60s,14,4/27/2026,12:27:39,14.21,8.4,16.91
stress-ng --cpu 1 --cpu-load 56 --quiet --timeout 60s,14,4/27/2026,12:27:40,14.67,8.4,16.67
stress-ng --cpu 1 --cpu-load 56 --quiet --timeout 60s,14,4/27/2026,12:27:41,14.67,8.4,16.67
stress-ng --cpu 1 --cpu-load 56 --quiet --timeout 60s,14,4/27/2026,12:27:42,14.88,8.4,16.5
stress-ng --cpu 1 --cpu-load 56 --quiet --timeout 60s,14,4/27/2026,12:27:43,14.21,8.4,16.75
stress-ng --cpu 1 --cpu-load 56 --quiet --timeout 60s,14,4/27/2026,12:27:44,14.88,8.4,16.75
stress-ng --cpu 1 --cpu-load 56 --quiet --timeout 60s,14,4/27/2026,12:27:45,14.64,8.4,16.58
stress-ng --cpu 1 --cpu-load 56 --quiet --timeout 60s,14,4/27/2026,12:27:46,14.46,8.4,16.44
stress-ng --cpu 1 --cpu-load 56 --quiet --timeout 60s,14,4/27/2026,12:27:47,15.09,8.4,16.44
stress-ng --cpu 1 --cpu-load 56 --quiet --timeout 60s,14,4/27/2026,12:27:48,14.42,8.4,17.17
stress-ng --cpu 1 --cpu-load 56 --quiet --timeout 60s,14,4/27/2026,12:27:49,14.67,8.41,16.77
stress-ng --cpu 1 --cpu-load 56 --quiet --timeout 60s,14,4/27/2026,12:27:50,14.39,8.41,16.77
stress-ng --cpu 1 --cpu-load 56 --quiet --timeout 60s,14,4/27/2026,12:27:51,14.64,8.41,16.75
stress-ng --cpu 1 --cpu-load 56 --quiet --timeout 60s,14,4/27/2026,12:27:52,14.42,8.41,16.53
stress-ng --cpu 1 --cpu-load 56 --quiet --timeout 60s,14,4/27/2026,12:27:53,14.64,8.41,16.53
stress-ng --cpu 1 --cpu-load 56 --quiet --timeout 60s,14,4/27/2026,12:27:54,14.46,8.41,16.79
stress-ng --cpu 1 --cpu-load 56 --quiet --timeout 60s,14,4/27/2026,12:27:55,14.67,8.41,16.4
stress-ng --cpu 1 --cpu-load 56 --quiet --timeout 60s,14,4/27/2026,12:27:56,14.42,8.41,16.4
stress-ng --cpu 1 --cpu-load 56 --quiet --timeout 60s,14,4/27/2026,12:27:57,14.42,8.41,16.66
stress-ng --cpu 1 --cpu-load 56 --quiet --timeout 60s,14,4/27/2026,12:27:58,14.88,8.41,16.58
stress-ng --cpu 1 --cpu-load 56 --quiet --timeout 60s,14,4/27/2026,12:27:59,14.88,8.41,16.58
stress-ng --cpu 1 --cpu-load 56 --quiet --timeout 60s,14,4/27/2026,12:28:00,14.64,8.41,16.8
stress-ng --cpu 1 --cpu-load 56 --quiet --timeout 60s,14,4/27/2026,12:28:01,14.42,8.41,16.76
stress-ng --cpu 1 --cpu-load 56 --quiet --timeout 60s,14,4/27/2026,12:28:02,14.67,8.41,16.76
stress-ng --cpu 1 --cpu-load 56 --quiet --timeout 60s,14,4/27/2026,12:28:03,14.67,8.41,17.19
stress-ng --cpu 1 --cpu-load 56 --quiet --timeout 60s,14,4/27/2026,12:28:04,14.92,8.41,16.79
stress-ng --cpu 1 --cpu-load 56 --quiet --timeout 60s,14,4/27/2026,12:28:05,14.64,8.41,16.79
stress-ng --cpu 1 --cpu-load 56 --quiet --timeout 60s,14,4/27/2026,12:28:06,16.95,8.42,16.93
stress-ng --cpu 1 --cpu-load 56 --quiet --timeout 60s,14,4/27/2026,12:28:07,14.6,8.42,17.2
stress-ng --cpu 1 --cpu-load 56 --quiet --timeout 60s,14,4/27/2026,12:28:08,14.71,8.42,17.2
stress-ng --cpu 1 --cpu-load 56 --quiet --timeout 60s,14,4/27/2026,12:28:09,14.39,8.42,17.17
stress-ng --cpu 1 --cpu-load 56 --quiet --timeout 60s,14,4/27/2026,12:28:10,14.92,8.42,16.47
stress-ng --cpu 1 --cpu-load 56 --quiet --timeout 60s,14,4/27/2026,12:28:11,14.42,8.42,16.47
stress-ng --cpu 1 --cpu-load 56 --quiet --timeout 60s,14,4/27/2026,12:28:12,14.42,8.42,16.64
stress-ng --cpu 1 --cpu-load 56 --quiet --timeout 60s,14,4/27/2026,12:28:13,14.6,8.42,16.63
stress-ng --cpu 1 --cpu-load 56 --quiet --timeout 60s,14,4/27/2026,12:28:14,14.67,8.42,16.63
stress-ng --cpu 1 --cpu-load 56 --quiet --timeout 60s,14,4/27/2026,12:28:15,14.64,8.42,16.57
stress-ng --cpu 1 --cpu-load 56 --quiet --timeout 60s,14,4/27/2026,12:28:16,14.67,8.42,16.4
stress-ng --cpu 1 --cpu-load 56 --quiet --timeout 60s,14,4/27/2026,12:28:17,16.7,8.42,16.4
stress-ng --cpu 1 --cpu-load 56 --quiet --timeout 60s,14,4/27/2026,12:28:18,14.64,8.42,16.84
stress-ng --cpu 1 --cpu-load 56 --quiet --timeout 60s,14,4/27/2026,12:28:19,15.38,8.42,17.15
stress-ng --cpu 1 --cpu-load 56 --quiet --timeout 60s,14,4/27/2026,12:28:20,14.88,8.42,17.15
stress-ng --cpu 1 --cpu-load 56 --quiet --timeout 60s,14,4/27/2026,12:28:21,14.21,8.42,17.15
stress-ng --cpu 1 --cpu-load 56 --quiet --timeout 60s,14,4/27/2026,12:28:22,14.92,8.42,16.23
stress-ng --cpu 1 --cpu-load 56 --quiet --timeout 60s,14,4/27/2026,12:28:23,14.64,8.42,16.23
stress-ng --cpu 1 --cpu-load 56 --quiet --timeout 60s,14,4/27/2026,12:28:24,14.64,8.42,16.62
stress-ng --cpu 1 --cpu-load 56 --quiet --timeout 60s,14,4/27/2026,12:28:25,14.64,8.42,16.31
stress-ng --cpu 1 --cpu-load 56 --quiet --timeout 60s,14,4/27/2026,12:28:26,14.92,8.42,16.31
stress-ng --cpu 1 --cpu-load 56 --quiet --timeout 60s,14,4/27/2026,12:28:27,14.85,8.42,17
stress-ng --cpu 1 --cpu-load 56 --quiet --timeout 60s,14,4/27/2026,12:28:28,14.71,8.42,16.68
stress-ng --cpu 1 --cpu-load 56 --quiet --timeout 60s,14,4/27/2026,12:28:29,14.88,8.42,16.68
stress-ng --cpu 1 --cpu-load 56 --quiet --timeout 60s,14,4/27/2026,12:28:30,9.97,8.41,16.68
stress-ng --cpu 1 --cpu-load 56 --quiet --timeout 60s,14,4/27/2026,15:31:34,11.6,8.38,9.22
stress-ng --cpu 1 --cpu-load 56 --quiet --timeout 60s,14,4/27/2026,15:31:35,14.6,8.38,13.53
stress-ng --cpu 1 --cpu-load 56 --quiet --timeout 60s,14,4/27/2026,15:31:36,14.635,8.38,13.53
stress-ng --cpu 1 --cpu-load 56 --quiet --timeout 60s,14,4/27/2026,15:31:37,14.67,8.38,13.53
stress-ng --cpu 1 --cpu-load 56 --quiet --timeout 60s,14,4/27/2026,15:31:38,14.42,8.38,16.06
stress-ng --cpu 1 --cpu-load 56 --quiet --timeout 60s,14,4/27/2026,15:31:39,14.67,8.38,16.31
stress-ng --cpu 1 --cpu-load 56 --quiet --timeout 60s,14,4/27/2026,15:31:40,14.64,8.38,16.31
stress-ng --cpu 1 --cpu-load 56 --quiet --timeout 60s,14,4/27/2026,15:31:41,14.21,8.38,16.56
stress-ng --cpu 1 --cpu-load 56 --quiet --timeout 60s,14,4/27/2026,15:31:42,14.85,8.38,16.56
stress-ng --cpu 1 --cpu-load 56 --quiet --timeout 60s,14,4/27/2026,15:31:43,14.71,8.38,16.56
stress-ng --cpu 1 --cpu-load 56 --quiet --timeout 60s,14,4/27/2026,15:31:44,14.39,8.38,16.48
stress-ng --cpu 1 --cpu-load 56 --quiet --timeout 60s,14,4/27/2026,15:31:45,14.42,8.38,16.65
stress-ng --cpu 1 --cpu-load 56 --quiet --timeout 60s,14,4/27/2026,15:31:46,14.67,8.38,16.65
stress-ng --cpu 1 --cpu-load 56 --quiet --timeout 60s,14,4/27/2026,15:31:47,14.88,8.38,16.88
stress-ng --cpu 1 --cpu-load 56 --quiet --timeout 60s,14,4/27/2026,15:31:48,14.42,8.38,16.98
stress-ng --cpu 1 --cpu-load 56 --quiet --timeout 60s,14,4/27/2026,15:31:49,14.42,8.38,16.98
stress-ng --cpu 1 --cpu-load 56 --quiet --timeout 60s,14,4/27/2026,15:31:50,14.64,8.38,16.46
stress-ng --cpu 1 --cpu-load 56 --quiet --timeout 60s,14,4/27/2026,15:31:51,14.88,8.38,16.82
stress-ng --cpu 1 --cpu-load 56 --quiet --timeout 60s,14,4/27/2026,15:31:52,14.17,8.38,16.82
stress-ng --cpu 1 --cpu-load 56 --quiet --timeout 60s,14,4/27/2026,15:31:53,14.88,8.38,16.27
stress-ng --cpu 1 --cpu-load 56 --quiet --timeout 60s,14,4/27/2026,15:31:54,14.42,8.38,16.76
stress-ng --cpu 1 --cpu-load 56 --quiet --timeout 60s,14,4/27/2026,15:31:55,14.64,8.38,16.76
stress-ng --cpu 1 --cpu-load 56 --quiet --timeout 60s,14,4/27/2026,15:31:56,14.88,8.38,16.47
stress-ng --cpu 1 --cpu-load 56 --quiet --timeout 60s,14,4/27/2026,15:31:57,14.42,8.38,16.73
stress-ng --cpu 1 --cpu-load 56 --quiet --timeout 60s,14,4/27/2026,15:31:58,14.67,8.38,16.73
stress-ng --cpu 1 --cpu-load 56 --quiet --timeout 60s,14,4/27/2026,15:31:59,14.67,8.38,16.63
stress-ng --cpu 1 --cpu-load 56 --quiet --timeout 60s,14,4/27/2026,15:32:00,14.42,8.38,16.64
stress-ng --cpu 1 --cpu-load 56 --quiet --timeout 60s,14,4/27/2026,15:32:01,14.67,8.38,16.64
stress-ng --cpu 1 --cpu-load 56 --quiet --timeout 60s,14,4/27/2026,15:32:02,14.6,8.38,16.86
stress-ng --cpu 1 --cpu-load 56 --quiet --timeout 60s,14,4/27/2026,15:32:03,14.92,8.38,16.52
stress-ng --cpu 1 --cpu-load 56 --quiet --timeout 60s,14,4/27/2026,15:32:04,14.92,8.38,16.52
stress-ng --cpu 1 --cpu-load 56 --quiet --timeout 60s,14,4/27/2026,15:32:05,14.42,8.38,16.42
stress-ng --cpu 1 --cpu-load 56 --quiet --timeout 60s,14,4/27/2026,15:32:06,14.6,8.38,16.91
stress-ng --cpu 1 --cpu-load 56 --quiet --timeout 60s,14,4/27/2026,15:32:07,14.46,8.38,16.53
stress-ng --cpu 1 --cpu-load 56 --quiet --timeout 60s,14,4/27/2026,15:32:08,14.64,8.38,16.42
stress-ng --cpu 1 --cpu-load 56 --quiet --timeout 60s,14,4/27/2026,15:32:09,14.46,8.38,16.42
stress-ng --cpu 1 --cpu-load 56 --quiet --timeout 60s,14,4/27/2026,15:32:10,14.88,8.38,16.22
stress-ng --cpu 1 --cpu-load 56 --quiet --timeout 60s,14,4/27/2026,15:32:11,14.96,8.38,16.85
stress-ng --cpu 1 --cpu-load 56 --quiet --timeout 60s,14,4/27/2026,15:32:12,14.39,8.38,16.85
stress-ng --cpu 1 --cpu-load 56 --quiet --timeout 60s,14,4/27/2026,15:32:13,14.67,8.38,16.41
stress-ng --cpu 1 --cpu-load 56 --quiet --timeout 60s,14,4/27/2026,15:32:14,14.64,8.39,16.48
stress-ng --cpu 1 --cpu-load 56 --quiet --timeout 60s,14,4/27/2026,15:32:15,14.92,8.39,16.48
stress-ng --cpu 1 --cpu-load 56 --quiet --timeout 60s,14,4/27/2026,15:32:16,14.14,8.39,16.77
stress-ng --cpu 1 --cpu-load 56 --quiet --timeout 60s,14,4/27/2026,15:32:17,14.71,8.39,16.8
stress-ng --cpu 1 --cpu-load 56 --quiet --timeout 60s,14,4/27/2026,15:32:18,14.64,8.39,16.8
stress-ng --cpu 1 --cpu-load 56 --quiet --timeout 60s,14,4/27/2026,15:32:19,14.46,8.39,16.23
stress-ng --cpu 1 --cpu-load 56 --quiet --timeout 60s,14,4/27/2026,15:32:20,14.64,8.39,16.53
stress-ng --cpu 1 --cpu-load 56 --quiet --timeout 60s,14,4/27/2026,15:32:21,14.64,8.39,16.53
stress-ng --cpu 1 --cpu-load 56 --quiet --timeout 60s,14,4/27/2026,15:32:22,14.5,8.39,17.28
stress-ng --cpu 1 --cpu-load 56 --quiet --timeout 60s,14,4/27/2026,15:32:23,14.85,8.39,16.6
stress-ng --cpu 1 --cpu-load 56 --quiet --timeout 60s,14,4/27/2026,15:32:24,14.35,8.39,16.6
stress-ng --cpu 1 --cpu-load 56 --quiet --timeout 60s,14,4/27/2026,15:32:25,14.71,8.39,16.47
stress-ng --cpu 1 --cpu-load 56 --quiet --timeout 60s,14,4/27/2026,15:32:26,14.64,8.39,16.68
stress-ng --cpu 1 --cpu-load 56 --quiet --timeout 60s,14,4/27/2026,15:32:27,14.42,8.39,16.68
stress-ng --cpu 1 --cpu-load 56 --quiet --timeout 60s,14,4/27/2026,15:32:28,14.88,8.39,16.69
stress-ng --cpu 1 --cpu-load 56 --quiet --timeout 60s,14,4/27/2026,15:32:29,14.17,8.39,16.79
stress-ng --cpu 1 --cpu-load 56 --quiet --timeout 60s,14,4/27/2026,15:32:30,14.92,8.39,16.79
stress-ng --cpu 1 --cpu-load 56 --quiet --timeout 60s,14,4/27/2026,15:32:31,14.42,8.39,16.79
stress-ng --cpu 1 --cpu-load 56 --quiet --timeout 60s,14,4/27/2026,15:32:32,14.92,8.39,16.91
stress-ng --cpu 1 --cpu-load 56 --quiet --timeout 60s,14,4/27/2026,15:32:33,14.64,8.39,16.91
stress-ng --cpu 1 --cpu-load 56 --quiet --timeout 60s,14,4/27/2026,15:32:34,14.67,8.38,16.5
stress-ng --cpu 1 --cpu-load 56 --quiet --timeout 60s,14,4/27/2026,17:11:36,7.16,8.44,9.68
stress-ng --cpu 1 --cpu-load 56 --quiet --timeout 60s,14,4/27/2026,17:11:37,14.17,8.44,9.68
stress-ng --cpu 1 --cpu-load 56 --quiet --timeout 60s,14,4/27/2026,17:11:38,15.13,8.44,16.55
stress-ng --cpu 1 --cpu-load 56 --quiet --timeout 60s,14,4/27/2026,17:11:39,14.775,8.44,16.55
stress-ng --cpu 1 --cpu-load 56 --quiet --timeout 60s,14,4/27/2026,17:11:40,14.42,8.44,16.55
stress-ng --cpu 1 --cpu-load 56 --quiet --timeout 60s,14,4/27/2026,17:11:41,14.71,8.44,16.69
stress-ng --cpu 1 --cpu-load 56 --quiet --timeout 60s,14,4/27/2026,17:11:42,14.64,8.44,16.47
stress-ng --cpu 1 --cpu-load 56 --quiet --timeout 60s,14,4/27/2026,17:11:43,14.42,8.44,16.47
stress-ng --cpu 1 --cpu-load 56 --quiet --timeout 60s,14,4/27/2026,17:11:44,14.67,8.44,16.61
stress-ng --cpu 1 --cpu-load 56 --quiet --timeout 60s,14,4/27/2026,17:11:45,14.85,8.44,16.54
stress-ng --cpu 1 --cpu-load 56 --quiet --timeout 60s,14,4/27/2026,17:11:46,14.5,8.44,16.54
stress-ng --cpu 1 --cpu-load 56 --quiet --timeout 60s,14,4/27/2026,17:11:47,14.88,8.44,16.53
stress-ng --cpu 1 --cpu-load 56 --quiet --timeout 60s,14,4/27/2026,17:11:48,14.64,8.44,16.89
stress-ng --cpu 1 --cpu-load 56 --quiet --timeout 60s,14,4/27/2026,17:11:49,14.21,8.44,16.89
stress-ng --cpu 1 --cpu-load 56 --quiet --timeout 60s,14,4/27/2026,17:11:50,14.64,8.44,16.82
stress-ng --cpu 1 --cpu-load 56 --quiet --timeout 60s,14,4/27/2026,17:11:51,14.71,8.44,16.51
stress-ng --cpu 1 --cpu-load 56 --quiet --timeout 60s,14,4/27/2026,17:11:52,14.64,8.44,16.51
stress-ng --cpu 1 --cpu-load 56 --quiet --timeout 60s,14,4/27/2026,17:11:53,14.67,8.44,16.69
stress-ng --cpu 1 --cpu-load 56 --quiet --timeout 60s,14,4/27/2026,17:11:54,14.85,8.44,16.78
stress-ng --cpu 1 --cpu-load 56 --quiet --timeout 60s,14,4/27/2026,17:11:55,14.42,8.44,16.78
stress-ng --cpu 1 --cpu-load 56 --quiet --timeout 60s,14,4/27/2026,17:11:56,14.64,8.44,16.44
stress-ng --cpu 1 --cpu-load 56 --quiet --timeout 60s,14,4/27/2026,17:11:57,14.92,8.44,16.59
stress-ng --cpu 1 --cpu-load 56 --quiet --timeout 60s,14,4/27/2026,17:11:58,14.42,8.44,16.59
stress-ng --cpu 1 --cpu-load 56 --quiet --timeout 60s,14,4/27/2026,17:11:59,14.67,8.44,16.83
stress-ng --cpu 1 --cpu-load 56 --quiet --timeout 60s,14,4/27/2026,17:12:00,14.39,8.44,16.6
stress-ng --cpu 1 --cpu-load 56 --quiet --timeout 60s,14,4/27/2026,17:12:01,14.96,8.44,16.6
stress-ng --cpu 1 --cpu-load 56 --quiet --timeout 60s,14,4/27/2026,17:12:02,14.42,8.44,16.53
stress-ng --cpu 1 --cpu-load 56 --quiet --timeout 60s,14,4/27/2026,17:12:03,14.39,8.44,16.69
stress-ng --cpu 1 --cpu-load 56 --quiet --timeout 60s,14,4/27/2026,17:12:04,14.67,8.44,16.69
stress-ng --cpu 1 --cpu-load 56 --quiet --timeout 60s,14,4/27/2026,17:12:05,14.92,8.44,17.01
stress-ng --cpu 1 --cpu-load 56 --quiet --timeout 60s,14,4/27/2026,17:12:06,14.67,8.44,16.58
stress-ng --cpu 1 --cpu-load 56 --quiet --timeout 60s,14,4/27/2026,17:12:07,14.46,8.44,16.58
stress-ng --cpu 1 --cpu-load 56 --quiet --timeout 60s,14,4/27/2026,17:12:08,14.6,8.44,16.66
stress-ng --cpu 1 --cpu-load 56 --quiet --timeout 60s,14,4/27/2026,17:12:09,14.67,8.43,17.38
stress-ng --cpu 1 --cpu-load 56 --quiet --timeout 60s,14,4/27/2026,17:12:10,14.71,8.43,17.38
stress-ng --cpu 1 --cpu-load 56 --quiet --timeout 60s,14,4/27/2026,17:12:11,14.39,8.43,16.52
stress-ng --cpu 1 --cpu-load 56 --quiet --timeout 60s,14,4/27/2026,17:12:12,14.46,8.43,16.52
stress-ng --cpu 1 --cpu-load 56 --quiet --timeout 60s,14,4/27/2026,17:12:13,14.88,8.43,16.52
stress-ng --cpu 1 --cpu-load 56 --quiet --timeout 60s,14,4/27/2026,17:12:14,14.85,8.43,16.72
stress-ng --cpu 1 --cpu-load 56 --quiet --timeout 60s,14,4/27/2026,17:12:15,14.46,8.43,16.52
stress-ng --cpu 1 --cpu-load 56 --quiet --timeout 60s,14,4/27/2026,17:12:16,14.42,8.43,16.52
stress-ng --cpu 1 --cpu-load 56 --quiet --timeout 60s,14,4/27/2026,17:12:17,14.85,8.43,16.52
stress-ng --cpu 1 --cpu-load 56 --quiet --timeout 60s,14,4/27/2026,17:12:18,14.67,8.43,16.52
stress-ng --cpu 1 --cpu-load 56 --quiet --timeout 60s,14,4/27/2026,17:12:19,14.67,8.43,16.52
stress-ng --cpu 1 --cpu-load 56 --quiet --timeout 60s,14,4/27/2026,17:12:20,14.42,8.43,16.72
stress-ng --cpu 1 --cpu-load 56 --quiet --timeout 60s,14,4/27/2026,17:12:21,14.35,8.43,16.56
stress-ng --cpu 1 --cpu-load 56 --quiet --timeout 60s,14,4/27/2026,17:12:22,14.46,8.43,16.56
stress-ng --cpu 1 --cpu-load 56 --quiet --timeout 60s,14,4/27/2026,17:12:23,14.64,8.43,16.52
stress-ng --cpu 1 --cpu-load 56 --quiet --timeout 60s,14,4/27/2026,17:12:24,14.64,8.43,16.76
stress-ng --cpu 1 --cpu-load 56 --quiet --timeout 60s,14,4/27/2026,17:12:25,14.67,8.43,16.76
stress-ng --cpu 1 --cpu-load 56 --quiet --timeout 60s,14,4/27/2026,17:12:26,15.13,8.42,16.65
stress-ng --cpu 1 --cpu-load 56 --quiet --timeout 60s,14,4/27/2026,17:12:27,14.25,8.42,16.65
stress-ng --cpu 1 --cpu-load 56 --quiet --timeout 60s,14,4/27/2026,17:12:28,14.64,8.42,16.88
stress-ng --cpu 1 --cpu-load 56 --quiet --timeout 60s,14,4/27/2026,17:12:29,14.88,8.42,16.71
stress-ng --cpu 1 --cpu-load 56 --quiet --timeout 60s,14,4/27/2026,17:12:30,14.14,8.42,16.71
stress-ng --cpu 1 --cpu-load 56 --quiet --timeout 60s,14,4/27/2026,17:12:31,14.67,8.42,16.4
stress-ng --cpu 1 --cpu-load 56 --quiet --timeout 60s,14,4/27/2026,17:12:32,14.92,8.42,16.5
stress-ng --cpu 1 --cpu-load 56 --quiet --timeout 60s,14,4/27/2026,17:12:33,14.64,8.42,16.5
stress-ng --cpu 1 --cpu-load 56 --quiet --timeout 60s,14,4/27/2026,17:12:34,14.39,8.42,16.69
stress-ng --cpu 1 --cpu-load 56 --quiet --timeout 60s,14,4/27/2026,17:12:35,14.92,8.42,16.73
stress-ng --cpu 1 --cpu-load 56 --quiet --timeout 60s,14,4/27/2026,17:12:36,14.42,8.42,16.73
stress-ng --cpu 1 --cpu-load 60 --quiet --timeout 60s,15,4/27/2026,12:31:30,7.67,8.38,9.57
stress-ng --cpu 1 --cpu-load 60 --quiet --timeout 60s,15,4/27/2026,12:31:31,15.42,8.38,9.44
stress-ng --cpu 1 --cpu-load 60 --quiet --timeout 60s,15,4/27/2026,12:31:32,15.92,8.38,17.91
stress-ng --cpu 1 --cpu-load 60 --quiet --timeout 60s,15,4/27/2026,12:31:33,15.63,8.38,17.91
stress-ng --cpu 1 --cpu-load 60 --quiet --timeout 60s,15,4/27/2026,12:31:34,16.12,8.38,17.6
stress-ng --cpu 1 --cpu-load 60 --quiet --timeout 60s,15,4/27/2026,12:31:35,15.46,8.38,17.6
stress-ng --cpu 1 --cpu-load 60 --quiet --timeout 60s,15,4/27/2026,12:31:36,15.63,8.38,17.94
stress-ng --cpu 1 --cpu-load 60 --quiet --timeout 60s,15,4/27/2026,12:31:37,15.63,8.38,17.58
stress-ng --cpu 1 --cpu-load 60 --quiet --timeout 60s,15,4/27/2026,12:31:38,15.46,8.38,17.58
stress-ng --cpu 1 --cpu-load 60 --quiet --timeout 60s,15,4/27/2026,12:31:39,15.92,8.38,17.89
stress-ng --cpu 1 --cpu-load 60 --quiet --timeout 60s,15,4/27/2026,12:31:40,15.13,8.38,17.57
stress-ng --cpu 1 --cpu-load 60 --quiet --timeout 60s,15,4/27/2026,12:31:41,16.16,8.38,17.57
stress-ng --cpu 1 --cpu-load 60 --quiet --timeout 60s,15,4/27/2026,12:31:42,15.42,8.38,17.59
stress-ng --cpu 1 --cpu-load 60 --quiet --timeout 60s,15,4/27/2026,12:31:43,15.88,8.38,17.56
stress-ng --cpu 1 --cpu-load 60 --quiet --timeout 60s,15,4/27/2026,12:31:44,15.21,8.38,17.56
stress-ng --cpu 1 --cpu-load 60 --quiet --timeout 60s,15,4/27/2026,12:31:45,15.67,8.38,17.4
stress-ng --cpu 1 --cpu-load 60 --quiet --timeout 60s,15,4/27/2026,12:31:46,15.84,8.38,17.39
stress-ng --cpu 1 --cpu-load 60 --quiet --timeout 60s,15,4/27/2026,12:31:47,15.5,8.38,17.39
stress-ng --cpu 1 --cpu-load 60 --quiet --timeout 60s,15,4/27/2026,12:31:48,15.59,8.38,18.17
stress-ng --cpu 1 --cpu-load 60 --quiet --timeout 60s,15,4/27/2026,12:31:49,15.46,8.38,17.55
stress-ng --cpu 1 --cpu-load 60 --quiet --timeout 60s,15,4/27/2026,12:31:50,16.37,8.38,17.55
stress-ng --cpu 1 --cpu-load 60 --quiet --timeout 60s,15,4/27/2026,12:31:51,15.84,8.38,17.5
stress-ng --cpu 1 --cpu-load 60 --quiet --timeout 60s,15,4/27/2026,12:31:52,15.96,8.38,17.76
stress-ng --cpu 1 --cpu-load 60 --quiet --timeout 60s,15,4/27/2026,12:31:53,15.63,8.38,17.76
stress-ng --cpu 1 --cpu-load 60 --quiet --timeout 60s,15,4/27/2026,12:31:54,15.46,8.38,17.94
stress-ng --cpu 1 --cpu-load 60 --quiet --timeout 60s,15,4/27/2026,12:31:55,15.67,8.38,17.44
stress-ng --cpu 1 --cpu-load 60 --quiet --timeout 60s,15,4/27/2026,12:31:56,15.59,8.38,17.44
stress-ng --cpu 1 --cpu-load 60 --quiet --timeout 60s,15,4/27/2026,12:31:57,15.5,8.38,17.61
stress-ng --cpu 1 --cpu-load 60 --quiet --timeout 60s,15,4/27/2026,12:31:58,15.63,8.38,17.78
stress-ng --cpu 1 --cpu-load 60 --quiet --timeout 60s,15,4/27/2026,12:31:59,15.42,8.38,17.78
stress-ng --cpu 1 --cpu-load 60 --quiet --timeout 60s,15,4/27/2026,12:32:00,15.92,8.39,17.45
stress-ng --cpu 1 --cpu-load 60 --quiet --timeout 60s,15,4/27/2026,12:32:01,15.88,8.39,17.55
stress-ng --cpu 1 --cpu-load 60 --quiet --timeout 60s,15,4/27/2026,12:32:02,15.42,8.39,17.55
stress-ng --cpu 1 --cpu-load 60 --quiet --timeout 60s,15,4/27/2026,12:32:03,15.71,8.39,18.01
stress-ng --cpu 1 --cpu-load 60 --quiet --timeout 60s,15,4/27/2026,12:32:04,15.63,8.39,17.77
stress-ng --cpu 1 --cpu-load 60 --quiet --timeout 60s,15,4/27/2026,12:32:05,15.63,8.39,17.77
stress-ng --cpu 1 --cpu-load 60 --quiet --timeout 60s,15,4/27/2026,12:32:06,15.71,8.39,17.62
stress-ng --cpu 1 --cpu-load 60 --quiet --timeout 60s,15,4/27/2026,12:32:07,15.38,8.39,17.64
stress-ng --cpu 1 --cpu-load 60 --quiet --timeout 60s,15,4/27/2026,12:32:08,15.96,8.39,17.64
stress-ng --cpu 1 --cpu-load 60 --quiet --timeout 60s,15,4/27/2026,12:32:09,15.63,8.39,18.08
stress-ng --cpu 1 --cpu-load 60 --quiet --timeout 60s,15,4/27/2026,12:32:10,15.38,8.39,17.99
stress-ng --cpu 1 --cpu-load 60 --quiet --timeout 60s,15,4/27/2026,12:32:11,16.08,8.39,17.99
stress-ng --cpu 1 --cpu-load 60 --quiet --timeout 60s,15,4/27/2026,12:32:12,15.71,8.39,17.72
stress-ng --cpu 1 --cpu-load 60 --quiet --timeout 60s,15,4/27/2026,12:32:13,15.38,8.39,17.86
stress-ng --cpu 1 --cpu-load 60 --quiet --timeout 60s,15,4/27/2026,12:32:14,15.67,8.39,17.86
stress-ng --cpu 1 --cpu-load 60 --quiet --timeout 60s,15,4/27/2026,12:32:15,15.67,8.39,17.87
stress-ng --cpu 1 --cpu-load 60 --quiet --timeout 60s,15,4/27/2026,12:32:16,15.17,8.39,17.73
stress-ng --cpu 1 --cpu-load 60 --quiet --timeout 60s,15,4/27/2026,12:32:17,15.545,8.39,17.73
stress-ng --cpu 1 --cpu-load 60 --quiet --timeout 60s,15,4/27/2026,12:32:18,15.92,8.39,17.64
stress-ng --cpu 1 --cpu-load 60 --quiet --timeout 60s,15,4/27/2026,12:32:19,15.38,8.39,17.66
stress-ng --cpu 1 --cpu-load 60 --quiet --timeout 60s,15,4/27/2026,12:32:20,15.67,8.39,17.66
stress-ng --cpu 1 --cpu-load 60 --quiet --timeout 60s,15,4/27/2026,12:32:21,15.67,8.39,17.57
stress-ng --cpu 1 --cpu-load 60 --quiet --timeout 60s,15,4/27/2026,12:32:22,15.21,8.39,17.53
stress-ng --cpu 1 --cpu-load 60 --quiet --timeout 60s,15,4/27/2026,12:32:23,15.92,8.39,17.53
stress-ng --cpu 1 --cpu-load 60 --quiet --timeout 60s,15,4/27/2026,12:32:24,15.67,8.39,18.18
stress-ng --cpu 1 --cpu-load 60 --quiet --timeout 60s,15,4/27/2026,12:32:25,15.38,8.39,17.59
stress-ng --cpu 1 --cpu-load 60 --quiet --timeout 60s,15,4/27/2026,12:32:26,15.63,8.39,17.59
stress-ng --cpu 1 --cpu-load 60 --quiet --timeout 60s,15,4/27/2026,12:32:27,15.88,8.39,17.54
stress-ng --cpu 1 --cpu-load 60 --quiet --timeout 60s,15,4/27/2026,12:32:28,15.38,8.39,17.92
stress-ng --cpu 1 --cpu-load 60 --quiet --timeout 60s,15,4/27/2026,12:32:29,15.71,8.39,17.92
stress-ng --cpu 1 --cpu-load 60 --quiet --timeout 60s,15,4/27/2026,12:32:30,15.84,8.39,17.55
stress-ng --cpu 1 --cpu-load 60 --quiet --timeout 60s,15,4/27/2026,14:31:32,1.48,8.4,9.24
stress-ng --cpu 1 --cpu-load 60 --quiet --timeout 60s,15,4/27/2026,14:31:33,15.88,8.4,11.89
stress-ng --cpu 1 --cpu-load 60 --quiet --timeout 60s,15,4/27/2026,14:31:34,15.63,8.4,11.89
stress-ng --cpu 1 --cpu-load 60 --quiet --timeout 60s,15,4/27/2026,14:31:35,15.67,8.4,18.14
stress-ng --cpu 1 --cpu-load 60 --quiet --timeout 60s,15,4/27/2026,14:31:36,15.67,8.4,17.32
stress-ng --cpu 1 --cpu-load 60 --quiet --timeout 60s,15,4/27/2026,14:31:37,15.63,8.4,17.32
stress-ng --cpu 1 --cpu-load 60 --quiet --timeout 60s,15,4/27/2026,14:31:38,15.63,8.4,17.55
stress-ng --cpu 1 --cpu-load 60 --quiet --timeout 60s,15,4/27/2026,14:31:39,15.92,8.4,17.39
stress-ng --cpu 1 --cpu-load 60 --quiet --timeout 60s,15,4/27/2026,14:31:40,15.84,8.4,17.39
stress-ng --cpu 1 --cpu-load 60 --quiet --timeout 60s,15,4/27/2026,14:31:41,15.92,8.4,17.96
stress-ng --cpu 1 --cpu-load 60 --quiet --timeout 60s,15,4/27/2026,14:31:42,15.38,8.4,17.36
stress-ng --cpu 1 --cpu-load 60 --quiet --timeout 60s,15,4/27/2026,14:31:43,16.12,8.4,17.36
stress-ng --cpu 1 --cpu-load 60 --quiet --timeout 60s,15,4/27/2026,14:31:44,15.895,8.4,17.92
stress-ng --cpu 1 --cpu-load 60 --quiet --timeout 60s,15,4/27/2026,14:31:45,15.67,8.4,17.69
stress-ng --cpu 1 --cpu-load 60 --quiet --timeout 60s,15,4/27/2026,14:31:46,15.17,8.4,17.69
stress-ng --cpu 1 --cpu-load 60 --quiet --timeout 60s,15,4/27/2026,14:31:47,15.88,8.4,17.69
stress-ng --cpu 1 --cpu-load 60 --quiet --timeout 60s,15,4/27/2026,14:31:48,15.38,8.4,17.71
stress-ng --cpu 1 --cpu-load 60 --quiet --timeout 60s,15,4/27/2026,14:31:49,15.5,8.4,17.33
stress-ng --cpu 1 --cpu-load 60 --quiet --timeout 60s,15,4/27/2026,14:31:50,15.88,8.4,17.33
stress-ng --cpu 1 --cpu-load 60 --quiet --timeout 60s,15,4/27/2026,14:31:51,15.38,8.4,17.73
stress-ng --cpu 1 --cpu-load 60 --quiet --timeout 60s,15,4/27/2026,14:31:52,15.67,8.4,17.41
stress-ng --cpu 1 --cpu-load 60 --quiet --timeout 60s,15,4/27/2026,14:31:53,15.46,8.4,17.41
stress-ng --cpu 1 --cpu-load 60 --quiet --timeout 60s,15,4/27/2026,14:31:54,15.42,8.4,17.56
stress-ng --cpu 1 --cpu-load 60 --quiet --timeout 60s,15,4/27/2026,14:31:55,15.63,8.4,17.49
stress-ng --cpu 1 --cpu-load 60 --quiet --timeout 60s,15,4/27/2026,14:31:56,16.08,8.4,17.49
stress-ng --cpu 1 --cpu-load 60 --quiet --timeout 60s,15,4/27/2026,14:31:57,15.46,8.4,18
stress-ng --cpu 1 --cpu-load 60 --quiet --timeout 60s,15,4/27/2026,14:31:58,15.38,8.4,17.44
stress-ng --cpu 1 --cpu-load 60 --quiet --timeout 60s,15,4/27/2026,14:31:59,15.46,8.4,17.44
stress-ng --cpu 1 --cpu-load 60 --quiet --timeout 60s,15,4/27/2026,14:32:00,15.88,8.4,17.44
stress-ng --cpu 1 --cpu-load 60 --quiet --timeout 60s,15,4/27/2026,14:32:01,15.88,8.4,17.88
stress-ng --cpu 1 --cpu-load 60 --quiet --timeout 60s,15,4/27/2026,14:32:02,15.21,8.4,17.88
stress-ng --cpu 1 --cpu-load 60 --quiet --timeout 60s,15,4/27/2026,14:32:03,15.88,8.4,17.35
stress-ng --cpu 1 --cpu-load 60 --quiet --timeout 60s,15,4/27/2026,14:32:04,15.88,8.4,17.61
stress-ng --cpu 1 --cpu-load 60 --quiet --timeout 60s,15,4/27/2026,14:32:05,15.67,8.4,17.61
stress-ng --cpu 1 --cpu-load 60 --quiet --timeout 60s,15,4/27/2026,14:32:06,15.92,8.4,17.96
stress-ng --cpu 1 --cpu-load 60 --quiet --timeout 60s,15,4/27/2026,14:32:07,15.63,8.4,17.74
stress-ng --cpu 1 --cpu-load 60 --quiet --timeout 60s,15,4/27/2026,14:32:08,15.17,8.4,17.74
stress-ng --cpu 1 --cpu-load 60 --quiet --timeout 60s,15,4/27/2026,14:32:09,15.92,8.4,17.27
stress-ng --cpu 1 --cpu-load 60 --quiet --timeout 60s,15,4/27/2026,14:32:10,15.88,8.4,17.56
stress-ng --cpu 1 --cpu-load 60 --quiet --timeout 60s,15,4/27/2026,14:32:11,15.17,8.4,17.56
stress-ng --cpu 1 --cpu-load 60 --quiet --timeout 60s,15,4/27/2026,14:32:12,15.67,8.4,17.74
stress-ng --cpu 1 --cpu-load 60 --quiet --timeout 60s,15,4/27/2026,14:32:13,16.08,8.4,17.86
stress-ng --cpu 1 --cpu-load 60 --quiet --timeout 60s,15,4/27/2026,14:32:14,15.84,8.4,17.86
stress-ng --cpu 1 --cpu-load 60 --quiet --timeout 60s,15,4/27/2026,14:32:15,15.63,8.4,17.37
stress-ng --cpu 1 --cpu-load 60 --quiet --timeout 60s,15,4/27/2026,14:32:16,15.71,8.4,18.12
stress-ng --cpu 1 --cpu-load 60 --quiet --timeout 60s,15,4/27/2026,14:32:17,15.59,8.4,18.12
stress-ng --cpu 1 --cpu-load 60 --quiet --timeout 60s,15,4/27/2026,14:32:18,15.67,8.4,17.35
stress-ng --cpu 1 --cpu-load 60 --quiet --timeout 60s,15,4/27/2026,14:32:19,15.88,8.4,17.58
stress-ng --cpu 1 --cpu-load 60 --quiet --timeout 60s,15,4/27/2026,14:32:20,15.21,8.4,17.58
stress-ng --cpu 1 --cpu-load 60 --quiet --timeout 60s,15,4/27/2026,14:32:21,15.84,8.4,17.32
stress-ng --cpu 1 --cpu-load 60 --quiet --timeout 60s,15,4/27/2026,14:32:22,15.92,8.4,17.9
stress-ng --cpu 1 --cpu-load 60 --quiet --timeout 60s,15,4/27/2026,14:32:23,15.38,8.4,17.9
stress-ng --cpu 1 --cpu-load 60 --quiet --timeout 60s,15,4/27/2026,14:32:24,15.46,8.4,17.4
stress-ng --cpu 1 --cpu-load 60 --quiet --timeout 60s,15,4/27/2026,14:32:25,15.63,8.4,17.63
stress-ng --cpu 1 --cpu-load 60 --quiet --timeout 60s,15,4/27/2026,14:32:26,15.67,8.4,17.63
stress-ng --cpu 1 --cpu-load 60 --quiet --timeout 60s,15,4/27/2026,14:32:27,15.63,8.4,17.69
stress-ng --cpu 1 --cpu-load 60 --quiet --timeout 60s,15,4/27/2026,14:32:28,15.67,8.4,17.74
stress-ng --cpu 1 --cpu-load 60 --quiet --timeout 60s,15,4/27/2026,14:32:29,15.84,8.4,17.74
stress-ng --cpu 1 --cpu-load 60 --quiet --timeout 60s,15,4/27/2026,14:32:30,15.67,8.4,17.42
stress-ng --cpu 1 --cpu-load 60 --quiet --timeout 60s,15,4/27/2026,14:32:31,15.17,8.4,17.79
stress-ng --cpu 1 --cpu-load 60 --quiet --timeout 60s,15,4/27/2026,14:32:32,15.71,8.4,17.79
stress-ng --cpu 1 --cpu-load 60 --quiet --timeout 60s,15,4/27/2026,17:39:37,8.37,8.43,9.56
stress-ng --cpu 1 --cpu-load 60 --quiet --timeout 60s,15,4/27/2026,17:39:38,16.5,8.43,15.31
stress-ng --cpu 1 --cpu-load 60 --quiet --timeout 60s,15,4/27/2026,17:39:39,16.62,8.43,15.31
stress-ng --cpu 1 --cpu-load 60 --quiet --timeout 60s,15,4/27/2026,17:39:40,15.67,8.43,15.31
stress-ng --cpu 1 --cpu-load 60 --quiet --timeout 60s,15,4/27/2026,17:39:41,15.42,8.43,17.82
stress-ng --cpu 1 --cpu-load 60 --quiet --timeout 60s,15,4/27/2026,17:39:42,15.92,8.43,17.5
stress-ng --cpu 1 --cpu-load 60 --quiet --timeout 60s,15,4/27/2026,17:39:43,15.8,8.43,17.71
stress-ng --cpu 1 --cpu-load 60 --quiet --timeout 60s,15,4/27/2026,17:39:44,15.46,8.43,17.71
stress-ng --cpu 1 --cpu-load 60 --quiet --timeout 60s,15,4/27/2026,17:39:45,16.12,8.43,17.59
stress-ng --cpu 1 --cpu-load 60 --quiet --timeout 60s,15,4/27/2026,17:39:46,15.17,8.43,17.59
stress-ng --cpu 1 --cpu-load 60 --quiet --timeout 60s,15,4/27/2026,17:39:47,15.67,8.43,17.52
stress-ng --cpu 1 --cpu-load 60 --quiet --timeout 60s,15,4/27/2026,17:39:48,15.84,8.43,17.8
stress-ng --cpu 1 --cpu-load 60 --quiet --timeout 60s,15,4/27/2026,17:39:49,15.71,8.43,17.8
stress-ng --cpu 1 --cpu-load 60 --quiet --timeout 60s,15,4/27/2026,17:39:50,15.38,8.43,17.93
stress-ng --cpu 1 --cpu-load 60 --quiet --timeout 60s,15,4/27/2026,17:39:51,15.67,8.43,17.45
stress-ng --cpu 1 --cpu-load 60 --quiet --timeout 60s,15,4/27/2026,17:39:52,15.67,8.43,17.45
stress-ng --cpu 1 --cpu-load 60 --quiet --timeout 60s,15,4/27/2026,17:39:53,15.38,8.43,17.47
stress-ng --cpu 1 --cpu-load 60 --quiet --timeout 60s,15,4/27/2026,17:39:54,15.92,8.43,17.77
stress-ng --cpu 1 --cpu-load 60 --quiet --timeout 60s,15,4/27/2026,17:39:55,15.42,8.43,17.77
stress-ng --cpu 1 --cpu-load 60 --quiet --timeout 60s,15,4/27/2026,17:39:56,15.42,8.43,17.91
stress-ng --cpu 1 --cpu-load 60 --quiet --timeout 60s,15,4/27/2026,17:39:57,16.08,8.42,17.75
stress-ng --cpu 1 --cpu-load 60 --quiet --timeout 60s,15,4/27/2026,17:39:58,15.42,8.42,17.75
stress-ng --cpu 1 --cpu-load 60 --quiet --timeout 60s,15,4/27/2026,17:39:59,15.42,8.42,17.54
stress-ng --cpu 1 --cpu-load 60 --quiet --timeout 60s,15,4/27/2026,17:40:00,15.92,8.42,18.26
stress-ng --cpu 1 --cpu-load 60 --quiet --timeout 60s,15,4/27/2026,17:40:01,15.42,8.42,18.26
stress-ng --cpu 1 --cpu-load 60 --quiet --timeout 60s,15,4/27/2026,17:40:02,15.63,8.42,17.49
stress-ng --cpu 1 --cpu-load 60 --quiet --timeout 60s,15,4/27/2026,17:40:03,15.92,8.42,17.37
stress-ng --cpu 1 --cpu-load 60 --quiet --timeout 60s,15,4/27/2026,17:40:04,15.46,8.42,17.37
stress-ng --cpu 1 --cpu-load 60 --quiet --timeout 60s,15,4/27/2026,17:40:05,15.63,8.42,17.93
stress-ng --cpu 1 --cpu-load 60 --quiet --timeout 60s,15,4/27/2026,17:40:06,15.84,8.42,17.43
stress-ng --cpu 1 --cpu-load 60 --quiet --timeout 60s,15,4/27/2026,17:40:07,15.71,8.42,17.43
stress-ng --cpu 1 --cpu-load 60 --quiet --timeout 60s,15,4/27/2026,17:40:08,15.545,8.42,17.54
stress-ng --cpu 1 --cpu-load 60 --quiet --timeout 60s,15,4/27/2026,17:40:09,15.38,8.42,18.05
stress-ng --cpu 1 --cpu-load 60 --quiet --timeout 60s,15,4/27/2026,17:40:10,15.75,8.42,18.05
stress-ng --cpu 1 --cpu-load 60 --quiet --timeout 60s,15,4/27/2026,17:40:11,16.08,8.42,17.71
stress-ng --cpu 1 --cpu-load 60 --quiet --timeout 60s,15,4/27/2026,17:40:12,15.63,8.42,17.69
stress-ng --cpu 1 --cpu-load 60 --quiet --timeout 60s,15,4/27/2026,17:40:13,15.88,8.42,17.69
stress-ng --cpu 1 --cpu-load 60 --quiet --timeout 60s,15,4/27/2026,17:40:14,15.67,8.42,17.25
stress-ng --cpu 1 --cpu-load 60 --quiet --timeout 60s,15,4/27/2026,17:40:15,15.38,8.42,17.52
stress-ng --cpu 1 --cpu-load 60 --quiet --timeout 60s,15,4/27/2026,17:40:16,15.67,8.42,17.52
stress-ng --cpu 1 --cpu-load 60 --quiet --timeout 60s,15,4/27/2026,17:40:17,15.88,8.42,17.68
stress-ng --cpu 1 --cpu-load 60 --quiet --timeout 60s,15,4/27/2026,17:40:18,15.46,8.42,17.58
stress-ng --cpu 1 --cpu-load 60 --quiet --timeout 60s,15,4/27/2026,17:40:19,15.38,8.42,17.58
stress-ng --cpu 1 --cpu-load 60 --quiet --timeout 60s,15,4/27/2026,17:40:20,15.92,8.42,17.46
stress-ng --cpu 1 --cpu-load 60 --quiet --timeout 60s,15,4/27/2026,17:40:21,15.38,8.42,17.88
stress-ng --cpu 1 --cpu-load 60 --quiet --timeout 60s,15,4/27/2026,17:40:22,15.71,8.42,17.88
stress-ng --cpu 1 --cpu-load 60 --quiet --timeout 60s,15,4/27/2026,17:40:23,15.42,8.42,17.42
stress-ng --cpu 1 --cpu-load 60 --quiet --timeout 60s,15,4/27/2026,17:40:24,15.63,8.42,17.65
stress-ng --cpu 1 --cpu-load 60 --quiet --timeout 60s,15,4/27/2026,17:40:25,15.67,8.42,17.65
stress-ng --cpu 1 --cpu-load 60 --quiet --timeout 60s,15,4/27/2026,17:40:26,15.42,8.42,17.53
stress-ng --cpu 1 --cpu-load 60 --quiet --timeout 60s,15,4/27/2026,17:40:27,15.84,8.42,18.45
stress-ng --cpu 1 --cpu-load 60 --quiet --timeout 60s,15,4/27/2026,17:40:28,15.92,8.42,18.45
stress-ng --cpu 1 --cpu-load 60 --quiet --timeout 60s,15,4/27/2026,17:40:29,15.59,8.42,17.45
stress-ng --cpu 1 --cpu-load 60 --quiet --timeout 60s,15,4/27/2026,17:40:30,15.67,8.42,17.57
stress-ng --cpu 1 --cpu-load 60 --quiet --timeout 60s,15,4/27/2026,17:40:31,15.42,8.42,17.57
stress-ng --cpu 1 --cpu-load 60 --quiet --timeout 60s,15,4/27/2026,17:40:32,15.71,8.42,17.84
stress-ng --cpu 1 --cpu-load 60 --quiet --timeout 60s,15,4/27/2026,17:40:33,15.59,8.41,17.65
stress-ng --cpu 1 --cpu-load 60 --quiet --timeout 60s,15,4/27/2026,17:40:34,15.67,8.42,17.65
stress-ng --cpu 1 --cpu-load 60 --quiet --timeout 60s,15,4/27/2026,17:40:35,15.63,8.42,17.46
stress-ng --cpu 1 --cpu-load 60 --quiet --timeout 60s,15,4/27/2026,17:40:36,15.21,8.42,18.15
stress-ng --cpu 1 --cpu-load 60 --quiet --timeout 60s,15,4/27/2026,17:40:37,15.92,8.42,18.15
stress-ng --cpu 1 --cpu-load 64 --quiet --timeout 60s,16,4/27/2026,14:01:32,1.22,8.38,9.3
stress-ng --cpu 1 --cpu-load 64 --quiet --timeout 60s,16,4/27/2026,14:01:33,16.99,8.39,16.32
stress-ng --cpu 1 --cpu-load 64 --quiet --timeout 60s,16,4/27/2026,14:01:34,16.83,8.39,16.32
stress-ng --cpu 1 --cpu-load 64 --quiet --timeout 60s,16,4/27/2026,14:01:35,16.66,8.39,16.32
stress-ng --cpu 1 --cpu-load 64 --quiet --timeout 60s,16,4/27/2026,14:01:36,16.45,8.39,18.56
stress-ng --cpu 1 --cpu-load 64 --quiet --timeout 60s,16,4/27/2026,14:01:37,16.62,8.39,18.15
stress-ng --cpu 1 --cpu-load 64 --quiet --timeout 60s,16,4/27/2026,14:01:38,16.66,8.39,18.15
stress-ng --cpu 1 --cpu-load 64 --quiet --timeout 60s,16,4/27/2026,14:01:39,16.41,8.39,18.08
stress-ng --cpu 1 --cpu-load 64 --quiet --timeout 60s,16,4/27/2026,14:01:40,16.87,8.39,18.31
stress-ng --cpu 1 --cpu-load 64 --quiet --timeout 60s,16,4/27/2026,14:01:41,16.62,8.39,18.31
stress-ng --cpu 1 --cpu-load 64 --quiet --timeout 60s,16,4/27/2026,14:01:42,16.45,8.39,18.06
stress-ng --cpu 1 --cpu-load 64 --quiet --timeout 60s,16,4/27/2026,14:01:43,16.87,8.39,17.97
stress-ng --cpu 1 --cpu-load 64 --quiet --timeout 60s,16,4/27/2026,14:01:44,16.16,8.39,17.97
stress-ng --cpu 1 --cpu-load 64 --quiet --timeout 60s,16,4/27/2026,14:01:45,16.7,8.39,18.18
stress-ng --cpu 1 --cpu-load 64 --quiet --timeout 60s,16,4/27/2026,14:01:46,16.41,8.39,17.97
stress-ng --cpu 1 --cpu-load 64 --quiet --timeout 60s,16,4/27/2026,14:01:47,16.45,8.39,17.97
stress-ng --cpu 1 --cpu-load 64 --quiet --timeout 60s,16,4/27/2026,14:01:48,16.66,8.39,18.74
stress-ng --cpu 1 --cpu-load 64 --quiet --timeout 60s,16,4/27/2026,14:01:49,16.16,8.39,18.25
stress-ng --cpu 1 --cpu-load 64 --quiet --timeout 60s,16,4/27/2026,14:01:50,16.91,8.39,18.25
stress-ng --cpu 1 --cpu-load 64 --quiet --timeout 60s,16,4/27/2026,14:01:51,16.58,8.39,17.88
stress-ng --cpu 1 --cpu-load 64 --quiet --timeout 60s,16,4/27/2026,14:01:52,16.41,8.39,18.07
stress-ng --cpu 1 --cpu-load 64 --quiet --timeout 60s,16,4/27/2026,14:01:53,16.66,8.39,18.07
stress-ng --cpu 1 --cpu-load 64 --quiet --timeout 60s,16,4/27/2026,14:01:54,16.66,8.39,18.16
stress-ng --cpu 1 --cpu-load 64 --quiet --timeout 60s,16,4/27/2026,14:01:55,16.83,8.39,17.95
stress-ng --cpu 1 --cpu-load 64 --quiet --timeout 60s,16,4/27/2026,14:01:56,16.66,8.39,17.95
stress-ng --cpu 1 --cpu-load 64 --quiet --timeout 60s,16,4/27/2026,14:01:57,16.66,8.39,17.95
stress-ng --cpu 1 --cpu-load 64 --quiet --timeout 60s,16,4/27/2026,14:01:58,16.66,8.39,18.26
stress-ng --cpu 1 --cpu-load 64 --quiet --timeout 60s,16,4/27/2026,14:01:59,16.41,8.38,18.26
stress-ng --cpu 1 --cpu-load 64 --quiet --timeout 60s,16,4/27/2026,14:02:00,16.87,8.38,18.38
stress-ng --cpu 1 --cpu-load 64 --quiet --timeout 60s,16,4/27/2026,14:02:01,16.87,8.39,17.97
stress-ng --cpu 1 --cpu-load 64 --quiet --timeout 60s,16,4/27/2026,14:02:02,16.79,8.38,17.97
stress-ng --cpu 1 --cpu-load 64 --quiet --timeout 60s,16,4/27/2026,14:02:03,16.7,8.38,17.96
stress-ng --cpu 1 --cpu-load 64 --quiet --timeout 60s,16,4/27/2026,14:02:04,16.91,8.38,18.74
stress-ng --cpu 1 --cpu-load 64 --quiet --timeout 60s,16,4/27/2026,14:02:05,16.16,8.38,18.74
stress-ng --cpu 1 --cpu-load 64 --quiet --timeout 60s,16,4/27/2026,14:02:06,16.91,8.38,18.18
stress-ng --cpu 1 --cpu-load 64 --quiet --timeout 60s,16,4/27/2026,14:02:07,16.58,8.38,18.3
stress-ng --cpu 1 --cpu-load 64 --quiet --timeout 60s,16,4/27/2026,14:02:08,16.45,8.38,18.3
stress-ng --cpu 1 --cpu-load 64 --quiet --timeout 60s,16,4/27/2026,14:02:09,16.7,8.39,18.26
stress-ng --cpu 1 --cpu-load 64 --quiet --timeout 60s,16,4/27/2026,14:02:10,16.41,8.39,18.12
stress-ng --cpu 1 --cpu-load 64 --quiet --timeout 60s,16,4/27/2026,14:02:11,16.87,8.39,18.12
stress-ng --cpu 1 --cpu-load 64 --quiet --timeout 60s,16,4/27/2026,14:02:12,16.41,8.38,17.91
stress-ng --cpu 1 --cpu-load 64 --quiet --timeout 60s,16,4/27/2026,14:02:13,16.62,8.38,18.12
stress-ng --cpu 1 --cpu-load 64 --quiet --timeout 60s,16,4/27/2026,14:02:14,16.7,8.38,18.12
stress-ng --cpu 1 --cpu-load 64 --quiet --timeout 60s,16,4/27/2026,14:02:15,16.62,8.38,18.31
stress-ng --cpu 1 --cpu-load 64 --quiet --timeout 60s,16,4/27/2026,14:02:16,16.66,8.38,18.32
stress-ng --cpu 1 --cpu-load 64 --quiet --timeout 60s,16,4/27/2026,14:02:17,16.62,8.38,18.32
stress-ng --cpu 1 --cpu-load 64 --quiet --timeout 60s,16,4/27/2026,14:02:18,16.66,8.38,18.07
stress-ng --cpu 1 --cpu-load 64 --quiet --timeout 60s,16,4/27/2026,14:02:19,16.41,8.38,18.39
stress-ng --cpu 1 --cpu-load 64 --quiet --timeout 60s,16,4/27/2026,14:02:20,16.66,8.38,18.39
stress-ng --cpu 1 --cpu-load 64 --quiet --timeout 60s,16,4/27/2026,14:02:21,16.87,8.38,17.92
stress-ng --cpu 1 --cpu-load 64 --quiet --timeout 60s,16,4/27/2026,14:02:22,16.62,8.38,18.11
stress-ng --cpu 1 --cpu-load 64 --quiet --timeout 60s,16,4/27/2026,14:02:23,16.66,8.38,18.11
stress-ng --cpu 1 --cpu-load 64 --quiet --timeout 60s,16,4/27/2026,14:02:24,16.83,8.38,18.28
stress-ng --cpu 1 --cpu-load 64 --quiet --timeout 60s,16,4/27/2026,14:02:25,16.62,8.38,18.06
stress-ng --cpu 1 --cpu-load 64 --quiet --timeout 60s,16,4/27/2026,14:02:26,16.66,8.38,18.06
stress-ng --cpu 1 --cpu-load 64 --quiet --timeout 60s,16,4/27/2026,14:02:27,16.41,8.38,18.01
stress-ng --cpu 1 --cpu-load 64 --quiet --timeout 60s,16,4/27/2026,14:02:28,16.91,8.38,18.12
stress-ng --cpu 1 --cpu-load 64 --quiet --timeout 60s,16,4/27/2026,14:02:29,16.37,8.38,18.12
stress-ng --cpu 1 --cpu-load 64 --quiet --timeout 60s,16,4/27/2026,14:02:30,16.66,8.38,17.82
stress-ng --cpu 1 --cpu-load 64 --quiet --timeout 60s,16,4/27/2026,14:02:31,16.62,8.38,17.82
stress-ng --cpu 1 --cpu-load 64 --quiet --timeout 60s,16,4/27/2026,14:02:32,11.66,8.38,18.24
stress-ng --cpu 1 --cpu-load 64 --quiet --timeout 60s,16,4/27/2026,16:21:35,4.7,8.37,10.31
stress-ng --cpu 1 --cpu-load 64 --quiet --timeout 60s,16,4/27/2026,16:21:36,16.58,8.37,9.7
stress-ng --cpu 1 --cpu-load 64 --quiet --timeout 60s,16,4/27/2026,16:21:37,16.95,8.37,18.59
stress-ng --cpu 1 --cpu-load 64 --quiet --timeout 60s,16,4/27/2026,16:21:38,16.62,8.37,18.59
stress-ng --cpu 1 --cpu-load 64 --quiet --timeout 60s,16,4/27/2026,16:21:39,16.66,8.37,17.95
stress-ng --cpu 1 --cpu-load 64 --quiet --timeout 60s,16,4/27/2026,16:21:40,16.45,8.37,17.95
stress-ng --cpu 1 --cpu-load 64 --quiet --timeout 60s,16,4/27/2026,16:21:41,16.83,8.37,18.08
stress-ng --cpu 1 --cpu-load 64 --quiet --timeout 60s,16,4/27/2026,16:21:42,16.66,8.37,17.92
stress-ng --cpu 1 --cpu-load 64 --quiet --timeout 60s,16,4/27/2026,16:21:43,16.45,8.37,17.92
stress-ng --cpu 1 --cpu-load 64 --quiet --timeout 60s,16,4/27/2026,16:21:44,16.62,8.37,18.37
stress-ng --cpu 1 --cpu-load 64 --quiet --timeout 60s,16,4/27/2026,16:21:45,16.41,8.37,17.89
stress-ng --cpu 1 --cpu-load 64 --quiet --timeout 60s,16,4/27/2026,16:21:46,16.66,8.37,17.89
stress-ng --cpu 1 --cpu-load 64 --quiet --timeout 60s,16,4/27/2026,16:21:47,16.87,8.37,18
stress-ng --cpu 1 --cpu-load 64 --quiet --timeout 60s,16,4/27/2026,16:21:48,16.62,8.37,18.04
stress-ng --cpu 1 --cpu-load 64 --quiet --timeout 60s,16,4/27/2026,16:21:49,16.41,8.37,18.04
stress-ng --cpu 1 --cpu-load 64 --quiet --timeout 60s,16,4/27/2026,16:21:50,16.91,8.37,18.41
stress-ng --cpu 1 --cpu-load 64 --quiet --timeout 60s,16,4/27/2026,16:21:51,16.16,8.37,17.81
stress-ng --cpu 1 --cpu-load 64 --quiet --timeout 60s,16,4/27/2026,16:21:52,16.91,8.37,17.81
stress-ng --cpu 1 --cpu-load 64 --quiet --timeout 60s,16,4/27/2026,16:21:53,16.33,8.37,18.51
stress-ng --cpu 1 --cpu-load 64 --quiet --timeout 60s,16,4/27/2026,16:21:54,16.5,8.37,17.99
stress-ng --cpu 1 --cpu-load 64 --quiet --timeout 60s,16,4/27/2026,16:21:55,16.62,8.37,17.99
stress-ng --cpu 1 --cpu-load 64 --quiet --timeout 60s,16,4/27/2026,16:21:56,16.87,8.37,18.07
stress-ng --cpu 1 --cpu-load 64 --quiet --timeout 60s,16,4/27/2026,16:21:57,16.66,8.37,18.23
stress-ng --cpu 1 --cpu-load 64 --quiet --timeout 60s,16,4/27/2026,16:21:58,16.62,8.37,18.23
stress-ng --cpu 1 --cpu-load 64 --quiet --timeout 60s,16,4/27/2026,16:21:59,16.62,8.36,18.33
stress-ng --cpu 1 --cpu-load 64 --quiet --timeout 60s,16,4/27/2026,16:22:00,16.25,8.36,17.94
stress-ng --cpu 1 --cpu-load 64 --quiet --timeout 60s,16,4/27/2026,16:22:01,16.87,8.36,17.94
stress-ng --cpu 1 --cpu-load 64 --quiet --timeout 60s,16,4/27/2026,16:22:02,16.37,8.36,18.13
stress-ng --cpu 1 --cpu-load 64 --quiet --timeout 60s,16,4/27/2026,16:22:03,16.95,8.36,18.09
stress-ng --cpu 1 --cpu-load 64 --quiet --timeout 60s,16,4/27/2026,16:22:04,16.62,8.36,18.09
stress-ng --cpu 1 --cpu-load 64 --quiet --timeout 60s,16,4/27/2026,16:22:05,16.66,8.36,18.21
stress-ng --cpu 1 --cpu-load 64 --quiet --timeout 60s,16,4/27/2026,16:22:06,16.87,8.36,17.72
stress-ng --cpu 1 --cpu-load 64 --quiet --timeout 60s,16,4/27/2026,16:22:07,16.83,8.36,17.72
stress-ng --cpu 1 --cpu-load 64 --quiet --timeout 60s,16,4/27/2026,16:22:08,16.45,8.36,18.89
stress-ng --cpu 1 --cpu-load 64 --quiet --timeout 60s,16,4/27/2026,16:22:09,16.66,8.36,18.14
stress-ng --cpu 1 --cpu-load 64 --quiet --timeout 60s,16,4/27/2026,16:22:10,16.66,8.36,18.14
stress-ng --cpu 1 --cpu-load 64 --quiet --timeout 60s,16,4/27/2026,16:22:11,17.28,8.36,18.18
stress-ng --cpu 1 --cpu-load 64 --quiet --timeout 60s,16,4/27/2026,16:22:12,16.66,8.36,17.95
stress-ng --cpu 1 --cpu-load 64 --quiet --timeout 60s,16,4/27/2026,16:22:13,16.66,8.36,17.95
stress-ng --cpu 1 --cpu-load 64 --quiet --timeout 60s,16,4/27/2026,16:22:14,16.37,8.36,18.4
stress-ng --cpu 1 --cpu-load 64 --quiet --timeout 60s,16,4/27/2026,16:22:15,16.87,8.37,17.83
stress-ng --cpu 1 --cpu-load 64 --quiet --timeout 60s,16,4/27/2026,16:22:16,16.41,8.37,18.25
stress-ng --cpu 1 --cpu-load 64 --quiet --timeout 60s,16,4/27/2026,16:22:17,16.87,8.37,18.12
stress-ng --cpu 1 --cpu-load 64 --quiet --timeout 60s,16,4/27/2026,16:22:18,16.45,8.37,18.12
stress-ng --cpu 1 --cpu-load 64 --quiet --timeout 60s,16,4/27/2026,16:22:19,16.62,8.37,18.21
stress-ng --cpu 1 --cpu-load 64 --quiet --timeout 60s,16,4/27/2026,16:22:20,16.66,8.37,18.2
stress-ng --cpu 1 --cpu-load 64 --quiet --timeout 60s,16,4/27/2026,16:22:21,16.37,8.37,18.2
stress-ng --cpu 1 --cpu-load 64 --quiet --timeout 60s,16,4/27/2026,16:22:22,16.91,8.37,18.31
stress-ng --cpu 1 --cpu-load 64 --quiet --timeout 60s,16,4/27/2026,16:22:23,16.16,8.37,17.93
stress-ng --cpu 1 --cpu-load 64 --quiet --timeout 60s,16,4/27/2026,16:22:24,16.87,8.37,17.93
stress-ng --cpu 1 --cpu-load 64 --quiet --timeout 60s,16,4/27/2026,16:22:25,16.41,8.37,17.98
stress-ng --cpu 1 --cpu-load 64 --quiet --timeout 60s,16,4/27/2026,16:22:26,16.66,8.37,18.01
stress-ng --cpu 1 --cpu-load 64 --quiet --timeout 60s,16,4/27/2026,16:22:27,16.41,8.37,18.01
stress-ng --cpu 1 --cpu-load 64 --quiet --timeout 60s,16,4/27/2026,16:22:28,16.87,8.37,18.67
stress-ng --cpu 1 --cpu-load 64 --quiet --timeout 60s,16,4/27/2026,16:22:29,16.41,8.37,17.95
stress-ng --cpu 1 --cpu-load 64 --quiet --timeout 60s,16,4/27/2026,16:22:30,16.87,8.37,17.95
stress-ng --cpu 1 --cpu-load 64 --quiet --timeout 60s,16,4/27/2026,16:22:31,16.41,8.37,18.2
stress-ng --cpu 1 --cpu-load 64 --quiet --timeout 60s,16,4/27/2026,16:22:32,16.87,8.37,18.25
stress-ng --cpu 1 --cpu-load 64 --quiet --timeout 60s,16,4/27/2026,16:22:33,16.2,8.37,18.25
stress-ng --cpu 1 --cpu-load 64 --quiet --timeout 60s,16,4/27/2026,16:22:34,16.66,8.37,18.06
stress-ng --cpu 1 --cpu-load 64 --quiet --timeout 60s,16,4/27/2026,16:22:35,16.66,8.37,18.48
stress-ng --cpu 1 --cpu-load 64 --quiet --timeout 60s,16,4/27/2026,16:53:36,6.91,8.4,9.52
stress-ng --cpu 1 --cpu-load 64 --quiet --timeout 60s,16,4/27/2026,16:53:37,16.66,8.4,12.68
stress-ng --cpu 1 --cpu-load 64 --quiet --timeout 60s,16,4/27/2026,16:53:38,16.45,8.4,12.68
stress-ng --cpu 1 --cpu-load 64 --quiet --timeout 60s,16,4/27/2026,16:53:39,16.83,8.4,18.31
stress-ng --cpu 1 --cpu-load 64 --quiet --timeout 60s,16,4/27/2026,16:53:40,16.41,8.4,18.31
stress-ng --cpu 1 --cpu-load 64 --quiet --timeout 60s,16,4/27/2026,16:53:41,16.87,8.4,18.32
stress-ng --cpu 1 --cpu-load 64 --quiet --timeout 60s,16,4/27/2026,16:53:42,16.41,8.4,17.88
stress-ng --cpu 1 --cpu-load 64 --quiet --timeout 60s,16,4/27/2026,16:53:43,16.95,8.4,17.88
stress-ng --cpu 1 --cpu-load 64 --quiet --timeout 60s,16,4/27/2026,16:53:44,16.37,8.4,18.36
stress-ng --cpu 1 --cpu-load 64 --quiet --timeout 60s,16,4/27/2026,16:53:45,16.45,8.4,17.83
stress-ng --cpu 1 --cpu-load 64 --quiet --timeout 60s,16,4/27/2026,16:53:46,17.07,8.4,17.83
stress-ng --cpu 1 --cpu-load 64 --quiet --timeout 60s,16,4/27/2026,16:53:47,16.16,8.4,17.99
stress-ng --cpu 1 --cpu-load 64 --quiet --timeout 60s,16,4/27/2026,16:53:48,16.87,8.39,18.65
stress-ng --cpu 1 --cpu-load 64 --quiet --timeout 60s,16,4/27/2026,16:53:49,16.41,8.39,18.65
stress-ng --cpu 1 --cpu-load 64 --quiet --timeout 60s,16,4/27/2026,16:53:50,16.87,8.39,18.21
stress-ng --cpu 1 --cpu-load 64 --quiet --timeout 60s,16,4/27/2026,16:53:51,16.45,8.39,17.84
stress-ng --cpu 1 --cpu-load 64 --quiet --timeout 60s,16,4/27/2026,16:53:52,16.83,8.39,17.84
stress-ng --cpu 1 --cpu-load 64 --quiet --timeout 60s,16,4/27/2026,16:53:53,16.66,8.39,18.46
stress-ng --cpu 1 --cpu-load 64 --quiet --timeout 60s,16,4/27/2026,16:53:54,16.41,8.39,18.1
stress-ng --cpu 1 --cpu-load 64 --quiet --timeout 60s,16,4/27/2026,16:53:55,16.66,8.39,18.1
stress-ng --cpu 1 --cpu-load 64 --quiet --timeout 60s,16,4/27/2026,16:53:56,16.58,8.39,18.06
stress-ng --cpu 1 --cpu-load 64 --quiet --timeout 60s,16,4/27/2026,16:53:57,16.87,8.39,17.98
stress-ng --cpu 1 --cpu-load 64 --quiet --timeout 60s,16,4/27/2026,16:53:58,16.41,8.39,17.98
stress-ng --cpu 1 --cpu-load 64 --quiet --timeout 60s,16,4/27/2026,16:53:59,16.66,8.39,18.38
stress-ng --cpu 1 --cpu-load 64 --quiet --timeout 60s,16,4/27/2026,16:54:00,16.87,8.39,17.87
stress-ng --cpu 1 --cpu-load 64 --quiet --timeout 60s,16,4/27/2026,16:54:01,16.87,8.39,17.87
stress-ng --cpu 1 --cpu-load 64 --quiet --timeout 60s,16,4/27/2026,16:54:02,16.62,8.39,18.25
stress-ng --cpu 1 --cpu-load 64 --quiet --timeout 60s,16,4/27/2026,16:54:03,16.83,8.39,18.03
stress-ng --cpu 1 --cpu-load 64 --quiet --timeout 60s,16,4/27/2026,16:54:04,16.45,8.39,18.03
stress-ng --cpu 1 --cpu-load 64 --quiet --timeout 60s,16,4/27/2026,16:54:05,16.87,8.39,18.26
stress-ng --cpu 1 --cpu-load 64 --quiet --timeout 60s,16,4/27/2026,16:54:06,16.66,8.39,17.94
stress-ng --cpu 1 --cpu-load 64 --quiet --timeout 60s,16,4/27/2026,16:54:07,16.58,8.39,17.94
stress-ng --cpu 1 --cpu-load 64 --quiet --timeout 60s,16,4/27/2026,16:54:08,16.91,8.39,18.41
stress-ng --cpu 1 --cpu-load 64 --quiet --timeout 60s,16,4/27/2026,16:54:09,16.37,8.39,18.2
stress-ng --cpu 1 --cpu-load 64 --quiet --timeout 60s,16,4/27/2026,16:54:10,16.95,8.39,18.2
stress-ng --cpu 1 --cpu-load 64 --quiet --timeout 60s,16,4/27/2026,16:54:11,16.37,8.39,18.42
stress-ng --cpu 1 --cpu-load 64 --quiet --timeout 60s,16,4/27/2026,16:54:12,16.66,8.38,18.03
stress-ng --cpu 1 --cpu-load 64 --quiet --timeout 60s,16,4/27/2026,16:54:13,16.87,8.38,18.03
stress-ng --cpu 1 --cpu-load 64 --quiet --timeout 60s,16,4/27/2026,16:54:14,16.41,8.38,18.57
stress-ng --cpu 1 --cpu-load 64 --quiet --timeout 60s,16,4/27/2026,16:54:15,16.87,8.38,18.03
stress-ng --cpu 1 --cpu-load 64 --quiet --timeout 60s,16,4/27/2026,16:54:16,16.37,8.38,18.03
stress-ng --cpu 1 --cpu-load 64 --quiet --timeout 60s,16,4/27/2026,16:54:17,16.87,8.38,18.29
stress-ng --cpu 1 --cpu-load 64 --quiet --timeout 60s,16,4/27/2026,16:54:18,16.41,8.38,18.32
stress-ng --cpu 1 --cpu-load 64 --quiet --timeout 60s,16,4/27/2026,16:54:19,16.66,8.38,18.32
stress-ng --cpu 1 --cpu-load 64 --quiet --timeout 60s,16,4/27/2026,16:54:20,16.87,8.38,18.59
stress-ng --cpu 1 --cpu-load 64 --quiet --timeout 60s,16,4/27/2026,16:54:21,16.41,8.38,17.86
stress-ng --cpu 1 --cpu-load 64 --quiet --timeout 60s,16,4/27/2026,16:54:22,16.83,8.38,17.86
stress-ng --cpu 1 --cpu-load 64 --quiet --timeout 60s,16,4/27/2026,16:54:23,16.45,8.38,18.46
stress-ng --cpu 1 --cpu-load 64 --quiet --timeout 60s,16,4/27/2026,16:54:24,16.87,8.38,18.02
stress-ng --cpu 1 --cpu-load 64 --quiet --timeout 60s,16,4/27/2026,16:54:25,16.16,8.38,18.02
stress-ng --cpu 1 --cpu-load 64 --quiet --timeout 60s,16,4/27/2026,16:54:26,16.87,8.38,18.13
stress-ng --cpu 1 --cpu-load 64 --quiet --timeout 60s,16,4/27/2026,16:54:27,16.41,8.38,17.94
stress-ng --cpu 1 --cpu-load 64 --quiet --timeout 60s,16,4/27/2026,16:54:28,16.91,8.38,17.94
stress-ng --cpu 1 --cpu-load 64 --quiet --timeout 60s,16,4/27/2026,16:54:29,16.62,8.38,18.53
stress-ng --cpu 1 --cpu-load 64 --quiet --timeout 60s,16,4/27/2026,16:54:30,16.62,8.38,18.01
stress-ng --cpu 1 --cpu-load 64 --quiet --timeout 60s,16,4/27/2026,16:54:31,16.91,8.38,18.17
stress-ng --cpu 1 --cpu-load 64 --quiet --timeout 60s,16,4/27/2026,16:54:32,16.37,8.38,18.06
stress-ng --cpu 1 --cpu-load 64 --quiet --timeout 60s,16,4/27/2026,16:54:33,17.07,8.38,18.06
stress-ng --cpu 1 --cpu-load 64 --quiet --timeout 60s,16,4/27/2026,16:54:34,16.41,8.38,18.12
stress-ng --cpu 1 --cpu-load 64 --quiet --timeout 60s,16,4/27/2026,16:54:35,16.62,8.38,18.33
stress-ng --cpu 1 --cpu-load 64 --quiet --timeout 60s,16,4/27/2026,16:54:36,6.93,8.35,18.33
stress-ng --cpu 1 --cpu-load 68 --quiet --timeout 60s,17,4/27/2026,13:13:31,14.77,8.4,9.31
stress-ng --cpu 1 --cpu-load 68 --quiet --timeout 60s,17,4/27/2026,13:13:32,18.11,8.4,12.02
stress-ng --cpu 1 --cpu-load 68 --quiet --timeout 60s,17,4/27/2026,13:13:33,17.2,8.4,12.02
stress-ng --cpu 1 --cpu-load 68 --quiet --timeout 60s,17,4/27/2026,13:13:34,18.11,8.4,18.83
stress-ng --cpu 1 --cpu-load 68 --quiet --timeout 60s,17,4/27/2026,13:13:35,17.16,8.4,18.83
stress-ng --cpu 1 --cpu-load 68 --quiet --timeout 60s,17,4/27/2026,13:13:36,17.86,8.4,18.83
stress-ng --cpu 1 --cpu-load 68 --quiet --timeout 60s,17,4/27/2026,13:13:37,17.76,8.4,18.77
stress-ng --cpu 1 --cpu-load 68 --quiet --timeout 60s,17,4/27/2026,13:13:38,17.66,8.4,18.77
stress-ng --cpu 1 --cpu-load 68 --quiet --timeout 60s,17,4/27/2026,13:13:39,17.66,8.4,18.58
stress-ng --cpu 1 --cpu-load 68 --quiet --timeout 60s,17,4/27/2026,13:13:40,17.61,8.4,18.64
stress-ng --cpu 1 --cpu-load 68 --quiet --timeout 60s,17,4/27/2026,13:13:41,17.45,8.4,18.64
stress-ng --cpu 1 --cpu-load 68 --quiet --timeout 60s,17,4/27/2026,13:13:42,17.61,8.4,18.61
stress-ng --cpu 1 --cpu-load 68 --quiet --timeout 60s,17,4/27/2026,13:13:43,17.41,8.4,18.88
stress-ng --cpu 1 --cpu-load 68 --quiet --timeout 60s,17,4/27/2026,13:13:44,17.86,8.4,18.88
stress-ng --cpu 1 --cpu-load 68 --quiet --timeout 60s,17,4/27/2026,13:13:45,17.66,8.4,18.54
stress-ng --cpu 1 --cpu-load 68 --quiet --timeout 60s,17,4/27/2026,13:13:46,17.36,8.4,18.51
stress-ng --cpu 1 --cpu-load 68 --quiet --timeout 60s,17,4/27/2026,13:13:47,17.66,8.4,18.51
stress-ng --cpu 1 --cpu-load 68 --quiet --timeout 60s,17,4/27/2026,13:13:48,17.41,8.4,18.58
stress-ng --cpu 1 --cpu-load 68 --quiet --timeout 60s,17,4/27/2026,13:13:49,17.86,8.4,18.87
stress-ng --cpu 1 --cpu-load 68 --quiet --timeout 60s,17,4/27/2026,13:13:50,17.16,8.4,18.87
stress-ng --cpu 1 --cpu-load 68 --quiet --timeout 60s,17,4/27/2026,13:13:51,17.66,8.4,18.39
stress-ng --cpu 1 --cpu-load 68 --quiet --timeout 60s,17,4/27/2026,13:13:52,17.61,8.4,18.55
stress-ng --cpu 1 --cpu-load 68 --quiet --timeout 60s,17,4/27/2026,13:13:53,17.66,8.4,18.55
stress-ng --cpu 1 --cpu-load 68 --quiet --timeout 60s,17,4/27/2026,13:13:54,17.61,8.39,18.53
stress-ng --cpu 1 --cpu-load 68 --quiet --timeout 60s,17,4/27/2026,13:13:55,17.41,8.39,18.54
stress-ng --cpu 1 --cpu-load 68 --quiet --timeout 60s,17,4/27/2026,13:13:56,18.06,8.39,18.54
stress-ng --cpu 1 --cpu-load 68 --quiet --timeout 60s,17,4/27/2026,13:13:57,17.41,8.39,18.36
stress-ng --cpu 1 --cpu-load 68 --quiet --timeout 60s,17,4/27/2026,13:13:58,17.66,8.39,18.79
stress-ng --cpu 1 --cpu-load 68 --quiet --timeout 60s,17,4/27/2026,13:13:59,17.41,8.39,18.79
stress-ng --cpu 1 --cpu-load 68 --quiet --timeout 60s,17,4/27/2026,13:14:00,17.86,8.39,18.37
stress-ng --cpu 1 --cpu-load 68 --quiet --timeout 60s,17,4/27/2026,13:14:01,17.61,8.39,18.6
stress-ng --cpu 1 --cpu-load 68 --quiet --timeout 60s,17,4/27/2026,13:14:02,17.41,8.39,18.6
stress-ng --cpu 1 --cpu-load 68 --quiet --timeout 60s,17,4/27/2026,13:14:03,17.66,8.39,18.38
stress-ng --cpu 1 --cpu-load 68 --quiet --timeout 60s,17,4/27/2026,13:14:04,17.86,8.39,19.08
stress-ng --cpu 1 --cpu-load 68 --quiet --timeout 60s,17,4/27/2026,13:14:05,17.66,8.39,19.08
stress-ng --cpu 1 --cpu-load 68 --quiet --timeout 60s,17,4/27/2026,13:14:06,17.41,8.39,18.3
stress-ng --cpu 1 --cpu-load 68 --quiet --timeout 60s,17,4/27/2026,13:14:07,18.11,8.39,18.43
stress-ng --cpu 1 --cpu-load 68 --quiet --timeout 60s,17,4/27/2026,13:14:08,17.45,8.39,18.43
stress-ng --cpu 1 --cpu-load 68 --quiet --timeout 60s,17,4/27/2026,13:14:09,17.36,8.39,19.03
stress-ng --cpu 1 --cpu-load 68 --quiet --timeout 60s,17,4/27/2026,13:14:10,18.11,8.39,18.72
stress-ng --cpu 1 --cpu-load 68 --quiet --timeout 60s,17,4/27/2026,13:14:11,17.41,8.39,18.72
stress-ng --cpu 1 --cpu-load 68 --quiet --timeout 60s,17,4/27/2026,13:14:12,17.66,8.39,18.49
stress-ng --cpu 1 --cpu-load 68 --quiet --timeout 60s,17,4/27/2026,13:14:13,17.61,8.39,19.1
stress-ng --cpu 1 --cpu-load 68 --quiet --timeout 60s,17,4/27/2026,13:14:14,17.66,8.4,19.1
stress-ng --cpu 1 --cpu-load 68 --quiet --timeout 60s,17,4/27/2026,13:14:15,17.41,8.4,18.62
stress-ng --cpu 1 --cpu-load 68 --quiet --timeout 60s,17,4/27/2026,13:14:16,17.86,8.4,19.07
stress-ng --cpu 1 --cpu-load 68 --quiet --timeout 60s,17,4/27/2026,13:14:17,17.25,8.4,19.07
stress-ng --cpu 1 --cpu-load 68 --quiet --timeout 60s,17,4/27/2026,13:14:18,17.61,8.4,18.35
stress-ng --cpu 1 --cpu-load 68 --quiet --timeout 60s,17,4/27/2026,13:14:19,18.31,8.4,18.74
stress-ng --cpu 1 --cpu-load 68 --quiet --timeout 60s,17,4/27/2026,13:14:20,17.36,8.4,18.74
stress-ng --cpu 1 --cpu-load 68 --quiet --timeout 60s,17,4/27/2026,13:14:21,17.25,8.4,18.37
stress-ng --cpu 1 --cpu-load 68 --quiet --timeout 60s,17,4/27/2026,13:14:22,17.82,8.4,18.54
stress-ng --cpu 1 --cpu-load 68 --quiet --timeout 60s,17,4/27/2026,13:14:23,17.66,8.4,18.54
stress-ng --cpu 1 --cpu-load 68 --quiet --timeout 60s,17,4/27/2026,13:14:24,17.61,8.4,18.63
stress-ng --cpu 1 --cpu-load 68 --quiet --timeout 60s,17,4/27/2026,13:14:25,17.7,8.4,18.43
stress-ng --cpu 1 --cpu-load 68 --quiet --timeout 60s,17,4/27/2026,13:14:26,17.16,8.4,18.43
stress-ng --cpu 1 --cpu-load 68 --quiet --timeout 60s,17,4/27/2026,13:14:27,17.86,8.4,18.43
stress-ng --cpu 1 --cpu-load 68 --quiet --timeout 60s,17,4/27/2026,13:14:28,17.66,8.4,18.61
stress-ng --cpu 1 --cpu-load 68 --quiet --timeout 60s,17,4/27/2026,13:14:29,17.36,8.4,18.61
stress-ng --cpu 1 --cpu-load 68 --quiet --timeout 60s,17,4/27/2026,13:14:30,17.7,8.4,18.63
stress-ng --cpu 1 --cpu-load 68 --quiet --timeout 60s,17,4/27/2026,13:14:31,15.55,8.4,18.63
stress-ng --cpu 1 --cpu-load 68 --quiet --timeout 60s,17,4/27/2026,16:27:35,6.68,8.39,9.41
stress-ng --cpu 1 --cpu-load 68 --quiet --timeout 60s,17,4/27/2026,16:27:36,17.36,8.39,9.75
stress-ng --cpu 1 --cpu-load 68 --quiet --timeout 60s,17,4/27/2026,16:27:37,17.66,8.39,18.1
stress-ng --cpu 1 --cpu-load 68 --quiet --timeout 60s,17,4/27/2026,16:27:38,18.11,8.39,18.1
stress-ng --cpu 1 --cpu-load 68 --quiet --timeout 60s,17,4/27/2026,16:27:39,17.45,8.39,19.13
stress-ng --cpu 1 --cpu-load 68 --quiet --timeout 60s,17,4/27/2026,16:27:40,17.61,8.39,19.13
stress-ng --cpu 1 --cpu-load 68 --quiet --timeout 60s,17,4/27/2026,16:27:41,17.66,8.39,18.89
stress-ng --cpu 1 --cpu-load 68 --quiet --timeout 60s,17,4/27/2026,16:27:42,17.82,8.39,18.82
stress-ng --cpu 1 --cpu-load 68 --quiet --timeout 60s,17,4/27/2026,16:27:43,17.7,8.39,18.82
stress-ng --cpu 1 --cpu-load 68 --quiet --timeout 60s,17,4/27/2026,16:27:44,17.66,8.39,18.7
stress-ng --cpu 1 --cpu-load 68 --quiet --timeout 60s,17,4/27/2026,16:27:45,17.45,8.39,18.55
stress-ng --cpu 1 --cpu-load 68 --quiet --timeout 60s,17,4/27/2026,16:27:46,17.36,8.39,18.55
stress-ng --cpu 1 --cpu-load 68 --quiet --timeout 60s,17,4/27/2026,16:27:47,17.66,8.39,18.52
stress-ng --cpu 1 --cpu-load 68 --quiet --timeout 60s,17,4/27/2026,16:27:48,17.61,8.39,19.04
stress-ng --cpu 1 --cpu-load 68 --quiet --timeout 60s,17,4/27/2026,16:27:49,17.91,8.39,19.04
stress-ng --cpu 1 --cpu-load 68 --quiet --timeout 60s,17,4/27/2026,16:27:50,17.66,8.39,18.45
stress-ng --cpu 1 --cpu-load 68 --quiet --timeout 60s,17,4/27/2026,16:27:51,17.57,8.39,18.94
stress-ng --cpu 1 --cpu-load 68 --quiet --timeout 60s,17,4/27/2026,16:27:52,17.7,8.39,18.94
stress-ng --cpu 1 --cpu-load 68 --quiet --timeout 60s,17,4/27/2026,16:27:53,17.61,8.39,18.88
stress-ng --cpu 1 --cpu-load 68 --quiet --timeout 60s,17,4/27/2026,16:27:54,17.45,8.39,18.83
stress-ng --cpu 1 --cpu-load 68 --quiet --timeout 60s,17,4/27/2026,16:27:55,17.77,8.39,18.83
stress-ng --cpu 1 --cpu-load 68 --quiet --timeout 60s,17,4/27/2026,16:27:56,17.91,8.39,18.48
stress-ng --cpu 1 --cpu-load 68 --quiet --timeout 60s,17,4/27/2026,16:27:57,17.36,8.39,18.67
stress-ng --cpu 1 --cpu-load 68 --quiet --timeout 60s,17,4/27/2026,16:27:58,17.66,8.39,18.67
stress-ng --cpu 1 --cpu-load 68 --quiet --timeout 60s,17,4/27/2026,16:27:59,17.66,8.39,18.53
stress-ng --cpu 1 --cpu-load 68 --quiet --timeout 60s,17,4/27/2026,16:28:00,17.61,8.39,18.54
stress-ng --cpu 1 --cpu-load 68 --quiet --timeout 60s,17,4/27/2026,16:28:01,17.66,8.39,18.54
stress-ng --cpu 1 --cpu-load 68 --quiet --timeout 60s,17,4/27/2026,16:28:02,17.61,8.39,18.56
stress-ng --cpu 1 --cpu-load 68 --quiet --timeout 60s,17,4/27/2026,16:28:03,17.5,8.39,18.86
stress-ng --cpu 1 --cpu-load 68 --quiet --timeout 60s,17,4/27/2026,16:28:04,17.61,8.39,18.86
stress-ng --cpu 1 --cpu-load 68 --quiet --timeout 60s,17,4/27/2026,16:28:05,17.76,8.39,18.82
stress-ng --cpu 1 --cpu-load 68 --quiet --timeout 60s,17,4/27/2026,16:28:06,17.91,8.39,18.63
stress-ng --cpu 1 --cpu-load 68 --quiet --timeout 60s,17,4/27/2026,16:28:07,17.57,8.39,19.53
stress-ng --cpu 1 --cpu-load 68 --quiet --timeout 60s,17,4/27/2026,16:28:08,17.95,8.39,19.53
stress-ng --cpu 1 --cpu-load 68 --quiet --timeout 60s,17,4/27/2026,16:28:09,17.16,8.39,19.51
stress-ng --cpu 1 --cpu-load 68 --quiet --timeout 60s,17,4/27/2026,16:28:10,20.14,8.39,19.51
stress-ng --cpu 1 --cpu-load 68 --quiet --timeout 60s,17,4/27/2026,16:28:11,20.09,8.39,19.14
stress-ng --cpu 1 --cpu-load 68 --quiet --timeout 60s,17,4/27/2026,16:28:12,17.41,8.39,19.63
stress-ng --cpu 1 --cpu-load 68 --quiet --timeout 60s,17,4/27/2026,16:28:13,17.91,8.39,19.63
stress-ng --cpu 1 --cpu-load 68 --quiet --timeout 60s,17,4/27/2026,16:28:14,17.36,8.39,18.82
stress-ng --cpu 1 --cpu-load 68 --quiet --timeout 60s,17,4/27/2026,16:28:15,17.91,8.39,18.58
stress-ng --cpu 1 --cpu-load 68 --quiet --timeout 60s,17,4/27/2026,16:28:16,17.41,8.39,18.58
stress-ng --cpu 1 --cpu-load 68 --quiet --timeout 60s,17,4/27/2026,16:28:17,17.66,8.39,18.48
stress-ng --cpu 1 --cpu-load 68 --quiet --timeout 60s,17,4/27/2026,16:28:18,17.61,8.39,19.22
stress-ng --cpu 1 --cpu-load 68 --quiet --timeout 60s,17,4/27/2026,16:28:19,17.95,8.39,19.22
stress-ng --cpu 1 --cpu-load 68 --quiet --timeout 60s,17,4/27/2026,16:28:20,17.66,8.39,18.68
stress-ng --cpu 1 --cpu-load 68 --quiet --timeout 60s,17,4/27/2026,16:28:21,17.86,8.39,19.31
stress-ng --cpu 1 --cpu-load 68 --quiet --timeout 60s,17,4/27/2026,16:28:22,17.82,8.39,19.31
stress-ng --cpu 1 --cpu-load 68 --quiet --timeout 60s,17,4/27/2026,16:28:23,17.25,8.39,18.83
stress-ng --cpu 1 --cpu-load 68 --quiet --timeout 60s,17,4/27/2026,16:28:24,17.82,8.39,18.81
stress-ng --cpu 1 --cpu-load 68 --quiet --timeout 60s,17,4/27/2026,16:28:25,17.45,8.39,18.81
stress-ng --cpu 1 --cpu-load 68 --quiet --timeout 60s,17,4/27/2026,16:28:26,17.61,8.39,18.85
stress-ng --cpu 1 --cpu-load 68 --quiet --timeout 60s,17,4/27/2026,16:28:27,17.41,8.39,18.65
stress-ng --cpu 1 --cpu-load 68 --quiet --timeout 60s,17,4/27/2026,16:28:28,17.86,8.39,18.65
stress-ng --cpu 1 --cpu-load 68 --quiet --timeout 60s,17,4/27/2026,16:28:29,17.66,8.39,18.97
stress-ng --cpu 1 --cpu-load 68 --quiet --timeout 60s,17,4/27/2026,16:28:30,17.95,8.39,19.02
stress-ng --cpu 1 --cpu-load 68 --quiet --timeout 60s,17,4/27/2026,16:28:31,17.57,8.39,19.02
stress-ng --cpu 1 --cpu-load 68 --quiet --timeout 60s,17,4/27/2026,16:28:32,17.41,8.39,18.65
stress-ng --cpu 1 --cpu-load 68 --quiet --timeout 60s,17,4/27/2026,16:28:33,17.86,8.39,18.65
stress-ng --cpu 1 --cpu-load 68 --quiet --timeout 60s,17,4/27/2026,16:28:34,17.61,8.39,18.65
stress-ng --cpu 1 --cpu-load 68 --quiet --timeout 60s,17,4/27/2026,16:28:35,17.61,8.39,18.65
stress-ng --cpu 1 --cpu-load 68 --quiet --timeout 60s,17,4/27/2026,17:21:36,1.47,8.4,9.6
stress-ng --cpu 1 --cpu-load 68 --quiet --timeout 60s,17,4/27/2026,17:21:37,15.06,8.41,9.6
stress-ng --cpu 1 --cpu-load 68 --quiet --timeout 60s,17,4/27/2026,17:21:38,17.61,8.41,18.82
stress-ng --cpu 1 --cpu-load 68 --quiet --timeout 60s,17,4/27/2026,17:21:39,17.66,8.41,18.82
stress-ng --cpu 1 --cpu-load 68 --quiet --timeout 60s,17,4/27/2026,17:21:40,17.66,8.42,18.82
stress-ng --cpu 1 --cpu-load 68 --quiet --timeout 60s,17,4/27/2026,17:21:41,17.45,8.42,18.66
stress-ng --cpu 1 --cpu-load 68 --quiet --timeout 60s,17,4/27/2026,17:21:42,17.66,8.42,18.47
stress-ng --cpu 1 --cpu-load 68 --quiet --timeout 60s,17,4/27/2026,17:21:43,17.61,8.42,18.47
stress-ng --cpu 1 --cpu-load 68 --quiet --timeout 60s,17,4/27/2026,17:21:44,17.41,8.42,18.67
stress-ng --cpu 1 --cpu-load 68 --quiet --timeout 60s,17,4/27/2026,17:21:45,17.86,8.42,18.67
stress-ng --cpu 1 --cpu-load 68 --quiet --timeout 60s,17,4/27/2026,17:21:46,17.86,8.42,18.67
stress-ng --cpu 1 --cpu-load 68 --quiet --timeout 60s,17,4/27/2026,17:21:47,17.66,8.42,18.77
stress-ng --cpu 1 --cpu-load 68 --quiet --timeout 60s,17,4/27/2026,17:21:48,17.41,8.42,19.04
stress-ng --cpu 1 --cpu-load 68 --quiet --timeout 60s,17,4/27/2026,17:21:49,17.41,8.42,19.04
stress-ng --cpu 1 --cpu-load 68 --quiet --timeout 60s,17,4/27/2026,17:21:50,17.82,8.42,18.84
stress-ng --cpu 1 --cpu-load 68 --quiet --timeout 60s,17,4/27/2026,17:21:51,17.45,8.42,18.42
stress-ng --cpu 1 --cpu-load 68 --quiet --timeout 60s,17,4/27/2026,17:21:52,17.41,8.42,18.42
stress-ng --cpu 1 --cpu-load 68 --quiet --timeout 60s,17,4/27/2026,17:21:53,17.7,8.42,18.67
stress-ng --cpu 1 --cpu-load 68 --quiet --timeout 60s,17,4/27/2026,17:21:54,17.16,8.42,19.19
stress-ng --cpu 1 --cpu-load 68 --quiet --timeout 60s,17,4/27/2026,17:21:55,18.02,8.42,19.19
stress-ng --cpu 1 --cpu-load 68 --quiet --timeout 60s,17,4/27/2026,17:21:56,17.66,8.42,18.48
stress-ng --cpu 1 --cpu-load 68 --quiet --timeout 60s,17,4/27/2026,17:21:57,17.66,8.42,18.41
stress-ng --cpu 1 --cpu-load 68 --quiet --timeout 60s,17,4/27/2026,17:21:58,17.36,8.41,18.41
stress-ng --cpu 1 --cpu-load 68 --quiet --timeout 60s,17,4/27/2026,17:21:59,17.91,8.41,18.87
stress-ng --cpu 1 --cpu-load 68 --quiet --timeout 60s,17,4/27/2026,17:22:00,17.41,8.41,18.72
stress-ng --cpu 1 --cpu-load 68 --quiet --timeout 60s,17,4/27/2026,17:22:01,17.61,8.41,18.72
stress-ng --cpu 1 --cpu-load 68 --quiet --timeout 60s,17,4/27/2026,17:22:02,17.86,8.41,18.61
stress-ng --cpu 1 --cpu-load 68 --quiet --timeout 60s,17,4/27/2026,17:22:03,17.5,8.41,18.61
stress-ng --cpu 1 --cpu-load 68 --quiet --timeout 60s,17,4/27/2026,17:22:04,17.86,8.41,18.61
stress-ng --cpu 1 --cpu-load 68 --quiet --timeout 60s,17,4/27/2026,17:22:05,17.61,8.41,19
stress-ng --cpu 1 --cpu-load 68 --quiet --timeout 60s,17,4/27/2026,17:22:06,17.86,8.41,18.79
stress-ng --cpu 1 --cpu-load 68 --quiet --timeout 60s,17,4/27/2026,17:22:07,17.7,8.41,18.79
stress-ng --cpu 1 --cpu-load 68 --quiet --timeout 60s,17,4/27/2026,17:22:08,17.41,8.41,18.74
stress-ng --cpu 1 --cpu-load 68 --quiet --timeout 60s,17,4/27/2026,17:22:09,17.41,8.41,19.15
stress-ng --cpu 1 --cpu-load 68 --quiet --timeout 60s,17,4/27/2026,17:22:10,17.91,8.41,19.15
stress-ng --cpu 1 --cpu-load 68 --quiet --timeout 60s,17,4/27/2026,17:22:11,17.36,8.41,18.6
stress-ng --cpu 1 --cpu-load 68 --quiet --timeout 60s,17,4/27/2026,17:22:12,17.45,8.41,18.57
stress-ng --cpu 1 --cpu-load 68 --quiet --timeout 60s,17,4/27/2026,17:22:13,17.91,8.41,18.57
stress-ng --cpu 1 --cpu-load 68 --quiet --timeout 60s,17,4/27/2026,17:22:14,17.36,8.41,18.94
stress-ng --cpu 1 --cpu-load 68 --quiet --timeout 60s,17,4/27/2026,17:22:15,17.82,8.41,18.57
stress-ng --cpu 1 --cpu-load 68 --quiet --timeout 60s,17,4/27/2026,17:22:16,17.66,8.41,18.57
stress-ng --cpu 1 --cpu-load 68 --quiet --timeout 60s,17,4/27/2026,17:22:17,17.61,8.41,19.08
stress-ng --cpu 1 --cpu-load 68 --quiet --timeout 60s,17,4/27/2026,17:22:18,17.66,8.42,18.47
stress-ng --cpu 1 --cpu-load 68 --quiet --timeout 60s,17,4/27/2026,17:22:19,17.61,8.42,18.47
stress-ng --cpu 1 --cpu-load 68 --quiet --timeout 60s,17,4/27/2026,17:22:20,17.66,8.42,18.96
stress-ng --cpu 1 --cpu-load 68 --quiet --timeout 60s,17,4/27/2026,17:22:21,17.41,8.42,19
stress-ng --cpu 1 --cpu-load 68 --quiet --timeout 60s,17,4/27/2026,17:22:22,17.82,8.42,19
stress-ng --cpu 1 --cpu-load 68 --quiet --timeout 60s,17,4/27/2026,17:22:23,17.885,8.42,18.75
stress-ng --cpu 1 --cpu-load 68 --quiet --timeout 60s,17,4/27/2026,17:22:24,17.95,8.42,18.84
stress-ng --cpu 1 --cpu-load 68 --quiet --timeout 60s,17,4/27/2026,17:22:25,17.41,8.42,18.84
stress-ng --cpu 1 --cpu-load 68 --quiet --timeout 60s,17,4/27/2026,17:22:26,17.61,8.42,18.96
stress-ng --cpu 1 --cpu-load 68 --quiet --timeout 60s,17,4/27/2026,17:22:27,17.7,8.42,18.51
stress-ng --cpu 1 --cpu-load 68 --quiet --timeout 60s,17,4/27/2026,17:22:28,17.61,8.42,18.51
stress-ng --cpu 1 --cpu-load 68 --quiet --timeout 60s,17,4/27/2026,17:22:29,17.41,8.42,18.86
stress-ng --cpu 1 --cpu-load 68 --quiet --timeout 60s,17,4/27/2026,17:22:30,17.66,8.42,18.79
stress-ng --cpu 1 --cpu-load 68 --quiet --timeout 60s,17,4/27/2026,17:22:31,17.86,8.42,18.79
stress-ng --cpu 1 --cpu-load 68 --quiet --timeout 60s,17,4/27/2026,17:22:32,17.41,8.42,18.86
stress-ng --cpu 1 --cpu-load 68 --quiet --timeout 60s,17,4/27/2026,17:22:33,17.61,8.42,18.57
stress-ng --cpu 1 --cpu-load 68 --quiet --timeout 60s,17,4/27/2026,17:22:34,17.45,8.42,18.57
stress-ng --cpu 1 --cpu-load 68 --quiet --timeout 60s,17,4/27/2026,17:22:35,17.66,8.42,18.87
stress-ng --cpu 1 --cpu-load 68 --quiet --timeout 60s,17,4/27/2026,17:22:36,17.82,8.42,18.95
stress-ng --cpu 1 --cpu-load 72 --quiet --timeout 60s,18,4/27/2026,11:57:29,10.42,8.44,9.05
stress-ng --cpu 1 --cpu-load 72 --quiet --timeout 60s,18,4/27/2026,11:57:30,10.42,8.44,12.53
stress-ng --cpu 1 --cpu-load 72 --quiet --timeout 60s,18,4/27/2026,11:57:31,18.9,8.44,12.53
stress-ng --cpu 1 --cpu-load 72 --quiet --timeout 60s,18,4/27/2026,11:57:32,18.7,8.44,18.66
stress-ng --cpu 1 --cpu-load 72 --quiet --timeout 60s,18,4/27/2026,11:57:33,18.81,8.44,18.97
stress-ng --cpu 1 --cpu-load 72 --quiet --timeout 60s,18,4/27/2026,11:57:34,18.61,8.44,18.97
stress-ng --cpu 1 --cpu-load 72 --quiet --timeout 60s,18,4/27/2026,11:57:35,18.65,8.44,18.81
stress-ng --cpu 1 --cpu-load 72 --quiet --timeout 60s,18,4/27/2026,11:57:36,18.65,8.44,19.3
stress-ng --cpu 1 --cpu-load 72 --quiet --timeout 60s,18,4/27/2026,11:57:37,18.65,8.44,19.3
stress-ng --cpu 1 --cpu-load 72 --quiet --timeout 60s,18,4/27/2026,11:57:38,18.85,8.44,19.07
stress-ng --cpu 1 --cpu-load 72 --quiet --timeout 60s,18,4/27/2026,11:57:39,18.4,8.44,18.84
stress-ng --cpu 1 --cpu-load 72 --quiet --timeout 60s,18,4/27/2026,11:57:40,18.85,8.44,19.27
stress-ng --cpu 1 --cpu-load 72 --quiet --timeout 60s,18,4/27/2026,11:57:41,18.4,8.44,19.27
stress-ng --cpu 1 --cpu-load 72 --quiet --timeout 60s,18,4/27/2026,11:57:42,18.45,8.44,19.01
stress-ng --cpu 1 --cpu-load 72 --quiet --timeout 60s,18,4/27/2026,11:57:43,18.61,8.44,18.66
stress-ng --cpu 1 --cpu-load 72 --quiet --timeout 60s,18,4/27/2026,11:57:44,18.65,8.44,18.66
stress-ng --cpu 1 --cpu-load 72 --quiet --timeout 60s,18,4/27/2026,11:57:45,18.61,8.44,18.78
stress-ng --cpu 1 --cpu-load 72 --quiet --timeout 60s,18,4/27/2026,11:57:46,18.45,8.44,19.2
stress-ng --cpu 1 --cpu-load 72 --quiet --timeout 60s,18,4/27/2026,11:57:47,18.56,8.44,19.2
stress-ng --cpu 1 --cpu-load 72 --quiet --timeout 60s,18,4/27/2026,11:57:48,18.9,8.44,19.4
stress-ng --cpu 1 --cpu-load 72 --quiet --timeout 60s,18,4/27/2026,11:57:49,18.4,8.44,18.98
stress-ng --cpu 1 --cpu-load 72 --quiet --timeout 60s,18,4/27/2026,11:57:50,18.65,8.44,18.98
stress-ng --cpu 1 --cpu-load 72 --quiet --timeout 60s,18,4/27/2026,11:57:51,18.61,8.44,19.02
stress-ng --cpu 1 --cpu-load 72 --quiet --timeout 60s,18,4/27/2026,11:57:52,18.65,8.44,19.16
stress-ng --cpu 1 --cpu-load 72 --quiet --timeout 60s,18,4/27/2026,11:57:53,18.45,8.44,19.16
stress-ng --cpu 1 --cpu-load 72 --quiet --timeout 60s,18,4/27/2026,11:57:54,18.65,8.44,18.89
stress-ng --cpu 1 --cpu-load 72 --quiet --timeout 60s,18,4/27/2026,11:57:55,18.61,8.44,19.27
stress-ng --cpu 1 --cpu-load 72 --quiet --timeout 60s,18,4/27/2026,11:57:56,18.65,8.44,19.27
stress-ng --cpu 1 --cpu-load 72 --quiet --timeout 60s,18,4/27/2026,11:57:57,18.61,8.44,19.09
stress-ng --cpu 1 --cpu-load 72 --quiet --timeout 60s,18,4/27/2026,11:57:58,18.65,8.44,19.04
stress-ng --cpu 1 --cpu-load 72 --quiet --timeout 60s,18,4/27/2026,11:57:59,18.4,8.44,19.04
stress-ng --cpu 1 --cpu-load 72 --quiet --timeout 60s,18,4/27/2026,11:58:00,18.85,8.44,18.77
stress-ng --cpu 1 --cpu-load 72 --quiet --timeout 60s,18,4/27/2026,11:58:01,18.65,8.44,19.31
stress-ng --cpu 1 --cpu-load 72 --quiet --timeout 60s,18,4/27/2026,11:58:02,18.61,8.44,19.31
stress-ng --cpu 1 --cpu-load 72 --quiet --timeout 60s,18,4/27/2026,11:58:03,18.7,8.44,19.08
stress-ng --cpu 1 --cpu-load 72 --quiet --timeout 60s,18,4/27/2026,11:58:04,18.81,8.44,19.02
stress-ng --cpu 1 --cpu-load 72 --quiet --timeout 60s,18,4/27/2026,11:58:05,18.65,8.44,19.02
stress-ng --cpu 1 --cpu-load 72 --quiet --timeout 60s,18,4/27/2026,11:58:06,18.56,8.44,19
stress-ng --cpu 1 --cpu-load 72 --quiet --timeout 60s,18,4/27/2026,11:58:07,18.7,8.44,19.75
stress-ng --cpu 1 --cpu-load 72 --quiet --timeout 60s,18,4/27/2026,11:58:08,18.61,8.44,19.75
stress-ng --cpu 1 --cpu-load 72 --quiet --timeout 60s,18,4/27/2026,11:58:09,18.85,8.44,18.97
stress-ng --cpu 1 --cpu-load 72 --quiet --timeout 60s,18,4/27/2026,11:58:10,23.19,8.44,18.95
stress-ng --cpu 1 --cpu-load 72 --quiet --timeout 60s,18,4/27/2026,11:58:11,18.61,8.44,20.37
stress-ng --cpu 1 --cpu-load 72 --quiet --timeout 60s,18,4/27/2026,11:58:12,18.85,8.44,20.37
stress-ng --cpu 1 --cpu-load 72 --quiet --timeout 60s,18,4/27/2026,11:58:13,18.45,8.44,19.09
stress-ng --cpu 1 --cpu-load 72 --quiet --timeout 60s,18,4/27/2026,11:58:14,18.61,8.44,19.09
stress-ng --cpu 1 --cpu-load 72 --quiet --timeout 60s,18,4/27/2026,11:58:15,18.65,8.44,18.75
stress-ng --cpu 1 --cpu-load 72 --quiet --timeout 60s,18,4/27/2026,11:58:16,18.9,8.44,19.08
stress-ng --cpu 1 --cpu-load 72 --quiet --timeout 60s,18,4/27/2026,11:58:17,18.81,8.44,19.08
stress-ng --cpu 1 --cpu-load 72 --quiet --timeout 60s,18,4/27/2026,11:58:18,18.65,8.44,19.11
stress-ng --cpu 1 --cpu-load 72 --quiet --timeout 60s,18,4/27/2026,11:58:19,18.95,8.43,19.1
stress-ng --cpu 1 --cpu-load 72 --quiet --timeout 60s,18,4/27/2026,11:58:20,18.4,8.43,19.1
stress-ng --cpu 1 --cpu-load 72 --quiet --timeout 60s,18,4/27/2026,11:58:21,18.9,8.43,19.46
stress-ng --cpu 1 --cpu-load 72 --quiet --timeout 60s,18,4/27/2026,11:58:22,18.4,8.43,19.47
stress-ng --cpu 1 --cpu-load 72 --quiet --timeout 60s,18,4/27/2026,11:58:23,18.56,8.43,19.47
stress-ng --cpu 1 --cpu-load 72 --quiet --timeout 60s,18,4/27/2026,11:58:24,18.7,8.43,19.06
stress-ng --cpu 1 --cpu-load 72 --quiet --timeout 60s,18,4/27/2026,11:58:25,18.81,8.43,19.09
stress-ng --cpu 1 --cpu-load 72 --quiet --timeout 60s,18,4/27/2026,11:58:26,18.4,8.43,19.09
stress-ng --cpu 1 --cpu-load 72 --quiet --timeout 60s,18,4/27/2026,11:58:27,18.7,8.43,19.36
stress-ng --cpu 1 --cpu-load 72 --quiet --timeout 60s,18,4/27/2026,11:58:28,18.56,8.43,18.95
stress-ng --cpu 1 --cpu-load 72 --quiet --timeout 60s,18,4/27/2026,11:58:29,19.2,8.43,18.95
stress-ng --cpu 1 --cpu-load 72 --quiet --timeout 60s,18,4/27/2026,14:57:33,7.38,8.39,9.6
stress-ng --cpu 1 --cpu-load 72 --quiet --timeout 60s,18,4/27/2026,14:57:34,18.85,8.39,9.6
stress-ng --cpu 1 --cpu-load 72 --quiet --timeout 60s,18,4/27/2026,14:57:35,18.85,8.39,19.23
stress-ng --cpu 1 --cpu-load 72 --quiet --timeout 60s,18,4/27/2026,14:57:36,18.65,8.39,19.23
stress-ng --cpu 1 --cpu-load 72 --quiet --timeout 60s,18,4/27/2026,14:57:37,18.65,8.39,19.23
stress-ng --cpu 1 --cpu-load 72 --quiet --timeout 60s,18,4/27/2026,14:57:38,18.76,8.39,19.06
stress-ng --cpu 1 --cpu-load 72 --quiet --timeout 60s,18,4/27/2026,14:57:39,18.7,8.39,18.98
stress-ng --cpu 1 --cpu-load 72 --quiet --timeout 60s,18,4/27/2026,14:57:40,18.4,8.39,18.98
stress-ng --cpu 1 --cpu-load 72 --quiet --timeout 60s,18,4/27/2026,14:57:41,18.65,8.39,18.91
stress-ng --cpu 1 --cpu-load 72 --quiet --timeout 60s,18,4/27/2026,14:57:42,18.76,8.39,19.99
stress-ng --cpu 1 --cpu-load 72 --quiet --timeout 60s,18,4/27/2026,14:57:43,18.4,8.39,19.99
stress-ng --cpu 1 --cpu-load 72 --quiet --timeout 60s,18,4/27/2026,14:57:44,18.45,8.4,18.91
stress-ng --cpu 1 --cpu-load 72 --quiet --timeout 60s,18,4/27/2026,14:57:45,18.9,8.4,19.37
stress-ng --cpu 1 --cpu-load 72 --quiet --timeout 60s,18,4/27/2026,14:57:46,18.56,8.4,19.37
stress-ng --cpu 1 --cpu-load 72 --quiet --timeout 60s,18,4/27/2026,14:57:47,18.9,8.4,19.12
stress-ng --cpu 1 --cpu-load 72 --quiet --timeout 60s,18,4/27/2026,14:57:48,18.65,8.39,19.39
stress-ng --cpu 1 --cpu-load 72 --quiet --timeout 60s,18,4/27/2026,14:57:49,18.61,8.39,19.39
stress-ng --cpu 1 --cpu-load 72 --quiet --timeout 60s,18,4/27/2026,14:57:50,18.65,8.4,19.08
stress-ng --cpu 1 --cpu-load 72 --quiet --timeout 60s,18,4/27/2026,14:57:51,18.61,8.4,19.35
stress-ng --cpu 1 --cpu-load 72 --quiet --timeout 60s,18,4/27/2026,14:57:52,18.45,8.4,19.35
stress-ng --cpu 1 --cpu-load 72 --quiet --timeout 60s,18,4/27/2026,14:57:53,18.61,8.4,19
stress-ng --cpu 1 --cpu-load 72 --quiet --timeout 60s,18,4/27/2026,14:57:54,18.61,8.4,19.14
stress-ng --cpu 1 --cpu-load 72 --quiet --timeout 60s,18,4/27/2026,14:57:55,18.9,8.4,19.14
stress-ng --cpu 1 --cpu-load 72 --quiet --timeout 60s,18,4/27/2026,14:57:56,18.4,8.4,19.19
stress-ng --cpu 1 --cpu-load 72 --quiet --timeout 60s,18,4/27/2026,14:57:57,18.61,8.4,19.46
stress-ng --cpu 1 --cpu-load 72 --quiet --timeout 60s,18,4/27/2026,14:57:58,18.61,8.4,19.46
stress-ng --cpu 1 --cpu-load 72 --quiet --timeout 60s,18,4/27/2026,14:57:59,18.65,8.4,18.84
stress-ng --cpu 1 --cpu-load 72 --quiet --timeout 60s,18,4/27/2026,14:58:00,18.65,8.4,18.99
stress-ng --cpu 1 --cpu-load 72 --quiet --timeout 60s,18,4/27/2026,14:58:01,18.61,8.39,18.99
stress-ng --cpu 1 --cpu-load 72 --quiet --timeout 60s,18,4/27/2026,14:58:02,18.65,8.4,19.24
stress-ng --cpu 1 --cpu-load 72 --quiet --timeout 60s,18,4/27/2026,14:58:03,20.94,8.4,19.39
stress-ng --cpu 1 --cpu-load 72 --quiet --timeout 60s,18,4/27/2026,14:58:04,19.995,8.4,19.39
stress-ng --cpu 1 --cpu-load 72 --quiet --timeout 60s,18,4/27/2026,14:58:05,19.05,8.4,19.68
stress-ng --cpu 1 --cpu-load 72 --quiet --timeout 60s,18,4/27/2026,14:58:06,18.45,8.4,19.62
stress-ng --cpu 1 --cpu-load 72 --quiet --timeout 60s,18,4/27/2026,14:58:07,18.65,8.4,19.62
stress-ng --cpu 1 --cpu-load 72 --quiet --timeout 60s,18,4/27/2026,14:58:08,18.36,8.4,18.97
stress-ng --cpu 1 --cpu-load 72 --quiet --timeout 60s,18,4/27/2026,14:58:09,19.1,8.39,19.07
stress-ng --cpu 1 --cpu-load 72 --quiet --timeout 60s,18,4/27/2026,14:58:10,18.65,8.39,19.07
stress-ng --cpu 1 --cpu-load 72 --quiet --timeout 60s,18,4/27/2026,14:58:11,18.85,8.39,19.27
stress-ng --cpu 1 --cpu-load 72 --quiet --timeout 60s,18,4/27/2026,14:58:12,18.65,8.39,19.36
stress-ng --cpu 1 --cpu-load 72 --quiet --timeout 60s,18,4/27/2026,14:58:13,18.61,8.39,19.36
stress-ng --cpu 1 --cpu-load 72 --quiet --timeout 60s,18,4/27/2026,14:58:14,18.45,8.39,19.03
stress-ng --cpu 1 --cpu-load 72 --quiet --timeout 60s,18,4/27/2026,14:58:15,18.65,8.39,19.2
stress-ng --cpu 1 --cpu-load 72 --quiet --timeout 60s,18,4/27/2026,14:58:16,18.56,8.4,19.2
stress-ng --cpu 1 --cpu-load 72 --quiet --timeout 60s,18,4/27/2026,14:58:17,20.89,8.4,19.48
stress-ng --cpu 1 --cpu-load 72 --quiet --timeout 60s,18,4/27/2026,14:58:18,18.4,8.4,19.93
stress-ng --cpu 1 --cpu-load 72 --quiet --timeout 60s,18,4/27/2026,14:58:19,19.15,8.4,19.93
stress-ng --cpu 1 --cpu-load 72 --quiet --timeout 60s,18,4/27/2026,14:58:20,18.7,8.4,18.92
stress-ng --cpu 1 --cpu-load 72 --quiet --timeout 60s,18,4/27/2026,14:58:21,18.36,8.4,19.46
stress-ng --cpu 1 --cpu-load 72 --quiet --timeout 60s,18,4/27/2026,14:58:22,18.45,8.4,19.46
stress-ng --cpu 1 --cpu-load 72 --quiet --timeout 60s,18,4/27/2026,14:58:23,18.65,8.4,19.04
stress-ng --cpu 1 --cpu-load 72 --quiet --timeout 60s,18,4/27/2026,14:58:24,18.9,8.4,19.33
stress-ng --cpu 1 --cpu-load 72 --quiet --timeout 60s,18,4/27/2026,14:58:25,18.61,8.4,19.33
stress-ng --cpu 1 --cpu-load 72 --quiet --timeout 60s,18,4/27/2026,14:58:26,18.61,8.4,19.24
stress-ng --cpu 1 --cpu-load 72 --quiet --timeout 60s,18,4/27/2026,14:58:27,18.61,8.4,19.61
stress-ng --cpu 1 --cpu-load 72 --quiet --timeout 60s,18,4/27/2026,14:58:28,18.5,8.4,19.61
stress-ng --cpu 1 --cpu-load 72 --quiet --timeout 60s,18,4/27/2026,14:58:29,18.85,8.4,19.01
stress-ng --cpu 1 --cpu-load 72 --quiet --timeout 60s,18,4/27/2026,14:58:30,18.65,8.4,19.3
stress-ng --cpu 1 --cpu-load 72 --quiet --timeout 60s,18,4/27/2026,14:58:31,18.61,8.4,19.3
stress-ng --cpu 1 --cpu-load 72 --quiet --timeout 60s,18,4/27/2026,14:58:32,18.65,8.4,19.29
stress-ng --cpu 1 --cpu-load 72 --quiet --timeout 60s,18,4/27/2026,14:58:33,18.4,8.4,19.24
stress-ng --cpu 1 --cpu-load 72 --quiet --timeout 60s,18,4/27/2026,16:29:35,1.22,8.39,9.52
stress-ng --cpu 1 --cpu-load 72 --quiet --timeout 60s,18,4/27/2026,16:29:36,17.77,8.42,9.52
stress-ng --cpu 1 --cpu-load 72 --quiet --timeout 60s,18,4/27/2026,16:29:37,19.1,8.42,17.79
stress-ng --cpu 1 --cpu-load 72 --quiet --timeout 60s,18,4/27/2026,16:29:38,18.61,8.42,18.93
stress-ng --cpu 1 --cpu-load 72 --quiet --timeout 60s,18,4/27/2026,16:29:39,18.4,8.42,18.93
stress-ng --cpu 1 --cpu-load 72 --quiet --timeout 60s,18,4/27/2026,16:29:40,18.9,8.42,19.38
stress-ng --cpu 1 --cpu-load 72 --quiet --timeout 60s,18,4/27/2026,16:29:41,18.85,8.42,19.2
stress-ng --cpu 1 --cpu-load 72 --quiet --timeout 60s,18,4/27/2026,16:29:42,18.45,8.42,19.2
stress-ng --cpu 1 --cpu-load 72 --quiet --timeout 60s,18,4/27/2026,16:29:43,18.9,8.42,19.27
stress-ng --cpu 1 --cpu-load 72 --quiet --timeout 60s,18,4/27/2026,16:29:44,18.81,8.42,19
stress-ng --cpu 1 --cpu-load 72 --quiet --timeout 60s,18,4/27/2026,16:29:45,18.7,8.42,19
stress-ng --cpu 1 --cpu-load 72 --quiet --timeout 60s,18,4/27/2026,16:29:46,18.65,8.42,19.36
stress-ng --cpu 1 --cpu-load 72 --quiet --timeout 60s,18,4/27/2026,16:29:47,18.61,8.42,19.26
stress-ng --cpu 1 --cpu-load 72 --quiet --timeout 60s,18,4/27/2026,16:29:48,18.4,8.42,19.26
stress-ng --cpu 1 --cpu-load 72 --quiet --timeout 60s,18,4/27/2026,16:29:49,18.85,8.42,19.22
stress-ng --cpu 1 --cpu-load 72 --quiet --timeout 60s,18,4/27/2026,16:29:50,18.9,8.42,18.92
stress-ng --cpu 1 --cpu-load 72 --quiet --timeout 60s,18,4/27/2026,16:29:51,18.61,8.42,18.92
stress-ng --cpu 1 --cpu-load 72 --quiet --timeout 60s,18,4/27/2026,16:29:52,18.45,8.42,19.43
stress-ng --cpu 1 --cpu-load 72 --quiet --timeout 60s,18,4/27/2026,16:29:53,18.56,8.42,18.93
stress-ng --cpu 1 --cpu-load 72 --quiet --timeout 60s,18,4/27/2026,16:29:54,18.7,8.42,18.93
stress-ng --cpu 1 --cpu-load 72 --quiet --timeout 60s,18,4/27/2026,16:29:55,18.61,8.42,19.32
stress-ng --cpu 1 --cpu-load 72 --quiet --timeout 60s,18,4/27/2026,16:29:56,18.85,8.42,19.18
stress-ng --cpu 1 --cpu-load 72 --quiet --timeout 60s,18,4/27/2026,16:29:57,18.4,8.42,19.18
stress-ng --cpu 1 --cpu-load 72 --quiet --timeout 60s,18,4/27/2026,16:29:58,18.45,8.42,19.04
stress-ng --cpu 1 --cpu-load 72 --quiet --timeout 60s,18,4/27/2026,16:29:59,18.61,8.42,18.96
stress-ng --cpu 1 --cpu-load 72 --quiet --timeout 60s,18,4/27/2026,16:30:00,18.61,8.42,18.88
stress-ng --cpu 1 --cpu-load 72 --quiet --timeout 60s,18,4/27/2026,16:30:01,18.65,8.42,18.88
stress-ng --cpu 1 --cpu-load 72 --quiet --timeout 60s,18,4/27/2026,16:30:02,19.15,8.42,19.02
stress-ng --cpu 1 --cpu-load 72 --quiet --timeout 60s,18,4/27/2026,16:30:03,18.36,8.42,19.69
stress-ng --cpu 1 --cpu-load 72 --quiet --timeout 60s,18,4/27/2026,16:30:04,18.9,8.42,19.69
stress-ng --cpu 1 --cpu-load 72 --quiet --timeout 60s,18,4/27/2026,16:30:05,18.4,8.42,19.13
stress-ng --cpu 1 --cpu-load 72 --quiet --timeout 60s,18,4/27/2026,16:30:06,18.85,8.42,18.91
stress-ng --cpu 1 --cpu-load 72 --quiet --timeout 60s,18,4/27/2026,16:30:07,18.65,8.42,18.91
stress-ng --cpu 1 --cpu-load 72 --quiet --timeout 60s,18,4/27/2026,16:30:08,18.4,8.42,19.53
stress-ng --cpu 1 --cpu-load 72 --quiet --timeout 60s,18,4/27/2026,16:30:09,18.61,8.42,19.13
stress-ng --cpu 1 --cpu-load 72 --quiet --timeout 60s,18,4/27/2026,16:30:10,19.15,8.42,19.13
stress-ng --cpu 1 --cpu-load 72 --quiet --timeout 60s,18,4/27/2026,16:30:11,18.85,8.42,19.18
stress-ng --cpu 1 --cpu-load 72 --quiet --timeout 60s,18,4/27/2026,16:30:12,18.65,8.42,19.05
stress-ng --cpu 1 --cpu-load 72 --quiet --timeout 60s,18,4/27/2026,16:30:13,18.4,8.42,19.05
stress-ng --cpu 1 --cpu-load 72 --quiet --timeout 60s,18,4/27/2026,16:30:14,18.4,8.42,19.54
stress-ng --cpu 1 --cpu-load 72 --quiet --timeout 60s,18,4/27/2026,16:30:15,18.61,8.42,18.98
stress-ng --cpu 1 --cpu-load 72 --quiet --timeout 60s,18,4/27/2026,16:30:16,18.9,8.42,18.98
stress-ng --cpu 1 --cpu-load 72 --quiet --timeout 60s,18,4/27/2026,16:30:17,18.56,8.42,19.34
stress-ng --cpu 1 --cpu-load 72 --quiet --timeout 60s,18,4/27/2026,16:30:18,18.45,8.42,19.38
stress-ng --cpu 1 --cpu-load 72 --quiet --timeout 60s,18,4/27/2026,16:30:19,18.36,8.42,19.38
stress-ng --cpu 1 --cpu-load 72 --quiet --timeout 60s,18,4/27/2026,16:30:20,18.9,8.42,19
stress-ng --cpu 1 --cpu-load 72 --quiet --timeout 60s,18,4/27/2026,16:30:21,19.1,8.42,19.1
stress-ng --cpu 1 --cpu-load 72 --quiet --timeout 60s,18,4/27/2026,16:30:22,18.45,8.42,19.1
stress-ng --cpu 1 --cpu-load 72 --quiet --timeout 60s,18,4/27/2026,16:30:23,18.61,8.42,19.24
stress-ng --cpu 1 --cpu-load 72 --quiet --timeout 60s,18,4/27/2026,16:30:24,18.9,8.42,19.42
stress-ng --cpu 1 --cpu-load 72 --quiet --timeout 60s,18,4/27/2026,16:30:25,18.81,8.42,19.42
stress-ng --cpu 1 --cpu-load 72 --quiet --timeout 60s,18,4/27/2026,16:30:26,18.4,8.42,19.15
stress-ng --cpu 1 --cpu-load 72 --quiet --timeout 60s,18,4/27/2026,16:30:27,18.4,8.42,19.24
stress-ng --cpu 1 --cpu-load 72 --quiet --timeout 60s,18,4/27/2026,16:30:28,18.61,8.42,19.24
stress-ng --cpu 1 --cpu-load 72 --quiet --timeout 60s,18,4/27/2026,16:30:29,18.65,8.42,19.46
stress-ng --cpu 1 --cpu-load 72 --quiet --timeout 60s,18,4/27/2026,16:30:30,18.65,8.42,19
stress-ng --cpu 1 --cpu-load 72 --quiet --timeout 60s,18,4/27/2026,16:30:31,18.9,8.42,19
stress-ng --cpu 1 --cpu-load 72 --quiet --timeout 60s,18,4/27/2026,16:30:32,18.9,8.42,19.08
stress-ng --cpu 1 --cpu-load 72 --quiet --timeout 60s,18,4/27/2026,16:30:33,18.65,8.42,19.83
stress-ng --cpu 1 --cpu-load 72 --quiet --timeout 60s,18,4/27/2026,16:30:34,18.85,8.42,19.83
stress-ng --cpu 1 --cpu-load 72 --quiet --timeout 60s,18,4/27/2026,16:30:35,15.55,8.4,19.37
stress-ng --cpu 1 --cpu-load 76 --quiet --timeout 60s,19,4/27/2026,12:51:30,1.47,8.37,9.56
stress-ng --cpu 1 --cpu-load 76 --quiet --timeout 60s,19,4/27/2026,12:51:31,11.82,8.37,9.56
stress-ng --cpu 1 --cpu-load 76 --quiet --timeout 60s,19,4/27/2026,12:51:32,19.65,8.37,16.61
stress-ng --cpu 1 --cpu-load 76 --quiet --timeout 60s,19,4/27/2026,12:51:33,19.65,8.37,16.61
stress-ng --cpu 1 --cpu-load 76 --quiet --timeout 60s,19,4/27/2026,12:51:34,19.6,8.37,19.69
stress-ng --cpu 1 --cpu-load 76 --quiet --timeout 60s,19,4/27/2026,12:51:35,19.85,8.37,19.69
stress-ng --cpu 1 --cpu-load 76 --quiet --timeout 60s,19,4/27/2026,12:51:36,19.65,8.37,19.72
stress-ng --cpu 1 --cpu-load 76 --quiet --timeout 60s,19,4/27/2026,12:51:37,19.45,8.37,20.27
stress-ng --cpu 1 --cpu-load 76 --quiet --timeout 60s,19,4/27/2026,12:51:38,20.09,8.37,20.27
stress-ng --cpu 1 --cpu-load 76 --quiet --timeout 60s,19,4/27/2026,12:51:39,19.25,8.37,19.61
stress-ng --cpu 1 --cpu-load 76 --quiet --timeout 60s,19,4/27/2026,12:51:40,19.6,8.37,19.82
stress-ng --cpu 1 --cpu-load 76 --quiet --timeout 60s,19,4/27/2026,12:51:41,20.09,8.37,19.82
stress-ng --cpu 1 --cpu-load 76 --quiet --timeout 60s,19,4/27/2026,12:51:42,19.35,8.37,19.2
stress-ng --cpu 1 --cpu-load 76 --quiet --timeout 60s,19,4/27/2026,12:51:43,19.9,8.37,19.94
stress-ng --cpu 1 --cpu-load 76 --quiet --timeout 60s,19,4/27/2026,12:51:44,19.55,8.37,19.94
stress-ng --cpu 1 --cpu-load 76 --quiet --timeout 60s,19,4/27/2026,12:51:45,19.65,8.37,19.39
stress-ng --cpu 1 --cpu-load 76 --quiet --timeout 60s,19,4/27/2026,12:51:46,19.9,8.37,19.42
stress-ng --cpu 1 --cpu-load 76 --quiet --timeout 60s,19,4/27/2026,12:51:47,19.6,8.37,19.42
stress-ng --cpu 1 --cpu-load 76 --quiet --timeout 60s,19,4/27/2026,12:51:48,19.4,8.37,20.03
stress-ng --cpu 1 --cpu-load 76 --quiet --timeout 60s,19,4/27/2026,12:51:49,19.65,8.38,19.92
stress-ng --cpu 1 --cpu-load 76 --quiet --timeout 60s,19,4/27/2026,12:51:50,19.6,8.38,19.92
stress-ng --cpu 1 --cpu-load 76 --quiet --timeout 60s,19,4/27/2026,12:51:51,19.65,8.38,19.53
stress-ng --cpu 1 --cpu-load 76 --quiet --timeout 60s,19,4/27/2026,12:51:52,19.6,8.38,20
stress-ng --cpu 1 --cpu-load 76 --quiet --timeout 60s,19,4/27/2026,12:51:53,19.6,8.38,20
stress-ng --cpu 1 --cpu-load 76 --quiet --timeout 60s,19,4/27/2026,12:51:54,19.45,8.38,19.52
stress-ng --cpu 1 --cpu-load 76 --quiet --timeout 60s,19,4/27/2026,12:51:55,19.65,8.38,19.9
stress-ng --cpu 1 --cpu-load 76 --quiet --timeout 60s,19,4/27/2026,12:51:56,19.65,8.38,19.9
stress-ng --cpu 1 --cpu-load 76 --quiet --timeout 60s,19,4/27/2026,12:51:57,19.6,8.38,19.79
stress-ng --cpu 1 --cpu-load 76 --quiet --timeout 60s,19,4/27/2026,12:51:58,19.6,8.38,19.99
stress-ng --cpu 1 --cpu-load 76 --quiet --timeout 60s,19,4/27/2026,12:51:59,19.65,8.38,19.99
stress-ng --cpu 1 --cpu-load 76 --quiet --timeout 60s,19,4/27/2026,12:52:00,20.09,8.38,19.69
stress-ng --cpu 1 --cpu-load 76 --quiet --timeout 60s,19,4/27/2026,12:52:01,19.6,8.38,19.71
stress-ng --cpu 1 --cpu-load 76 --quiet --timeout 60s,19,4/27/2026,12:52:02,19.85,8.38,19.71
stress-ng --cpu 1 --cpu-load 76 --quiet --timeout 60s,19,4/27/2026,12:52:03,19.65,8.38,20.2
stress-ng --cpu 1 --cpu-load 76 --quiet --timeout 60s,19,4/27/2026,12:52:04,19.65,8.38,19.84
stress-ng --cpu 1 --cpu-load 76 --quiet --timeout 60s,19,4/27/2026,12:52:05,19.6,8.38,19.84
stress-ng --cpu 1 --cpu-load 76 --quiet --timeout 60s,19,4/27/2026,12:52:06,19.45,8.38,19.84
stress-ng --cpu 1 --cpu-load 76 --quiet --timeout 60s,19,4/27/2026,12:52:07,19.8,8.38,19.95
stress-ng --cpu 1 --cpu-load 76 --quiet --timeout 60s,19,4/27/2026,12:52:08,19.7,8.38,19.95
stress-ng --cpu 1 --cpu-load 76 --quiet --timeout 60s,19,4/27/2026,12:52:09,19.8,8.38,20.06
stress-ng --cpu 1 --cpu-load 76 --quiet --timeout 60s,19,4/27/2026,12:52:10,19.85,8.38,19.77
stress-ng --cpu 1 --cpu-load 76 --quiet --timeout 60s,19,4/27/2026,12:52:11,19.45,8.38,19.77
stress-ng --cpu 1 --cpu-load 76 --quiet --timeout 60s,19,4/27/2026,12:52:12,19.65,8.38,19.86
stress-ng --cpu 1 --cpu-load 76 --quiet --timeout 60s,19,4/27/2026,12:52:13,19.6,8.38,20.05
stress-ng --cpu 1 --cpu-load 76 --quiet --timeout 60s,19,4/27/2026,12:52:14,19.4,8.38,20.05
stress-ng --cpu 1 --cpu-load 76 --quiet --timeout 60s,19,4/27/2026,12:52:15,19.6,8.38,19.65
stress-ng --cpu 1 --cpu-load 76 --quiet --timeout 60s,19,4/27/2026,12:52:16,19.85,8.38,19.7
stress-ng --cpu 1 --cpu-load 76 --quiet --timeout 60s,19,4/27/2026,12:52:17,19.35,8.38,19.7
stress-ng --cpu 1 --cpu-load 76 --quiet --timeout 60s,19,4/27/2026,12:52:18,19.85,8.38,20
stress-ng --cpu 1 --cpu-load 76 --quiet --timeout 60s,19,4/27/2026,12:52:19,19.45,8.38,19.76
stress-ng --cpu 1 --cpu-load 76 --quiet --timeout 60s,19,4/27/2026,12:52:20,19.6,8.38,19.76
stress-ng --cpu 1 --cpu-load 76 --quiet --timeout 60s,19,4/27/2026,12:52:21,19.4,8.38,19.86
stress-ng --cpu 1 --cpu-load 76 --quiet --timeout 60s,19,4/27/2026,12:52:22,19.65,8.38,20.02
stress-ng --cpu 1 --cpu-load 76 --quiet --timeout 60s,19,4/27/2026,12:52:23,19.6,8.38,20.02
stress-ng --cpu 1 --cpu-load 76 --quiet --timeout 60s,19,4/27/2026,12:52:24,19.45,8.38,19.92
stress-ng --cpu 1 --cpu-load 76 --quiet --timeout 60s,19,4/27/2026,12:52:25,19.8,8.38,20.15
stress-ng --cpu 1 --cpu-load 76 --quiet --timeout 60s,19,4/27/2026,12:52:26,19.45,8.38,20.15
stress-ng --cpu 1 --cpu-load 76 --quiet --timeout 60s,19,4/27/2026,12:52:27,19.85,8.38,19.94
stress-ng --cpu 1 --cpu-load 76 --quiet --timeout 60s,19,4/27/2026,12:52:28,19.6,8.38,20.13
stress-ng --cpu 1 --cpu-load 76 --quiet --timeout 60s,19,4/27/2026,12:52:29,19.65,8.38,20.13
stress-ng --cpu 1 --cpu-load 76 --quiet --timeout 60s,19,4/27/2026,12:52:30,19.35,8.38,19.77
stress-ng --cpu 1 --cpu-load 76 --quiet --timeout 60s,19,4/27/2026,14:55:33,1.46,8.39,9.89
stress-ng --cpu 1 --cpu-load 76 --quiet --timeout 60s,19,4/27/2026,14:55:34,14.6,8.39,10.67
stress-ng --cpu 1 --cpu-load 76 --quiet --timeout 60s,19,4/27/2026,14:55:35,19.85,8.39,10.67
stress-ng --cpu 1 --cpu-load 76 --quiet --timeout 60s,19,4/27/2026,14:55:36,19.6,8.39,19.85
stress-ng --cpu 1 --cpu-load 76 --quiet --timeout 60s,19,4/27/2026,14:55:37,19.45,8.39,19.85
stress-ng --cpu 1 --cpu-load 76 --quiet --timeout 60s,19,4/27/2026,14:55:38,19.55,8.39,19.67
stress-ng --cpu 1 --cpu-load 76 --quiet --timeout 60s,19,4/27/2026,14:55:39,20.09,8.4,20.04
stress-ng --cpu 1 --cpu-load 76 --quiet --timeout 60s,19,4/27/2026,14:55:40,19.6,8.4,20.04
stress-ng --cpu 1 --cpu-load 76 --quiet --timeout 60s,19,4/27/2026,14:55:41,19.65,8.4,19.51
stress-ng --cpu 1 --cpu-load 76 --quiet --timeout 60s,19,4/27/2026,14:55:42,19.45,8.4,19.57
stress-ng --cpu 1 --cpu-load 76 --quiet --timeout 60s,19,4/27/2026,14:55:43,19.6,8.4,19.57
stress-ng --cpu 1 --cpu-load 76 --quiet --timeout 60s,19,4/27/2026,14:55:44,19.4,8.4,19.79
stress-ng --cpu 1 --cpu-load 76 --quiet --timeout 60s,19,4/27/2026,14:55:45,19.85,8.4,19.69
stress-ng --cpu 1 --cpu-load 76 --quiet --timeout 60s,19,4/27/2026,14:55:46,19.6,8.4,19.69
stress-ng --cpu 1 --cpu-load 76 --quiet --timeout 60s,19,4/27/2026,14:55:47,19.45,8.4,19.45
stress-ng --cpu 1 --cpu-load 76 --quiet --timeout 60s,19,4/27/2026,14:55:48,19.85,8.4,20.01
stress-ng --cpu 1 --cpu-load 76 --quiet --timeout 60s,19,4/27/2026,14:55:49,19.45,8.4,20.01
stress-ng --cpu 1 --cpu-load 76 --quiet --timeout 60s,19,4/27/2026,14:55:50,19.55,8.4,20.38
stress-ng --cpu 1 --cpu-load 76 --quiet --timeout 60s,19,4/27/2026,14:55:51,19.65,8.4,19.52
stress-ng --cpu 1 --cpu-load 76 --quiet --timeout 60s,19,4/27/2026,14:55:52,19.65,8.4,19.52
stress-ng --cpu 1 --cpu-load 76 --quiet --timeout 60s,19,4/27/2026,14:55:53,19.65,8.4,19.99
stress-ng --cpu 1 --cpu-load 76 --quiet --timeout 60s,19,4/27/2026,14:55:54,19.6,8.4,19.71
stress-ng --cpu 1 --cpu-load 76 --quiet --timeout 60s,19,4/27/2026,14:55:55,19.4,8.4,19.71
stress-ng --cpu 1 --cpu-load 76 --quiet --timeout 60s,19,4/27/2026,14:55:56,19.6,8.4,19.54
stress-ng --cpu 1 --cpu-load 76 --quiet --timeout 60s,19,4/27/2026,14:55:57,19.6,8.4,19.62
stress-ng --cpu 1 --cpu-load 76 --quiet --timeout 60s,19,4/27/2026,14:55:58,19.65,8.4,19.62
stress-ng --cpu 1 --cpu-load 76 --quiet --timeout 60s,19,4/27/2026,14:55:59,19.65,8.4,20.06
stress-ng --cpu 1 --cpu-load 76 --quiet --timeout 60s,19,4/27/2026,14:56:00,19.6,8.4,19.58
stress-ng --cpu 1 --cpu-load 76 --quiet --timeout 60s,19,4/27/2026,14:56:01,19.45,8.4,19.58
stress-ng --cpu 1 --cpu-load 76 --quiet --timeout 60s,19,4/27/2026,14:56:02,19.35,8.4,19.74
stress-ng --cpu 1 --cpu-load 76 --quiet --timeout 60s,19,4/27/2026,14:56:03,19.65,8.4,19.77
stress-ng --cpu 1 --cpu-load 76 --quiet --timeout 60s,19,4/27/2026,14:56:04,19.65,8.4,19.77
stress-ng --cpu 1 --cpu-load 76 --quiet --timeout 60s,19,4/27/2026,14:56:05,19.9,8.4,19.72
stress-ng --cpu 1 --cpu-load 76 --quiet --timeout 60s,19,4/27/2026,14:56:06,19.6,8.4,19.65
stress-ng --cpu 1 --cpu-load 76 --quiet --timeout 60s,19,4/27/2026,14:56:07,19.65,8.4,19.65
stress-ng --cpu 1 --cpu-load 76 --quiet --timeout 60s,19,4/27/2026,14:56:08,19.6,8.4,19.8
stress-ng --cpu 1 --cpu-load 76 --quiet --timeout 60s,19,4/27/2026,14:56:09,19.6,8.4,20.07
stress-ng --cpu 1 --cpu-load 76 --quiet --timeout 60s,19,4/27/2026,14:56:10,19.65,8.4,20.67
stress-ng --cpu 1 --cpu-load 76 --quiet --timeout 60s,19,4/27/2026,14:56:11,19.85,8.4,20.67
stress-ng --cpu 1 --cpu-load 76 --quiet --timeout 60s,19,4/27/2026,14:56:12,19.65,8.4,19.88
stress-ng --cpu 1 --cpu-load 76 --quiet --timeout 60s,19,4/27/2026,14:56:13,19.7,8.4,19.88
stress-ng --cpu 1 --cpu-load 76 --quiet --timeout 60s,19,4/27/2026,14:56:14,19.55,8.4,20.33
stress-ng --cpu 1 --cpu-load 76 --quiet --timeout 60s,19,4/27/2026,14:56:15,19.65,8.4,19.77
stress-ng --cpu 1 --cpu-load 76 --quiet --timeout 60s,19,4/27/2026,14:56:16,19.45,8.4,19.66
stress-ng --cpu 1 --cpu-load 76 --quiet --timeout 60s,19,4/27/2026,14:56:17,20.04,8.4,19.75
stress-ng --cpu 1 --cpu-load 76 --quiet --timeout 60s,19,4/27/2026,14:56:18,19.4,8.4,19.75
stress-ng --cpu 1 --cpu-load 76 --quiet --timeout 60s,19,4/27/2026,14:56:19,19.85,8.4,20.21
stress-ng --cpu 1 --cpu-load 76 --quiet --timeout 60s,19,4/27/2026,14:56:20,19.9,8.4,20.1
stress-ng --cpu 1 --cpu-load 76 --quiet --timeout 60s,19,4/27/2026,14:56:21,19.65,8.4,20.1
stress-ng --cpu 1 --cpu-load 76 --quiet --timeout 60s,19,4/27/2026,14:56:22,19.6,8.4,19.74
stress-ng --cpu 1 --cpu-load 76 --quiet --timeout 60s,19,4/27/2026,14:56:23,19.85,8.4,19.95
stress-ng --cpu 1 --cpu-load 76 --quiet --timeout 60s,19,4/27/2026,14:56:24,19.45,8.4,19.95
stress-ng --cpu 1 --cpu-load 76 --quiet --timeout 60s,19,4/27/2026,14:56:25,19.65,8.4,19.79
stress-ng --cpu 1 --cpu-load 76 --quiet --timeout 60s,19,4/27/2026,14:56:26,19.65,8.4,19.69
stress-ng --cpu 1 --cpu-load 76 --quiet --timeout 60s,19,4/27/2026,14:56:27,20,8.4,19.69
stress-ng --cpu 1 --cpu-load 76 --quiet --timeout 60s,19,4/27/2026,14:56:28,19.65,8.4,20.08
stress-ng --cpu 1 --cpu-load 76 --quiet --timeout 60s,19,4/27/2026,14:56:29,19.6,8.4,19.62
stress-ng --cpu 1 --cpu-load 76 --quiet --timeout 60s,19,4/27/2026,14:56:30,19.45,8.4,19.62
stress-ng --cpu 1 --cpu-load 76 --quiet --timeout 60s,19,4/27/2026,14:56:31,19.8,8.4,19.76
stress-ng --cpu 1 --cpu-load 76 --quiet --timeout 60s,19,4/27/2026,14:56:32,19.45,8.4,19.62
stress-ng --cpu 1 --cpu-load 76 --quiet --timeout 60s,19,4/27/2026,14:56:33,19.15,8.4,19.62
stress-ng --cpu 1 --cpu-load 76 --quiet --timeout 60s,19,4/27/2026,17:23:36,1.47,8.4,9.74
stress-ng --cpu 1 --cpu-load 76 --quiet --timeout 60s,19,4/27/2026,17:23:37,9.6,8.41,9.71
stress-ng --cpu 1 --cpu-load 76 --quiet --timeout 60s,19,4/27/2026,17:23:38,19.65,8.41,19.72
stress-ng --cpu 1 --cpu-load 76 --quiet --timeout 60s,19,4/27/2026,17:23:39,19.7,8.41,19.72
stress-ng --cpu 1 --cpu-load 76 --quiet --timeout 60s,19,4/27/2026,17:23:40,19.65,8.41,19.84
stress-ng --cpu 1 --cpu-load 76 --quiet --timeout 60s,19,4/27/2026,17:23:41,19.8,8.41,19.37
stress-ng --cpu 1 --cpu-load 76 --quiet --timeout 60s,19,4/27/2026,17:23:42,19.65,8.41,19.37
stress-ng --cpu 1 --cpu-load 76 --quiet --timeout 60s,19,4/27/2026,17:23:43,19.45,8.41,19.67
stress-ng --cpu 1 --cpu-load 76 --quiet --timeout 60s,19,4/27/2026,17:23:44,19.85,8.41,19.84
stress-ng --cpu 1 --cpu-load 76 --quiet --timeout 60s,19,4/27/2026,17:23:45,19.8,8.41,19.84
stress-ng --cpu 1 --cpu-load 76 --quiet --timeout 60s,19,4/27/2026,17:23:46,19.5,8.41,19.725
stress-ng --cpu 1 --cpu-load 76 --quiet --timeout 60s,19,4/27/2026,17:23:47,19.6,8.41,19.61
stress-ng --cpu 1 --cpu-load 76 --quiet --timeout 60s,19,4/27/2026,17:23:48,19.65,8.41,19.96
stress-ng --cpu 1 --cpu-load 76 --quiet --timeout 60s,19,4/27/2026,17:23:49,19.65,8.41,19.96
stress-ng --cpu 1 --cpu-load 76 --quiet --timeout 60s,19,4/27/2026,17:23:50,19.45,8.41,20.08
stress-ng --cpu 1 --cpu-load 76 --quiet --timeout 60s,19,4/27/2026,17:23:51,19.8,8.41,19.58
stress-ng --cpu 1 --cpu-load 76 --quiet --timeout 60s,19,4/27/2026,17:23:52,19.4,8.41,19.58
stress-ng --cpu 1 --cpu-load 76 --quiet --timeout 60s,19,4/27/2026,17:23:53,19.65,8.41,19.58
stress-ng --cpu 1 --cpu-load 76 --quiet --timeout 60s,19,4/27/2026,17:23:54,19.85,8.4,20.14
stress-ng --cpu 1 --cpu-load 76 --quiet --timeout 60s,19,4/27/2026,17:23:55,19.4,8.4,20.14
stress-ng --cpu 1 --cpu-load 76 --quiet --timeout 60s,19,4/27/2026,17:23:56,19.45,8.4,19.59
stress-ng --cpu 1 --cpu-load 76 --quiet --timeout 60s,19,4/27/2026,17:23:57,19.8,8.4,19.62
stress-ng --cpu 1 --cpu-load 76 --quiet --timeout 60s,19,4/27/2026,17:23:58,19.65,8.4,19.62
stress-ng --cpu 1 --cpu-load 76 --quiet --timeout 60s,19,4/27/2026,17:23:59,19.45,8.4,19.58
stress-ng --cpu 1 --cpu-load 76 --quiet --timeout 60s,19,4/27/2026,17:24:00,19.6,8.4,19.92
stress-ng --cpu 1 --cpu-load 76 --quiet --timeout 60s,19,4/27/2026,17:24:01,19.7,8.4,19.92
stress-ng --cpu 1 --cpu-load 76 --quiet --timeout 60s,19,4/27/2026,17:24:02,19.8,8.4,19.77
stress-ng --cpu 1 --cpu-load 76 --quiet --timeout 60s,19,4/27/2026,17:24:03,19.7,8.4,19.6
stress-ng --cpu 1 --cpu-load 76 --quiet --timeout 60s,19,4/27/2026,17:24:04,19.6,8.4,19.6
stress-ng --cpu 1 --cpu-load 76 --quiet --timeout 60s,19,4/27/2026,17:24:05,19.9,8.4,20.05
stress-ng --cpu 1 --cpu-load 76 --quiet --timeout 60s,19,4/27/2026,17:24:06,19.75,8.4,19.76
stress-ng --cpu 1 --cpu-load 76 --quiet --timeout 60s,19,4/27/2026,17:24:07,19.7,8.4,19.76
stress-ng --cpu 1 --cpu-load 76 --quiet --timeout 60s,19,4/27/2026,17:24:08,19.6,8.4,20.92
stress-ng --cpu 1 --cpu-load 76 --quiet --timeout 60s,19,4/27/2026,17:24:09,19.65,8.41,20.92
stress-ng --cpu 1 --cpu-load 76 --quiet --timeout 60s,19,4/27/2026,17:24:10,19.9,8.41,20.92
stress-ng --cpu 1 --cpu-load 76 --quiet --timeout 60s,19,4/27/2026,17:24:11,19.65,8.41,19.75
stress-ng --cpu 1 --cpu-load 76 --quiet --timeout 60s,19,4/27/2026,17:24:12,19.6,8.41,20.09
stress-ng --cpu 1 --cpu-load 76 --quiet --timeout 60s,19,4/27/2026,17:24:13,19.45,8.41,20.09
stress-ng --cpu 1 --cpu-load 76 --quiet --timeout 60s,19,4/27/2026,17:24:14,19.85,8.41,19.79
stress-ng --cpu 1 --cpu-load 76 --quiet --timeout 60s,19,4/27/2026,17:24:15,19.45,8.41,20.28
stress-ng --cpu 1 --cpu-load 76 --quiet --timeout 60s,19,4/27/2026,17:24:16,19.65,8.41,20.28
stress-ng --cpu 1 --cpu-load 76 --quiet --timeout 60s,19,4/27/2026,17:24:17,19.65,8.41,19.72
stress-ng --cpu 1 --cpu-load 76 --quiet --timeout 60s,19,4/27/2026,17:24:18,19.8,8.41,19.68
stress-ng --cpu 1 --cpu-load 76 --quiet --timeout 60s,19,4/27/2026,17:24:19,19.4,8.41,19.68
stress-ng --cpu 1 --cpu-load 76 --quiet --timeout 60s,19,4/27/2026,17:24:20,19.7,8.41,20.07
stress-ng --cpu 1 --cpu-load 76 --quiet --timeout 60s,19,4/27/2026,17:24:21,19.6,8.41,19.91
stress-ng --cpu 1 --cpu-load 76 --quiet --timeout 60s,19,4/27/2026,17:24:22,19.65,8.41,19.91
stress-ng --cpu 1 --cpu-load 76 --quiet --timeout 60s,19,4/27/2026,17:24:23,19.85,8.41,19.72
stress-ng --cpu 1 --cpu-load 76 --quiet --timeout 60s,19,4/27/2026,17:24:24,19.4,8.41,20.02
stress-ng --cpu 1 --cpu-load 76 --quiet --timeout 60s,19,4/27/2026,17:24:25,19.85,8.41,20.02
stress-ng --cpu 1 --cpu-load 76 --quiet --timeout 60s,19,4/27/2026,17:24:26,19.45,8.41,20.05
stress-ng --cpu 1 --cpu-load 76 --quiet --timeout 60s,19,4/27/2026,17:24:27,19.85,8.41,19.7
stress-ng --cpu 1 --cpu-load 76 --quiet --timeout 60s,19,4/27/2026,17:24:28,19.4,8.41,19.7
stress-ng --cpu 1 --cpu-load 76 --quiet --timeout 60s,19,4/27/2026,17:24:29,19.7,8.41,19.96
stress-ng --cpu 1 --cpu-load 76 --quiet --timeout 60s,19,4/27/2026,17:24:30,19.6,8.41,20.05
stress-ng --cpu 1 --cpu-load 76 --quiet --timeout 60s,19,4/27/2026,17:24:31,19.65,8.41,20.05
stress-ng --cpu 1 --cpu-load 76 --quiet --timeout 60s,19,4/27/2026,17:24:32,19.65,8.41,19.83
stress-ng --cpu 1 --cpu-load 76 --quiet --timeout 60s,19,4/27/2026,17:24:33,19.6,8.41,19.71
stress-ng --cpu 1 --cpu-load 76 --quiet --timeout 60s,19,4/27/2026,17:24:34,19.65,8.41,19.71
stress-ng --cpu 1 --cpu-load 76 --quiet --timeout 60s,19,4/27/2026,17:24:35,19.6,8.41,20.01
stress-ng --cpu 1 --cpu-load 76 --quiet --timeout 60s,19,4/27/2026,17:24:36,19.45,8.41,20.2
stress-ng --cpu 1 --cpu-load 80 --quiet --timeout 60s,20,4/27/2026,13:05:30,1.47,8.39,9.12
stress-ng --cpu 1 --cpu-load 80 --quiet --timeout 60s,20,4/27/2026,13:05:31,15.76,8.4,9.12
stress-ng --cpu 1 --cpu-load 80 --quiet --timeout 60s,20,4/27/2026,13:05:32,20.64,8.4,13.51
stress-ng --cpu 1 --cpu-load 80 --quiet --timeout 60s,20,4/27/2026,13:05:33,20.89,8.4,20.51
stress-ng --cpu 1 --cpu-load 80 --quiet --timeout 60s,20,4/27/2026,13:05:34,20.34,8.4,20.51
stress-ng --cpu 1 --cpu-load 80 --quiet --timeout 60s,20,4/27/2026,13:05:35,20.69,8.4,20.44
stress-ng --cpu 1 --cpu-load 80 --quiet --timeout 60s,20,4/27/2026,13:05:36,20.59,8.4,20.08
stress-ng --cpu 1 --cpu-load 80 --quiet --timeout 60s,20,4/27/2026,13:05:37,21.03,8.4,20.08
stress-ng --cpu 1 --cpu-load 80 --quiet --timeout 60s,20,4/27/2026,13:05:38,20.64,8.4,20.57
stress-ng --cpu 1 --cpu-load 80 --quiet --timeout 60s,20,4/27/2026,13:05:39,20.44,8.4,19.98
stress-ng --cpu 1 --cpu-load 80 --quiet --timeout 60s,20,4/27/2026,13:05:40,20.59,8.4,19.98
stress-ng --cpu 1 --cpu-load 80 --quiet --timeout 60s,20,4/27/2026,13:05:41,20.69,8.4,20.1
stress-ng --cpu 1 --cpu-load 80 --quiet --timeout 60s,20,4/27/2026,13:05:42,20.59,8.4,20.28
stress-ng --cpu 1 --cpu-load 80 --quiet --timeout 60s,20,4/27/2026,13:05:43,20.59,8.4,20.28
stress-ng --cpu 1 --cpu-load 80 --quiet --timeout 60s,20,4/27/2026,13:05:44,20.64,8.4,20.1
stress-ng --cpu 1 --cpu-load 80 --quiet --timeout 60s,20,4/27/2026,13:05:45,20.59,8.4,20.42
stress-ng --cpu 1 --cpu-load 80 --quiet --timeout 60s,20,4/27/2026,13:05:46,20.64,8.4,20.42
stress-ng --cpu 1 --cpu-load 80 --quiet --timeout 60s,20,4/27/2026,13:05:47,20.64,8.4,20.5
stress-ng --cpu 1 --cpu-load 80 --quiet --timeout 60s,20,4/27/2026,13:05:48,20.39,8.4,20.33
stress-ng --cpu 1 --cpu-load 80 --quiet --timeout 60s,20,4/27/2026,13:05:49,20.64,8.4,20.33
stress-ng --cpu 1 --cpu-load 80 --quiet --timeout 60s,20,4/27/2026,13:05:50,20.59,8.4,20.1
stress-ng --cpu 1 --cpu-load 80 --quiet --timeout 60s,20,4/27/2026,13:05:51,20.69,8.4,20.12
stress-ng --cpu 1 --cpu-load 80 --quiet --timeout 60s,20,4/27/2026,13:05:52,20.59,8.4,20.12
stress-ng --cpu 1 --cpu-load 80 --quiet --timeout 60s,20,4/27/2026,13:05:53,20.59,8.4,20.12
stress-ng --cpu 1 --cpu-load 80 --quiet --timeout 60s,20,4/27/2026,13:05:54,20.59,8.4,20.65
stress-ng --cpu 1 --cpu-load 80 --quiet --timeout 60s,20,4/27/2026,13:05:55,20.44,8.4,20.41
stress-ng --cpu 1 --cpu-load 80 --quiet --timeout 60s,20,4/27/2026,13:05:56,20.79,8.4,20.41
stress-ng --cpu 1 --cpu-load 80 --quiet --timeout 60s,20,4/27/2026,13:05:57,20.59,8.4,20.36
stress-ng --cpu 1 --cpu-load 80 --quiet --timeout 60s,20,4/27/2026,13:05:58,20.64,8.4,20.96
stress-ng --cpu 1 --cpu-load 80 --quiet --timeout 60s,20,4/27/2026,13:05:59,20.59,8.4,20.96
stress-ng --cpu 1 --cpu-load 80 --quiet --timeout 60s,20,4/27/2026,13:06:00,20.84,8.41,20.23
stress-ng --cpu 1 --cpu-load 80 --quiet --timeout 60s,20,4/27/2026,13:06:01,20.69,8.41,20.39
stress-ng --cpu 1 --cpu-load 80 --quiet --timeout 60s,20,4/27/2026,13:06:02,20.59,8.41,20.39
stress-ng --cpu 1 --cpu-load 80 --quiet --timeout 60s,20,4/27/2026,13:06:03,21.09,8.4,20.15
stress-ng --cpu 1 --cpu-load 80 --quiet --timeout 60s,20,4/27/2026,13:06:04,20.39,8.4,21.09
stress-ng --cpu 1 --cpu-load 80 --quiet --timeout 60s,20,4/27/2026,13:06:05,20.64,8.4,21.09
stress-ng --cpu 1 --cpu-load 80 --quiet --timeout 60s,20,4/27/2026,13:06:06,20.84,8.4,20.53
stress-ng --cpu 1 --cpu-load 80 --quiet --timeout 60s,20,4/27/2026,13:06:07,20.64,8.4,20.37
stress-ng --cpu 1 --cpu-load 80 --quiet --timeout 60s,20,4/27/2026,13:06:08,20.64,8.4,20.37
stress-ng --cpu 1 --cpu-load 80 --quiet --timeout 60s,20,4/27/2026,13:06:09,20.79,8.4,20.39
stress-ng --cpu 1 --cpu-load 80 --quiet --timeout 60s,20,4/27/2026,13:06:10,20.64,8.4,20.31
stress-ng --cpu 1 --cpu-load 80 --quiet --timeout 60s,20,4/27/2026,13:06:11,21.09,8.4,20.31
stress-ng --cpu 1 --cpu-load 80 --quiet --timeout 60s,20,4/27/2026,13:06:12,20.64,8.4,20.11
stress-ng --cpu 1 --cpu-load 80 --quiet --timeout 60s,20,4/27/2026,13:06:13,20.19,8.4,20.78
stress-ng --cpu 1 --cpu-load 80 --quiet --timeout 60s,20,4/27/2026,13:06:14,20.59,8.4,20.78
stress-ng --cpu 1 --cpu-load 80 --quiet --timeout 60s,20,4/27/2026,13:06:15,20.79,8.4,20.17
stress-ng --cpu 1 --cpu-load 80 --quiet --timeout 60s,20,4/27/2026,13:06:16,20.59,8.4,20.31
stress-ng --cpu 1 --cpu-load 80 --quiet --timeout 60s,20,4/27/2026,13:06:17,20.64,8.4,20.31
stress-ng --cpu 1 --cpu-load 80 --quiet --timeout 60s,20,4/27/2026,13:06:18,20.64,8.4,20.39
stress-ng --cpu 1 --cpu-load 80 --quiet --timeout 60s,20,4/27/2026,13:06:19,20.64,8.4,20.73
stress-ng --cpu 1 --cpu-load 80 --quiet --timeout 60s,20,4/27/2026,13:06:20,20.59,8.4,20.73
stress-ng --cpu 1 --cpu-load 80 --quiet --timeout 60s,20,4/27/2026,13:06:21,20.39,8.4,20.18
stress-ng --cpu 1 --cpu-load 80 --quiet --timeout 60s,20,4/27/2026,13:06:22,20.39,8.4,20.47
stress-ng --cpu 1 --cpu-load 80 --quiet --timeout 60s,20,4/27/2026,13:06:23,20.89,8.4,20.47
stress-ng --cpu 1 --cpu-load 80 --quiet --timeout 60s,20,4/27/2026,13:06:24,20.59,8.4,20.39
stress-ng --cpu 1 --cpu-load 80 --quiet --timeout 60s,20,4/27/2026,13:06:25,20.39,8.4,20.5
stress-ng --cpu 1 --cpu-load 80 --quiet --timeout 60s,20,4/27/2026,13:06:26,20.89,8.4,20.5
stress-ng --cpu 1 --cpu-load 80 --quiet --timeout 60s,20,4/27/2026,13:06:27,20.59,8.4,21.26
stress-ng --cpu 1 --cpu-load 80 --quiet --timeout 60s,20,4/27/2026,13:06:28,21.14,8.4,21.26
stress-ng --cpu 1 --cpu-load 80 --quiet --timeout 60s,20,4/27/2026,13:06:29,20.39,8.4,21.26
stress-ng --cpu 1 --cpu-load 80 --quiet --timeout 60s,20,4/27/2026,13:06:30,20.64,8.4,20.83
stress-ng --cpu 1 --cpu-load 80 --quiet --timeout 60s,20,4/27/2026,13:06:31,19.85,8.4,20.44
stress-ng --cpu 1 --cpu-load 80 --quiet --timeout 60s,20,4/27/2026,14:49:33,13.58,8.41,10.79
stress-ng --cpu 1 --cpu-load 80 --quiet --timeout 60s,20,4/27/2026,14:49:34,20.64,8.41,10.79
stress-ng --cpu 1 --cpu-load 80 --quiet --timeout 60s,20,4/27/2026,14:49:35,20.59,8.41,20.52
stress-ng --cpu 1 --cpu-load 80 --quiet --timeout 60s,20,4/27/2026,14:49:36,20.39,8.41,19.78
stress-ng --cpu 1 --cpu-load 80 --quiet --timeout 60s,20,4/27/2026,14:49:37,20.59,8.41,19.78
stress-ng --cpu 1 --cpu-load 80 --quiet --timeout 60s,20,4/27/2026,14:49:38,20.84,8.41,20.05
stress-ng --cpu 1 --cpu-load 80 --quiet --timeout 60s,20,4/27/2026,14:49:39,20.59,8.41,20.08
stress-ng --cpu 1 --cpu-load 80 --quiet --timeout 60s,20,4/27/2026,14:49:40,20.84,8.41,20.08
stress-ng --cpu 1 --cpu-load 80 --quiet --timeout 60s,20,4/27/2026,14:49:41,20.59,8.41,20.43
stress-ng --cpu 1 --cpu-load 80 --quiet --timeout 60s,20,4/27/2026,14:49:42,20.64,8.41,20.165
stress-ng --cpu 1 --cpu-load 80 --quiet --timeout 60s,20,4/27/2026,14:49:43,20.39,8.41,19.9
stress-ng --cpu 1 --cpu-load 80 --quiet --timeout 60s,20,4/27/2026,14:49:44,20.64,8.41,19.9
stress-ng --cpu 1 --cpu-load 80 --quiet --timeout 60s,20,4/27/2026,14:49:45,20.64,8.41,20.66
stress-ng --cpu 1 --cpu-load 80 --quiet --timeout 60s,20,4/27/2026,14:49:46,20.59,8.41,19.97
stress-ng --cpu 1 --cpu-load 80 --quiet --timeout 60s,20,4/27/2026,14:49:47,20.64,8.41,19.97
stress-ng --cpu 1 --cpu-load 80 --quiet --timeout 60s,20,4/27/2026,14:49:48,20.34,8.41,20.38
stress-ng --cpu 1 --cpu-load 80 --quiet --timeout 60s,20,4/27/2026,14:49:49,20.84,8.41,19.89
stress-ng --cpu 1 --cpu-load 80 --quiet --timeout 60s,20,4/27/2026,14:49:50,20.64,8.41,19.89
stress-ng --cpu 1 --cpu-load 80 --quiet --timeout 60s,20,4/27/2026,14:49:51,20.54,8.41,20.4
stress-ng --cpu 1 --cpu-load 80 --quiet --timeout 60s,20,4/27/2026,14:49:52,20.69,8.41,19.96
stress-ng --cpu 1 --cpu-load 80 --quiet --timeout 60s,20,4/27/2026,14:49:53,20.64,8.415,19.96
stress-ng --cpu 1 --cpu-load 80 --quiet --timeout 60s,20,4/27/2026,14:49:54,20.59,8.42,20.12
stress-ng --cpu 1 --cpu-load 80 --quiet --timeout 60s,20,4/27/2026,14:49:55,20.44,8.41,20.33
stress-ng --cpu 1 --cpu-load 80 --quiet --timeout 60s,20,4/27/2026,14:49:56,20.79,8.42,20.33
stress-ng --cpu 1 --cpu-load 80 --quiet --timeout 60s,20,4/27/2026,14:49:57,20.64,8.42,20.49
stress-ng --cpu 1 --cpu-load 80 --quiet --timeout 60s,20,4/27/2026,14:49:58,20.39,8.42,19.95
stress-ng --cpu 1 --cpu-load 80 --quiet --timeout 60s,20,4/27/2026,14:49:59,20.34,8.42,19.95
stress-ng --cpu 1 --cpu-load 80 --quiet --timeout 60s,20,4/27/2026,14:50:00,20.84,8.42,20.07
stress-ng --cpu 1 --cpu-load 80 --quiet --timeout 60s,20,4/27/2026,14:50:01,20.59,8.42,20.18
stress-ng --cpu 1 --cpu-load 80 --quiet --timeout 60s,20,4/27/2026,14:50:02,20.59,8.42,20.18
stress-ng --cpu 1 --cpu-load 80 --quiet --timeout 60s,20,4/27/2026,14:50:03,20.59,8.42,20.36
stress-ng --cpu 1 --cpu-load 80 --quiet --timeout 60s,20,4/27/2026,14:50:04,21.14,8.42,20.2
stress-ng --cpu 1 --cpu-load 80 --quiet --timeout 60s,20,4/27/2026,14:50:05,20.59,8.41,20.2
stress-ng --cpu 1 --cpu-load 80 --quiet --timeout 60s,20,4/27/2026,14:50:06,20.64,8.41,20.57
stress-ng --cpu 1 --cpu-load 80 --quiet --timeout 60s,20,4/27/2026,14:50:07,20.39,8.41,20.51
stress-ng --cpu 1 --cpu-load 80 --quiet --timeout 60s,20,4/27/2026,14:50:08,20.54,8.41,20.51
stress-ng --cpu 1 --cpu-load 80 --quiet --timeout 60s,20,4/27/2026,14:50:09,20.89,8.41,20
stress-ng --cpu 1 --cpu-load 80 --quiet --timeout 60s,20,4/27/2026,14:50:10,21.03,8.41,20.39
stress-ng --cpu 1 --cpu-load 80 --quiet --timeout 60s,20,4/27/2026,14:50:11,21.03,8.41,20.39
stress-ng --cpu 1 --cpu-load 80 --quiet --timeout 60s,20,4/27/2026,14:50:12,20.64,8.41,20.48
stress-ng --cpu 1 --cpu-load 80 --quiet --timeout 60s,20,4/27/2026,14:50:13,20.54,8.41,20.2
stress-ng --cpu 1 --cpu-load 80 --quiet --timeout 60s,20,4/27/2026,14:50:14,20.44,8.41,20.2
stress-ng --cpu 1 --cpu-load 80 --quiet --timeout 60s,20,4/27/2026,14:50:15,20.64,8.41,20.27
stress-ng --cpu 1 --cpu-load 80 --quiet --timeout 60s,20,4/27/2026,14:50:16,20.54,8.41,20.49
stress-ng --cpu 1 --cpu-load 80 --quiet --timeout 60s,20,4/27/2026,14:50:17,20.64,8.41,20.49
stress-ng --cpu 1 --cpu-load 80 --quiet --timeout 60s,20,4/27/2026,14:50:18,20.84,8.41,19.93
stress-ng --cpu 1 --cpu-load 80 --quiet --timeout 60s,20,4/27/2026,14:50:19,20.64,8.41,20.37
stress-ng --cpu 1 --cpu-load 80 --quiet --timeout 60s,20,4/27/2026,14:50:20,20.59,8.41,20.37
stress-ng --cpu 1 --cpu-load 80 --quiet --timeout 60s,20,4/27/2026,14:50:21,20.59,8.41,20.03
stress-ng --cpu 1 --cpu-load 80 --quiet --timeout 60s,20,4/27/2026,14:50:22,20.44,8.41,20.55
stress-ng --cpu 1 --cpu-load 80 --quiet --timeout 60s,20,4/27/2026,14:50:23,20.79,8.41,20.55
stress-ng --cpu 1 --cpu-load 80 --quiet --timeout 60s,20,4/27/2026,14:50:24,20.64,8.41,20
stress-ng --cpu 1 --cpu-load 80 --quiet --timeout 60s,20,4/27/2026,14:50:25,20.39,8.41,20.28
stress-ng --cpu 1 --cpu-load 80 --quiet --timeout 60s,20,4/27/2026,14:50:26,21.09,8.41,20.28
stress-ng --cpu 1 --cpu-load 80 --quiet --timeout 60s,20,4/27/2026,14:50:27,20.39,8.41,20.75
stress-ng --cpu 1 --cpu-load 80 --quiet --timeout 60s,20,4/27/2026,14:50:28,20.84,8.41,20.27
stress-ng --cpu 1 --cpu-load 80 --quiet --timeout 60s,20,4/27/2026,14:50:29,20.39,8.41,20.27
stress-ng --cpu 1 --cpu-load 80 --quiet --timeout 60s,20,4/27/2026,14:50:30,20.69,8.41,20.03
stress-ng --cpu 1 --cpu-load 80 --quiet --timeout 60s,20,4/27/2026,14:50:31,20.59,8.41,20.89
stress-ng --cpu 1 --cpu-load 80 --quiet --timeout 60s,20,4/27/2026,14:50:32,20.59,8.41,20.89
stress-ng --cpu 1 --cpu-load 80 --quiet --timeout 60s,20,4/27/2026,14:50:33,21.09,8.38,20.12
stress-ng --cpu 1 --cpu-load 80 --quiet --timeout 60s,20,4/27/2026,16:33:35,0.99,8.4,9.15
stress-ng --cpu 1 --cpu-load 80 --quiet --timeout 60s,20,4/27/2026,16:33:36,7.96,8.4,9.57
stress-ng --cpu 1 --cpu-load 80 --quiet --timeout 60s,20,4/27/2026,16:33:37,20.89,8.41,17.31
stress-ng --cpu 1 --cpu-load 80 --quiet --timeout 60s,20,4/27/2026,16:33:38,20.84,8.41,17.31
stress-ng --cpu 1 --cpu-load 80 --quiet --timeout 60s,20,4/27/2026,16:33:39,20.39,8.41,20.18
stress-ng --cpu 1 --cpu-load 80 --quiet --timeout 60s,20,4/27/2026,16:33:40,20.98,8.41,20.18
stress-ng --cpu 1 --cpu-load 80 --quiet --timeout 60s,20,4/27/2026,16:33:41,20.64,8.41,19.94
stress-ng --cpu 1 --cpu-load 80 --quiet --timeout 60s,20,4/27/2026,16:33:42,20.59,8.41,20.26
stress-ng --cpu 1 --cpu-load 80 --quiet --timeout 60s,20,4/27/2026,16:33:43,20.64,8.41,20.26
stress-ng --cpu 1 --cpu-load 80 --quiet --timeout 60s,20,4/27/2026,16:33:44,20.84,8.41,19.96
stress-ng --cpu 1 --cpu-load 80 --quiet --timeout 60s,20,4/27/2026,16:33:45,20.39,8.41,20.31
stress-ng --cpu 1 --cpu-load 80 --quiet --timeout 60s,20,4/27/2026,16:33:46,20.84,8.41,20.31
stress-ng --cpu 1 --cpu-load 80 --quiet --timeout 60s,20,4/27/2026,16:33:47,20.39,8.41,19.91
stress-ng --cpu 1 --cpu-load 80 --quiet --timeout 60s,20,4/27/2026,16:33:48,20.64,8.41,20.8
stress-ng --cpu 1 --cpu-load 80 --quiet --timeout 60s,20,4/27/2026,16:33:49,20.64,8.41,20.8
stress-ng --cpu 1 --cpu-load 80 --quiet --timeout 60s,20,4/27/2026,16:33:50,20.64,8.41,20.04
stress-ng --cpu 1 --cpu-load 80 --quiet --timeout 60s,20,4/27/2026,16:33:51,20.59,8.41,20.46
stress-ng --cpu 1 --cpu-load 80 --quiet --timeout 60s,20,4/27/2026,16:33:52,20.54,8.41,20.46
stress-ng --cpu 1 --cpu-load 80 --quiet --timeout 60s,20,4/27/2026,16:33:53,20.69,8.41,20.54
stress-ng --cpu 1 --cpu-load 80 --quiet --timeout 60s,20,4/27/2026,16:33:54,20.34,8.41,20.64
stress-ng --cpu 1 --cpu-load 80 --quiet --timeout 60s,20,4/27/2026,16:33:55,20.84,8.41,20.64
stress-ng --cpu 1 --cpu-load 80 --quiet --timeout 60s,20,4/27/2026,16:33:56,20.84,8.41,20.07
stress-ng --cpu 1 --cpu-load 80 --quiet --timeout 60s,20,4/27/2026,16:33:57,20.39,8.41,20.54
stress-ng --cpu 1 --cpu-load 80 --quiet --timeout 60s,20,4/27/2026,16:33:58,20.64,8.41,20.54
stress-ng --cpu 1 --cpu-load 80 --quiet --timeout 60s,20,4/27/2026,16:33:59,20.59,8.41,20.18
stress-ng --cpu 1 --cpu-load 80 --quiet --timeout 60s,20,4/27/2026,16:34:00,20.69,8.41,20.39
stress-ng --cpu 1 --cpu-load 80 --quiet --timeout 60s,20,4/27/2026,16:34:01,20.34,8.41,20.39
stress-ng --cpu 1 --cpu-load 80 --quiet --timeout 60s,20,4/27/2026,16:34:02,20.84,8.41,20.02
stress-ng --cpu 1 --cpu-load 80 --quiet --timeout 60s,20,4/27/2026,16:34:03,20.59,8.41,20.69
stress-ng --cpu 1 --cpu-load 80 --quiet --timeout 60s,20,4/27/2026,16:34:04,20.64,8.41,20.69
stress-ng --cpu 1 --cpu-load 80 --quiet --timeout 60s,20,4/27/2026,16:34:05,20.64,8.41,20.51
stress-ng --cpu 1 --cpu-load 80 --quiet --timeout 60s,20,4/27/2026,16:34:06,20.64,8.41,20.53
stress-ng --cpu 1 --cpu-load 80 --quiet --timeout 60s,20,4/27/2026,16:34:07,21.03,8.41,21.33
stress-ng --cpu 1 --cpu-load 80 --quiet --timeout 60s,20,4/27/2026,16:34:08,20.59,8.41,21.33
stress-ng --cpu 1 --cpu-load 80 --quiet --timeout 60s,20,4/27/2026,16:34:09,20.44,8.41,20.8
stress-ng --cpu 1 --cpu-load 80 --quiet --timeout 60s,20,4/27/2026,16:34:10,20.89,8.41,20.8
stress-ng --cpu 1 --cpu-load 80 --quiet --timeout 60s,20,4/27/2026,16:34:11,20.79,8.41,20.03
stress-ng --cpu 1 --cpu-load 80 --quiet --timeout 60s,20,4/27/2026,16:34:12,20.69,8.41,20.71
stress-ng --cpu 1 --cpu-load 80 --quiet --timeout 60s,20,4/27/2026,16:34:13,20.54,8.41,20.71
stress-ng --cpu 1 --cpu-load 80 --quiet --timeout 60s,20,4/27/2026,16:34:14,20.84,8.41,20.07
stress-ng --cpu 1 --cpu-load 80 --quiet --timeout 60s,20,4/27/2026,16:34:15,20.69,8.41,20.66
stress-ng --cpu 1 --cpu-load 80 --quiet --timeout 60s,20,4/27/2026,16:34:16,20.39,8.41,20.66
stress-ng --cpu 1 --cpu-load 80 --quiet --timeout 60s,20,4/27/2026,16:34:17,20.59,8.41,20.22
stress-ng --cpu 1 --cpu-load 80 --quiet --timeout 60s,20,4/27/2026,16:34:18,20.64,8.41,20.84
stress-ng --cpu 1 --cpu-load 80 --quiet --timeout 60s,20,4/27/2026,16:34:19,20.59,8.41,20.84
stress-ng --cpu 1 --cpu-load 80 --quiet --timeout 60s,20,4/27/2026,16:34:20,20.89,8.41,20.1
stress-ng --cpu 1 --cpu-load 80 --quiet --timeout 60s,20,4/27/2026,16:34:21,20.59,8.41,20.33
stress-ng --cpu 1 --cpu-load 80 --quiet --timeout 60s,20,4/27/2026,16:34:22,21.03,8.41,20.33
stress-ng --cpu 1 --cpu-load 80 --quiet --timeout 60s,20,4/27/2026,16:34:23,20.44,8.41,20.65
stress-ng --cpu 1 --cpu-load 80 --quiet --timeout 60s,20,4/27/2026,16:34:24,20.59,8.41,20.58
stress-ng --cpu 1 --cpu-load 80 --quiet --timeout 60s,20,4/27/2026,16:34:25,20.44,8.41,20.58
stress-ng --cpu 1 --cpu-load 80 --quiet --timeout 60s,20,4/27/2026,16:34:26,20.74,8.41,20.41
stress-ng --cpu 1 --cpu-load 80 --quiet --timeout 60s,20,4/27/2026,16:34:27,20.64,8.41,20.48
stress-ng --cpu 1 --cpu-load 80 --quiet --timeout 60s,20,4/27/2026,16:34:28,20.39,8.41,20.48
stress-ng --cpu 1 --cpu-load 80 --quiet --timeout 60s,20,4/27/2026,16:34:29,20.44,8.41,20.43
stress-ng --cpu 1 --cpu-load 80 --quiet --timeout 60s,20,4/27/2026,16:34:30,20.98,8.41,20.3
stress-ng --cpu 1 --cpu-load 80 --quiet --timeout 60s,20,4/27/2026,16:34:31,20.44,8.41,20.3
stress-ng --cpu 1 --cpu-load 80 --quiet --timeout 60s,20,4/27/2026,16:34:32,20.84,8.41,20.24
stress-ng --cpu 1 --cpu-load 80 --quiet --timeout 60s,20,4/27/2026,16:34:33,20.25,8.41,20.63
stress-ng --cpu 1 --cpu-load 80 --quiet --timeout 60s,20,4/27/2026,16:34:34,20.54,8.41,20.63
stress-ng --cpu 1 --cpu-load 80 --quiet --timeout 60s,20,4/27/2026,16:34:35,20.64,8.41,20.34
stress-ng --cpu 1 --cpu-load 84 --quiet --timeout 60s,21,4/27/2026,12:47:30,4.93,8.43,9.11
stress-ng --cpu 1 --cpu-load 84 --quiet --timeout 60s,21,4/27/2026,12:47:31,21.89,8.43,9.11
stress-ng --cpu 1 --cpu-load 84 --quiet --timeout 60s,21,4/27/2026,12:47:32,21.53,8.43,18.26
stress-ng --cpu 1 --cpu-load 84 --quiet --timeout 60s,21,4/27/2026,12:47:33,21.94,8.42,20.57
stress-ng --cpu 1 --cpu-load 84 --quiet --timeout 60s,21,4/27/2026,12:47:34,21.64,8.42,20.57
stress-ng --cpu 1 --cpu-load 84 --quiet --timeout 60s,21,4/27/2026,12:47:35,21.39,8.42,20.81
stress-ng --cpu 1 --cpu-load 84 --quiet --timeout 60s,21,4/27/2026,12:47:36,21.64,8.42,20.72
stress-ng --cpu 1 --cpu-load 84 --quiet --timeout 60s,21,4/27/2026,12:47:37,21.83,8.43,20.72
stress-ng --cpu 1 --cpu-load 84 --quiet --timeout 60s,21,4/27/2026,12:47:38,21.83,8.42,20.82
stress-ng --cpu 1 --cpu-load 84 --quiet --timeout 60s,21,4/27/2026,12:47:39,21.64,8.42,20.49
stress-ng --cpu 1 --cpu-load 84 --quiet --timeout 60s,21,4/27/2026,12:47:40,21.64,8.43,20.49
stress-ng --cpu 1 --cpu-load 84 --quiet --timeout 60s,21,4/27/2026,12:47:41,21.58,8.42,20.57
stress-ng --cpu 1 --cpu-load 84 --quiet --timeout 60s,21,4/27/2026,12:47:42,21.83,8.42,20.78
stress-ng --cpu 1 --cpu-load 84 --quiet --timeout 60s,21,4/27/2026,12:47:43,21.44,8.43,20.78
stress-ng --cpu 1 --cpu-load 84 --quiet --timeout 60s,21,4/27/2026,12:47:44,21.58,8.43,20.76
stress-ng --cpu 1 --cpu-load 84 --quiet --timeout 60s,21,4/27/2026,12:47:45,21.64,8.43,20.53
stress-ng --cpu 1 --cpu-load 84 --quiet --timeout 60s,21,4/27/2026,12:47:46,21.64,8.42,20.53
stress-ng --cpu 1 --cpu-load 84 --quiet --timeout 60s,21,4/27/2026,12:47:47,21.39,8.42,21
stress-ng --cpu 1 --cpu-load 84 --quiet --timeout 60s,21,4/27/2026,12:47:48,21.78,8.42,20.55
stress-ng --cpu 1 --cpu-load 84 --quiet --timeout 60s,21,4/27/2026,12:47:49,21.64,8.42,20.55
stress-ng --cpu 1 --cpu-load 84 --quiet --timeout 60s,21,4/27/2026,12:47:50,21.39,8.42,20.56
stress-ng --cpu 1 --cpu-load 84 --quiet --timeout 60s,21,4/27/2026,12:47:51,21.89,8.42,20.96
stress-ng --cpu 1 --cpu-load 84 --quiet --timeout 60s,21,4/27/2026,12:47:52,21.39,8.43,20.96
stress-ng --cpu 1 --cpu-load 84 --quiet --timeout 60s,21,4/27/2026,12:47:53,21.64,8.43,20.55
stress-ng --cpu 1 --cpu-load 84 --quiet --timeout 60s,21,4/27/2026,12:47:54,21.58,8.43,20.59
stress-ng --cpu 1 --cpu-load 84 --quiet --timeout 60s,21,4/27/2026,12:47:55,21.58,8.43,20.59
stress-ng --cpu 1 --cpu-load 84 --quiet --timeout 60s,21,4/27/2026,12:47:56,21.83,8.43,20.59
stress-ng --cpu 1 --cpu-load 84 --quiet --timeout 60s,21,4/27/2026,12:47:57,21.58,8.43,20.79
stress-ng --cpu 1 --cpu-load 84 --quiet --timeout 60s,21,4/27/2026,12:47:58,21.44,8.43,21.03
stress-ng --cpu 1 --cpu-load 84 --quiet --timeout 60s,21,4/27/2026,12:47:59,21.58,8.43,21.03
stress-ng --cpu 1 --cpu-load 84 --quiet --timeout 60s,21,4/27/2026,12:48:00,21.64,8.43,20.67
stress-ng --cpu 1 --cpu-load 84 --quiet --timeout 60s,21,4/27/2026,12:48:01,21.64,8.43,20.81
stress-ng --cpu 1 --cpu-load 84 --quiet --timeout 60s,21,4/27/2026,12:48:02,21.39,8.43,20.81
stress-ng --cpu 1 --cpu-load 84 --quiet --timeout 60s,21,4/27/2026,12:48:03,21.83,8.43,21.03
stress-ng --cpu 1 --cpu-load 84 --quiet --timeout 60s,21,4/27/2026,12:48:04,21.64,8.43,20.79
stress-ng --cpu 1 --cpu-load 84 --quiet --timeout 60s,21,4/27/2026,12:48:05,21.69,8.43,20.79
stress-ng --cpu 1 --cpu-load 84 --quiet --timeout 60s,21,4/27/2026,12:48:06,21.58,8.43,20.6
stress-ng --cpu 1 --cpu-load 84 --quiet --timeout 60s,21,4/27/2026,12:48:07,21.555,8.43,21.19
stress-ng --cpu 1 --cpu-load 84 --quiet --timeout 60s,21,4/27/2026,12:48:08,21.53,8.43,21.19
stress-ng --cpu 1 --cpu-load 84 --quiet --timeout 60s,21,4/27/2026,12:48:09,21.44,8.43,20.89
stress-ng --cpu 1 --cpu-load 84 --quiet --timeout 60s,21,4/27/2026,12:48:10,21.58,8.43,20.82
stress-ng --cpu 1 --cpu-load 84 --quiet --timeout 60s,21,4/27/2026,12:48:11,21.89,8.43,20.82
stress-ng --cpu 1 --cpu-load 84 --quiet --timeout 60s,21,4/27/2026,12:48:12,21.78,8.43,20.81
stress-ng --cpu 1 --cpu-load 84 --quiet --timeout 60s,21,4/27/2026,12:48:13,21.39,8.43,21.19
stress-ng --cpu 1 --cpu-load 84 --quiet --timeout 60s,21,4/27/2026,12:48:14,21.69,8.43,21.19
stress-ng --cpu 1 --cpu-load 84 --quiet --timeout 60s,21,4/27/2026,12:48:15,21.33,8.43,20.52
stress-ng --cpu 1 --cpu-load 84 --quiet --timeout 60s,21,4/27/2026,12:48:16,21.64,8.43,21
stress-ng --cpu 1 --cpu-load 84 --quiet --timeout 60s,21,4/27/2026,12:48:17,21.83,8.43,21
stress-ng --cpu 1 --cpu-load 84 --quiet --timeout 60s,21,4/27/2026,12:48:18,21.58,8.43,20.74
stress-ng --cpu 1 --cpu-load 84 --quiet --timeout 60s,21,4/27/2026,12:48:19,21.39,8.43,20.95
stress-ng --cpu 1 --cpu-load 84 --quiet --timeout 60s,21,4/27/2026,12:48:20,21.39,8.43,20.95
stress-ng --cpu 1 --cpu-load 84 --quiet --timeout 60s,21,4/27/2026,12:48:21,21.64,8.43,20.68
stress-ng --cpu 1 --cpu-load 84 --quiet --timeout 60s,21,4/27/2026,12:48:22,21.78,8.43,21.01
stress-ng --cpu 1 --cpu-load 84 --quiet --timeout 60s,21,4/27/2026,12:48:23,21.64,8.43,21.01
stress-ng --cpu 1 --cpu-load 84 --quiet --timeout 60s,21,4/27/2026,12:48:24,21.58,8.43,20.66
stress-ng --cpu 1 --cpu-load 84 --quiet --timeout 60s,21,4/27/2026,12:48:25,21.97,8.43,20.81
stress-ng --cpu 1 --cpu-load 84 --quiet --timeout 60s,21,4/27/2026,12:48:26,21.69,8.43,20.81
stress-ng --cpu 1 --cpu-load 84 --quiet --timeout 60s,21,4/27/2026,12:48:27,21.72,8.43,20.71
stress-ng --cpu 1 --cpu-load 84 --quiet --timeout 60s,21,4/27/2026,12:48:28,21.58,8.43,21.32
stress-ng --cpu 1 --cpu-load 84 --quiet --timeout 60s,21,4/27/2026,12:48:29,21.78,8.43,21.32
stress-ng --cpu 1 --cpu-load 84 --quiet --timeout 60s,21,4/27/2026,12:48:30,21.58,8.43,20.76
stress-ng --cpu 1 --cpu-load 84 --quiet --timeout 60s,21,4/27/2026,14:37:33,2.72,8.42,11.88
stress-ng --cpu 1 --cpu-load 84 --quiet --timeout 60s,21,4/27/2026,14:37:34,21.89,8.42,11.88
stress-ng --cpu 1 --cpu-load 84 --quiet --timeout 60s,21,4/27/2026,14:37:35,21.53,8.42,11.88
stress-ng --cpu 1 --cpu-load 84 --quiet --timeout 60s,21,4/27/2026,14:37:36,21.89,8.42,21.21
stress-ng --cpu 1 --cpu-load 84 --quiet --timeout 60s,21,4/27/2026,14:37:37,21.58,8.42,20.65
stress-ng --cpu 1 --cpu-load 84 --quiet --timeout 60s,21,4/27/2026,14:37:38,21.58,8.42,20.69
stress-ng --cpu 1 --cpu-load 84 --quiet --timeout 60s,21,4/27/2026,14:37:39,21.83,8.42,20.69
stress-ng --cpu 1 --cpu-load 84 --quiet --timeout 60s,21,4/27/2026,14:37:40,21.58,8.42,20.91
stress-ng --cpu 1 --cpu-load 84 --quiet --timeout 60s,21,4/27/2026,14:37:41,21.78,8.42,20.91
stress-ng --cpu 1 --cpu-load 84 --quiet --timeout 60s,21,4/27/2026,14:37:42,21.44,8.42,20.61
stress-ng --cpu 1 --cpu-load 84 --quiet --timeout 60s,21,4/27/2026,14:37:43,21.58,8.42,20.64
stress-ng --cpu 1 --cpu-load 84 --quiet --timeout 60s,21,4/27/2026,14:37:44,21.69,8.42,20.64
stress-ng --cpu 1 --cpu-load 84 --quiet --timeout 60s,21,4/27/2026,14:37:45,21.58,8.42,20.87
stress-ng --cpu 1 --cpu-load 84 --quiet --timeout 60s,21,4/27/2026,14:37:46,21.58,8.42,21.02
stress-ng --cpu 1 --cpu-load 84 --quiet --timeout 60s,21,4/27/2026,14:37:47,21.64,8.42,21.02
stress-ng --cpu 1 --cpu-load 84 --quiet --timeout 60s,21,4/27/2026,14:37:48,21.78,8.42,20.88
stress-ng --cpu 1 --cpu-load 84 --quiet --timeout 60s,21,4/27/2026,14:37:49,21.64,8.42,20.76
stress-ng --cpu 1 --cpu-load 84 --quiet --timeout 60s,21,4/27/2026,14:37:50,21.39,8.42,20.76
stress-ng --cpu 1 --cpu-load 84 --quiet --timeout 60s,21,4/27/2026,14:37:51,21.64,8.42,20.96
stress-ng --cpu 1 --cpu-load 84 --quiet --timeout 60s,21,4/27/2026,14:37:52,21.44,8.42,20.9
stress-ng --cpu 1 --cpu-load 84 --quiet --timeout 60s,21,4/27/2026,14:37:53,21.69,8.42,20.9
stress-ng --cpu 1 --cpu-load 84 --quiet --timeout 60s,21,4/27/2026,14:37:54,21.97,8.42,20.7
stress-ng --cpu 1 --cpu-load 84 --quiet --timeout 60s,21,4/27/2026,14:37:55,21.53,8.42,21.08
stress-ng --cpu 1 --cpu-load 84 --quiet --timeout 60s,21,4/27/2026,14:37:56,21.69,8.42,21.08
stress-ng --cpu 1 --cpu-load 84 --quiet --timeout 60s,21,4/27/2026,14:37:57,21.39,8.42,20.69
stress-ng --cpu 1 --cpu-load 84 --quiet --timeout 60s,21,4/27/2026,14:37:58,21.64,8.42,20.9
stress-ng --cpu 1 --cpu-load 84 --quiet --timeout 60s,21,4/27/2026,14:37:59,21.39,8.42,20.9
stress-ng --cpu 1 --cpu-load 84 --quiet --timeout 60s,21,4/27/2026,14:38:00,21.58,8.42,20.15
stress-ng --cpu 1 --cpu-load 84 --quiet --timeout 60s,21,4/27/2026,14:38:01,21.64,8.42,20.87
stress-ng --cpu 1 --cpu-load 84 --quiet --timeout 60s,21,4/27/2026,14:38:02,21.64,8.42,20.87
stress-ng --cpu 1 --cpu-load 84 --quiet --timeout 60s,21,4/27/2026,14:38:03,21.64,8.42,20.71
stress-ng --cpu 1 --cpu-load 84 --quiet --timeout 60s,21,4/27/2026,14:38:04,21.83,8.42,20.75
stress-ng --cpu 1 --cpu-load 84 --quiet --timeout 60s,21,4/27/2026,14:38:05,21.58,8.42,20.75
stress-ng --cpu 1 --cpu-load 84 --quiet --timeout 60s,21,4/27/2026,14:38:06,21.69,8.42,21.49
stress-ng --cpu 1 --cpu-load 84 --quiet --timeout 60s,21,4/27/2026,14:38:07,21.58,8.42,20.85
stress-ng --cpu 1 --cpu-load 84 --quiet --timeout 60s,21,4/27/2026,14:38:08,21.64,8.42,20.85
stress-ng --cpu 1 --cpu-load 84 --quiet --timeout 60s,21,4/27/2026,14:38:09,21.58,8.42,20.91
stress-ng --cpu 1 --cpu-load 84 --quiet --timeout 60s,21,4/27/2026,14:38:10,21.64,8.42,21.14
stress-ng --cpu 1 --cpu-load 84 --quiet --timeout 60s,21,4/27/2026,14:38:11,21.64,8.42,21.14
stress-ng --cpu 1 --cpu-load 84 --quiet --timeout 60s,21,4/27/2026,14:38:12,21.58,8.42,20.82
stress-ng --cpu 1 --cpu-load 84 --quiet --timeout 60s,21,4/27/2026,14:38:13,21.64,8.42,20.88
stress-ng --cpu 1 --cpu-load 84 --quiet --timeout 60s,21,4/27/2026,14:38:14,21.39,8.42,20.88
stress-ng --cpu 1 --cpu-load 84 --quiet --timeout 60s,21,4/27/2026,14:38:15,21.78,8.42,21.1
stress-ng --cpu 1 --cpu-load 84 --quiet --timeout 60s,21,4/27/2026,14:38:16,21.25,8.42,20.83
stress-ng --cpu 1 --cpu-load 84 --quiet --timeout 60s,21,4/27/2026,14:38:17,21.78,8.42,20.83
stress-ng --cpu 1 --cpu-load 84 --quiet --timeout 60s,21,4/27/2026,14:38:18,21.64,8.42,20.76
stress-ng --cpu 1 --cpu-load 84 --quiet --timeout 60s,21,4/27/2026,14:38:19,21.64,8.42,21.01
stress-ng --cpu 1 --cpu-load 84 --quiet --timeout 60s,21,4/27/2026,14:38:20,21.39,8.42,21.48
stress-ng --cpu 1 --cpu-load 84 --quiet --timeout 60s,21,4/27/2026,14:38:21,21.64,8.42,21.02
stress-ng --cpu 1 --cpu-load 84 --quiet --timeout 60s,21,4/27/2026,14:38:22,21.39,8.42,21.02
stress-ng --cpu 1 --cpu-load 84 --quiet --timeout 60s,21,4/27/2026,14:38:23,21.83,8.41,20.79
stress-ng --cpu 1 --cpu-load 84 --quiet --timeout 60s,21,4/27/2026,14:38:24,21.58,8.41,21.2
stress-ng --cpu 1 --cpu-load 84 --quiet --timeout 60s,21,4/27/2026,14:38:25,21.58,8.41,21.2
stress-ng --cpu 1 --cpu-load 84 --quiet --timeout 60s,21,4/27/2026,14:38:26,21.69,8.41,20.95
stress-ng --cpu 1 --cpu-load 84 --quiet --timeout 60s,21,4/27/2026,14:38:27,21.58,8.41,21.03
stress-ng --cpu 1 --cpu-load 84 --quiet --timeout 60s,21,4/27/2026,14:38:28,21.58,8.41,21.03
stress-ng --cpu 1 --cpu-load 84 --quiet --timeout 60s,21,4/27/2026,14:38:29,21.64,8.41,21.01
stress-ng --cpu 1 --cpu-load 84 --quiet --timeout 60s,21,4/27/2026,14:38:30,21.58,8.42,20.86
stress-ng --cpu 1 --cpu-load 84 --quiet --timeout 60s,21,4/27/2026,14:38:31,21.83,8.42,20.86
stress-ng --cpu 1 --cpu-load 84 --quiet --timeout 60s,21,4/27/2026,14:38:32,21.64,8.42,21.01
stress-ng --cpu 1 --cpu-load 84 --quiet --timeout 60s,21,4/27/2026,14:38:33,13.08,8.41,16.45
stress-ng --cpu 1 --cpu-load 84 --quiet --timeout 60s,21,4/27/2026,18:37:38,1.22,8.43,9.2
stress-ng --cpu 1 --cpu-load 84 --quiet --timeout 60s,21,4/27/2026,18:37:39,16.37,8.46,9.8
stress-ng --cpu 1 --cpu-load 84 --quiet --timeout 60s,21,4/27/2026,18:37:40,21.58,8.46,20.62
stress-ng --cpu 1 --cpu-load 84 --quiet --timeout 60s,21,4/27/2026,18:37:41,21.83,8.46,20.62
stress-ng --cpu 1 --cpu-load 84 --quiet --timeout 60s,21,4/27/2026,18:37:42,21.64,8.46,20.83
stress-ng --cpu 1 --cpu-load 84 --quiet --timeout 60s,21,4/27/2026,18:37:43,21.78,8.46,20.83
stress-ng --cpu 1 --cpu-load 84 --quiet --timeout 60s,21,4/27/2026,18:37:44,21.44,8.46,20.48
stress-ng --cpu 1 --cpu-load 84 --quiet --timeout 60s,21,4/27/2026,18:37:45,21.78,8.46,20.9
stress-ng --cpu 1 --cpu-load 84 --quiet --timeout 60s,21,4/27/2026,18:37:46,21.58,8.46,20.9
stress-ng --cpu 1 --cpu-load 84 --quiet --timeout 60s,21,4/27/2026,18:37:47,21.89,8.46,20.8
stress-ng --cpu 1 --cpu-load 84 --quiet --timeout 60s,21,4/27/2026,18:37:48,21.83,8.46,20.99
stress-ng --cpu 1 --cpu-load 84 --quiet --timeout 60s,21,4/27/2026,18:37:49,21.64,8.46,20.99
stress-ng --cpu 1 --cpu-load 84 --quiet --timeout 60s,21,4/27/2026,18:37:50,21.58,8.46,20.74
stress-ng --cpu 1 --cpu-load 84 --quiet --timeout 60s,21,4/27/2026,18:37:51,21.64,8.46,21.05
stress-ng --cpu 1 --cpu-load 84 --quiet --timeout 60s,21,4/27/2026,18:37:52,21.58,8.46,21.05
stress-ng --cpu 1 --cpu-load 84 --quiet --timeout 60s,21,4/27/2026,18:37:53,21.64,8.46,20.51
stress-ng --cpu 1 --cpu-load 84 --quiet --timeout 60s,21,4/27/2026,18:37:54,21.83,8.46,20.76
stress-ng --cpu 1 --cpu-load 84 --quiet --timeout 60s,21,4/27/2026,18:37:55,21.19,8.46,20.76
stress-ng --cpu 1 --cpu-load 84 --quiet --timeout 60s,21,4/27/2026,18:37:56,21.64,8.46,20.76
stress-ng --cpu 1 --cpu-load 84 --quiet --timeout 60s,21,4/27/2026,18:37:57,21.83,8.46,20.62
stress-ng --cpu 1 --cpu-load 84 --quiet --timeout 60s,21,4/27/2026,18:37:58,21.58,8.46,20.62
stress-ng --cpu 1 --cpu-load 84 --quiet --timeout 60s,21,4/27/2026,18:37:59,21.64,8.46,20.57
stress-ng --cpu 1 --cpu-load 84 --quiet --timeout 60s,21,4/27/2026,18:38:00,21.58,8.46,21.22
stress-ng --cpu 1 --cpu-load 84 --quiet --timeout 60s,21,4/27/2026,18:38:01,21.64,8.46,21.22
stress-ng --cpu 1 --cpu-load 84 --quiet --timeout 60s,21,4/27/2026,18:38:02,21.39,8.46,20.68
stress-ng --cpu 1 --cpu-load 84 --quiet --timeout 60s,21,4/27/2026,18:38:03,21.64,8.46,20.77
stress-ng --cpu 1 --cpu-load 84 --quiet --timeout 60s,21,4/27/2026,18:38:04,22.08,8.45,20.77
stress-ng --cpu 1 --cpu-load 84 --quiet --timeout 60s,21,4/27/2026,18:38:05,21.58,8.45,21.12
stress-ng --cpu 1 --cpu-load 84 --quiet --timeout 60s,21,4/27/2026,18:38:06,21.58,8.45,21.16
stress-ng --cpu 1 --cpu-load 84 --quiet --timeout 60s,21,4/27/2026,18:38:07,21.64,8.45,21.16
stress-ng --cpu 1 --cpu-load 84 --quiet --timeout 60s,21,4/27/2026,18:38:08,21.58,8.45,20.61
stress-ng --cpu 1 --cpu-load 84 --quiet --timeout 60s,21,4/27/2026,18:38:09,21.39,8.45,21.05
stress-ng --cpu 1 --cpu-load 84 --quiet --timeout 60s,21,4/27/2026,18:38:10,21.89,8.45,21.05
stress-ng --cpu 1 --cpu-load 84 --quiet --timeout 60s,21,4/27/2026,18:38:11,21.58,8.45,21.07
stress-ng --cpu 1 --cpu-load 84 --quiet --timeout 60s,21,4/27/2026,18:38:12,21.58,8.45,20.89
stress-ng --cpu 1 --cpu-load 84 --quiet --timeout 60s,21,4/27/2026,18:38:13,21.64,8.45,20.89
stress-ng --cpu 1 --cpu-load 84 --quiet --timeout 60s,21,4/27/2026,18:38:14,21.58,8.45,20.72
stress-ng --cpu 1 --cpu-load 84 --quiet --timeout 60s,21,4/27/2026,18:38:15,21.39,8.45,20.92
stress-ng --cpu 1 --cpu-load 84 --quiet --timeout 60s,21,4/27/2026,18:38:16,21.44,8.45,20.92
stress-ng --cpu 1 --cpu-load 84 --quiet --timeout 60s,21,4/27/2026,18:38:17,21.58,8.45,20.77
stress-ng --cpu 1 --cpu-load 84 --quiet --timeout 60s,21,4/27/2026,18:38:18,21.64,8.45,20.93
stress-ng --cpu 1 --cpu-load 84 --quiet --timeout 60s,21,4/27/2026,18:38:19,21.58,8.45,20.93
stress-ng --cpu 1 --cpu-load 84 --quiet --timeout 60s,21,4/27/2026,18:38:20,21.64,8.45,20.84
stress-ng --cpu 1 --cpu-load 84 --quiet --timeout 60s,21,4/27/2026,18:38:21,21.83,8.45,21.43
stress-ng --cpu 1 --cpu-load 84 --quiet --timeout 60s,21,4/27/2026,18:38:22,21.64,8.45,21.43
stress-ng --cpu 1 --cpu-load 84 --quiet --timeout 60s,21,4/27/2026,18:38:23,21.53,8.45,20.72
stress-ng --cpu 1 --cpu-load 84 --quiet --timeout 60s,21,4/27/2026,18:38:24,21.89,8.45,20.85
stress-ng --cpu 1 --cpu-load 84 --quiet --timeout 60s,21,4/27/2026,18:38:25,21.58,8.45,20.85
stress-ng --cpu 1 --cpu-load 84 --quiet --timeout 60s,21,4/27/2026,18:38:26,21.78,8.44,21.01
stress-ng --cpu 1 --cpu-load 84 --quiet --timeout 60s,21,4/27/2026,18:38:27,21.83,8.44,20.8
stress-ng --cpu 1 --cpu-load 84 --quiet --timeout 60s,21,4/27/2026,18:38:28,21.39,8.45,20.8
stress-ng --cpu 1 --cpu-load 84 --quiet --timeout 60s,21,4/27/2026,18:38:29,21.58,8.45,20.88
stress-ng --cpu 1 --cpu-load 84 --quiet --timeout 60s,21,4/27/2026,18:38:30,21.78,8.45,20.78
stress-ng --cpu 1 --cpu-load 84 --quiet --timeout 60s,21,4/27/2026,18:38:31,21.58,8.45,20.78
stress-ng --cpu 1 --cpu-load 84 --quiet --timeout 60s,21,4/27/2026,18:38:32,21.64,8.45,21.11
stress-ng --cpu 1 --cpu-load 84 --quiet --timeout 60s,21,4/27/2026,18:38:33,21.58,8.45,20.73
stress-ng --cpu 1 --cpu-load 84 --quiet --timeout 60s,21,4/27/2026,18:38:34,21.89,8.45,20.73
stress-ng --cpu 1 --cpu-load 84 --quiet --timeout 60s,21,4/27/2026,18:38:35,21.78,8.45,20.86
stress-ng --cpu 1 --cpu-load 84 --quiet --timeout 60s,21,4/27/2026,18:38:36,21.39,8.45,21.51
stress-ng --cpu 1 --cpu-load 84 --quiet --timeout 60s,21,4/27/2026,18:38:37,21.78,8.45,21.51
stress-ng --cpu 1 --cpu-load 84 --quiet --timeout 60s,21,4/27/2026,18:38:38,20.44,8.43,21
stress-ng --cpu 1 --cpu-load 88 --quiet --timeout 60s,22,4/27/2026,12:55:30,1.22,8.38,9.24
stress-ng --cpu 1 --cpu-load 88 --quiet --timeout 60s,22,4/27/2026,12:55:31,21.53,8.41,9.23
stress-ng --cpu 1 --cpu-load 88 --quiet --timeout 60s,22,4/27/2026,12:55:32,22.82,8.41,16.64
stress-ng --cpu 1 --cpu-load 88 --quiet --timeout 60s,22,4/27/2026,12:55:33,22.63,8.41,16.64
stress-ng --cpu 1 --cpu-load 88 --quiet --timeout 60s,22,4/27/2026,12:55:34,22.82,8.41,22.22
stress-ng --cpu 1 --cpu-load 88 --quiet --timeout 60s,22,4/27/2026,12:55:35,22.25,8.41,22.22
stress-ng --cpu 1 --cpu-load 88 --quiet --timeout 60s,22,4/27/2026,12:55:36,22.96,8.41,21.23
stress-ng --cpu 1 --cpu-load 88 --quiet --timeout 60s,22,4/27/2026,12:55:37,22.58,8.41,21.12
stress-ng --cpu 1 --cpu-load 88 --quiet --timeout 60s,22,4/27/2026,12:55:38,22.44,8.41,21.45
stress-ng --cpu 1 --cpu-load 88 --quiet --timeout 60s,22,4/27/2026,12:55:39,22.82,8.41,21.45
stress-ng --cpu 1 --cpu-load 88 --quiet --timeout 60s,22,4/27/2026,12:55:40,22.63,8.41,21.34
stress-ng --cpu 1 --cpu-load 88 --quiet --timeout 60s,22,4/27/2026,12:55:41,22.77,8.41,21.34
stress-ng --cpu 1 --cpu-load 88 --quiet --timeout 60s,22,4/27/2026,12:55:42,22.63,8.41,21.21
stress-ng --cpu 1 --cpu-load 88 --quiet --timeout 60s,22,4/27/2026,12:55:43,22.38,8.41,21.56
stress-ng --cpu 1 --cpu-load 88 --quiet --timeout 60s,22,4/27/2026,12:55:44,22.63,8.41,21.56
stress-ng --cpu 1 --cpu-load 88 --quiet --timeout 60s,22,4/27/2026,12:55:45,22.77,8.41,21.32
stress-ng --cpu 1 --cpu-load 88 --quiet --timeout 60s,22,4/27/2026,12:55:46,22.25,8.41,21.36
stress-ng --cpu 1 --cpu-load 88 --quiet --timeout 60s,22,4/27/2026,12:55:47,23.01,8.41,21.36
stress-ng --cpu 1 --cpu-load 88 --quiet --timeout 60s,22,4/27/2026,12:55:48,22.44,8.41,21.43
stress-ng --cpu 1 --cpu-load 88 --quiet --timeout 60s,22,4/27/2026,12:55:49,22.58,8.41,21.91
stress-ng --cpu 1 --cpu-load 88 --quiet --timeout 60s,22,4/27/2026,12:55:50,22.58,8.41,21.91
stress-ng --cpu 1 --cpu-load 88 --quiet --timeout 60s,22,4/27/2026,12:55:51,22.63,8.41,21.31
stress-ng --cpu 1 --cpu-load 88 --quiet --timeout 60s,22,4/27/2026,12:55:52,22.63,8.41,21.21
stress-ng --cpu 1 --cpu-load 88 --quiet --timeout 60s,22,4/27/2026,12:55:53,22.63,8.41,21.21
stress-ng --cpu 1 --cpu-load 88 --quiet --timeout 60s,22,4/27/2026,12:55:54,22.38,8.41,21.7
stress-ng --cpu 1 --cpu-load 88 --quiet --timeout 60s,22,4/27/2026,12:55:55,22.77,8.41,21.42
stress-ng --cpu 1 --cpu-load 88 --quiet --timeout 60s,22,4/27/2026,12:55:56,22.63,8.41,21.42
stress-ng --cpu 1 --cpu-load 88 --quiet --timeout 60s,22,4/27/2026,12:55:57,22.58,8.41,21.44
stress-ng --cpu 1 --cpu-load 88 --quiet --timeout 60s,22,4/27/2026,12:55:58,22.44,8.41,21.61
stress-ng --cpu 1 --cpu-load 88 --quiet --timeout 60s,22,4/27/2026,12:55:59,22.58,8.41,21.61
stress-ng --cpu 1 --cpu-load 88 --quiet --timeout 60s,22,4/27/2026,12:56:00,22.77,8.41,21.39
stress-ng --cpu 1 --cpu-load 88 --quiet --timeout 60s,22,4/27/2026,12:56:01,22.82,8.41,21.39
stress-ng --cpu 1 --cpu-load 88 --quiet --timeout 60s,22,4/27/2026,12:56:02,22.38,8.41,21.39
stress-ng --cpu 1 --cpu-load 88 --quiet --timeout 60s,22,4/27/2026,12:56:03,23.07,8.41,21.46
stress-ng --cpu 1 --cpu-load 88 --quiet --timeout 60s,22,4/27/2026,12:56:04,22.58,8.41,22.25
stress-ng --cpu 1 --cpu-load 88 --quiet --timeout 60s,22,4/27/2026,12:56:05,22.38,8.41,22.25
stress-ng --cpu 1 --cpu-load 88 --quiet --timeout 60s,22,4/27/2026,12:56:06,22.63,8.41,21.63
stress-ng --cpu 1 --cpu-load 88 --quiet --timeout 60s,22,4/27/2026,12:56:07,22.63,8.41,21.49
stress-ng --cpu 1 --cpu-load 88 --quiet --timeout 60s,22,4/27/2026,12:56:08,22.58,8.41,21.49
stress-ng --cpu 1 --cpu-load 88 --quiet --timeout 60s,22,4/27/2026,12:56:09,22.58,8.41,21.62
stress-ng --cpu 1 --cpu-load 88 --quiet --timeout 60s,22,4/27/2026,12:56:10,22.82,8.41,21.81
stress-ng --cpu 1 --cpu-load 88 --quiet --timeout 60s,22,4/27/2026,12:56:11,22.44,8.41,21.81
stress-ng --cpu 1 --cpu-load 88 --quiet --timeout 60s,22,4/27/2026,12:56:12,22.38,8.41,21.42
stress-ng --cpu 1 --cpu-load 88 --quiet --timeout 60s,22,4/27/2026,12:56:13,22.82,8.41,21.67
stress-ng --cpu 1 --cpu-load 88 --quiet --timeout 60s,22,4/27/2026,12:56:14,22.82,8.41,21.67
stress-ng --cpu 1 --cpu-load 88 --quiet --timeout 60s,22,4/27/2026,12:56:15,22.725,8.41,21.39
stress-ng --cpu 1 --cpu-load 88 --quiet --timeout 60s,22,4/27/2026,12:56:16,22.63,8.41,21.51
stress-ng --cpu 1 --cpu-load 88 --quiet --timeout 60s,22,4/27/2026,12:56:17,22.58,8.41,21.51
stress-ng --cpu 1 --cpu-load 88 --quiet --timeout 60s,22,4/27/2026,12:56:18,22.63,8.41,21.3
stress-ng --cpu 1 --cpu-load 88 --quiet --timeout 60s,22,4/27/2026,12:56:19,22.63,8.41,21.67
stress-ng --cpu 1 --cpu-load 88 --quiet --timeout 60s,22,4/27/2026,12:56:20,22.44,8.41,21.67
stress-ng --cpu 1 --cpu-load 88 --quiet --timeout 60s,22,4/27/2026,12:56:21,22.82,8.41,21.65
stress-ng --cpu 1 --cpu-load 88 --quiet --timeout 60s,22,4/27/2026,12:56:22,22.38,8.42,21.52
stress-ng --cpu 1 --cpu-load 88 --quiet --timeout 60s,22,4/27/2026,12:56:23,22.82,8.42,21.52
stress-ng --cpu 1 --cpu-load 88 --quiet --timeout 60s,22,4/27/2026,12:56:24,22.58,8.42,21.58
stress-ng --cpu 1 --cpu-load 88 --quiet --timeout 60s,22,4/27/2026,12:56:25,22.58,8.42,21.52
stress-ng --cpu 1 --cpu-load 88 --quiet --timeout 60s,22,4/27/2026,12:56:26,22.38,8.42,21.52
stress-ng --cpu 1 --cpu-load 88 --quiet --timeout 60s,22,4/27/2026,12:56:27,22.88,8.42,21.39
stress-ng --cpu 1 --cpu-load 88 --quiet --timeout 60s,22,4/27/2026,12:56:28,22.38,8.42,21.5
stress-ng --cpu 1 --cpu-load 88 --quiet --timeout 60s,22,4/27/2026,12:56:29,22.63,8.42,21.5
stress-ng --cpu 1 --cpu-load 88 --quiet --timeout 60s,22,4/27/2026,12:56:30,22.63,8.42,21.5
stress-ng --cpu 1 --cpu-load 88 --quiet --timeout 60s,22,4/27/2026,15:05:33,6.41,8.4,9.46
stress-ng --cpu 1 --cpu-load 88 --quiet --timeout 60s,22,4/27/2026,15:05:34,22.44,8.4,9.46
stress-ng --cpu 1 --cpu-load 88 --quiet --timeout 60s,22,4/27/2026,15:05:35,23.07,8.4,21.76
stress-ng --cpu 1 --cpu-load 88 --quiet --timeout 60s,22,4/27/2026,15:05:36,22.44,8.4,21.76
stress-ng --cpu 1 --cpu-load 88 --quiet --timeout 60s,22,4/27/2026,15:05:37,22.58,8.4,21.76
stress-ng --cpu 1 --cpu-load 88 --quiet --timeout 60s,22,4/27/2026,15:05:38,22.88,8.4,21.29
stress-ng --cpu 1 --cpu-load 88 --quiet --timeout 60s,22,4/27/2026,15:05:39,22.58,8.4,21.44
stress-ng --cpu 1 --cpu-load 88 --quiet --timeout 60s,22,4/27/2026,15:05:40,22.88,8.4,21.44
stress-ng --cpu 1 --cpu-load 88 --quiet --timeout 60s,22,4/27/2026,15:05:41,22.38,8.4,21.24
stress-ng --cpu 1 --cpu-load 88 --quiet --timeout 60s,22,4/27/2026,15:05:42,22.77,8.4,21.26
stress-ng --cpu 1 --cpu-load 88 --quiet --timeout 60s,22,4/27/2026,15:05:43,22.63,8.4,21.26
stress-ng --cpu 1 --cpu-load 88 --quiet --timeout 60s,22,4/27/2026,15:05:44,22.58,8.4,21.69
stress-ng --cpu 1 --cpu-load 88 --quiet --timeout 60s,22,4/27/2026,15:05:45,22.63,8.4,21.24
stress-ng --cpu 1 --cpu-load 88 --quiet --timeout 60s,22,4/27/2026,15:05:46,22.58,8.4,21.24
stress-ng --cpu 1 --cpu-load 88 --quiet --timeout 60s,22,4/27/2026,15:05:47,22.44,8.4,21.49
stress-ng --cpu 1 --cpu-load 88 --quiet --timeout 60s,22,4/27/2026,15:05:48,22.77,8.4,21.46
stress-ng --cpu 1 --cpu-load 88 --quiet --timeout 60s,22,4/27/2026,15:05:49,22.63,8.4,21.46
stress-ng --cpu 1 --cpu-load 88 --quiet --timeout 60s,22,4/27/2026,15:05:50,22.58,8.4,21.61
stress-ng --cpu 1 --cpu-load 88 --quiet --timeout 60s,22,4/27/2026,15:05:51,22.63,8.4,21.21
stress-ng --cpu 1 --cpu-load 88 --quiet --timeout 60s,22,4/27/2026,15:05:52,22.38,8.4,21.21
stress-ng --cpu 1 --cpu-load 88 --quiet --timeout 60s,22,4/27/2026,15:05:53,22.82,8.4,21.22
stress-ng --cpu 1 --cpu-load 88 --quiet --timeout 60s,22,4/27/2026,15:05:54,22.44,8.4,21.52
stress-ng --cpu 1 --cpu-load 88 --quiet --timeout 60s,22,4/27/2026,15:05:55,22.51,8.4,21.52
stress-ng --cpu 1 --cpu-load 88 --quiet --timeout 60s,22,4/27/2026,15:05:56,22.58,8.4,21.5
stress-ng --cpu 1 --cpu-load 88 --quiet --timeout 60s,22,4/27/2026,15:05:57,22.88,8.4,21.33
stress-ng --cpu 1 --cpu-load 88 --quiet --timeout 60s,22,4/27/2026,15:05:58,22.38,8.4,21.33
stress-ng --cpu 1 --cpu-load 88 --quiet --timeout 60s,22,4/27/2026,15:05:59,22.58,8.4,21.67
stress-ng --cpu 1 --cpu-load 88 --quiet --timeout 60s,22,4/27/2026,15:06:00,22.38,8.4,21.41
stress-ng --cpu 1 --cpu-load 88 --quiet --timeout 60s,22,4/27/2026,15:06:01,22.63,8.4,21.41
stress-ng --cpu 1 --cpu-load 88 --quiet --timeout 60s,22,4/27/2026,15:06:02,22.63,8.4,21.31
stress-ng --cpu 1 --cpu-load 88 --quiet --timeout 60s,22,4/27/2026,15:06:03,22.44,8.4,21.63
stress-ng --cpu 1 --cpu-load 88 --quiet --timeout 60s,22,4/27/2026,15:06:04,23.01,8.4,21.63
stress-ng --cpu 1 --cpu-load 88 --quiet --timeout 60s,22,4/27/2026,15:06:05,22.88,8.4,21.65
stress-ng --cpu 1 --cpu-load 88 --quiet --timeout 60s,22,4/27/2026,15:06:06,22.52,8.4,21.65
stress-ng --cpu 1 --cpu-load 88 --quiet --timeout 60s,22,4/27/2026,15:06:07,22.69,8.4,21.65
stress-ng --cpu 1 --cpu-load 88 --quiet --timeout 60s,22,4/27/2026,15:06:08,22.58,8.4,21.48
stress-ng --cpu 1 --cpu-load 88 --quiet --timeout 60s,22,4/27/2026,15:06:09,22.44,8.4,21.7
stress-ng --cpu 1 --cpu-load 88 --quiet --timeout 60s,22,4/27/2026,15:06:10,22.77,8.4,21.7
stress-ng --cpu 1 --cpu-load 88 --quiet --timeout 60s,22,4/27/2026,15:06:11,22.88,8.4,21.45
stress-ng --cpu 1 --cpu-load 88 --quiet --timeout 60s,22,4/27/2026,15:06:12,22.63,8.4,21.48
stress-ng --cpu 1 --cpu-load 88 --quiet --timeout 60s,22,4/27/2026,15:06:13,22.58,8.4,21.48
stress-ng --cpu 1 --cpu-load 88 --quiet --timeout 60s,22,4/27/2026,15:06:14,22.44,8.4,21.64
stress-ng --cpu 1 --cpu-load 88 --quiet --timeout 60s,22,4/27/2026,15:06:15,22.77,8.4,21.53
stress-ng --cpu 1 --cpu-load 88 --quiet --timeout 60s,22,4/27/2026,15:06:16,22.69,8.4,21.53
stress-ng --cpu 1 --cpu-load 88 --quiet --timeout 60s,22,4/27/2026,15:06:17,22.58,8.4,21.28
stress-ng --cpu 1 --cpu-load 88 --quiet --timeout 60s,22,4/27/2026,15:06:18,22.82,8.4,21.83
stress-ng --cpu 1 --cpu-load 88 --quiet --timeout 60s,22,4/27/2026,15:06:19,22.82,8.4,21.83
stress-ng --cpu 1 --cpu-load 88 --quiet --timeout 60s,22,4/27/2026,15:06:20,22.63,8.4,21.73
stress-ng --cpu 1 --cpu-load 88 --quiet --timeout 60s,22,4/27/2026,15:06:21,22.38,8.4,21.65
stress-ng --cpu 1 --cpu-load 88 --quiet --timeout 60s,22,4/27/2026,15:06:22,22.63,8.4,21.65
stress-ng --cpu 1 --cpu-load 88 --quiet --timeout 60s,22,4/27/2026,15:06:23,22.63,8.4,21.45
stress-ng --cpu 1 --cpu-load 88 --quiet --timeout 60s,22,4/27/2026,15:06:24,22.58,8.4,21.68
stress-ng --cpu 1 --cpu-load 88 --quiet --timeout 60s,22,4/27/2026,15:06:25,22.58,8.4,21.68
stress-ng --cpu 1 --cpu-load 88 --quiet --timeout 60s,22,4/27/2026,15:06:26,22.44,8.39,21.38
stress-ng --cpu 1 --cpu-load 88 --quiet --timeout 60s,22,4/27/2026,15:06:27,22.63,8.39,21.33
stress-ng --cpu 1 --cpu-load 88 --quiet --timeout 60s,22,4/27/2026,15:06:28,22.58,8.39,21.33
stress-ng --cpu 1 --cpu-load 88 --quiet --timeout 60s,22,4/27/2026,15:06:29,22.58,8.39,21.57
stress-ng --cpu 1 --cpu-load 88 --quiet --timeout 60s,22,4/27/2026,15:06:30,22.82,8.39,21.67
stress-ng --cpu 1 --cpu-load 88 --quiet --timeout 60s,22,4/27/2026,15:06:31,22.38,8.39,21.67
stress-ng --cpu 1 --cpu-load 88 --quiet --timeout 60s,22,4/27/2026,15:06:32,22.88,8.39,21.38
stress-ng --cpu 1 --cpu-load 88 --quiet --timeout 60s,22,4/27/2026,15:06:33,22.38,8.39,21.5
stress-ng --cpu 1 --cpu-load 88 --quiet --timeout 60s,22,4/27/2026,18:39:38,0.99,8.42,9.32
stress-ng --cpu 1 --cpu-load 88 --quiet --timeout 60s,22,4/27/2026,18:39:39,9.45,8.45,9.32
stress-ng --cpu 1 --cpu-load 88 --quiet --timeout 60s,22,4/27/2026,18:39:40,22.58,8.45,21.72
stress-ng --cpu 1 --cpu-load 88 --quiet --timeout 60s,22,4/27/2026,18:39:41,22.82,8.45,21.31
stress-ng --cpu 1 --cpu-load 88 --quiet --timeout 60s,22,4/27/2026,18:39:42,23.01,8.45,21.31
stress-ng --cpu 1 --cpu-load 88 --quiet --timeout 60s,22,4/27/2026,18:39:43,22.38,8.45,21.31
stress-ng --cpu 1 --cpu-load 88 --quiet --timeout 60s,22,4/27/2026,18:39:44,22.63,8.45,21.21
stress-ng --cpu 1 --cpu-load 88 --quiet --timeout 60s,22,4/27/2026,18:39:45,22.44,8.45,21.26
stress-ng --cpu 1 --cpu-load 88 --quiet --timeout 60s,22,4/27/2026,18:39:46,22.58,8.45,21.26
stress-ng --cpu 1 --cpu-load 88 --quiet --timeout 60s,22,4/27/2026,18:39:47,22.58,8.45,21.45
stress-ng --cpu 1 --cpu-load 88 --quiet --timeout 60s,22,4/27/2026,18:39:48,22.58,8.45,21.17
stress-ng --cpu 1 --cpu-load 88 --quiet --timeout 60s,22,4/27/2026,18:39:49,22.58,8.45,21.17
stress-ng --cpu 1 --cpu-load 88 --quiet --timeout 60s,22,4/27/2026,18:39:50,22.38,8.45,21.2
stress-ng --cpu 1 --cpu-load 88 --quiet --timeout 60s,22,4/27/2026,18:39:51,22.88,8.45,21.32
stress-ng --cpu 1 --cpu-load 88 --quiet --timeout 60s,22,4/27/2026,18:39:52,22.58,8.45,21.32
stress-ng --cpu 1 --cpu-load 88 --quiet --timeout 60s,22,4/27/2026,18:39:53,22.63,8.45,21.18
stress-ng --cpu 1 --cpu-load 88 --quiet --timeout 60s,22,4/27/2026,18:39:54,22.82,8.45,21.61
stress-ng --cpu 1 --cpu-load 88 --quiet --timeout 60s,22,4/27/2026,18:39:55,22.77,8.45,21.61
stress-ng --cpu 1 --cpu-load 88 --quiet --timeout 60s,22,4/27/2026,18:39:56,22.38,8.45,21.18
stress-ng --cpu 1 --cpu-load 88 --quiet --timeout 60s,22,4/27/2026,18:39:57,22.63,8.45,21.11
stress-ng --cpu 1 --cpu-load 88 --quiet --timeout 60s,22,4/27/2026,18:39:58,22.63,8.45,21.11
stress-ng --cpu 1 --cpu-load 88 --quiet --timeout 60s,22,4/27/2026,18:39:59,22.58,8.45,21.09
stress-ng --cpu 1 --cpu-load 88 --quiet --timeout 60s,22,4/27/2026,18:40:00,22.63,8.45,21.51
stress-ng --cpu 1 --cpu-load 88 --quiet --timeout 60s,22,4/27/2026,18:40:01,22.82,8.45,21.51
stress-ng --cpu 1 --cpu-load 88 --quiet --timeout 60s,22,4/27/2026,18:40:02,22.77,8.45,21.63
stress-ng --cpu 1 --cpu-load 88 --quiet --timeout 60s,22,4/27/2026,18:40:03,22.63,8.45,21.17
stress-ng --cpu 1 --cpu-load 88 --quiet --timeout 60s,22,4/27/2026,18:40:04,22.88,8.45,21.17
stress-ng --cpu 1 --cpu-load 88 --quiet --timeout 60s,22,4/27/2026,18:40:05,22.63,8.45,21.4
stress-ng --cpu 1 --cpu-load 88 --quiet --timeout 60s,22,4/27/2026,18:40:06,22.82,8.45,21.36
stress-ng --cpu 1 --cpu-load 88 --quiet --timeout 60s,22,4/27/2026,18:40:07,22.58,8.45,21.36
stress-ng --cpu 1 --cpu-load 88 --quiet --timeout 60s,22,4/27/2026,18:40:08,22.82,8.45,21.23
stress-ng --cpu 1 --cpu-load 88 --quiet --timeout 60s,22,4/27/2026,18:40:09,22.63,8.45,21.28
stress-ng --cpu 1 --cpu-load 88 --quiet --timeout 60s,22,4/27/2026,18:40:10,23.38,8.45,21.28
stress-ng --cpu 1 --cpu-load 88 --quiet --timeout 60s,22,4/27/2026,18:40:11,22.58,8.45,22.4
stress-ng --cpu 1 --cpu-load 88 --quiet --timeout 60s,22,4/27/2026,18:40:12,22.58,8.45,21.56
stress-ng --cpu 1 --cpu-load 88 --quiet --timeout 60s,22,4/27/2026,18:40:13,22.58,8.45,21.56
stress-ng --cpu 1 --cpu-load 88 --quiet --timeout 60s,22,4/27/2026,18:40:14,22.63,8.45,21.58
stress-ng --cpu 1 --cpu-load 88 --quiet --timeout 60s,22,4/27/2026,18:40:15,22.82,8.45,21.94
stress-ng --cpu 1 --cpu-load 88 --quiet --timeout 60s,22,4/27/2026,18:40:16,22.38,8.45,21.94
stress-ng --cpu 1 --cpu-load 88 --quiet --timeout 60s,22,4/27/2026,18:40:17,22.63,8.45,21.18
stress-ng --cpu 1 --cpu-load 88 --quiet --timeout 60s,22,4/27/2026,18:40:18,22.77,8.45,21.55
stress-ng --cpu 1 --cpu-load 88 --quiet --timeout 60s,22,4/27/2026,18:40:19,22.58,8.45,21.55
stress-ng --cpu 1 --cpu-load 88 --quiet --timeout 60s,22,4/27/2026,18:40:20,22.5,8.45,21.45
stress-ng --cpu 1 --cpu-load 88 --quiet --timeout 60s,22,4/27/2026,18:40:21,22.58,8.45,21.52
stress-ng --cpu 1 --cpu-load 88 --quiet --timeout 60s,22,4/27/2026,18:40:22,22.63,8.45,21.52
stress-ng --cpu 1 --cpu-load 88 --quiet --timeout 60s,22,4/27/2026,18:40:23,22.58,8.45,21.27
stress-ng --cpu 1 --cpu-load 88 --quiet --timeout 60s,22,4/27/2026,18:40:24,22.82,8.45,21.33
stress-ng --cpu 1 --cpu-load 88 --quiet --timeout 60s,22,4/27/2026,18:40:25,22.58,8.45,21.33
stress-ng --cpu 1 --cpu-load 88 --quiet --timeout 60s,22,4/27/2026,18:40:26,22.38,8.45,21.59
stress-ng --cpu 1 --cpu-load 88 --quiet --timeout 60s,22,4/27/2026,18:40:27,22.77,8.45,21.46
stress-ng --cpu 1 --cpu-load 88 --quiet --timeout 60s,22,4/27/2026,18:40:28,22.58,8.45,21.46
stress-ng --cpu 1 --cpu-load 88 --quiet --timeout 60s,22,4/27/2026,18:40:29,22.82,8.45,21.32
stress-ng --cpu 1 --cpu-load 88 --quiet --timeout 60s,22,4/27/2026,18:40:30,22.38,8.45,21.77
stress-ng --cpu 1 --cpu-load 88 --quiet --timeout 60s,22,4/27/2026,18:40:31,22.63,8.45,21.77
stress-ng --cpu 1 --cpu-load 88 --quiet --timeout 60s,22,4/27/2026,18:40:32,22.58,8.45,21.17
stress-ng --cpu 1 --cpu-load 88 --quiet --timeout 60s,22,4/27/2026,18:40:33,22.63,8.45,21.38
stress-ng --cpu 1 --cpu-load 88 --quiet --timeout 60s,22,4/27/2026,18:40:34,22.58,8.45,21.38
stress-ng --cpu 1 --cpu-load 88 --quiet --timeout 60s,22,4/27/2026,18:40:35,22.38,8.45,21.32
stress-ng --cpu 1 --cpu-load 88 --quiet --timeout 60s,22,4/27/2026,18:40:36,22.58,8.44,21.84
stress-ng --cpu 1 --cpu-load 88 --quiet --timeout 60s,22,4/27/2026,18:40:37,22.77,8.44,21.84
stress-ng --cpu 1 --cpu-load 88 --quiet --timeout 60s,22,4/27/2026,18:40:38,22.63,8.44,21.33
stress-ng --cpu 1 --cpu-load 92 --quiet --timeout 60s,23,4/27/2026,12:21:30,23.09,8.39,9.28
stress-ng --cpu 1 --cpu-load 92 --quiet --timeout 60s,23,4/27/2026,12:21:31,23.57,8.39,10.25
stress-ng --cpu 1 --cpu-load 92 --quiet --timeout 60s,23,4/27/2026,12:21:32,23.69,8.39,21.92
stress-ng --cpu 1 --cpu-load 92 --quiet --timeout 60s,23,4/27/2026,12:21:33,23.63,8.39,21.92
stress-ng --cpu 1 --cpu-load 92 --quiet --timeout 60s,23,4/27/2026,12:21:34,23.38,8.39,21.88
stress-ng --cpu 1 --cpu-load 92 --quiet --timeout 60s,23,4/27/2026,12:21:35,23.72,8.39,21.88
stress-ng --cpu 1 --cpu-load 92 --quiet --timeout 60s,23,4/27/2026,12:21:36,24.06,8.39,21.97
stress-ng --cpu 1 --cpu-load 92 --quiet --timeout 60s,23,4/27/2026,12:21:37,23.38,8.39,22.09
stress-ng --cpu 1 --cpu-load 92 --quiet --timeout 60s,23,4/27/2026,12:21:38,23.63,8.39,22.09
stress-ng --cpu 1 --cpu-load 92 --quiet --timeout 60s,23,4/27/2026,12:21:39,23.57,8.39,21.81
stress-ng --cpu 1 --cpu-load 92 --quiet --timeout 60s,23,4/27/2026,12:21:40,23.63,8.39,21.9
stress-ng --cpu 1 --cpu-load 92 --quiet --timeout 60s,23,4/27/2026,12:21:41,23.76,8.39,21.9
stress-ng --cpu 1 --cpu-load 92 --quiet --timeout 60s,23,4/27/2026,12:21:42,23.38,8.39,21.93
stress-ng --cpu 1 --cpu-load 92 --quiet --timeout 60s,23,4/27/2026,12:21:43,23.63,8.39,21.93
stress-ng --cpu 1 --cpu-load 92 --quiet --timeout 60s,23,4/27/2026,12:21:44,23.76,8.39,21.93
stress-ng --cpu 1 --cpu-load 92 --quiet --timeout 60s,23,4/27/2026,12:21:45,23.88,8.39,22.13
stress-ng --cpu 1 --cpu-load 92 --quiet --timeout 60s,23,4/27/2026,12:21:46,23.57,8.39,22.01
stress-ng --cpu 1 --cpu-load 92 --quiet --timeout 60s,23,4/27/2026,12:21:47,23.63,8.39,22.01
stress-ng --cpu 1 --cpu-load 92 --quiet --timeout 60s,23,4/27/2026,12:21:48,23.82,8.39,22.75
stress-ng --cpu 1 --cpu-load 92 --quiet --timeout 60s,23,4/27/2026,12:21:49,23.63,8.39,22.11
stress-ng --cpu 1 --cpu-load 92 --quiet --timeout 60s,23,4/27/2026,12:21:50,23.57,8.39,22.11
stress-ng --cpu 1 --cpu-load 92 --quiet --timeout 60s,23,4/27/2026,12:21:51,23.44,8.39,22.04
stress-ng --cpu 1 --cpu-load 92 --quiet --timeout 60s,23,4/27/2026,12:21:52,23.57,8.39,22.31
stress-ng --cpu 1 --cpu-load 92 --quiet --timeout 60s,23,4/27/2026,12:21:53,23.69,8.39,22.31
stress-ng --cpu 1 --cpu-load 92 --quiet --timeout 60s,23,4/27/2026,12:21:54,23.57,8.39,21.97
stress-ng --cpu 1 --cpu-load 92 --quiet --timeout 60s,23,4/27/2026,12:21:55,23.57,8.39,21.98
stress-ng --cpu 1 --cpu-load 92 --quiet --timeout 60s,23,4/27/2026,12:21:56,23.44,8.39,21.98
stress-ng --cpu 1 --cpu-load 92 --quiet --timeout 60s,23,4/27/2026,12:21:57,23.82,8.39,22.07
stress-ng --cpu 1 --cpu-load 92 --quiet --timeout 60s,23,4/27/2026,12:21:58,23.38,8.39,22.41
stress-ng --cpu 1 --cpu-load 92 --quiet --timeout 60s,23,4/27/2026,12:21:59,23.82,8.39,22.41
stress-ng --cpu 1 --cpu-load 92 --quiet --timeout 60s,23,4/27/2026,12:22:00,23.63,8.39,22.07
stress-ng --cpu 1 --cpu-load 92 --quiet --timeout 60s,23,4/27/2026,12:22:01,23.57,8.39,22.13
stress-ng --cpu 1 --cpu-load 92 --quiet --timeout 60s,23,4/27/2026,12:22:02,23.44,8.39,22.13
stress-ng --cpu 1 --cpu-load 92 --quiet --timeout 60s,23,4/27/2026,12:22:03,23.63,8.4,23.07
stress-ng --cpu 1 --cpu-load 92 --quiet --timeout 60s,23,4/27/2026,12:22:04,24,8.4,22.06
stress-ng --cpu 1 --cpu-load 92 --quiet --timeout 60s,23,4/27/2026,12:22:05,23.57,8.4,22.06
stress-ng --cpu 1 --cpu-load 92 --quiet --timeout 60s,23,4/27/2026,12:22:06,23.94,8.4,22.01
stress-ng --cpu 1 --cpu-load 92 --quiet --timeout 60s,23,4/27/2026,12:22:07,24.18,8.4,22.89
stress-ng --cpu 1 --cpu-load 92 --quiet --timeout 60s,23,4/27/2026,12:22:08,24.81,8.41,22.79
stress-ng --cpu 1 --cpu-load 92 --quiet --timeout 60s,23,4/27/2026,12:22:09,24.87,8.41,22.73
stress-ng --cpu 1 --cpu-load 92 --quiet --timeout 60s,23,4/27/2026,12:22:10,23.82,8.41,22.73
stress-ng --cpu 1 --cpu-load 92 --quiet --timeout 60s,23,4/27/2026,12:22:11,23.63,8.41,22.08
stress-ng --cpu 1 --cpu-load 92 --quiet --timeout 60s,23,4/27/2026,12:22:12,23.69,8.41,22.36
stress-ng --cpu 1 --cpu-load 92 --quiet --timeout 60s,23,4/27/2026,12:22:13,23.57,8.41,22.36
stress-ng --cpu 1 --cpu-load 92 --quiet --timeout 60s,23,4/27/2026,12:22:14,23.82,8.41,22.08
stress-ng --cpu 1 --cpu-load 92 --quiet --timeout 60s,23,4/27/2026,12:22:15,23.69,8.42,22.27
stress-ng --cpu 1 --cpu-load 92 --quiet --timeout 60s,23,4/27/2026,12:22:16,23.57,8.42,22.27
stress-ng --cpu 1 --cpu-load 92 --quiet --timeout 60s,23,4/27/2026,12:22:17,23.63,8.42,22.31
stress-ng --cpu 1 --cpu-load 92 --quiet --timeout 60s,23,4/27/2026,12:22:18,23.82,8.42,22.8
stress-ng --cpu 1 --cpu-load 92 --quiet --timeout 60s,23,4/27/2026,12:22:19,23.63,8.42,22.8
stress-ng --cpu 1 --cpu-load 92 --quiet --timeout 60s,23,4/27/2026,12:22:20,23.63,8.42,22.06
stress-ng --cpu 1 --cpu-load 92 --quiet --timeout 60s,23,4/27/2026,12:22:21,23.57,8.42,22.42
stress-ng --cpu 1 --cpu-load 92 --quiet --timeout 60s,23,4/27/2026,12:22:22,23.82,8.42,22.42
stress-ng --cpu 1 --cpu-load 92 --quiet --timeout 60s,23,4/27/2026,12:22:23,23.88,8.42,22.4
stress-ng --cpu 1 --cpu-load 92 --quiet --timeout 60s,23,4/27/2026,12:22:24,23.57,8.42,22.14
stress-ng --cpu 1 --cpu-load 92 --quiet --timeout 60s,23,4/27/2026,12:22:25,23.57,8.42,22.14
stress-ng --cpu 1 --cpu-load 92 --quiet --timeout 60s,23,4/27/2026,12:22:26,23.63,8.42,22.14
stress-ng --cpu 1 --cpu-load 92 --quiet --timeout 60s,23,4/27/2026,12:22:27,23.57,8.42,22.27
stress-ng --cpu 1 --cpu-load 92 --quiet --timeout 60s,23,4/27/2026,12:22:28,23.44,8.42,22.27
stress-ng --cpu 1 --cpu-load 92 --quiet --timeout 60s,23,4/27/2026,12:22:29,23.57,8.42,22.08
stress-ng --cpu 1 --cpu-load 92 --quiet --timeout 60s,23,4/27/2026,12:22:30,17.07,8.42,21.75
stress-ng --cpu 1 --cpu-load 92 --quiet --timeout 60s,23,4/27/2026,16:07:35,8.14,8.37,12.11
stress-ng --cpu 1 --cpu-load 92 --quiet --timeout 60s,23,4/27/2026,16:07:36,24.06,8.37,12.11
stress-ng --cpu 1 --cpu-load 92 --quiet --timeout 60s,23,4/27/2026,16:07:37,23.63,8.37,12.11
stress-ng --cpu 1 --cpu-load 92 --quiet --timeout 60s,23,4/27/2026,16:07:38,23.76,8.37,21.99
stress-ng --cpu 1 --cpu-load 92 --quiet --timeout 60s,23,4/27/2026,16:07:39,23.44,8.37,21.72
stress-ng --cpu 1 --cpu-load 92 --quiet --timeout 60s,23,4/27/2026,16:07:40,23.57,8.37,21.72
stress-ng --cpu 1 --cpu-load 92 --quiet --timeout 60s,23,4/27/2026,16:07:41,23.63,8.37,22.01
stress-ng --cpu 1 --cpu-load 92 --quiet --timeout 60s,23,4/27/2026,16:07:42,23.88,8.37,22.01
stress-ng --cpu 1 --cpu-load 92 --quiet --timeout 60s,23,4/27/2026,16:07:43,23.63,8.37,22.01
stress-ng --cpu 1 --cpu-load 92 --quiet --timeout 60s,23,4/27/2026,16:07:44,23.76,8.37,21.7
stress-ng --cpu 1 --cpu-load 92 --quiet --timeout 60s,23,4/27/2026,16:07:45,23.63,8.37,21.71
stress-ng --cpu 1 --cpu-load 92 --quiet --timeout 60s,23,4/27/2026,16:07:46,23.63,8.37,21.71
stress-ng --cpu 1 --cpu-load 92 --quiet --timeout 60s,23,4/27/2026,16:07:47,23.76,8.37,22.05
stress-ng --cpu 1 --cpu-load 92 --quiet --timeout 60s,23,4/27/2026,16:07:48,23.88,8.37,21.99
stress-ng --cpu 1 --cpu-load 92 --quiet --timeout 60s,23,4/27/2026,16:07:49,23.57,8.37,21.99
stress-ng --cpu 1 --cpu-load 92 --quiet --timeout 60s,23,4/27/2026,16:07:50,23.57,8.37,21.8
stress-ng --cpu 1 --cpu-load 92 --quiet --timeout 60s,23,4/27/2026,16:07:51,23.69,8.37,21.83
stress-ng --cpu 1 --cpu-load 92 --quiet --timeout 60s,23,4/27/2026,16:07:52,23.76,8.37,21.83
stress-ng --cpu 1 --cpu-load 92 --quiet --timeout 60s,23,4/27/2026,16:07:53,23.44,8.36,21.96
stress-ng --cpu 1 --cpu-load 92 --quiet --timeout 60s,23,4/27/2026,16:07:54,23.76,8.36,22.02
stress-ng --cpu 1 --cpu-load 92 --quiet --timeout 60s,23,4/27/2026,16:07:55,23.69,8.36,21.76
stress-ng --cpu 1 --cpu-load 92 --quiet --timeout 60s,23,4/27/2026,16:07:56,23.57,8.36,22.17
stress-ng --cpu 1 --cpu-load 92 --quiet --timeout 60s,23,4/27/2026,16:07:57,23.76,8.36,22.17
stress-ng --cpu 1 --cpu-load 92 --quiet --timeout 60s,23,4/27/2026,16:07:58,23.69,8.36,22.14
stress-ng --cpu 1 --cpu-load 92 --quiet --timeout 60s,23,4/27/2026,16:07:59,23.63,8.36,21.77
stress-ng --cpu 1 --cpu-load 92 --quiet --timeout 60s,23,4/27/2026,16:08:00,23.63,8.36,21.77
stress-ng --cpu 1 --cpu-load 92 --quiet --timeout 60s,23,4/27/2026,16:08:01,23.82,8.36,22.2
stress-ng --cpu 1 --cpu-load 92 --quiet --timeout 60s,23,4/27/2026,16:08:02,23.19,8.36,21.77
stress-ng --cpu 1 --cpu-load 92 --quiet --timeout 60s,23,4/27/2026,16:08:03,23.57,8.36,21.77
stress-ng --cpu 1 --cpu-load 92 --quiet --timeout 60s,23,4/27/2026,16:08:04,23.94,8.36,22.01
stress-ng --cpu 1 --cpu-load 92 --quiet --timeout 60s,23,4/27/2026,16:08:05,23.57,8.36,21.96
stress-ng --cpu 1 --cpu-load 92 --quiet --timeout 60s,23,4/27/2026,16:08:06,23.82,8.36,21.96
stress-ng --cpu 1 --cpu-load 92 --quiet --timeout 60s,23,4/27/2026,16:08:07,23.63,8.36,22.72
stress-ng --cpu 1 --cpu-load 92 --quiet --timeout 60s,23,4/27/2026,16:08:08,23.57,8.36,21.94
stress-ng --cpu 1 --cpu-load 92 --quiet --timeout 60s,23,4/27/2026,16:08:09,23.44,8.36,21.94
stress-ng --cpu 1 --cpu-load 92 --quiet --timeout 60s,23,4/27/2026,16:08:10,23.88,8.36,22.08
stress-ng --cpu 1 --cpu-load 92 --quiet --timeout 60s,23,4/27/2026,16:08:11,23.76,8.36,22.11
stress-ng --cpu 1 --cpu-load 92 --quiet --timeout 60s,23,4/27/2026,16:08:12,23.69,8.36,22.11
stress-ng --cpu 1 --cpu-load 92 --quiet --timeout 60s,23,4/27/2026,16:08:13,23.82,8.37,22.35
stress-ng --cpu 1 --cpu-load 92 --quiet --timeout 60s,23,4/27/2026,16:08:14,23.38,8.36,21.85
stress-ng --cpu 1 --cpu-load 92 --quiet --timeout 60s,23,4/27/2026,16:08:15,23.57,8.36,21.85
stress-ng --cpu 1 --cpu-load 92 --quiet --timeout 60s,23,4/27/2026,16:08:16,23.82,8.36,22.08
stress-ng --cpu 1 --cpu-load 92 --quiet --timeout 60s,23,4/27/2026,16:08:17,23.44,8.37,21.89
stress-ng --cpu 1 --cpu-load 92 --quiet --timeout 60s,23,4/27/2026,16:08:18,23.63,8.37,21.89
stress-ng --cpu 1 --cpu-load 92 --quiet --timeout 60s,23,4/27/2026,16:08:19,23.51,8.37,22.01
stress-ng --cpu 1 --cpu-load 92 --quiet --timeout 60s,23,4/27/2026,16:08:20,24,8.37,21.96
stress-ng --cpu 1 --cpu-load 92 --quiet --timeout 60s,23,4/27/2026,16:08:21,23.88,8.37,21.96
stress-ng --cpu 1 --cpu-load 92 --quiet --timeout 60s,23,4/27/2026,16:08:22,23.57,8.37,22.42
stress-ng --cpu 1 --cpu-load 92 --quiet --timeout 60s,23,4/27/2026,16:08:23,23.63,8.37,22.02
stress-ng --cpu 1 --cpu-load 92 --quiet --timeout 60s,23,4/27/2026,16:08:24,23.51,8.37,22.02
stress-ng --cpu 1 --cpu-load 92 --quiet --timeout 60s,23,4/27/2026,16:08:25,23.63,8.37,22.29
stress-ng --cpu 1 --cpu-load 92 --quiet --timeout 60s,23,4/27/2026,16:08:26,23.57,8.37,21.87
stress-ng --cpu 1 --cpu-load 92 --quiet --timeout 60s,23,4/27/2026,16:08:27,23.38,8.37,21.87
stress-ng --cpu 1 --cpu-load 92 --quiet --timeout 60s,23,4/27/2026,16:08:28,23.63,8.37,22.35
stress-ng --cpu 1 --cpu-load 92 --quiet --timeout 60s,23,4/27/2026,16:08:29,23.57,8.37,22.205
stress-ng --cpu 1 --cpu-load 92 --quiet --timeout 60s,23,4/27/2026,16:08:30,23.44,8.37,22.06
stress-ng --cpu 1 --cpu-load 92 --quiet --timeout 60s,23,4/27/2026,16:08:31,23.57,8.38,22.06
stress-ng --cpu 1 --cpu-load 92 --quiet --timeout 60s,23,4/27/2026,16:08:32,23.82,8.38,21.86
stress-ng --cpu 1 --cpu-load 92 --quiet --timeout 60s,23,4/27/2026,16:08:33,23.44,8.38,22.4
stress-ng --cpu 1 --cpu-load 92 --quiet --timeout 60s,23,4/27/2026,16:08:34,23.7,8.38,22.4
stress-ng --cpu 1 --cpu-load 92 --quiet --timeout 60s,23,4/27/2026,16:08:35,9.18,8.37,22.01
stress-ng --cpu 1 --cpu-load 92 --quiet --timeout 60s,23,4/27/2026,17:25:36,1.22,8.39,9.25
stress-ng --cpu 1 --cpu-load 92 --quiet --timeout 60s,23,4/27/2026,17:25:37,3.45,8.41,9.25
stress-ng --cpu 1 --cpu-load 92 --quiet --timeout 60s,23,4/27/2026,17:25:38,23.5,8.41,22.01
stress-ng --cpu 1 --cpu-load 92 --quiet --timeout 60s,23,4/27/2026,17:25:39,23.82,8.41,22.01
stress-ng --cpu 1 --cpu-load 92 --quiet --timeout 60s,23,4/27/2026,17:25:40,23.57,8.41,22.01
stress-ng --cpu 1 --cpu-load 92 --quiet --timeout 60s,23,4/27/2026,17:25:41,23.63,8.41,21.87
stress-ng --cpu 1 --cpu-load 92 --quiet --timeout 60s,23,4/27/2026,17:25:42,23.57,8.41,21.66
stress-ng --cpu 1 --cpu-load 92 --quiet --timeout 60s,23,4/27/2026,17:25:43,23.82,8.41,21.66
stress-ng --cpu 1 --cpu-load 92 --quiet --timeout 60s,23,4/27/2026,17:25:44,23.44,8.41,21.81
stress-ng --cpu 1 --cpu-load 92 --quiet --timeout 60s,23,4/27/2026,17:25:45,23.38,8.41,21.94
stress-ng --cpu 1 --cpu-load 92 --quiet --timeout 60s,23,4/27/2026,17:25:46,23.63,8.41,21.94
stress-ng --cpu 1 --cpu-load 92 --quiet --timeout 60s,23,4/27/2026,17:25:47,23.57,8.41,21.57
stress-ng --cpu 1 --cpu-load 92 --quiet --timeout 60s,23,4/27/2026,17:25:48,23.88,8.41,22.05
stress-ng --cpu 1 --cpu-load 92 --quiet --timeout 60s,23,4/27/2026,17:25:49,23.76,8.41,22.05
stress-ng --cpu 1 --cpu-load 92 --quiet --timeout 60s,23,4/27/2026,17:25:50,23.38,8.41,22.35
stress-ng --cpu 1 --cpu-load 92 --quiet --timeout 60s,23,4/27/2026,17:25:51,23.82,8.41,21.81
stress-ng --cpu 1 --cpu-load 92 --quiet --timeout 60s,23,4/27/2026,17:25:52,23.38,8.41,21.81
stress-ng --cpu 1 --cpu-load 92 --quiet --timeout 60s,23,4/27/2026,17:25:53,23.63,8.41,21.65
stress-ng --cpu 1 --cpu-load 92 --quiet --timeout 60s,23,4/27/2026,17:25:54,23.63,8.41,22.11
stress-ng --cpu 1 --cpu-load 92 --quiet --timeout 60s,23,4/27/2026,17:25:55,23.63,8.41,22.11
stress-ng --cpu 1 --cpu-load 92 --quiet --timeout 60s,23,4/27/2026,17:25:56,23.57,8.41,21.64
stress-ng --cpu 1 --cpu-load 92 --quiet --timeout 60s,23,4/27/2026,17:25:57,23.63,8.41,21.75
stress-ng --cpu 1 --cpu-load 92 --quiet --timeout 60s,23,4/27/2026,17:25:58,23.57,8.41,21.75
stress-ng --cpu 1 --cpu-load 92 --quiet --timeout 60s,23,4/27/2026,17:25:59,23.69,8.41,22.26
stress-ng --cpu 1 --cpu-load 92 --quiet --timeout 60s,23,4/27/2026,17:26:00,23.82,8.41,22.01
stress-ng --cpu 1 --cpu-load 92 --quiet --timeout 60s,23,4/27/2026,17:26:01,23.57,8.41,22.01
stress-ng --cpu 1 --cpu-load 92 --quiet --timeout 60s,23,4/27/2026,17:26:02,23.63,8.41,21.71
stress-ng --cpu 1 --cpu-load 92 --quiet --timeout 60s,23,4/27/2026,17:26:03,23.57,8.41,21.8
stress-ng --cpu 1 --cpu-load 92 --quiet --timeout 60s,23,4/27/2026,17:26:04,23.82,8.41,21.8
stress-ng --cpu 1 --cpu-load 92 --quiet --timeout 60s,23,4/27/2026,17:26:05,23.5,8.41,22.04
stress-ng --cpu 1 --cpu-load 92 --quiet --timeout 60s,23,4/27/2026,17:26:06,23.57,8.41,21.86
stress-ng --cpu 1 --cpu-load 92 --quiet --timeout 60s,23,4/27/2026,17:26:07,23.82,8.41,21.86
stress-ng --cpu 1 --cpu-load 92 --quiet --timeout 60s,23,4/27/2026,17:26:08,23.63,8.41,21.77
stress-ng --cpu 1 --cpu-load 92 --quiet --timeout 60s,23,4/27/2026,17:26:09,23.69,8.41,22.4
stress-ng --cpu 1 --cpu-load 92 --quiet --timeout 60s,23,4/27/2026,17:26:10,23.63,8.41,22.4
stress-ng --cpu 1 --cpu-load 92 --quiet --timeout 60s,23,4/27/2026,17:26:11,23.57,8.41,21.83
stress-ng --cpu 1 --cpu-load 92 --quiet --timeout 60s,23,4/27/2026,17:26:12,23.63,8.41,22.02
stress-ng --cpu 1 --cpu-load 92 --quiet --timeout 60s,23,4/27/2026,17:26:13,23.76,8.41,22.02
stress-ng --cpu 1 --cpu-load 92 --quiet --timeout 60s,23,4/27/2026,17:26:14,23.63,8.41,22.14
stress-ng --cpu 1 --cpu-load 92 --quiet --timeout 60s,23,4/27/2026,17:26:15,23.88,8.41,21.93
stress-ng --cpu 1 --cpu-load 92 --quiet --timeout 60s,23,4/27/2026,17:26:16,23.57,8.41,21.93
stress-ng --cpu 1 --cpu-load 92 --quiet --timeout 60s,23,4/27/2026,17:26:17,23.44,8.41,22.14
stress-ng --cpu 1 --cpu-load 92 --quiet --timeout 60s,23,4/27/2026,17:26:18,23.76,8.41,21.93
stress-ng --cpu 1 --cpu-load 92 --quiet --timeout 60s,23,4/27/2026,17:26:19,23.63,8.41,21.93
stress-ng --cpu 1 --cpu-load 92 --quiet --timeout 60s,23,4/27/2026,17:26:20,23.44,8.41,22.04
stress-ng --cpu 1 --cpu-load 92 --quiet --timeout 60s,23,4/27/2026,17:26:21,23.57,8.41,21.89
stress-ng --cpu 1 --cpu-load 92 --quiet --timeout 60s,23,4/27/2026,17:26:22,23.63,8.41,21.89
stress-ng --cpu 1 --cpu-load 92 --quiet --timeout 60s,23,4/27/2026,17:26:23,23.63,8.41,21.9
stress-ng --cpu 1 --cpu-load 92 --quiet --timeout 60s,23,4/27/2026,17:26:24,23.57,8.41,22.17
stress-ng --cpu 1 --cpu-load 92 --quiet --timeout 60s,23,4/27/2026,17:26:25,23.44,8.41,22.17
stress-ng --cpu 1 --cpu-load 92 --quiet --timeout 60s,23,4/27/2026,17:26:26,23.57,8.41,22.11
stress-ng --cpu 1 --cpu-load 92 --quiet --timeout 60s,23,4/27/2026,17:26:27,23.63,8.41,22.04
stress-ng --cpu 1 --cpu-load 92 --quiet --timeout 60s,23,4/27/2026,17:26:28,23.63,8.41,22.04
stress-ng --cpu 1 --cpu-load 92 --quiet --timeout 60s,23,4/27/2026,17:26:29,23.82,8.41,22.17
stress-ng --cpu 1 --cpu-load 92 --quiet --timeout 60s,23,4/27/2026,17:26:30,23.82,8.41,22.29
stress-ng --cpu 1 --cpu-load 92 --quiet --timeout 60s,23,4/27/2026,17:26:31,23.57,8.41,22.29
stress-ng --cpu 1 --cpu-load 92 --quiet --timeout 60s,23,4/27/2026,17:26:32,23.63,8.41,21.81
stress-ng --cpu 1 --cpu-load 92 --quiet --timeout 60s,23,4/27/2026,17:26:33,23.57,8.41,21.88
stress-ng --cpu 1 --cpu-load 92 --quiet --timeout 60s,23,4/27/2026,17:26:34,23.57,8.41,21.88
stress-ng --cpu 1 --cpu-load 92 --quiet --timeout 60s,23,4/27/2026,17:26:35,23.69,8.41,22.45
stress-ng --cpu 1 --cpu-load 92 --quiet --timeout 60s,23,4/27/2026,17:26:36,23.57,8.41,22.13
stress-ng --cpu 1 --cpu-load 96 --quiet --timeout 60s,24,4/27/2026,12:33:30,3.7,8.4,9.6
stress-ng --cpu 1 --cpu-load 96 --quiet --timeout 60s,24,4/27/2026,12:33:31,24.56,8.4,9.6
stress-ng --cpu 1 --cpu-load 96 --quiet --timeout 60s,24,4/27/2026,12:33:32,24.43,8.4,22.18
stress-ng --cpu 1 --cpu-load 96 --quiet --timeout 60s,24,4/27/2026,12:33:33,25,8.4,22.145
stress-ng --cpu 1 --cpu-load 96 --quiet --timeout 60s,24,4/27/2026,12:33:34,24.56,8.4,22.11
stress-ng --cpu 1 --cpu-load 96 --quiet --timeout 60s,24,4/27/2026,12:33:35,24.62,8.4,22.11
stress-ng --cpu 1 --cpu-load 96 --quiet --timeout 60s,24,4/27/2026,12:33:36,24.75,8.4,22.14
stress-ng --cpu 1 --cpu-load 96 --quiet --timeout 60s,24,4/27/2026,12:33:37,24.56,8.4,22.33
stress-ng --cpu 1 --cpu-load 96 --quiet --timeout 60s,24,4/27/2026,12:33:38,24.43,8.4,22.33
stress-ng --cpu 1 --cpu-load 96 --quiet --timeout 60s,24,4/27/2026,12:33:39,24.56,8.4,21.98
stress-ng --cpu 1 --cpu-load 96 --quiet --timeout 60s,24,4/27/2026,12:33:40,24.68,8.4,22.15
stress-ng --cpu 1 --cpu-load 96 --quiet --timeout 60s,24,4/27/2026,12:33:41,24.56,8.4,22.15
stress-ng --cpu 1 --cpu-load 96 --quiet --timeout 60s,24,4/27/2026,12:33:42,24.81,8.4,22.1
stress-ng --cpu 1 --cpu-load 96 --quiet --timeout 60s,24,4/27/2026,12:33:43,24.56,8.4,22.44
stress-ng --cpu 1 --cpu-load 96 --quiet --timeout 60s,24,4/27/2026,12:33:44,24.62,8.4,22.44
stress-ng --cpu 1 --cpu-load 96 --quiet --timeout 60s,24,4/27/2026,12:33:45,24.56,8.4,22.44
stress-ng --cpu 1 --cpu-load 96 --quiet --timeout 60s,24,4/27/2026,12:33:46,24.62,8.4,22.05
stress-ng --cpu 1 --cpu-load 96 --quiet --timeout 60s,24,4/27/2026,12:33:47,24.69,8.4,22.05
stress-ng --cpu 1 --cpu-load 96 --quiet --timeout 60s,24,4/27/2026,12:33:48,24.56,8.4,22.7
stress-ng --cpu 1 --cpu-load 96 --quiet --timeout 60s,24,4/27/2026,12:33:49,24.68,8.4,22.47
stress-ng --cpu 1 --cpu-load 96 --quiet --timeout 60s,24,4/27/2026,12:33:50,24.93,8.4,22.47
stress-ng --cpu 1 --cpu-load 96 --quiet --timeout 60s,24,4/27/2026,12:33:51,24.25,8.4,22.27
stress-ng --cpu 1 --cpu-load 96 --quiet --timeout 60s,24,4/27/2026,12:33:52,24.75,8.4,22.62
stress-ng --cpu 1 --cpu-load 96 --quiet --timeout 60s,24,4/27/2026,12:33:53,24.37,8.39,22.62
stress-ng --cpu 1 --cpu-load 96 --quiet --timeout 60s,24,4/27/2026,12:33:54,24.62,8.39,22.49
stress-ng --cpu 1 --cpu-load 96 --quiet --timeout 60s,24,4/27/2026,12:33:55,24.56,8.39,22.32
stress-ng --cpu 1 --cpu-load 96 --quiet --timeout 60s,24,4/27/2026,12:33:56,24.37,8.39,22.32
stress-ng --cpu 1 --cpu-load 96 --quiet --timeout 60s,24,4/27/2026,12:33:57,24.81,8.39,22.25
stress-ng --cpu 1 --cpu-load 96 --quiet --timeout 60s,24,4/27/2026,12:33:58,24.62,8.39,22.6
stress-ng --cpu 1 --cpu-load 96 --quiet --timeout 60s,24,4/27/2026,12:33:59,24.37,8.39,22.6
stress-ng --cpu 1 --cpu-load 96 --quiet --timeout 60s,24,4/27/2026,12:34:00,24.62,8.39,22.25
stress-ng --cpu 1 --cpu-load 96 --quiet --timeout 60s,24,4/27/2026,12:34:01,24.56,8.39,22.29
stress-ng --cpu 1 --cpu-load 96 --quiet --timeout 60s,24,4/27/2026,12:34:02,24.62,8.39,23.75
stress-ng --cpu 1 --cpu-load 96 --quiet --timeout 60s,24,4/27/2026,12:34:03,25,8.39,23.75
stress-ng --cpu 1 --cpu-load 96 --quiet --timeout 60s,24,4/27/2026,12:34:04,24.68,8.39,22.4
stress-ng --cpu 1 --cpu-load 96 --quiet --timeout 60s,24,4/27/2026,12:34:05,24.56,8.39,22.4
stress-ng --cpu 1 --cpu-load 96 --quiet --timeout 60s,24,4/27/2026,12:34:06,24.62,8.39,22.42
stress-ng --cpu 1 --cpu-load 96 --quiet --timeout 60s,24,4/27/2026,12:34:07,24.87,8.39,22.63
stress-ng --cpu 1 --cpu-load 96 --quiet --timeout 60s,24,4/27/2026,12:34:08,24.56,8.39,22.63
stress-ng --cpu 1 --cpu-load 96 --quiet --timeout 60s,24,4/27/2026,12:34:09,25.06,8.39,22.49
stress-ng --cpu 1 --cpu-load 96 --quiet --timeout 60s,24,4/27/2026,12:34:10,24.68,8.39,22.42
stress-ng --cpu 1 --cpu-load 96 --quiet --timeout 60s,24,4/27/2026,12:34:11,24.56,8.39,22.42
stress-ng --cpu 1 --cpu-load 96 --quiet --timeout 60s,24,4/27/2026,12:34:12,24.37,8.39,22.44
stress-ng --cpu 1 --cpu-load 96 --quiet --timeout 60s,24,4/27/2026,12:34:13,24.81,8.39,22.66
stress-ng --cpu 1 --cpu-load 96 --quiet --timeout 60s,24,4/27/2026,12:34:14,24.81,8.39,22.66
stress-ng --cpu 1 --cpu-load 96 --quiet --timeout 60s,24,4/27/2026,12:34:15,24.56,8.39,22.95
stress-ng --cpu 1 --cpu-load 96 --quiet --timeout 60s,24,4/27/2026,12:34:16,24.43,8.39,22.34
stress-ng --cpu 1 --cpu-load 96 --quiet --timeout 60s,24,4/27/2026,12:34:17,24.81,8.39,22.34
stress-ng --cpu 1 --cpu-load 96 --quiet --timeout 60s,24,4/27/2026,12:34:18,24.62,8.39,22.7
stress-ng --cpu 1 --cpu-load 96 --quiet --timeout 60s,24,4/27/2026,12:34:19,24.56,8.39,22.27
stress-ng --cpu 1 --cpu-load 96 --quiet --timeout 60s,24,4/27/2026,12:34:20,24.81,8.39,22.27
stress-ng --cpu 1 --cpu-load 96 --quiet --timeout 60s,24,4/27/2026,12:34:21,24.62,8.39,22.73
stress-ng --cpu 1 --cpu-load 96 --quiet --timeout 60s,24,4/27/2026,12:34:22,24.62,8.4,22.7
stress-ng --cpu 1 --cpu-load 96 --quiet --timeout 60s,24,4/27/2026,12:34:23,24.56,8.4,22.7
stress-ng --cpu 1 --cpu-load 96 --quiet --timeout 60s,24,4/27/2026,12:34:24,24.81,8.4,22.34
stress-ng --cpu 1 --cpu-load 96 --quiet --timeout 60s,24,4/27/2026,12:34:25,24.68,8.4,22.46
stress-ng --cpu 1 --cpu-load 96 --quiet --timeout 60s,24,4/27/2026,12:34:26,24.75,8.4,22.46
stress-ng --cpu 1 --cpu-load 96 --quiet --timeout 60s,24,4/27/2026,12:34:27,24.62,8.4,22.36
stress-ng --cpu 1 --cpu-load 96 --quiet --timeout 60s,24,4/27/2026,12:34:28,24.56,8.4,22.97
stress-ng --cpu 1 --cpu-load 96 --quiet --timeout 60s,24,4/27/2026,12:34:29,24.62,8.4,22.97
stress-ng --cpu 1 --cpu-load 96 --quiet --timeout 60s,24,4/27/2026,12:34:30,14.1,8.38,22.4
stress-ng --cpu 1 --cpu-load 96 --quiet --timeout 60s,24,4/27/2026,14:43:33,5.95,8.37,11.29
stress-ng --cpu 1 --cpu-load 96 --quiet --timeout 60s,24,4/27/2026,14:43:34,24.62,8.37,11.29
stress-ng --cpu 1 --cpu-load 96 --quiet --timeout 60s,24,4/27/2026,14:43:35,24.75,8.37,11.29
stress-ng --cpu 1 --cpu-load 96 --quiet --timeout 60s,24,4/27/2026,14:43:36,24.43,8.36,22.62
stress-ng --cpu 1 --cpu-load 96 --quiet --timeout 60s,24,4/27/2026,14:43:37,24.56,8.36,22.19
stress-ng --cpu 1 --cpu-load 96 --quiet --timeout 60s,24,4/27/2026,14:43:38,24.62,8.36,22.19
stress-ng --cpu 1 --cpu-load 96 --quiet --timeout 60s,24,4/27/2026,14:43:39,24.62,8.36,22.6
stress-ng --cpu 1 --cpu-load 96 --quiet --timeout 60s,24,4/27/2026,14:43:40,24.81,8.36,22.6
stress-ng --cpu 1 --cpu-load 96 --quiet --timeout 60s,24,4/27/2026,14:43:41,24.75,8.36,22.6
stress-ng --cpu 1 --cpu-load 96 --quiet --timeout 60s,24,4/27/2026,14:43:42,24.62,8.36,22.34
stress-ng --cpu 1 --cpu-load 96 --quiet --timeout 60s,24,4/27/2026,14:43:43,24.62,8.36,22.32
stress-ng --cpu 1 --cpu-load 96 --quiet --timeout 60s,24,4/27/2026,14:43:44,24.56,8.36,22.32
stress-ng --cpu 1 --cpu-load 96 --quiet --timeout 60s,24,4/27/2026,14:43:45,24.62,8.36,22.25
stress-ng --cpu 1 --cpu-load 96 --quiet --timeout 60s,24,4/27/2026,14:43:46,24.56,8.36,22.56
stress-ng --cpu 1 --cpu-load 96 --quiet --timeout 60s,24,4/27/2026,14:43:47,24.62,8.36,22.56
stress-ng --cpu 1 --cpu-load 96 --quiet --timeout 60s,24,4/27/2026,14:43:48,24.56,8.36,22.28
stress-ng --cpu 1 --cpu-load 96 --quiet --timeout 60s,24,4/27/2026,14:43:49,24.62,8.36,22.27
stress-ng --cpu 1 --cpu-load 96 --quiet --timeout 60s,24,4/27/2026,14:43:50,24.43,8.36,22.27
stress-ng --cpu 1 --cpu-load 96 --quiet --timeout 60s,24,4/27/2026,14:43:51,24.56,8.36,22.23
stress-ng --cpu 1 --cpu-load 96 --quiet --timeout 60s,24,4/27/2026,14:43:52,25.06,8.36,22.29
stress-ng --cpu 1 --cpu-load 96 --quiet --timeout 60s,24,4/27/2026,14:43:53,24.18,8.36,22.29
stress-ng --cpu 1 --cpu-load 96 --quiet --timeout 60s,24,4/27/2026,14:43:54,24.75,8.36,22.16
stress-ng --cpu 1 --cpu-load 96 --quiet --timeout 60s,24,4/27/2026,14:43:55,24.62,8.36,22.68
stress-ng --cpu 1 --cpu-load 96 --quiet --timeout 60s,24,4/27/2026,14:43:56,24.56,8.36,22.68
stress-ng --cpu 1 --cpu-load 96 --quiet --timeout 60s,24,4/27/2026,14:43:57,24.31,8.36,22.29
stress-ng --cpu 1 --cpu-load 96 --quiet --timeout 60s,24,4/27/2026,14:43:58,24.81,8.36,22.29
stress-ng --cpu 1 --cpu-load 96 --quiet --timeout 60s,24,4/27/2026,14:43:59,24.69,8.36,22.29
stress-ng --cpu 1 --cpu-load 96 --quiet --timeout 60s,24,4/27/2026,14:44:00,24.68,8.36,22.31
stress-ng --cpu 1 --cpu-load 96 --quiet --timeout 60s,24,4/27/2026,14:44:01,24.81,8.36,23.14
stress-ng --cpu 1 --cpu-load 96 --quiet --timeout 60s,24,4/27/2026,14:44:02,24.56,8.36,23.14
stress-ng --cpu 1 --cpu-load 96 --quiet --timeout 60s,24,4/27/2026,14:44:03,24.56,8.36,22.34
stress-ng --cpu 1 --cpu-load 96 --quiet --timeout 60s,24,4/27/2026,14:44:04,24.75,8.36,22.48
stress-ng --cpu 1 --cpu-load 96 --quiet --timeout 60s,24,4/27/2026,14:44:05,24.87,8.36,22.48
stress-ng --cpu 1 --cpu-load 96 --quiet --timeout 60s,24,4/27/2026,14:44:06,24.56,8.36,22.92
stress-ng --cpu 1 --cpu-load 96 --quiet --timeout 60s,24,4/27/2026,14:44:07,24.75,8.36,22.44
stress-ng --cpu 1 --cpu-load 96 --quiet --timeout 60s,24,4/27/2026,14:44:08,24.56,8.36,22.44
stress-ng --cpu 1 --cpu-load 96 --quiet --timeout 60s,24,4/27/2026,14:44:09,24.62,8.36,22.4
stress-ng --cpu 1 --cpu-load 96 --quiet --timeout 60s,24,4/27/2026,14:44:10,24.62,8.36,22.75
stress-ng --cpu 1 --cpu-load 96 --quiet --timeout 60s,24,4/27/2026,14:44:11,24.75,8.36,22.75
stress-ng --cpu 1 --cpu-load 96 --quiet --timeout 60s,24,4/27/2026,14:44:12,24.56,8.36,22.79
stress-ng --cpu 1 --cpu-load 96 --quiet --timeout 60s,24,4/27/2026,14:44:13,24.68,8.36,22.67
stress-ng --cpu 1 --cpu-load 96 --quiet --timeout 60s,24,4/27/2026,14:44:14,24.56,8.36,22.67
stress-ng --cpu 1 --cpu-load 96 --quiet --timeout 60s,24,4/27/2026,14:44:15,24.56,8.36,22.36
stress-ng --cpu 1 --cpu-load 96 --quiet --timeout 60s,24,4/27/2026,14:44:16,24.81,8.36,22.85
stress-ng --cpu 1 --cpu-load 96 --quiet --timeout 60s,24,4/27/2026,14:44:17,24.56,8.36,22.85
stress-ng --cpu 1 --cpu-load 96 --quiet --timeout 60s,24,4/27/2026,14:44:18,24.43,8.36,22.42
stress-ng --cpu 1 --cpu-load 96 --quiet --timeout 60s,24,4/27/2026,14:44:19,24.81,8.36,22.37
stress-ng --cpu 1 --cpu-load 96 --quiet --timeout 60s,24,4/27/2026,14:44:20,24.75,8.37,22.37
stress-ng --cpu 1 --cpu-load 96 --quiet --timeout 60s,24,4/27/2026,14:44:21,24.43,8.37,22.69
stress-ng --cpu 1 --cpu-load 96 --quiet --timeout 60s,24,4/27/2026,14:44:22,24.56,8.37,22.29
stress-ng --cpu 1 --cpu-load 96 --quiet --timeout 60s,24,4/27/2026,14:44:23,24.62,8.37,22.29
stress-ng --cpu 1 --cpu-load 96 --quiet --timeout 60s,24,4/27/2026,14:44:24,24.43,8.37,22.4
stress-ng --cpu 1 --cpu-load 96 --quiet --timeout 60s,24,4/27/2026,14:44:25,24.75,8.37,22.59
stress-ng --cpu 1 --cpu-load 96 --quiet --timeout 60s,24,4/27/2026,14:44:26,24.81,8.37,22.59
stress-ng --cpu 1 --cpu-load 96 --quiet --timeout 60s,24,4/27/2026,14:44:27,24.37,8.37,22.5
stress-ng --cpu 1 --cpu-load 96 --quiet --timeout 60s,24,4/27/2026,14:44:28,24.87,8.37,22.38
stress-ng --cpu 1 --cpu-load 96 --quiet --timeout 60s,24,4/27/2026,14:44:29,24.56,8.37,22.38
stress-ng --cpu 1 --cpu-load 96 --quiet --timeout 60s,24,4/27/2026,14:44:30,24.37,8.37,22.49
stress-ng --cpu 1 --cpu-load 96 --quiet --timeout 60s,24,4/27/2026,14:44:31,24.62,8.37,22.65
stress-ng --cpu 1 --cpu-load 96 --quiet --timeout 60s,24,4/27/2026,14:44:32,24.81,8.37,22.65
stress-ng --cpu 1 --cpu-load 96 --quiet --timeout 60s,24,4/27/2026,14:44:33,11.16,8.37,22.95
stress-ng --cpu 1 --cpu-load 96 --quiet --timeout 60s,24,4/27/2026,17:41:37,3.7,8.39,9.46
stress-ng --cpu 1 --cpu-load 96 --quiet --timeout 60s,24,4/27/2026,17:41:38,24.62,8.39,16.87
stress-ng --cpu 1 --cpu-load 96 --quiet --timeout 60s,24,4/27/2026,17:41:39,24.87,8.39,16.87
stress-ng --cpu 1 --cpu-load 96 --quiet --timeout 60s,24,4/27/2026,17:41:40,24.56,8.39,16.87
stress-ng --cpu 1 --cpu-load 96 --quiet --timeout 60s,24,4/27/2026,17:41:41,24.62,8.39,22.2
stress-ng --cpu 1 --cpu-load 96 --quiet --timeout 60s,24,4/27/2026,17:41:42,24.56,8.39,22.06
stress-ng --cpu 1 --cpu-load 96 --quiet --timeout 60s,24,4/27/2026,17:41:43,24.43,8.39,22.06
stress-ng --cpu 1 --cpu-load 96 --quiet --timeout 60s,24,4/27/2026,17:41:44,24.62,8.4,22.33
stress-ng --cpu 1 --cpu-load 96 --quiet --timeout 60s,24,4/27/2026,17:41:45,25.55,8.4,22.33
stress-ng --cpu 1 --cpu-load 96 --quiet --timeout 60s,24,4/27/2026,17:41:46,24.56,8.4,22.33
stress-ng --cpu 1 --cpu-load 96 --quiet --timeout 60s,24,4/27/2026,17:41:47,24.62,8.4,22.44
stress-ng --cpu 1 --cpu-load 96 --quiet --timeout 60s,24,4/27/2026,17:41:48,24.81,8.4,22.48
stress-ng --cpu 1 --cpu-load 96 --quiet --timeout 60s,24,4/27/2026,17:41:49,24.62,8.4,22.48
stress-ng --cpu 1 --cpu-load 96 --quiet --timeout 60s,24,4/27/2026,17:41:50,24.62,8.4,22.44
stress-ng --cpu 1 --cpu-load 96 --quiet --timeout 60s,24,4/27/2026,17:41:51,24.56,8.4,22.05
stress-ng --cpu 1 --cpu-load 96 --quiet --timeout 60s,24,4/27/2026,17:41:52,25.06,8.4,22.26
stress-ng --cpu 1 --cpu-load 96 --quiet --timeout 60s,24,4/27/2026,17:41:53,24.37,8.4,22.09
stress-ng --cpu 1 --cpu-load 96 --quiet --timeout 60s,24,4/27/2026,17:41:54,24.62,8.4,22.09
stress-ng --cpu 1 --cpu-load 96 --quiet --timeout 60s,24,4/27/2026,17:41:55,25.06,8.4,22.51
stress-ng --cpu 1 --cpu-load 96 --quiet --timeout 60s,24,4/27/2026,17:41:56,24.62,8.4,22.21
stress-ng --cpu 1 --cpu-load 96 --quiet --timeout 60s,24,4/27/2026,17:41:57,24.62,8.4,22.21
stress-ng --cpu 1 --cpu-load 96 --quiet --timeout 60s,24,4/27/2026,17:41:58,24.56,8.4,22.28
stress-ng --cpu 1 --cpu-load 96 --quiet --timeout 60s,24,4/27/2026,17:41:59,24.43,8.41,22.65
stress-ng --cpu 1 --cpu-load 96 --quiet --timeout 60s,24,4/27/2026,17:42:00,25,8.41,22.65
stress-ng --cpu 1 --cpu-load 96 --quiet --timeout 60s,24,4/27/2026,17:42:01,24.56,8.41,22.6
stress-ng --cpu 1 --cpu-load 96 --quiet --timeout 60s,24,4/27/2026,17:42:02,24.43,8.41,22.22
stress-ng --cpu 1 --cpu-load 96 --quiet --timeout 60s,24,4/27/2026,17:42:03,24.81,8.41,22.22
stress-ng --cpu 1 --cpu-load 96 --quiet --timeout 60s,24,4/27/2026,17:42:04,24.62,8.41,22.79
stress-ng --cpu 1 --cpu-load 96 --quiet --timeout 60s,24,4/27/2026,17:42:05,24.62,8.41,22.19
stress-ng --cpu 1 --cpu-load 96 --quiet --timeout 60s,24,4/27/2026,17:42:06,24.81,8.41,22.19
stress-ng --cpu 1 --cpu-load 96 --quiet --timeout 60s,24,4/27/2026,17:42:07,24.81,8.41,22.46
stress-ng --cpu 1 --cpu-load 96 --quiet --timeout 60s,24,4/27/2026,17:42:08,24.81,8.41,23.15
stress-ng --cpu 1 --cpu-load 96 --quiet --timeout 60s,24,4/27/2026,17:42:09,24.56,8.41,23.15
stress-ng --cpu 1 --cpu-load 96 --quiet --timeout 60s,24,4/27/2026,17:42:10,24.87,8.41,22.68
stress-ng --cpu 1 --cpu-load 96 --quiet --timeout 60s,24,4/27/2026,17:42:11,24.37,8.41,22.2
stress-ng --cpu 1 --cpu-load 96 --quiet --timeout 60s,24,4/27/2026,17:42:12,24.68,8.41,22.2
stress-ng --cpu 1 --cpu-load 96 --quiet --timeout 60s,24,4/27/2026,17:42:13,24.56,8.41,22.44
stress-ng --cpu 1 --cpu-load 96 --quiet --timeout 60s,24,4/27/2026,17:42:14,24.56,8.41,22.47
stress-ng --cpu 1 --cpu-load 96 --quiet --timeout 60s,24,4/27/2026,17:42:15,24.62,8.41,22.47
stress-ng --cpu 1 --cpu-load 96 --quiet --timeout 60s,24,4/27/2026,17:42:16,24.81,8.41,22.58
stress-ng --cpu 1 --cpu-load 96 --quiet --timeout 60s,24,4/27/2026,17:42:17,24.5,8.41,22.31
stress-ng --cpu 1 --cpu-load 96 --quiet --timeout 60s,24,4/27/2026,17:42:18,24.81,8.42,22.31
stress-ng --cpu 1 --cpu-load 96 --quiet --timeout 60s,24,4/27/2026,17:42:19,24.43,8.42,23.08
stress-ng --cpu 1 --cpu-load 96 --quiet --timeout 60s,24,4/27/2026,17:42:20,24.75,8.42,22.4
stress-ng --cpu 1 --cpu-load 96 --quiet --timeout 60s,24,4/27/2026,17:42:21,24.43,8.42,22.4
stress-ng --cpu 1 --cpu-load 96 --quiet --timeout 60s,24,4/27/2026,17:42:22,24.56,8.42,22.53
stress-ng --cpu 1 --cpu-load 96 --quiet --timeout 60s,24,4/27/2026,17:42:23,25.06,8.42,22.37
stress-ng --cpu 1 --cpu-load 96 --quiet --timeout 60s,24,4/27/2026,17:42:24,24.56,8.42,22.37
stress-ng --cpu 1 --cpu-load 96 --quiet --timeout 60s,24,4/27/2026,17:42:25,24.43,8.42,22.84
stress-ng --cpu 1 --cpu-load 96 --quiet --timeout 60s,24,4/27/2026,17:42:26,24.62,8.42,22.58
stress-ng --cpu 1 --cpu-load 96 --quiet --timeout 60s,24,4/27/2026,17:42:27,24.62,8.42,22.32
stress-ng --cpu 1 --cpu-load 96 --quiet --timeout 60s,24,4/27/2026,17:42:28,24.56,8.42,22.32
stress-ng --cpu 1 --cpu-load 96 --quiet --timeout 60s,24,4/27/2026,17:42:29,24.56,8.42,22.65
stress-ng --cpu 1 --cpu-load 96 --quiet --timeout 60s,24,4/27/2026,17:42:30,24.68,8.42,22.4
stress-ng --cpu 1 --cpu-load 96 --quiet --timeout 60s,24,4/27/2026,17:42:31,24.56,8.42,22.4
stress-ng --cpu 1 --cpu-load 96 --quiet --timeout 60s,24,4/27/2026,17:42:32,24.62,8.42,22.76
stress-ng --cpu 1 --cpu-load 96 --quiet --timeout 60s,24,4/27/2026,17:42:33,24.75,8.42,22.62
stress-ng --cpu 1 --cpu-load 96 --quiet --timeout 60s,24,4/27/2026,17:42:34,24.81,8.42,22.62
stress-ng --cpu 1 --cpu-load 96 --quiet --timeout 60s,24,4/27/2026,17:42:35,24.37,8.42,22.67
stress-ng --cpu 1 --cpu-load 96 --quiet --timeout 60s,24,4/27/2026,17:42:36,24.81,8.42,22.67
stress-ng --cpu 1 --cpu-load 96 --quiet --timeout 60s,24,4/27/2026,17:42:37,14.28,8.41,22.67
stress-ng --cpu 1 --cpu-load 100 --quiet --timeout 60s,25,4/27/2026,13:39:31,2.2,8.39,9.42
stress-ng --cpu 1 --cpu-load 100 --quiet --timeout 60s,25,4/27/2026,13:39:32,24.32,8.42,9.42
stress-ng --cpu 1 --cpu-load 100 --quiet --timeout 60s,25,4/27/2026,13:39:33,25.55,8.42,22.93
stress-ng --cpu 1 --cpu-load 100 --quiet --timeout 60s,25,4/27/2026,13:39:34,25.8,8.42,22.93
stress-ng --cpu 1 --cpu-load 100 --quiet --timeout 60s,25,4/27/2026,13:39:35,25.62,8.42,22.93
stress-ng --cpu 1 --cpu-load 100 --quiet --timeout 60s,25,4/27/2026,13:39:36,25.55,8.42,23.06
stress-ng --cpu 1 --cpu-load 100 --quiet --timeout 60s,25,4/27/2026,13:39:37,25.62,8.42,22.47
stress-ng --cpu 1 --cpu-load 100 --quiet --timeout 60s,25,4/27/2026,13:39:38,25.55,8.42,22.47
stress-ng --cpu 1 --cpu-load 100 --quiet --timeout 60s,25,4/27/2026,13:39:39,25.62,8.42,23.16
stress-ng --cpu 1 --cpu-load 100 --quiet --timeout 60s,25,4/27/2026,13:39:40,25.87,8.42,22.86
stress-ng --cpu 1 --cpu-load 100 --quiet --timeout 60s,25,4/27/2026,13:39:41,25.87,8.42,22.86
stress-ng --cpu 1 --cpu-load 100 --quiet --timeout 60s,25,4/27/2026,13:39:42,25.49,8.42,23.23
stress-ng --cpu 1 --cpu-load 100 --quiet --timeout 60s,25,4/27/2026,13:39:43,25.62,8.42,22.53
stress-ng --cpu 1 --cpu-load 100 --quiet --timeout 60s,25,4/27/2026,13:39:44,25.37,8.42,22.53
stress-ng --cpu 1 --cpu-load 100 --quiet --timeout 60s,25,4/27/2026,13:39:45,25.62,8.42,22.94
stress-ng --cpu 1 --cpu-load 100 --quiet --timeout 60s,25,4/27/2026,13:39:46,25.62,8.42,22.63
stress-ng --cpu 1 --cpu-load 100 --quiet --timeout 60s,25,4/27/2026,13:39:47,25.8,8.42,22.63
stress-ng --cpu 1 --cpu-load 100 --quiet --timeout 60s,25,4/27/2026,13:39:48,25.55,8.42,23.44
stress-ng --cpu 1 --cpu-load 100 --quiet --timeout 60s,25,4/27/2026,13:39:49,25.62,8.42,22.98
stress-ng --cpu 1 --cpu-load 100 --quiet --timeout 60s,25,4/27/2026,13:39:50,25.55,8.42,22.98
stress-ng --cpu 1 --cpu-load 100 --quiet --timeout 60s,25,4/27/2026,13:39:51,25.43,8.42,22.85
stress-ng --cpu 1 --cpu-load 100 --quiet --timeout 60s,25,4/27/2026,13:39:52,25.55,8.42,22.92
stress-ng --cpu 1 --cpu-load 100 --quiet --timeout 60s,25,4/27/2026,13:39:53,25.74,8.42,22.92
stress-ng --cpu 1 --cpu-load 100 --quiet --timeout 60s,25,4/27/2026,13:39:54,25.55,8.42,22.9
stress-ng --cpu 1 --cpu-load 100 --quiet --timeout 60s,25,4/27/2026,13:39:55,25.62,8.42,23.65
stress-ng --cpu 1 --cpu-load 100 --quiet --timeout 60s,25,4/27/2026,13:39:56,25.55,8.42,23.65
stress-ng --cpu 1 --cpu-load 100 --quiet --timeout 60s,25,4/27/2026,13:39:57,25.62,8.42,23.11
stress-ng --cpu 1 --cpu-load 100 --quiet --timeout 60s,25,4/27/2026,13:39:58,25.37,8.42,22.74
stress-ng --cpu 1 --cpu-load 100 --quiet --timeout 60s,25,4/27/2026,13:39:59,25.8,8.42,22.74
stress-ng --cpu 1 --cpu-load 100 --quiet --timeout 60s,25,4/27/2026,13:40:00,25.55,8.42,22.9
stress-ng --cpu 1 --cpu-load 100 --quiet --timeout 60s,25,4/27/2026,13:40:01,25.62,8.41,22.83
stress-ng --cpu 1 --cpu-load 100 --quiet --timeout 60s,25,4/27/2026,13:40:02,25.8,8.41,24.2
stress-ng --cpu 1 --cpu-load 100 --quiet --timeout 60s,25,4/27/2026,13:40:03,25.8,8.41,24.2
stress-ng --cpu 1 --cpu-load 100 --quiet --timeout 60s,25,4/27/2026,13:40:04,25.62,8.41,22.98
stress-ng --cpu 1 --cpu-load 100 --quiet --timeout 60s,25,4/27/2026,13:40:05,25.55,8.41,22.98
stress-ng --cpu 1 --cpu-load 100 --quiet --timeout 60s,25,4/27/2026,13:40:06,25.55,8.41,23.03
stress-ng --cpu 1 --cpu-load 100 --quiet --timeout 60s,25,4/27/2026,13:40:07,25.55,8.41,23.3
stress-ng --cpu 1 --cpu-load 100 --quiet --timeout 60s,25,4/27/2026,13:40:08,25.55,8.41,23.3
stress-ng --cpu 1 --cpu-load 100 --quiet --timeout 60s,25,4/27/2026,13:40:09,26.05,8.41,23.12
stress-ng --cpu 1 --cpu-load 100 --quiet --timeout 60s,25,4/27/2026,13:40:10,25.87,8.41,22.92
stress-ng --cpu 1 --cpu-load 100 --quiet --timeout 60s,25,4/27/2026,13:40:11,25.74,8.41,22.92
stress-ng --cpu 1 --cpu-load 100 --quiet --timeout 60s,25,4/27/2026,13:40:12,25.43,8.41,23.72
stress-ng --cpu 1 --cpu-load 100 --quiet --timeout 60s,25,4/27/2026,13:40:13,25.74,8.41,22.95
stress-ng --cpu 1 --cpu-load 100 --quiet --timeout 60s,25,4/27/2026,13:40:14,25.62,8.41,22.95
stress-ng --cpu 1 --cpu-load 100 --quiet --timeout 60s,25,4/27/2026,13:40:15,25.49,8.41,23.03
stress-ng --cpu 1 --cpu-load 100 --quiet --timeout 60s,25,4/27/2026,13:40:16,25.555,8.41,23.18
stress-ng --cpu 1 --cpu-load 100 --quiet --timeout 60s,25,4/27/2026,13:40:17,25.62,8.41,23.18
stress-ng --cpu 1 --cpu-load 100 --quiet --timeout 60s,25,4/27/2026,13:40:18,25.87,8.41,23.18
stress-ng --cpu 1 --cpu-load 100 --quiet --timeout 60s,25,4/27/2026,13:40:19,25.67,8.41,23.22
stress-ng --cpu 1 --cpu-load 100 --quiet --timeout 60s,25,4/27/2026,13:40:20,25.43,8.41,23.22
stress-ng --cpu 1 --cpu-load 100 --quiet --timeout 60s,25,4/27/2026,13:40:21,25.55,8.41,23.14
stress-ng --cpu 1 --cpu-load 100 --quiet --timeout 60s,25,4/27/2026,13:40:22,25.74,8.41,23.25
stress-ng --cpu 1 --cpu-load 100 --quiet --timeout 60s,25,4/27/2026,13:40:23,25.62,8.4,23.25
stress-ng --cpu 1 --cpu-load 100 --quiet --timeout 60s,25,4/27/2026,13:40:24,25.37,8.41,22.88
stress-ng --cpu 1 --cpu-load 100 --quiet --timeout 60s,25,4/27/2026,13:40:25,25.62,8.41,22.99
stress-ng --cpu 1 --cpu-load 100 --quiet --timeout 60s,25,4/27/2026,13:40:26,25.62,8.4,22.99
stress-ng --cpu 1 --cpu-load 100 --quiet --timeout 60s,25,4/27/2026,13:40:27,25.37,8.4,23.18
stress-ng --cpu 1 --cpu-load 100 --quiet --timeout 60s,25,4/27/2026,13:40:28,25.62,8.4,23.22
stress-ng --cpu 1 --cpu-load 100 --quiet --timeout 60s,25,4/27/2026,13:40:29,25.55,8.4,23.22
stress-ng --cpu 1 --cpu-load 100 --quiet --timeout 60s,25,4/27/2026,13:40:30,25.8,8.4,22.9
stress-ng --cpu 1 --cpu-load 100 --quiet --timeout 60s,25,4/27/2026,13:40:31,25.55,8.4,23.14
stress-ng --cpu 1 --cpu-load 100 --quiet --timeout 60s,25,4/27/2026,15:55:34,1.47,8.36,9.85
stress-ng --cpu 1 --cpu-load 100 --quiet --timeout 60s,25,4/27/2026,15:55:35,25.86,8.37,11.37
stress-ng --cpu 1 --cpu-load 100 --quiet --timeout 60s,25,4/27/2026,15:55:36,25.62,8.37,11.37
stress-ng --cpu 1 --cpu-load 100 --quiet --timeout 60s,25,4/27/2026,15:55:37,25.55,8.37,11.37
stress-ng --cpu 1 --cpu-load 100 --quiet --timeout 60s,25,4/27/2026,15:55:38,25.8,8.37,22.82
stress-ng --cpu 1 --cpu-load 100 --quiet --timeout 60s,25,4/27/2026,15:55:39,25.62,8.37,23.05
stress-ng --cpu 1 --cpu-load 100 --quiet --timeout 60s,25,4/27/2026,15:55:40,25.31,8.37,23.05
stress-ng --cpu 1 --cpu-load 100 --quiet --timeout 60s,25,4/27/2026,15:55:41,25.68,8.37,22.81
stress-ng --cpu 1 --cpu-load 100 --quiet --timeout 60s,25,4/27/2026,15:55:42,25.92,8.37,22.57
stress-ng --cpu 1 --cpu-load 100 --quiet --timeout 60s,25,4/27/2026,15:55:43,25.62,8.38,22.57
stress-ng --cpu 1 --cpu-load 100 --quiet --timeout 60s,25,4/27/2026,15:55:44,25.37,8.38,23.61
stress-ng --cpu 1 --cpu-load 100 --quiet --timeout 60s,25,4/27/2026,15:55:45,25.62,8.38,22.94
stress-ng --cpu 1 --cpu-load 100 --quiet --timeout 60s,25,4/27/2026,15:55:46,25.8,8.38,22.94
stress-ng --cpu 1 --cpu-load 100 --quiet --timeout 60s,25,4/27/2026,15:55:47,25.8,8.38,22.67
stress-ng --cpu 1 --cpu-load 100 --quiet --timeout 60s,25,4/27/2026,15:55:48,25.43,8.38,23.04
stress-ng --cpu 1 --cpu-load 100 --quiet --timeout 60s,25,4/27/2026,15:55:49,25.67,8.38,23.04
stress-ng --cpu 1 --cpu-load 100 --quiet --timeout 60s,25,4/27/2026,15:55:50,25.55,8.38,22.76
stress-ng --cpu 1 --cpu-load 100 --quiet --timeout 60s,25,4/27/2026,15:55:51,25.62,8.38,22.64
stress-ng --cpu 1 --cpu-load 100 --quiet --timeout 60s,25,4/27/2026,15:55:52,25.8,8.38,22.64
stress-ng --cpu 1 --cpu-load 100 --quiet --timeout 60s,25,4/27/2026,15:55:53,25.55,8.38,22.66
stress-ng --cpu 1 --cpu-load 100 --quiet --timeout 60s,25,4/27/2026,15:55:54,25.62,8.38,22.91
stress-ng --cpu 1 --cpu-load 100 --quiet --timeout 60s,25,4/27/2026,15:55:55,25.37,8.38,22.91
stress-ng --cpu 1 --cpu-load 100 --quiet --timeout 60s,25,4/27/2026,15:55:56,25.67,8.37,22.76
stress-ng --cpu 1 --cpu-load 100 --quiet --timeout 60s,25,4/27/2026,15:55:57,25.68,8.37,23.11
stress-ng --cpu 1 --cpu-load 100 --quiet --timeout 60s,25,4/27/2026,15:55:58,25.55,8.37,23.11
stress-ng --cpu 1 --cpu-load 100 --quiet --timeout 60s,25,4/27/2026,15:55:59,25.62,8.37,23.02
stress-ng --cpu 1 --cpu-load 100 --quiet --timeout 60s,25,4/27/2026,15:56:00,25.62,8.37,22.96
stress-ng --cpu 1 --cpu-load 100 --quiet --timeout 60s,25,4/27/2026,15:56:01,25.55,8.37,22.96
stress-ng --cpu 1 --cpu-load 100 --quiet --timeout 60s,25,4/27/2026,15:56:02,25.62,8.37,22.84
stress-ng --cpu 1 --cpu-load 100 --quiet --timeout 60s,25,4/27/2026,15:56:03,25.71,8.37,22.75
stress-ng --cpu 1 --cpu-load 100 --quiet --timeout 60s,25,4/27/2026,15:56:04,25.8,8.37,22.75
stress-ng --cpu 1 --cpu-load 100 --quiet --timeout 60s,25,4/27/2026,15:56:05,25.55,8.37,23.63
stress-ng --cpu 1 --cpu-load 100 --quiet --timeout 60s,25,4/27/2026,15:56:06,25.55,8.37,22.88
stress-ng --cpu 1 --cpu-load 100 --quiet --timeout 60s,25,4/27/2026,15:56:07,25.43,8.37,22.88
stress-ng --cpu 1 --cpu-load 100 --quiet --timeout 60s,25,4/27/2026,15:56:08,25.62,8.37,22.78
stress-ng --cpu 1 --cpu-load 100 --quiet --timeout 60s,25,4/27/2026,15:56:09,25.74,8.37,23.51
stress-ng --cpu 1 --cpu-load 100 --quiet --timeout 60s,25,4/27/2026,15:56:10,25.55,8.37,23.51
stress-ng --cpu 1 --cpu-load 100 --quiet --timeout 60s,25,4/27/2026,15:56:11,25.8,8.37,23.11
stress-ng --cpu 1 --cpu-load 100 --quiet --timeout 60s,25,4/27/2026,15:56:12,25.62,8.37,23.02
stress-ng --cpu 1 --cpu-load 100 --quiet --timeout 60s,25,4/27/2026,15:56:13,25.55,8.37,23.02
stress-ng --cpu 1 --cpu-load 100 --quiet --timeout 60s,25,4/27/2026,15:56:14,25.55,8.37,23.17
stress-ng --cpu 1 --cpu-load 100 --quiet --timeout 60s,25,4/27/2026,15:56:15,25.62,8.37,22.77
stress-ng --cpu 1 --cpu-load 100 --quiet --timeout 60s,25,4/27/2026,15:56:16,25.37,8.37,22.77
stress-ng --cpu 1 --cpu-load 100 --quiet --timeout 60s,25,4/27/2026,15:56:17,25.62,8.37,22.85
stress-ng --cpu 1 --cpu-load 100 --quiet --timeout 60s,25,4/27/2026,15:56:18,25.62,8.38,22.86
stress-ng --cpu 1 --cpu-load 100 --quiet --timeout 60s,25,4/27/2026,15:56:19,25.55,8.38,22.86
stress-ng --cpu 1 --cpu-load 100 --quiet --timeout 60s,25,4/27/2026,15:56:20,25.8,8.38,23.24
stress-ng --cpu 1 --cpu-load 100 --quiet --timeout 60s,25,4/27/2026,15:56:21,25.37,8.38,22.95
stress-ng --cpu 1 --cpu-load 100 --quiet --timeout 60s,25,4/27/2026,15:56:22,25.55,8.38,22.95
stress-ng --cpu 1 --cpu-load 100 --quiet --timeout 60s,25,4/27/2026,15:56:23,25.68,8.38,22.84
stress-ng --cpu 1 --cpu-load 100 --quiet --timeout 60s,25,4/27/2026,15:56:24,25.74,8.38,23.16
stress-ng --cpu 1 --cpu-load 100 --quiet --timeout 60s,25,4/27/2026,15:56:25,25.43,8.38,23.16
stress-ng --cpu 1 --cpu-load 100 --quiet --timeout 60s,25,4/27/2026,15:56:26,25.55,8.38,22.85
stress-ng --cpu 1 --cpu-load 100 --quiet --timeout 60s,25,4/27/2026,15:56:27,25.55,8.38,22.92
stress-ng --cpu 1 --cpu-load 100 --quiet --timeout 60s,25,4/27/2026,15:56:28,25.43,8.38,22.92
stress-ng --cpu 1 --cpu-load 100 --quiet --timeout 60s,25,4/27/2026,15:56:29,25.55,8.38,23.36
stress-ng --cpu 1 --cpu-load 100 --quiet --timeout 60s,25,4/27/2026,15:56:30,25.87,8.38,23
stress-ng --cpu 1 --cpu-load 100 --quiet --timeout 60s,25,4/27/2026,15:56:31,25.55,8.38,23
stress-ng --cpu 1 --cpu-load 100 --quiet --timeout 60s,25,4/27/2026,15:56:32,25.55,8.38,22.94
stress-ng --cpu 1 --cpu-load 100 --quiet --timeout 60s,25,4/27/2026,15:56:33,25.62,8.38,22.93
stress-ng --cpu 1 --cpu-load 100 --quiet --timeout 60s,25,4/27/2026,15:56:34,25.62,8.38,23.79
stress-ng --cpu 1 --cpu-load 100 --quiet --timeout 60s,25,4/27/2026,17:45:37,12.65,8.44,9.27
stress-ng --cpu 1 --cpu-load 100 --quiet --timeout 60s,25,4/27/2026,17:45:38,25.87,8.44,16.24
stress-ng --cpu 1 --cpu-load 100 --quiet --timeout 60s,25,4/27/2026,17:45:39,25.62,8.44,16.24
stress-ng --cpu 1 --cpu-load 100 --quiet --timeout 60s,25,4/27/2026,17:45:40,25.37,8.44,23.3
stress-ng --cpu 1 --cpu-load 100 --quiet --timeout 60s,25,4/27/2026,17:45:41,25.62,8.44,22.47
stress-ng --cpu 1 --cpu-load 100 --quiet --timeout 60s,25,4/27/2026,17:45:42,25.55,8.44,22.47
stress-ng --cpu 1 --cpu-load 100 --quiet --timeout 60s,25,4/27/2026,17:45:43,25.55,8.44,23.17
stress-ng --cpu 1 --cpu-load 100 --quiet --timeout 60s,25,4/27/2026,17:45:44,27.29,8.44,22.82
stress-ng --cpu 1 --cpu-load 100 --quiet --timeout 60s,25,4/27/2026,17:45:45,25.8,8.44,22.82
stress-ng --cpu 1 --cpu-load 100 --quiet --timeout 60s,25,4/27/2026,17:45:46,25.62,8.44,22.87
stress-ng --cpu 1 --cpu-load 100 --quiet --timeout 60s,25,4/27/2026,17:45:47,25.62,8.44,22.86
stress-ng --cpu 1 --cpu-load 100 --quiet --timeout 60s,25,4/27/2026,17:45:48,25.585,8.44,22.86
stress-ng --cpu 1 --cpu-load 100 --quiet --timeout 60s,25,4/27/2026,17:45:49,25.55,8.44,22.87
stress-ng --cpu 1 --cpu-load 100 --quiet --timeout 60s,25,4/27/2026,17:45:50,25.8,8.44,22.53
stress-ng --cpu 1 --cpu-load 100 --quiet --timeout 60s,25,4/27/2026,17:45:51,25.62,8.44,22.53
stress-ng --cpu 1 --cpu-load 100 --quiet --timeout 60s,25,4/27/2026,17:45:52,25.55,8.44,22.75
stress-ng --cpu 1 --cpu-load 100 --quiet --timeout 60s,25,4/27/2026,17:45:53,25.55,8.44,22.93
stress-ng --cpu 1 --cpu-load 100 --quiet --timeout 60s,25,4/27/2026,17:45:54,25.62,8.44,22.93
stress-ng --cpu 1 --cpu-load 100 --quiet --timeout 60s,25,4/27/2026,17:45:55,25.92,8.44,22.71
stress-ng --cpu 1 --cpu-load 100 --quiet --timeout 60s,25,4/27/2026,17:45:56,25.5,8.44,22.67
stress-ng --cpu 1 --cpu-load 100 --quiet --timeout 60s,25,4/27/2026,17:45:57,25.55,8.44,22.67
stress-ng --cpu 1 --cpu-load 100 --quiet --timeout 60s,25,4/27/2026,17:45:58,25.8,8.44,22.86
stress-ng --cpu 1 --cpu-load 100 --quiet --timeout 60s,25,4/27/2026,17:45:59,25.67,8.44,23.08
stress-ng --cpu 1 --cpu-load 100 --quiet --timeout 60s,25,4/27/2026,17:46:00,25.8,8.44,23.08
stress-ng --cpu 1 --cpu-load 100 --quiet --timeout 60s,25,4/27/2026,17:46:01,25.55,8.44,22.9
stress-ng --cpu 1 --cpu-load 100 --quiet --timeout 60s,25,4/27/2026,17:46:02,25.55,8.44,22.72
stress-ng --cpu 1 --cpu-load 100 --quiet --timeout 60s,25,4/27/2026,17:46:03,25.62,8.44,22.8
stress-ng --cpu 1 --cpu-load 100 --quiet --timeout 60s,25,4/27/2026,17:46:04,26.05,8.44,22.8
stress-ng --cpu 1 --cpu-load 100 --quiet --timeout 60s,25,4/27/2026,17:46:05,25.68,8.44,23.11
stress-ng --cpu 1 --cpu-load 100 --quiet --timeout 60s,25,4/27/2026,17:46:06,25.55,8.44,22.98
stress-ng --cpu 1 --cpu-load 100 --quiet --timeout 60s,25,4/27/2026,17:46:07,25.49,8.44,22.98
stress-ng --cpu 1 --cpu-load 100 --quiet --timeout 60s,25,4/27/2026,17:46:08,25.8,8.44,22.82
stress-ng --cpu 1 --cpu-load 100 --quiet --timeout 60s,25,4/27/2026,17:46:09,25.62,8.44,23.45
stress-ng --cpu 1 --cpu-load 100 --quiet --timeout 60s,25,4/27/2026,17:46:10,25.87,8.44,23.45
stress-ng --cpu 1 --cpu-load 100 --quiet --timeout 60s,25,4/27/2026,17:46:11,25.43,8.44,22.98
stress-ng --cpu 1 --cpu-load 100 --quiet --timeout 60s,25,4/27/2026,17:46:12,25.74,8.44,23.25
stress-ng --cpu 1 --cpu-load 100 --quiet --timeout 60s,25,4/27/2026,17:46:13,25.62,8.44,23.25
stress-ng --cpu 1 --cpu-load 100 --quiet --timeout 60s,25,4/27/2026,17:46:14,25.8,8.44,23.05
stress-ng --cpu 1 --cpu-load 100 --quiet --timeout 60s,25,4/27/2026,17:46:15,25.55,8.44,23.04
stress-ng --cpu 1 --cpu-load 100 --quiet --timeout 60s,25,4/27/2026,17:46:16,25.55,8.44,23.04
stress-ng --cpu 1 --cpu-load 100 --quiet --timeout 60s,25,4/27/2026,17:46:17,25.55,8.44,22.83
stress-ng --cpu 1 --cpu-load 100 --quiet --timeout 60s,25,4/27/2026,17:46:18,25.62,8.44,22.93
stress-ng --cpu 1 --cpu-load 100 --quiet --timeout 60s,25,4/27/2026,17:46:19,25.8,8.44,22.93
stress-ng --cpu 1 --cpu-load 100 --quiet --timeout 60s,25,4/27/2026,17:46:20,25.74,8.44,23.01
stress-ng --cpu 1 --cpu-load 100 --quiet --timeout 60s,25,4/27/2026,17:46:21,25.62,8.44,22.85
stress-ng --cpu 1 --cpu-load 100 --quiet --timeout 60s,25,4/27/2026,17:46:22,25.55,8.44,22.85
stress-ng --cpu 1 --cpu-load 100 --quiet --timeout 60s,25,4/27/2026,17:46:23,25.74,8.44,22.79
stress-ng --cpu 1 --cpu-load 100 --quiet --timeout 60s,25,4/27/2026,17:46:24,25.37,8.44,23.19
stress-ng --cpu 1 --cpu-load 100 --quiet --timeout 60s,25,4/27/2026,17:46:25,25.62,8.44,23.19
stress-ng --cpu 1 --cpu-load 100 --quiet --timeout 60s,25,4/27/2026,17:46:26,25.37,8.44,22.72
stress-ng --cpu 1 --cpu-load 100 --quiet --timeout 60s,25,4/27/2026,17:46:27,25.55,8.44,22.91
stress-ng --cpu 1 --cpu-load 100 --quiet --timeout 60s,25,4/27/2026,17:46:28,25.87,8.44,22.91
stress-ng --cpu 1 --cpu-load 100 --quiet --timeout 60s,25,4/27/2026,17:46:29,25.55,8.44,22.84
stress-ng --cpu 1 --cpu-load 100 --quiet --timeout 60s,25,4/27/2026,17:46:30,25.62,8.44,23.17
stress-ng --cpu 1 --cpu-load 100 --quiet --timeout 60s,25,4/27/2026,17:46:31,25.55,8.44,23.17
stress-ng --cpu 1 --cpu-load 100 --quiet --timeout 60s,25,4/27/2026,17:46:32,25.74,8.44,22.65
stress-ng --cpu 1 --cpu-load 100 --quiet --timeout 60s,25,4/27/2026,17:46:33,25.62,8.44,22.91
stress-ng --cpu 1 --cpu-load 100 --quiet --timeout 60s,25,4/27/2026,17:46:34,25.49,8.44,22.91
stress-ng --cpu 1 --cpu-load 100 --quiet --timeout 60s,25,4/27/2026,17:46:35,25.68,8.44,23.29
stress-ng --cpu 1 --cpu-load 100 --quiet --timeout 60s,25,4/27/2026,17:46:36,25.55,8.44,23.26
stress-ng --cpu 1 --cpu-load 100 --quiet --timeout 60s,25,4/27/2026,17:46:37,25.62,8.44,23.26
