date,time,power_watts
4/27/2026,11:53:27,10.48
4/27/2026,11:53:28,10.48
4/27/2026,11:53:29,11.19
4/27/2026,11:53:29,11.19
4/27/2026,11:53:30,14.95
4/27/2026,11:53:31,14.95
4/27/2026,11:53:32,25.61
4/27/2026,11:53:33,25.64
4/27/2026,11:53:34,25.64
4/27/2026,11:53:35,26.07
4/27/2026,11:53:35,26.07
4/27/2026,11:53:36,25.91
4/27/2026,11:53:37,25.91
4/27/2026,11:53:38,25.21
4/27/2026,11:53:39,24.78
4/27/2026,11:53:40,24.78
4/27/2026,11:53:41,24.92
4/27/2026,11:53:42,24.37
4/27/2026,11:53:42,24.37
4/27/2026,11:53:43,24.37
4/27/2026,11:53:44,24.41
4/27/2026,11:53:45,24.92
4/27/2026,11:53:46,24.92
4/27/2026,11:53:47,24.88
4/27/2026,11:53:48,24.84
4/27/2026,11:53:49,24.84
4/27/2026,11:53:50,25.47
4/27/2026,11:53:51,25.87
4/27/2026,11:53:51,25.87
4/27/2026,11:53:52,25.87
4/27/2026,11:53:53,25.89
4/27/2026,11:53:54,25.54
4/27/2026,11:53:55,25.54
4/27/2026,11:53:56,25.45
4/27/2026,11:53:57,25.04
4/27/2026,11:53:58,25.04
4/27/2026,11:53:59,25.24
4/27/2026,11:54:00,25.57
4/27/2026,11:54:01,25.57
4/27/2026,11:54:02,25.59
4/27/2026,11:54:04,25.48
4/27/2026,11:54:05,25.48
4/27/2026,11:54:06,25.23
4/27/2026,11:54:07,25.35
4/27/2026,11:54:08,25.35
4/27/2026,11:54:08,24.57
4/27/2026,11:54:09,24.57
4/27/2026,11:54:10,25.03
4/27/2026,11:54:11,25.03
4/27/2026,11:54:12,25.1
4/27/2026,11:54:13,25.47
4/27/2026,11:54:14,25.47
4/27/2026,11:54:15,24.81
4/27/2026,11:54:16,25.34
4/27/2026,11:54:17,25.34
4/27/2026,11:54:18,25.58
4/27/2026,11:54:19,25.46
4/27/2026,11:54:20,25.46
4/27/2026,11:54:21,25.13
4/27/2026,11:54:22,25.32
4/27/2026,11:54:23,25.32
4/27/2026,11:54:24,25.06
4/27/2026,11:54:25,24.96
4/27/2026,11:54:26,24.96
4/27/2026,11:54:27,25.13
4/27/2026,11:54:28,25.78
4/27/2026,11:54:29,25.78
4/27/2026,11:54:30,25.22
4/27/2026,11:54:30,15.01
4/27/2026,11:54:31,15.01
4/27/2026,11:54:32,15.01
4/27/2026,11:54:33,9.3
4/27/2026,11:54:34,9.51
4/27/2026,11:54:35,9.51
4/27/2026,11:54:36,9.44
4/27/2026,11:54:36,9.39
4/27/2026,11:54:37,9.39
4/27/2026,11:54:38,9.39
4/27/2026,11:54:39,9.18
4/27/2026,11:54:40,9.16
4/27/2026,11:54:41,9.16
4/27/2026,11:54:42,9.31
4/27/2026,11:54:43,9.38
4/27/2026,11:54:44,9.38
4/27/2026,11:54:45,9.43
4/27/2026,11:54:46,9.16
4/27/2026,11:54:47,9.16
4/27/2026,11:54:48,9.14
4/27/2026,11:54:49,9.1
4/27/2026,11:54:50,9.1
4/27/2026,11:54:51,9.26
4/27/2026,11:54:52,9.2
4/27/2026,11:54:53,9.2
4/27/2026,11:54:54,9.33
4/27/2026,11:54:55,9.11
4/27/2026,11:54:56,9.11
4/27/2026,11:54:57,9.62
4/27/2026,11:54:58,9.49
4/27/2026,11:54:59,9.49
4/27/2026,11:55:00,9.49
4/27/2026,11:55:01,9.14
4/27/2026,11:55:02,9.14
4/27/2026,11:55:03,10.3
4/27/2026,11:55:03,12.01
4/27/2026,11:55:04,12.01
4/27/2026,11:55:05,12.01
4/27/2026,11:55:06,9.53
4/27/2026,11:55:07,9.08
4/27/2026,11:55:08,9.08
4/27/2026,11:55:08,9.58
4/27/2026,11:55:09,9.58
4/27/2026,11:55:10,9.17
4/27/2026,11:55:11,9.17
4/27/2026,11:55:12,9.24
4/27/2026,11:55:13,9.45
4/27/2026,11:55:14,9.45
4/27/2026,11:55:15,9.68
4/27/2026,11:55:16,9.24
4/27/2026,11:55:17,9.24
4/27/2026,11:55:18,9.11
4/27/2026,11:55:19,9.57
4/27/2026,11:55:20,9.57
4/27/2026,11:55:21,9.09
4/27/2026,11:55:22,9.22
4/27/2026,11:55:23,9.22
4/27/2026,11:55:24,10.27
4/27/2026,11:55:25,9.21
4/27/2026,11:55:26,9.21
4/27/2026,11:55:27,9.11
4/27/2026,11:55:28,9.18
4/27/2026,11:55:29,9.18
4/27/2026,11:55:30,9.62
4/27/2026,11:55:30,14.88
4/27/2026,11:55:31,14.88
4/27/2026,11:55:32,14.88
4/27/2026,11:55:33,28.17
4/27/2026,11:55:34,28.6
4/27/2026,11:55:35,28.6
4/27/2026,11:55:35,28.6
4/27/2026,11:55:36,28.6
4/27/2026,11:55:37,28.54
4/27/2026,11:55:38,28.54
4/27/2026,11:55:39,28.68
4/27/2026,11:55:40,28.51
4/27/2026,11:55:41,28.51
4/27/2026,11:55:42,28.49
4/27/2026,11:55:43,28.31
4/27/2026,11:55:44,28.31
4/27/2026,11:55:45,28.65
4/27/2026,11:55:46,28.6
4/27/2026,11:55:47,28.6
4/27/2026,11:55:48,28.82
4/27/2026,11:55:49,28.54
4/27/2026,11:55:50,28.54
4/27/2026,11:55:51,28.73
4/27/2026,11:55:52,28.43
4/27/2026,11:55:53,28.43
4/27/2026,11:55:54,28.88
4/27/2026,11:55:55,28.31
4/27/2026,11:55:56,28.31
4/27/2026,11:55:57,28.61
4/27/2026,11:55:58,28.41
4/27/2026,11:55:59,28.41
4/27/2026,11:56:00,29.06
4/27/2026,11:56:01,28.58
4/27/2026,11:56:02,28.58
4/27/2026,11:56:03,28.59
4/27/2026,11:56:04,29.09
4/27/2026,11:56:05,29.09
4/27/2026,11:56:06,28.71
4/27/2026,11:56:07,28.7
4/27/2026,11:56:08,28.7
4/27/2026,11:56:09,28.92
4/27/2026,11:56:10,28.6
4/27/2026,11:56:11,28.6
4/27/2026,11:56:12,28.73
4/27/2026,11:56:13,28.6
4/27/2026,11:56:14,28.6
4/27/2026,11:56:15,28.97
4/27/2026,11:56:16,28.92
4/27/2026,11:56:17,28.92
4/27/2026,11:56:18,28.83
4/27/2026,11:56:19,28.84
4/27/2026,11:56:20,28.84
4/27/2026,11:56:21,28.86
4/27/2026,11:56:22,28.96
4/27/2026,11:56:23,28.96
4/27/2026,11:56:24,29.08
4/27/2026,11:56:25,28.75
4/27/2026,11:56:26,28.75
4/27/2026,11:56:27,28.91
4/27/2026,11:56:28,28.8
4/27/2026,11:56:29,28.8
4/27/2026,11:56:30,29.12
4/27/2026,11:56:30,16.89
4/27/2026,11:56:31,16.89
4/27/2026,11:56:32,16.89
4/27/2026,11:56:33,9.41
4/27/2026,11:56:34,9.26
4/27/2026,11:56:35,9.26
4/27/2026,11:56:36,9.22
4/27/2026,11:56:36,9.78
4/27/2026,11:56:37,9.78
4/27/2026,11:56:38,9.78
4/27/2026,11:56:39,9.49
4/27/2026,11:56:40,10.36
4/27/2026,11:56:41,10.36
4/27/2026,11:56:42,9.55
4/27/2026,11:56:43,9.33
4/27/2026,11:56:44,9.33
4/27/2026,11:56:45,9.12
4/27/2026,11:56:46,9.5
4/27/2026,11:56:47,9.5
4/27/2026,11:56:48,9.21
4/27/2026,11:56:49,9.35
4/27/2026,11:56:50,9.35
4/27/2026,11:56:51,9.44
4/27/2026,11:56:52,9.49
4/27/2026,11:56:53,9.49
4/27/2026,11:56:54,9.57
4/27/2026,11:56:55,9.11
4/27/2026,11:56:56,9.11
4/27/2026,11:56:57,9.54
4/27/2026,11:56:58,9.07
4/27/2026,11:56:59,9.26
4/27/2026,11:57:00,9.46
4/27/2026,11:57:01,9.46
4/27/2026,11:57:02,9.63
4/27/2026,11:57:03,9.29
4/27/2026,11:57:04,9.29
4/27/2026,11:57:05,9.41
4/27/2026,11:57:06,9.48
4/27/2026,11:57:07,9.48
4/27/2026,11:57:08,9.37
4/27/2026,11:57:09,9.05
4/27/2026,11:57:10,9.05
4/27/2026,11:57:11,9.52
4/27/2026,11:57:12,9.45
4/27/2026,11:57:13,9.45
4/27/2026,11:57:14,9.81
4/27/2026,11:57:15,9.55
4/27/2026,11:57:16,9.55
4/27/2026,11:57:17,8.91
4/27/2026,11:57:18,9.6
4/27/2026,11:57:19,9.6
4/27/2026,11:57:20,9.04
4/27/2026,11:57:21,9.78
4/27/2026,11:57:22,9.78
4/27/2026,11:57:23,8.85
4/27/2026,11:57:24,9.53
4/27/2026,11:57:25,9.53
4/27/2026,11:57:26,9.02
4/27/2026,11:57:27,9.2
4/27/2026,11:57:28,9.2
4/27/2026,11:57:29,9.05
4/27/2026,11:57:30,12.53
4/27/2026,11:57:30,12.53
4/27/2026,11:57:31,12.53
4/27/2026,11:57:32,18.66
4/27/2026,11:57:33,18.97
4/27/2026,11:57:34,18.97
4/27/2026,11:57:35,18.81
4/27/2026,11:57:36,19.3
4/27/2026,11:57:36,19.3
4/27/2026,11:57:37,19.3
4/27/2026,11:57:39,18.84
4/27/2026,11:57:40,19.27
4/27/2026,11:57:41,19.27
4/27/2026,11:57:42,19.01
4/27/2026,11:57:43,18.66
4/27/2026,11:57:44,18.66
4/27/2026,11:57:45,18.78
4/27/2026,11:57:46,19.2
4/27/2026,11:57:47,19.2
4/27/2026,11:57:48,19.4
4/27/2026,11:57:49,18.98
4/27/2026,11:57:50,18.98
4/27/2026,11:57:51,19.02
4/27/2026,11:57:52,19.16
4/27/2026,11:57:53,19.16
4/27/2026,11:57:54,18.89
4/27/2026,11:57:55,19.27
4/27/2026,11:57:56,19.27
4/27/2026,11:57:57,19.09
4/27/2026,11:57:58,19.04
4/27/2026,11:57:59,19.04
4/27/2026,11:58:00,18.77
4/27/2026,11:58:01,19.31
4/27/2026,11:58:02,19.31
4/27/2026,11:58:03,19.08
4/27/2026,11:58:04,19.02
4/27/2026,11:58:05,19.02
4/27/2026,11:58:06,19
4/27/2026,11:58:07,19.75
4/27/2026,11:58:08,19.75
4/27/2026,11:58:09,18.97
4/27/2026,11:58:10,18.95
4/27/2026,11:58:11,18.95
4/27/2026,11:58:11,20.37
4/27/2026,11:58:12,20.37
4/27/2026,11:58:13,19.09
4/27/2026,11:58:14,19.09
4/27/2026,11:58:15,18.75
4/27/2026,11:58:16,19.08
4/27/2026,11:58:16,19.08
4/27/2026,11:58:17,19.08
4/27/2026,11:58:18,19.11
4/27/2026,11:58:19,19.1
4/27/2026,11:58:20,19.1
4/27/2026,11:58:21,19.46
4/27/2026,11:58:22,19.47
4/27/2026,11:58:23,19.47
4/27/2026,11:58:24,19.06
4/27/2026,11:58:25,19.09
4/27/2026,11:58:26,19.09
4/27/2026,11:58:27,19.36
4/27/2026,11:58:28,18.95
4/27/2026,11:58:29,18.95
4/27/2026,11:58:30,19.02
4/27/2026,11:58:30,14.42
4/27/2026,11:58:31,14.42
4/27/2026,11:58:32,14.42
4/27/2026,11:58:33,9.57
4/27/2026,11:58:34,9.12
4/27/2026,11:58:35,9.12
4/27/2026,11:58:36,9.42
4/27/2026,11:58:36,9.21
4/27/2026,11:58:37,9.21
4/27/2026,11:58:38,9.21
4/27/2026,11:58:39,9.53
4/27/2026,11:58:40,9.15
4/27/2026,11:58:41,9.15
4/27/2026,11:58:42,9.74
4/27/2026,11:58:42,10.21
4/27/2026,11:58:43,10.21
4/27/2026,11:58:44,10.21
4/27/2026,11:58:45,9.33
4/27/2026,11:58:46,9.48
4/27/2026,11:58:47,9.48
4/27/2026,11:58:48,9.11
4/27/2026,11:58:48,9.14
4/27/2026,11:58:49,9.14
4/27/2026,11:58:50,9.14
4/27/2026,11:58:51,9.21
4/27/2026,11:58:52,9.84
4/27/2026,11:58:53,9.84
4/27/2026,11:58:54,9.13
4/27/2026,11:58:55,9.25
4/27/2026,11:58:56,9.25
4/27/2026,11:58:57,9.81
4/27/2026,11:58:58,9.3
4/27/2026,11:58:59,9.3
4/27/2026,11:59:00,9.37
4/27/2026,11:59:01,9.35
4/27/2026,11:59:02,9.35
4/27/2026,11:59:03,9.61
4/27/2026,11:59:04,9.05
4/27/2026,11:59:05,9.05
4/27/2026,11:59:06,9.41
4/27/2026,11:59:07,9.32
4/27/2026,11:59:08,9.32
4/27/2026,11:59:09,9.42
4/27/2026,11:59:10,9.11
4/27/2026,11:59:11,9.11
4/27/2026,11:59:12,9.56
4/27/2026,11:59:13,9.09
4/27/2026,11:59:14,9.09
4/27/2026,11:59:15,9.43
4/27/2026,11:59:16,8.79
4/27/2026,11:59:17,8.79
4/27/2026,11:59:18,9.83
4/27/2026,11:59:19,9
4/27/2026,11:59:20,9
4/27/2026,11:59:21,9.34
4/27/2026,11:59:22,9.25
4/27/2026,11:59:23,9.25
4/27/2026,11:59:24,9.56
4/27/2026,11:59:25,9.07
4/27/2026,11:59:26,9.07
4/27/2026,11:59:27,9.55
4/27/2026,11:59:28,9.27
4/27/2026,11:59:29,9.27
4/27/2026,11:59:30,9.46
4/27/2026,11:59:30,14.69
4/27/2026,11:59:31,14.69
4/27/2026,11:59:32,14.69
4/27/2026,11:59:33,34.24
4/27/2026,11:59:34,34.04
4/27/2026,11:59:35,34.04
4/27/2026,11:59:35,34.83
4/27/2026,11:59:36,34.83
4/27/2026,11:59:37,34.42
4/27/2026,11:59:38,34.42
4/27/2026,11:59:39,35.06
4/27/2026,11:59:40,34.93
4/27/2026,11:59:41,34.93
4/27/2026,11:59:42,35.29
4/27/2026,11:59:43,35.01
4/27/2026,11:59:44,35.01
4/27/2026,11:59:45,35.13
4/27/2026,11:59:46,35.49
4/27/2026,11:59:47,35.49
4/27/2026,11:59:48,35.34
4/27/2026,11:59:49,35.08
4/27/2026,11:59:50,35.08
4/27/2026,11:59:51,35.37
4/27/2026,11:59:52,35.2
4/27/2026,11:59:53,35.2
4/27/2026,11:59:54,35.4
4/27/2026,11:59:55,35.53
4/27/2026,11:59:56,35.53
4/27/2026,11:59:57,35.6
4/27/2026,11:59:58,35.38
4/27/2026,11:59:59,35.38
4/27/2026,12:00:00,35.64
4/27/2026,12:00:01,35.77
4/27/2026,12:00:02,35.77
4/27/2026,12:00:03,35.81
4/27/2026,12:00:04,35.68
4/27/2026,12:00:05,35.68
4/27/2026,12:00:06,35.79
4/27/2026,12:00:07,36.17
4/27/2026,12:00:08,36.17
4/27/2026,12:00:09,35.51
4/27/2026,12:00:10,35.59
4/27/2026,12:00:11,35.59
4/27/2026,12:00:12,36.48
4/27/2026,12:00:13,35.94
4/27/2026,12:00:14,35.94
4/27/2026,12:00:15,35.61
4/27/2026,12:00:16,35.63
4/27/2026,12:00:17,35.63
4/27/2026,12:00:18,36.02
4/27/2026,12:00:19,35.8
4/27/2026,12:00:20,35.8
4/27/2026,12:00:21,35.6
4/27/2026,12:00:22,35.48
4/27/2026,12:00:23,35.48
4/27/2026,12:00:24,35.92
4/27/2026,12:00:25,35.64
4/27/2026,12:00:26,35.64
4/27/2026,12:00:27,35.79
4/27/2026,12:00:28,36.01
4/27/2026,12:00:29,36.01
4/27/2026,12:00:30,35.55
4/27/2026,12:00:30,17.91
4/27/2026,12:00:31,17.91
4/27/2026,12:00:32,17.91
4/27/2026,12:00:33,9.59
4/27/2026,12:00:34,9.54
4/27/2026,12:00:35,9.78
4/27/2026,12:00:35,9.78
4/27/2026,12:00:36,9.89
4/27/2026,12:00:37,9.89
4/27/2026,12:00:38,10.79
4/27/2026,12:00:39,9.6
4/27/2026,12:00:40,9.6
4/27/2026,12:00:41,9.59
4/27/2026,12:00:42,9.92
4/27/2026,12:00:43,9.92
4/27/2026,12:00:44,10.18
4/27/2026,12:00:45,9.25
4/27/2026,12:00:46,9.25
4/27/2026,12:00:47,9.24
4/27/2026,12:00:48,9.78
4/27/2026,12:00:49,9.78
4/27/2026,12:00:50,9.25
4/27/2026,12:00:51,9.21
4/27/2026,12:00:52,9.21
4/27/2026,12:00:53,9.19
4/27/2026,12:00:54,9.52
4/27/2026,12:00:55,9.52
4/27/2026,12:00:56,9.23
4/27/2026,12:00:57,9.91
4/27/2026,12:00:58,9.91
4/27/2026,12:00:59,9.29
4/27/2026,12:01:00,9.37
4/27/2026,12:01:01,9.37
4/27/2026,12:01:02,9.16
4/27/2026,12:01:03,9.65
4/27/2026,12:01:04,9.65
4/27/2026,12:01:05,9.15
4/27/2026,12:01:06,9.24
4/27/2026,12:01:07,9.24
4/27/2026,12:01:08,9.09
4/27/2026,12:01:09,9.79
4/27/2026,12:01:10,9.79
4/27/2026,12:01:11,9.06
4/27/2026,12:01:12,9.38
4/27/2026,12:01:14,9.38
4/27/2026,12:01:15,9.31
4/27/2026,12:01:16,9.16
4/27/2026,12:01:17,9.16
4/27/2026,12:01:18,9.08
4/27/2026,12:01:19,9.42
4/27/2026,12:01:20,9.42
4/27/2026,12:01:21,9.43
4/27/2026,12:01:22,9.19
4/27/2026,12:01:23,9.19
4/27/2026,12:01:24,9.16
4/27/2026,12:01:25,9.46
4/27/2026,12:01:26,9.46
4/27/2026,12:01:27,9.06
4/27/2026,12:01:28,9.43
4/27/2026,12:01:29,9.43
4/27/2026,12:01:30,9.63
4/27/2026,12:01:30,12
4/27/2026,12:01:31,12
4/27/2026,12:01:32,12
4/27/2026,12:01:33,19.41
4/27/2026,12:01:34,20.44
4/27/2026,12:01:35,20.44
4/27/2026,12:01:35,20.76
4/27/2026,12:01:36,20.76
4/27/2026,12:01:37,18.95
4/27/2026,12:01:38,18.95
4/27/2026,12:01:39,19.44
4/27/2026,12:01:40,19.27
4/27/2026,12:01:41,19.27
4/27/2026,12:01:41,18.25
4/27/2026,12:01:42,18.25
4/27/2026,12:01:43,18.23
4/27/2026,12:01:44,18.23
4/27/2026,12:01:45,18.64
4/27/2026,12:01:46,18.29
4/27/2026,12:01:47,18.29
4/27/2026,12:01:48,18.35
4/27/2026,12:01:49,18.58
4/27/2026,12:01:50,18.58
4/27/2026,12:01:51,18.21
4/27/2026,12:01:52,18.58
4/27/2026,12:01:53,18.58
4/27/2026,12:01:54,17.53
4/27/2026,12:01:55,18.57
4/27/2026,12:01:56,18.57
4/27/2026,12:01:57,18.48
4/27/2026,12:01:58,18.02
4/27/2026,12:01:59,18.02
4/27/2026,12:02:00,18.71
4/27/2026,12:02:01,18.39
4/27/2026,12:02:02,18.39
4/27/2026,12:02:02,20.23
4/27/2026,12:02:03,20.23
4/27/2026,12:02:04,21.74
4/27/2026,12:02:05,21.74
4/27/2026,12:02:06,22.27
4/27/2026,12:02:07,20.9
4/27/2026,12:02:08,20.9
4/27/2026,12:02:09,20.01
4/27/2026,12:02:09,21.3
4/27/2026,12:02:10,21.3
4/27/2026,12:02:11,21.3
4/27/2026,12:02:12,21.99
4/27/2026,12:02:13,22.35
4/27/2026,12:02:14,22.35
4/27/2026,12:02:14,22.64
4/27/2026,12:02:15,22.64
4/27/2026,12:02:16,22.28
4/27/2026,12:02:17,22.28
4/27/2026,12:02:18,21.12
4/27/2026,12:02:19,20.08
4/27/2026,12:02:20,20.08
4/27/2026,12:02:20,20.85
4/27/2026,12:02:21,20.85
4/27/2026,12:02:22,20.03
4/27/2026,12:02:23,20.03
4/27/2026,12:02:24,20.69
4/27/2026,12:02:25,19.79
4/27/2026,12:02:25,19.79
4/27/2026,12:02:26,19.79
4/27/2026,12:02:27,19.91
4/27/2026,12:02:28,20.09
4/27/2026,12:02:29,20.09
4/27/2026,12:02:30,20.07
4/27/2026,12:02:30,15.26
4/27/2026,12:02:31,15.26
4/27/2026,12:02:32,15.26
4/27/2026,12:02:33,9.32
4/27/2026,12:02:34,9.2
4/27/2026,12:02:35,9.2
4/27/2026,12:02:36,9.4
4/27/2026,12:02:36,9.58
4/27/2026,12:02:37,9.58
4/27/2026,12:02:38,9.58
4/27/2026,12:02:39,9.33
4/27/2026,12:02:40,9.12
4/27/2026,12:02:41,9.12
4/27/2026,12:02:42,9.65
4/27/2026,12:02:43,9.07
4/27/2026,12:02:44,9.07
4/27/2026,12:02:45,9.53
4/27/2026,12:02:46,9.13
4/27/2026,12:02:47,9.13
4/27/2026,12:02:48,9.66
4/27/2026,12:02:49,9.03
4/27/2026,12:02:50,9.03
4/27/2026,12:02:51,9.3
4/27/2026,12:02:52,9.24
4/27/2026,12:02:53,9.24
4/27/2026,12:02:54,9.37
4/27/2026,12:02:55,9.29
4/27/2026,12:02:56,9.29
4/27/2026,12:02:57,9.8
4/27/2026,12:02:58,8.92
4/27/2026,12:02:59,8.92
4/27/2026,12:03:00,9.26
4/27/2026,12:03:01,9.18
4/27/2026,12:03:02,9.18
4/27/2026,12:03:03,9.81
4/27/2026,12:03:04,9.18
4/27/2026,12:03:05,9.18
4/27/2026,12:03:06,9.42
4/27/2026,12:03:07,9.6
4/27/2026,12:03:08,9.6
4/27/2026,12:03:09,9.31
4/27/2026,12:03:10,9.12
4/27/2026,12:03:11,9.12
4/27/2026,12:03:12,9.47
4/27/2026,12:03:13,9.33
4/27/2026,12:03:14,9.33
4/27/2026,12:03:15,8.89
4/27/2026,12:03:16,9.19
4/27/2026,12:03:17,9.19
4/27/2026,12:03:18,9.41
4/27/2026,12:03:19,9.32
4/27/2026,12:03:20,9.32
4/27/2026,12:03:21,9.22
4/27/2026,12:03:22,9.74
4/27/2026,12:03:23,9.74
4/27/2026,12:03:24,9.23
4/27/2026,12:03:25,9.37
4/27/2026,12:03:26,9.37
4/27/2026,12:03:27,9.54
4/27/2026,12:03:28,9.39
4/27/2026,12:03:29,9.39
4/27/2026,12:03:30,9.16
4/27/2026,12:03:30,12.53
4/27/2026,12:03:31,12.53
4/27/2026,12:03:32,12.53
4/27/2026,12:03:33,24.11
4/27/2026,12:03:34,23.95
4/27/2026,12:03:35,23.95
4/27/2026,12:03:35,24.55
4/27/2026,12:03:36,24.55
4/27/2026,12:03:37,25.86
4/27/2026,12:03:38,25.86
4/27/2026,12:03:39,24.77
4/27/2026,12:03:40,25.1
4/27/2026,12:03:41,25.1
4/27/2026,12:03:42,25.27
4/27/2026,12:03:43,25.15
4/27/2026,12:03:44,25.15
4/27/2026,12:03:45,25.24
4/27/2026,12:03:46,25.02
4/27/2026,12:03:47,25.02
4/27/2026,12:03:48,25.68
4/27/2026,12:03:49,24.74
4/27/2026,12:03:50,24.74
4/27/2026,12:03:51,23.87
4/27/2026,12:03:52,24.46
4/27/2026,12:03:53,24.46
4/27/2026,12:03:54,24.94
4/27/2026,12:03:55,25.13
4/27/2026,12:03:56,25.13
4/27/2026,12:03:57,25.54
4/27/2026,12:03:58,25.59
4/27/2026,12:03:59,25.59
4/27/2026,12:04:00,25.37
4/27/2026,12:04:01,25.01
4/27/2026,12:04:02,25.01
4/27/2026,12:04:03,25.22
4/27/2026,12:04:04,24.74
4/27/2026,12:04:05,24.74
4/27/2026,12:04:06,24.43
4/27/2026,12:04:07,24.12
4/27/2026,12:04:08,24.12
4/27/2026,12:04:09,24.92
4/27/2026,12:04:10,24.92
4/27/2026,12:04:11,25.37
4/27/2026,12:04:12,25.5
4/27/2026,12:04:13,25.5
4/27/2026,12:04:14,25.15
4/27/2026,12:04:15,25.15
4/27/2026,12:04:16,25.15
4/27/2026,12:04:17,25.39
4/27/2026,12:04:18,25.27
4/27/2026,12:04:19,25.27
4/27/2026,12:04:20,25.55
4/27/2026,12:04:21,25.59
4/27/2026,12:04:22,25.59
4/27/2026,12:04:23,25.06
4/27/2026,12:04:24,24.6
4/27/2026,12:04:25,24.6
4/27/2026,12:04:26,24.38
4/27/2026,12:04:27,24.36
4/27/2026,12:04:28,24.36
4/27/2026,12:04:29,24.77
4/27/2026,12:04:30,18.74
4/27/2026,12:04:30,18.74
4/27/2026,12:04:31,18.74
4/27/2026,12:04:32,9.67
4/27/2026,12:04:33,9.6
4/27/2026,12:04:34,9.6
4/27/2026,12:04:35,9.4
4/27/2026,12:04:35,9.4
4/27/2026,12:04:36,9.89
4/27/2026,12:04:37,9.89
4/27/2026,12:04:38,9.45
4/27/2026,12:04:39,9.71
4/27/2026,12:04:40,9.71
4/27/2026,12:04:41,9.26
4/27/2026,12:04:42,9.54
4/27/2026,12:04:43,9.54
4/27/2026,12:04:44,9.01
4/27/2026,12:04:45,9.81
4/27/2026,12:04:46,9.81
4/27/2026,12:04:48,9.26
4/27/2026,12:04:49,9.39
4/27/2026,12:04:50,9.39
4/27/2026,12:04:51,9
4/27/2026,12:04:52,9.6
4/27/2026,12:04:53,9.6
4/27/2026,12:04:54,8.93
4/27/2026,12:04:55,9.12
4/27/2026,12:04:56,9.12
4/27/2026,12:04:57,9.4
4/27/2026,12:04:58,9.1
4/27/2026,12:04:59,9.1
4/27/2026,12:05:00,9.21
4/27/2026,12:05:01,9.52
4/27/2026,12:05:02,9.52
4/27/2026,12:05:03,9.92
4/27/2026,12:05:04,9.24
4/27/2026,12:05:05,9.24
4/27/2026,12:05:06,9.71
4/27/2026,12:05:07,9.23
4/27/2026,12:05:08,9.23
4/27/2026,12:05:09,10.24
4/27/2026,12:05:10,9.19
4/27/2026,12:05:11,9.19
4/27/2026,12:05:12,9.86
4/27/2026,12:05:13,9.63
4/27/2026,12:05:14,9.63
4/27/2026,12:05:15,9.48
4/27/2026,12:05:16,9.24
4/27/2026,12:05:17,9.24
4/27/2026,12:05:18,9.49
4/27/2026,12:05:19,9.42
4/27/2026,12:05:20,9.42
4/27/2026,12:05:21,9.27
4/27/2026,12:05:22,9.27
4/27/2026,12:05:23,9.27
4/27/2026,12:05:24,9.45
4/27/2026,12:05:25,9.43
4/27/2026,12:05:26,9.43
4/27/2026,12:05:27,9.41
4/27/2026,12:05:28,9.48
4/27/2026,12:05:29,9.48
4/27/2026,12:05:30,9.33
4/27/2026,12:05:31,10.36
4/27/2026,12:05:32,10.36
4/27/2026,12:05:32,12.21
4/27/2026,12:05:33,12.21
4/27/2026,12:05:34,12.57
4/27/2026,12:05:35,12.57
4/27/2026,12:05:36,12.59
4/27/2026,12:05:37,12.19
4/27/2026,12:05:38,12.19
4/27/2026,12:05:39,12.16
4/27/2026,12:05:40,12.05
4/27/2026,12:05:41,12.05
4/27/2026,12:05:42,12.27
4/27/2026,12:05:43,12.72
4/27/2026,12:05:44,12.72
4/27/2026,12:05:45,12.64
4/27/2026,12:05:46,11.85
4/27/2026,12:05:47,11.85
4/27/2026,12:05:48,12.15
4/27/2026,12:05:49,12.54
4/27/2026,12:05:50,12.54
4/27/2026,12:05:51,11.77
4/27/2026,12:05:52,11.95
4/27/2026,12:05:53,11.95
4/27/2026,12:05:54,12.24
4/27/2026,12:05:55,11.99
4/27/2026,12:05:56,11.99
4/27/2026,12:05:57,12.04
4/27/2026,12:05:58,12.17
4/27/2026,12:05:59,12.17
4/27/2026,12:06:00,12.12
4/27/2026,12:06:01,12.28
4/27/2026,12:06:02,12.28
4/27/2026,12:06:03,12.8
4/27/2026,12:06:04,12.53
4/27/2026,12:06:05,12.53
4/27/2026,12:06:06,12.39
4/27/2026,12:06:07,11.97
4/27/2026,12:06:08,11.97
4/27/2026,12:06:09,12.46
4/27/2026,12:06:10,12.26
4/27/2026,12:06:11,12.26
4/27/2026,12:06:12,12.16
4/27/2026,12:06:13,12.16
4/27/2026,12:06:14,12.16
4/27/2026,12:06:15,12.77
4/27/2026,12:06:16,11.82
4/27/2026,12:06:17,11.82
4/27/2026,12:06:18,12.25
4/27/2026,12:06:19,12.72
4/27/2026,12:06:20,12.72
4/27/2026,12:06:21,12.1
4/27/2026,12:06:22,11.69
4/27/2026,12:06:23,11.69
4/27/2026,12:06:24,12.42
4/27/2026,12:06:25,12.28
4/27/2026,12:06:26,12.28
4/27/2026,12:06:27,11.76
4/27/2026,12:06:28,11.98
4/27/2026,12:06:29,11.98
4/27/2026,12:06:30,12.54
4/27/2026,12:06:31,12.13
4/27/2026,12:06:32,12.13
4/27/2026,12:06:32,9.45
4/27/2026,12:06:33,9.45
4/27/2026,12:06:34,9.21
4/27/2026,12:06:35,9.21
4/27/2026,12:06:36,9.6
4/27/2026,12:06:37,9.51
4/27/2026,12:06:38,9.51
4/27/2026,12:06:39,9.24
4/27/2026,12:06:40,9.38
4/27/2026,12:06:41,9.38
4/27/2026,12:06:42,9.54
4/27/2026,12:06:43,9.52
4/27/2026,12:06:44,9.52
4/27/2026,12:06:45,9.64
4/27/2026,12:06:46,9.18
4/27/2026,12:06:47,9.18
4/27/2026,12:06:48,9.51
4/27/2026,12:06:49,9.19
4/27/2026,12:06:50,9.19
4/27/2026,12:06:51,9.26
4/27/2026,12:06:52,9.68
4/27/2026,12:06:53,9.68
4/27/2026,12:06:54,9.27
4/27/2026,12:06:55,9.23
4/27/2026,12:06:56,9.23
4/27/2026,12:06:57,9.34
4/27/2026,12:06:58,9.48
4/27/2026,12:06:59,9.48
4/27/2026,12:07:00,9.54
4/27/2026,12:07:01,9.27
4/27/2026,12:07:02,9.27
4/27/2026,12:07:03,9.71
4/27/2026,12:07:04,9.06
4/27/2026,12:07:05,9.06
4/27/2026,12:07:06,9.69
4/27/2026,12:07:07,9.38
4/27/2026,12:07:08,9.38
4/27/2026,12:07:09,9.29
4/27/2026,12:07:10,9.1
4/27/2026,12:07:11,9.1
4/27/2026,12:07:12,9.54
4/27/2026,12:07:13,9.32
4/27/2026,12:07:14,9.32
4/27/2026,12:07:15,9.3
4/27/2026,12:07:16,9.44
4/27/2026,12:07:17,9.44
4/27/2026,12:07:18,9.58
4/27/2026,12:07:19,9.37
4/27/2026,12:07:20,9.37
4/27/2026,12:07:21,9.29
4/27/2026,12:07:22,9.31
4/27/2026,12:07:23,9.31
4/27/2026,12:07:24,8.99
4/27/2026,12:07:25,9.28
4/27/2026,12:07:26,9.28
4/27/2026,12:07:27,8.96
4/27/2026,12:07:28,9.7
4/27/2026,12:07:29,9.7
4/27/2026,12:07:30,9.06
4/27/2026,12:07:30,12.96
4/27/2026,12:07:31,12.96
4/27/2026,12:07:32,12.96
4/27/2026,12:07:33,34.03
4/27/2026,12:07:34,33.83
4/27/2026,12:07:35,33.83
4/27/2026,12:07:36,34.12
4/27/2026,12:07:36,34.47
4/27/2026,12:07:37,34.47
4/27/2026,12:07:38,34.47
4/27/2026,12:07:39,34.04
4/27/2026,12:07:40,34.16
4/27/2026,12:07:41,34.16
4/27/2026,12:07:42,33.99
4/27/2026,12:07:43,34.58
4/27/2026,12:07:44,34.58
4/27/2026,12:07:45,34.2
4/27/2026,12:07:46,34.2
4/27/2026,12:07:47,34.92
4/27/2026,12:07:48,34.26
4/27/2026,12:07:49,34.26
4/27/2026,12:07:50,34.18
4/27/2026,12:07:51,34.64
4/27/2026,12:07:52,34.64
4/27/2026,12:07:53,34.24
4/27/2026,12:07:54,34.31
4/27/2026,12:07:55,34.31
4/27/2026,12:07:56,34.26
4/27/2026,12:07:57,34.38
4/27/2026,12:07:58,34.38
4/27/2026,12:07:59,34.12
4/27/2026,12:08:00,34.36
4/27/2026,12:08:01,34.36
4/27/2026,12:08:02,34.69
4/27/2026,12:08:03,34.42
4/27/2026,12:08:04,34.42
4/27/2026,12:08:05,34.48
4/27/2026,12:08:06,34.89
4/27/2026,12:08:07,34.89
4/27/2026,12:08:08,34.98
4/27/2026,12:08:09,34.68
4/27/2026,12:08:10,34.68
4/27/2026,12:08:11,34.51
4/27/2026,12:08:12,35.03
4/27/2026,12:08:13,35.03
4/27/2026,12:08:14,34.73
4/27/2026,12:08:15,34.84
4/27/2026,12:08:16,34.84
4/27/2026,12:08:17,34.93
4/27/2026,12:08:18,34.69
4/27/2026,12:08:19,34.69
4/27/2026,12:08:20,34.54
4/27/2026,12:08:21,35.13
4/27/2026,12:08:22,35.13
4/27/2026,12:08:23,34.69
4/27/2026,12:08:24,34.81
4/27/2026,12:08:26,34.81
4/27/2026,12:08:27,34.78
4/27/2026,12:08:28,35.17
4/27/2026,12:08:29,35.17
4/27/2026,12:08:30,34.62
4/27/2026,12:08:30,21.74
4/27/2026,12:08:31,21.74
4/27/2026,12:08:32,21.74
4/27/2026,12:08:33,9.72
4/27/2026,12:08:34,9.59
4/27/2026,12:08:35,9.59
4/27/2026,12:08:36,9.77
4/27/2026,12:08:36,9.94
4/27/2026,12:08:37,9.94
4/27/2026,12:08:38,9.94
4/27/2026,12:08:39,9.66
4/27/2026,12:08:40,9.69
4/27/2026,12:08:41,9.69
4/27/2026,12:08:42,9.88
4/27/2026,12:08:43,9.59
4/27/2026,12:08:44,9.59
4/27/2026,12:08:45,9.66
4/27/2026,12:08:46,9.8
4/27/2026,12:08:47,9.8
4/27/2026,12:08:48,9.43
4/27/2026,12:08:49,9.66
4/27/2026,12:08:50,9.66
4/27/2026,12:08:51,9.15
4/27/2026,12:08:52,9.56
4/27/2026,12:08:53,9.56
4/27/2026,12:08:54,9.22
4/27/2026,12:08:55,9.32
4/27/2026,12:08:56,9.32
4/27/2026,12:08:57,9.41
4/27/2026,12:08:58,9.41
4/27/2026,12:08:59,9.41
4/27/2026,12:09:00,9.19
4/27/2026,12:09:01,9.4
4/27/2026,12:09:02,9.4
4/27/2026,12:09:03,9.55
4/27/2026,12:09:04,9.43
4/27/2026,12:09:05,9.43
4/27/2026,12:09:06,9.44
4/27/2026,12:09:07,9.98
4/27/2026,12:09:08,9.98
4/27/2026,12:09:09,9.41
4/27/2026,12:09:10,9.37
4/27/2026,12:09:11,9.37
4/27/2026,12:09:12,9.66
4/27/2026,12:09:13,9.19
4/27/2026,12:09:14,9.19
4/27/2026,12:09:15,9.52
4/27/2026,12:09:16,9.44
4/27/2026,12:09:17,9.44
4/27/2026,12:09:18,9.82
4/27/2026,12:09:19,9.18
4/27/2026,12:09:20,9.18
4/27/2026,12:09:21,9.56
4/27/2026,12:09:22,9.41
4/27/2026,12:09:23,9.41
4/27/2026,12:09:24,9.33
4/27/2026,12:09:25,9.28
4/27/2026,12:09:26,9.28
4/27/2026,12:09:27,9.7
4/27/2026,12:09:28,9.19
4/27/2026,12:09:29,9.19
4/27/2026,12:09:30,9.5
4/27/2026,12:09:30,12.08
4/27/2026,12:09:31,12.08
4/27/2026,12:09:32,12.08
4/27/2026,12:09:33,26.47
4/27/2026,12:09:34,26.66
4/27/2026,12:09:35,26.66
4/27/2026,12:09:36,27.04
4/27/2026,12:09:36,27.26
4/27/2026,12:09:37,27.26
4/27/2026,12:09:38,27.26
4/27/2026,12:09:39,26.65
4/27/2026,12:09:40,25.99
4/27/2026,12:09:41,25.99
4/27/2026,12:09:42,26.37
4/27/2026,12:09:43,26.84
4/27/2026,12:09:44,26.84
4/27/2026,12:09:45,27.02
4/27/2026,12:09:46,26.69
4/27/2026,12:09:47,26.69
4/27/2026,12:09:48,27.71
4/27/2026,12:09:49,26.66
4/27/2026,12:09:50,26.66
4/27/2026,12:09:51,26.61
4/27/2026,12:09:52,27.15
4/27/2026,12:09:53,27.15
4/27/2026,12:09:54,26.9
4/27/2026,12:09:55,26.88
4/27/2026,12:09:56,26.88
4/27/2026,12:09:57,27.38
4/27/2026,12:09:58,26.73
4/27/2026,12:09:59,26.73
4/27/2026,12:10:00,26.73
4/27/2026,12:10:01,26.61
4/27/2026,12:10:02,26.61
4/27/2026,12:10:03,27.18
4/27/2026,12:10:04,26.56
4/27/2026,12:10:05,26.56
4/27/2026,12:10:06,26.64
4/27/2026,12:10:07,26.68
4/27/2026,12:10:08,26.68
4/27/2026,12:10:09,26.72
4/27/2026,12:10:10,26.98
4/27/2026,12:10:11,26.98
4/27/2026,12:10:12,27.64
4/27/2026,12:10:13,27.12
4/27/2026,12:10:14,27.12
4/27/2026,12:10:15,27.08
4/27/2026,12:10:16,26.98
4/27/2026,12:10:17,26.98
4/27/2026,12:10:18,27.3
4/27/2026,12:10:19,27.46
4/27/2026,12:10:20,27.46
4/27/2026,12:10:21,26.99
4/27/2026,12:10:22,27.33
4/27/2026,12:10:23,27.33
4/27/2026,12:10:24,26.89
4/27/2026,12:10:25,26.95
4/27/2026,12:10:26,26.95
4/27/2026,12:10:27,27.18
4/27/2026,12:10:28,27.66
4/27/2026,12:10:29,27.66
4/27/2026,12:10:30,27.16
4/27/2026,12:10:30,20.22
4/27/2026,12:10:31,20.22
4/27/2026,12:10:32,20.22
4/27/2026,12:10:33,9.85
4/27/2026,12:10:34,9.89
4/27/2026,12:10:35,9.89
4/27/2026,12:10:36,9.75
4/27/2026,12:10:36,9.71
4/27/2026,12:10:37,9.71
4/27/2026,12:10:38,9.71
4/27/2026,12:10:39,9.53
4/27/2026,12:10:40,9.42
4/27/2026,12:10:41,9.42
4/27/2026,12:10:42,10.04
4/27/2026,12:10:43,9.44
4/27/2026,12:10:44,9.44
4/27/2026,12:10:45,9.35
4/27/2026,12:10:46,9.55
4/27/2026,12:10:47,9.55
4/27/2026,12:10:48,9.57
4/27/2026,12:10:49,9.3
4/27/2026,12:10:50,9.3
4/27/2026,12:10:51,9.56
4/27/2026,12:10:52,9.74
4/27/2026,12:10:53,9.74
4/27/2026,12:10:54,9.66
4/27/2026,12:10:55,9.13
4/27/2026,12:10:56,9.13
4/27/2026,12:10:57,9.49
4/27/2026,12:10:58,9.19
4/27/2026,12:10:59,9.19
4/27/2026,12:11:00,9.29
4/27/2026,12:11:01,9.53
4/27/2026,12:11:02,9.53
4/27/2026,12:11:03,10.04
4/27/2026,12:11:04,9.32
4/27/2026,12:11:05,9.32
4/27/2026,12:11:06,9.09
4/27/2026,12:11:07,9.84
4/27/2026,12:11:08,9.84
4/27/2026,12:11:09,9.02
4/27/2026,12:11:10,9.37
4/27/2026,12:11:11,9.37
4/27/2026,12:11:12,9.26
4/27/2026,12:11:13,9.71
4/27/2026,12:11:14,9.71
4/27/2026,12:11:15,9.12
4/27/2026,12:11:16,9.49
4/27/2026,12:11:17,9.49
4/27/2026,12:11:18,9.63
4/27/2026,12:11:19,9.27
4/27/2026,12:11:20,9.27
4/27/2026,12:11:21,9.98
4/27/2026,12:11:22,9.98
4/27/2026,12:11:23,9.25
4/27/2026,12:11:24,9.67
4/27/2026,12:11:25,9.67
4/27/2026,12:11:26,9.29
4/27/2026,12:11:27,9.86
4/27/2026,12:11:28,9.86
4/27/2026,12:11:29,9.24
4/27/2026,12:11:30,10.63
4/27/2026,12:11:31,10.63
4/27/2026,12:11:32,15.54
4/27/2026,12:11:32,15.54
4/27/2026,12:11:33,15.21
4/27/2026,12:11:34,15.21
4/27/2026,12:11:36,15.01
4/27/2026,12:11:36,15.56
4/27/2026,12:11:37,15.56
4/27/2026,12:11:38,15.38
4/27/2026,12:11:39,15.14
4/27/2026,12:11:40,15.14
4/27/2026,12:11:41,15.18
4/27/2026,12:11:42,15.03
4/27/2026,12:11:43,15.03
4/27/2026,12:11:44,14.93
4/27/2026,12:11:45,14.9
4/27/2026,12:11:46,14.9
4/27/2026,12:11:47,15.38
4/27/2026,12:11:48,15.24
4/27/2026,12:11:49,15.24
4/27/2026,12:11:50,14.85
4/27/2026,12:11:51,14.81
4/27/2026,12:11:52,14.81
4/27/2026,12:11:53,15.83
4/27/2026,12:11:54,15.11
4/27/2026,12:11:55,15.11
4/27/2026,12:11:56,15.34
4/27/2026,12:11:57,15.06
4/27/2026,12:11:58,15.06
4/27/2026,12:11:59,15.05
4/27/2026,12:12:01,14.77
4/27/2026,12:12:02,14.77
4/27/2026,12:12:03,15.81
4/27/2026,12:12:04,15.04
4/27/2026,12:12:05,15.04
4/27/2026,12:12:05,14.53
4/27/2026,12:12:06,14.53
4/27/2026,12:12:07,14.96
4/27/2026,12:12:08,14.96
4/27/2026,12:12:09,15.22
4/27/2026,12:12:10,14.82
4/27/2026,12:12:11,14.82
4/27/2026,12:12:11,15.53
4/27/2026,12:12:12,15.53
4/27/2026,12:12:13,15.46
4/27/2026,12:12:14,15.46
4/27/2026,12:12:15,15.14
4/27/2026,12:12:16,14.91
4/27/2026,12:12:17,14.91
4/27/2026,12:12:18,15.37
4/27/2026,12:12:19,14.91
4/27/2026,12:12:20,14.91
4/27/2026,12:12:21,15.37
4/27/2026,12:12:22,14.95
4/27/2026,12:12:23,14.95
4/27/2026,12:12:24,15.07
4/27/2026,12:12:25,14.92
4/27/2026,12:12:26,14.92
4/27/2026,12:12:27,15.02
4/27/2026,12:12:28,15.27
4/27/2026,12:12:29,15.27
4/27/2026,12:12:30,14.88
4/27/2026,12:12:30,14.3
4/27/2026,12:12:31,14.3
4/27/2026,12:12:32,14.3
4/27/2026,12:12:33,9.43
4/27/2026,12:12:34,9.67
4/27/2026,12:12:35,9.67
4/27/2026,12:12:36,9.37
4/27/2026,12:12:36,10
4/27/2026,12:12:37,10
4/27/2026,12:12:38,10
4/27/2026,12:12:39,9.36
4/27/2026,12:12:40,9.52
4/27/2026,12:12:41,9.52
4/27/2026,12:12:42,9.51
4/27/2026,12:12:43,9.44
4/27/2026,12:12:44,9.44
4/27/2026,12:12:45,9.5
4/27/2026,12:12:46,9.43
4/27/2026,12:12:47,9.43
4/27/2026,12:12:48,9.59
4/27/2026,12:12:49,9.33
4/27/2026,12:12:50,9.33
4/27/2026,12:12:51,9.17
4/27/2026,12:12:52,9.71
4/27/2026,12:12:53,9.71
4/27/2026,12:12:54,9.39
4/27/2026,12:12:55,9.45
4/27/2026,12:12:56,9.45
4/27/2026,12:12:57,9.59
4/27/2026,12:12:58,9.37
4/27/2026,12:12:59,9.37
4/27/2026,12:13:00,9.31
4/27/2026,12:13:01,9.26
4/27/2026,12:13:02,9.26
4/27/2026,12:13:03,9.79
4/27/2026,12:13:04,9.19
4/27/2026,12:13:05,9.19
4/27/2026,12:13:06,9.6
4/27/2026,12:13:07,9.72
4/27/2026,12:13:08,9.72
4/27/2026,12:13:09,9.41
4/27/2026,12:13:10,9.24
4/27/2026,12:13:11,9.24
4/27/2026,12:13:12,9.8
4/27/2026,12:13:13,9.2
4/27/2026,12:13:14,9.2
4/27/2026,12:13:15,9.43
4/27/2026,12:13:16,9.21
4/27/2026,12:13:17,9.21
4/27/2026,12:13:18,10.03
4/27/2026,12:13:19,9.36
4/27/2026,12:13:20,9.36
4/27/2026,12:13:21,9.34
4/27/2026,12:13:22,9.55
4/27/2026,12:13:23,9.55
4/27/2026,12:13:24,9.49
4/27/2026,12:13:25,9.29
4/27/2026,12:13:26,9.29
4/27/2026,12:13:27,10.03
4/27/2026,12:13:28,9.44
4/27/2026,12:13:29,9.44
4/27/2026,12:13:30,9.54
4/27/2026,12:13:30,11.88
4/27/2026,12:13:31,11.88
4/27/2026,12:13:32,11.88
4/27/2026,12:13:33,36.72
4/27/2026,12:13:34,36.55
4/27/2026,12:13:35,36.55
4/27/2026,12:13:35,36.88
4/27/2026,12:13:36,36.88
4/27/2026,12:13:37,36.99
4/27/2026,12:13:38,36.99
4/27/2026,12:13:39,36.77
4/27/2026,12:13:40,36.62
4/27/2026,12:13:41,36.62
4/27/2026,12:13:42,37.11
4/27/2026,12:13:43,36.94
4/27/2026,12:13:44,36.94
4/27/2026,12:13:45,36.89
4/27/2026,12:13:46,36.79
4/27/2026,12:13:47,36.79
4/27/2026,12:13:48,37.45
4/27/2026,12:13:49,37.07
4/27/2026,12:13:50,37.07
4/27/2026,12:13:51,36.84
4/27/2026,12:13:52,37.73
4/27/2026,12:13:53,37.73
4/27/2026,12:13:54,37.1
4/27/2026,12:13:55,37.3
4/27/2026,12:13:56,37.3
4/27/2026,12:13:57,37.38
4/27/2026,12:13:58,37.41
4/27/2026,12:13:59,37.41
4/27/2026,12:14:00,37.22
4/27/2026,12:14:01,37.66
4/27/2026,12:14:02,37.66
4/27/2026,12:14:03,38.43
4/27/2026,12:14:04,37.38
4/27/2026,12:14:05,37.38
4/27/2026,12:14:06,37.38
4/27/2026,12:14:07,37.59
4/27/2026,12:14:08,37.59
4/27/2026,12:14:09,37.44
4/27/2026,12:14:10,37.34
4/27/2026,12:14:11,37.34
4/27/2026,12:14:12,37.87
4/27/2026,12:14:13,37.43
4/27/2026,12:14:14,37.43
4/27/2026,12:14:15,37.47
4/27/2026,12:14:16,37.41
4/27/2026,12:14:17,37.41
4/27/2026,12:14:18,37.75
4/27/2026,12:14:19,37.41
4/27/2026,12:14:20,37.41
4/27/2026,12:14:21,37.58
4/27/2026,12:14:22,37.76
4/27/2026,12:14:23,37.76
4/27/2026,12:14:24,37.6
4/27/2026,12:14:25,37.47
4/27/2026,12:14:26,37.47
4/27/2026,12:14:27,38.28
4/27/2026,12:14:28,37.59
4/27/2026,12:14:29,37.59
4/27/2026,12:14:30,37.94
4/27/2026,12:14:30,26.97
4/27/2026,12:14:31,26.97
4/27/2026,12:14:32,26.97
4/27/2026,12:14:33,10.58
4/27/2026,12:14:34,9.57
4/27/2026,12:14:35,9.57
4/27/2026,12:14:35,10.03
4/27/2026,12:14:36,10.03
4/27/2026,12:14:37,10.11
4/27/2026,12:14:38,10.11
4/27/2026,12:14:39,9.58
4/27/2026,12:14:40,9.63
4/27/2026,12:14:41,9.63
4/27/2026,12:14:42,9.43
4/27/2026,12:14:43,9.73
4/27/2026,12:14:44,9.73
4/27/2026,12:14:45,9.33
4/27/2026,12:14:46,9.42
4/27/2026,12:14:47,9.42
4/27/2026,12:14:48,9.38
4/27/2026,12:14:49,9.34
4/27/2026,12:14:50,9.34
4/27/2026,12:14:51,9.3
4/27/2026,12:14:52,9.69
4/27/2026,12:14:53,9.69
4/27/2026,12:14:54,9.18
4/27/2026,12:14:55,9.35
4/27/2026,12:14:56,9.08
4/27/2026,12:14:57,9.74
4/27/2026,12:14:58,9.74
4/27/2026,12:14:59,9.39
4/27/2026,12:15:00,9.54
4/27/2026,12:15:01,9.54
4/27/2026,12:15:02,10.78
4/27/2026,12:15:03,9.83
4/27/2026,12:15:04,9.83
4/27/2026,12:15:05,9.33
4/27/2026,12:15:06,9.33
4/27/2026,12:15:07,9.33
4/27/2026,12:15:08,9.41
4/27/2026,12:15:09,9.34
4/27/2026,12:15:10,9.34
4/27/2026,12:15:11,9.34
4/27/2026,12:15:12,9.69
4/27/2026,12:15:13,9.69
4/27/2026,12:15:14,9.32
4/27/2026,12:15:15,9.36
4/27/2026,12:15:16,9.36
4/27/2026,12:15:17,9.36
4/27/2026,12:15:18,9.37
4/27/2026,12:15:19,9.37
4/27/2026,12:15:20,9.48
4/27/2026,12:15:21,9.34
4/27/2026,12:15:22,9.34
4/27/2026,12:15:23,9.55
4/27/2026,12:15:24,9.32
4/27/2026,12:15:25,9.32
4/27/2026,12:15:26,9.26
4/27/2026,12:15:27,9.52
4/27/2026,12:15:28,9.52
4/27/2026,12:15:29,9.39
4/27/2026,12:15:30,11.38
4/27/2026,12:15:30,11.38
4/27/2026,12:15:31,11.38
4/27/2026,12:15:32,22.46
4/27/2026,12:15:33,24.26
4/27/2026,12:15:34,24.26
4/27/2026,12:15:35,22.46
4/27/2026,12:15:36,22.92
4/27/2026,12:15:37,22.92
4/27/2026,12:15:38,22.92
4/27/2026,12:15:39,23.22
4/27/2026,12:15:40,23.42
4/27/2026,12:15:41,23.42
4/27/2026,12:15:42,23.48
4/27/2026,12:15:43,23.85
4/27/2026,12:15:44,23.85
4/27/2026,12:15:44,24.32
4/27/2026,12:15:45,24.32
4/27/2026,12:15:46,24.45
4/27/2026,12:15:47,24.45
4/27/2026,12:15:48,24.28
4/27/2026,12:15:49,24.68
4/27/2026,12:15:50,24.68
4/27/2026,12:15:51,23.79
4/27/2026,12:15:52,23.49
4/27/2026,12:15:53,23.49
4/27/2026,12:15:53,22.98
4/27/2026,12:15:54,22.98
4/27/2026,12:15:55,23.36
4/27/2026,12:15:56,23.36
4/27/2026,12:15:57,22.78
4/27/2026,12:15:58,23.43
4/27/2026,12:15:59,23.43
4/27/2026,12:16:00,23.72
4/27/2026,12:16:00,24.19
4/27/2026,12:16:01,24.19
4/27/2026,12:16:02,24.19
4/27/2026,12:16:03,24.43
4/27/2026,12:16:04,25.18
4/27/2026,12:16:05,25.18
4/27/2026,12:16:06,24.53
4/27/2026,12:16:07,24.37
4/27/2026,12:16:08,24.37
4/27/2026,12:16:09,24.15
4/27/2026,12:16:10,24.45
4/27/2026,12:16:11,24.45
4/27/2026,12:16:12,23.74
4/27/2026,12:16:13,23.73
4/27/2026,12:16:14,23.73
4/27/2026,12:16:15,23.4
4/27/2026,12:16:16,23.38
4/27/2026,12:16:17,23.38
4/27/2026,12:16:18,23.11
4/27/2026,12:16:19,23.59
4/27/2026,12:16:20,23.59
4/27/2026,12:16:21,23.65
4/27/2026,12:16:22,23.92
4/27/2026,12:16:23,23.92
4/27/2026,12:16:24,23.48
4/27/2026,12:16:25,23.46
4/27/2026,12:16:26,23.46
4/27/2026,12:16:27,23.23
4/27/2026,12:16:28,23.57
4/27/2026,12:16:29,23.57
4/27/2026,12:16:30,24.07
4/27/2026,12:16:30,20.56
4/27/2026,12:16:31,20.56
4/27/2026,12:16:32,20.56
4/27/2026,12:16:33,10.24
4/27/2026,12:16:34,9.37
4/27/2026,12:16:35,9.37
4/27/2026,12:16:35,10.12
4/27/2026,12:16:36,10.12
4/27/2026,12:16:37,9.79
4/27/2026,12:16:38,9.79
4/27/2026,12:16:39,9.52
4/27/2026,12:16:40,9.27
4/27/2026,12:16:41,9.27
4/27/2026,12:16:42,9.99
4/27/2026,12:16:43,9.19
4/27/2026,12:16:44,9.19
4/27/2026,12:16:45,9.54
4/27/2026,12:16:46,9.17
4/27/2026,12:16:47,9.17
4/27/2026,12:16:48,9.74
4/27/2026,12:16:49,9.27
4/27/2026,12:16:50,9.27
4/27/2026,12:16:51,9.34
4/27/2026,12:16:52,9.52
4/27/2026,12:16:53,9.52
4/27/2026,12:16:54,9.38
4/27/2026,12:16:55,9.18
4/27/2026,12:16:56,9.18
4/27/2026,12:16:57,9.42
4/27/2026,12:16:58,9.37
4/27/2026,12:16:59,9.37
4/27/2026,12:17:00,9.39
4/27/2026,12:17:01,9.41
4/27/2026,12:17:02,9.41
4/27/2026,12:17:03,9.89
4/27/2026,12:17:04,10.03
4/27/2026,12:17:05,10.03
4/27/2026,12:17:06,9.5
4/27/2026,12:17:07,9.74
4/27/2026,12:17:08,9.74
4/27/2026,12:17:09,9.45
4/27/2026,12:17:10,9.42
4/27/2026,12:17:11,9.42
4/27/2026,12:17:12,9.43
4/27/2026,12:17:13,9.26
4/27/2026,12:17:14,9.26
4/27/2026,12:17:15,9.34
4/27/2026,12:17:16,9.43
4/27/2026,12:17:17,9.43
4/27/2026,12:17:18,9.57
4/27/2026,12:17:18,9.11
4/27/2026,12:17:19,9.11
4/27/2026,12:17:20,9.11
4/27/2026,12:17:21,9.48
4/27/2026,12:17:22,9.47
4/27/2026,12:17:23,9.47
4/27/2026,12:17:24,9.72
4/27/2026,12:17:25,9.17
4/27/2026,12:17:26,9.17
4/27/2026,12:17:27,9.52
4/27/2026,12:17:28,9.14
4/27/2026,12:17:29,9.14
4/27/2026,12:17:30,9.27
4/27/2026,12:17:30,11
4/27/2026,12:17:31,11
4/27/2026,12:17:32,11
4/27/2026,12:17:33,27.78
4/27/2026,12:17:34,27.89
4/27/2026,12:17:35,27.89
4/27/2026,12:17:35,28.1
4/27/2026,12:17:36,28.1
4/27/2026,12:17:37,28.22
4/27/2026,12:17:38,28.22
4/27/2026,12:17:39,28.14
4/27/2026,12:17:40,27.69
4/27/2026,12:17:41,27.69
4/27/2026,12:17:42,28.18
4/27/2026,12:17:43,27.77
4/27/2026,12:17:44,27.77
4/27/2026,12:17:45,28.2
4/27/2026,12:17:46,27.32
4/27/2026,12:17:47,27.32
4/27/2026,12:17:48,28.2
4/27/2026,12:17:49,27.96
4/27/2026,12:17:50,27.96
4/27/2026,12:17:51,27.8
4/27/2026,12:17:52,28.18
4/27/2026,12:17:53,28.18
4/27/2026,12:17:54,28.1
4/27/2026,12:17:55,27.94
4/27/2026,12:17:56,27.94
4/27/2026,12:17:57,27.92
4/27/2026,12:17:58,27.93
4/27/2026,12:17:59,27.93
4/27/2026,12:18:00,28.22
4/27/2026,12:18:01,27.84
4/27/2026,12:18:02,27.84
4/27/2026,12:18:03,28.06
4/27/2026,12:18:04,28.6
4/27/2026,12:18:05,28.6
4/27/2026,12:18:06,28.13
4/27/2026,12:18:07,28.6
4/27/2026,12:18:08,28.6
4/27/2026,12:18:09,28.27
4/27/2026,12:18:10,28.36
4/27/2026,12:18:11,28.36
4/27/2026,12:18:12,28.43
4/27/2026,12:18:13,28.23
4/27/2026,12:18:14,28.23
4/27/2026,12:18:15,28.65
4/27/2026,12:18:16,28.05
4/27/2026,12:18:17,28.05
4/27/2026,12:18:18,28.3
4/27/2026,12:18:19,28.1
4/27/2026,12:18:20,28.1
4/27/2026,12:18:21,28.13
4/27/2026,12:18:22,28.4
4/27/2026,12:18:23,28.4
4/27/2026,12:18:24,28.22
4/27/2026,12:18:25,28.29
4/27/2026,12:18:26,28.29
4/27/2026,12:18:27,28.03
4/27/2026,12:18:28,28.58
4/27/2026,12:18:29,28.58
4/27/2026,12:18:30,28.26
4/27/2026,12:18:30,24.67
4/27/2026,12:18:31,24.67
4/27/2026,12:18:32,9.93
4/27/2026,12:18:33,9.58
4/27/2026,12:18:34,9.58
4/27/2026,12:18:35,9.55
4/27/2026,12:18:36,10.25
4/27/2026,12:18:36,10.25
4/27/2026,12:18:37,10.25
4/27/2026,12:18:38,9.64
4/27/2026,12:18:39,9.48
4/27/2026,12:18:40,9.48
4/27/2026,12:18:41,9.86
4/27/2026,12:18:42,9.48
4/27/2026,12:18:43,9.48
4/27/2026,12:18:44,9.46
4/27/2026,12:18:45,9.36
4/27/2026,12:18:46,9.36
4/27/2026,12:18:47,9.69
4/27/2026,12:18:48,9.29
4/27/2026,12:18:49,9.29
4/27/2026,12:18:50,9.3
4/27/2026,12:18:51,9.74
4/27/2026,12:18:52,9.74
4/27/2026,12:18:53,9.63
4/27/2026,12:18:54,9.34
4/27/2026,12:18:55,9.34
4/27/2026,12:18:56,9.57
4/27/2026,12:18:57,9.49
4/27/2026,12:18:58,9.49
4/27/2026,12:18:59,9.36
4/27/2026,12:19:00,9.43
4/27/2026,12:19:01,9.43
4/27/2026,12:19:02,9.71
4/27/2026,12:19:03,9.39
4/27/2026,12:19:04,9.39
4/27/2026,12:19:05,9.31
4/27/2026,12:19:06,9.86
4/27/2026,12:19:07,9.86
4/27/2026,12:19:08,9.33
4/27/2026,12:19:09,9.74
4/27/2026,12:19:11,9.74
4/27/2026,12:19:12,9.39
4/27/2026,12:19:13,9.78
4/27/2026,12:19:14,9.78
4/27/2026,12:19:14,9.03
4/27/2026,12:19:15,9.03
4/27/2026,12:19:16,9.55
4/27/2026,12:19:17,9.55
4/27/2026,12:19:18,9.38
4/27/2026,12:19:19,9.31
4/27/2026,12:19:20,9.31
4/27/2026,12:19:21,9.19
4/27/2026,12:19:22,9.58
4/27/2026,12:19:23,9.58
4/27/2026,12:19:24,9.17
4/27/2026,12:19:25,9.37
4/27/2026,12:19:26,9.37
4/27/2026,12:19:27,9.19
4/27/2026,12:19:28,9.97
4/27/2026,12:19:29,9.97
4/27/2026,12:19:30,9.15
4/27/2026,12:19:30,10.99
4/27/2026,12:19:31,10.99
4/27/2026,12:19:32,10.99
4/27/2026,12:19:33,37.38
4/27/2026,12:19:34,37.78
4/27/2026,12:19:35,37.78
4/27/2026,12:19:36,38.25
4/27/2026,12:19:36,38.48
4/27/2026,12:19:37,38.48
4/27/2026,12:19:38,38.48
4/27/2026,12:19:39,37.83
4/27/2026,12:19:40,38.28
4/27/2026,12:19:41,38.28
4/27/2026,12:19:42,38.38
4/27/2026,12:19:43,38.19
4/27/2026,12:19:44,38.19
4/27/2026,12:19:45,38.04
4/27/2026,12:19:46,38.3
4/27/2026,12:19:47,38.3
4/27/2026,12:19:48,38.31
4/27/2026,12:19:49,38.24
4/27/2026,12:19:50,38.24
4/27/2026,12:19:51,38.18
4/27/2026,12:19:52,38.66
4/27/2026,12:19:53,38.66
4/27/2026,12:19:54,38.27
4/27/2026,12:19:55,38.26
4/27/2026,12:19:56,38.26
4/27/2026,12:19:57,38.75
4/27/2026,12:19:58,38.47
4/27/2026,12:19:59,38.47
4/27/2026,12:20:00,38.55
4/27/2026,12:20:01,38.72
4/27/2026,12:20:02,38.72
4/27/2026,12:20:03,38.91
4/27/2026,12:20:04,38.62
4/27/2026,12:20:05,38.62
4/27/2026,12:20:06,38.65
4/27/2026,12:20:07,38.89
4/27/2026,12:20:08,38.89
4/27/2026,12:20:09,38.59
4/27/2026,12:20:10,38.49
4/27/2026,12:20:11,38.49
4/27/2026,12:20:12,38.99
4/27/2026,12:20:13,38.87
4/27/2026,12:20:14,38.87
4/27/2026,12:20:15,39.09
4/27/2026,12:20:16,38.68
4/27/2026,12:20:17,38.68
4/27/2026,12:20:18,38.89
4/27/2026,12:20:19,38.62
4/27/2026,12:20:20,38.62
4/27/2026,12:20:21,38.79
4/27/2026,12:20:22,38.81
4/27/2026,12:20:23,38.81
4/27/2026,12:20:24,38.66
4/27/2026,12:20:25,38.66
4/27/2026,12:20:26,38.66
4/27/2026,12:20:27,39.27
4/27/2026,12:20:28,38.64
4/27/2026,12:20:29,38.64
4/27/2026,12:20:30,38.89
4/27/2026,12:20:30,31.53
4/27/2026,12:20:31,31.53
4/27/2026,12:20:32,31.53
4/27/2026,12:20:33,10.05
4/27/2026,12:20:34,9.78
4/27/2026,12:20:35,9.78
4/27/2026,12:20:36,10.07
4/27/2026,12:20:36,10.64
4/27/2026,12:20:37,10.64
4/27/2026,12:20:38,10.64
4/27/2026,12:20:39,9.88
4/27/2026,12:20:40,9.63
4/27/2026,12:20:41,9.63
4/27/2026,12:20:42,10.12
4/27/2026,12:20:43,10.57
4/27/2026,12:20:44,10.57
4/27/2026,12:20:45,9.79
4/27/2026,12:20:46,9.87
4/27/2026,12:20:47,9.87
4/27/2026,12:20:48,9.72
4/27/2026,12:20:48,9.33
4/27/2026,12:20:49,9.33
4/27/2026,12:20:50,9.33
4/27/2026,12:20:51,9.66
4/27/2026,12:20:52,9.78
4/27/2026,12:20:53,9.78
4/27/2026,12:20:54,9.39
4/27/2026,12:20:55,9.18
4/27/2026,12:20:56,9.18
4/27/2026,12:20:57,9.59
4/27/2026,12:20:58,9.27
4/27/2026,12:20:59,9.27
4/27/2026,12:21:00,9.46
4/27/2026,12:21:01,9.38
4/27/2026,12:21:02,9.38
4/27/2026,12:21:02,10.76
4/27/2026,12:21:03,10.76
4/27/2026,12:21:04,9.34
4/27/2026,12:21:05,9.34
4/27/2026,12:21:06,9.61
4/27/2026,12:21:07,9.39
4/27/2026,12:21:08,9.39
4/27/2026,12:21:08,9.39
4/27/2026,12:21:09,9.39
4/27/2026,12:21:10,9.35
4/27/2026,12:21:11,9.35
4/27/2026,12:21:12,9.67
4/27/2026,12:21:13,9.54
4/27/2026,12:21:14,9.54
4/27/2026,12:21:15,9.61
4/27/2026,12:21:16,9.59
4/27/2026,12:21:17,9.59
4/27/2026,12:21:18,9.82
4/27/2026,12:21:19,9.27
4/27/2026,12:21:20,9.27
4/27/2026,12:21:21,9.17
4/27/2026,12:21:22,9.41
4/27/2026,12:21:23,9.41
4/27/2026,12:21:24,9.22
4/27/2026,12:21:25,9.58
4/27/2026,12:21:26,9.58
4/27/2026,12:21:27,9.47
4/27/2026,12:21:28,9.46
4/27/2026,12:21:29,9.46
4/27/2026,12:21:30,9.28
4/27/2026,12:21:31,10.25
4/27/2026,12:21:32,10.25
4/27/2026,12:21:32,21.92
4/27/2026,12:21:33,21.92
4/27/2026,12:21:34,21.88
4/27/2026,12:21:35,21.88
4/27/2026,12:21:36,21.97
4/27/2026,12:21:37,22.09
4/27/2026,12:21:38,22.09
4/27/2026,12:21:39,21.81
4/27/2026,12:21:40,21.9
4/27/2026,12:21:41,21.9
4/27/2026,12:21:42,21.93
4/27/2026,12:21:43,21.93
4/27/2026,12:21:44,21.93
4/27/2026,12:21:45,22.13
4/27/2026,12:21:46,22.01
4/27/2026,12:21:47,22.01
4/27/2026,12:21:48,22.75
4/27/2026,12:21:49,22.11
4/27/2026,12:21:50,22.11
4/27/2026,12:21:51,22.04
4/27/2026,12:21:52,22.31
4/27/2026,12:21:53,22.31
4/27/2026,12:21:54,21.97
4/27/2026,12:21:55,21.98
4/27/2026,12:21:56,21.98
4/27/2026,12:21:57,22.07
4/27/2026,12:21:58,22.41
4/27/2026,12:21:59,22.41
4/27/2026,12:22:00,22.07
4/27/2026,12:22:01,22.13
4/27/2026,12:22:02,22.13
4/27/2026,12:22:03,23.07
4/27/2026,12:22:04,22.06
4/27/2026,12:22:05,22.06
4/27/2026,12:22:06,22.01
4/27/2026,12:22:07,22.89
4/27/2026,12:22:08,22.79
4/27/2026,12:22:09,22.73
4/27/2026,12:22:10,22.73
4/27/2026,12:22:11,22.08
4/27/2026,12:22:12,22.36
4/27/2026,12:22:13,22.36
4/27/2026,12:22:14,22.08
4/27/2026,12:22:15,22.27
4/27/2026,12:22:16,22.27
4/27/2026,12:22:17,22.31
4/27/2026,12:22:18,22.8
4/27/2026,12:22:19,22.8
4/27/2026,12:22:20,22.06
4/27/2026,12:22:21,22.42
4/27/2026,12:22:22,22.42
4/27/2026,12:22:23,22.4
4/27/2026,12:22:24,22.14
4/27/2026,12:22:25,22.14
4/27/2026,12:22:26,22.14
4/27/2026,12:22:27,22.27
4/27/2026,12:22:28,22.27
4/27/2026,12:22:29,22.08
4/27/2026,12:22:30,21.75
4/27/2026,12:22:31,21.75
4/27/2026,12:22:32,9.61
4/27/2026,12:22:32,9.61
4/27/2026,12:22:33,9.52
4/27/2026,12:22:34,9.52
4/27/2026,12:22:35,9.54
4/27/2026,12:22:36,9.98
4/27/2026,12:22:37,9.98
4/27/2026,12:22:38,9.45
4/27/2026,12:22:39,9.75
4/27/2026,12:22:40,9.75
4/27/2026,12:22:41,9.6
4/27/2026,12:22:42,9.52
4/27/2026,12:22:43,9.52
4/27/2026,12:22:44,9.39
4/27/2026,12:22:45,9.37
4/27/2026,12:22:47,9.37
4/27/2026,12:22:48,9.69
4/27/2026,12:22:49,9.74
4/27/2026,12:22:50,9.74
4/27/2026,12:22:51,9.45
4/27/2026,12:22:52,9.65
4/27/2026,12:22:53,9.65
4/27/2026,12:22:54,9.2
4/27/2026,12:22:55,9.34
4/27/2026,12:22:56,9.34
4/27/2026,12:22:57,9.58
4/27/2026,12:22:58,9.82
4/27/2026,12:22:59,9.82
4/27/2026,12:23:00,9.16
4/27/2026,12:23:01,9.57
4/27/2026,12:23:02,9.57
4/27/2026,12:23:03,9.96
4/27/2026,12:23:04,9.46
4/27/2026,12:23:05,9.46
4/27/2026,12:23:06,9.31
4/27/2026,12:23:07,9.28
4/27/2026,12:23:08,9.28
4/27/2026,12:23:09,9.39
4/27/2026,12:23:10,9.19
4/27/2026,12:23:11,9.19
4/27/2026,12:23:12,9.25
4/27/2026,12:23:13,9.37
4/27/2026,12:23:14,9.37
4/27/2026,12:23:15,9.48
4/27/2026,12:23:16,9.21
4/27/2026,12:23:17,9.21
4/27/2026,12:23:18,9.52
4/27/2026,12:23:19,9.57
4/27/2026,12:23:20,9.57
4/27/2026,12:23:21,9.38
4/27/2026,12:23:22,9.48
4/27/2026,12:23:23,9.48
4/27/2026,12:23:24,9.49
4/27/2026,12:23:25,9.38
4/27/2026,12:23:26,9.38
4/27/2026,12:23:27,9.4
4/27/2026,12:23:28,9.68
4/27/2026,12:23:29,9.68
4/27/2026,12:23:30,9.34
4/27/2026,12:23:31,10.35
4/27/2026,12:23:32,10.35
4/27/2026,12:23:32,29.51
4/27/2026,12:23:33,29.51
4/27/2026,12:23:34,29.71
4/27/2026,12:23:35,29.71
4/27/2026,12:23:36,29.65
4/27/2026,12:23:37,29.69
4/27/2026,12:23:38,29.69
4/27/2026,12:23:39,29.46
4/27/2026,12:23:40,29.46
4/27/2026,12:23:41,29.46
4/27/2026,12:23:42,29.41
4/27/2026,12:23:43,29.72
4/27/2026,12:23:44,29.72
4/27/2026,12:23:45,29.72
4/27/2026,12:23:46,29.41
4/27/2026,12:23:47,29.41
4/27/2026,12:23:48,30.13
4/27/2026,12:23:49,29.58
4/27/2026,12:23:50,29.58
4/27/2026,12:23:51,29.88
4/27/2026,12:23:52,30.04
4/27/2026,12:23:53,30.04
4/27/2026,12:23:54,29.81
4/27/2026,12:23:55,29.81
4/27/2026,12:23:56,29.81
4/27/2026,12:23:57,29.83
4/27/2026,12:23:58,30.2
4/27/2026,12:23:59,30.2
4/27/2026,12:24:00,29.92
4/27/2026,12:24:01,29.83
4/27/2026,12:24:02,29.83
4/27/2026,12:24:03,30.46
4/27/2026,12:24:04,29.99
4/27/2026,12:24:05,29.99
4/27/2026,12:24:06,30.02
4/27/2026,12:24:07,29.93
4/27/2026,12:24:08,29.93
4/27/2026,12:24:09,30.36
4/27/2026,12:24:10,29.91
4/27/2026,12:24:11,29.91
4/27/2026,12:24:12,29.88
4/27/2026,12:24:13,30.13
4/27/2026,12:24:14,30.13
4/27/2026,12:24:15,29.97
4/27/2026,12:24:16,30.01
4/27/2026,12:24:17,30.01
4/27/2026,12:24:18,30.23
4/27/2026,12:24:19,30.07
4/27/2026,12:24:20,30.07
4/27/2026,12:24:21,30.07
4/27/2026,12:24:22,30.28
4/27/2026,12:24:23,30.28
4/27/2026,12:24:24,30.63
4/27/2026,12:24:25,30.29
4/27/2026,12:24:26,30.29
4/27/2026,12:24:27,30.07
4/27/2026,12:24:28,30.28
4/27/2026,12:24:29,30.28
4/27/2026,12:24:30,30.03
4/27/2026,12:24:31,28.51
4/27/2026,12:24:32,28.51
4/27/2026,12:24:32,9.97
4/27/2026,12:24:33,9.97
4/27/2026,12:24:34,9.71
4/27/2026,12:24:35,9.71
4/27/2026,12:24:36,9.91
4/27/2026,12:24:37,9.97
4/27/2026,12:24:38,9.97
4/27/2026,12:24:39,9.59
4/27/2026,12:24:40,9.45
4/27/2026,12:24:41,9.45
4/27/2026,12:24:42,10.18
4/27/2026,12:24:43,9.28
4/27/2026,12:24:44,9.28
4/27/2026,12:24:45,9.76
4/27/2026,12:24:46,9.06
4/27/2026,12:24:47,9.06
4/27/2026,12:24:48,9.55
4/27/2026,12:24:49,9.07
4/27/2026,12:24:50,9.07
4/27/2026,12:24:51,9.3
4/27/2026,12:24:52,9.6
4/27/2026,12:24:53,9.6
4/27/2026,12:24:54,9.21
4/27/2026,12:24:55,9.71
4/27/2026,12:24:56,9.71
4/27/2026,12:24:57,9.63
4/27/2026,12:24:58,9.33
4/27/2026,12:24:59,9.33
4/27/2026,12:25:00,9.2
4/27/2026,12:25:01,9.5
4/27/2026,12:25:02,9.5
4/27/2026,12:25:03,10.79
4/27/2026,12:25:03,12.17
4/27/2026,12:25:04,12.17
4/27/2026,12:25:05,12.17
4/27/2026,12:25:06,9.51
4/27/2026,12:25:07,9.31
4/27/2026,12:25:08,9.31
4/27/2026,12:25:08,9.61
4/27/2026,12:25:09,9.61
4/27/2026,12:25:10,9.53
4/27/2026,12:25:11,9.53
4/27/2026,12:25:12,9.17
4/27/2026,12:25:13,9.74
4/27/2026,12:25:14,9.74
4/27/2026,12:25:15,9.28
4/27/2026,12:25:16,9.36
4/27/2026,12:25:17,9.36
4/27/2026,12:25:18,9.51
4/27/2026,12:25:19,10.42
4/27/2026,12:25:20,10.42
4/27/2026,12:25:21,9.32
4/27/2026,12:25:22,9.27
4/27/2026,12:25:23,9.27
4/27/2026,12:25:24,9.82
4/27/2026,12:25:25,9.32
4/27/2026,12:25:26,9.32
4/27/2026,12:25:27,9.96
4/27/2026,12:25:28,9.45
4/27/2026,12:25:29,9.45
4/27/2026,12:25:30,9.42
4/27/2026,12:25:31,10.23
4/27/2026,12:25:32,10.23
4/27/2026,12:25:32,35.33
4/27/2026,12:25:33,35.33
4/27/2026,12:25:34,35.75
4/27/2026,12:25:35,35.75
4/27/2026,12:25:36,35.45
4/27/2026,12:25:37,35.81
4/27/2026,12:25:38,35.81
4/27/2026,12:25:39,36.47
4/27/2026,12:25:40,36.31
4/27/2026,12:25:41,36.31
4/27/2026,12:25:42,36.02
4/27/2026,12:25:43,36.27
4/27/2026,12:25:44,36.11
4/27/2026,12:25:45,36.06
4/27/2026,12:25:46,36.06
4/27/2026,12:25:47,36.46
4/27/2026,12:25:48,36.66
4/27/2026,12:25:49,36.66
4/27/2026,12:25:50,36.18
4/27/2026,12:25:51,36.11
4/27/2026,12:25:52,36.11
4/27/2026,12:25:53,36.56
4/27/2026,12:25:54,36.69
4/27/2026,12:25:55,36.69
4/27/2026,12:25:56,36.73
4/27/2026,12:25:57,37.15
4/27/2026,12:25:58,37.15
4/27/2026,12:25:59,36.51
4/27/2026,12:26:00,36.44
4/27/2026,12:26:01,36.44
4/27/2026,12:26:02,36.77
4/27/2026,12:26:03,37.15
4/27/2026,12:26:04,37.15
4/27/2026,12:26:05,36.75
4/27/2026,12:26:06,36.68
4/27/2026,12:26:07,36.68
4/27/2026,12:26:08,36.87
4/27/2026,12:26:09,36.56
4/27/2026,12:26:10,36.56
4/27/2026,12:26:11,36.47
4/27/2026,12:26:12,36.9
4/27/2026,12:26:13,36.9
4/27/2026,12:26:14,36.45
4/27/2026,12:26:15,36.58
4/27/2026,12:26:16,36.58
4/27/2026,12:26:17,36.52
4/27/2026,12:26:18,36.95
4/27/2026,12:26:19,36.95
4/27/2026,12:26:20,36.6
4/27/2026,12:26:21,36.76
4/27/2026,12:26:23,36.76
4/27/2026,12:26:24,37.09
4/27/2026,12:26:25,37.12
4/27/2026,12:26:26,37.12
4/27/2026,12:26:27,36.67
4/27/2026,12:26:27,37.43
4/27/2026,12:26:28,37.43
4/27/2026,12:26:29,37.43
4/27/2026,12:26:30,36.97
4/27/2026,12:26:31,34.37
4/27/2026,12:26:32,34.37
4/27/2026,12:26:33,9.98
4/27/2026,12:26:33,9.63
4/27/2026,12:26:34,9.63
4/27/2026,12:26:35,9.63
4/27/2026,12:26:36,9.82
4/27/2026,12:26:37,10.05
4/27/2026,12:26:38,10.05
4/27/2026,12:26:39,9.93
4/27/2026,12:26:40,9.49
4/27/2026,12:26:41,9.49
4/27/2026,12:26:42,9.43
4/27/2026,12:26:43,9.64
4/27/2026,12:26:44,9.64
4/27/2026,12:26:45,9.39
4/27/2026,12:26:46,9.52
4/27/2026,12:26:47,9.52
4/27/2026,12:26:48,9.75
4/27/2026,12:26:49,9.38
4/27/2026,12:26:50,9.38
4/27/2026,12:26:51,9.41
4/27/2026,12:26:52,9.29
4/27/2026,12:26:53,9.29
4/27/2026,12:26:54,9.57
4/27/2026,12:26:55,9.2
4/27/2026,12:26:56,9.2
4/27/2026,12:26:57,9.98
4/27/2026,12:26:58,9.58
4/27/2026,12:26:59,9.58
4/27/2026,12:27:00,9.72
4/27/2026,12:27:01,9.65
4/27/2026,12:27:02,9.65
4/27/2026,12:27:03,9.91
4/27/2026,12:27:04,9.25
4/27/2026,12:27:05,9.25
4/27/2026,12:27:06,9.54
4/27/2026,12:27:07,9.36
4/27/2026,12:27:08,9.36
4/27/2026,12:27:09,9.54
4/27/2026,12:27:10,9.19
4/27/2026,12:27:11,9.19
4/27/2026,12:27:12,9.33
4/27/2026,12:27:13,9.66
4/27/2026,12:27:14,9.66
4/27/2026,12:27:15,9.37
4/27/2026,12:27:16,9.52
4/27/2026,12:27:17,9.52
4/27/2026,12:27:18,9.53
4/27/2026,12:27:19,9.32
4/27/2026,12:27:20,9.32
4/27/2026,12:27:21,9.38
4/27/2026,12:27:22,9.2
4/27/2026,12:27:23,9.2
4/27/2026,12:27:24,9.44
4/27/2026,12:27:25,9.42
4/27/2026,12:27:26,9.42
4/27/2026,12:27:27,9.34
4/27/2026,12:27:28,9.81
4/27/2026,12:27:29,9.81
4/27/2026,12:27:30,9.49
4/27/2026,12:27:31,9.93
4/27/2026,12:27:32,9.93
4/27/2026,12:27:32,17.07
4/27/2026,12:27:33,17.07
4/27/2026,12:27:34,16.86
4/27/2026,12:27:35,16.86
4/27/2026,12:27:36,16.45
4/27/2026,12:27:37,16.86
4/27/2026,12:27:38,16.86
4/27/2026,12:27:39,16.91
4/27/2026,12:27:40,16.67
4/27/2026,12:27:41,16.67
4/27/2026,12:27:42,16.5
4/27/2026,12:27:43,16.75
4/27/2026,12:27:44,16.75
4/27/2026,12:27:45,16.58
4/27/2026,12:27:46,16.44
4/27/2026,12:27:47,16.44
4/27/2026,12:27:48,17.17
4/27/2026,12:27:49,16.77
4/27/2026,12:27:50,16.77
4/27/2026,12:27:51,16.75
4/27/2026,12:27:52,16.53
4/27/2026,12:27:53,16.53
4/27/2026,12:27:54,16.79
4/27/2026,12:27:55,16.4
4/27/2026,12:27:56,16.4
4/27/2026,12:27:57,16.66
4/27/2026,12:27:58,16.58
4/27/2026,12:27:59,16.58
4/27/2026,12:28:00,16.8
4/27/2026,12:28:01,16.76
4/27/2026,12:28:02,16.76
4/27/2026,12:28:03,17.19
4/27/2026,12:28:04,16.79
4/27/2026,12:28:05,16.79
4/27/2026,12:28:06,16.93
4/27/2026,12:28:07,17.2
4/27/2026,12:28:08,17.2
4/27/2026,12:28:09,17.17
4/27/2026,12:28:10,16.47
4/27/2026,12:28:11,16.47
4/27/2026,12:28:12,16.64
4/27/2026,12:28:13,16.63
4/27/2026,12:28:14,16.63
4/27/2026,12:28:15,16.57
4/27/2026,12:28:16,16.4
4/27/2026,12:28:17,16.4
4/27/2026,12:28:18,16.84
4/27/2026,12:28:19,17.15
4/27/2026,12:28:20,17.15
4/27/2026,12:28:21,17.15
4/27/2026,12:28:22,16.23
4/27/2026,12:28:23,16.23
4/27/2026,12:28:24,16.62
4/27/2026,12:28:25,16.31
4/27/2026,12:28:26,16.31
4/27/2026,12:28:27,17
4/27/2026,12:28:28,16.68
4/27/2026,12:28:29,16.68
4/27/2026,12:28:30,16.68
4/27/2026,12:28:31,17.62
4/27/2026,12:28:32,17.62
4/27/2026,12:28:32,10.42
4/27/2026,12:28:33,10.42
4/27/2026,12:28:34,9.44
4/27/2026,12:28:35,9.44
4/27/2026,12:28:36,9.51
4/27/2026,12:28:37,9.81
4/27/2026,12:28:38,9.81
4/27/2026,12:28:39,9.52
4/27/2026,12:28:39,9.35
4/27/2026,12:28:40,9.35
4/27/2026,12:28:41,9.35
4/27/2026,12:28:42,9.68
4/27/2026,12:28:43,9.54
4/27/2026,12:28:44,9.54
4/27/2026,12:28:45,9.65
4/27/2026,12:28:46,9.4
4/27/2026,12:28:47,9.4
4/27/2026,12:28:48,9.58
4/27/2026,12:28:49,9.41
4/27/2026,12:28:50,9.41
4/27/2026,12:28:51,9.21
4/27/2026,12:28:52,9.93
4/27/2026,12:28:53,9.93
4/27/2026,12:28:54,9.29
4/27/2026,12:28:55,9.47
4/27/2026,12:28:56,9.47
4/27/2026,12:28:57,9.53
4/27/2026,12:28:58,9.69
4/27/2026,12:28:59,9.69
4/27/2026,12:29:00,9.41
4/27/2026,12:29:01,9.47
4/27/2026,12:29:02,9.47
4/27/2026,12:29:02,10.82
4/27/2026,12:29:03,10.82
4/27/2026,12:29:04,10.27
4/27/2026,12:29:05,10.27
4/27/2026,12:29:06,9.72
4/27/2026,12:29:07,9.62
4/27/2026,12:29:07,9.62
4/27/2026,12:29:08,9.62
4/27/2026,12:29:09,9.44
4/27/2026,12:29:10,9.38
4/27/2026,12:29:11,9.38
4/27/2026,12:29:12,9.45
4/27/2026,12:29:13,10.3
4/27/2026,12:29:14,10.3
4/27/2026,12:29:15,9.29
4/27/2026,12:29:16,9.19
4/27/2026,12:29:17,9.19
4/27/2026,12:29:18,9.87
4/27/2026,12:29:19,9.87
4/27/2026,12:29:20,9.27
4/27/2026,12:29:21,9.56
4/27/2026,12:29:22,9.56
4/27/2026,12:29:23,9.11
4/27/2026,12:29:24,9.6
4/27/2026,12:29:25,9.6
4/27/2026,12:29:26,9.11
4/27/2026,12:29:27,9.79
4/27/2026,12:29:28,9.79
4/27/2026,12:29:29,9.07
4/27/2026,12:29:30,10
4/27/2026,12:29:31,10
4/27/2026,12:29:32,36.25
4/27/2026,12:29:32,36.25
4/27/2026,12:29:33,36.53
4/27/2026,12:29:34,36.53
4/27/2026,12:29:35,36.9
4/27/2026,12:29:36,37.05
4/27/2026,12:29:37,37.05
4/27/2026,12:29:38,36.41
4/27/2026,12:29:39,36.44
4/27/2026,12:29:40,36.44
4/27/2026,12:29:41,36.44
4/27/2026,12:29:42,36.84
4/27/2026,12:29:43,36.84
4/27/2026,12:29:44,36.44
4/27/2026,12:29:45,36.62
4/27/2026,12:29:46,36.62
4/27/2026,12:29:47,36.98
4/27/2026,12:29:48,36.72
4/27/2026,12:29:49,36.72
4/27/2026,12:29:50,36.64
4/27/2026,12:29:51,37.02
4/27/2026,12:29:52,37.02
4/27/2026,12:29:53,36.85
4/27/2026,12:29:54,36.77
4/27/2026,12:29:55,36.77
4/27/2026,12:29:56,36.82
4/27/2026,12:29:58,37.29
4/27/2026,12:29:59,37.29
4/27/2026,12:30:00,36.86
4/27/2026,12:30:01,37.06
4/27/2026,12:30:02,37.06
4/27/2026,12:30:02,38.42
4/27/2026,12:30:03,38.42
4/27/2026,12:30:04,37.18
4/27/2026,12:30:05,37.18
4/27/2026,12:30:06,37.27
4/27/2026,12:30:07,37.39
4/27/2026,12:30:08,37.39
4/27/2026,12:30:09,37.35
4/27/2026,12:30:10,37.49
4/27/2026,12:30:11,37.49
4/27/2026,12:30:12,37.29
4/27/2026,12:30:13,37.45
4/27/2026,12:30:14,37.45
4/27/2026,12:30:15,37.05
4/27/2026,12:30:16,37.16
4/27/2026,12:30:17,37.16
4/27/2026,12:30:18,37.14
4/27/2026,12:30:19,38.01
4/27/2026,12:30:20,38.01
4/27/2026,12:30:21,37.2
4/27/2026,12:30:22,37.15
4/27/2026,12:30:23,37.15
4/27/2026,12:30:24,37.38
4/27/2026,12:30:25,37.11
4/27/2026,12:30:26,37.11
4/27/2026,12:30:27,37.07
4/27/2026,12:30:28,37.4
4/27/2026,12:30:29,37.4
4/27/2026,12:30:30,37.41
4/27/2026,12:30:30,36.31
4/27/2026,12:30:31,36.31
4/27/2026,12:30:32,36.31
4/27/2026,12:30:33,10.49
4/27/2026,12:30:34,9.92
4/27/2026,12:30:35,9.92
4/27/2026,12:30:35,10.17
4/27/2026,12:30:36,10.17
4/27/2026,12:30:37,10.31
4/27/2026,12:30:38,10.31
4/27/2026,12:30:39,9.76
4/27/2026,12:30:40,9.63
4/27/2026,12:30:41,9.63
4/27/2026,12:30:42,9.96
4/27/2026,12:30:43,9.83
4/27/2026,12:30:44,9.83
4/27/2026,12:30:45,9.45
4/27/2026,12:30:46,9.49
4/27/2026,12:30:47,9.49
4/27/2026,12:30:48,9.69
4/27/2026,12:30:49,9.78
4/27/2026,12:30:50,9.78
4/27/2026,12:30:51,9.26
4/27/2026,12:30:52,10.09
4/27/2026,12:30:53,10.09
4/27/2026,12:30:54,9.36
4/27/2026,12:30:55,9.41
4/27/2026,12:30:56,9.41
4/27/2026,12:30:57,9.25
4/27/2026,12:30:58,9.55
4/27/2026,12:30:59,9.55
4/27/2026,12:31:00,9.46
4/27/2026,12:31:01,9.43
4/27/2026,12:31:02,9.43
4/27/2026,12:31:03,9.71
4/27/2026,12:31:04,9.32
4/27/2026,12:31:05,9.32
4/27/2026,12:31:06,9.9
4/27/2026,12:31:07,9.22
4/27/2026,12:31:08,9.22
4/27/2026,12:31:09,9.93
4/27/2026,12:31:09,9.08
4/27/2026,12:31:10,9.08
4/27/2026,12:31:11,9.08
4/27/2026,12:31:12,9.8
4/27/2026,12:31:13,9.29
4/27/2026,12:31:14,9.29
4/27/2026,12:31:15,9.23
4/27/2026,12:31:16,9.14
4/27/2026,12:31:17,9.14
4/27/2026,12:31:18,9.82
4/27/2026,12:31:19,9.33
4/27/2026,12:31:20,9.33
4/27/2026,12:31:21,9.39
4/27/2026,12:31:22,9.18
4/27/2026,12:31:23,9.18
4/27/2026,12:31:23,10.17
4/27/2026,12:31:24,10.17
4/27/2026,12:31:25,9.27
4/27/2026,12:31:26,9.27
4/27/2026,12:31:27,9.36
4/27/2026,12:31:28,9.43
4/27/2026,12:31:29,9.43
4/27/2026,12:31:30,9.57
4/27/2026,12:31:31,9.44
4/27/2026,12:31:32,9.44
4/27/2026,12:31:32,17.91
4/27/2026,12:31:33,17.91
4/27/2026,12:31:34,17.6
4/27/2026,12:31:35,17.6
4/27/2026,12:31:36,17.94
4/27/2026,12:31:37,17.58
4/27/2026,12:31:38,17.58
4/27/2026,12:31:39,17.89
4/27/2026,12:31:40,17.57
4/27/2026,12:31:41,17.57
4/27/2026,12:31:42,17.59
4/27/2026,12:31:43,17.56
4/27/2026,12:31:44,17.56
4/27/2026,12:31:45,17.4
4/27/2026,12:31:46,17.39
4/27/2026,12:31:47,17.39
4/27/2026,12:31:48,18.17
4/27/2026,12:31:49,17.55
4/27/2026,12:31:50,17.55
4/27/2026,12:31:51,17.5
4/27/2026,12:31:52,17.76
4/27/2026,12:31:53,17.76
4/27/2026,12:31:54,17.94
4/27/2026,12:31:55,17.44
4/27/2026,12:31:56,17.44
4/27/2026,12:31:57,17.61
4/27/2026,12:31:58,17.78
4/27/2026,12:31:59,17.78
4/27/2026,12:32:00,17.45
4/27/2026,12:32:01,17.55
4/27/2026,12:32:02,17.55
4/27/2026,12:32:03,18.01
4/27/2026,12:32:04,17.77
4/27/2026,12:32:05,17.77
4/27/2026,12:32:06,17.62
4/27/2026,12:32:07,17.64
4/27/2026,12:32:08,17.64
4/27/2026,12:32:09,18.08
4/27/2026,12:32:10,17.99
4/27/2026,12:32:11,17.99
4/27/2026,12:32:12,17.72
4/27/2026,12:32:13,17.86
4/27/2026,12:32:14,17.86
4/27/2026,12:32:15,17.87
4/27/2026,12:32:16,17.73
4/27/2026,12:32:17,17.73
4/27/2026,12:32:18,17.64
4/27/2026,12:32:19,17.66
4/27/2026,12:32:20,17.66
4/27/2026,12:32:21,17.57
4/27/2026,12:32:22,17.53
4/27/2026,12:32:23,17.53
4/27/2026,12:32:24,18.18
4/27/2026,12:32:25,17.59
4/27/2026,12:32:26,17.59
4/27/2026,12:32:27,17.54
4/27/2026,12:32:28,17.92
4/27/2026,12:32:29,17.92
4/27/2026,12:32:30,17.55
4/27/2026,12:32:31,17.96
4/27/2026,12:32:32,17.96
4/27/2026,12:32:32,9.8
4/27/2026,12:32:33,9.8
4/27/2026,12:32:34,9.37
4/27/2026,12:32:35,9.37
4/27/2026,12:32:36,9.47
4/27/2026,12:32:37,9.64
4/27/2026,12:32:38,9.64
4/27/2026,12:32:39,9.22
4/27/2026,12:32:40,9.45
4/27/2026,12:32:41,9.45
4/27/2026,12:32:42,10.16
4/27/2026,12:32:43,9.3
4/27/2026,12:32:44,9.3
4/27/2026,12:32:45,10.13
4/27/2026,12:32:46,9.33
4/27/2026,12:32:47,9.33
4/27/2026,12:32:48,10.03
4/27/2026,12:32:49,9.22
4/27/2026,12:32:50,9.22
4/27/2026,12:32:51,9.44
4/27/2026,12:32:52,9.55
4/27/2026,12:32:53,9.55
4/27/2026,12:32:54,9.29
4/27/2026,12:32:55,9.29
4/27/2026,12:32:56,9.41
4/27/2026,12:32:57,9.54
4/27/2026,12:32:58,9.54
4/27/2026,12:32:59,9.21
4/27/2026,12:33:00,9.31
4/27/2026,12:33:01,9.31
4/27/2026,12:33:02,9.71
4/27/2026,12:33:03,9.46
4/27/2026,12:33:04,9.46
4/27/2026,12:33:05,9.31
4/27/2026,12:33:06,9.57
4/27/2026,12:33:07,9.57
4/27/2026,12:33:08,9.13
4/27/2026,12:33:09,9.29
4/27/2026,12:33:10,9.29
4/27/2026,12:33:11,9.35
4/27/2026,12:33:12,9.77
4/27/2026,12:33:13,9.77
4/27/2026,12:33:14,9.36
4/27/2026,12:33:15,9.49
4/27/2026,12:33:16,9.49
4/27/2026,12:33:17,9.9
4/27/2026,12:33:18,9.78
4/27/2026,12:33:19,9.78
4/27/2026,12:33:20,9.13
4/27/2026,12:33:21,9.67
4/27/2026,12:33:22,9.67
4/27/2026,12:33:23,9.06
4/27/2026,12:33:24,9.43
4/27/2026,12:33:25,9.43
4/27/2026,12:33:26,9.36
4/27/2026,12:33:27,9.7
4/27/2026,12:33:28,9.7
4/27/2026,12:33:29,9.23
4/27/2026,12:33:31,9.6
4/27/2026,12:33:31,9.6
4/27/2026,12:33:32,22.18
4/27/2026,12:33:32,22.18
4/27/2026,12:33:34,22.11
4/27/2026,12:33:35,22.11
4/27/2026,12:33:36,22.14
4/27/2026,12:33:37,22.33
4/27/2026,12:33:38,22.33
4/27/2026,12:33:39,21.98
4/27/2026,12:33:40,22.15
4/27/2026,12:33:41,22.15
4/27/2026,12:33:42,22.1
4/27/2026,12:33:43,22.44
4/27/2026,12:33:44,22.44
4/27/2026,12:33:45,22.44
4/27/2026,12:33:46,22.05
4/27/2026,12:33:47,22.05
4/27/2026,12:33:48,22.7
4/27/2026,12:33:49,22.47
4/27/2026,12:33:50,22.47
4/27/2026,12:33:51,22.27
4/27/2026,12:33:52,22.62
4/27/2026,12:33:53,22.62
4/27/2026,12:33:54,22.49
4/27/2026,12:33:55,22.32
4/27/2026,12:33:56,22.32
4/27/2026,12:33:57,22.25
4/27/2026,12:33:58,22.6
4/27/2026,12:33:59,22.6
4/27/2026,12:34:00,22.25
4/27/2026,12:34:01,22.29
4/27/2026,12:34:02,22.29
4/27/2026,12:34:02,23.75
4/27/2026,12:34:03,23.75
4/27/2026,12:34:04,22.4
4/27/2026,12:34:05,22.4
4/27/2026,12:34:06,22.42
4/27/2026,12:34:07,22.63
4/27/2026,12:34:08,22.63
4/27/2026,12:34:08,22.49
4/27/2026,12:34:09,22.49
4/27/2026,12:34:10,22.42
4/27/2026,12:34:11,22.42
4/27/2026,12:34:12,22.44
4/27/2026,12:34:13,22.66
4/27/2026,12:34:14,22.66
4/27/2026,12:34:15,22.95
4/27/2026,12:34:16,22.34
4/27/2026,12:34:17,22.34
4/27/2026,12:34:18,22.7
4/27/2026,12:34:19,22.27
4/27/2026,12:34:20,22.27
4/27/2026,12:34:21,22.73
4/27/2026,12:34:22,22.7
4/27/2026,12:34:23,22.7
4/27/2026,12:34:24,22.34
4/27/2026,12:34:25,22.46
4/27/2026,12:34:26,22.46
4/27/2026,12:34:27,22.36
4/27/2026,12:34:28,22.97
4/27/2026,12:34:29,22.97
4/27/2026,12:34:30,22.4
4/27/2026,12:34:31,22.62
4/27/2026,12:34:32,22.62
4/27/2026,12:34:32,9.88
4/27/2026,12:34:33,9.88
4/27/2026,12:34:34,9.86
4/27/2026,12:34:35,9.86
4/27/2026,12:34:36,9.7
4/27/2026,12:34:37,9.92
4/27/2026,12:34:38,9.92
4/27/2026,12:34:39,9.4
4/27/2026,12:34:40,9.42
4/27/2026,12:34:41,9.42
4/27/2026,12:34:42,9.55
4/27/2026,12:34:43,9.58
4/27/2026,12:34:44,9.58
4/27/2026,12:34:45,9.14
4/27/2026,12:34:46,9.91
4/27/2026,12:34:47,9.91
4/27/2026,12:34:48,9.42
4/27/2026,12:34:49,9.46
4/27/2026,12:34:50,9.46
4/27/2026,12:34:51,9.21
4/27/2026,12:34:52,9.72
4/27/2026,12:34:53,9.72
4/27/2026,12:34:54,9.37
4/27/2026,12:34:55,9.21
4/27/2026,12:34:56,9.21
4/27/2026,12:34:57,9.27
4/27/2026,12:34:58,9.4
4/27/2026,12:34:59,9.4
4/27/2026,12:35:00,9.4
4/27/2026,12:35:01,9.26
4/27/2026,12:35:02,9.26
4/27/2026,12:35:03,10.34
4/27/2026,12:35:04,9.43
4/27/2026,12:35:05,9.43
4/27/2026,12:35:06,9.45
4/27/2026,12:35:07,9.1
4/27/2026,12:35:08,9.1
4/27/2026,12:35:09,9.72
4/27/2026,12:35:10,9.16
4/27/2026,12:35:11,9.16
4/27/2026,12:35:12,9.62
4/27/2026,12:35:13,9.46
4/27/2026,12:35:14,9.46
4/27/2026,12:35:15,9.2
4/27/2026,12:35:16,9.46
4/27/2026,12:35:17,9.46
4/27/2026,12:35:18,9.83
4/27/2026,12:35:19,9.57
4/27/2026,12:35:20,9.57
4/27/2026,12:35:21,9.41
4/27/2026,12:35:22,9.28
4/27/2026,12:35:23,9.28
4/27/2026,12:35:24,9.97
4/27/2026,12:35:25,9.19
4/27/2026,12:35:26,9.19
4/27/2026,12:35:27,9.17
4/27/2026,12:35:28,9.85
4/27/2026,12:35:29,9.85
4/27/2026,12:35:30,9.28
4/27/2026,12:35:31,9.97
4/27/2026,12:35:32,9.97
4/27/2026,12:35:32,27.82
4/27/2026,12:35:33,27.82
4/27/2026,12:35:34,29
4/27/2026,12:35:35,29
4/27/2026,12:35:36,28.72
4/27/2026,12:35:37,28.52
4/27/2026,12:35:38,28.52
4/27/2026,12:35:39,28.74
4/27/2026,12:35:40,28.45
4/27/2026,12:35:41,28.45
4/27/2026,12:35:42,28.46
4/27/2026,12:35:43,28.8
4/27/2026,12:35:44,28.8
4/27/2026,12:35:45,28.25
4/27/2026,12:35:46,28.31
4/27/2026,12:35:47,28.31
4/27/2026,12:35:48,29.02
4/27/2026,12:35:49,29.07
4/27/2026,12:35:50,29.07
4/27/2026,12:35:51,28.68
4/27/2026,12:35:52,28.74
4/27/2026,12:35:53,28.74
4/27/2026,12:35:54,28.87
4/27/2026,12:35:55,28.92
4/27/2026,12:35:56,28.92
4/27/2026,12:35:57,28.72
4/27/2026,12:35:58,29.07
4/27/2026,12:35:59,29.07
4/27/2026,12:36:00,28.59
4/27/2026,12:36:01,28.65
4/27/2026,12:36:02,28.65
4/27/2026,12:36:03,28.82
4/27/2026,12:36:03,29.86
4/27/2026,12:36:04,29.86
4/27/2026,12:36:05,29.86
4/27/2026,12:36:06,29.47
4/27/2026,12:36:07,28.86
4/27/2026,12:36:08,28.86
4/27/2026,12:36:09,29.12
4/27/2026,12:36:10,28.74
4/27/2026,12:36:11,28.74
4/27/2026,12:36:12,29
4/27/2026,12:36:13,28.62
4/27/2026,12:36:14,28.62
4/27/2026,12:36:15,29.17
4/27/2026,12:36:16,28.87
4/27/2026,12:36:17,28.87
4/27/2026,12:36:18,29.11
4/27/2026,12:36:19,29.39
4/27/2026,12:36:20,29.39
4/27/2026,12:36:21,29.28
4/27/2026,12:36:22,28.78
4/27/2026,12:36:23,28.78
4/27/2026,12:36:24,29.23
4/27/2026,12:36:25,28.94
4/27/2026,12:36:26,28.94
4/27/2026,12:36:27,29.09
4/27/2026,12:36:28,28.72
4/27/2026,12:36:29,29.17
4/27/2026,12:36:30,28.39
4/27/2026,12:36:30,28.39
4/27/2026,12:36:31,28.39
4/27/2026,12:36:32,10.93
4/27/2026,12:36:33,9.47
4/27/2026,12:36:34,9.47
4/27/2026,12:36:35,10.03
4/27/2026,12:36:35,10.03
4/27/2026,12:36:36,9.82
4/27/2026,12:36:37,9.82
4/27/2026,12:36:38,9.51
4/27/2026,12:36:39,9.63
4/27/2026,12:36:40,9.63
4/27/2026,12:36:41,9.48
4/27/2026,12:36:42,9.67
4/27/2026,12:36:43,9.67
4/27/2026,12:36:44,9.41
4/27/2026,12:36:45,9.41
4/27/2026,12:36:46,9.41
4/27/2026,12:36:47,10.01
4/27/2026,12:36:48,9.27
4/27/2026,12:36:49,9.27
4/27/2026,12:36:50,9.32
4/27/2026,12:36:51,10.05
4/27/2026,12:36:52,10.05
4/27/2026,12:36:53,9.15
4/27/2026,12:36:54,9.43
4/27/2026,12:36:55,9.43
4/27/2026,12:36:56,9.15
4/27/2026,12:36:57,10.26
4/27/2026,12:36:58,10.26
4/27/2026,12:36:59,9.16
4/27/2026,12:37:00,9.56
4/27/2026,12:37:01,9.56
4/27/2026,12:37:02,9.62
4/27/2026,12:37:03,9.45
4/27/2026,12:37:04,9.45
4/27/2026,12:37:05,9.26
4/27/2026,12:37:06,9.42
4/27/2026,12:37:08,9.42
4/27/2026,12:37:09,9.22
4/27/2026,12:37:10,9.28
4/27/2026,12:37:11,9.28
4/27/2026,12:37:12,9.37
4/27/2026,12:37:13,9.81
4/27/2026,12:37:14,9.81
4/27/2026,12:37:15,9.24
4/27/2026,12:37:16,9.55
4/27/2026,12:37:17,9.55
4/27/2026,12:37:18,9.57
4/27/2026,12:37:19,9.25
4/27/2026,12:37:20,9.25
4/27/2026,12:37:21,9.38
4/27/2026,12:37:22,10.14
4/27/2026,12:37:23,10.14
4/27/2026,12:37:24,9.48
4/27/2026,12:37:25,9.42
4/27/2026,12:37:26,9.42
4/27/2026,12:37:27,9.31
4/27/2026,12:37:28,9.52
4/27/2026,12:37:29,9.52
4/27/2026,12:37:30,9.43
4/27/2026,12:37:31,9.71
4/27/2026,12:37:32,9.71
4/27/2026,12:37:32,34.29
4/27/2026,12:37:33,34.29
4/27/2026,12:37:34,34.04
4/27/2026,12:37:35,34.04
4/27/2026,12:37:36,34.47
4/27/2026,12:37:37,35.18
4/27/2026,12:37:38,35.18
4/27/2026,12:37:39,34.89
4/27/2026,12:37:40,34.91
4/27/2026,12:37:41,34.91
4/27/2026,12:37:42,34.86
4/27/2026,12:37:43,35.16
4/27/2026,12:37:44,35.16
4/27/2026,12:37:45,35.01
4/27/2026,12:37:46,35.18
4/27/2026,12:37:47,35.18
4/27/2026,12:37:48,35.58
4/27/2026,12:37:49,35.31
4/27/2026,12:37:50,35.31
4/27/2026,12:37:51,35.14
4/27/2026,12:37:52,35.74
4/27/2026,12:37:53,35.74
4/27/2026,12:37:54,35.39
4/27/2026,12:37:55,35.08
4/27/2026,12:37:56,35.08
4/27/2026,12:37:57,34.71
4/27/2026,12:37:58,35.68
4/27/2026,12:37:59,35.68
4/27/2026,12:38:00,35.63
4/27/2026,12:38:01,35.51
4/27/2026,12:38:02,35.51
4/27/2026,12:38:02,36.8
4/27/2026,12:38:03,36.8
4/27/2026,12:38:04,35.57
4/27/2026,12:38:05,35.57
4/27/2026,12:38:06,35.24
4/27/2026,12:38:07,35.88
4/27/2026,12:38:08,35.88
4/27/2026,12:38:09,35.51
4/27/2026,12:38:10,35.6
4/27/2026,12:38:11,35.6
4/27/2026,12:38:12,35.43
4/27/2026,12:38:13,35.72
4/27/2026,12:38:14,35.72
4/27/2026,12:38:15,35.51
4/27/2026,12:38:16,35.81
4/27/2026,12:38:17,35.81
4/27/2026,12:38:18,35.43
4/27/2026,12:38:19,36.13
4/27/2026,12:38:20,36.13
4/27/2026,12:38:21,35.58
4/27/2026,12:38:22,35.8
4/27/2026,12:38:23,35.8
4/27/2026,12:38:24,36.04
4/27/2026,12:38:25,35.85
4/27/2026,12:38:26,35.85
4/27/2026,12:38:27,35.55
4/27/2026,12:38:28,35.85
4/27/2026,12:38:29,35.85
4/27/2026,12:38:30,35.25
4/27/2026,12:38:31,35.4
4/27/2026,12:38:32,35.4
4/27/2026,12:38:32,10.48
4/27/2026,12:38:33,10.48
4/27/2026,12:38:34,9.6
4/27/2026,12:38:35,9.6
4/27/2026,12:38:36,9.81
4/27/2026,12:38:37,10.29
4/27/2026,12:38:38,10.29
4/27/2026,12:38:39,9.68
4/27/2026,12:38:40,9.55
4/27/2026,12:38:41,9.55
4/27/2026,12:38:42,9.7
4/27/2026,12:38:42,9.48
4/27/2026,12:38:43,9.48
4/27/2026,12:38:44,9.48
4/27/2026,12:38:45,10.05
4/27/2026,12:38:46,9.12
4/27/2026,12:38:47,9.12
4/27/2026,12:38:48,9.79
4/27/2026,12:38:49,9.34
4/27/2026,12:38:50,9.34
4/27/2026,12:38:51,9.44
4/27/2026,12:38:52,9.47
4/27/2026,12:38:53,9.47
4/27/2026,12:38:54,9.32
4/27/2026,12:38:55,9.56
4/27/2026,12:38:56,9.56
4/27/2026,12:38:57,9.66
4/27/2026,12:38:58,9.23
4/27/2026,12:38:59,9.23
4/27/2026,12:39:00,9.28
4/27/2026,12:39:01,9.34
4/27/2026,12:39:02,9.34
4/27/2026,12:39:03,10.01
4/27/2026,12:39:04,9.38
4/27/2026,12:39:05,9.38
4/27/2026,12:39:06,9.63
4/27/2026,12:39:07,9.6
4/27/2026,12:39:08,9.6
4/27/2026,12:39:09,9.37
4/27/2026,12:39:10,9.47
4/27/2026,12:39:11,9.47
4/27/2026,12:39:12,9.63
4/27/2026,12:39:13,9.53
4/27/2026,12:39:14,9.53
4/27/2026,12:39:15,9.27
4/27/2026,12:39:16,9.39
4/27/2026,12:39:17,9.39
4/27/2026,12:39:18,9.58
4/27/2026,12:39:19,9.18
4/27/2026,12:39:20,9.18
4/27/2026,12:39:21,9.45
4/27/2026,12:39:22,9.74
4/27/2026,12:39:23,9.74
4/27/2026,12:39:24,9.32
4/27/2026,12:39:25,9.05
4/27/2026,12:39:26,9.05
4/27/2026,12:39:27,10.08
4/27/2026,12:39:28,9.61
4/27/2026,12:39:29,9.61
4/27/2026,12:39:30,9.44
4/27/2026,12:39:31,9.52
4/27/2026,12:39:32,9.52
4/27/2026,12:39:32,38.36
4/27/2026,12:39:33,38.36
4/27/2026,12:39:34,38.59
4/27/2026,12:39:35,38.59
4/27/2026,12:39:36,38.69
4/27/2026,12:39:37,38.7
4/27/2026,12:39:38,38.7
4/27/2026,12:39:39,38.52
4/27/2026,12:39:40,38.29
4/27/2026,12:39:41,38.29
4/27/2026,12:39:42,38.68
4/27/2026,12:39:43,38.45
4/27/2026,12:39:44,38.45
4/27/2026,12:39:45,38.54
4/27/2026,12:39:46,38.69
4/27/2026,12:39:47,38.69
4/27/2026,12:39:48,39.3
4/27/2026,12:39:49,38.62
4/27/2026,12:39:50,38.62
4/27/2026,12:39:51,38.74
4/27/2026,12:39:52,38.93
4/27/2026,12:39:53,38.93
4/27/2026,12:39:54,38.98
4/27/2026,12:39:55,38.75
4/27/2026,12:39:56,38.75
4/27/2026,12:39:57,39.3
4/27/2026,12:39:58,39.56
4/27/2026,12:39:59,39.56
4/27/2026,12:40:00,39.11
4/27/2026,12:40:01,39.04
4/27/2026,12:40:02,39.04
4/27/2026,12:40:03,39.82
4/27/2026,12:40:04,39.04
4/27/2026,12:40:05,39.52
4/27/2026,12:40:06,39.37
4/27/2026,12:40:07,39.37
4/27/2026,12:40:08,39.21
4/27/2026,12:40:09,39.15
4/27/2026,12:40:10,39.15
4/27/2026,12:40:11,39.54
4/27/2026,12:40:12,39.27
4/27/2026,12:40:13,39.27
4/27/2026,12:40:14,39.22
4/27/2026,12:40:15,39.44
4/27/2026,12:40:16,39.44
4/27/2026,12:40:17,39.35
4/27/2026,12:40:18,39.13
4/27/2026,12:40:19,39.13
4/27/2026,12:40:20,39.18
4/27/2026,12:40:21,39.59
4/27/2026,12:40:22,39.59
4/27/2026,12:40:23,39.22
4/27/2026,12:40:24,39.28
4/27/2026,12:40:25,39.28
4/27/2026,12:40:26,39.42
4/27/2026,12:40:27,39.41
4/27/2026,12:40:28,39.41
4/27/2026,12:40:29,39.29
4/27/2026,12:40:30,39.25
4/27/2026,12:40:31,39.25
4/27/2026,12:40:32,10.83
4/27/2026,12:40:32,10.83
4/27/2026,12:40:33,9.83
4/27/2026,12:40:34,9.83
4/27/2026,12:40:35,9.93
4/27/2026,12:40:36,10.51
4/27/2026,12:40:37,10.51
4/27/2026,12:40:38,9.7
4/27/2026,12:40:38,9.7
4/27/2026,12:40:39,9.86
4/27/2026,12:40:40,9.86
4/27/2026,12:40:41,9.77
4/27/2026,12:40:42,10.23
4/27/2026,12:40:44,10.23
4/27/2026,12:40:45,9.75
4/27/2026,12:40:46,9.54
4/27/2026,12:40:47,9.54
4/27/2026,12:40:48,9.8
4/27/2026,12:40:49,9.46
4/27/2026,12:40:50,9.46
4/27/2026,12:40:51,9.67
4/27/2026,12:40:52,9.66
4/27/2026,12:40:53,9.66
4/27/2026,12:40:54,9.54
4/27/2026,12:40:55,9.7
4/27/2026,12:40:56,9.7
4/27/2026,12:40:57,9.48
4/27/2026,12:40:58,9.61
4/27/2026,12:40:59,9.61
4/27/2026,12:41:00,9.67
4/27/2026,12:41:01,9.5
4/27/2026,12:41:02,9.5
4/27/2026,12:41:03,9.88
4/27/2026,12:41:04,9.55
4/27/2026,12:41:05,9.55
4/27/2026,12:41:06,9.49
4/27/2026,12:41:07,9.88
4/27/2026,12:41:08,9.88
4/27/2026,12:41:09,9.49
4/27/2026,12:41:10,9.39
4/27/2026,12:41:11,9.39
4/27/2026,12:41:12,9.61
4/27/2026,12:41:13,10.06
4/27/2026,12:41:14,10.06
4/27/2026,12:41:15,9.08
4/27/2026,12:41:16,9.4
4/27/2026,12:41:17,9.4
4/27/2026,12:41:18,9.27
4/27/2026,12:41:19,9.32
4/27/2026,12:41:20,9.32
4/27/2026,12:41:21,9.31
4/27/2026,12:41:22,9.76
4/27/2026,12:41:23,9.76
4/27/2026,12:41:24,9.26
4/27/2026,12:41:25,9.28
4/27/2026,12:41:26,9.28
4/27/2026,12:41:27,9.18
4/27/2026,12:41:28,9.65
4/27/2026,12:41:29,9.65
4/27/2026,12:41:30,9.3
4/27/2026,12:41:31,9.58
4/27/2026,12:41:32,9.58
4/27/2026,12:41:32,22.15
4/27/2026,12:41:33,22.15
4/27/2026,12:41:34,23.24
4/27/2026,12:41:35,23.24
4/27/2026,12:41:36,24.03
4/27/2026,12:41:37,24.41
4/27/2026,12:41:37,24.41
4/27/2026,12:41:38,24.41
4/27/2026,12:41:39,23.71
4/27/2026,12:41:40,22.64
4/27/2026,12:41:41,22.64
4/27/2026,12:41:42,22.37
4/27/2026,12:41:42,23.16
4/27/2026,12:41:43,23.16
4/27/2026,12:41:44,23.16
4/27/2026,12:41:45,23.51
4/27/2026,12:41:46,23.68
4/27/2026,12:41:47,23.68
4/27/2026,12:41:48,24.1
4/27/2026,12:41:49,23.12
4/27/2026,12:41:50,23.12
4/27/2026,12:41:51,22.67
4/27/2026,12:41:52,23.3
4/27/2026,12:41:53,23.3
4/27/2026,12:41:54,23.53
4/27/2026,12:41:55,23.76
4/27/2026,12:41:56,23.76
4/27/2026,12:41:57,23.62
4/27/2026,12:41:58,23.47
4/27/2026,12:41:59,23.47
4/27/2026,12:42:00,22.94
4/27/2026,12:42:01,23.92
4/27/2026,12:42:02,23.92
4/27/2026,12:42:02,24.38
4/27/2026,12:42:03,24.38
4/27/2026,12:42:04,24.06
4/27/2026,12:42:05,24.06
4/27/2026,12:42:06,23.93
4/27/2026,12:42:07,23.84
4/27/2026,12:42:08,23.84
4/27/2026,12:42:09,24.01
4/27/2026,12:42:10,23.71
4/27/2026,12:42:11,23.71
4/27/2026,12:42:12,23.58
4/27/2026,12:42:13,23.29
4/27/2026,12:42:14,23.29
4/27/2026,12:42:15,23.35
4/27/2026,12:42:16,23.43
4/27/2026,12:42:17,23.43
4/27/2026,12:42:18,24.18
4/27/2026,12:42:19,23.69
4/27/2026,12:42:20,23.69
4/27/2026,12:42:21,23.71
4/27/2026,12:42:22,23.58
4/27/2026,12:42:23,23.58
4/27/2026,12:42:24,23.96
4/27/2026,12:42:24,23.19
4/27/2026,12:42:25,23.19
4/27/2026,12:42:26,23.19
4/27/2026,12:42:27,23.39
4/27/2026,12:42:28,23.36
4/27/2026,12:42:29,23.36
4/27/2026,12:42:30,23.14
4/27/2026,12:42:31,22.82
4/27/2026,12:42:32,22.82
4/27/2026,12:42:32,11.03
4/27/2026,12:42:33,11.03
4/27/2026,12:42:34,10.11
4/27/2026,12:42:35,10.11
4/27/2026,12:42:36,9.88
4/27/2026,12:42:37,9.91
4/27/2026,12:42:37,9.91
4/27/2026,12:42:38,9.91
4/27/2026,12:42:39,9.37
4/27/2026,12:42:40,9.6
4/27/2026,12:42:41,9.6
4/27/2026,12:42:42,9.82
4/27/2026,12:42:43,9.62
4/27/2026,12:42:44,9.62
4/27/2026,12:42:45,9.43
4/27/2026,12:42:46,9.35
4/27/2026,12:42:47,9.35
4/27/2026,12:42:48,9.38
4/27/2026,12:42:49,9.18
4/27/2026,12:42:50,9.18
4/27/2026,12:42:51,9.37
4/27/2026,12:42:52,9.58
4/27/2026,12:42:53,9.58
4/27/2026,12:42:54,9.41
4/27/2026,12:42:55,9.15
4/27/2026,12:42:56,9.15
4/27/2026,12:42:57,9.79
4/27/2026,12:42:58,9.29
4/27/2026,12:42:59,9.29
4/27/2026,12:43:00,9.83
4/27/2026,12:43:01,9.33
4/27/2026,12:43:02,9.33
4/27/2026,12:43:03,10.32
4/27/2026,12:43:04,9.7
4/27/2026,12:43:05,9.7
4/27/2026,12:43:06,9.58
4/27/2026,12:43:07,9.72
4/27/2026,12:43:08,9.72
4/27/2026,12:43:09,9.31
4/27/2026,12:43:10,9.25
4/27/2026,12:43:11,9.25
4/27/2026,12:43:12,9.75
4/27/2026,12:43:13,9.64
4/27/2026,12:43:14,9.64
4/27/2026,12:43:15,9.36
4/27/2026,12:43:16,9.36
4/27/2026,12:43:17,9.36
4/27/2026,12:43:18,9.61
4/27/2026,12:43:19,9.28
4/27/2026,12:43:20,9.28
4/27/2026,12:43:21,9.57
4/27/2026,12:43:22,9.6
4/27/2026,12:43:23,9.6
4/27/2026,12:43:24,9.3
4/27/2026,12:43:25,9.33
4/27/2026,12:43:26,9.33
4/27/2026,12:43:27,9.43
4/27/2026,12:43:28,9.57
4/27/2026,12:43:29,9.57
4/27/2026,12:43:30,9.34
4/27/2026,12:43:31,9.39
4/27/2026,12:43:32,9.39
4/27/2026,12:43:32,29.58
4/27/2026,12:43:33,29.58
4/27/2026,12:43:34,32.58
4/27/2026,12:43:35,32.58
4/27/2026,12:43:36,32.79
4/27/2026,12:43:37,33.2
4/27/2026,12:43:38,33.2
4/27/2026,12:43:38,33.99
4/27/2026,12:43:39,33.99
4/27/2026,12:43:40,34.15
4/27/2026,12:43:41,34.13
4/27/2026,12:43:42,32.43
4/27/2026,12:43:43,32.43
4/27/2026,12:43:44,34.06
4/27/2026,12:43:45,34.25
4/27/2026,12:43:46,34.25
4/27/2026,12:43:47,34.61
4/27/2026,12:43:48,34.25
4/27/2026,12:43:49,34.25
4/27/2026,12:43:50,34.29
4/27/2026,12:43:51,34.45
4/27/2026,12:43:52,34.45
4/27/2026,12:43:53,34.3
4/27/2026,12:43:54,34.49
4/27/2026,12:43:55,34.49
4/27/2026,12:43:56,34.61
4/27/2026,12:43:57,34.57
4/27/2026,12:43:58,34.57
4/27/2026,12:43:59,34.54
4/27/2026,12:44:00,34.46
4/27/2026,12:44:01,34.46
4/27/2026,12:44:02,35.04
4/27/2026,12:44:03,34.35
4/27/2026,12:44:04,34.35
4/27/2026,12:44:05,34.69
4/27/2026,12:44:06,35.12
4/27/2026,12:44:07,35.12
4/27/2026,12:44:08,34.55
4/27/2026,12:44:09,34.09
4/27/2026,12:44:10,34.09
4/27/2026,12:44:11,34.47
4/27/2026,12:44:12,34.72
4/27/2026,12:44:13,34.72
4/27/2026,12:44:14,34.51
4/27/2026,12:44:15,34.52
4/27/2026,12:44:16,34.52
4/27/2026,12:44:17,33.37
4/27/2026,12:44:18,34.67
4/27/2026,12:44:20,34.67
4/27/2026,12:44:21,34.64
4/27/2026,12:44:22,34.59
4/27/2026,12:44:23,34.59
4/27/2026,12:44:24,34.79
4/27/2026,12:44:25,34.43
4/27/2026,12:44:26,34.43
4/27/2026,12:44:27,34.49
4/27/2026,12:44:28,33.91
4/27/2026,12:44:29,33.91
4/27/2026,12:44:30,34.69
4/27/2026,12:44:31,34.79
4/27/2026,12:44:32,34.79
4/27/2026,12:44:32,11.43
4/27/2026,12:44:33,11.43
4/27/2026,12:44:34,9.74
4/27/2026,12:44:35,9.74
4/27/2026,12:44:36,9.74
4/27/2026,12:44:37,10.16
4/27/2026,12:44:38,10.16
4/27/2026,12:44:38,10.15
4/27/2026,12:44:39,10.15
4/27/2026,12:44:40,9.96
4/27/2026,12:44:41,9.96
4/27/2026,12:44:42,9.44
4/27/2026,12:44:43,10.36
4/27/2026,12:44:44,10.36
4/27/2026,12:44:45,9.49
4/27/2026,12:44:46,9.64
4/27/2026,12:44:47,9.64
4/27/2026,12:44:48,9.85
4/27/2026,12:44:49,9.6
4/27/2026,12:44:50,9.6
4/27/2026,12:44:51,9.16
4/27/2026,12:44:52,9.67
4/27/2026,12:44:53,9.67
4/27/2026,12:44:54,9.31
4/27/2026,12:44:55,9.31
4/27/2026,12:44:56,9.31
4/27/2026,12:44:57,9.32
4/27/2026,12:44:58,9.57
4/27/2026,12:44:59,9.57
4/27/2026,12:45:00,9.46
4/27/2026,12:45:01,9.41
4/27/2026,12:45:02,9.41
4/27/2026,12:45:03,10.49
4/27/2026,12:45:04,9.5
4/27/2026,12:45:05,9.5
4/27/2026,12:45:06,9.48
4/27/2026,12:45:07,9.17
4/27/2026,12:45:08,9.17
4/27/2026,12:45:09,9.75
4/27/2026,12:45:10,9.51
4/27/2026,12:45:11,9.51
4/27/2026,12:45:12,9.68
4/27/2026,12:45:13,9.32
4/27/2026,12:45:14,9.32
4/27/2026,12:45:15,9.62
4/27/2026,12:45:16,9.29
4/27/2026,12:45:17,9.29
4/27/2026,12:45:18,9.44
4/27/2026,12:45:19,9.99
4/27/2026,12:45:20,9.99
4/27/2026,12:45:21,9.37
4/27/2026,12:45:22,9.43
4/27/2026,12:45:23,9.43
4/27/2026,12:45:24,9.51
4/27/2026,12:45:25,9.33
4/27/2026,12:45:26,9.33
4/27/2026,12:45:27,9.31
4/27/2026,12:45:28,9.57
4/27/2026,12:45:29,9.57
4/27/2026,12:45:30,9.51
4/27/2026,12:45:31,9.43
4/27/2026,12:45:32,9.43
4/27/2026,12:45:32,13.13
4/27/2026,12:45:33,13.13
4/27/2026,12:45:34,14.94
4/27/2026,12:45:35,14.94
4/27/2026,12:45:36,13.4
4/27/2026,12:45:37,13.24
4/27/2026,12:45:38,13.24
4/27/2026,12:45:39,13.39
4/27/2026,12:45:40,13.67
4/27/2026,12:45:41,13.67
4/27/2026,12:45:42,13.04
4/27/2026,12:45:43,13.46
4/27/2026,12:45:44,13.46
4/27/2026,12:45:45,13.49
4/27/2026,12:45:46,13.65
4/27/2026,12:45:47,13.65
4/27/2026,12:45:48,13.77
4/27/2026,12:45:49,13.58
4/27/2026,12:45:50,13.58
4/27/2026,12:45:51,13.38
4/27/2026,12:45:52,13.62
4/27/2026,12:45:53,13.62
4/27/2026,12:45:54,13.17
4/27/2026,12:45:55,13.09
4/27/2026,12:45:56,13.09
4/27/2026,12:45:57,13.17
4/27/2026,12:45:58,13.45
4/27/2026,12:45:59,13.45
4/27/2026,12:46:00,13.29
4/27/2026,12:46:01,12.98
4/27/2026,12:46:02,12.98
4/27/2026,12:46:03,13.53
4/27/2026,12:46:03,14.8
4/27/2026,12:46:04,14.8
4/27/2026,12:46:05,14.8
4/27/2026,12:46:06,13.11
4/27/2026,12:46:07,13.19
4/27/2026,12:46:08,13.19
4/27/2026,12:46:08,13.69
4/27/2026,12:46:09,13.69
4/27/2026,12:46:10,13.41
4/27/2026,12:46:11,13.41
4/27/2026,12:46:12,13.74
4/27/2026,12:46:13,13.67
4/27/2026,12:46:14,13.67
4/27/2026,12:46:15,13.71
4/27/2026,12:46:16,13.61
4/27/2026,12:46:17,13.61
4/27/2026,12:46:18,13.04
4/27/2026,12:46:19,13.41
4/27/2026,12:46:20,13.41
4/27/2026,12:46:21,13.27
4/27/2026,12:46:22,13.67
4/27/2026,12:46:23,13.67
4/27/2026,12:46:24,13.71
4/27/2026,12:46:25,13.96
4/27/2026,12:46:26,13.96
4/27/2026,12:46:27,13.03
4/27/2026,12:46:27,12.62
4/27/2026,12:46:28,12.62
4/27/2026,12:46:29,12.62
4/27/2026,12:46:30,13.57
4/27/2026,12:46:31,13.33
4/27/2026,12:46:32,13.33
4/27/2026,12:46:32,10.93
4/27/2026,12:46:33,10.93
4/27/2026,12:46:34,9.55
4/27/2026,12:46:35,9.55
4/27/2026,12:46:36,9.82
4/27/2026,12:46:37,9.51
4/27/2026,12:46:38,9.51
4/27/2026,12:46:38,9.49
4/27/2026,12:46:39,9.49
4/27/2026,12:46:40,9.16
4/27/2026,12:46:41,9.16
4/27/2026,12:46:42,9.65
4/27/2026,12:46:43,9.84
4/27/2026,12:46:44,9.84
4/27/2026,12:46:45,9.44
4/27/2026,12:46:46,9.2
4/27/2026,12:46:47,9.2
4/27/2026,12:46:48,9.77
4/27/2026,12:46:49,9.29
4/27/2026,12:46:50,9.29
4/27/2026,12:46:51,9.16
4/27/2026,12:46:52,9.53
4/27/2026,12:46:53,9.53
4/27/2026,12:46:54,9.54
4/27/2026,12:46:55,9.38
4/27/2026,12:46:56,9.38
4/27/2026,12:46:57,9.38
4/27/2026,12:46:58,9.55
4/27/2026,12:46:59,9.55
4/27/2026,12:47:00,9.5
4/27/2026,12:47:01,9.46
4/27/2026,12:47:02,9.46
4/27/2026,12:47:03,9.95
4/27/2026,12:47:04,9.46
4/27/2026,12:47:05,9.46
4/27/2026,12:47:06,9.17
4/27/2026,12:47:07,9.59
4/27/2026,12:47:08,9.59
4/27/2026,12:47:09,9.34
4/27/2026,12:47:10,9.31
4/27/2026,12:47:11,9.31
4/27/2026,12:47:12,9.49
4/27/2026,12:47:13,9.6
4/27/2026,12:47:14,9.6
4/27/2026,12:47:15,9.62
4/27/2026,12:47:16,9.37
4/27/2026,12:47:17,9.76
4/27/2026,12:47:18,9.36
4/27/2026,12:47:19,9.36
4/27/2026,12:47:20,9.63
4/27/2026,12:47:21,9.35
4/27/2026,12:47:22,9.35
4/27/2026,12:47:23,9.29
4/27/2026,12:47:24,9.47
4/27/2026,12:47:25,9.47
4/27/2026,12:47:26,9.49
4/27/2026,12:47:27,9.39
4/27/2026,12:47:28,9.39
4/27/2026,12:47:29,9.36
4/27/2026,12:47:30,9.11
4/27/2026,12:47:31,9.11
4/27/2026,12:47:32,18.26
4/27/2026,12:47:32,18.26
4/27/2026,12:47:33,20.57
4/27/2026,12:47:34,20.57
4/27/2026,12:47:35,20.81
4/27/2026,12:47:36,20.72
4/27/2026,12:47:37,20.72
4/27/2026,12:47:37,20.72
4/27/2026,12:47:38,20.82
4/27/2026,12:47:39,20.49
4/27/2026,12:47:40,20.49
4/27/2026,12:47:41,20.57
4/27/2026,12:47:42,20.78
4/27/2026,12:47:43,20.78
4/27/2026,12:47:44,20.76
4/27/2026,12:47:45,20.53
4/27/2026,12:47:46,20.53
4/27/2026,12:47:47,21
4/27/2026,12:47:48,20.55
4/27/2026,12:47:49,20.55
4/27/2026,12:47:50,20.56
4/27/2026,12:47:51,20.96
4/27/2026,12:47:52,20.96
4/27/2026,12:47:53,20.55
4/27/2026,12:47:54,20.59
4/27/2026,12:47:56,20.59
4/27/2026,12:47:57,20.79
4/27/2026,12:47:58,21.03
4/27/2026,12:47:59,21.03
4/27/2026,12:48:00,20.67
4/27/2026,12:48:01,20.81
4/27/2026,12:48:02,20.81
4/27/2026,12:48:03,21.03
4/27/2026,12:48:04,20.79
4/27/2026,12:48:05,20.79
4/27/2026,12:48:06,20.6
4/27/2026,12:48:07,21.19
4/27/2026,12:48:08,21.19
4/27/2026,12:48:09,20.89
4/27/2026,12:48:10,20.82
4/27/2026,12:48:11,20.82
4/27/2026,12:48:12,20.81
4/27/2026,12:48:13,21.19
4/27/2026,12:48:14,21.19
4/27/2026,12:48:15,20.52
4/27/2026,12:48:16,21
4/27/2026,12:48:17,21
4/27/2026,12:48:18,20.74
4/27/2026,12:48:19,20.95
4/27/2026,12:48:20,20.95
4/27/2026,12:48:21,20.68
4/27/2026,12:48:22,21.01
4/27/2026,12:48:23,21.01
4/27/2026,12:48:24,20.66
4/27/2026,12:48:25,20.81
4/27/2026,12:48:26,20.81
4/27/2026,12:48:27,20.71
4/27/2026,12:48:28,21.32
4/27/2026,12:48:29,21.32
4/27/2026,12:48:30,20.76
4/27/2026,12:48:31,20.75
4/27/2026,12:48:32,20.75
4/27/2026,12:48:32,11.33
4/27/2026,12:48:33,11.33
4/27/2026,12:48:34,9.66
4/27/2026,12:48:35,9.66
4/27/2026,12:48:36,9.51
4/27/2026,12:48:37,9.86
4/27/2026,12:48:37,9.86
4/27/2026,12:48:38,9.86
4/27/2026,12:48:39,9.23
4/27/2026,12:48:40,9.43
4/27/2026,12:48:41,9.43
4/27/2026,12:48:42,9.35
4/27/2026,12:48:43,9.84
4/27/2026,12:48:44,9.84
4/27/2026,12:48:45,9.43
4/27/2026,12:48:46,9.3
4/27/2026,12:48:47,9.3
4/27/2026,12:48:48,10.02
4/27/2026,12:48:49,9.31
4/27/2026,12:48:50,9.31
4/27/2026,12:48:51,9.47
4/27/2026,12:48:52,9.43
4/27/2026,12:48:53,9.43
4/27/2026,12:48:54,9.61
4/27/2026,12:48:55,9.37
4/27/2026,12:48:56,9.37
4/27/2026,12:48:57,9.39
4/27/2026,12:48:58,9.58
4/27/2026,12:48:59,9.58
4/27/2026,12:49:00,9.66
4/27/2026,12:49:01,9.46
4/27/2026,12:49:02,9.46
4/27/2026,12:49:03,9.73
4/27/2026,12:49:04,9.42
4/27/2026,12:49:05,9.42
4/27/2026,12:49:06,9.38
4/27/2026,12:49:07,9.32
4/27/2026,12:49:08,9.32
4/27/2026,12:49:09,9.4
4/27/2026,12:49:10,9.32
4/27/2026,12:49:11,9.32
4/27/2026,12:49:12,9.25
4/27/2026,12:49:13,9.74
4/27/2026,12:49:14,9.74
4/27/2026,12:49:15,9.15
4/27/2026,12:49:16,9.46
4/27/2026,12:49:17,9.46
4/27/2026,12:49:18,9.57
4/27/2026,12:49:19,9.62
4/27/2026,12:49:20,9.62
4/27/2026,12:49:21,9.27
4/27/2026,12:49:22,9.29
4/27/2026,12:49:23,9.29
4/27/2026,12:49:24,9.59
4/27/2026,12:49:25,9.13
4/27/2026,12:49:26,9.13
4/27/2026,12:49:27,9.36
4/27/2026,12:49:28,9.54
4/27/2026,12:49:29,9.54
4/27/2026,12:49:30,9.26
4/27/2026,12:49:31,9.44
4/27/2026,12:49:32,9.44
4/27/2026,12:49:32,23.65
4/27/2026,12:49:33,23.65
4/27/2026,12:49:34,29.3
4/27/2026,12:49:35,29.3
4/27/2026,12:49:36,29.77
4/27/2026,12:49:37,29.72
4/27/2026,12:49:38,29.72
4/27/2026,12:49:38,29.72
4/27/2026,12:49:39,29.72
4/27/2026,12:49:40,29.61
4/27/2026,12:49:41,29.61
4/27/2026,12:49:42,29.78
4/27/2026,12:49:43,29.85
4/27/2026,12:49:44,29.85
4/27/2026,12:49:45,29.73
4/27/2026,12:49:46,29.6
4/27/2026,12:49:47,29.6
4/27/2026,12:49:48,30.21
4/27/2026,12:49:49,29.85
4/27/2026,12:49:50,29.85
4/27/2026,12:49:51,30.09
4/27/2026,12:49:52,29.91
4/27/2026,12:49:53,29.91
4/27/2026,12:49:54,30.58
4/27/2026,12:49:55,30.34
4/27/2026,12:49:56,30.34
4/27/2026,12:49:57,30.08
4/27/2026,12:49:58,30.08
4/27/2026,12:49:59,30.08
4/27/2026,12:50:00,30.5
4/27/2026,12:50:01,30.15
4/27/2026,12:50:02,30.15
4/27/2026,12:50:03,30.58
4/27/2026,12:50:04,30.24
4/27/2026,12:50:05,30.24
4/27/2026,12:50:06,30.61
4/27/2026,12:50:07,30.13
4/27/2026,12:50:08,30.13
4/27/2026,12:50:09,30.67
4/27/2026,12:50:10,29.93
4/27/2026,12:50:11,29.93
4/27/2026,12:50:12,30.35
4/27/2026,12:50:13,30.27
4/27/2026,12:50:14,30.27
4/27/2026,12:50:15,30.43
4/27/2026,12:50:16,30.14
4/27/2026,12:50:17,30.14
4/27/2026,12:50:18,30.32
4/27/2026,12:50:19,30.36
4/27/2026,12:50:20,30.36
4/27/2026,12:50:21,30.78
4/27/2026,12:50:22,30.3
4/27/2026,12:50:23,30.3
4/27/2026,12:50:24,30.54
4/27/2026,12:50:25,30.59
4/27/2026,12:50:26,30.59
4/27/2026,12:50:27,30.22
4/27/2026,12:50:28,30.22
4/27/2026,12:50:29,30.22
4/27/2026,12:50:30,30.59
4/27/2026,12:50:31,30.21
4/27/2026,12:50:32,30.21
4/27/2026,12:50:32,11.87
4/27/2026,12:50:33,11.87
4/27/2026,12:50:34,10.12
4/27/2026,12:50:35,10.12
4/27/2026,12:50:36,9.61
4/27/2026,12:50:37,10.19
4/27/2026,12:50:37,10.19
4/27/2026,12:50:38,10.19
4/27/2026,12:50:39,9.96
4/27/2026,12:50:40,10.25
4/27/2026,12:50:41,10.25
4/27/2026,12:50:42,9.55
4/27/2026,12:50:43,9.73
4/27/2026,12:50:44,9.73
4/27/2026,12:50:45,9.43
4/27/2026,12:50:46,9.32
4/27/2026,12:50:47,9.32
4/27/2026,12:50:48,9.52
4/27/2026,12:50:49,9.36
4/27/2026,12:50:50,9.36
4/27/2026,12:50:51,9.39
4/27/2026,12:50:52,10.2
4/27/2026,12:50:53,9.4
4/27/2026,12:50:54,9.43
4/27/2026,12:50:55,9.43
4/27/2026,12:50:56,9.55
4/27/2026,12:50:57,9.38
4/27/2026,12:50:58,9.38
4/27/2026,12:50:59,9.56
4/27/2026,12:51:00,9.41
4/27/2026,12:51:01,9.41
4/27/2026,12:51:02,10.01
4/27/2026,12:51:03,9.31
4/27/2026,12:51:04,9.31
4/27/2026,12:51:05,9.81
4/27/2026,12:51:06,9.62
4/27/2026,12:51:07,9.62
4/27/2026,12:51:08,9.35
4/27/2026,12:51:09,9.72
4/27/2026,12:51:10,9.72
4/27/2026,12:51:11,9.23
4/27/2026,12:51:12,9.5
4/27/2026,12:51:13,9.5
4/27/2026,12:51:14,9.18
4/27/2026,12:51:14,9.18
4/27/2026,12:51:15,9.5
4/27/2026,12:51:16,9.5
4/27/2026,12:51:17,9.38
4/27/2026,12:51:18,9.46
4/27/2026,12:51:19,9.46
4/27/2026,12:51:20,9.15
4/27/2026,12:51:21,9.64
4/27/2026,12:51:22,9.64
4/27/2026,12:51:23,9.75
4/27/2026,12:51:24,9.67
4/27/2026,12:51:25,9.67
4/27/2026,12:51:26,9.04
4/27/2026,12:51:27,9.89
4/27/2026,12:51:29,9.89
4/27/2026,12:51:29,9.22
4/27/2026,12:51:30,9.56
4/27/2026,12:51:31,9.56
4/27/2026,12:51:32,16.61
4/27/2026,12:51:33,16.61
4/27/2026,12:51:34,19.69
4/27/2026,12:51:35,19.69
4/27/2026,12:51:36,19.72
4/27/2026,12:51:37,20.27
4/27/2026,12:51:37,20.27
4/27/2026,12:51:38,20.27
4/27/2026,12:51:39,19.61
4/27/2026,12:51:40,19.82
4/27/2026,12:51:41,19.82
4/27/2026,12:51:42,19.2
4/27/2026,12:51:43,19.94
4/27/2026,12:51:44,19.94
4/27/2026,12:51:45,19.39
4/27/2026,12:51:46,19.42
4/27/2026,12:51:47,19.42
4/27/2026,12:51:48,20.03
4/27/2026,12:51:49,19.92
4/27/2026,12:51:50,19.92
4/27/2026,12:51:51,19.53
4/27/2026,12:51:52,20
4/27/2026,12:51:53,20
4/27/2026,12:51:54,19.52
4/27/2026,12:51:55,19.9
4/27/2026,12:51:56,19.9
4/27/2026,12:51:57,19.79
4/27/2026,12:51:58,19.99
4/27/2026,12:51:59,19.99
4/27/2026,12:52:00,19.69
4/27/2026,12:52:01,19.71
4/27/2026,12:52:02,19.71
4/27/2026,12:52:03,20.2
4/27/2026,12:52:04,19.84
4/27/2026,12:52:05,19.84
4/27/2026,12:52:06,19.84
4/27/2026,12:52:07,19.95
4/27/2026,12:52:08,19.95
4/27/2026,12:52:09,20.06
4/27/2026,12:52:10,19.77
4/27/2026,12:52:11,19.77
4/27/2026,12:52:12,19.86
4/27/2026,12:52:13,20.05
4/27/2026,12:52:14,20.05
4/27/2026,12:52:15,19.65
4/27/2026,12:52:16,19.7
4/27/2026,12:52:17,19.7
4/27/2026,12:52:18,20
4/27/2026,12:52:19,19.76
4/27/2026,12:52:20,19.76
4/27/2026,12:52:21,19.86
4/27/2026,12:52:22,20.02
4/27/2026,12:52:23,20.02
4/27/2026,12:52:24,19.92
4/27/2026,12:52:25,20.15
4/27/2026,12:52:26,20.15
4/27/2026,12:52:27,19.94
4/27/2026,12:52:28,20.13
4/27/2026,12:52:29,20.13
4/27/2026,12:52:30,19.77
4/27/2026,12:52:31,19.78
4/27/2026,12:52:32,19.78
4/27/2026,12:52:32,12.04
4/27/2026,12:52:33,12.04
4/27/2026,12:52:34,9.59
4/27/2026,12:52:35,9.59
4/27/2026,12:52:36,9.82
4/27/2026,12:52:37,9.64
4/27/2026,12:52:38,9.64
4/27/2026,12:52:38,9.39
4/27/2026,12:52:39,9.39
4/27/2026,12:52:40,9.51
4/27/2026,12:52:41,9.51
4/27/2026,12:52:42,9.27
4/27/2026,12:52:43,10.11
4/27/2026,12:52:44,10.11
4/27/2026,12:52:45,9.4
4/27/2026,12:52:46,9.52
4/27/2026,12:52:47,9.52
4/27/2026,12:52:48,9.62
4/27/2026,12:52:49,9.42
4/27/2026,12:52:50,9.42
4/27/2026,12:52:51,9.2
4/27/2026,12:52:52,9.48
4/27/2026,12:52:53,9.48
4/27/2026,12:52:54,9.28
4/27/2026,12:52:55,9.51
4/27/2026,12:52:56,9.51
4/27/2026,12:52:57,9.31
4/27/2026,12:52:57,10.41
4/27/2026,12:52:58,10.41
4/27/2026,12:52:59,10.41
4/27/2026,12:53:00,9.61
4/27/2026,12:53:01,9.52
4/27/2026,12:53:02,9.52
4/27/2026,12:53:03,9.97
4/27/2026,12:53:03,9.4
4/27/2026,12:53:04,9.4
4/27/2026,12:53:05,9.4
4/27/2026,12:53:06,9.64
4/27/2026,12:53:07,9.16
4/27/2026,12:53:08,9.16
4/27/2026,12:53:09,9.68
4/27/2026,12:53:10,9.13
4/27/2026,12:53:11,9.13
4/27/2026,12:53:12,9.6
4/27/2026,12:53:13,9.48
4/27/2026,12:53:14,9.48
4/27/2026,12:53:15,9.39
4/27/2026,12:53:16,9.01
4/27/2026,12:53:17,9.01
4/27/2026,12:53:18,9.95
4/27/2026,12:53:19,9.33
4/27/2026,12:53:20,9.33
4/27/2026,12:53:21,9.6
4/27/2026,12:53:22,9.09
4/27/2026,12:53:23,9.09
4/27/2026,12:53:24,9.64
4/27/2026,12:53:25,9.26
4/27/2026,12:53:26,9.26
4/27/2026,12:53:27,9.31
4/27/2026,12:53:28,9.88
4/27/2026,12:53:29,9.88
4/27/2026,12:53:30,9.29
4/27/2026,12:53:31,9.4
4/27/2026,12:53:32,9.4
4/27/2026,12:53:32,23.47
4/27/2026,12:53:33,23.47
4/27/2026,12:53:34,35.07
4/27/2026,12:53:35,35.07
4/27/2026,12:53:36,35.65
4/27/2026,12:53:37,35.18
4/27/2026,12:53:38,35.18
4/27/2026,12:53:38,35.85
4/27/2026,12:53:39,35.85
4/27/2026,12:53:40,35.46
4/27/2026,12:53:41,35.46
4/27/2026,12:53:42,35.46
4/27/2026,12:53:43,35.6
4/27/2026,12:53:44,35.6
4/27/2026,12:53:45,35.45
4/27/2026,12:53:46,35.31
4/27/2026,12:53:47,35.31
4/27/2026,12:53:48,35.97
4/27/2026,12:53:49,35.53
4/27/2026,12:53:50,35.53
4/27/2026,12:53:51,35.52
4/27/2026,12:53:52,35.91
4/27/2026,12:53:53,35.91
4/27/2026,12:53:54,36.26
4/27/2026,12:53:55,35.74
4/27/2026,12:53:56,35.74
4/27/2026,12:53:57,35.84
4/27/2026,12:53:58,36.17
4/27/2026,12:53:59,36.17
4/27/2026,12:54:00,36.25
4/27/2026,12:54:01,36.01
4/27/2026,12:54:02,36.01
4/27/2026,12:54:03,36.94
4/27/2026,12:54:04,36.26
4/27/2026,12:54:05,36.26
4/27/2026,12:54:06,36.03
4/27/2026,12:54:07,35.98
4/27/2026,12:54:08,35.98
4/27/2026,12:54:09,36.32
4/27/2026,12:54:10,35.94
4/27/2026,12:54:11,35.94
4/27/2026,12:54:12,36.32
4/27/2026,12:54:13,36.24
4/27/2026,12:54:14,36.24
4/27/2026,12:54:15,36.31
4/27/2026,12:54:16,36.01
4/27/2026,12:54:17,36.01
4/27/2026,12:54:18,36.4
4/27/2026,12:54:19,36.03
4/27/2026,12:54:20,36.03
4/27/2026,12:54:21,36.1
4/27/2026,12:54:22,36.1
4/27/2026,12:54:23,36.1
4/27/2026,12:54:24,36.25
4/27/2026,12:54:25,36.22
4/27/2026,12:54:26,36.22
4/27/2026,12:54:27,36.12
4/27/2026,12:54:28,36.42
4/27/2026,12:54:29,36.75
4/27/2026,12:54:30,36.46
4/27/2026,12:54:31,36.46
4/27/2026,12:54:32,13.2
4/27/2026,12:54:32,13.2
4/27/2026,12:54:33,9.84
4/27/2026,12:54:34,9.84
4/27/2026,12:54:35,9.85
4/27/2026,12:54:36,10.31
4/27/2026,12:54:37,10.31
4/27/2026,12:54:38,9.83
4/27/2026,12:54:38,9.83
4/27/2026,12:54:39,9.57
4/27/2026,12:54:40,9.57
4/27/2026,12:54:41,9.69
4/27/2026,12:54:42,9.89
4/27/2026,12:54:43,9.89
4/27/2026,12:54:44,9.61
4/27/2026,12:54:45,9.54
4/27/2026,12:54:46,9.54
4/27/2026,12:54:47,9.75
4/27/2026,12:54:48,9.48
4/27/2026,12:54:49,9.48
4/27/2026,12:54:50,9.3
4/27/2026,12:54:51,9.6
4/27/2026,12:54:52,9.6
4/27/2026,12:54:53,9.24
4/27/2026,12:54:54,9.3
4/27/2026,12:54:55,9.3
4/27/2026,12:54:56,9.12
4/27/2026,12:54:57,9.87
4/27/2026,12:54:58,9.87
4/27/2026,12:54:59,9.04
4/27/2026,12:55:00,10.05
4/27/2026,12:55:01,10.05
4/27/2026,12:55:02,11.25
4/27/2026,12:55:02,11.25
4/27/2026,12:55:03,12.05
4/27/2026,12:55:04,12.05
4/27/2026,12:55:05,9.21
4/27/2026,12:55:06,9.62
4/27/2026,12:55:08,9.62
4/27/2026,12:55:08,9.47
4/27/2026,12:55:09,9.47
4/27/2026,12:55:10,9.55
4/27/2026,12:55:11,9.55
4/27/2026,12:55:12,9.21
4/27/2026,12:55:13,9.71
4/27/2026,12:55:14,9.71
4/27/2026,12:55:15,9.1
4/27/2026,12:55:16,9.29
4/27/2026,12:55:17,9.29
4/27/2026,12:55:18,9.59
4/27/2026,12:55:19,10.25
4/27/2026,12:55:20,10.25
4/27/2026,12:55:21,9.33
4/27/2026,12:55:22,9.3
4/27/2026,12:55:23,9.3
4/27/2026,12:55:24,9.87
4/27/2026,12:55:25,9.32
4/27/2026,12:55:26,9.32
4/27/2026,12:55:27,9.49
4/27/2026,12:55:28,9.5
4/27/2026,12:55:29,9.5
4/27/2026,12:55:30,9.24
4/27/2026,12:55:31,9.23
4/27/2026,12:55:32,9.23
4/27/2026,12:55:32,16.64
4/27/2026,12:55:33,16.64
4/27/2026,12:55:34,22.22
4/27/2026,12:55:35,22.22
4/27/2026,12:55:36,21.23
4/27/2026,12:55:37,21.12
4/27/2026,12:55:38,21.12
4/27/2026,12:55:38,21.45
4/27/2026,12:55:39,21.45
4/27/2026,12:55:40,21.34
4/27/2026,12:55:41,21.34
4/27/2026,12:55:42,21.21
4/27/2026,12:55:43,21.56
4/27/2026,12:55:44,21.56
4/27/2026,12:55:45,21.32
4/27/2026,12:55:46,21.36
4/27/2026,12:55:47,21.36
4/27/2026,12:55:48,21.43
4/27/2026,12:55:49,21.91
4/27/2026,12:55:50,21.91
4/27/2026,12:55:51,21.31
4/27/2026,12:55:52,21.21
4/27/2026,12:55:53,21.21
4/27/2026,12:55:54,21.7
4/27/2026,12:55:55,21.42
4/27/2026,12:55:56,21.42
4/27/2026,12:55:57,21.44
4/27/2026,12:55:58,21.61
4/27/2026,12:55:59,21.61
4/27/2026,12:56:00,21.39
4/27/2026,12:56:01,21.39
4/27/2026,12:56:02,21.39
4/27/2026,12:56:03,21.46
4/27/2026,12:56:04,22.25
4/27/2026,12:56:05,22.25
4/27/2026,12:56:06,21.63
4/27/2026,12:56:07,21.49
4/27/2026,12:56:08,21.49
4/27/2026,12:56:09,21.62
4/27/2026,12:56:10,21.81
4/27/2026,12:56:11,21.81
4/27/2026,12:56:12,21.42
4/27/2026,12:56:13,21.67
4/27/2026,12:56:14,21.67
4/27/2026,12:56:15,21.39
4/27/2026,12:56:16,21.51
4/27/2026,12:56:17,21.51
4/27/2026,12:56:18,21.3
4/27/2026,12:56:19,21.67
4/27/2026,12:56:20,21.67
4/27/2026,12:56:21,21.65
4/27/2026,12:56:22,21.52
4/27/2026,12:56:23,21.52
4/27/2026,12:56:24,21.58
4/27/2026,12:56:25,21.52
4/27/2026,12:56:26,21.52
4/27/2026,12:56:27,21.39
4/27/2026,12:56:28,21.5
4/27/2026,12:56:29,21.5
4/27/2026,12:56:30,21.5
4/27/2026,12:56:31,21.56
4/27/2026,12:56:32,21.56
4/27/2026,12:56:32,12.56
4/27/2026,12:56:33,12.56
4/27/2026,12:56:34,9.96
4/27/2026,12:56:35,9.96
4/27/2026,12:56:36,9.98
4/27/2026,12:56:37,9.66
4/27/2026,12:56:37,9.66
4/27/2026,12:56:38,9.66
4/27/2026,12:56:39,9.55
4/27/2026,12:56:40,9.62
4/27/2026,12:56:41,9.62
4/27/2026,12:56:42,9.5
4/27/2026,12:56:43,9.55
4/27/2026,12:56:44,9.55
4/27/2026,12:56:45,9.88
4/27/2026,12:56:46,9.11
4/27/2026,12:56:47,9.11
4/27/2026,12:56:48,9.51
4/27/2026,12:56:49,9.17
4/27/2026,12:56:50,9.17
4/27/2026,12:56:51,9.37
4/27/2026,12:56:52,9.37
4/27/2026,12:56:53,9.37
4/27/2026,12:56:54,9.77
4/27/2026,12:56:55,9.02
4/27/2026,12:56:56,9.02
4/27/2026,12:56:57,9.61
4/27/2026,12:56:58,9.51
4/27/2026,12:56:59,9.51
4/27/2026,12:57:00,9.4
4/27/2026,12:57:01,9.28
4/27/2026,12:57:02,9.28
4/27/2026,12:57:03,9.85
4/27/2026,12:57:04,9.37
4/27/2026,12:57:05,9.37
4/27/2026,12:57:06,9.8
4/27/2026,12:57:07,9.54
4/27/2026,12:57:08,9.54
4/27/2026,12:57:09,9.68
4/27/2026,12:57:10,9.33
4/27/2026,12:57:11,9.33
4/27/2026,12:57:12,9.5
4/27/2026,12:57:13,9.59
4/27/2026,12:57:14,9.59
4/27/2026,12:57:15,9.28
4/27/2026,12:57:16,9.41
4/27/2026,12:57:17,9.41
4/27/2026,12:57:18,9.53
4/27/2026,12:57:19,9.62
4/27/2026,12:57:20,9.62
4/27/2026,12:57:21,9.3
4/27/2026,12:57:22,9.46
4/27/2026,12:57:23,9.46
4/27/2026,12:57:24,9.77
4/27/2026,12:57:25,9.34
4/27/2026,12:57:26,9.34
4/27/2026,12:57:27,9.4
4/27/2026,12:57:28,9.31
4/27/2026,12:57:29,9.31
4/27/2026,12:57:30,9.39
4/27/2026,12:57:31,9.13
4/27/2026,12:57:32,9.13
4/27/2026,12:57:32,11.12
4/27/2026,12:57:33,11.12
4/27/2026,12:57:34,11.19
4/27/2026,12:57:35,11.19
4/27/2026,12:57:36,11.57
4/27/2026,12:57:37,11.21
4/27/2026,12:57:38,11.21
4/27/2026,12:57:39,11.61
4/27/2026,12:57:40,11.08
4/27/2026,12:57:41,11.08
4/27/2026,12:57:42,11.26
4/27/2026,12:57:43,11.13
4/27/2026,12:57:44,11.13
4/27/2026,12:57:45,10.93
4/27/2026,12:57:46,11.12
4/27/2026,12:57:47,11.12
4/27/2026,12:57:48,11.57
4/27/2026,12:57:49,11.13
4/27/2026,12:57:50,11.13
4/27/2026,12:57:51,11.28
4/27/2026,12:57:52,11.1
4/27/2026,12:57:53,11.1
4/27/2026,12:57:54,11.74
4/27/2026,12:57:55,11.32
4/27/2026,12:57:56,11.32
4/27/2026,12:57:57,11.19
4/27/2026,12:57:58,11.13
4/27/2026,12:57:59,11.13
4/27/2026,12:58:00,11.13
4/27/2026,12:58:01,11.12
4/27/2026,12:58:02,11.12
4/27/2026,12:58:03,11.24
4/27/2026,12:58:04,11.38
4/27/2026,12:58:05,11.09
4/27/2026,12:58:06,11.12
4/27/2026,12:58:07,11.12
4/27/2026,12:58:08,12.19
4/27/2026,12:58:08,12.19
4/27/2026,12:58:09,11.31
4/27/2026,12:58:10,11.31
4/27/2026,12:58:11,11.1
4/27/2026,12:58:12,11.61
4/27/2026,12:58:13,11.61
4/27/2026,12:58:14,10.85
4/27/2026,12:58:14,10.85
4/27/2026,12:58:15,11.26
4/27/2026,12:58:16,11.26
4/27/2026,12:58:17,10.99
4/27/2026,12:58:18,12.35
4/27/2026,12:58:19,12.35
4/27/2026,12:58:20,11.4
4/27/2026,12:58:21,11.3
4/27/2026,12:58:22,11.3
4/27/2026,12:58:23,10.87
4/27/2026,12:58:24,11.37
4/27/2026,12:58:25,11.37
4/27/2026,12:58:26,11.38
4/27/2026,12:58:27,11.4
4/27/2026,12:58:28,11.4
4/27/2026,12:58:29,11.3
4/27/2026,12:58:30,12.03
4/27/2026,12:58:30,12.03
4/27/2026,12:58:31,12.03
4/27/2026,12:58:32,10.72
4/27/2026,12:58:33,9.63
4/27/2026,12:58:34,9.63
4/27/2026,12:58:35,9.63
4/27/2026,12:58:35,9.63
4/27/2026,12:58:36,9.77
4/27/2026,12:58:37,9.77
4/27/2026,12:58:38,9.57
4/27/2026,12:58:39,9.94
4/27/2026,12:58:40,9.94
4/27/2026,12:58:41,9.25
4/27/2026,12:58:43,9.77
4/27/2026,12:58:44,9.77
4/27/2026,12:58:45,9.59
4/27/2026,12:58:46,9.17
4/27/2026,12:58:47,9.17
4/27/2026,12:58:48,9.61
4/27/2026,12:58:49,9.15
4/27/2026,12:58:50,9.15
4/27/2026,12:58:51,9.28
4/27/2026,12:58:52,9.44
4/27/2026,12:58:53,9.44
4/27/2026,12:58:54,9.2
4/27/2026,12:58:55,9.21
4/27/2026,12:58:56,9.21
4/27/2026,12:58:57,9.25
4/27/2026,12:58:58,9.94
4/27/2026,12:58:59,9.94
4/27/2026,12:59:00,9.35
4/27/2026,12:59:01,9.89
4/27/2026,12:59:02,9.89
4/27/2026,12:59:03,9.67
4/27/2026,12:59:04,9.35
4/27/2026,12:59:05,9.35
4/27/2026,12:59:06,9.37
4/27/2026,12:59:07,9.61
4/27/2026,12:59:08,9.61
4/27/2026,12:59:09,9.26
4/27/2026,12:59:10,9.85
4/27/2026,12:59:11,9.85
4/27/2026,12:59:12,9.23
4/27/2026,12:59:13,9.86
4/27/2026,12:59:14,9.86
4/27/2026,12:59:15,9.45
4/27/2026,12:59:16,9.26
4/27/2026,12:59:17,9.26
4/27/2026,12:59:18,9.6
4/27/2026,12:59:19,9.32
4/27/2026,12:59:20,9.32
4/27/2026,12:59:21,9.2
4/27/2026,12:59:22,9.45
4/27/2026,12:59:23,9.45
4/27/2026,12:59:24,9.42
4/27/2026,12:59:25,9.52
4/27/2026,12:59:26,9.52
4/27/2026,12:59:27,9.16
4/27/2026,12:59:28,9.53
4/27/2026,12:59:29,9.53
4/27/2026,12:59:30,9.63
4/27/2026,12:59:31,9.49
4/27/2026,12:59:32,9.49
4/27/2026,12:59:32,18.42
4/27/2026,12:59:33,18.42
4/27/2026,12:59:34,30.22
4/27/2026,12:59:35,30.22
4/27/2026,12:59:36,29.94
4/27/2026,12:59:37,29.97
4/27/2026,12:59:38,29.97
4/27/2026,12:59:38,29.98
4/27/2026,12:59:39,29.98
4/27/2026,12:59:40,30.29
4/27/2026,12:59:41,30.29
4/27/2026,12:59:42,30.17
4/27/2026,12:59:43,30.25
4/27/2026,12:59:44,30.25
4/27/2026,12:59:45,30.17
4/27/2026,12:59:46,30.12
4/27/2026,12:59:47,30.12
4/27/2026,12:59:48,30.33
4/27/2026,12:59:49,30.35
4/27/2026,12:59:50,30.35
4/27/2026,12:59:51,30.1
4/27/2026,12:59:52,30.09
4/27/2026,12:59:53,30.09
4/27/2026,12:59:54,30.22
4/27/2026,12:59:55,30.78
4/27/2026,12:59:56,30.78
4/27/2026,12:59:57,30.54
4/27/2026,12:59:58,30.25
4/27/2026,12:59:59,30.25
4/27/2026,13:00:00,30.64
4/27/2026,13:00:01,30.78
4/27/2026,13:00:02,30.78
4/27/2026,13:00:03,30.34
4/27/2026,13:00:04,30.41
4/27/2026,13:00:05,30.41
4/27/2026,13:00:06,31.14
4/27/2026,13:00:07,30.43
4/27/2026,13:00:08,30.43
4/27/2026,13:00:09,30.46
4/27/2026,13:00:10,30.75
4/27/2026,13:00:11,30.75
4/27/2026,13:00:12,30.55
4/27/2026,13:00:13,30.82
4/27/2026,13:00:14,30.82
4/27/2026,13:00:15,31.15
4/27/2026,13:00:16,30.4
4/27/2026,13:00:17,30.4
4/27/2026,13:00:18,30.57
4/27/2026,13:00:19,30.49
4/27/2026,13:00:20,30.49
4/27/2026,13:00:21,30.89
4/27/2026,13:00:22,30.57
4/27/2026,13:00:23,30.57
4/27/2026,13:00:24,30.67
4/27/2026,13:00:25,30.89
4/27/2026,13:00:26,30.89
4/27/2026,13:00:27,30.66
4/27/2026,13:00:28,30.56
4/27/2026,13:00:29,30.56
4/27/2026,13:00:30,30.87
4/27/2026,13:00:31,30.59
4/27/2026,13:00:32,30.59
4/27/2026,13:00:32,14
4/27/2026,13:00:33,14
4/27/2026,13:00:34,10.24
4/27/2026,13:00:35,10.24
4/27/2026,13:00:36,9.89
4/27/2026,13:00:37,10.33
4/27/2026,13:00:37,10.33
4/27/2026,13:00:38,10.33
4/27/2026,13:00:39,9.9
4/27/2026,13:00:40,9.51
4/27/2026,13:00:41,9.51
4/27/2026,13:00:42,9.99
4/27/2026,13:00:43,10
4/27/2026,13:00:44,10
4/27/2026,13:00:45,10.37
4/27/2026,13:00:45,9.2
4/27/2026,13:00:46,9.2
4/27/2026,13:00:47,9.2
4/27/2026,13:00:48,10.38
4/27/2026,13:00:49,9.18
4/27/2026,13:00:50,9.18
4/27/2026,13:00:51,9.42
4/27/2026,13:00:52,9.32
4/27/2026,13:00:53,9.32
4/27/2026,13:00:54,10.05
4/27/2026,13:00:55,9.08
4/27/2026,13:00:56,9.08
4/27/2026,13:00:57,9.74
4/27/2026,13:00:58,9.4
4/27/2026,13:00:59,9.4
4/27/2026,13:01:00,9.33
4/27/2026,13:01:01,9.26
4/27/2026,13:01:02,9.26
4/27/2026,13:01:03,9.48
4/27/2026,13:01:04,10.19
4/27/2026,13:01:05,10.19
4/27/2026,13:01:06,9.41
4/27/2026,13:01:07,9.14
4/27/2026,13:01:08,9.14
4/27/2026,13:01:09,9.64
4/27/2026,13:01:10,9.17
4/27/2026,13:01:11,9.17
4/27/2026,13:01:12,9.42
4/27/2026,13:01:13,9.91
4/27/2026,13:01:14,9.91
4/27/2026,13:01:15,9.57
4/27/2026,13:01:16,9.6
4/27/2026,13:01:17,9.6
4/27/2026,13:01:18,9.48
4/27/2026,13:01:19,9.26
4/27/2026,13:01:20,9.26
4/27/2026,13:01:21,9.21
4/27/2026,13:01:22,9.34
4/27/2026,13:01:23,9.34
4/27/2026,13:01:24,9.44
4/27/2026,13:01:25,9.32
4/27/2026,13:01:26,9.32
4/27/2026,13:01:27,9.23
4/27/2026,13:01:28,9.69
4/27/2026,13:01:29,9.69
4/27/2026,13:01:30,9.31
4/27/2026,13:01:31,9.38
4/27/2026,13:01:32,9.38
4/27/2026,13:01:32,16.34
4/27/2026,13:01:33,16.34
4/27/2026,13:01:34,26.38
4/27/2026,13:01:35,26.38
4/27/2026,13:01:36,27.04
4/27/2026,13:01:37,26.34
4/27/2026,13:01:37,26.34
4/27/2026,13:01:38,26.34
4/27/2026,13:01:39,26.4
4/27/2026,13:01:40,26.4
4/27/2026,13:01:41,26.45
4/27/2026,13:01:42,27.17
4/27/2026,13:01:43,27.17
4/27/2026,13:01:44,26.12
4/27/2026,13:01:45,26.17
4/27/2026,13:01:46,26.17
4/27/2026,13:01:47,26.59
4/27/2026,13:01:48,26.29
4/27/2026,13:01:49,26.29
4/27/2026,13:01:50,26.09
4/27/2026,13:01:51,26.01
4/27/2026,13:01:52,26.01
4/27/2026,13:01:53,25.97
4/27/2026,13:01:54,25.93
4/27/2026,13:01:55,25.93
4/27/2026,13:01:56,25.9
4/27/2026,13:01:57,26.12
4/27/2026,13:01:58,26.12
4/27/2026,13:01:59,26.1
4/27/2026,13:02:00,25.88
4/27/2026,13:02:01,25.88
4/27/2026,13:02:02,26.09
4/27/2026,13:02:03,26.31
4/27/2026,13:02:04,26.31
4/27/2026,13:02:05,26.16
4/27/2026,13:02:06,26.04
4/27/2026,13:02:07,26.04
4/27/2026,13:02:08,26.22
4/27/2026,13:02:09,25.94
4/27/2026,13:02:10,25.94
4/27/2026,13:02:11,26.2
4/27/2026,13:02:12,26.27
4/27/2026,13:02:13,26.27
4/27/2026,13:02:14,26.39
4/27/2026,13:02:15,26.55
4/27/2026,13:02:16,26.55
4/27/2026,13:02:17,27.11
4/27/2026,13:02:19,27.36
4/27/2026,13:02:20,27.36
4/27/2026,13:02:21,26.61
4/27/2026,13:02:22,26.57
4/27/2026,13:02:23,26.57
4/27/2026,13:02:24,27.11
4/27/2026,13:02:25,26.4
4/27/2026,13:02:26,26.4
4/27/2026,13:02:27,26.32
4/27/2026,13:02:28,26.81
4/27/2026,13:02:29,26.81
4/27/2026,13:02:30,26.76
4/27/2026,13:02:31,26.66
4/27/2026,13:02:32,26.66
4/27/2026,13:02:32,14.13
4/27/2026,13:02:33,14.13
4/27/2026,13:02:34,9.56
4/27/2026,13:02:35,9.56
4/27/2026,13:02:36,9.79
4/27/2026,13:02:37,9.78
4/27/2026,13:02:37,9.78
4/27/2026,13:02:38,9.78
4/27/2026,13:02:39,9.43
4/27/2026,13:02:40,9.82
4/27/2026,13:02:41,9.82
4/27/2026,13:02:42,9.55
4/27/2026,13:02:43,9.89
4/27/2026,13:02:44,9.89
4/27/2026,13:02:45,9.18
4/27/2026,13:02:46,9.49
4/27/2026,13:02:47,9.49
4/27/2026,13:02:48,9.39
4/27/2026,13:02:49,9.62
4/27/2026,13:02:50,9.62
4/27/2026,13:02:51,9.37
4/27/2026,13:02:52,9.55
4/27/2026,13:02:53,9.55
4/27/2026,13:02:54,9.12
4/27/2026,13:02:55,9.37
4/27/2026,13:02:56,9.37
4/27/2026,13:02:57,9.23
4/27/2026,13:02:58,9.68
4/27/2026,13:02:59,9.68
4/27/2026,13:03:00,9.49
4/27/2026,13:03:01,9.45
4/27/2026,13:03:02,9.45
4/27/2026,13:03:03,9.54
4/27/2026,13:03:04,9.53
4/27/2026,13:03:05,9.53
4/27/2026,13:03:06,9.38
4/27/2026,13:03:07,9.33
4/27/2026,13:03:08,9.33
4/27/2026,13:03:09,9.49
4/27/2026,13:03:10,9.54
4/27/2026,13:03:11,9.54
4/27/2026,13:03:12,9.18
4/27/2026,13:03:13,9.51
4/27/2026,13:03:14,9.51
4/27/2026,13:03:15,9.16
4/27/2026,13:03:16,9.27
4/27/2026,13:03:17,9.27
4/27/2026,13:03:18,9.58
4/27/2026,13:03:19,9.55
4/27/2026,13:03:20,9.55
4/27/2026,13:03:21,9.52
4/27/2026,13:03:22,9.44
4/27/2026,13:03:23,9.44
4/27/2026,13:03:24,9.32
4/27/2026,13:03:25,9.5
4/27/2026,13:03:26,9.5
4/27/2026,13:03:27,9.37
4/27/2026,13:03:28,9.64
4/27/2026,13:03:29,9.64
4/27/2026,13:03:30,9.49
4/27/2026,13:03:31,9.38
4/27/2026,13:03:32,9.38
4/27/2026,13:03:32,15.54
4/27/2026,13:03:33,15.54
4/27/2026,13:03:34,25.15
4/27/2026,13:03:35,25.15
4/27/2026,13:03:36,25.25
4/27/2026,13:03:37,25.42
4/27/2026,13:03:37,25.42
4/27/2026,13:03:38,25.42
4/27/2026,13:03:39,25.57
4/27/2026,13:03:40,25.57
4/27/2026,13:03:41,25.57
4/27/2026,13:03:42,25.87
4/27/2026,13:03:43,26.23
4/27/2026,13:03:44,26.23
4/27/2026,13:03:45,25.85
4/27/2026,13:03:46,25.95
4/27/2026,13:03:47,25.95
4/27/2026,13:03:48,26.27
4/27/2026,13:03:49,26.01
4/27/2026,13:03:50,26.01
4/27/2026,13:03:51,26.14
4/27/2026,13:03:52,26.12
4/27/2026,13:03:53,26.12
4/27/2026,13:03:54,25.97
4/27/2026,13:03:55,25.73
4/27/2026,13:03:56,25.73
4/27/2026,13:03:57,25.17
4/27/2026,13:03:58,25.42
4/27/2026,13:03:59,25.42
4/27/2026,13:04:00,25.07
4/27/2026,13:04:01,25.49
4/27/2026,13:04:02,25.49
4/27/2026,13:04:03,25.94
4/27/2026,13:04:04,25.87
4/27/2026,13:04:05,25.87
4/27/2026,13:04:06,25.84
4/27/2026,13:04:07,26.13
4/27/2026,13:04:08,26.13
4/27/2026,13:04:09,26.51
4/27/2026,13:04:10,25.72
4/27/2026,13:04:11,25.72
4/27/2026,13:04:12,25.47
4/27/2026,13:04:13,25.59
4/27/2026,13:04:14,25.59
4/27/2026,13:04:15,25.19
4/27/2026,13:04:16,25.22
4/27/2026,13:04:17,25.22
4/27/2026,13:04:18,25.57
4/27/2026,13:04:19,25.34
4/27/2026,13:04:20,25.34
4/27/2026,13:04:21,25.44
4/27/2026,13:04:22,25.66
4/27/2026,13:04:23,25.66
4/27/2026,13:04:24,25.94
4/27/2026,13:04:25,25.44
4/27/2026,13:04:26,25.44
4/27/2026,13:04:27,25.58
4/27/2026,13:04:28,25.53
4/27/2026,13:04:29,25.53
4/27/2026,13:04:30,25.87
4/27/2026,13:04:31,25.65
4/27/2026,13:04:32,25.65
4/27/2026,13:04:32,14.73
4/27/2026,13:04:33,14.73
4/27/2026,13:04:34,9.57
4/27/2026,13:04:35,9.57
4/27/2026,13:04:36,9.79
4/27/2026,13:04:37,9.24
4/27/2026,13:04:37,9.24
4/27/2026,13:04:38,9.24
4/27/2026,13:04:39,9.91
4/27/2026,13:04:40,9.39
4/27/2026,13:04:41,9.39
4/27/2026,13:04:42,9.29
4/27/2026,13:04:43,9.98
4/27/2026,13:04:44,9.98
4/27/2026,13:04:45,9.72
4/27/2026,13:04:46,9.16
4/27/2026,13:04:47,9.16
4/27/2026,13:04:48,9.6
4/27/2026,13:04:49,9.08
4/27/2026,13:04:50,9.08
4/27/2026,13:04:51,9.58
4/27/2026,13:04:52,9.25
4/27/2026,13:04:53,9.25
4/27/2026,13:04:54,9.72
4/27/2026,13:04:55,9.47
4/27/2026,13:04:56,9.47
4/27/2026,13:04:57,9.29
4/27/2026,13:04:58,9.48
4/27/2026,13:04:59,9.48
4/27/2026,13:05:00,9.12
4/27/2026,13:05:01,9.36
4/27/2026,13:05:02,9.36
4/27/2026,13:05:03,9.7
4/27/2026,13:05:04,9.71
4/27/2026,13:05:05,9.71
4/27/2026,13:05:06,9.27
4/27/2026,13:05:07,9.29
4/27/2026,13:05:08,9.29
4/27/2026,13:05:09,9.45
4/27/2026,13:05:10,9.38
4/27/2026,13:05:11,9.38
4/27/2026,13:05:12,9.25
4/27/2026,13:05:13,9.7
4/27/2026,13:05:14,9.65
4/27/2026,13:05:15,9.39
4/27/2026,13:05:16,9.39
4/27/2026,13:05:17,9.22
4/27/2026,13:05:18,9.78
4/27/2026,13:05:19,9.78
4/27/2026,13:05:20,9.36
4/27/2026,13:05:21,9.4
4/27/2026,13:05:22,9.4
4/27/2026,13:05:23,10.01
4/27/2026,13:05:24,9.5
4/27/2026,13:05:25,9.5
4/27/2026,13:05:26,9.37
4/27/2026,13:05:27,9.46
4/27/2026,13:05:28,9.46
4/27/2026,13:05:29,9.28
4/27/2026,13:05:30,9.12
4/27/2026,13:05:31,9.12
4/27/2026,13:05:32,13.51
4/27/2026,13:05:32,13.51
4/27/2026,13:05:33,20.51
4/27/2026,13:05:34,20.51
4/27/2026,13:05:35,20.44
4/27/2026,13:05:36,20.08
4/27/2026,13:05:37,20.08
4/27/2026,13:05:37,20.08
4/27/2026,13:05:38,20.57
4/27/2026,13:05:39,19.98
4/27/2026,13:05:40,19.98
4/27/2026,13:05:41,20.1
4/27/2026,13:05:42,20.28
4/27/2026,13:05:43,20.28
4/27/2026,13:05:44,20.1
4/27/2026,13:05:45,20.42
4/27/2026,13:05:46,20.42
4/27/2026,13:05:47,20.5
4/27/2026,13:05:48,20.33
4/27/2026,13:05:49,20.33
4/27/2026,13:05:50,20.1
4/27/2026,13:05:51,20.12
4/27/2026,13:05:53,20.12
4/27/2026,13:05:54,20.65
4/27/2026,13:05:55,20.41
4/27/2026,13:05:56,20.41
4/27/2026,13:05:57,20.36
4/27/2026,13:05:58,20.96
4/27/2026,13:05:59,20.96
4/27/2026,13:06:00,20.23
4/27/2026,13:06:01,20.39
4/27/2026,13:06:02,20.39
4/27/2026,13:06:03,20.15
4/27/2026,13:06:04,21.09
4/27/2026,13:06:05,21.09
4/27/2026,13:06:06,20.53
4/27/2026,13:06:07,20.37
4/27/2026,13:06:08,20.37
4/27/2026,13:06:09,20.39
4/27/2026,13:06:10,20.31
4/27/2026,13:06:11,20.31
4/27/2026,13:06:12,20.11
4/27/2026,13:06:13,20.78
4/27/2026,13:06:14,20.78
4/27/2026,13:06:15,20.17
4/27/2026,13:06:16,20.31
4/27/2026,13:06:17,20.31
4/27/2026,13:06:18,20.39
4/27/2026,13:06:19,20.73
4/27/2026,13:06:20,20.73
4/27/2026,13:06:21,20.18
4/27/2026,13:06:22,20.47
4/27/2026,13:06:23,20.47
4/27/2026,13:06:24,20.39
4/27/2026,13:06:25,20.5
4/27/2026,13:06:26,20.5
4/27/2026,13:06:27,20.5
4/27/2026,13:06:27,21.26
4/27/2026,13:06:28,21.26
4/27/2026,13:06:29,21.26
4/27/2026,13:06:30,20.83
4/27/2026,13:06:31,20.44
4/27/2026,13:06:32,20.44
4/27/2026,13:06:32,13.49
4/27/2026,13:06:33,13.49
4/27/2026,13:06:34,9.69
4/27/2026,13:06:35,9.69
4/27/2026,13:06:36,9.41
4/27/2026,13:06:37,9.72
4/27/2026,13:06:38,9.72
4/27/2026,13:06:38,9.24
4/27/2026,13:06:39,9.24
4/27/2026,13:06:40,9.44
4/27/2026,13:06:41,9.44
4/27/2026,13:06:42,9.09
4/27/2026,13:06:43,9.63
4/27/2026,13:06:44,9.63
4/27/2026,13:06:45,9.19
4/27/2026,13:06:46,9.19
4/27/2026,13:06:47,9.19
4/27/2026,13:06:48,9.39
4/27/2026,13:06:49,9.54
4/27/2026,13:06:50,9.54
4/27/2026,13:06:51,9.35
4/27/2026,13:06:52,9.44
4/27/2026,13:06:53,9.44
4/27/2026,13:06:54,9.62
4/27/2026,13:06:55,9.13
4/27/2026,13:06:56,9.13
4/27/2026,13:06:57,9.52
4/27/2026,13:06:58,9.61
4/27/2026,13:06:59,9.61
4/27/2026,13:07:00,9.66
4/27/2026,13:07:01,9.31
4/27/2026,13:07:02,9.31
4/27/2026,13:07:03,9.84
4/27/2026,13:07:04,9.94
4/27/2026,13:07:05,9.94
4/27/2026,13:07:06,9.29
4/27/2026,13:07:07,9.17
4/27/2026,13:07:08,9.17
4/27/2026,13:07:09,9.52
4/27/2026,13:07:10,9.37
4/27/2026,13:07:11,9.37
4/27/2026,13:07:12,9.29
4/27/2026,13:07:13,9.66
4/27/2026,13:07:14,9.66
4/27/2026,13:07:15,9.24
4/27/2026,13:07:16,9.39
4/27/2026,13:07:17,9.39
4/27/2026,13:07:18,9.29
4/27/2026,13:07:19,9.62
4/27/2026,13:07:20,9.62
4/27/2026,13:07:21,9.18
4/27/2026,13:07:22,9.31
4/27/2026,13:07:23,9.31
4/27/2026,13:07:24,9.38
4/27/2026,13:07:25,9.15
4/27/2026,13:07:26,9.15
4/27/2026,13:07:27,9.13
4/27/2026,13:07:28,10.23
4/27/2026,13:07:29,10.23
4/27/2026,13:07:30,9.49
4/27/2026,13:07:31,9.42
4/27/2026,13:07:32,9.42
4/27/2026,13:07:32,13.72
4/27/2026,13:07:33,13.72
4/27/2026,13:07:34,19.14
4/27/2026,13:07:35,19.14
4/27/2026,13:07:36,20
4/27/2026,13:07:37,21.54
4/27/2026,13:07:37,21.54
4/27/2026,13:07:38,21.54
4/27/2026,13:07:39,23.03
4/27/2026,13:07:40,22.85
4/27/2026,13:07:41,22.85
4/27/2026,13:07:42,22.56
4/27/2026,13:07:43,21.04
4/27/2026,13:07:44,21.04
4/27/2026,13:07:45,21.49
4/27/2026,13:07:46,22.43
4/27/2026,13:07:47,22.43
4/27/2026,13:07:47,23.39
4/27/2026,13:07:48,23.39
4/27/2026,13:07:49,22.4
4/27/2026,13:07:50,22.4
4/27/2026,13:07:51,22.12
4/27/2026,13:07:52,22.07
4/27/2026,13:07:53,22.07
4/27/2026,13:07:53,21.72
4/27/2026,13:07:54,21.72
4/27/2026,13:07:55,21.28
4/27/2026,13:07:56,21.28
4/27/2026,13:07:57,21.73
4/27/2026,13:07:58,22.48
4/27/2026,13:07:59,22.48
4/27/2026,13:08:00,22.83
4/27/2026,13:08:01,22.09
4/27/2026,13:08:02,22.09
4/27/2026,13:08:03,21.58
4/27/2026,13:08:04,22.07
4/27/2026,13:08:05,22.07
4/27/2026,13:08:06,21.62
4/27/2026,13:08:07,21.76
4/27/2026,13:08:08,21.76
4/27/2026,13:08:09,22.66
4/27/2026,13:08:10,22.1
4/27/2026,13:08:11,22.1
4/27/2026,13:08:12,22.59
4/27/2026,13:08:13,22.74
4/27/2026,13:08:14,22.74
4/27/2026,13:08:14,23.34
4/27/2026,13:08:15,23.34
4/27/2026,13:08:16,23.16
4/27/2026,13:08:17,23.16
4/27/2026,13:08:18,23.46
4/27/2026,13:08:19,22.42
4/27/2026,13:08:20,22.42
4/27/2026,13:08:20,22.15
4/27/2026,13:08:21,22.15
4/27/2026,13:08:22,21.26
4/27/2026,13:08:23,21.26
4/27/2026,13:08:24,21.51
4/27/2026,13:08:25,21.35
4/27/2026,13:08:26,21.35
4/27/2026,13:08:27,21.8
4/27/2026,13:08:28,21.83
4/27/2026,13:08:29,21.83
4/27/2026,13:08:30,21.29
4/27/2026,13:08:30,20.71
4/27/2026,13:08:31,20.71
4/27/2026,13:08:32,20.71
4/27/2026,13:08:33,14.71
4/27/2026,13:08:34,9.4
4/27/2026,13:08:35,9.4
4/27/2026,13:08:36,9.46
4/27/2026,13:08:36,9.51
4/27/2026,13:08:37,9.51
4/27/2026,13:08:38,9.51
4/27/2026,13:08:39,9.49
4/27/2026,13:08:40,9.61
4/27/2026,13:08:41,9.61
4/27/2026,13:08:42,9.24
4/27/2026,13:08:43,9.75
4/27/2026,13:08:44,9.75
4/27/2026,13:08:45,9.2
4/27/2026,13:08:46,9.5
4/27/2026,13:08:47,9.5
4/27/2026,13:08:48,9.95
4/27/2026,13:08:49,9.95
4/27/2026,13:08:50,9.33
4/27/2026,13:08:51,9.55
4/27/2026,13:08:52,9.55
4/27/2026,13:08:53,9.85
4/27/2026,13:08:54,9.3
4/27/2026,13:08:55,9.3
4/27/2026,13:08:56,9.46
4/27/2026,13:08:57,9.52
4/27/2026,13:08:58,9.52
4/27/2026,13:08:59,9.28
4/27/2026,13:09:00,9.35
4/27/2026,13:09:01,9.35
4/27/2026,13:09:02,9.75
4/27/2026,13:09:03,10.71
4/27/2026,13:09:03,10.71
4/27/2026,13:09:04,10.71
4/27/2026,13:09:05,9.66
4/27/2026,13:09:06,9.26
4/27/2026,13:09:07,9.26
4/27/2026,13:09:08,9.84
4/27/2026,13:09:09,9.18
4/27/2026,13:09:09,9.18
4/27/2026,13:09:10,9.18
4/27/2026,13:09:11,9.54
4/27/2026,13:09:12,9.75
4/27/2026,13:09:13,9.75
4/27/2026,13:09:14,9.26
4/27/2026,13:09:15,9.51
4/27/2026,13:09:16,9.51
4/27/2026,13:09:17,9.26
4/27/2026,13:09:18,9.64
4/27/2026,13:09:19,9.64
4/27/2026,13:09:20,9.32
4/27/2026,13:09:21,9.52
4/27/2026,13:09:22,9.52
4/27/2026,13:09:23,9.49
4/27/2026,13:09:25,9.65
4/27/2026,13:09:25,9.65
4/27/2026,13:09:27,9.12
4/27/2026,13:09:28,9.74
4/27/2026,13:09:29,9.74
4/27/2026,13:09:30,9.29
4/27/2026,13:09:31,9.26
4/27/2026,13:09:32,9.26
4/27/2026,13:09:32,10.31
4/27/2026,13:09:33,10.31
4/27/2026,13:09:34,11.32
4/27/2026,13:09:35,11.32
4/27/2026,13:09:36,10.8
4/27/2026,13:09:37,11.15
4/27/2026,13:09:38,11.15
4/27/2026,13:09:39,10.6
4/27/2026,13:09:40,11.05
4/27/2026,13:09:41,11.05
4/27/2026,13:09:42,10.54
4/27/2026,13:09:43,11.08
4/27/2026,13:09:44,11.08
4/27/2026,13:09:45,10.75
4/27/2026,13:09:46,11.13
4/27/2026,13:09:47,11.13
4/27/2026,13:09:48,10.89
4/27/2026,13:09:49,10.83
4/27/2026,13:09:50,10.83
4/27/2026,13:09:51,10.75
4/27/2026,13:09:52,10.72
4/27/2026,13:09:53,10.72
4/27/2026,13:09:54,10.95
4/27/2026,13:09:55,11.11
4/27/2026,13:09:56,11.11
4/27/2026,13:09:57,10.76
4/27/2026,13:09:57,11.43
4/27/2026,13:09:58,11.43
4/27/2026,13:09:59,11.43
4/27/2026,13:10:00,11.97
4/27/2026,13:10:01,10.98
4/27/2026,13:10:02,10.98
4/27/2026,13:10:03,11.28
4/27/2026,13:10:04,11.85
4/27/2026,13:10:05,11.85
4/27/2026,13:10:06,11.22
4/27/2026,13:10:07,11.12
4/27/2026,13:10:08,11.12
4/27/2026,13:10:09,11.17
4/27/2026,13:10:10,10.77
4/27/2026,13:10:11,10.77
4/27/2026,13:10:12,11.67
4/27/2026,13:10:13,10.72
4/27/2026,13:10:14,10.72
4/27/2026,13:10:15,10.72
4/27/2026,13:10:16,11.06
4/27/2026,13:10:17,11.06
4/27/2026,13:10:18,10.84
4/27/2026,13:10:19,10.5
4/27/2026,13:10:20,10.5
4/27/2026,13:10:21,10.85
4/27/2026,13:10:22,10.89
4/27/2026,13:10:23,10.89
4/27/2026,13:10:24,11
4/27/2026,13:10:25,11.05
4/27/2026,13:10:26,11.05
4/27/2026,13:10:27,10.94
4/27/2026,13:10:28,11.12
4/27/2026,13:10:29,11.12
4/27/2026,13:10:30,11.08
4/27/2026,13:10:31,11.1
4/27/2026,13:10:32,11.1
4/27/2026,13:10:33,11.25
4/27/2026,13:10:33,9.61
4/27/2026,13:10:34,9.61
4/27/2026,13:10:35,9.61
4/27/2026,13:10:36,9.74
4/27/2026,13:10:37,9.75
4/27/2026,13:10:38,9.75
4/27/2026,13:10:39,9.59
4/27/2026,13:10:40,9.42
4/27/2026,13:10:41,9.42
4/27/2026,13:10:42,9.25
4/27/2026,13:10:43,10.2
4/27/2026,13:10:44,10.2
4/27/2026,13:10:45,9.16
4/27/2026,13:10:46,9.3
4/27/2026,13:10:47,9.3
4/27/2026,13:10:48,10.1
4/27/2026,13:10:49,9.12
4/27/2026,13:10:50,9.12
4/27/2026,13:10:51,9.19
4/27/2026,13:10:52,9.09
4/27/2026,13:10:53,9.09
4/27/2026,13:10:54,9.44
4/27/2026,13:10:55,9.04
4/27/2026,13:10:56,9.04
4/27/2026,13:10:57,9.46
4/27/2026,13:10:58,9.37
4/27/2026,13:10:59,9.37
4/27/2026,13:11:00,9.48
4/27/2026,13:11:01,9.59
4/27/2026,13:11:02,9.59
4/27/2026,13:11:03,9.74
4/27/2026,13:11:04,9.42
4/27/2026,13:11:05,9.42
4/27/2026,13:11:06,9.6
4/27/2026,13:11:07,9.09
4/27/2026,13:11:08,9.09
4/27/2026,13:11:09,10.12
4/27/2026,13:11:10,9.28
4/27/2026,13:11:11,9.28
4/27/2026,13:11:12,9.43
4/27/2026,13:11:13,9.31
4/27/2026,13:11:14,9.31
4/27/2026,13:11:15,9.32
4/27/2026,13:11:16,9.24
4/27/2026,13:11:17,9.24
4/27/2026,13:11:18,9.44
4/27/2026,13:11:19,9.29
4/27/2026,13:11:20,9.29
4/27/2026,13:11:21,9.28
4/27/2026,13:11:22,9.32
4/27/2026,13:11:23,9.32
4/27/2026,13:11:24,9.44
4/27/2026,13:11:25,9.36
4/27/2026,13:11:26,9.36
4/27/2026,13:11:27,9.4
4/27/2026,13:11:28,9.54
4/27/2026,13:11:29,9.54
4/27/2026,13:11:30,9.5
4/27/2026,13:11:31,9.45
4/27/2026,13:11:32,9.45
4/27/2026,13:11:32,13.44
4/27/2026,13:11:33,13.44
4/27/2026,13:11:34,24.73
4/27/2026,13:11:35,24.73
4/27/2026,13:11:36,25.4
4/27/2026,13:11:37,25.7
4/27/2026,13:11:37,25.7
4/27/2026,13:11:38,25.7
4/27/2026,13:11:39,25.62
4/27/2026,13:11:40,25.55
4/27/2026,13:11:41,25.55
4/27/2026,13:11:42,25.16
4/27/2026,13:11:43,25.23
4/27/2026,13:11:44,25.23
4/27/2026,13:11:45,24.85
4/27/2026,13:11:45,24.43
4/27/2026,13:11:46,24.43
4/27/2026,13:11:47,24.43
4/27/2026,13:11:48,24.61
4/27/2026,13:11:49,24.48
4/27/2026,13:11:50,24.48
4/27/2026,13:11:51,24.22
4/27/2026,13:11:52,24.53
4/27/2026,13:11:53,24.53
4/27/2026,13:11:54,25.3
4/27/2026,13:11:55,25.18
4/27/2026,13:11:56,25.18
4/27/2026,13:11:57,25.41
4/27/2026,13:11:58,25.37
4/27/2026,13:11:59,25.37
4/27/2026,13:12:00,25.65
4/27/2026,13:12:01,24.96
4/27/2026,13:12:02,24.96
4/27/2026,13:12:03,24.89
4/27/2026,13:12:04,24.62
4/27/2026,13:12:05,24.62
4/27/2026,13:12:06,25.07
4/27/2026,13:12:07,25.03
4/27/2026,13:12:08,25.03
4/27/2026,13:12:08,25.84
4/27/2026,13:12:09,25.84
4/27/2026,13:12:10,25.42
4/27/2026,13:12:11,25.42
4/27/2026,13:12:12,26.01
4/27/2026,13:12:13,25.41
4/27/2026,13:12:14,25.41
4/27/2026,13:12:15,26.01
4/27/2026,13:12:15,24.52
4/27/2026,13:12:16,24.52
4/27/2026,13:12:17,24.52
4/27/2026,13:12:18,25.75
4/27/2026,13:12:19,26.11
4/27/2026,13:12:20,26.11
4/27/2026,13:12:20,25.83
4/27/2026,13:12:21,25.83
4/27/2026,13:12:22,24.44
4/27/2026,13:12:23,25.28
4/27/2026,13:12:24,25.19
4/27/2026,13:12:25,25.19
4/27/2026,13:12:26,25.82
4/27/2026,13:12:27,25.53
4/27/2026,13:12:28,25.53
4/27/2026,13:12:29,25.81
4/27/2026,13:12:30,24.99
4/27/2026,13:12:31,24.99
4/27/2026,13:12:32,15.77
4/27/2026,13:12:32,15.77
4/27/2026,13:12:33,9.78
4/27/2026,13:12:34,9.78
4/27/2026,13:12:35,9.75
4/27/2026,13:12:36,9.52
4/27/2026,13:12:37,9.52
4/27/2026,13:12:38,9.51
4/27/2026,13:12:38,9.51
4/27/2026,13:12:39,10.03
4/27/2026,13:12:40,10.03
4/27/2026,13:12:41,9.54
4/27/2026,13:12:42,9.91
4/27/2026,13:12:43,9.91
4/27/2026,13:12:44,9.2
4/27/2026,13:12:45,9.56
4/27/2026,13:12:46,9.56
4/27/2026,13:12:47,9.21
4/27/2026,13:12:48,9.8
4/27/2026,13:12:49,9.8
4/27/2026,13:12:50,9.15
4/27/2026,13:12:51,9.81
4/27/2026,13:12:52,9.81
4/27/2026,13:12:53,9.5
4/27/2026,13:12:54,9.86
4/27/2026,13:12:55,9.86
4/27/2026,13:12:56,9.07
4/27/2026,13:12:57,9.59
4/27/2026,13:12:59,9.59
4/27/2026,13:13:00,9.18
4/27/2026,13:13:01,9.39
4/27/2026,13:13:02,9.39
4/27/2026,13:13:03,9.25
4/27/2026,13:13:04,10.23
4/27/2026,13:13:05,10.23
4/27/2026,13:13:06,9.66
4/27/2026,13:13:07,9.43
4/27/2026,13:13:08,9.43
4/27/2026,13:13:09,9.46
4/27/2026,13:13:10,9.26
4/27/2026,13:13:11,9.26
4/27/2026,13:13:12,10.03
4/27/2026,13:13:13,9.51
4/27/2026,13:13:14,9.51
4/27/2026,13:13:15,9.58
4/27/2026,13:13:16,9.34
4/27/2026,13:13:17,9.34
4/27/2026,13:13:18,9.34
4/27/2026,13:13:19,9.52
4/27/2026,13:13:20,9.52
4/27/2026,13:13:21,9.41
4/27/2026,13:13:22,9.15
4/27/2026,13:13:23,9.15
4/27/2026,13:13:24,9.4
4/27/2026,13:13:25,9.5
4/27/2026,13:13:26,9.5
4/27/2026,13:13:27,9.52
4/27/2026,13:13:28,9.28
4/27/2026,13:13:29,9.28
4/27/2026,13:13:30,9.25
4/27/2026,13:13:31,9.31
4/27/2026,13:13:32,9.31
4/27/2026,13:13:32,12.02
4/27/2026,13:13:33,12.02
4/27/2026,13:13:34,18.83
4/27/2026,13:13:35,18.83
4/27/2026,13:13:36,18.83
4/27/2026,13:13:37,18.77
4/27/2026,13:13:38,18.77
4/27/2026,13:13:38,18.58
4/27/2026,13:13:39,18.58
4/27/2026,13:13:40,18.64
4/27/2026,13:13:41,18.64
4/27/2026,13:13:42,18.61
4/27/2026,13:13:43,18.88
4/27/2026,13:13:44,18.88
4/27/2026,13:13:45,18.54
4/27/2026,13:13:46,18.51
4/27/2026,13:13:47,18.51
4/27/2026,13:13:48,18.58
4/27/2026,13:13:49,18.87
4/27/2026,13:13:50,18.87
4/27/2026,13:13:51,18.39
4/27/2026,13:13:52,18.55
4/27/2026,13:13:53,18.55
4/27/2026,13:13:54,18.53
4/27/2026,13:13:55,18.54
4/27/2026,13:13:56,18.54
4/27/2026,13:13:57,18.36
4/27/2026,13:13:58,18.79
4/27/2026,13:13:59,18.79
4/27/2026,13:14:00,18.37
4/27/2026,13:14:01,18.6
4/27/2026,13:14:02,18.6
4/27/2026,13:14:03,18.38
4/27/2026,13:14:04,19.08
4/27/2026,13:14:05,19.08
4/27/2026,13:14:06,18.3
4/27/2026,13:14:07,18.43
4/27/2026,13:14:08,18.43
4/27/2026,13:14:09,19.03
4/27/2026,13:14:10,18.72
4/27/2026,13:14:11,18.72
4/27/2026,13:14:12,18.49
4/27/2026,13:14:13,19.1
4/27/2026,13:14:14,19.1
4/27/2026,13:14:15,18.62
4/27/2026,13:14:16,19.07
4/27/2026,13:14:17,19.07
4/27/2026,13:14:18,18.35
4/27/2026,13:14:19,18.74
4/27/2026,13:14:20,18.74
4/27/2026,13:14:21,18.37
4/27/2026,13:14:22,18.54
4/27/2026,13:14:23,18.54
4/27/2026,13:14:24,18.63
4/27/2026,13:14:25,18.43
4/27/2026,13:14:26,18.43
4/27/2026,13:14:27,18.43
4/27/2026,13:14:28,18.61
4/27/2026,13:14:29,18.61
4/27/2026,13:14:30,18.63
4/27/2026,13:14:31,18.63
4/27/2026,13:14:32,18.63
4/27/2026,13:14:32,14.26
4/27/2026,13:14:33,14.26
4/27/2026,13:14:34,9.29
4/27/2026,13:14:35,9.29
4/27/2026,13:14:36,9.64
4/27/2026,13:14:37,9.25
4/27/2026,13:14:37,9.25
4/27/2026,13:14:38,9.25
4/27/2026,13:14:39,9.54
4/27/2026,13:14:40,9.52
4/27/2026,13:14:41,9.52
4/27/2026,13:14:42,9.4
4/27/2026,13:14:43,9.45
4/27/2026,13:14:44,9.45
4/27/2026,13:14:45,9.7
4/27/2026,13:14:46,9.04
4/27/2026,13:14:47,9.04
4/27/2026,13:14:48,10.02
4/27/2026,13:14:49,9.32
4/27/2026,13:14:50,9.32
4/27/2026,13:14:51,9.38
4/27/2026,13:14:52,9.16
4/27/2026,13:14:53,9.16
4/27/2026,13:14:54,9.54
4/27/2026,13:14:55,9.35
4/27/2026,13:14:56,9.35
4/27/2026,13:14:57,9.34
4/27/2026,13:14:58,9.52
4/27/2026,13:14:59,9.52
4/27/2026,13:15:00,9.17
4/27/2026,13:15:01,9.4
4/27/2026,13:15:02,9.4
4/27/2026,13:15:03,9.86
4/27/2026,13:15:04,9.61
4/27/2026,13:15:05,9.61
4/27/2026,13:15:06,9.51
4/27/2026,13:15:07,9.29
4/27/2026,13:15:08,9.29
4/27/2026,13:15:09,9.61
4/27/2026,13:15:10,9.39
4/27/2026,13:15:11,9.39
4/27/2026,13:15:12,9.63
4/27/2026,13:15:13,9.49
4/27/2026,13:15:14,9.49
4/27/2026,13:15:15,9.51
4/27/2026,13:15:16,9.46
4/27/2026,13:15:17,9.46
4/27/2026,13:15:18,9.75
4/27/2026,13:15:19,9.36
4/27/2026,13:15:20,9.36
4/27/2026,13:15:21,9.72
4/27/2026,13:15:22,9.07
4/27/2026,13:15:23,9.07
4/27/2026,13:15:24,9.77
4/27/2026,13:15:25,9.09
4/27/2026,13:15:26,9.09
4/27/2026,13:15:27,9.27
4/27/2026,13:15:28,9.4
4/27/2026,13:15:29,9.4
4/27/2026,13:15:30,9.44
4/27/2026,13:15:31,9.12
4/27/2026,13:15:32,9.12
4/27/2026,13:15:32,10.8
4/27/2026,13:15:33,10.8
4/27/2026,13:15:34,11.92
4/27/2026,13:15:35,11.92
4/27/2026,13:15:36,11.69
4/27/2026,13:15:37,11.87
4/27/2026,13:15:38,11.87
4/27/2026,13:15:38,11.97
4/27/2026,13:15:39,11.97
4/27/2026,13:15:40,11.45
4/27/2026,13:15:41,11.45
4/27/2026,13:15:42,11.73
4/27/2026,13:15:43,11.9
4/27/2026,13:15:44,11.9
4/27/2026,13:15:45,11.78
4/27/2026,13:15:46,11.51
4/27/2026,13:15:47,11.51
4/27/2026,13:15:48,12.1
4/27/2026,13:15:49,12.14
4/27/2026,13:15:50,12.14
4/27/2026,13:15:51,11.33
4/27/2026,13:15:52,11.48
4/27/2026,13:15:53,11.48
4/27/2026,13:15:54,11.89
4/27/2026,13:15:55,11.56
4/27/2026,13:15:56,11.56
4/27/2026,13:15:57,11.79
4/27/2026,13:15:58,11.79
4/27/2026,13:15:59,11.52
4/27/2026,13:16:00,11.71
4/27/2026,13:16:01,11.71
4/27/2026,13:16:02,11.65
4/27/2026,13:16:03,11.89
4/27/2026,13:16:04,11.89
4/27/2026,13:16:05,11.89
4/27/2026,13:16:06,11.27
4/27/2026,13:16:07,11.27
4/27/2026,13:16:08,11.72
4/27/2026,13:16:09,11.67
4/27/2026,13:16:10,11.67
4/27/2026,13:16:11,11.44
4/27/2026,13:16:12,11.96
4/27/2026,13:16:13,11.96
4/27/2026,13:16:14,11.6
4/27/2026,13:16:15,11.75
4/27/2026,13:16:16,11.75
4/27/2026,13:16:17,11.31
4/27/2026,13:16:18,11.82
4/27/2026,13:16:19,11.82
4/27/2026,13:16:20,11.59
4/27/2026,13:16:21,11.99
4/27/2026,13:16:22,11.99
4/27/2026,13:16:23,11.79
4/27/2026,13:16:24,11.81
4/27/2026,13:16:25,11.81
4/27/2026,13:16:26,11.3
4/27/2026,13:16:27,12
4/27/2026,13:16:28,12
4/27/2026,13:16:29,11.37
4/27/2026,13:16:30,11.39
4/27/2026,13:16:31,11.39
4/27/2026,13:16:32,11.21
4/27/2026,13:16:33,9.46
4/27/2026,13:16:33,9.46
4/27/2026,13:16:34,9.46
4/27/2026,13:16:36,9.48
4/27/2026,13:16:37,9.6
4/27/2026,13:16:38,9.6
4/27/2026,13:16:39,9.5
4/27/2026,13:16:40,9.23
4/27/2026,13:16:41,9.23
4/27/2026,13:16:42,9.23
4/27/2026,13:16:43,9.69
4/27/2026,13:16:44,9.69
4/27/2026,13:16:45,9.26
4/27/2026,13:16:46,9.46
4/27/2026,13:16:47,9.46
4/27/2026,13:16:48,9.39
4/27/2026,13:16:49,9.48
4/27/2026,13:16:50,9.48
4/27/2026,13:16:51,9.2
4/27/2026,13:16:52,9.55
4/27/2026,13:16:53,9.55
4/27/2026,13:16:54,9.34
4/27/2026,13:16:55,9.37
4/27/2026,13:16:56,9.37
4/27/2026,13:16:57,9.14
4/27/2026,13:16:58,9.52
4/27/2026,13:16:59,9.52
4/27/2026,13:17:00,9.37
4/27/2026,13:17:01,9.36
4/27/2026,13:17:02,9.36
4/27/2026,13:17:03,9.18
4/27/2026,13:17:04,9.98
4/27/2026,13:17:05,9.98
4/27/2026,13:17:06,9.32
4/27/2026,13:17:07,9.46
4/27/2026,13:17:08,9.46
4/27/2026,13:17:09,9.45
4/27/2026,13:17:10,9.37
4/27/2026,13:17:11,9.37
4/27/2026,13:17:12,9.1
4/27/2026,13:17:13,9.52
4/27/2026,13:17:14,9.52
4/27/2026,13:17:15,9.24
4/27/2026,13:17:16,9.43
4/27/2026,13:17:17,9.43
4/27/2026,13:17:18,9.22
4/27/2026,13:17:19,9.34
4/27/2026,13:17:20,9.34
4/27/2026,13:17:21,9.2
4/27/2026,13:17:22,9.14
4/27/2026,13:17:23,9.14
4/27/2026,13:17:24,9.73
4/27/2026,13:17:25,9.16
4/27/2026,13:17:26,9.16
4/27/2026,13:17:27,9.2
4/27/2026,13:17:28,9.38
4/27/2026,13:17:29,9.38
4/27/2026,13:17:30,9.47
4/27/2026,13:17:31,9.15
4/27/2026,13:17:32,9.15
4/27/2026,13:17:32,13.64
4/27/2026,13:17:33,13.64
4/27/2026,13:17:34,36.35
4/27/2026,13:17:35,36.35
4/27/2026,13:17:36,35.5
4/27/2026,13:17:37,35.27
4/27/2026,13:17:38,35.27
4/27/2026,13:17:38,35.57
4/27/2026,13:17:39,35.57
4/27/2026,13:17:40,35.51
4/27/2026,13:17:41,35.51
4/27/2026,13:17:42,35.38
4/27/2026,13:17:43,35.58
4/27/2026,13:17:44,35.58
4/27/2026,13:17:45,35.26
4/27/2026,13:17:46,35.37
4/27/2026,13:17:47,35.37
4/27/2026,13:17:48,35.83
4/27/2026,13:17:49,36.2
4/27/2026,13:17:50,36.2
4/27/2026,13:17:51,35.8
4/27/2026,13:17:52,35.89
4/27/2026,13:17:53,35.89
4/27/2026,13:17:54,36.14
4/27/2026,13:17:55,35.96
4/27/2026,13:17:56,35.96
4/27/2026,13:17:57,35.78
4/27/2026,13:17:58,36.05
4/27/2026,13:17:59,36.05
4/27/2026,13:18:00,36.68
4/27/2026,13:18:01,35.98
4/27/2026,13:18:02,35.98
4/27/2026,13:18:03,36.01
4/27/2026,13:18:04,36.25
4/27/2026,13:18:05,36.25
4/27/2026,13:18:06,37.04
4/27/2026,13:18:07,36
4/27/2026,13:18:08,36
4/27/2026,13:18:09,36.49
4/27/2026,13:18:10,36.34
4/27/2026,13:18:11,36.34
4/27/2026,13:18:12,36.14
4/27/2026,13:18:13,36.12
4/27/2026,13:18:14,36.12
4/27/2026,13:18:15,36.6
4/27/2026,13:18:16,36.13
4/27/2026,13:18:17,36.13
4/27/2026,13:18:18,36.19
4/27/2026,13:18:19,36.33
4/27/2026,13:18:20,36.33
4/27/2026,13:18:21,36.46
4/27/2026,13:18:22,36.26
4/27/2026,13:18:23,36.26
4/27/2026,13:18:24,36.74
4/27/2026,13:18:25,36.38
4/27/2026,13:18:26,36.38
4/27/2026,13:18:27,36.22
4/27/2026,13:18:28,36.18
4/27/2026,13:18:29,36.18
4/27/2026,13:18:30,36.51
4/27/2026,13:18:31,36.36
4/27/2026,13:18:32,36.36
4/27/2026,13:18:32,19.97
4/27/2026,13:18:33,19.97
4/27/2026,13:18:34,9.85
4/27/2026,13:18:35,9.85
4/27/2026,13:18:36,10.12
4/27/2026,13:18:37,9.94
4/27/2026,13:18:38,9.94
4/27/2026,13:18:38,9.7
4/27/2026,13:18:39,9.7
4/27/2026,13:18:40,9.78
4/27/2026,13:18:41,9.78
4/27/2026,13:18:42,9.6
4/27/2026,13:18:43,9.86
4/27/2026,13:18:44,9.86
4/27/2026,13:18:45,9.65
4/27/2026,13:18:46,9.51
4/27/2026,13:18:47,9.51
4/27/2026,13:18:48,9.57
4/27/2026,13:18:49,9.28
4/27/2026,13:18:50,9.28
4/27/2026,13:18:51,9.41
4/27/2026,13:18:52,9.44
4/27/2026,13:18:53,9.44
4/27/2026,13:18:54,9.94
4/27/2026,13:18:55,9.11
4/27/2026,13:18:56,9.11
4/27/2026,13:18:57,9.8
4/27/2026,13:18:58,9.35
4/27/2026,13:18:59,9.35
4/27/2026,13:19:00,9.39
4/27/2026,13:19:01,9.15
4/27/2026,13:19:02,9.15
4/27/2026,13:19:03,9.69
4/27/2026,13:19:04,9.39
4/27/2026,13:19:05,9.39
4/27/2026,13:19:06,9.22
4/27/2026,13:19:07,9.16
4/27/2026,13:19:08,9.16
4/27/2026,13:19:09,9.52
4/27/2026,13:19:10,9.22
4/27/2026,13:19:11,9.22
4/27/2026,13:19:12,9.41
4/27/2026,13:19:13,9.56
4/27/2026,13:19:14,9.56
4/27/2026,13:19:15,9.24
4/27/2026,13:19:16,9.42
4/27/2026,13:19:17,9.42
4/27/2026,13:19:18,9.39
4/27/2026,13:19:19,9.75
4/27/2026,13:19:20,9.75
4/27/2026,13:19:21,9.2
4/27/2026,13:19:22,9.48
4/27/2026,13:19:23,9.48
4/27/2026,13:19:24,9.48
4/27/2026,13:19:25,9.71
4/27/2026,13:19:26,9.71
4/27/2026,13:19:27,9.23
4/27/2026,13:19:28,9.99
4/27/2026,13:19:29,9.99
4/27/2026,13:19:30,9.03
4/27/2026,13:19:31,9.36
4/27/2026,13:19:32,12.96
4/27/2026,13:19:32,12.96
4/27/2026,13:19:33,29.16
4/27/2026,13:19:34,29.16
4/27/2026,13:19:35,29.36
4/27/2026,13:19:36,29.15
4/27/2026,13:19:37,29.15
4/27/2026,13:19:37,29.15
4/27/2026,13:19:38,29.34
4/27/2026,13:19:39,29.33
4/27/2026,13:19:40,29.33
4/27/2026,13:19:41,29.09
4/27/2026,13:19:42,29.32
4/27/2026,13:19:43,29.32
4/27/2026,13:19:44,29.18
4/27/2026,13:19:45,29.28
4/27/2026,13:19:46,29.28
4/27/2026,13:19:47,29.54
4/27/2026,13:19:48,29.49
4/27/2026,13:19:49,29.49
4/27/2026,13:19:50,29.24
4/27/2026,13:19:51,29.04
4/27/2026,13:19:52,29.04
4/27/2026,13:19:53,29.79
4/27/2026,13:19:54,29.57
4/27/2026,13:19:55,29.57
4/27/2026,13:19:56,29.63
4/27/2026,13:19:57,29.45
4/27/2026,13:19:58,29.45
4/27/2026,13:19:59,29.31
4/27/2026,13:20:00,29.4
4/27/2026,13:20:01,29.4
4/27/2026,13:20:02,29.44
4/27/2026,13:20:03,29.88
4/27/2026,13:20:04,29.88
4/27/2026,13:20:05,29.64
4/27/2026,13:20:06,29.43
4/27/2026,13:20:07,29.43
4/27/2026,13:20:08,29.73
4/27/2026,13:20:10,29.47
4/27/2026,13:20:11,29.47
4/27/2026,13:20:12,30.18
4/27/2026,13:20:13,29.63
4/27/2026,13:20:14,29.63
4/27/2026,13:20:15,29.38
4/27/2026,13:20:16,29.67
4/27/2026,13:20:17,29.67
4/27/2026,13:20:18,29.44
4/27/2026,13:20:19,29.72
4/27/2026,13:20:20,29.72
4/27/2026,13:20:21,29.52
4/27/2026,13:20:22,29.78
4/27/2026,13:20:23,29.78
4/27/2026,13:20:24,29.46
4/27/2026,13:20:25,29.89
4/27/2026,13:20:26,29.89
4/27/2026,13:20:27,30.24
4/27/2026,13:20:28,29.54
4/27/2026,13:20:29,29.54
4/27/2026,13:20:30,29.99
4/27/2026,13:20:31,30.31
4/27/2026,13:20:32,30.31
4/27/2026,13:20:32,19.27
4/27/2026,13:20:33,19.27
4/27/2026,13:20:34,9.79
4/27/2026,13:20:35,9.79
4/27/2026,13:20:36,9.81
4/27/2026,13:20:37,9.78
4/27/2026,13:20:37,9.78
4/27/2026,13:20:38,9.78
4/27/2026,13:20:39,10.02
4/27/2026,13:20:40,9.64
4/27/2026,13:20:41,9.64
4/27/2026,13:20:42,9.29
4/27/2026,13:20:43,10.06
4/27/2026,13:20:44,10.06
4/27/2026,13:20:45,9.22
4/27/2026,13:20:46,9.43
4/27/2026,13:20:47,9.43
4/27/2026,13:20:48,9.2
4/27/2026,13:20:49,9.72
4/27/2026,13:20:50,9.72
4/27/2026,13:20:51,9.09
4/27/2026,13:20:52,9.59
4/27/2026,13:20:53,9.59
4/27/2026,13:20:54,9.42
4/27/2026,13:20:55,9.26
4/27/2026,13:20:56,9.26
4/27/2026,13:20:57,9.31
4/27/2026,13:20:58,9.55
4/27/2026,13:20:59,9.55
4/27/2026,13:21:00,9.25
4/27/2026,13:21:01,9.56
4/27/2026,13:21:02,9.56
4/27/2026,13:21:03,9.77
4/27/2026,13:21:04,9.78
4/27/2026,13:21:05,9.78
4/27/2026,13:21:06,9.34
4/27/2026,13:21:07,9.32
4/27/2026,13:21:08,9.32
4/27/2026,13:21:09,9.74
4/27/2026,13:21:10,9.29
4/27/2026,13:21:11,9.29
4/27/2026,13:21:12,9.31
4/27/2026,13:21:13,9.27
4/27/2026,13:21:14,9.27
4/27/2026,13:21:15,9.48
4/27/2026,13:21:16,9.35
4/27/2026,13:21:17,9.35
4/27/2026,13:21:18,9.4
4/27/2026,13:21:19,9.76
4/27/2026,13:21:20,9.76
4/27/2026,13:21:21,9.31
4/27/2026,13:21:22,9.27
4/27/2026,13:21:23,9.27
4/27/2026,13:21:24,9.5
4/27/2026,13:21:25,9.24
4/27/2026,13:21:26,9.24
4/27/2026,13:21:27,9.33
4/27/2026,13:21:28,9.27
4/27/2026,13:21:29,9.27
4/27/2026,13:21:30,9.61
4/27/2026,13:21:31,9.24
4/27/2026,13:21:32,9.24
4/27/2026,13:21:32,13.49
4/27/2026,13:21:33,13.49
4/27/2026,13:21:34,37.92
4/27/2026,13:21:35,37.92
4/27/2026,13:21:36,37.54
4/27/2026,13:21:37,37.57
4/27/2026,13:21:38,37.57
4/27/2026,13:21:38,37.61
4/27/2026,13:21:39,37.61
4/27/2026,13:21:40,38.02
4/27/2026,13:21:41,38.02
4/27/2026,13:21:42,37.6
4/27/2026,13:21:43,37.66
4/27/2026,13:21:44,37.66
4/27/2026,13:21:45,38.04
4/27/2026,13:21:46,37.88
4/27/2026,13:21:47,37.88
4/27/2026,13:21:48,38.17
4/27/2026,13:21:49,38.17
4/27/2026,13:21:50,38.17
4/27/2026,13:21:51,37.97
4/27/2026,13:21:52,38.04
4/27/2026,13:21:53,38.04
4/27/2026,13:21:54,37.94
4/27/2026,13:21:55,38.3
4/27/2026,13:21:56,38.3
4/27/2026,13:21:57,38.21
4/27/2026,13:21:58,38.13
4/27/2026,13:21:59,38.13
4/27/2026,13:22:00,38.68
4/27/2026,13:22:01,38.59
4/27/2026,13:22:02,38.59
4/27/2026,13:22:03,38.25
4/27/2026,13:22:04,39.06
4/27/2026,13:22:05,39.06
4/27/2026,13:22:06,38.27
4/27/2026,13:22:07,38.27
4/27/2026,13:22:08,38.27
4/27/2026,13:22:09,38.23
4/27/2026,13:22:10,38.82
4/27/2026,13:22:11,38.82
4/27/2026,13:22:12,38.38
4/27/2026,13:22:13,38.29
4/27/2026,13:22:14,38.29
4/27/2026,13:22:15,38.63
4/27/2026,13:22:16,38.43
4/27/2026,13:22:17,38.43
4/27/2026,13:22:18,38.33
4/27/2026,13:22:19,38.73
4/27/2026,13:22:20,38.73
4/27/2026,13:22:21,38.49
4/27/2026,13:22:22,38.35
4/27/2026,13:22:23,38.35
4/27/2026,13:22:24,38.32
4/27/2026,13:22:25,38.64
4/27/2026,13:22:26,38.64
4/27/2026,13:22:27,38.34
4/27/2026,13:22:28,38.41
4/27/2026,13:22:29,38.41
4/27/2026,13:22:30,38.65
4/27/2026,13:22:31,38.78
4/27/2026,13:22:32,38.78
4/27/2026,13:22:32,22.48
4/27/2026,13:22:33,22.48
4/27/2026,13:22:34,9.65
4/27/2026,13:22:35,9.65
4/27/2026,13:22:36,10.22
4/27/2026,13:22:37,9.57
4/27/2026,13:22:37,9.57
4/27/2026,13:22:38,9.57
4/27/2026,13:22:39,10.09
4/27/2026,13:22:40,9.6
4/27/2026,13:22:41,9.6
4/27/2026,13:22:42,9.48
4/27/2026,13:22:43,9.73
4/27/2026,13:22:44,9.73
4/27/2026,13:22:45,9.65
4/27/2026,13:22:46,9.71
4/27/2026,13:22:47,9.71
4/27/2026,13:22:48,9.55
4/27/2026,13:22:49,9.56
4/27/2026,13:22:50,9.56
4/27/2026,13:22:51,9.5
4/27/2026,13:22:52,9.36
4/27/2026,13:22:53,9.36
4/27/2026,13:22:54,9.51
4/27/2026,13:22:55,9.33
4/27/2026,13:22:56,9.33
4/27/2026,13:22:57,9.24
4/27/2026,13:22:58,9.46
4/27/2026,13:22:59,9.46
4/27/2026,13:23:00,9.06
4/27/2026,13:23:01,9.36
4/27/2026,13:23:02,9.36
4/27/2026,13:23:03,9.98
4/27/2026,13:23:03,10.58
4/27/2026,13:23:04,10.58
4/27/2026,13:23:05,10.58
4/27/2026,13:23:06,9.59
4/27/2026,13:23:07,9.59
4/27/2026,13:23:08,9.48
4/27/2026,13:23:08,9.48
4/27/2026,13:23:09,9.37
4/27/2026,13:23:10,9.37
4/27/2026,13:23:11,9.2
4/27/2026,13:23:12,9.65
4/27/2026,13:23:13,9.65
4/27/2026,13:23:14,9.25
4/27/2026,13:23:15,9.35
4/27/2026,13:23:16,9.35
4/27/2026,13:23:17,9.34
4/27/2026,13:23:18,9.52
4/27/2026,13:23:19,9.52
4/27/2026,13:23:20,9.28
4/27/2026,13:23:21,9.28
4/27/2026,13:23:22,9.28
4/27/2026,13:23:23,9.53
4/27/2026,13:23:24,9.21
4/27/2026,13:23:25,9.21
4/27/2026,13:23:26,9.28
4/27/2026,13:23:27,9.97
4/27/2026,13:23:28,9.97
4/27/2026,13:23:29,9.28
4/27/2026,13:23:30,9.22
4/27/2026,13:23:31,9.22
4/27/2026,13:23:32,11.74
4/27/2026,13:23:32,11.74
4/27/2026,13:23:33,24.17
4/27/2026,13:23:34,24.17
4/27/2026,13:23:35,23.87
4/27/2026,13:23:36,23.48
4/27/2026,13:23:37,23.48
4/27/2026,13:23:37,23.48
4/27/2026,13:23:38,23.99
4/27/2026,13:23:39,23.4
4/27/2026,13:23:40,23.4
4/27/2026,13:23:41,23.64
4/27/2026,13:23:42,23.62
4/27/2026,13:23:43,23.62
4/27/2026,13:23:44,23.36
4/27/2026,13:23:46,23.29
4/27/2026,13:23:47,23.29
4/27/2026,13:23:48,23.83
4/27/2026,13:23:49,24.2
4/27/2026,13:23:50,24.2
4/27/2026,13:23:51,24.01
4/27/2026,13:23:52,24.19
4/27/2026,13:23:53,24.19
4/27/2026,13:23:54,24.62
4/27/2026,13:23:55,24.23
4/27/2026,13:23:56,24.23
4/27/2026,13:23:57,24.3
4/27/2026,13:23:58,24.61
4/27/2026,13:23:59,24.61
4/27/2026,13:24:00,24.27
4/27/2026,13:24:01,24.43
4/27/2026,13:24:02,24.43
4/27/2026,13:24:03,24.51
4/27/2026,13:24:04,25.77
4/27/2026,13:24:04,25.77
4/27/2026,13:24:05,25.77
4/27/2026,13:24:06,25.58
4/27/2026,13:24:07,25.23
4/27/2026,13:24:08,25.23
4/27/2026,13:24:09,25.49
4/27/2026,13:24:10,25.32
4/27/2026,13:24:11,25.32
4/27/2026,13:24:12,25.07
4/27/2026,13:24:12,24.37
4/27/2026,13:24:13,24.37
4/27/2026,13:24:14,24.37
4/27/2026,13:24:15,24.25
4/27/2026,13:24:16,24.99
4/27/2026,13:24:17,24.99
4/27/2026,13:24:18,25.01
4/27/2026,13:24:19,25.18
4/27/2026,13:24:20,25.18
4/27/2026,13:24:21,24.17
4/27/2026,13:24:22,24.13
4/27/2026,13:24:23,24.13
4/27/2026,13:24:24,24.77
4/27/2026,13:24:25,25.16
4/27/2026,13:24:26,25.16
4/27/2026,13:24:27,24.73
4/27/2026,13:24:28,25.01
4/27/2026,13:24:29,25.01
4/27/2026,13:24:30,24.57
4/27/2026,13:24:31,24.73
4/27/2026,13:24:32,24.73
4/27/2026,13:24:32,18.97
4/27/2026,13:24:33,18.97
4/27/2026,13:24:34,9.98
4/27/2026,13:24:35,9.98
4/27/2026,13:24:36,9.62
4/27/2026,13:24:37,10.23
4/27/2026,13:24:38,10.23
4/27/2026,13:24:38,9.41
4/27/2026,13:24:39,9.41
4/27/2026,13:24:40,9.76
4/27/2026,13:24:41,9.76
4/27/2026,13:24:42,9.14
4/27/2026,13:24:43,9.84
4/27/2026,13:24:44,9.84
4/27/2026,13:24:45,9.43
4/27/2026,13:24:46,9.13
4/27/2026,13:24:47,9.13
4/27/2026,13:24:48,9.34
4/27/2026,13:24:49,9.51
4/27/2026,13:24:50,9.51
4/27/2026,13:24:51,9.33
4/27/2026,13:24:52,9.14
4/27/2026,13:24:53,9.14
4/27/2026,13:24:54,9.58
4/27/2026,13:24:55,9.4
4/27/2026,13:24:56,9.4
4/27/2026,13:24:57,9.48
4/27/2026,13:24:58,9.07
4/27/2026,13:24:59,9.07
4/27/2026,13:25:00,9.54
4/27/2026,13:25:01,9.13
4/27/2026,13:25:02,9.13
4/27/2026,13:25:02,10.54
4/27/2026,13:25:03,10.54
4/27/2026,13:25:04,12.16
4/27/2026,13:25:05,12.16
4/27/2026,13:25:06,9.47
4/27/2026,13:25:07,9.59
4/27/2026,13:25:08,9.59
4/27/2026,13:25:09,10.12
4/27/2026,13:25:09,9.24
4/27/2026,13:25:10,9.24
4/27/2026,13:25:11,9.24
4/27/2026,13:25:12,9.81
4/27/2026,13:25:13,9.65
4/27/2026,13:25:14,9.65
4/27/2026,13:25:15,10.11
4/27/2026,13:25:16,9.25
4/27/2026,13:25:17,9.25
4/27/2026,13:25:18,9.29
4/27/2026,13:25:19,9.75
4/27/2026,13:25:20,9.75
4/27/2026,13:25:21,9.24
4/27/2026,13:25:22,9.45
4/27/2026,13:25:23,9.45
4/27/2026,13:25:24,9.54
4/27/2026,13:25:25,9.4
4/27/2026,13:25:26,9.4
4/27/2026,13:25:27,9.39
4/27/2026,13:25:28,9.42
4/27/2026,13:25:29,9.42
4/27/2026,13:25:30,9.64
4/27/2026,13:25:31,9.27
4/27/2026,13:25:32,9.27
4/27/2026,13:25:32,12.19
4/27/2026,13:25:33,12.19
4/27/2026,13:25:34,36.37
4/27/2026,13:25:35,36.37
4/27/2026,13:25:36,35.85
4/27/2026,13:25:37,36.03
4/27/2026,13:25:38,36.03
4/27/2026,13:25:38,36.34
4/27/2026,13:25:39,36.34
4/27/2026,13:25:40,37.32
4/27/2026,13:25:41,37.32
4/27/2026,13:25:42,36.39
4/27/2026,13:25:43,36.21
4/27/2026,13:25:44,36.21
4/27/2026,13:25:45,36.6
4/27/2026,13:25:46,36.24
4/27/2026,13:25:47,36.24
4/27/2026,13:25:48,36.73
4/27/2026,13:25:49,36.54
4/27/2026,13:25:50,36.54
4/27/2026,13:25:51,36.49
4/27/2026,13:25:52,36.47
4/27/2026,13:25:53,36.47
4/27/2026,13:25:54,36.83
4/27/2026,13:25:55,36.37
4/27/2026,13:25:56,36.37
4/27/2026,13:25:57,36.48
4/27/2026,13:25:58,36.4
4/27/2026,13:25:59,36.4
4/27/2026,13:26:00,37.6
4/27/2026,13:26:01,36.64
4/27/2026,13:26:02,36.64
4/27/2026,13:26:03,36.76
4/27/2026,13:26:04,36.94
4/27/2026,13:26:05,36.94
4/27/2026,13:26:06,37.06
4/27/2026,13:26:07,36.67
4/27/2026,13:26:08,36.67
4/27/2026,13:26:09,37.01
4/27/2026,13:26:10,37.05
4/27/2026,13:26:11,37.05
4/27/2026,13:26:12,37.23
4/27/2026,13:26:13,36.97
4/27/2026,13:26:14,36.97
4/27/2026,13:26:15,36.96
4/27/2026,13:26:16,36.69
4/27/2026,13:26:17,36.69
4/27/2026,13:26:18,36.98
4/27/2026,13:26:19,37.14
4/27/2026,13:26:20,37.14
4/27/2026,13:26:21,36.9
4/27/2026,13:26:22,36.81
4/27/2026,13:26:23,36.81
4/27/2026,13:26:24,37.22
4/27/2026,13:26:25,36.68
4/27/2026,13:26:26,36.68
4/27/2026,13:26:27,36.97
4/27/2026,13:26:28,36.79
4/27/2026,13:26:29,36.79
4/27/2026,13:26:30,37.12
4/27/2026,13:26:31,36.85
4/27/2026,13:26:32,36.85
4/27/2026,13:26:32,25.26
4/27/2026,13:26:33,25.26
4/27/2026,13:26:34,10.07
4/27/2026,13:26:35,10.07
4/27/2026,13:26:36,9.65
4/27/2026,13:26:37,9.92
4/27/2026,13:26:38,9.92
4/27/2026,13:26:38,9.58
4/27/2026,13:26:39,9.58
4/27/2026,13:26:40,9.81
4/27/2026,13:26:41,9.61
4/27/2026,13:26:42,10.35
4/27/2026,13:26:43,10.35
4/27/2026,13:26:44,10.05
4/27/2026,13:26:45,9.85
4/27/2026,13:26:46,9.85
4/27/2026,13:26:47,9.25
4/27/2026,13:26:48,9.78
4/27/2026,13:26:49,9.78
4/27/2026,13:26:50,9.19
4/27/2026,13:26:51,9.47
4/27/2026,13:26:52,9.47
4/27/2026,13:26:53,9.55
4/27/2026,13:26:54,9.41
4/27/2026,13:26:55,9.41
4/27/2026,13:26:56,9.18
4/27/2026,13:26:57,9.46
4/27/2026,13:26:58,9.46
4/27/2026,13:26:59,9.27
4/27/2026,13:27:00,9.31
4/27/2026,13:27:01,9.31
4/27/2026,13:27:02,9.6
4/27/2026,13:27:03,10.37
4/27/2026,13:27:04,10.37
4/27/2026,13:27:05,9.29
4/27/2026,13:27:06,9.11
4/27/2026,13:27:07,9.11
4/27/2026,13:27:08,9.71
4/27/2026,13:27:09,9.3
4/27/2026,13:27:10,9.3
4/27/2026,13:27:11,9.67
4/27/2026,13:27:12,9.66
4/27/2026,13:27:13,9.66
4/27/2026,13:27:14,9.33
4/27/2026,13:27:15,9.58
4/27/2026,13:27:16,9.58
4/27/2026,13:27:18,9.21
4/27/2026,13:27:19,9.89
4/27/2026,13:27:20,9.89
4/27/2026,13:27:21,9.05
4/27/2026,13:27:22,9.4
4/27/2026,13:27:23,9.4
4/27/2026,13:27:24,9.35
4/27/2026,13:27:25,9.16
4/27/2026,13:27:26,9.16
4/27/2026,13:27:27,9.21
4/27/2026,13:27:28,9.62
4/27/2026,13:27:29,9.62
4/27/2026,13:27:30,9.15
4/27/2026,13:27:31,9.33
4/27/2026,13:27:32,9.33
4/27/2026,13:27:32,11.63
4/27/2026,13:27:33,11.63
4/27/2026,13:27:34,32.44
4/27/2026,13:27:35,32.44
4/27/2026,13:27:36,33.66
4/27/2026,13:27:37,33.72
4/27/2026,13:27:37,33.72
4/27/2026,13:27:38,33.72
4/27/2026,13:27:39,33.99
4/27/2026,13:27:40,33.86
4/27/2026,13:27:41,33.86
4/27/2026,13:27:42,33.78
4/27/2026,13:27:43,33.63
4/27/2026,13:27:44,33.63
4/27/2026,13:27:44,31.9
4/27/2026,13:27:45,31.9
4/27/2026,13:27:46,33.77
4/27/2026,13:27:47,33.77
4/27/2026,13:27:48,34.47
4/27/2026,13:27:49,34.36
4/27/2026,13:27:50,34.36
4/27/2026,13:27:50,34.02
4/27/2026,13:27:51,34.02
4/27/2026,13:27:52,34.15
4/27/2026,13:27:53,34.15
4/27/2026,13:27:54,34.5
4/27/2026,13:27:55,32.9
4/27/2026,13:27:56,32.9
4/27/2026,13:27:57,34.04
4/27/2026,13:27:58,34.6
4/27/2026,13:27:59,34.6
4/27/2026,13:28:00,34.3
4/27/2026,13:28:01,34.49
4/27/2026,13:28:02,34.49
4/27/2026,13:28:03,34.79
4/27/2026,13:28:04,34.92
4/27/2026,13:28:05,34.92
4/27/2026,13:28:06,34.4
4/27/2026,13:28:07,34.46
4/27/2026,13:28:08,34.46
4/27/2026,13:28:09,34.66
4/27/2026,13:28:10,34.34
4/27/2026,13:28:11,34.34
4/27/2026,13:28:12,34.39
4/27/2026,13:28:13,35.17
4/27/2026,13:28:14,35.17
4/27/2026,13:28:15,34.97
4/27/2026,13:28:16,34.61
4/27/2026,13:28:17,34.61
4/27/2026,13:28:18,34.59
4/27/2026,13:28:19,34.83
4/27/2026,13:28:20,34.83
4/27/2026,13:28:21,34.8
4/27/2026,13:28:22,34.56
4/27/2026,13:28:23,34.56
4/27/2026,13:28:24,34.39
4/27/2026,13:28:25,34.39
4/27/2026,13:28:26,34.39
4/27/2026,13:28:27,34.18
4/27/2026,13:28:28,34.47
4/27/2026,13:28:29,34.47
4/27/2026,13:28:30,34.78
4/27/2026,13:28:31,34.78
4/27/2026,13:28:32,34.78
4/27/2026,13:28:32,26.02
4/27/2026,13:28:33,26.02
4/27/2026,13:28:34,10.14
4/27/2026,13:28:35,10.14
4/27/2026,13:28:36,10.5
4/27/2026,13:28:37,9.53
4/27/2026,13:28:38,9.53
4/27/2026,13:28:38,10.01
4/27/2026,13:28:39,10.01
4/27/2026,13:28:40,9.87
4/27/2026,13:28:41,9.87
4/27/2026,13:28:42,9.54
4/27/2026,13:28:43,10.01
4/27/2026,13:28:44,10.01
4/27/2026,13:28:45,9.55
4/27/2026,13:28:46,9.71
4/27/2026,13:28:47,9.71
4/27/2026,13:28:48,9.55
4/27/2026,13:28:49,10.01
4/27/2026,13:28:50,10.01
4/27/2026,13:28:51,9.34
4/27/2026,13:28:52,9.4
4/27/2026,13:28:53,9.4
4/27/2026,13:28:54,9.44
4/27/2026,13:28:55,9.53
4/27/2026,13:28:56,9.53
4/27/2026,13:28:57,9.21
4/27/2026,13:28:58,9.29
4/27/2026,13:28:59,9.29
4/27/2026,13:29:00,9.57
4/27/2026,13:29:01,9.42
4/27/2026,13:29:02,9.42
4/27/2026,13:29:03,9.4
4/27/2026,13:29:04,9.57
4/27/2026,13:29:05,9.57
4/27/2026,13:29:06,9.28
4/27/2026,13:29:07,9.15
4/27/2026,13:29:08,9.15
4/27/2026,13:29:09,9.8
4/27/2026,13:29:10,9.06
4/27/2026,13:29:11,9.06
4/27/2026,13:29:12,9.6
4/27/2026,13:29:13,9.29
4/27/2026,13:29:14,9.29
4/27/2026,13:29:15,9.49
4/27/2026,13:29:16,9.18
4/27/2026,13:29:17,9.18
4/27/2026,13:29:18,9.9
4/27/2026,13:29:19,9.44
4/27/2026,13:29:20,9.44
4/27/2026,13:29:21,9.57
4/27/2026,13:29:22,9.13
4/27/2026,13:29:23,9.13
4/27/2026,13:29:24,9.42
4/27/2026,13:29:25,9.06
4/27/2026,13:29:26,9.06
4/27/2026,13:29:27,9.34
4/27/2026,13:29:28,9.31
4/27/2026,13:29:29,9.31
4/27/2026,13:29:30,9.45
4/27/2026,13:29:31,9.29
4/27/2026,13:29:32,9.29
4/27/2026,13:29:32,11.61
4/27/2026,13:29:33,11.61
4/27/2026,13:29:34,37.16
4/27/2026,13:29:35,37.16
4/27/2026,13:29:36,38.09
4/27/2026,13:29:37,37.44
4/27/2026,13:29:37,37.44
4/27/2026,13:29:38,37.44
4/27/2026,13:29:39,37.82
4/27/2026,13:29:40,37.43
4/27/2026,13:29:41,37.43
4/27/2026,13:29:42,37.57
4/27/2026,13:29:43,37.89
4/27/2026,13:29:44,37.89
4/27/2026,13:29:45,37.63
4/27/2026,13:29:46,37.58
4/27/2026,13:29:47,37.58
4/27/2026,13:29:48,38.2
4/27/2026,13:29:49,37.85
4/27/2026,13:29:50,37.85
4/27/2026,13:29:51,38.1
4/27/2026,13:29:52,38.25
4/27/2026,13:29:53,38.25
4/27/2026,13:29:54,38.24
4/27/2026,13:29:55,37.94
4/27/2026,13:29:56,37.94
4/27/2026,13:29:57,38.07
4/27/2026,13:29:58,38.36
4/27/2026,13:29:59,38.36
4/27/2026,13:30:00,38.02
4/27/2026,13:30:01,38.06
4/27/2026,13:30:02,38.06
4/27/2026,13:30:03,38.26
4/27/2026,13:30:04,38.3
4/27/2026,13:30:05,38.3
4/27/2026,13:30:06,38.26
4/27/2026,13:30:07,38.19
4/27/2026,13:30:08,38.19
4/27/2026,13:30:09,38.66
4/27/2026,13:30:10,38.23
4/27/2026,13:30:11,38.23
4/27/2026,13:30:12,38.36
4/27/2026,13:30:13,38.41
4/27/2026,13:30:14,38.41
4/27/2026,13:30:15,38.16
4/27/2026,13:30:16,38.16
4/27/2026,13:30:17,38.54
4/27/2026,13:30:18,38.48
4/27/2026,13:30:19,38.48
4/27/2026,13:30:20,38.22
4/27/2026,13:30:21,38.63
4/27/2026,13:30:22,38.63
4/27/2026,13:30:23,38.93
4/27/2026,13:30:24,38.17
4/27/2026,13:30:25,38.17
4/27/2026,13:30:26,38.32
4/27/2026,13:30:27,38.6
4/27/2026,13:30:28,38.6
4/27/2026,13:30:29,38.2
4/27/2026,13:30:30,38.26
4/27/2026,13:30:31,38.26
4/27/2026,13:30:32,28.01
4/27/2026,13:30:32,28.01
4/27/2026,13:30:33,10.35
4/27/2026,13:30:34,10.35
4/27/2026,13:30:35,10.17
4/27/2026,13:30:36,9.82
4/27/2026,13:30:37,9.82
4/27/2026,13:30:37,9.82
4/27/2026,13:30:38,10.05
4/27/2026,13:30:39,9.85
4/27/2026,13:30:40,9.85
4/27/2026,13:30:41,9.9
4/27/2026,13:30:42,9.86
4/27/2026,13:30:43,9.86
4/27/2026,13:30:44,10.12
4/27/2026,13:30:45,9.48
4/27/2026,13:30:46,9.48
4/27/2026,13:30:47,9.5
4/27/2026,13:30:48,9.75
4/27/2026,13:30:49,9.75
4/27/2026,13:30:50,9.46
4/27/2026,13:30:51,9.34
4/27/2026,13:30:53,9.34
4/27/2026,13:30:54,9.68
4/27/2026,13:30:55,9.68
4/27/2026,13:30:56,9.68
4/27/2026,13:30:57,9.17
4/27/2026,13:30:58,9.93
4/27/2026,13:30:59,9.93
4/27/2026,13:31:00,9.07
4/27/2026,13:31:01,9.46
4/27/2026,13:31:02,9.46
4/27/2026,13:31:03,8.96
4/27/2026,13:31:04,10.27
4/27/2026,13:31:05,10.27
4/27/2026,13:31:06,9.56
4/27/2026,13:31:07,9.59
4/27/2026,13:31:08,9.59
4/27/2026,13:31:09,9.52
4/27/2026,13:31:10,9.51
4/27/2026,13:31:11,9.51
4/27/2026,13:31:12,9.1
4/27/2026,13:31:13,9.54
4/27/2026,13:31:14,9.54
4/27/2026,13:31:15,9.21
4/27/2026,13:31:16,9.36
4/27/2026,13:31:17,9.36
4/27/2026,13:31:18,9.34
4/27/2026,13:31:19,10.12
4/27/2026,13:31:20,10.12
4/27/2026,13:31:21,9.25
4/27/2026,13:31:22,9.69
4/27/2026,13:31:23,9.69
4/27/2026,13:31:24,9.44
4/27/2026,13:31:25,9.69
4/27/2026,13:31:26,9.69
4/27/2026,13:31:27,9.35
4/27/2026,13:31:28,9.53
4/27/2026,13:31:29,9.53
4/27/2026,13:31:30,9.28
4/27/2026,13:31:31,9.16
4/27/2026,13:31:32,9.16
4/27/2026,13:31:32,11.09
4/27/2026,13:31:33,11.09
4/27/2026,13:31:34,31.12
4/27/2026,13:31:35,31.12
4/27/2026,13:31:36,31.1
4/27/2026,13:31:37,31
4/27/2026,13:31:38,31
4/27/2026,13:31:38,31.12
4/27/2026,13:31:39,31.12
4/27/2026,13:31:40,30.98
4/27/2026,13:31:41,30.98
4/27/2026,13:31:42,30.98
4/27/2026,13:31:43,31.3
4/27/2026,13:31:44,31.3
4/27/2026,13:31:45,31.12
4/27/2026,13:31:46,30.99
4/27/2026,13:31:47,30.99
4/27/2026,13:31:48,31.4
4/27/2026,13:31:49,31.32
4/27/2026,13:31:50,31.32
4/27/2026,13:31:51,31.18
4/27/2026,13:31:52,31.48
4/27/2026,13:31:53,31.48
4/27/2026,13:31:54,31.74
4/27/2026,13:31:55,31.32
4/27/2026,13:31:56,31.32
4/27/2026,13:31:57,31.88
4/27/2026,13:31:58,31.67
4/27/2026,13:31:59,31.67
4/27/2026,13:32:00,31.47
4/27/2026,13:32:01,31.53
4/27/2026,13:32:02,31.53
4/27/2026,13:32:03,31.33
4/27/2026,13:32:04,31.89
4/27/2026,13:32:05,31.89
4/27/2026,13:32:06,31.44
4/27/2026,13:32:07,31.57
4/27/2026,13:32:08,31.57
4/27/2026,13:32:09,31.67
4/27/2026,13:32:10,31.55
4/27/2026,13:32:11,31.55
4/27/2026,13:32:12,31.47
4/27/2026,13:32:13,31.52
4/27/2026,13:32:14,31.52
4/27/2026,13:32:15,31.65
4/27/2026,13:32:16,31.52
4/27/2026,13:32:17,31.52
4/27/2026,13:32:18,31.37
4/27/2026,13:32:19,31.77
4/27/2026,13:32:20,31.77
4/27/2026,13:32:21,31.49
4/27/2026,13:32:22,31.49
4/27/2026,13:32:23,31.49
4/27/2026,13:32:24,31.84
4/27/2026,13:32:25,31.59
4/27/2026,13:32:26,31.59
4/27/2026,13:32:27,31.35
4/27/2026,13:32:28,32.07
4/27/2026,13:32:29,32.07
4/27/2026,13:32:30,31.85
4/27/2026,13:32:31,31.54
4/27/2026,13:32:32,31.54
4/27/2026,13:32:32,26.23
4/27/2026,13:32:33,26.23
4/27/2026,13:32:34,10.11
4/27/2026,13:32:35,10.11
4/27/2026,13:32:36,9.63
4/27/2026,13:32:37,9.76
4/27/2026,13:32:38,9.76
4/27/2026,13:32:38,9.76
4/27/2026,13:32:39,9.76
4/27/2026,13:32:40,9.72
4/27/2026,13:32:41,9.72
4/27/2026,13:32:42,9.54
4/27/2026,13:32:43,9.41
4/27/2026,13:32:44,9.41
4/27/2026,13:32:45,9.74
4/27/2026,13:32:46,9.18
4/27/2026,13:32:47,9.18
4/27/2026,13:32:48,9.74
4/27/2026,13:32:49,9.55
4/27/2026,13:32:50,9.55
4/27/2026,13:32:51,9.4
4/27/2026,13:32:52,9.13
4/27/2026,13:32:53,9.13
4/27/2026,13:32:54,9.6
4/27/2026,13:32:55,9.38
4/27/2026,13:32:56,9.38
4/27/2026,13:32:57,9.31
4/27/2026,13:32:58,9.27
4/27/2026,13:32:59,9.27
4/27/2026,13:33:00,10.62
4/27/2026,13:33:01,9.06
4/27/2026,13:33:02,9.06
4/27/2026,13:33:03,9.43
4/27/2026,13:33:04,9.69
4/27/2026,13:33:05,9.69
4/27/2026,13:33:06,9.36
4/27/2026,13:33:07,9.26
4/27/2026,13:33:08,9.26
4/27/2026,13:33:09,9.43
4/27/2026,13:33:10,9.24
4/27/2026,13:33:11,9.24
4/27/2026,13:33:12,9.28
4/27/2026,13:33:13,9.51
4/27/2026,13:33:14,9.51
4/27/2026,13:33:15,9.43
4/27/2026,13:33:16,9.37
4/27/2026,13:33:17,9.37
4/27/2026,13:33:18,9.23
4/27/2026,13:33:19,9.7
4/27/2026,13:33:20,9.7
4/27/2026,13:33:21,9.2
4/27/2026,13:33:22,9.36
4/27/2026,13:33:23,9.36
4/27/2026,13:33:24,9.5
4/27/2026,13:33:25,9.72
4/27/2026,13:33:26,9.72
4/27/2026,13:33:27,9.97
4/27/2026,13:33:28,9.24
4/27/2026,13:33:29,9.24
4/27/2026,13:33:30,9.35
4/27/2026,13:33:31,10.33
4/27/2026,13:33:32,10.33
4/27/2026,13:33:32,11.06
4/27/2026,13:33:33,11.06
4/27/2026,13:33:34,31.89
4/27/2026,13:33:35,31.89
4/27/2026,13:33:36,32.68
4/27/2026,13:33:37,33.02
4/27/2026,13:33:38,33.02
4/27/2026,13:33:38,33.46
4/27/2026,13:33:39,33.46
4/27/2026,13:33:40,33.1
4/27/2026,13:33:41,33.1
4/27/2026,13:33:42,33.06
4/27/2026,13:33:43,32.92
4/27/2026,13:33:44,32.92
4/27/2026,13:33:45,32.85
4/27/2026,13:33:45,31.68
4/27/2026,13:33:46,31.68
4/27/2026,13:33:47,31.68
4/27/2026,13:33:48,31.66
4/27/2026,13:33:49,32.99
4/27/2026,13:33:50,32.88
4/27/2026,13:33:51,33.25
4/27/2026,13:33:52,33.25
4/27/2026,13:33:53,33.77
4/27/2026,13:33:53,33.77
4/27/2026,13:33:54,33.28
4/27/2026,13:33:55,33.28
4/27/2026,13:33:56,33.36
4/27/2026,13:33:57,33.16
4/27/2026,13:33:58,33.16
4/27/2026,13:33:59,33.9
4/27/2026,13:34:00,33.69
4/27/2026,13:34:01,33.69
4/27/2026,13:34:02,33.86
4/27/2026,13:34:03,34.47
4/27/2026,13:34:04,34.47
4/27/2026,13:34:05,33.75
4/27/2026,13:34:06,33.67
4/27/2026,13:34:07,33.67
4/27/2026,13:34:08,33.7
4/27/2026,13:34:09,34.18
4/27/2026,13:34:10,34.18
4/27/2026,13:34:11,33.84
4/27/2026,13:34:12,33.49
4/27/2026,13:34:13,33.49
4/27/2026,13:34:14,33.81
4/27/2026,13:34:15,33.7
4/27/2026,13:34:16,33.7
4/27/2026,13:34:17,33.58
4/27/2026,13:34:18,34.01
4/27/2026,13:34:19,34.01
4/27/2026,13:34:20,33.84
4/27/2026,13:34:21,33.72
4/27/2026,13:34:22,33.72
4/27/2026,13:34:23,33.77
4/27/2026,13:34:24,33.92
4/27/2026,13:34:25,33.92
4/27/2026,13:34:26,33.65
4/27/2026,13:34:28,33.6
4/27/2026,13:34:29,33.6
4/27/2026,13:34:30,33.92
4/27/2026,13:34:31,33.88
4/27/2026,13:34:32,33.88
4/27/2026,13:34:32,28.81
4/27/2026,13:34:33,28.81
4/27/2026,13:34:34,10.16
4/27/2026,13:34:35,10.16
4/27/2026,13:34:36,9.8
4/27/2026,13:34:37,9.66
4/27/2026,13:34:38,9.66
4/27/2026,13:34:38,9.57
4/27/2026,13:34:39,9.57
4/27/2026,13:34:40,9.82
4/27/2026,13:34:41,9.82
4/27/2026,13:34:42,9.42
4/27/2026,13:34:43,9.74
4/27/2026,13:34:44,9.74
4/27/2026,13:34:45,9.4
4/27/2026,13:34:46,9.58
4/27/2026,13:34:47,9.58
4/27/2026,13:34:48,9.22
4/27/2026,13:34:49,9.71
4/27/2026,13:34:50,9.71
4/27/2026,13:34:51,9.28
4/27/2026,13:34:52,9.48
4/27/2026,13:34:53,9.48
4/27/2026,13:34:54,9.62
4/27/2026,13:34:55,9.19
4/27/2026,13:34:56,9.19
4/27/2026,13:34:57,9.28
4/27/2026,13:34:58,9.46
4/27/2026,13:34:59,9.46
4/27/2026,13:35:00,9.5
4/27/2026,13:35:01,9.31
4/27/2026,13:35:02,9.31
4/27/2026,13:35:03,9.63
4/27/2026,13:35:04,9.94
4/27/2026,13:35:05,9.94
4/27/2026,13:35:06,9.67
4/27/2026,13:35:07,9.27
4/27/2026,13:35:08,9.27
4/27/2026,13:35:09,9.56
4/27/2026,13:35:10,9.52
4/27/2026,13:35:11,9.52
4/27/2026,13:35:12,9.36
4/27/2026,13:35:13,9.44
4/27/2026,13:35:14,9.44
4/27/2026,13:35:15,9.25
4/27/2026,13:35:16,9.1
4/27/2026,13:35:17,9.1
4/27/2026,13:35:18,9.45
4/27/2026,13:35:19,10.03
4/27/2026,13:35:20,10.03
4/27/2026,13:35:21,9.29
4/27/2026,13:35:22,9.43
4/27/2026,13:35:23,9.43
4/27/2026,13:35:24,9.27
4/27/2026,13:35:25,9.42
4/27/2026,13:35:26,9.42
4/27/2026,13:35:27,9.35
4/27/2026,13:35:28,9.62
4/27/2026,13:35:29,9.62
4/27/2026,13:35:30,9.22
4/27/2026,13:35:31,9.45
4/27/2026,13:35:32,9.45
4/27/2026,13:35:32,10.77
4/27/2026,13:35:33,10.77
4/27/2026,13:35:34,31.75
4/27/2026,13:35:35,31.75
4/27/2026,13:35:36,33.12
4/27/2026,13:35:37,33.44
4/27/2026,13:35:38,33.44
4/27/2026,13:35:38,33.58
4/27/2026,13:35:39,33.58
4/27/2026,13:35:40,33.5
4/27/2026,13:35:41,33.5
4/27/2026,13:35:42,33.16
4/27/2026,13:35:43,33.72
4/27/2026,13:35:44,33.72
4/27/2026,13:35:45,33.23
4/27/2026,13:35:46,33.55
4/27/2026,13:35:47,33.55
4/27/2026,13:35:48,33.78
4/27/2026,13:35:49,33.86
4/27/2026,13:35:50,33.86
4/27/2026,13:35:51,33.38
4/27/2026,13:35:52,32.22
4/27/2026,13:35:53,32.22
4/27/2026,13:35:54,32.43
4/27/2026,13:35:55,33.64
4/27/2026,13:35:56,33.64
4/27/2026,13:35:57,33.28
4/27/2026,13:35:58,33.57
4/27/2026,13:35:59,33.57
4/27/2026,13:36:00,33.65
4/27/2026,13:36:01,34.19
4/27/2026,13:36:02,34.19
4/27/2026,13:36:03,33.86
4/27/2026,13:36:04,34.42
4/27/2026,13:36:05,34.42
4/27/2026,13:36:06,34.07
4/27/2026,13:36:07,33.91
4/27/2026,13:36:08,33.91
4/27/2026,13:36:09,32.22
4/27/2026,13:36:10,33.19
4/27/2026,13:36:11,33.19
4/27/2026,13:36:12,33.96
4/27/2026,13:36:13,33.89
4/27/2026,13:36:14,33.89
4/27/2026,13:36:15,34.22
4/27/2026,13:36:16,33.85
4/27/2026,13:36:17,33.85
4/27/2026,13:36:18,34.09
4/27/2026,13:36:19,34.06
4/27/2026,13:36:20,34.06
4/27/2026,13:36:21,34.02
4/27/2026,13:36:22,33.83
4/27/2026,13:36:23,33.83
4/27/2026,13:36:24,34.24
4/27/2026,13:36:25,33.88
4/27/2026,13:36:26,33.88
4/27/2026,13:36:27,34.03
4/27/2026,13:36:28,33.88
4/27/2026,13:36:29,33.88
4/27/2026,13:36:30,34.55
4/27/2026,13:36:31,33.89
4/27/2026,13:36:32,33.89
4/27/2026,13:36:32,31.7
4/27/2026,13:36:33,31.7
4/27/2026,13:36:34,9.76
4/27/2026,13:36:35,9.76
4/27/2026,13:36:36,9.88
4/27/2026,13:36:37,9.61
4/27/2026,13:36:38,9.61
4/27/2026,13:36:38,10.4
4/27/2026,13:36:39,10.4
4/27/2026,13:36:40,9.97
4/27/2026,13:36:41,9.97
4/27/2026,13:36:42,9.55
4/27/2026,13:36:43,9.52
4/27/2026,13:36:44,9.52
4/27/2026,13:36:45,9.77
4/27/2026,13:36:45,9.34
4/27/2026,13:36:46,9.34
4/27/2026,13:36:47,9.34
4/27/2026,13:36:48,9.48
4/27/2026,13:36:49,9.73
4/27/2026,13:36:50,9.73
4/27/2026,13:36:51,9.34
4/27/2026,13:36:52,9.45
4/27/2026,13:36:53,9.45
4/27/2026,13:36:54,9.53
4/27/2026,13:36:55,9.35
4/27/2026,13:36:56,9.35
4/27/2026,13:36:57,9.34
4/27/2026,13:36:58,9.39
4/27/2026,13:36:59,9.39
4/27/2026,13:37:00,9.61
4/27/2026,13:37:01,9.21
4/27/2026,13:37:02,9.21
4/27/2026,13:37:03,9.12
4/27/2026,13:37:04,9.9
4/27/2026,13:37:05,9.9
4/27/2026,13:37:06,9.46
4/27/2026,13:37:07,9.18
4/27/2026,13:37:08,9.18
4/27/2026,13:37:09,9.81
4/27/2026,13:37:10,9.17
4/27/2026,13:37:11,9.17
4/27/2026,13:37:12,9.6
4/27/2026,13:37:13,9.17
4/27/2026,13:37:14,9.17
4/27/2026,13:37:15,9.57
4/27/2026,13:37:16,9.26
4/27/2026,13:37:17,9.26
4/27/2026,13:37:18,9.42
4/27/2026,13:37:19,9.51
4/27/2026,13:37:20,9.51
4/27/2026,13:37:21,9.33
4/27/2026,13:37:22,9.13
4/27/2026,13:37:23,9.13
4/27/2026,13:37:24,9.31
4/27/2026,13:37:25,9.65
4/27/2026,13:37:26,9.33
4/27/2026,13:37:27,9.32
4/27/2026,13:37:28,9.32
4/27/2026,13:37:29,9.28
4/27/2026,13:37:30,9.13
4/27/2026,13:37:31,9.13
4/27/2026,13:37:32,10.14
4/27/2026,13:37:33,37.92
4/27/2026,13:37:33,37.92
4/27/2026,13:37:34,37.92
4/27/2026,13:37:35,38.44
4/27/2026,13:37:36,37.85
4/27/2026,13:37:37,37.85
4/27/2026,13:37:38,38.16
4/27/2026,13:37:39,38.5
4/27/2026,13:37:40,38.5
4/27/2026,13:37:41,38.37
4/27/2026,13:37:42,38.45
4/27/2026,13:37:43,38.45
4/27/2026,13:37:44,38.52
4/27/2026,13:37:45,38.27
4/27/2026,13:37:46,38.27
4/27/2026,13:37:47,38.6
4/27/2026,13:37:48,38.86
4/27/2026,13:37:49,38.86
4/27/2026,13:37:50,38.39
4/27/2026,13:37:51,38.67
4/27/2026,13:37:52,38.67
4/27/2026,13:37:53,38.51
4/27/2026,13:37:54,39.06
4/27/2026,13:37:55,39.06
4/27/2026,13:37:56,38.51
4/27/2026,13:37:57,38.66
4/27/2026,13:37:58,38.66
4/27/2026,13:37:59,39.09
4/27/2026,13:38:00,38.97
4/27/2026,13:38:01,38.97
4/27/2026,13:38:02,38.89
4/27/2026,13:38:04,39.45
4/27/2026,13:38:05,39.45
4/27/2026,13:38:06,39.15
4/27/2026,13:38:07,38.78
4/27/2026,13:38:08,38.78
4/27/2026,13:38:09,38.79
4/27/2026,13:38:09,40.22
4/27/2026,13:38:10,40.22
4/27/2026,13:38:11,40.22
4/27/2026,13:38:12,39.35
4/27/2026,13:38:13,38.98
4/27/2026,13:38:14,38.98
4/27/2026,13:38:15,39.39
4/27/2026,13:38:16,39.17
4/27/2026,13:38:17,39.17
4/27/2026,13:38:18,39.05
4/27/2026,13:38:19,39.22
4/27/2026,13:38:20,39.22
4/27/2026,13:38:21,38.91
4/27/2026,13:38:22,39.03
4/27/2026,13:38:23,39.03
4/27/2026,13:38:24,38.79
4/27/2026,13:38:25,39.4
4/27/2026,13:38:26,39.4
4/27/2026,13:38:27,39
4/27/2026,13:38:28,39.06
4/27/2026,13:38:29,39.06
4/27/2026,13:38:30,39.31
4/27/2026,13:38:31,39.2
4/27/2026,13:38:32,39.2
4/27/2026,13:38:32,35.01
4/27/2026,13:38:33,35.01
4/27/2026,13:38:34,10.34
4/27/2026,13:38:35,10.34
4/27/2026,13:38:36,9.73
4/27/2026,13:38:37,10.02
4/27/2026,13:38:37,10.02
4/27/2026,13:38:38,10.02
4/27/2026,13:38:39,10.09
4/27/2026,13:38:40,9.88
4/27/2026,13:38:41,9.88
4/27/2026,13:38:42,9.6
4/27/2026,13:38:43,9.81
4/27/2026,13:38:44,9.81
4/27/2026,13:38:45,9.68
4/27/2026,13:38:46,9.64
4/27/2026,13:38:47,9.64
4/27/2026,13:38:48,9.51
4/27/2026,13:38:49,9.71
4/27/2026,13:38:50,9.71
4/27/2026,13:38:51,9.6
4/27/2026,13:38:52,9.48
4/27/2026,13:38:53,9.48
4/27/2026,13:38:54,9.6
4/27/2026,13:38:55,9.34
4/27/2026,13:38:56,9.34
4/27/2026,13:38:57,9.33
4/27/2026,13:38:58,9.41
4/27/2026,13:38:59,9.41
4/27/2026,13:39:00,9.36
4/27/2026,13:39:01,9.36
4/27/2026,13:39:02,9.36
4/27/2026,13:39:03,9.19
4/27/2026,13:39:03,11.17
4/27/2026,13:39:04,11.17
4/27/2026,13:39:05,11.17
4/27/2026,13:39:06,9.63
4/27/2026,13:39:07,9.36
4/27/2026,13:39:08,9.36
4/27/2026,13:39:08,9.74
4/27/2026,13:39:09,9.74
4/27/2026,13:39:10,9.49
4/27/2026,13:39:11,9.49
4/27/2026,13:39:12,9.09
4/27/2026,13:39:13,9.34
4/27/2026,13:39:14,9.34
4/27/2026,13:39:15,9.74
4/27/2026,13:39:16,9.05
4/27/2026,13:39:17,9.05
4/27/2026,13:39:18,9.62
4/27/2026,13:39:19,9.37
4/27/2026,13:39:20,9.37
4/27/2026,13:39:21,9.41
4/27/2026,13:39:22,9.26
4/27/2026,13:39:23,9.26
4/27/2026,13:39:24,9.67
4/27/2026,13:39:25,9.37
4/27/2026,13:39:26,9.37
4/27/2026,13:39:27,9.36
4/27/2026,13:39:28,9.13
4/27/2026,13:39:29,9.13
4/27/2026,13:39:30,9.57
4/27/2026,13:39:31,9.42
4/27/2026,13:39:32,9.42
4/27/2026,13:39:33,10.61
4/27/2026,13:39:33,22.93
4/27/2026,13:39:34,22.93
4/27/2026,13:39:35,22.93
4/27/2026,13:39:36,23.06
4/27/2026,13:39:37,22.47
4/27/2026,13:39:38,22.47
4/27/2026,13:39:39,23.16
4/27/2026,13:39:40,22.86
4/27/2026,13:39:41,22.86
4/27/2026,13:39:42,23.23
4/27/2026,13:39:43,22.53
4/27/2026,13:39:44,22.53
4/27/2026,13:39:45,22.94
4/27/2026,13:39:46,22.63
4/27/2026,13:39:47,22.63
4/27/2026,13:39:48,23.44
4/27/2026,13:39:49,22.98
4/27/2026,13:39:50,22.98
4/27/2026,13:39:51,22.85
4/27/2026,13:39:52,22.92
4/27/2026,13:39:53,22.92
4/27/2026,13:39:54,22.9
4/27/2026,13:39:55,23.65
4/27/2026,13:39:56,23.65
4/27/2026,13:39:57,23.11
4/27/2026,13:39:58,22.74
4/27/2026,13:39:59,22.74
4/27/2026,13:40:00,22.9
4/27/2026,13:40:01,22.83
4/27/2026,13:40:02,22.83
4/27/2026,13:40:02,24.2
4/27/2026,13:40:03,24.2
4/27/2026,13:40:04,22.98
4/27/2026,13:40:05,22.98
4/27/2026,13:40:06,23.03
4/27/2026,13:40:07,23.3
4/27/2026,13:40:08,23.3
4/27/2026,13:40:09,23.12
4/27/2026,13:40:09,22.92
4/27/2026,13:40:10,22.92
4/27/2026,13:40:11,22.92
4/27/2026,13:40:12,23.72
4/27/2026,13:40:13,22.95
4/27/2026,13:40:14,22.95
4/27/2026,13:40:15,23.03
4/27/2026,13:40:16,23.18
4/27/2026,13:40:17,23.18
4/27/2026,13:40:18,23.18
4/27/2026,13:40:19,23.22
4/27/2026,13:40:20,23.22
4/27/2026,13:40:21,23.14
4/27/2026,13:40:22,23.25
4/27/2026,13:40:23,23.25
4/27/2026,13:40:24,22.88
4/27/2026,13:40:25,22.99
4/27/2026,13:40:26,22.99
4/27/2026,13:40:27,23.18
4/27/2026,13:40:28,23.22
4/27/2026,13:40:29,23.22
4/27/2026,13:40:30,22.9
4/27/2026,13:40:31,23.14
4/27/2026,13:40:32,23.14
4/27/2026,13:40:33,23.33
4/27/2026,13:40:33,10.01
4/27/2026,13:40:34,10.01
4/27/2026,13:40:35,10.01
4/27/2026,13:40:36,9.77
4/27/2026,13:40:37,9.62
4/27/2026,13:40:38,9.62
4/27/2026,13:40:39,9.8
4/27/2026,13:40:40,9.54
4/27/2026,13:40:41,9.54
4/27/2026,13:40:42,9.78
4/27/2026,13:40:43,9.51
4/27/2026,13:40:44,9.51
4/27/2026,13:40:45,9.65
4/27/2026,13:40:46,9.23
4/27/2026,13:40:47,9.23
4/27/2026,13:40:48,9.66
4/27/2026,13:40:49,9.51
4/27/2026,13:40:50,9.51
4/27/2026,13:40:51,9.33
4/27/2026,13:40:52,9.28
4/27/2026,13:40:53,9.28
4/27/2026,13:40:54,9.75
4/27/2026,13:40:55,9.3
4/27/2026,13:40:56,9.3
4/27/2026,13:40:57,9.44
4/27/2026,13:40:58,9.23
4/27/2026,13:40:59,9.23
4/27/2026,13:41:00,9.27
4/27/2026,13:41:01,9.27
4/27/2026,13:41:02,9.46
4/27/2026,13:41:03,9.69
4/27/2026,13:41:04,9.69
4/27/2026,13:41:05,9.17
4/27/2026,13:41:06,9.41
4/27/2026,13:41:07,9.41
4/27/2026,13:41:08,9.73
4/27/2026,13:41:09,9.63
4/27/2026,13:41:10,9.63
4/27/2026,13:41:11,9.2
4/27/2026,13:41:12,9.69
4/27/2026,13:41:13,9.69
4/27/2026,13:41:14,9.98
4/27/2026,13:41:15,9.53
4/27/2026,13:41:16,9.53
4/27/2026,13:41:17,9.38
4/27/2026,13:41:18,9.71
4/27/2026,13:41:19,9.71
4/27/2026,13:41:20,8.99
4/27/2026,13:41:20,8.99
4/27/2026,13:41:21,9.55
4/27/2026,13:41:22,9.55
4/27/2026,13:41:23,9.25
4/27/2026,13:41:24,9.73
4/27/2026,13:41:25,9.73
4/27/2026,13:41:26,9.1
4/27/2026,13:41:27,9.36
4/27/2026,13:41:28,9.36
4/27/2026,13:41:29,9.37
4/27/2026,13:41:30,9.23
4/27/2026,13:41:31,9.23
4/27/2026,13:41:32,9.97
4/27/2026,13:41:33,30.62
4/27/2026,13:41:33,30.62
4/27/2026,13:41:34,30.62
4/27/2026,13:41:35,30.94
4/27/2026,13:41:36,30.45
4/27/2026,13:41:37,30.45
4/27/2026,13:41:39,30.37
4/27/2026,13:41:40,30.78
4/27/2026,13:41:41,30.78
4/27/2026,13:41:42,30.49
4/27/2026,13:41:43,30.65
4/27/2026,13:41:44,30.65
4/27/2026,13:41:45,31.05
4/27/2026,13:41:46,30.71
4/27/2026,13:41:47,30.71
4/27/2026,13:41:48,30.96
4/27/2026,13:41:49,29.94
4/27/2026,13:41:50,29.94
4/27/2026,13:41:51,30.68
4/27/2026,13:41:52,30.71
4/27/2026,13:41:53,30.71
4/27/2026,13:41:54,30.97
4/27/2026,13:41:55,31.13
4/27/2026,13:41:56,31.13
4/27/2026,13:41:57,30.88
4/27/2026,13:41:58,30.85
4/27/2026,13:41:59,30.85
4/27/2026,13:42:00,31.21
4/27/2026,13:42:01,31.03
4/27/2026,13:42:02,31.03
4/27/2026,13:42:03,30.93
4/27/2026,13:42:04,32.04
4/27/2026,13:42:05,32.04
4/27/2026,13:42:06,31.06
4/27/2026,13:42:07,31.17
4/27/2026,13:42:08,31.17
4/27/2026,13:42:09,31.02
4/27/2026,13:42:10,31.55
4/27/2026,13:42:11,31.55
4/27/2026,13:42:12,31.08
4/27/2026,13:42:13,30.86
4/27/2026,13:42:14,30.86
4/27/2026,13:42:15,31.65
4/27/2026,13:42:16,31.12
4/27/2026,13:42:17,31.12
4/27/2026,13:42:18,30.95
4/27/2026,13:42:19,31.26
4/27/2026,13:42:20,31.26
4/27/2026,13:42:21,31.26
4/27/2026,13:42:22,31.16
4/27/2026,13:42:23,31.16
4/27/2026,13:42:24,31.11
4/27/2026,13:42:25,31.23
4/27/2026,13:42:26,31.23
4/27/2026,13:42:27,31.27
4/27/2026,13:42:28,31.02
4/27/2026,13:42:29,31.02
4/27/2026,13:42:30,31.42
4/27/2026,13:42:31,31.05
4/27/2026,13:42:32,31.05
4/27/2026,13:42:33,30.4
4/27/2026,13:42:33,10.42
4/27/2026,13:42:34,10.42
4/27/2026,13:42:35,10.42
4/27/2026,13:42:36,9.94
4/27/2026,13:42:37,10.44
4/27/2026,13:42:38,10.44
4/27/2026,13:42:39,9.68
4/27/2026,13:42:40,9.57
4/27/2026,13:42:41,9.57
4/27/2026,13:42:41,9.2
4/27/2026,13:42:42,9.2
4/27/2026,13:42:43,10.12
4/27/2026,13:42:44,10.12
4/27/2026,13:42:45,9.12
4/27/2026,13:42:46,9.93
4/27/2026,13:42:47,9.93
4/27/2026,13:42:48,9.37
4/27/2026,13:42:49,9.77
4/27/2026,13:42:50,9.77
4/27/2026,13:42:51,9.17
4/27/2026,13:42:52,9.6
4/27/2026,13:42:53,9.6
4/27/2026,13:42:54,9.58
4/27/2026,13:42:55,9.17
4/27/2026,13:42:56,9.17
4/27/2026,13:42:57,9.22
4/27/2026,13:42:58,9.57
4/27/2026,13:42:59,9.57
4/27/2026,13:43:00,9.5
4/27/2026,13:43:01,9.15
4/27/2026,13:43:02,9.15
4/27/2026,13:43:03,9.22
4/27/2026,13:43:04,9.55
4/27/2026,13:43:05,9.55
4/27/2026,13:43:06,9.27
4/27/2026,13:43:07,9.3
4/27/2026,13:43:08,9.3
4/27/2026,13:43:09,9.7
4/27/2026,13:43:10,9.33
4/27/2026,13:43:11,9.33
4/27/2026,13:43:12,9.61
4/27/2026,13:43:13,9.19
4/27/2026,13:43:14,9.19
4/27/2026,13:43:15,9.65
4/27/2026,13:43:16,9.14
4/27/2026,13:43:17,9.14
4/27/2026,13:43:18,9.74
4/27/2026,13:43:19,9.64
4/27/2026,13:43:20,9.64
4/27/2026,13:43:21,9.41
4/27/2026,13:43:22,9.17
4/27/2026,13:43:23,9.17
4/27/2026,13:43:24,9.88
4/27/2026,13:43:25,9.36
4/27/2026,13:43:26,9.36
4/27/2026,13:43:27,9.35
4/27/2026,13:43:28,9.64
4/27/2026,13:43:29,9.64
4/27/2026,13:43:30,9.64
4/27/2026,13:43:31,9.29
4/27/2026,13:43:32,9.29
4/27/2026,13:43:33,9.33
4/27/2026,13:43:33,11.63
4/27/2026,13:43:34,11.63
4/27/2026,13:43:35,11.63
4/27/2026,13:43:36,11.53
4/27/2026,13:43:37,11.64
4/27/2026,13:43:38,11.64
4/27/2026,13:43:39,11.74
4/27/2026,13:43:40,11.73
4/27/2026,13:43:41,11.73
4/27/2026,13:43:42,11.29
4/27/2026,13:43:43,11.11
4/27/2026,13:43:44,11.11
4/27/2026,13:43:45,11.71
4/27/2026,13:43:46,11.19
4/27/2026,13:43:47,11.19
4/27/2026,13:43:48,11.39
4/27/2026,13:43:49,11.69
4/27/2026,13:43:50,11.69
4/27/2026,13:43:51,11.26
4/27/2026,13:43:52,11.27
4/27/2026,13:43:53,11.27
4/27/2026,13:43:54,11.69
4/27/2026,13:43:55,11.62
4/27/2026,13:43:56,11.62
4/27/2026,13:43:57,11.33
4/27/2026,13:43:58,11.44
4/27/2026,13:43:59,11.44
4/27/2026,13:44:00,11.81
4/27/2026,13:44:01,11.54
4/27/2026,13:44:02,11.54
4/27/2026,13:44:03,11.12
4/27/2026,13:44:04,11.58
4/27/2026,13:44:05,11.58
4/27/2026,13:44:06,11.8
4/27/2026,13:44:07,11.18
4/27/2026,13:44:08,11.18
4/27/2026,13:44:09,11.59
4/27/2026,13:44:10,10.95
4/27/2026,13:44:11,10.95
4/27/2026,13:44:12,11.35
4/27/2026,13:44:13,10.97
4/27/2026,13:44:14,10.97
4/27/2026,13:44:15,11.7
4/27/2026,13:44:16,11.2
4/27/2026,13:44:17,11.2
4/27/2026,13:44:18,11.45
4/27/2026,13:44:19,11.65
4/27/2026,13:44:20,11.65
4/27/2026,13:44:21,11.41
4/27/2026,13:44:22,11.39
4/27/2026,13:44:23,11.39
4/27/2026,13:44:24,11.36
4/27/2026,13:44:25,11.43
4/27/2026,13:44:26,11.43
4/27/2026,13:44:27,11.36
4/27/2026,13:44:28,11.15
4/27/2026,13:44:29,11.15
4/27/2026,13:44:30,12.35
4/27/2026,13:44:31,11.24
4/27/2026,13:44:32,11.24
4/27/2026,13:44:32,12.68
4/27/2026,13:44:33,12.68
4/27/2026,13:44:34,9.67
4/27/2026,13:44:35,9.61
4/27/2026,13:44:36,9.21
4/27/2026,13:44:37,9.21
4/27/2026,13:44:38,9.43
4/27/2026,13:44:38,9.43
4/27/2026,13:44:39,9.62
4/27/2026,13:44:40,9.62
4/27/2026,13:44:41,9.26
4/27/2026,13:44:42,9.5
4/27/2026,13:44:43,9.5
4/27/2026,13:44:44,9.25
4/27/2026,13:44:45,9.34
4/27/2026,13:44:46,9.34
4/27/2026,13:44:47,9.07
4/27/2026,13:44:48,9.61
4/27/2026,13:44:49,9.61
4/27/2026,13:44:50,9.35
4/27/2026,13:44:51,9.45
4/27/2026,13:44:52,9.45
4/27/2026,13:44:53,9.41
4/27/2026,13:44:54,9.37
4/27/2026,13:44:55,9.37
4/27/2026,13:44:56,9.41
4/27/2026,13:44:57,9.33
4/27/2026,13:44:58,9.33
4/27/2026,13:44:59,9.43
4/27/2026,13:45:00,9.35
4/27/2026,13:45:01,9.35
4/27/2026,13:45:02,10.23
4/27/2026,13:45:03,9.97
4/27/2026,13:45:04,9.97
4/27/2026,13:45:05,9.66
4/27/2026,13:45:06,9.28
4/27/2026,13:45:07,9.28
4/27/2026,13:45:08,9.63
4/27/2026,13:45:09,9.11
4/27/2026,13:45:10,9.11
4/27/2026,13:45:11,9.42
4/27/2026,13:45:13,9.51
4/27/2026,13:45:14,9.51
4/27/2026,13:45:15,9.33
4/27/2026,13:45:16,9.21
4/27/2026,13:45:17,9.21
4/27/2026,13:45:18,9.63
4/27/2026,13:45:19,9.23
4/27/2026,13:45:20,9.23
4/27/2026,13:45:21,9.25
4/27/2026,13:45:22,9.43
4/27/2026,13:45:23,9.43
4/27/2026,13:45:24,9.35
4/27/2026,13:45:25,9.16
4/27/2026,13:45:26,9.16
4/27/2026,13:45:27,9.12
4/27/2026,13:45:28,9.77
4/27/2026,13:45:29,9.77
4/27/2026,13:45:30,9
4/27/2026,13:45:31,9.32
4/27/2026,13:45:32,9.32
4/27/2026,13:45:33,10.16
4/27/2026,13:45:33,32.96
4/27/2026,13:45:34,32.96
4/27/2026,13:45:35,32.96
4/27/2026,13:45:36,33.46
4/27/2026,13:45:37,33.23
4/27/2026,13:45:38,33.23
4/27/2026,13:45:39,33.87
4/27/2026,13:45:40,33.3
4/27/2026,13:45:41,33.3
4/27/2026,13:45:42,33.29
4/27/2026,13:45:43,33.61
4/27/2026,13:45:44,33.61
4/27/2026,13:45:45,33.33
4/27/2026,13:45:46,33.69
4/27/2026,13:45:47,33.69
4/27/2026,13:45:48,33.61
4/27/2026,13:45:49,33.63
4/27/2026,13:45:50,33.63
4/27/2026,13:45:51,33.46
4/27/2026,13:45:52,33.74
4/27/2026,13:45:53,33.74
4/27/2026,13:45:54,34.12
4/27/2026,13:45:55,33.68
4/27/2026,13:45:56,33.68
4/27/2026,13:45:57,33.35
4/27/2026,13:45:58,34.07
4/27/2026,13:45:59,34.07
4/27/2026,13:46:00,33.84
4/27/2026,13:46:01,33.21
4/27/2026,13:46:02,33.21
4/27/2026,13:46:03,33
4/27/2026,13:46:04,34.32
4/27/2026,13:46:05,34.32
4/27/2026,13:46:06,34.16
4/27/2026,13:46:07,34.28
4/27/2026,13:46:08,34.28
4/27/2026,13:46:09,33.89
4/27/2026,13:46:10,34.4
4/27/2026,13:46:11,34.4
4/27/2026,13:46:12,33.84
4/27/2026,13:46:13,33.95
4/27/2026,13:46:14,33.95
4/27/2026,13:46:15,34.27
4/27/2026,13:46:16,33.85
4/27/2026,13:46:17,33.85
4/27/2026,13:46:18,33.56
4/27/2026,13:46:19,33.65
4/27/2026,13:46:20,33.65
4/27/2026,13:46:21,33.76
4/27/2026,13:46:22,34.01
4/27/2026,13:46:23,34.01
4/27/2026,13:46:24,33.99
4/27/2026,13:46:25,34.52
4/27/2026,13:46:26,34.52
4/27/2026,13:46:27,33.87
4/27/2026,13:46:28,34.1
4/27/2026,13:46:29,34.1
4/27/2026,13:46:30,34.57
4/27/2026,13:46:31,33.94
4/27/2026,13:46:32,33.94
4/27/2026,13:46:33,32.78
4/27/2026,13:46:33,9.99
4/27/2026,13:46:34,9.99
4/27/2026,13:46:35,9.99
4/27/2026,13:46:36,10.22
4/27/2026,13:46:37,9.9
4/27/2026,13:46:38,9.9
4/27/2026,13:46:39,10.08
4/27/2026,13:46:40,9.51
4/27/2026,13:46:41,9.51
4/27/2026,13:46:42,9.55
4/27/2026,13:46:43,9.64
4/27/2026,13:46:44,9.64
4/27/2026,13:46:45,9.46
4/27/2026,13:46:46,9.7
4/27/2026,13:46:47,9.7
4/27/2026,13:46:48,9.34
4/27/2026,13:46:49,9.74
4/27/2026,13:46:50,9.74
4/27/2026,13:46:51,9.2
4/27/2026,13:46:52,9.42
4/27/2026,13:46:53,9.42
4/27/2026,13:46:54,9.31
4/27/2026,13:46:55,9.52
4/27/2026,13:46:56,9.52
4/27/2026,13:46:57,9.31
4/27/2026,13:46:58,9.43
4/27/2026,13:46:59,9.43
4/27/2026,13:47:00,9.38
4/27/2026,13:47:01,9.57
4/27/2026,13:47:02,9.57
4/27/2026,13:47:03,9.19
4/27/2026,13:47:04,9.89
4/27/2026,13:47:05,9.89
4/27/2026,13:47:06,9.39
4/27/2026,13:47:07,9.36
4/27/2026,13:47:08,9.36
4/27/2026,13:47:09,9.78
4/27/2026,13:47:10,9.39
4/27/2026,13:47:11,9.39
4/27/2026,13:47:12,9.53
4/27/2026,13:47:13,9.16
4/27/2026,13:47:14,9.16
4/27/2026,13:47:15,9.5
4/27/2026,13:47:16,9.23
4/27/2026,13:47:17,9.23
4/27/2026,13:47:18,9.37
4/27/2026,13:47:19,9.6
4/27/2026,13:47:20,9.6
4/27/2026,13:47:21,9.49
4/27/2026,13:47:22,9.19
4/27/2026,13:47:23,9.19
4/27/2026,13:47:24,9.59
4/27/2026,13:47:25,9.24
4/27/2026,13:47:26,9.24
4/27/2026,13:47:27,9.65
4/27/2026,13:47:28,9.14
4/27/2026,13:47:29,9.14
4/27/2026,13:47:30,9.59
4/27/2026,13:47:31,9.19
4/27/2026,13:47:32,9.19
4/27/2026,13:47:33,10.53
4/27/2026,13:47:33,26.53
4/27/2026,13:47:34,26.53
4/27/2026,13:47:35,26.53
4/27/2026,13:47:36,27.49
4/27/2026,13:47:37,26.98
4/27/2026,13:47:38,26.98
4/27/2026,13:47:39,27.43
4/27/2026,13:47:40,27.22
4/27/2026,13:47:41,27.22
4/27/2026,13:47:42,26.87
4/27/2026,13:47:43,26.99
4/27/2026,13:47:44,26.99
4/27/2026,13:47:45,27.38
4/27/2026,13:47:46,26.92
4/27/2026,13:47:47,26.92
4/27/2026,13:47:48,27.27
4/27/2026,13:47:49,26.82
4/27/2026,13:47:50,26.82
4/27/2026,13:47:51,27.14
4/27/2026,13:47:52,27.04
4/27/2026,13:47:53,27.04
4/27/2026,13:47:54,27.51
4/27/2026,13:47:55,27.01
4/27/2026,13:47:56,27.01
4/27/2026,13:47:57,27.19
4/27/2026,13:47:58,27.59
4/27/2026,13:47:59,27.59
4/27/2026,13:48:00,27.61
4/27/2026,13:48:01,27.33
4/27/2026,13:48:02,27.33
4/27/2026,13:48:03,27.36
4/27/2026,13:48:04,27.72
4/27/2026,13:48:05,27.72
4/27/2026,13:48:06,27.19
4/27/2026,13:48:07,27.43
4/27/2026,13:48:08,27.43
4/27/2026,13:48:09,27.65
4/27/2026,13:48:10,27.51
4/27/2026,13:48:11,27.74
4/27/2026,13:48:12,27.46
4/27/2026,13:48:13,27.46
4/27/2026,13:48:14,28.04
4/27/2026,13:48:14,28.04
4/27/2026,13:48:15,27.11
4/27/2026,13:48:16,27.11
4/27/2026,13:48:17,27.19
4/27/2026,13:48:18,27.28
4/27/2026,13:48:19,27.28
4/27/2026,13:48:20,26.93
4/27/2026,13:48:21,27.1
4/27/2026,13:48:22,27.1
4/27/2026,13:48:23,27.42
4/27/2026,13:48:24,27.8
4/27/2026,13:48:25,27.8
4/27/2026,13:48:26,27.3
4/27/2026,13:48:27,27.31
4/27/2026,13:48:28,27.31
4/27/2026,13:48:29,27.98
4/27/2026,13:48:30,27.17
4/27/2026,13:48:31,27.17
4/27/2026,13:48:32,26.87
4/27/2026,13:48:33,10.22
4/27/2026,13:48:33,10.22
4/27/2026,13:48:34,10.22
4/27/2026,13:48:35,9.81
4/27/2026,13:48:36,9.55
4/27/2026,13:48:37,9.55
4/27/2026,13:48:38,9.69
4/27/2026,13:48:39,9.32
4/27/2026,13:48:40,9.32
4/27/2026,13:48:41,9.61
4/27/2026,13:48:42,9.55
4/27/2026,13:48:43,9.55
4/27/2026,13:48:44,9.62
4/27/2026,13:48:45,9.16
4/27/2026,13:48:45,9.16
4/27/2026,13:48:47,9.16
4/27/2026,13:48:48,9.61
4/27/2026,13:48:49,9.68
4/27/2026,13:48:50,9.68
4/27/2026,13:48:51,9.37
4/27/2026,13:48:52,9.3
4/27/2026,13:48:53,9.3
4/27/2026,13:48:54,9.35
4/27/2026,13:48:55,9.31
4/27/2026,13:48:56,9.31
4/27/2026,13:48:57,9.31
4/27/2026,13:48:58,9.22
4/27/2026,13:48:59,9.22
4/27/2026,13:49:00,9.55
4/27/2026,13:49:01,9.37
4/27/2026,13:49:02,9.37
4/27/2026,13:49:03,9.48
4/27/2026,13:49:04,9.81
4/27/2026,13:49:05,9.81
4/27/2026,13:49:06,9.42
4/27/2026,13:49:07,9.3
4/27/2026,13:49:08,9.3
4/27/2026,13:49:09,9.24
4/27/2026,13:49:10,9.43
4/27/2026,13:49:11,9.43
4/27/2026,13:49:12,9.04
4/27/2026,13:49:13,9.47
4/27/2026,13:49:14,9.47
4/27/2026,13:49:15,9.73
4/27/2026,13:49:16,9.48
4/27/2026,13:49:17,9.48
4/27/2026,13:49:18,9.19
4/27/2026,13:49:19,9.72
4/27/2026,13:49:20,9.72
4/27/2026,13:49:21,9.12
4/27/2026,13:49:22,9.39
4/27/2026,13:49:23,9.39
4/27/2026,13:49:24,9.07
4/27/2026,13:49:25,9.54
4/27/2026,13:49:26,9.54
4/27/2026,13:49:27,9.2
4/27/2026,13:49:28,9.42
4/27/2026,13:49:29,9.42
4/27/2026,13:49:30,9.52
4/27/2026,13:49:31,9.59
4/27/2026,13:49:32,9.59
4/27/2026,13:49:32,10.18
4/27/2026,13:49:33,10.18
4/27/2026,13:49:34,36.87
4/27/2026,13:49:35,36.87
4/27/2026,13:49:36,37.54
4/27/2026,13:49:37,37.31
4/27/2026,13:49:37,37.31
4/27/2026,13:49:38,37.31
4/27/2026,13:49:39,37.52
4/27/2026,13:49:40,37.08
4/27/2026,13:49:41,37.08
4/27/2026,13:49:42,37.2
4/27/2026,13:49:43,38.04
4/27/2026,13:49:44,38.04
4/27/2026,13:49:45,37.28
4/27/2026,13:49:46,37.46
4/27/2026,13:49:47,37.46
4/27/2026,13:49:48,37.49
4/27/2026,13:49:49,37.6
4/27/2026,13:49:50,37.6
4/27/2026,13:49:51,37.33
4/27/2026,13:49:52,37.38
4/27/2026,13:49:53,37.38
4/27/2026,13:49:54,37.72
4/27/2026,13:49:55,37.46
4/27/2026,13:49:56,37.46
4/27/2026,13:49:57,37.65
4/27/2026,13:49:58,37.81
4/27/2026,13:49:59,37.81
4/27/2026,13:50:00,37.54
4/27/2026,13:50:01,37.71
4/27/2026,13:50:02,37.71
4/27/2026,13:50:03,38.13
4/27/2026,13:50:04,38.93
4/27/2026,13:50:05,38.93
4/27/2026,13:50:06,37.84
4/27/2026,13:50:07,37.7
4/27/2026,13:50:08,37.7
4/27/2026,13:50:09,39.12
4/27/2026,13:50:10,37.74
4/27/2026,13:50:11,37.74
4/27/2026,13:50:12,38.08
4/27/2026,13:50:13,37.77
4/27/2026,13:50:14,37.77
4/27/2026,13:50:15,37.77
4/27/2026,13:50:16,38.04
4/27/2026,13:50:17,38.04
4/27/2026,13:50:18,38.05
4/27/2026,13:50:19,37.67
4/27/2026,13:50:20,37.67
4/27/2026,13:50:21,37.87
4/27/2026,13:50:22,37.84
4/27/2026,13:50:23,37.84
4/27/2026,13:50:24,38
4/27/2026,13:50:25,38.07
4/27/2026,13:50:26,38.07
4/27/2026,13:50:27,38.13
4/27/2026,13:50:28,37.97
4/27/2026,13:50:29,37.97
4/27/2026,13:50:30,37.79
4/27/2026,13:50:31,38.41
4/27/2026,13:50:32,38.41
4/27/2026,13:50:33,37.01
4/27/2026,13:50:33,10.35
4/27/2026,13:50:34,10.35
4/27/2026,13:50:35,10.35
4/27/2026,13:50:36,10.64
4/27/2026,13:50:37,9.79
4/27/2026,13:50:38,9.79
4/27/2026,13:50:39,9.86
4/27/2026,13:50:40,9.95
4/27/2026,13:50:41,9.95
4/27/2026,13:50:42,10.1
4/27/2026,13:50:43,9.91
4/27/2026,13:50:44,9.91
4/27/2026,13:50:45,9.65
4/27/2026,13:50:46,9.35
4/27/2026,13:50:47,9.35
4/27/2026,13:50:48,9.59
4/27/2026,13:50:49,9.97
4/27/2026,13:50:50,9.97
4/27/2026,13:50:51,9.37
4/27/2026,13:50:51,9.23
4/27/2026,13:50:52,9.23
4/27/2026,13:50:53,9.23
4/27/2026,13:50:54,9.85
4/27/2026,13:50:55,9.25
4/27/2026,13:50:56,9.25
4/27/2026,13:50:57,9.43
4/27/2026,13:50:58,9.09
4/27/2026,13:50:59,9.09
4/27/2026,13:51:00,9.66
4/27/2026,13:51:01,9.29
4/27/2026,13:51:02,9.29
4/27/2026,13:51:03,9.37
4/27/2026,13:51:04,10.07
4/27/2026,13:51:05,10.07
4/27/2026,13:51:06,9.41
4/27/2026,13:51:07,9.51
4/27/2026,13:51:08,9.51
4/27/2026,13:51:09,10.07
4/27/2026,13:51:10,9.33
4/27/2026,13:51:11,9.33
4/27/2026,13:51:12,9.37
4/27/2026,13:51:13,9.17
4/27/2026,13:51:14,9.17
4/27/2026,13:51:15,9.94
4/27/2026,13:51:16,9.32
4/27/2026,13:51:17,9.32
4/27/2026,13:51:18,9.44
4/27/2026,13:51:19,9.66
4/27/2026,13:51:20,9.66
4/27/2026,13:51:21,9.47
4/27/2026,13:51:22,9.27
4/27/2026,13:51:23,9.27
4/27/2026,13:51:24,9.55
4/27/2026,13:51:25,9.39
4/27/2026,13:51:26,9.39
4/27/2026,13:51:27,9.34
4/27/2026,13:51:28,9.32
4/27/2026,13:51:29,9.32
4/27/2026,13:51:30,9.38
4/27/2026,13:51:31,9.21
4/27/2026,13:51:32,9.21
4/27/2026,13:51:33,9.51
4/27/2026,13:51:33,27.47
4/27/2026,13:51:34,27.47
4/27/2026,13:51:35,27.47
4/27/2026,13:51:36,27.83
4/27/2026,13:51:37,27.77
4/27/2026,13:51:38,27.77
4/27/2026,13:51:39,28.51
4/27/2026,13:51:40,28.27
4/27/2026,13:51:41,28.27
4/27/2026,13:51:42,28.5
4/27/2026,13:51:43,28.32
4/27/2026,13:51:44,28.32
4/27/2026,13:51:45,28.19
4/27/2026,13:51:46,28.19
4/27/2026,13:51:47,28.49
4/27/2026,13:51:48,28.52
4/27/2026,13:51:49,28.52
4/27/2026,13:51:50,28.62
4/27/2026,13:51:51,27.93
4/27/2026,13:51:52,27.93
4/27/2026,13:51:53,28.74
4/27/2026,13:51:54,28.31
4/27/2026,13:51:55,28.31
4/27/2026,13:51:56,28.26
4/27/2026,13:51:57,27.86
4/27/2026,13:51:58,27.86
4/27/2026,13:51:59,28.69
4/27/2026,13:52:00,28.46
4/27/2026,13:52:01,28.46
4/27/2026,13:52:02,28.61
4/27/2026,13:52:03,28.76
4/27/2026,13:52:04,28.76
4/27/2026,13:52:05,28.87
4/27/2026,13:52:06,28.44
4/27/2026,13:52:07,28.44
4/27/2026,13:52:08,28.04
4/27/2026,13:52:09,27.97
4/27/2026,13:52:10,27.97
4/27/2026,13:52:11,27.93
4/27/2026,13:52:12,27.97
4/27/2026,13:52:13,27.97
4/27/2026,13:52:14,28.1
4/27/2026,13:52:15,27.69
4/27/2026,13:52:16,27.69
4/27/2026,13:52:17,28.03
4/27/2026,13:52:18,27.79
4/27/2026,13:52:19,27.79
4/27/2026,13:52:20,28.85
4/27/2026,13:52:21,28.55
4/27/2026,13:52:22,28.55
4/27/2026,13:52:23,29
4/27/2026,13:52:24,29
4/27/2026,13:52:25,29.08
4/27/2026,13:52:26,29.08
4/27/2026,13:52:27,28.65
4/27/2026,13:52:28,28.59
4/27/2026,13:52:29,28.59
4/27/2026,13:52:30,28.53
4/27/2026,13:52:31,28.48
4/27/2026,13:52:32,28.48
4/27/2026,13:52:33,28.62
4/27/2026,13:52:33,10.46
4/27/2026,13:52:34,10.46
4/27/2026,13:52:35,10.46
4/27/2026,13:52:36,9.92
4/27/2026,13:52:37,9.71
4/27/2026,13:52:38,9.71
4/27/2026,13:52:39,9.64
4/27/2026,13:52:40,9.72
4/27/2026,13:52:41,9.72
4/27/2026,13:52:41,9.18
4/27/2026,13:52:42,9.18
4/27/2026,13:52:43,9.68
4/27/2026,13:52:44,9.68
4/27/2026,13:52:45,9.83
4/27/2026,13:52:46,9.52
4/27/2026,13:52:47,9.52
4/27/2026,13:52:48,9.18
4/27/2026,13:52:49,9.75
4/27/2026,13:52:50,9.75
4/27/2026,13:52:51,9.3
4/27/2026,13:52:52,9.33
4/27/2026,13:52:53,9.33
4/27/2026,13:52:54,9.24
4/27/2026,13:52:55,10.05
4/27/2026,13:52:56,10.05
4/27/2026,13:52:57,9.48
4/27/2026,13:52:58,9.45
4/27/2026,13:52:59,9.45
4/27/2026,13:53:00,9.61
4/27/2026,13:53:01,9.55
4/27/2026,13:53:02,9.55
4/27/2026,13:53:03,9.29
4/27/2026,13:53:04,9.85
4/27/2026,13:53:05,9.85
4/27/2026,13:53:06,9.51
4/27/2026,13:53:07,9.3
4/27/2026,13:53:08,9.3
4/27/2026,13:53:09,9.45
4/27/2026,13:53:10,9.45
4/27/2026,13:53:11,9.45
4/27/2026,13:53:12,9.26
4/27/2026,13:53:13,9.28
4/27/2026,13:53:14,9.28
4/27/2026,13:53:15,9.67
4/27/2026,13:53:16,9.52
4/27/2026,13:53:17,9.52
4/27/2026,13:53:18,9.38
4/27/2026,13:53:19,9.41
4/27/2026,13:53:20,9.41
4/27/2026,13:53:21,9.25
4/27/2026,13:53:22,9.2
4/27/2026,13:53:23,9.2
4/27/2026,13:53:24,9.19
4/27/2026,13:53:25,9.51
4/27/2026,13:53:26,9.51
4/27/2026,13:53:27,9.41
4/27/2026,13:53:28,9.43
4/27/2026,13:53:29,9.43
4/27/2026,13:53:30,9.73
4/27/2026,13:53:31,9.74
4/27/2026,13:53:32,9.74
4/27/2026,13:53:33,9.27
4/27/2026,13:53:33,38.42
4/27/2026,13:53:34,38.42
4/27/2026,13:53:35,38.42
4/27/2026,13:53:36,38.66
4/27/2026,13:53:37,38.38
4/27/2026,13:53:38,38.38
4/27/2026,13:53:39,38.34
4/27/2026,13:53:40,38.8
4/27/2026,13:53:41,38.8
4/27/2026,13:53:42,38.65
4/27/2026,13:53:43,38.78
4/27/2026,13:53:44,38.78
4/27/2026,13:53:45,38.44
4/27/2026,13:53:46,39.11
4/27/2026,13:53:47,39.11
4/27/2026,13:53:48,38.93
4/27/2026,13:53:49,38.75
4/27/2026,13:53:50,38.75
4/27/2026,13:53:51,39.13
4/27/2026,13:53:52,38.91
4/27/2026,13:53:53,38.91
4/27/2026,13:53:54,38.85
4/27/2026,13:53:55,39.32
4/27/2026,13:53:56,39.32
4/27/2026,13:53:57,39.25
4/27/2026,13:53:58,39.18
4/27/2026,13:53:59,39.18
4/27/2026,13:54:00,39.09
4/27/2026,13:54:01,39.48
4/27/2026,13:54:02,39.48
4/27/2026,13:54:03,39.11
4/27/2026,13:54:04,40.15
4/27/2026,13:54:05,40.15
4/27/2026,13:54:06,39.89
4/27/2026,13:54:07,39.47
4/27/2026,13:54:08,39.47
4/27/2026,13:54:09,39.41
4/27/2026,13:54:10,39.7
4/27/2026,13:54:11,39.7
4/27/2026,13:54:12,39.66
4/27/2026,13:54:13,39.28
4/27/2026,13:54:14,39.28
4/27/2026,13:54:15,39.32
4/27/2026,13:54:16,39.8
4/27/2026,13:54:17,39.8
4/27/2026,13:54:18,39.58
4/27/2026,13:54:19,39.44
4/27/2026,13:54:20,39.44
4/27/2026,13:54:21,39.77
4/27/2026,13:54:22,39.42
4/27/2026,13:54:23,39.42
4/27/2026,13:54:24,39.47
4/27/2026,13:54:25,39.54
4/27/2026,13:54:26,39.54
4/27/2026,13:54:27,39.5
4/27/2026,13:54:28,39.69
4/27/2026,13:54:29,39.69
4/27/2026,13:54:30,39.56
4/27/2026,13:54:31,39.63
4/27/2026,13:54:32,39.63
4/27/2026,13:54:33,39.25
4/27/2026,13:54:33,10.68
4/27/2026,13:54:34,10.68
4/27/2026,13:54:35,10.68
4/27/2026,13:54:36,10.34
4/27/2026,13:54:37,9.72
4/27/2026,13:54:38,9.72
4/27/2026,13:54:39,10.12
4/27/2026,13:54:39,9.56
4/27/2026,13:54:40,9.56
4/27/2026,13:54:41,9.56
4/27/2026,13:54:42,9.86
4/27/2026,13:54:43,9.95
4/27/2026,13:54:44,9.95
4/27/2026,13:54:45,9.67
4/27/2026,13:54:46,9.56
4/27/2026,13:54:47,9.56
4/27/2026,13:54:48,9.71
4/27/2026,13:54:49,9.96
4/27/2026,13:54:50,9.96
4/27/2026,13:54:51,9.63
4/27/2026,13:54:52,9.45
4/27/2026,13:54:53,9.45
4/27/2026,13:54:54,9.46
4/27/2026,13:54:55,9.47
4/27/2026,13:54:56,9.47
4/27/2026,13:54:57,9.26
4/27/2026,13:54:58,9.33
4/27/2026,13:54:59,9.33
4/27/2026,13:55:00,9.87
4/27/2026,13:55:01,9.34
4/27/2026,13:55:02,9.34
4/27/2026,13:55:03,10.35
4/27/2026,13:55:03,12.42
4/27/2026,13:55:04,12.42
4/27/2026,13:55:05,12.42
4/27/2026,13:55:06,9.57
4/27/2026,13:55:07,9.3
4/27/2026,13:55:08,9.3
4/27/2026,13:55:08,9.38
4/27/2026,13:55:09,9.38
4/27/2026,13:55:10,9.59
4/27/2026,13:55:11,9.59
4/27/2026,13:55:12,9.56
4/27/2026,13:55:13,9.5
4/27/2026,13:55:14,9.5
4/27/2026,13:55:15,9.85
4/27/2026,13:55:16,9.05
4/27/2026,13:55:17,9.05
4/27/2026,13:55:18,9.79
4/27/2026,13:55:19,9.57
4/27/2026,13:55:20,9.57
4/27/2026,13:55:21,9.19
4/27/2026,13:55:22,9.19
4/27/2026,13:55:23,9.64
4/27/2026,13:55:24,8.99
4/27/2026,13:55:25,8.99
4/27/2026,13:55:26,9.21
4/27/2026,13:55:27,9.44
4/27/2026,13:55:28,9.44
4/27/2026,13:55:29,9.38
4/27/2026,13:55:30,9.34
4/27/2026,13:55:31,9.34
4/27/2026,13:55:32,9.45
4/27/2026,13:55:33,32.19
4/27/2026,13:55:33,32.19
4/27/2026,13:55:34,32.19
4/27/2026,13:55:35,34.51
4/27/2026,13:55:36,34.49
4/27/2026,13:55:37,34.49
4/27/2026,13:55:38,34.83
4/27/2026,13:55:38,34.83
4/27/2026,13:55:39,34.95
4/27/2026,13:55:40,34.95
4/27/2026,13:55:41,34.94
4/27/2026,13:55:42,35.04
4/27/2026,13:55:43,35.04
4/27/2026,13:55:44,35.79
4/27/2026,13:55:45,34.85
4/27/2026,13:55:46,34.85
4/27/2026,13:55:47,35.68
4/27/2026,13:55:48,36.05
4/27/2026,13:55:49,36.05
4/27/2026,13:55:50,35.24
4/27/2026,13:55:51,35.28
4/27/2026,13:55:52,35.28
4/27/2026,13:55:53,35.38
4/27/2026,13:55:54,35.1
4/27/2026,13:55:55,35.1
4/27/2026,13:55:56,35.15
4/27/2026,13:55:57,35.3
4/27/2026,13:55:59,35.3
4/27/2026,13:56:00,35.35
4/27/2026,13:56:01,35.34
4/27/2026,13:56:02,35.34
4/27/2026,13:56:03,35.67
4/27/2026,13:56:04,35.7
4/27/2026,13:56:05,35.7
4/27/2026,13:56:06,35.41
4/27/2026,13:56:07,35.29
4/27/2026,13:56:08,35.29
4/27/2026,13:56:09,35.47
4/27/2026,13:56:10,35.62
4/27/2026,13:56:11,35.62
4/27/2026,13:56:12,35.45
4/27/2026,13:56:13,35.54
4/27/2026,13:56:14,35.54
4/27/2026,13:56:15,35.82
4/27/2026,13:56:16,35.73
4/27/2026,13:56:17,35.73
4/27/2026,13:56:18,35.05
4/27/2026,13:56:19,35.26
4/27/2026,13:56:20,35.26
4/27/2026,13:56:21,34.01
4/27/2026,13:56:22,34.85
4/27/2026,13:56:23,34.85
4/27/2026,13:56:24,34.42
4/27/2026,13:56:25,35.01
4/27/2026,13:56:26,35.01
4/27/2026,13:56:27,34.82
4/27/2026,13:56:28,35.21
4/27/2026,13:56:29,35.21
4/27/2026,13:56:30,35.73
4/27/2026,13:56:31,35.64
4/27/2026,13:56:32,35.64
4/27/2026,13:56:33,35.53
4/27/2026,13:56:33,11.12
4/27/2026,13:56:34,11.12
4/27/2026,13:56:35,11.12
4/27/2026,13:56:36,10.1
4/27/2026,13:56:37,9.68
4/27/2026,13:56:38,9.68
4/27/2026,13:56:38,9.89
4/27/2026,13:56:39,9.89
4/27/2026,13:56:40,9.93
4/27/2026,13:56:41,9.93
4/27/2026,13:56:42,9.75
4/27/2026,13:56:43,9.65
4/27/2026,13:56:44,9.65
4/27/2026,13:56:45,9.96
4/27/2026,13:56:46,9.4
4/27/2026,13:56:47,9.4
4/27/2026,13:56:48,9.66
4/27/2026,13:56:49,9.74
4/27/2026,13:56:50,9.74
4/27/2026,13:56:51,9.36
4/27/2026,13:56:52,9.41
4/27/2026,13:56:53,9.41
4/27/2026,13:56:54,9.34
4/27/2026,13:56:55,9.56
4/27/2026,13:56:56,9.56
4/27/2026,13:56:57,9.35
4/27/2026,13:56:58,9.26
4/27/2026,13:56:59,9.26
4/27/2026,13:57:00,9.21
4/27/2026,13:57:01,9.97
4/27/2026,13:57:02,9.97
4/27/2026,13:57:03,8.92
4/27/2026,13:57:04,9.79
4/27/2026,13:57:05,9.79
4/27/2026,13:57:06,10.19
4/27/2026,13:57:07,9.29
4/27/2026,13:57:08,9.29
4/27/2026,13:57:09,9.03
4/27/2026,13:57:10,9.43
4/27/2026,13:57:11,9.43
4/27/2026,13:57:12,9.13
4/27/2026,13:57:13,9.48
4/27/2026,13:57:14,9.48
4/27/2026,13:57:15,9.38
4/27/2026,13:57:16,9.34
4/27/2026,13:57:17,9.34
4/27/2026,13:57:18,9.15
4/27/2026,13:57:19,9.57
4/27/2026,13:57:20,9.57
4/27/2026,13:57:21,9.35
4/27/2026,13:57:22,9.44
4/27/2026,13:57:23,9.44
4/27/2026,13:57:24,9.48
4/27/2026,13:57:25,10.21
4/27/2026,13:57:26,10.21
4/27/2026,13:57:27,9.32
4/27/2026,13:57:28,9.14
4/27/2026,13:57:29,9.14
4/27/2026,13:57:30,9.49
4/27/2026,13:57:31,9.25
4/27/2026,13:57:32,9.25
4/27/2026,13:57:33,9.29
4/27/2026,13:57:33,24.04
4/27/2026,13:57:34,24.04
4/27/2026,13:57:35,24.04
4/27/2026,13:57:36,28.13
4/27/2026,13:57:37,27.51
4/27/2026,13:57:38,27.51
4/27/2026,13:57:39,27.63
4/27/2026,13:57:39,27.96
4/27/2026,13:57:40,27.96
4/27/2026,13:57:41,27.96
4/27/2026,13:57:42,27.64
4/27/2026,13:57:43,27.68
4/27/2026,13:57:44,27.68
4/27/2026,13:57:45,27.68
4/27/2026,13:57:46,27.13
4/27/2026,13:57:47,27.13
4/27/2026,13:57:48,27.96
4/27/2026,13:57:49,28.21
4/27/2026,13:57:50,28.21
4/27/2026,13:57:51,27.74
4/27/2026,13:57:52,27.96
4/27/2026,13:57:53,27.96
4/27/2026,13:57:54,27.92
4/27/2026,13:57:55,28.07
4/27/2026,13:57:56,28.07
4/27/2026,13:57:57,28.11
4/27/2026,13:57:58,27.48
4/27/2026,13:57:59,27.48
4/27/2026,13:58:00,27.95
4/27/2026,13:58:01,28.23
4/27/2026,13:58:02,28.23
4/27/2026,13:58:03,27.94
4/27/2026,13:58:04,28.33
4/27/2026,13:58:05,28.33
4/27/2026,13:58:06,28.13
4/27/2026,13:58:07,27.89
4/27/2026,13:58:08,27.89
4/27/2026,13:58:09,28.27
4/27/2026,13:58:10,28.15
4/27/2026,13:58:11,28.15
4/27/2026,13:58:12,28.89
4/27/2026,13:58:13,27.69
4/27/2026,13:58:14,27.69
4/27/2026,13:58:15,28.11
4/27/2026,13:58:16,28.05
4/27/2026,13:58:17,28.05
4/27/2026,13:58:18,27.97
4/27/2026,13:58:19,27.87
4/27/2026,13:58:20,27.87
4/27/2026,13:58:21,28.97
4/27/2026,13:58:22,28.08
4/27/2026,13:58:23,28.08
4/27/2026,13:58:24,27.62
4/27/2026,13:58:25,28.01
4/27/2026,13:58:26,28.01
4/27/2026,13:58:27,27.86
4/27/2026,13:58:28,28.17
4/27/2026,13:58:29,28.17
4/27/2026,13:58:30,27.96
4/27/2026,13:58:31,28.44
4/27/2026,13:58:32,28.44
4/27/2026,13:58:33,27.76
4/27/2026,13:58:33,11.7
4/27/2026,13:58:34,11.7
4/27/2026,13:58:35,11.7
4/27/2026,13:58:36,10.31
4/27/2026,13:58:37,9.77
4/27/2026,13:58:38,9.77
4/27/2026,13:58:38,10.27
4/27/2026,13:58:39,10.27
4/27/2026,13:58:40,9.71
4/27/2026,13:58:41,9.71
4/27/2026,13:58:42,9.56
4/27/2026,13:58:43,10.31
4/27/2026,13:58:44,10.31
4/27/2026,13:58:45,9.87
4/27/2026,13:58:46,9.31
4/27/2026,13:58:47,9.31
4/27/2026,13:58:48,9.42
4/27/2026,13:58:49,9.45
4/27/2026,13:58:50,9.45
4/27/2026,13:58:51,9.5
4/27/2026,13:58:52,9.44
4/27/2026,13:58:53,9.44
4/27/2026,13:58:54,9.68
4/27/2026,13:58:54,9.19
4/27/2026,13:58:55,9.19
4/27/2026,13:58:56,9.52
4/27/2026,13:58:57,9.17
4/27/2026,13:58:58,9.17
4/27/2026,13:58:59,9.53
4/27/2026,13:59:00,9.05
4/27/2026,13:59:01,9.05
4/27/2026,13:59:02,9.22
4/27/2026,13:59:03,9.78
4/27/2026,13:59:04,9.78
4/27/2026,13:59:05,9.49
4/27/2026,13:59:06,9.37
4/27/2026,13:59:07,9.37
4/27/2026,13:59:08,9.7
4/27/2026,13:59:09,9.82
4/27/2026,13:59:10,9.82
4/27/2026,13:59:11,9.45
4/27/2026,13:59:12,9.45
4/27/2026,13:59:13,9.45
4/27/2026,13:59:14,9.57
4/27/2026,13:59:15,9.38
4/27/2026,13:59:16,9.38
4/27/2026,13:59:17,9.52
4/27/2026,13:59:18,9.75
4/27/2026,13:59:19,9.75
4/27/2026,13:59:20,9.37
4/27/2026,13:59:21,9.42
4/27/2026,13:59:22,9.42
4/27/2026,13:59:23,9.54
4/27/2026,13:59:24,9.73
4/27/2026,13:59:25,9.73
4/27/2026,13:59:26,9.38
4/27/2026,13:59:27,9.5
4/27/2026,13:59:28,9.5
4/27/2026,13:59:29,9.66
4/27/2026,13:59:30,9.6
4/27/2026,13:59:31,9.6
4/27/2026,13:59:32,9.32
4/27/2026,13:59:33,19.03
4/27/2026,13:59:34,19.03
4/27/2026,13:59:35,19.03
4/27/2026,13:59:36,22.06
4/27/2026,13:59:37,21.88
4/27/2026,13:59:38,21.88
4/27/2026,13:59:39,22.98
4/27/2026,13:59:39,23.21
4/27/2026,13:59:40,23.21
4/27/2026,13:59:41,23.21
4/27/2026,13:59:42,23.87
4/27/2026,13:59:43,23.23
4/27/2026,13:59:44,23.23
4/27/2026,13:59:45,23.37
4/27/2026,13:59:45,22.06
4/27/2026,13:59:46,22.06
4/27/2026,13:59:47,22.06
4/27/2026,13:59:48,22
4/27/2026,13:59:49,21.22
4/27/2026,13:59:50,21.22
4/27/2026,13:59:51,22.27
4/27/2026,13:59:52,22.78
4/27/2026,13:59:53,22.78
4/27/2026,13:59:53,23.81
4/27/2026,13:59:54,23.81
4/27/2026,13:59:55,23.41
4/27/2026,13:59:56,23.41
4/27/2026,13:59:57,23.47
4/27/2026,13:59:58,22.77
4/27/2026,13:59:59,22.77
4/27/2026,14:00:00,23.16
4/27/2026,14:00:00,22.5
4/27/2026,14:00:01,22.5
4/27/2026,14:00:02,22.5
4/27/2026,14:00:03,22.43
4/27/2026,14:00:04,23.26
4/27/2026,14:00:05,23.26
4/27/2026,14:00:06,22.97
4/27/2026,14:00:07,23.38
4/27/2026,14:00:08,23.38
4/27/2026,14:00:09,23.42
4/27/2026,14:00:10,22.83
4/27/2026,14:00:11,22.83
4/27/2026,14:00:12,23.11
4/27/2026,14:00:13,22.11
4/27/2026,14:00:14,22.11
4/27/2026,14:00:15,22.92
4/27/2026,14:00:16,23.41
4/27/2026,14:00:17,23.41
4/27/2026,14:00:18,23.29
4/27/2026,14:00:19,22.68
4/27/2026,14:00:20,22.68
4/27/2026,14:00:21,23.02
4/27/2026,14:00:22,22.84
4/27/2026,14:00:23,22.84
4/27/2026,14:00:24,22.39
4/27/2026,14:00:25,23.07
4/27/2026,14:00:26,23.07
4/27/2026,14:00:27,22.95
4/27/2026,14:00:28,22.54
4/27/2026,14:00:29,22.54
4/27/2026,14:00:30,22.62
4/27/2026,14:00:31,22.85
4/27/2026,14:00:32,22.85
4/27/2026,14:00:33,22.79
4/27/2026,14:00:33,11.04
4/27/2026,14:00:34,11.04
4/27/2026,14:00:35,11.04
4/27/2026,14:00:36,9.62
4/27/2026,14:00:37,9.49
4/27/2026,14:00:38,9.49
4/27/2026,14:00:39,9.44
4/27/2026,14:00:39,9.48
4/27/2026,14:00:40,9.48
4/27/2026,14:00:41,9.48
4/27/2026,14:00:42,9.6
4/27/2026,14:00:43,9.7
4/27/2026,14:00:44,9.7
4/27/2026,14:00:45,9.28
4/27/2026,14:00:46,9.42
4/27/2026,14:00:47,9.42
4/27/2026,14:00:48,9.06
4/27/2026,14:00:49,9.55
4/27/2026,14:00:50,9.55
4/27/2026,14:00:51,9.13
4/27/2026,14:00:52,9.56
4/27/2026,14:00:53,9.56
4/27/2026,14:00:54,9.38
4/27/2026,14:00:55,9.4
4/27/2026,14:00:56,9.4
4/27/2026,14:00:57,9.33
4/27/2026,14:00:58,9.61
4/27/2026,14:00:59,9.61
4/27/2026,14:01:00,9.55
4/27/2026,14:01:01,9.42
4/27/2026,14:01:02,9.42
4/27/2026,14:01:03,9.13
4/27/2026,14:01:04,10.06
4/27/2026,14:01:05,10.06
4/27/2026,14:01:06,9.44
4/27/2026,14:01:07,9.5
4/27/2026,14:01:08,9.5
4/27/2026,14:01:09,9.6
4/27/2026,14:01:10,9.25
4/27/2026,14:01:11,9.25
4/27/2026,14:01:12,9.5
4/27/2026,14:01:13,9.56
4/27/2026,14:01:14,9.56
4/27/2026,14:01:15,9.49
4/27/2026,14:01:16,9.55
4/27/2026,14:01:17,9.55
4/27/2026,14:01:18,9.35
4/27/2026,14:01:19,9.58
4/27/2026,14:01:20,9.58
4/27/2026,14:01:21,9.46
4/27/2026,14:01:22,9.26
4/27/2026,14:01:23,9.26
4/27/2026,14:01:24,9.52
4/27/2026,14:01:25,9.54
4/27/2026,14:01:26,9.54
4/27/2026,14:01:27,9.24
4/27/2026,14:01:28,9.83
4/27/2026,14:01:29,9.83
4/27/2026,14:01:30,9.35
4/27/2026,14:01:31,9.3
4/27/2026,14:01:32,9.3
4/27/2026,14:01:33,9.23
4/27/2026,14:01:33,16.32
4/27/2026,14:01:34,16.32
4/27/2026,14:01:35,16.32
4/27/2026,14:01:36,18.56
4/27/2026,14:01:37,18.15
4/27/2026,14:01:38,18.15
4/27/2026,14:01:38,18.08
4/27/2026,14:01:39,18.08
4/27/2026,14:01:40,18.31
4/27/2026,14:01:41,18.31
4/27/2026,14:01:42,18.06
4/27/2026,14:01:43,17.97
4/27/2026,14:01:44,17.97
4/27/2026,14:01:45,18.18
4/27/2026,14:01:46,17.97
4/27/2026,14:01:47,17.97
4/27/2026,14:01:48,18.74
4/27/2026,14:01:49,18.25
4/27/2026,14:01:50,18.25
4/27/2026,14:01:51,17.88
4/27/2026,14:01:52,18.07
4/27/2026,14:01:53,18.07
4/27/2026,14:01:54,18.16
4/27/2026,14:01:55,17.95
4/27/2026,14:01:56,17.95
4/27/2026,14:01:57,17.95
4/27/2026,14:01:58,18.26
4/27/2026,14:01:59,18.26
4/27/2026,14:02:00,18.38
4/27/2026,14:02:01,17.97
4/27/2026,14:02:02,17.97
4/27/2026,14:02:03,17.96
4/27/2026,14:02:04,18.74
4/27/2026,14:02:05,18.74
4/27/2026,14:02:06,18.18
4/27/2026,14:02:07,18.3
4/27/2026,14:02:08,18.3
4/27/2026,14:02:09,18.26
4/27/2026,14:02:10,18.12
4/27/2026,14:02:11,18.12
4/27/2026,14:02:12,17.91
4/27/2026,14:02:13,18.12
4/27/2026,14:02:14,18.12
4/27/2026,14:02:15,18.31
4/27/2026,14:02:16,18.32
4/27/2026,14:02:17,18.32
4/27/2026,14:02:18,18.07
4/27/2026,14:02:19,18.39
4/27/2026,14:02:20,18.39
4/27/2026,14:02:21,17.92
4/27/2026,14:02:22,18.11
4/27/2026,14:02:23,18.11
4/27/2026,14:02:24,18.28
4/27/2026,14:02:25,18.06
4/27/2026,14:02:26,18.06
4/27/2026,14:02:27,18.01
4/27/2026,14:02:28,18.12
4/27/2026,14:02:29,18.12
4/27/2026,14:02:30,17.82
4/27/2026,14:02:31,17.82
4/27/2026,14:02:32,18.24
4/27/2026,14:02:33,11.18
4/27/2026,14:02:33,11.18
4/27/2026,14:02:34,11.18
4/27/2026,14:02:35,10.01
4/27/2026,14:02:36,9.41
4/27/2026,14:02:37,9.41
4/27/2026,14:02:38,9.71
4/27/2026,14:02:39,9.28
4/27/2026,14:02:39,9.28
4/27/2026,14:02:40,9.28
4/27/2026,14:02:41,9.61
4/27/2026,14:02:42,9.36
4/27/2026,14:02:43,9.36
4/27/2026,14:02:44,9.45
4/27/2026,14:02:45,9.3
4/27/2026,14:02:46,9.3
4/27/2026,14:02:47,9.38
4/27/2026,14:02:48,9.58
4/27/2026,14:02:49,9.58
4/27/2026,14:02:50,9.69
4/27/2026,14:02:51,9.15
4/27/2026,14:02:52,9.15
4/27/2026,14:02:53,9.32
4/27/2026,14:02:54,9.41
4/27/2026,14:02:55,9.41
4/27/2026,14:02:56,9.23
4/27/2026,14:02:57,9.34
4/27/2026,14:02:58,9.34
4/27/2026,14:02:59,9.42
4/27/2026,14:03:00,9.69
4/27/2026,14:03:01,9.69
4/27/2026,14:03:02,9.65
4/27/2026,14:03:03,10.23
4/27/2026,14:03:04,10.23
4/27/2026,14:03:05,9.42
4/27/2026,14:03:07,9.2
4/27/2026,14:03:08,9.2
4/27/2026,14:03:09,9.6
4/27/2026,14:03:10,9.94
4/27/2026,14:03:11,9.94
4/27/2026,14:03:12,9.28
4/27/2026,14:03:13,9.42
4/27/2026,14:03:14,9.42
4/27/2026,14:03:15,9.56
4/27/2026,14:03:16,9.24
4/27/2026,14:03:17,9.24
4/27/2026,14:03:18,9.42
4/27/2026,14:03:19,9.57
4/27/2026,14:03:20,9.57
4/27/2026,14:03:21,9.44
4/27/2026,14:03:22,9.67
4/27/2026,14:03:23,9.67
4/27/2026,14:03:24,9.44
4/27/2026,14:03:25,9.57
4/27/2026,14:03:26,9.57
4/27/2026,14:03:27,9.42
4/27/2026,14:03:28,9.35
4/27/2026,14:03:29,9.35
4/27/2026,14:03:30,9.49
4/27/2026,14:03:31,9.44
4/27/2026,14:03:32,9.44
4/27/2026,14:03:33,9.56
4/27/2026,14:03:33,28.24
4/27/2026,14:03:34,28.24
4/27/2026,14:03:35,28.24
4/27/2026,14:03:36,38.84
4/27/2026,14:03:37,38.55
4/27/2026,14:03:38,38.55
4/27/2026,14:03:38,38.76
4/27/2026,14:03:39,38.76
4/27/2026,14:03:40,39.16
4/27/2026,14:03:41,39.16
4/27/2026,14:03:42,38.73
4/27/2026,14:03:43,38.78
4/27/2026,14:03:44,38.78
4/27/2026,14:03:45,39.19
4/27/2026,14:03:46,39.01
4/27/2026,14:03:47,39.01
4/27/2026,14:03:48,39.22
4/27/2026,14:03:49,39.16
4/27/2026,14:03:50,39.16
4/27/2026,14:03:51,38.95
4/27/2026,14:03:52,38.98
4/27/2026,14:03:53,38.98
4/27/2026,14:03:54,39.32
4/27/2026,14:03:55,39.32
4/27/2026,14:03:56,39.32
4/27/2026,14:03:57,39.08
4/27/2026,14:03:58,39.37
4/27/2026,14:03:59,39.37
4/27/2026,14:04:00,39.54
4/27/2026,14:04:01,39.48
4/27/2026,14:04:02,39.48
4/27/2026,14:04:03,39.5
4/27/2026,14:04:04,39.93
4/27/2026,14:04:05,39.93
4/27/2026,14:04:06,39.29
4/27/2026,14:04:07,39.43
4/27/2026,14:04:08,39.43
4/27/2026,14:04:09,39.28
4/27/2026,14:04:10,39.89
4/27/2026,14:04:11,39.89
4/27/2026,14:04:12,39.31
4/27/2026,14:04:13,39.5
4/27/2026,14:04:14,39.5
4/27/2026,14:04:15,39.64
4/27/2026,14:04:16,39.57
4/27/2026,14:04:17,39.57
4/27/2026,14:04:18,39.36
4/27/2026,14:04:19,39.83
4/27/2026,14:04:20,39.83
4/27/2026,14:04:21,39.69
4/27/2026,14:04:22,39.56
4/27/2026,14:04:23,39.56
4/27/2026,14:04:24,39.42
4/27/2026,14:04:25,40.33
4/27/2026,14:04:26,40.33
4/27/2026,14:04:27,39.48
4/27/2026,14:04:28,39.65
4/27/2026,14:04:29,39.65
4/27/2026,14:04:30,39.79
4/27/2026,14:04:31,39.73
4/27/2026,14:04:32,39.73
4/27/2026,14:04:33,39.48
4/27/2026,14:04:33,12.65
4/27/2026,14:04:34,12.65
4/27/2026,14:04:35,12.65
4/27/2026,14:04:36,10.15
4/27/2026,14:04:37,9.83
4/27/2026,14:04:38,9.83
4/27/2026,14:04:39,9.89
4/27/2026,14:04:39,9.65
4/27/2026,14:04:40,9.65
4/27/2026,14:04:41,9.65
4/27/2026,14:04:42,10.06
4/27/2026,14:04:43,9.49
4/27/2026,14:04:44,9.49
4/27/2026,14:04:45,9.86
4/27/2026,14:04:46,9.38
4/27/2026,14:04:47,9.38
4/27/2026,14:04:48,9.74
4/27/2026,14:04:49,9.73
4/27/2026,14:04:50,9.73
4/27/2026,14:04:51,9.54
4/27/2026,14:04:52,9.38
4/27/2026,14:04:53,9.38
4/27/2026,14:04:54,9.86
4/27/2026,14:04:55,9.63
4/27/2026,14:04:56,9.63
4/27/2026,14:04:57,9.55
4/27/2026,14:04:58,9.25
4/27/2026,14:04:59,9.25
4/27/2026,14:05:00,9.43
4/27/2026,14:05:01,9.42
4/27/2026,14:05:02,9.42
4/27/2026,14:05:03,9.85
4/27/2026,14:05:04,9.69
4/27/2026,14:05:05,9.69
4/27/2026,14:05:06,9.64
4/27/2026,14:05:07,9.3
4/27/2026,14:05:08,9.3
4/27/2026,14:05:09,10.02
4/27/2026,14:05:10,9.43
4/27/2026,14:05:11,9.43
4/27/2026,14:05:12,9.29
4/27/2026,14:05:13,9.67
4/27/2026,14:05:14,9.67
4/27/2026,14:05:15,9.27
4/27/2026,14:05:16,9.37
4/27/2026,14:05:17,9.37
4/27/2026,14:05:18,9.47
4/27/2026,14:05:19,9.64
4/27/2026,14:05:20,9.64
4/27/2026,14:05:21,9.45
4/27/2026,14:05:22,9.2
4/27/2026,14:05:23,9.2
4/27/2026,14:05:24,9.55
4/27/2026,14:05:25,9.25
4/27/2026,14:05:26,9.25
4/27/2026,14:05:27,9.21
4/27/2026,14:05:28,9.37
4/27/2026,14:05:29,9.37
4/27/2026,14:05:30,10.03
4/27/2026,14:05:31,9.12
4/27/2026,14:05:32,9.12
4/27/2026,14:05:33,9.49
4/27/2026,14:05:33,25.37
4/27/2026,14:05:34,25.37
4/27/2026,14:05:35,25.37
4/27/2026,14:05:36,37.54
4/27/2026,14:05:37,36.31
4/27/2026,14:05:38,36.31
4/27/2026,14:05:38,36.79
4/27/2026,14:05:39,36.79
4/27/2026,14:05:40,36.57
4/27/2026,14:05:41,36.57
4/27/2026,14:05:42,36.75
4/27/2026,14:05:43,36.5
4/27/2026,14:05:44,36.5
4/27/2026,14:05:45,37.38
4/27/2026,14:05:46,36.51
4/27/2026,14:05:47,36.51
4/27/2026,14:05:48,37.19
4/27/2026,14:05:49,37.15
4/27/2026,14:05:50,37.15
4/27/2026,14:05:51,36.89
4/27/2026,14:05:52,36.84
4/27/2026,14:05:53,36.84
4/27/2026,14:05:54,37.49
4/27/2026,14:05:55,36.95
4/27/2026,14:05:56,36.95
4/27/2026,14:05:57,37.09
4/27/2026,14:05:58,36.99
4/27/2026,14:05:59,36.99
4/27/2026,14:06:00,37.76
4/27/2026,14:06:01,37.14
4/27/2026,14:06:02,37.14
4/27/2026,14:06:03,37.33
4/27/2026,14:06:04,38.16
4/27/2026,14:06:05,37.94
4/27/2026,14:06:06,37.54
4/27/2026,14:06:07,37.54
4/27/2026,14:06:08,37.52
4/27/2026,14:06:09,37.44
4/27/2026,14:06:10,37.44
4/27/2026,14:06:11,37.27
4/27/2026,14:06:12,37.18
4/27/2026,14:06:13,37.18
4/27/2026,14:06:14,37.71
4/27/2026,14:06:15,37.61
4/27/2026,14:06:16,37.61
4/27/2026,14:06:17,37.45
4/27/2026,14:06:18,37.62
4/27/2026,14:06:19,37.62
4/27/2026,14:06:20,37.32
4/27/2026,14:06:21,37.42
4/27/2026,14:06:22,37.42
4/27/2026,14:06:23,37.46
4/27/2026,14:06:24,37.74
4/27/2026,14:06:25,37.74
4/27/2026,14:06:26,37.28
4/27/2026,14:06:27,37.35
4/27/2026,14:06:28,37.35
4/27/2026,14:06:29,37.61
4/27/2026,14:06:30,37.53
4/27/2026,14:06:31,37.53
4/27/2026,14:06:32,37.47
4/27/2026,14:06:33,12.55
4/27/2026,14:06:33,12.55
4/27/2026,14:06:34,12.55
4/27/2026,14:06:35,10.06
4/27/2026,14:06:36,9.8
4/27/2026,14:06:37,9.8
4/27/2026,14:06:38,9.96
4/27/2026,14:06:39,10.87
4/27/2026,14:06:39,10.87
4/27/2026,14:06:40,10.87
4/27/2026,14:06:42,9.58
4/27/2026,14:06:43,9.64
4/27/2026,14:06:44,9.64
4/27/2026,14:06:45,9.81
4/27/2026,14:06:45,9.62
4/27/2026,14:06:46,9.62
4/27/2026,14:06:47,9.62
4/27/2026,14:06:48,9.65
4/27/2026,14:06:49,9.72
4/27/2026,14:06:50,9.72
4/27/2026,14:06:51,9.49
4/27/2026,14:06:52,9.43
4/27/2026,14:06:53,9.43
4/27/2026,14:06:54,9.32
4/27/2026,14:06:55,9.74
4/27/2026,14:06:56,9.74
4/27/2026,14:06:57,9.3
4/27/2026,14:06:58,9.15
4/27/2026,14:06:59,9.15
4/27/2026,14:07:00,9.46
4/27/2026,14:07:01,9.32
4/27/2026,14:07:02,9.32
4/27/2026,14:07:03,9.64
4/27/2026,14:07:04,9.9
4/27/2026,14:07:05,9.9
4/27/2026,14:07:06,9.94
4/27/2026,14:07:07,9.29
4/27/2026,14:07:08,9.29
4/27/2026,14:07:09,9.22
4/27/2026,14:07:10,9.86
4/27/2026,14:07:11,9.86
4/27/2026,14:07:12,9.18
4/27/2026,14:07:13,9.41
4/27/2026,14:07:14,9.41
4/27/2026,14:07:15,9.4
4/27/2026,14:07:16,9.54
4/27/2026,14:07:17,9.54
4/27/2026,14:07:18,9.32
4/27/2026,14:07:19,9.55
4/27/2026,14:07:20,9.55
4/27/2026,14:07:21,9.11
4/27/2026,14:07:22,9.44
4/27/2026,14:07:23,9.44
4/27/2026,14:07:24,9.23
4/27/2026,14:07:25,9.66
4/27/2026,14:07:26,9.66
4/27/2026,14:07:27,9.31
4/27/2026,14:07:28,9.48
4/27/2026,14:07:29,9.48
4/27/2026,14:07:30,9.43
4/27/2026,14:07:31,9.15
4/27/2026,14:07:32,9.15
4/27/2026,14:07:33,9.28
4/27/2026,14:07:33,18.43
4/27/2026,14:07:34,18.43
4/27/2026,14:07:35,18.43
4/27/2026,14:07:36,23.82
4/27/2026,14:07:37,23.87
4/27/2026,14:07:38,23.87
4/27/2026,14:07:39,24.01
4/27/2026,14:07:39,24.8
4/27/2026,14:07:40,24.8
4/27/2026,14:07:41,24.8
4/27/2026,14:07:42,24.81
4/27/2026,14:07:43,24.27
4/27/2026,14:07:44,24.27
4/27/2026,14:07:45,23.73
4/27/2026,14:07:45,23.24
4/27/2026,14:07:46,23.24
4/27/2026,14:07:47,23.24
4/27/2026,14:07:48,23.78
4/27/2026,14:07:49,24.56
4/27/2026,14:07:50,24.56
4/27/2026,14:07:50,24.54
4/27/2026,14:07:51,24.54
4/27/2026,14:07:52,24.52
4/27/2026,14:07:53,24.52
4/27/2026,14:07:54,24.52
4/27/2026,14:07:55,24.79
4/27/2026,14:07:56,24.79
4/27/2026,14:07:57,24.6
4/27/2026,14:07:58,24.8
4/27/2026,14:07:59,24.8
4/27/2026,14:08:00,25.08
4/27/2026,14:08:01,24.71
4/27/2026,14:08:02,24.71
4/27/2026,14:08:03,24.69
4/27/2026,14:08:04,25.28
4/27/2026,14:08:05,25.28
4/27/2026,14:08:06,24.89
4/27/2026,14:08:07,24.16
4/27/2026,14:08:08,24.16
4/27/2026,14:08:09,23.91
4/27/2026,14:08:10,24.03
4/27/2026,14:08:11,24.03
4/27/2026,14:08:12,23.5
4/27/2026,14:08:13,24.14
4/27/2026,14:08:14,24.14
4/27/2026,14:08:15,24.46
4/27/2026,14:08:16,24.47
4/27/2026,14:08:17,24.47
4/27/2026,14:08:18,24.55
4/27/2026,14:08:19,24.99
4/27/2026,14:08:20,24.99
4/27/2026,14:08:21,24.79
4/27/2026,14:08:22,24.26
4/27/2026,14:08:23,24.26
4/27/2026,14:08:24,24.12
4/27/2026,14:08:25,24.19
4/27/2026,14:08:26,24.19
4/27/2026,14:08:27,24.21
4/27/2026,14:08:28,24.44
4/27/2026,14:08:29,24.44
4/27/2026,14:08:30,24.72
4/27/2026,14:08:31,24.39
4/27/2026,14:08:32,24.39
4/27/2026,14:08:33,24.54
4/27/2026,14:08:33,12.17
4/27/2026,14:08:34,12.17
4/27/2026,14:08:35,12.17
4/27/2026,14:08:36,9.91
4/27/2026,14:08:37,9.84
4/27/2026,14:08:38,9.84
4/27/2026,14:08:39,9.61
4/27/2026,14:08:39,9.61
4/27/2026,14:08:40,9.61
4/27/2026,14:08:41,9.61
4/27/2026,14:08:42,9.48
4/27/2026,14:08:43,9.75
4/27/2026,14:08:44,9.75
4/27/2026,14:08:45,9.79
4/27/2026,14:08:46,9.19
4/27/2026,14:08:47,9.19
4/27/2026,14:08:48,9.3
4/27/2026,14:08:49,9.89
4/27/2026,14:08:50,9.89
4/27/2026,14:08:51,9.3
4/27/2026,14:08:52,9.63
4/27/2026,14:08:53,9.63
4/27/2026,14:08:54,9.44
4/27/2026,14:08:55,9.18
4/27/2026,14:08:56,9.18
4/27/2026,14:08:57,9.39
4/27/2026,14:08:58,9.2
4/27/2026,14:08:59,9.2
4/27/2026,14:09:00,9.55
4/27/2026,14:09:01,9.59
4/27/2026,14:09:02,9.59
4/27/2026,14:09:03,9.45
4/27/2026,14:09:04,9.69
4/27/2026,14:09:05,9.69
4/27/2026,14:09:06,9.66
4/27/2026,14:09:07,9.11
4/27/2026,14:09:08,9.11
4/27/2026,14:09:09,9.94
4/27/2026,14:09:10,9.04
4/27/2026,14:09:11,9.04
4/27/2026,14:09:12,9.31
4/27/2026,14:09:13,9.27
4/27/2026,14:09:14,9.27
4/27/2026,14:09:15,10.11
4/27/2026,14:09:16,9.22
4/27/2026,14:09:17,9.22
4/27/2026,14:09:18,9.46
4/27/2026,14:09:19,9.25
4/27/2026,14:09:20,9.25
4/27/2026,14:09:21,9.28
4/27/2026,14:09:22,9.33
4/27/2026,14:09:23,9.33
4/27/2026,14:09:24,9.78
4/27/2026,14:09:25,9.22
4/27/2026,14:09:26,9.22
4/27/2026,14:09:27,9.23
4/27/2026,14:09:28,9.22
4/27/2026,14:09:29,9.22
4/27/2026,14:09:30,9.53
4/27/2026,14:09:31,9.43
4/27/2026,14:09:32,9.43
4/27/2026,14:09:33,9.41
4/27/2026,14:09:33,21.97
4/27/2026,14:09:34,21.97
4/27/2026,14:09:35,21.97
4/27/2026,14:09:36,33.64
4/27/2026,14:09:37,33.5
4/27/2026,14:09:38,33.5
4/27/2026,14:09:38,33.32
4/27/2026,14:09:39,33.32
4/27/2026,14:09:40,33.25
4/27/2026,14:09:41,34.3
4/27/2026,14:09:42,34.46
4/27/2026,14:09:43,34.46
4/27/2026,14:09:44,34.26
4/27/2026,14:09:45,33.55
4/27/2026,14:09:46,33.55
4/27/2026,14:09:47,34.47
4/27/2026,14:09:48,34.9
4/27/2026,14:09:49,34.9
4/27/2026,14:09:50,34.59
4/27/2026,14:09:51,34.54
4/27/2026,14:09:52,34.54
4/27/2026,14:09:53,35.47
4/27/2026,14:09:53,35.47
4/27/2026,14:09:54,34.98
4/27/2026,14:09:55,34.98
4/27/2026,14:09:56,34.8
4/27/2026,14:09:57,34.76
4/27/2026,14:09:58,34.76
4/27/2026,14:09:59,35.14
4/27/2026,14:10:00,35.02
4/27/2026,14:10:01,35.02
4/27/2026,14:10:02,34.99
4/27/2026,14:10:03,35.38
4/27/2026,14:10:04,35.38
4/27/2026,14:10:05,35.16
4/27/2026,14:10:06,35.02
4/27/2026,14:10:07,35.02
4/27/2026,14:10:08,35.45
4/27/2026,14:10:09,35.31
4/27/2026,14:10:10,35.31
4/27/2026,14:10:11,35.4
4/27/2026,14:10:12,35.3
4/27/2026,14:10:13,35.3
4/27/2026,14:10:14,35.13
4/27/2026,14:10:15,35.02
4/27/2026,14:10:16,35.02
4/27/2026,14:10:18,35.44
4/27/2026,14:10:19,35.33
4/27/2026,14:10:20,35.33
4/27/2026,14:10:21,35.06
4/27/2026,14:10:22,34.9
4/27/2026,14:10:23,34.9
4/27/2026,14:10:24,35.39
4/27/2026,14:10:25,35.17
4/27/2026,14:10:26,35.17
4/27/2026,14:10:27,35.35
4/27/2026,14:10:28,35.02
4/27/2026,14:10:29,35.02
4/27/2026,14:10:30,35.45
4/27/2026,14:10:31,35.07
4/27/2026,14:10:32,35.07
4/27/2026,14:10:33,35.15
4/27/2026,14:10:33,13.06
4/27/2026,14:10:34,13.06
4/27/2026,14:10:35,13.06
4/27/2026,14:10:36,10.6
4/27/2026,14:10:37,9.77
4/27/2026,14:10:38,9.77
4/27/2026,14:10:38,10.02
4/27/2026,14:10:39,10.02
4/27/2026,14:10:40,9.88
4/27/2026,14:10:41,9.88
4/27/2026,14:10:42,9.74
4/27/2026,14:10:43,9.77
4/27/2026,14:10:44,9.77
4/27/2026,14:10:45,10
4/27/2026,14:10:46,9.79
4/27/2026,14:10:47,9.79
4/27/2026,14:10:48,9.47
4/27/2026,14:10:49,10.09
4/27/2026,14:10:50,10.09
4/27/2026,14:10:51,9.19
4/27/2026,14:10:52,9.32
4/27/2026,14:10:53,9.32
4/27/2026,14:10:54,9.37
4/27/2026,14:10:55,9.83
4/27/2026,14:10:56,9.83
4/27/2026,14:10:57,9.39
4/27/2026,14:10:58,9.29
4/27/2026,14:10:59,9.29
4/27/2026,14:11:00,9.4
4/27/2026,14:11:01,9.49
4/27/2026,14:11:02,9.49
4/27/2026,14:11:03,9.13
4/27/2026,14:11:04,9.78
4/27/2026,14:11:05,9.78
4/27/2026,14:11:06,9.28
4/27/2026,14:11:07,9.28
4/27/2026,14:11:08,9.28
4/27/2026,14:11:09,9.33
4/27/2026,14:11:10,9.55
4/27/2026,14:11:11,9.55
4/27/2026,14:11:12,9.31
4/27/2026,14:11:13,9.25
4/27/2026,14:11:14,9.25
4/27/2026,14:11:15,9.7
4/27/2026,14:11:16,9.35
4/27/2026,14:11:17,9.35
4/27/2026,14:11:18,9.44
4/27/2026,14:11:19,9.62
4/27/2026,14:11:20,9.62
4/27/2026,14:11:21,10.27
4/27/2026,14:11:22,9.33
4/27/2026,14:11:23,9.33
4/27/2026,14:11:24,9.21
4/27/2026,14:11:25,9.92
4/27/2026,14:11:26,9.92
4/27/2026,14:11:27,9.44
4/27/2026,14:11:28,9.39
4/27/2026,14:11:29,9.39
4/27/2026,14:11:30,9.37
4/27/2026,14:11:31,9.3
4/27/2026,14:11:32,9.3
4/27/2026,14:11:33,9.32
4/27/2026,14:11:33,18.36
4/27/2026,14:11:34,18.36
4/27/2026,14:11:35,18.36
4/27/2026,14:11:36,27.14
4/27/2026,14:11:37,26.79
4/27/2026,14:11:38,26.79
4/27/2026,14:11:39,26.82
4/27/2026,14:11:39,27.07
4/27/2026,14:11:40,27.07
4/27/2026,14:11:41,27.07
4/27/2026,14:11:42,26.92
4/27/2026,14:11:43,26.53
4/27/2026,14:11:44,26.53
4/27/2026,14:11:45,26.45
4/27/2026,14:11:46,27.08
4/27/2026,14:11:47,27.08
4/27/2026,14:11:48,27.11
4/27/2026,14:11:49,27.22
4/27/2026,14:11:50,27.22
4/27/2026,14:11:51,27.05
4/27/2026,14:11:52,27.1
4/27/2026,14:11:53,27.1
4/27/2026,14:11:54,26.51
4/27/2026,14:11:55,27.33
4/27/2026,14:11:56,27.33
4/27/2026,14:11:57,26.94
4/27/2026,14:11:58,27.45
4/27/2026,14:11:59,27.45
4/27/2026,14:12:00,27.28
4/27/2026,14:12:01,27.45
4/27/2026,14:12:02,27.45
4/27/2026,14:12:03,27.1
4/27/2026,14:12:04,27.69
4/27/2026,14:12:05,27.69
4/27/2026,14:12:06,27.05
4/27/2026,14:12:07,27.05
4/27/2026,14:12:08,27.05
4/27/2026,14:12:09,26.9
4/27/2026,14:12:10,26.96
4/27/2026,14:12:11,26.96
4/27/2026,14:12:12,26.98
4/27/2026,14:12:13,27.33
4/27/2026,14:12:14,27.33
4/27/2026,14:12:15,27.21
4/27/2026,14:12:16,26.96
4/27/2026,14:12:17,26.96
4/27/2026,14:12:18,27.14
4/27/2026,14:12:19,26.88
4/27/2026,14:12:20,26.88
4/27/2026,14:12:21,27.16
4/27/2026,14:12:22,27.61
4/27/2026,14:12:23,27.61
4/27/2026,14:12:24,27.03
4/27/2026,14:12:25,27.1
4/27/2026,14:12:26,27.1
4/27/2026,14:12:27,26.93
4/27/2026,14:12:28,27.34
4/27/2026,14:12:29,27.34
4/27/2026,14:12:30,27.47
4/27/2026,14:12:31,26.72
4/27/2026,14:12:32,26.72
4/27/2026,14:12:33,27.01
4/27/2026,14:12:33,12.77
4/27/2026,14:12:34,12.77
4/27/2026,14:12:35,12.77
4/27/2026,14:12:36,10.03
4/27/2026,14:12:37,9.38
4/27/2026,14:12:38,9.38
4/27/2026,14:12:39,9.83
4/27/2026,14:12:39,9.3
4/27/2026,14:12:40,9.3
4/27/2026,14:12:41,9.3
4/27/2026,14:12:42,9.73
4/27/2026,14:12:43,9.15
4/27/2026,14:12:44,9.15
4/27/2026,14:12:45,9.82
4/27/2026,14:12:46,9.19
4/27/2026,14:12:47,9.19
4/27/2026,14:12:48,9.24
4/27/2026,14:12:49,9.7
4/27/2026,14:12:50,9.7
4/27/2026,14:12:51,9.5
4/27/2026,14:12:52,9.33
4/27/2026,14:12:53,9.33
4/27/2026,14:12:54,9.54
4/27/2026,14:12:55,9.24
4/27/2026,14:12:56,9.24
4/27/2026,14:12:57,9.4
4/27/2026,14:12:58,9.13
4/27/2026,14:12:59,9.13
4/27/2026,14:13:00,9.59
4/27/2026,14:13:01,9.58
4/27/2026,14:13:02,9.58
4/27/2026,14:13:03,9.23
4/27/2026,14:13:04,9.86
4/27/2026,14:13:05,9.86
4/27/2026,14:13:06,9.45
4/27/2026,14:13:07,9.54
4/27/2026,14:13:08,9.54
4/27/2026,14:13:09,9.48
4/27/2026,14:13:10,9.42
4/27/2026,14:13:11,9.42
4/27/2026,14:13:12,9.26
4/27/2026,14:13:13,9.22
4/27/2026,14:13:14,9.52
4/27/2026,14:13:15,9.33
4/27/2026,14:13:16,9.33
4/27/2026,14:13:17,9.15
4/27/2026,14:13:18,9.65
4/27/2026,14:13:19,9.65
4/27/2026,14:13:20,9.58
4/27/2026,14:13:21,9.43
4/27/2026,14:13:22,9.43
4/27/2026,14:13:23,9.73
4/27/2026,14:13:24,9.32
4/27/2026,14:13:25,9.32
4/27/2026,14:13:26,9.52
4/27/2026,14:13:27,9.05
4/27/2026,14:13:28,9.05
4/27/2026,14:13:29,9.61
4/27/2026,14:13:30,9.13
4/27/2026,14:13:31,9.13
4/27/2026,14:13:32,9.71
4/27/2026,14:13:33,15.9
4/27/2026,14:13:33,15.9
4/27/2026,14:13:34,15.9
4/27/2026,14:13:35,23.57
4/27/2026,14:13:36,23.26
4/27/2026,14:13:37,23.26
4/27/2026,14:13:38,23.78
4/27/2026,14:13:39,22.77
4/27/2026,14:13:39,22.77
4/27/2026,14:13:40,22.77
4/27/2026,14:13:41,23.23
4/27/2026,14:13:42,23.2
4/27/2026,14:13:43,23.2
4/27/2026,14:13:44,24.26
4/27/2026,14:13:45,23.88
4/27/2026,14:13:46,23.88
4/27/2026,14:13:47,24.5
4/27/2026,14:13:47,24.5
4/27/2026,14:13:48,24.65
4/27/2026,14:13:49,24.65
4/27/2026,14:13:50,24.51
4/27/2026,14:13:51,24.68
4/27/2026,14:13:53,24.68
4/27/2026,14:13:54,24.54
4/27/2026,14:13:55,24.55
4/27/2026,14:13:56,24.55
4/27/2026,14:13:57,24.25
4/27/2026,14:13:58,23.47
4/27/2026,14:13:59,23.47
4/27/2026,14:14:00,23.49
4/27/2026,14:14:01,23.4
4/27/2026,14:14:02,23.4
4/27/2026,14:14:03,23.79
4/27/2026,14:14:04,24.24
4/27/2026,14:14:05,24.24
4/27/2026,14:14:06,25.55
4/27/2026,14:14:07,24.28
4/27/2026,14:14:08,24.28
4/27/2026,14:14:09,24.7
4/27/2026,14:14:10,24.47
4/27/2026,14:14:11,24.47
4/27/2026,14:14:12,24.89
4/27/2026,14:14:13,24.51
4/27/2026,14:14:14,24.51
4/27/2026,14:14:15,24.73
4/27/2026,14:14:16,24.19
4/27/2026,14:14:17,24.19
4/27/2026,14:14:18,23.96
4/27/2026,14:14:19,23.6
4/27/2026,14:14:20,23.6
4/27/2026,14:14:21,23.85
4/27/2026,14:14:22,24.53
4/27/2026,14:14:23,24.53
4/27/2026,14:14:24,23.65
4/27/2026,14:14:25,24.01
4/27/2026,14:14:26,24.01
4/27/2026,14:14:27,24.33
4/27/2026,14:14:28,24.35
4/27/2026,14:14:29,24.35
4/27/2026,14:14:30,24.39
4/27/2026,14:14:31,24.72
4/27/2026,14:14:32,24.72
4/27/2026,14:14:33,23.81
4/27/2026,14:14:33,14.76
4/27/2026,14:14:34,14.76
4/27/2026,14:14:35,14.76
4/27/2026,14:14:36,9.82
4/27/2026,14:14:37,9.76
4/27/2026,14:14:38,9.76
4/27/2026,14:14:39,9.26
4/27/2026,14:14:39,9.52
4/27/2026,14:14:40,9.52
4/27/2026,14:14:41,9.52
4/27/2026,14:14:42,9.31
4/27/2026,14:14:43,9.85
4/27/2026,14:14:44,9.85
4/27/2026,14:14:45,9.18
4/27/2026,14:14:46,9.48
4/27/2026,14:14:47,9.48
4/27/2026,14:14:48,9.29
4/27/2026,14:14:49,9.59
4/27/2026,14:14:50,9.59
4/27/2026,14:14:51,9.25
4/27/2026,14:14:52,9.46
4/27/2026,14:14:53,9.46
4/27/2026,14:14:54,10.11
4/27/2026,14:14:55,9.37
4/27/2026,14:14:56,9.37
4/27/2026,14:14:57,9.59
4/27/2026,14:14:58,9.46
4/27/2026,14:14:59,9.46
4/27/2026,14:15:00,9.26
4/27/2026,14:15:01,9.26
4/27/2026,14:15:02,9.26
4/27/2026,14:15:03,9.42
4/27/2026,14:15:04,9.85
4/27/2026,14:15:05,9.85
4/27/2026,14:15:06,10.09
4/27/2026,14:15:07,9.48
4/27/2026,14:15:08,9.48
4/27/2026,14:15:09,9.58
4/27/2026,14:15:10,9.28
4/27/2026,14:15:11,9.28
4/27/2026,14:15:12,9.49
4/27/2026,14:15:13,9.58
4/27/2026,14:15:14,9.58
4/27/2026,14:15:15,9.33
4/27/2026,14:15:16,9.47
4/27/2026,14:15:17,9.47
4/27/2026,14:15:18,9.27
4/27/2026,14:15:19,10.07
4/27/2026,14:15:20,10.07
4/27/2026,14:15:21,9.28
4/27/2026,14:15:22,9.52
4/27/2026,14:15:23,9.52
4/27/2026,14:15:24,9.49
4/27/2026,14:15:25,9.46
4/27/2026,14:15:26,9.46
4/27/2026,14:15:27,9.46
4/27/2026,14:15:28,9.87
4/27/2026,14:15:29,9.87
4/27/2026,14:15:30,9.37
4/27/2026,14:15:31,9.23
4/27/2026,14:15:32,9.23
4/27/2026,14:15:33,9.17
4/27/2026,14:15:33,17.68
4/27/2026,14:15:34,17.68
4/27/2026,14:15:35,17.68
4/27/2026,14:15:36,29.14
4/27/2026,14:15:37,29.28
4/27/2026,14:15:38,29.28
4/27/2026,14:15:38,29.09
4/27/2026,14:15:39,29.09
4/27/2026,14:15:40,29.14
4/27/2026,14:15:41,29.14
4/27/2026,14:15:42,28.9
4/27/2026,14:15:43,29.45
4/27/2026,14:15:44,29.45
4/27/2026,14:15:45,29.09
4/27/2026,14:15:46,29.2
4/27/2026,14:15:47,29.2
4/27/2026,14:15:48,29.21
4/27/2026,14:15:49,29.53
4/27/2026,14:15:50,29.53
4/27/2026,14:15:51,29.05
4/27/2026,14:15:52,29.34
4/27/2026,14:15:53,29.34
4/27/2026,14:15:54,29.38
4/27/2026,14:15:55,29.69
4/27/2026,14:15:56,29.69
4/27/2026,14:15:57,29.36
4/27/2026,14:15:58,29.66
4/27/2026,14:15:59,29.66
4/27/2026,14:16:00,29.78
4/27/2026,14:16:01,29.5
4/27/2026,14:16:02,29.5
4/27/2026,14:16:03,29.34
4/27/2026,14:16:04,29.85
4/27/2026,14:16:05,29.85
4/27/2026,14:16:06,29.82
4/27/2026,14:16:07,29.36
4/27/2026,14:16:08,29.36
4/27/2026,14:16:09,30.15
4/27/2026,14:16:10,29.49
4/27/2026,14:16:11,29.49
4/27/2026,14:16:12,29.64
4/27/2026,14:16:13,29.47
4/27/2026,14:16:14,29.47
4/27/2026,14:16:15,29.92
4/27/2026,14:16:16,29.47
4/27/2026,14:16:17,29.47
4/27/2026,14:16:18,29.75
4/27/2026,14:16:19,29.89
4/27/2026,14:16:20,29.89
4/27/2026,14:16:21,29.68
4/27/2026,14:16:22,29.33
4/27/2026,14:16:23,29.33
4/27/2026,14:16:24,29.91
4/27/2026,14:16:25,29.62
4/27/2026,14:16:26,29.62
4/27/2026,14:16:27,29.61
4/27/2026,14:16:28,29.74
4/27/2026,14:16:29,29.74
4/27/2026,14:16:30,30.24
4/27/2026,14:16:31,29.67
4/27/2026,14:16:32,29.67
4/27/2026,14:16:33,29.59
4/27/2026,14:16:33,13.66
4/27/2026,14:16:34,13.66
4/27/2026,14:16:35,13.66
4/27/2026,14:16:36,9.97
4/27/2026,14:16:37,9.55
4/27/2026,14:16:38,9.55
4/27/2026,14:16:38,9.94
4/27/2026,14:16:39,9.94
4/27/2026,14:16:40,10.01
4/27/2026,14:16:41,10.01
4/27/2026,14:16:42,9.45
4/27/2026,14:16:43,9.37
4/27/2026,14:16:44,9.37
4/27/2026,14:16:45,9.98
4/27/2026,14:16:46,9.34
4/27/2026,14:16:47,9.34
4/27/2026,14:16:48,9.22
4/27/2026,14:16:49,9.79
4/27/2026,14:16:50,9.26
4/27/2026,14:16:51,9.22
4/27/2026,14:16:52,9.22
4/27/2026,14:16:53,9.48
4/27/2026,14:16:54,9.29
4/27/2026,14:16:55,9.29
4/27/2026,14:16:56,9.16
4/27/2026,14:16:57,9.24
4/27/2026,14:16:58,9.24
4/27/2026,14:16:59,9.91
4/27/2026,14:17:00,9.28
4/27/2026,14:17:01,9.28
4/27/2026,14:17:02,9.68
4/27/2026,14:17:03,9.77
4/27/2026,14:17:04,9.77
4/27/2026,14:17:05,9.54
4/27/2026,14:17:06,9.1
4/27/2026,14:17:07,9.1
4/27/2026,14:17:08,9.66
4/27/2026,14:17:09,9.29
4/27/2026,14:17:10,9.29
4/27/2026,14:17:11,9.62
4/27/2026,14:17:12,9.24
4/27/2026,14:17:13,9.24
4/27/2026,14:17:14,9.69
4/27/2026,14:17:15,9.2
4/27/2026,14:17:16,9.2
4/27/2026,14:17:17,9.16
4/27/2026,14:17:18,9.53
4/27/2026,14:17:19,9.53
4/27/2026,14:17:20,9.15
4/27/2026,14:17:21,9.1
4/27/2026,14:17:22,9.1
4/27/2026,14:17:23,9.29
4/27/2026,14:17:24,9.39
4/27/2026,14:17:25,9.39
4/27/2026,14:17:27,9.22
4/27/2026,14:17:28,9.2
4/27/2026,14:17:29,9.2
4/27/2026,14:17:30,9.53
4/27/2026,14:17:31,9.56
4/27/2026,14:17:32,9.56
4/27/2026,14:17:33,9.42
4/27/2026,14:17:33,19.66
4/27/2026,14:17:34,19.66
4/27/2026,14:17:35,19.66
4/27/2026,14:17:36,39.01
4/27/2026,14:17:37,38.37
4/27/2026,14:17:38,38.37
4/27/2026,14:17:39,38.63
4/27/2026,14:17:39,38.95
4/27/2026,14:17:40,38.95
4/27/2026,14:17:41,38.95
4/27/2026,14:17:42,38.5
4/27/2026,14:17:43,38.8
4/27/2026,14:17:44,38.8
4/27/2026,14:17:45,38.69
4/27/2026,14:17:46,38.55
4/27/2026,14:17:47,38.55
4/27/2026,14:17:48,38.98
4/27/2026,14:17:49,38.92
4/27/2026,14:17:50,38.92
4/27/2026,14:17:51,38.77
4/27/2026,14:17:52,38.98
4/27/2026,14:17:53,38.98
4/27/2026,14:17:54,38.9
4/27/2026,14:17:55,39.18
4/27/2026,14:17:56,39.18
4/27/2026,14:17:57,38.83
4/27/2026,14:17:58,39.07
4/27/2026,14:17:59,39.07
4/27/2026,14:18:00,39.31
4/27/2026,14:18:01,39.25
4/27/2026,14:18:02,39.25
4/27/2026,14:18:03,39.04
4/27/2026,14:18:04,40.12
4/27/2026,14:18:05,40.12
4/27/2026,14:18:06,39.48
4/27/2026,14:18:07,39.31
4/27/2026,14:18:08,39.31
4/27/2026,14:18:09,39.15
4/27/2026,14:18:10,39.5
4/27/2026,14:18:11,39.5
4/27/2026,14:18:12,39.17
4/27/2026,14:18:13,39.64
4/27/2026,14:18:14,39.64
4/27/2026,14:18:15,39.65
4/27/2026,14:18:16,39.22
4/27/2026,14:18:17,39.22
4/27/2026,14:18:18,39.13
4/27/2026,14:18:19,39.6
4/27/2026,14:18:20,39.6
4/27/2026,14:18:21,39.15
4/27/2026,14:18:22,39.41
4/27/2026,14:18:23,39.41
4/27/2026,14:18:24,39.11
4/27/2026,14:18:25,39.78
4/27/2026,14:18:26,39.78
4/27/2026,14:18:27,39.23
4/27/2026,14:18:28,39.27
4/27/2026,14:18:29,39.27
4/27/2026,14:18:30,39.47
4/27/2026,14:18:31,39.3
4/27/2026,14:18:32,39.3
4/27/2026,14:18:33,37.82
4/27/2026,14:18:33,15.54
4/27/2026,14:18:34,15.54
4/27/2026,14:18:35,15.54
4/27/2026,14:18:36,10.57
4/27/2026,14:18:37,9.75
4/27/2026,14:18:38,9.75
4/27/2026,14:18:39,9.99
4/27/2026,14:18:39,9.81
4/27/2026,14:18:40,9.81
4/27/2026,14:18:41,9.81
4/27/2026,14:18:42,9.72
4/27/2026,14:18:43,9.6
4/27/2026,14:18:44,9.6
4/27/2026,14:18:45,10.23
4/27/2026,14:18:46,9.45
4/27/2026,14:18:47,9.45
4/27/2026,14:18:48,9.36
4/27/2026,14:18:49,9.76
4/27/2026,14:18:50,9.76
4/27/2026,14:18:51,9.66
4/27/2026,14:18:52,9.41
4/27/2026,14:18:53,9.41
4/27/2026,14:18:54,9.19
4/27/2026,14:18:55,9.65
4/27/2026,14:18:56,9.65
4/27/2026,14:18:57,9.17
4/27/2026,14:18:58,9.39
4/27/2026,14:18:59,9.39
4/27/2026,14:19:00,9.43
4/27/2026,14:19:01,9.4
4/27/2026,14:19:02,9.4
4/27/2026,14:19:03,9.15
4/27/2026,14:19:04,9.73
4/27/2026,14:19:05,9.73
4/27/2026,14:19:06,9.87
4/27/2026,14:19:07,9.55
4/27/2026,14:19:08,9.55
4/27/2026,14:19:09,9.25
4/27/2026,14:19:10,9.39
4/27/2026,14:19:11,9.39
4/27/2026,14:19:12,9.38
4/27/2026,14:19:13,9.25
4/27/2026,14:19:14,9.25
4/27/2026,14:19:15,9.52
4/27/2026,14:19:16,9.39
4/27/2026,14:19:17,9.39
4/27/2026,14:19:18,9.38
4/27/2026,14:19:19,9.17
4/27/2026,14:19:20,9.17
4/27/2026,14:19:21,9.62
4/27/2026,14:19:22,9.36
4/27/2026,14:19:23,9.36
4/27/2026,14:19:24,9.36
4/27/2026,14:19:25,9.74
4/27/2026,14:19:26,9.74
4/27/2026,14:19:27,9.39
4/27/2026,14:19:28,9.41
4/27/2026,14:19:29,9.41
4/27/2026,14:19:30,9.69
4/27/2026,14:19:31,9.27
4/27/2026,14:19:32,9.27
4/27/2026,14:19:33,9.33
4/27/2026,14:19:33,17.64
4/27/2026,14:19:34,17.64
4/27/2026,14:19:35,17.64
4/27/2026,14:19:36,38.26
4/27/2026,14:19:37,38.16
4/27/2026,14:19:38,38.16
4/27/2026,14:19:39,38.36
4/27/2026,14:19:39,38.09
4/27/2026,14:19:40,38.09
4/27/2026,14:19:41,38.09
4/27/2026,14:19:42,38.24
4/27/2026,14:19:43,38.12
4/27/2026,14:19:44,38.12
4/27/2026,14:19:45,38.58
4/27/2026,14:19:46,38.41
4/27/2026,14:19:47,38.41
4/27/2026,14:19:48,38.91
4/27/2026,14:19:49,38.55
4/27/2026,14:19:50,38.55
4/27/2026,14:19:51,38.5
4/27/2026,14:19:52,38.29
4/27/2026,14:19:53,38.29
4/27/2026,14:19:54,38.54
4/27/2026,14:19:55,38.84
4/27/2026,14:19:56,38.84
4/27/2026,14:19:57,38.68
4/27/2026,14:19:58,38.65
4/27/2026,14:19:59,38.65
4/27/2026,14:20:00,39.16
4/27/2026,14:20:01,39.07
4/27/2026,14:20:02,39.07
4/27/2026,14:20:03,39.26
4/27/2026,14:20:04,39.02
4/27/2026,14:20:05,39.02
4/27/2026,14:20:06,39
4/27/2026,14:20:07,39.16
4/27/2026,14:20:08,39.16
4/27/2026,14:20:09,39.15
4/27/2026,14:20:10,38.78
4/27/2026,14:20:11,38.78
4/27/2026,14:20:12,39.31
4/27/2026,14:20:13,39
4/27/2026,14:20:14,39
4/27/2026,14:20:15,38.89
4/27/2026,14:20:16,38.92
4/27/2026,14:20:17,38.92
4/27/2026,14:20:18,39.44
4/27/2026,14:20:19,39.06
4/27/2026,14:20:20,39.06
4/27/2026,14:20:21,38.91
4/27/2026,14:20:22,39.3
4/27/2026,14:20:23,39.3
4/27/2026,14:20:24,38.99
4/27/2026,14:20:25,38.99
4/27/2026,14:20:26,39.32
4/27/2026,14:20:27,38.93
4/27/2026,14:20:28,38.93
4/27/2026,14:20:29,39.06
4/27/2026,14:20:30,39.11
4/27/2026,14:20:31,39.11
4/27/2026,14:20:32,39.57
4/27/2026,14:20:33,16.03
4/27/2026,14:20:33,16.03
4/27/2026,14:20:34,16.03
4/27/2026,14:20:35,10.02
4/27/2026,14:20:36,9.78
4/27/2026,14:20:37,9.78
4/27/2026,14:20:38,9.91
4/27/2026,14:20:39,9.95
4/27/2026,14:20:39,9.95
4/27/2026,14:20:40,9.95
4/27/2026,14:20:41,9.95
4/27/2026,14:20:42,9.49
4/27/2026,14:20:43,9.49
4/27/2026,14:20:44,10.19
4/27/2026,14:20:45,9.39
4/27/2026,14:20:46,9.39
4/27/2026,14:20:47,10.34
4/27/2026,14:20:48,10.01
4/27/2026,14:20:49,10.01
4/27/2026,14:20:50,9.55
4/27/2026,14:20:51,9.23
4/27/2026,14:20:52,9.23
4/27/2026,14:20:53,9.53
4/27/2026,14:20:54,9.42
4/27/2026,14:20:55,9.42
4/27/2026,14:20:56,9.44
4/27/2026,14:20:57,9.25
4/27/2026,14:20:58,9.25
4/27/2026,14:20:59,9.52
4/27/2026,14:21:01,9.27
4/27/2026,14:21:02,9.27
4/27/2026,14:21:03,9.19
4/27/2026,14:21:04,9.85
4/27/2026,14:21:05,9.85
4/27/2026,14:21:06,9.52
4/27/2026,14:21:07,9.24
4/27/2026,14:21:08,9.24
4/27/2026,14:21:09,9.38
4/27/2026,14:21:10,9.63
4/27/2026,14:21:11,9.63
4/27/2026,14:21:12,9.85
4/27/2026,14:21:13,9.37
4/27/2026,14:21:14,9.37
4/27/2026,14:21:15,9.36
4/27/2026,14:21:16,9.54
4/27/2026,14:21:17,9.54
4/27/2026,14:21:18,9.19
4/27/2026,14:21:19,9.58
4/27/2026,14:21:20,9.58
4/27/2026,14:21:21,9.5
4/27/2026,14:21:22,9.34
4/27/2026,14:21:23,9.34
4/27/2026,14:21:24,9.36
4/27/2026,14:21:25,9.45
4/27/2026,14:21:26,9.45
4/27/2026,14:21:27,9.31
4/27/2026,14:21:28,9.24
4/27/2026,14:21:29,9.24
4/27/2026,14:21:30,9.38
4/27/2026,14:21:31,9.31
4/27/2026,14:21:32,9.31
4/27/2026,14:21:33,9.22
4/27/2026,14:21:33,14.12
4/27/2026,14:21:34,14.12
4/27/2026,14:21:35,14.12
4/27/2026,14:21:36,22.52
4/27/2026,14:21:37,21.96
4/27/2026,14:21:38,21.96
4/27/2026,14:21:39,22.33
4/27/2026,14:21:39,22.81
4/27/2026,14:21:40,22.81
4/27/2026,14:21:41,22.81
4/27/2026,14:21:42,23.07
4/27/2026,14:21:43,22.79
4/27/2026,14:21:44,22.79
4/27/2026,14:21:45,23.29
4/27/2026,14:21:46,22.41
4/27/2026,14:21:47,22.41
4/27/2026,14:21:48,22.76
4/27/2026,14:21:49,22.73
4/27/2026,14:21:50,22.73
4/27/2026,14:21:51,22.38
4/27/2026,14:21:52,22.2
4/27/2026,14:21:53,22.2
4/27/2026,14:21:54,22.03
4/27/2026,14:21:55,22.12
4/27/2026,14:21:56,22.12
4/27/2026,14:21:57,22.28
4/27/2026,14:21:58,22.25
4/27/2026,14:21:59,22.25
4/27/2026,14:22:00,22.56
4/27/2026,14:22:01,22.2
4/27/2026,14:22:02,22.2
4/27/2026,14:22:03,22.36
4/27/2026,14:22:04,22.87
4/27/2026,14:22:05,22.87
4/27/2026,14:22:06,22.58
4/27/2026,14:22:07,22.23
4/27/2026,14:22:08,22.23
4/27/2026,14:22:09,22.11
4/27/2026,14:22:10,22.49
4/27/2026,14:22:11,22.49
4/27/2026,14:22:12,22.14
4/27/2026,14:22:13,22.44
4/27/2026,14:22:14,22.44
4/27/2026,14:22:15,22.68
4/27/2026,14:22:16,22.86
4/27/2026,14:22:17,22.86
4/27/2026,14:22:18,22.13
4/27/2026,14:22:18,21.07
4/27/2026,14:22:19,21.07
4/27/2026,14:22:20,21.07
4/27/2026,14:22:21,22.24
4/27/2026,14:22:22,22.11
4/27/2026,14:22:23,22.11
4/27/2026,14:22:24,22.49
4/27/2026,14:22:24,22.34
4/27/2026,14:22:25,22.34
4/27/2026,14:22:26,22.34
4/27/2026,14:22:27,22.33
4/27/2026,14:22:28,22.16
4/27/2026,14:22:29,22.16
4/27/2026,14:22:30,21.66
4/27/2026,14:22:31,22.22
4/27/2026,14:22:32,22.22
4/27/2026,14:22:33,22.01
4/27/2026,14:22:33,14.05
4/27/2026,14:22:34,14.05
4/27/2026,14:22:35,14.05
4/27/2026,14:22:36,10
4/27/2026,14:22:37,9.54
4/27/2026,14:22:38,9.54
4/27/2026,14:22:39,9.22
4/27/2026,14:22:39,9.7
4/27/2026,14:22:40,9.7
4/27/2026,14:22:41,9.7
4/27/2026,14:22:42,9.31
4/27/2026,14:22:43,9.3
4/27/2026,14:22:44,9.3
4/27/2026,14:22:45,9.47
4/27/2026,14:22:46,9.57
4/27/2026,14:22:47,9.57
4/27/2026,14:22:48,9.48
4/27/2026,14:22:49,9.29
4/27/2026,14:22:50,9.29
4/27/2026,14:22:51,9.4
4/27/2026,14:22:52,9.13
4/27/2026,14:22:53,9.13
4/27/2026,14:22:54,9.41
4/27/2026,14:22:55,9.36
4/27/2026,14:22:56,9.36
4/27/2026,14:22:57,9.45
4/27/2026,14:22:58,9.02
4/27/2026,14:22:59,9.02
4/27/2026,14:23:00,9.67
4/27/2026,14:23:01,9.28
4/27/2026,14:23:02,9.28
4/27/2026,14:23:03,9.4
4/27/2026,14:23:04,9.39
4/27/2026,14:23:05,9.39
4/27/2026,14:23:06,9.72
4/27/2026,14:23:07,9.1
4/27/2026,14:23:08,9.1
4/27/2026,14:23:09,9.5
4/27/2026,14:23:10,9.33
4/27/2026,14:23:11,9.33
4/27/2026,14:23:12,9.31
4/27/2026,14:23:13,9.2
4/27/2026,14:23:14,9.2
4/27/2026,14:23:15,9.48
4/27/2026,14:23:16,9.43
4/27/2026,14:23:17,9.43
4/27/2026,14:23:18,9.58
4/27/2026,14:23:19,9.4
4/27/2026,14:23:20,9.4
4/27/2026,14:23:21,9.53
4/27/2026,14:23:22,9.36
4/27/2026,14:23:23,9.36
4/27/2026,14:23:24,9.32
4/27/2026,14:23:25,9.84
4/27/2026,14:23:26,9.84
4/27/2026,14:23:27,9.27
4/27/2026,14:23:28,9.47
4/27/2026,14:23:29,9.47
4/27/2026,14:23:30,9.52
4/27/2026,14:23:31,9.28
4/27/2026,14:23:32,9.28
4/27/2026,14:23:33,9.3
4/27/2026,14:23:34,10.42
4/27/2026,14:23:35,10.42
4/27/2026,14:23:35,11.66
4/27/2026,14:23:36,11.66
4/27/2026,14:23:37,11.45
4/27/2026,14:23:38,11.45
4/27/2026,14:23:39,10.93
4/27/2026,14:23:40,11.47
4/27/2026,14:23:41,11.47
4/27/2026,14:23:42,11.16
4/27/2026,14:23:43,10.94
4/27/2026,14:23:44,10.94
4/27/2026,14:23:45,11.29
4/27/2026,14:23:46,11.02
4/27/2026,14:23:47,11.02
4/27/2026,14:23:48,11.36
4/27/2026,14:23:49,11.2
4/27/2026,14:23:50,11.2
4/27/2026,14:23:51,11.65
4/27/2026,14:23:52,11.05
4/27/2026,14:23:53,11.05
4/27/2026,14:23:54,11.26
4/27/2026,14:23:55,11.43
4/27/2026,14:23:56,11.43
4/27/2026,14:23:57,11.48
4/27/2026,14:23:58,10.91
4/27/2026,14:23:59,11.59
4/27/2026,14:24:00,11.12
4/27/2026,14:24:01,11.12
4/27/2026,14:24:02,11.43
4/27/2026,14:24:03,10.94
4/27/2026,14:24:04,10.94
4/27/2026,14:24:05,12.39
4/27/2026,14:24:06,10.89
4/27/2026,14:24:07,10.89
4/27/2026,14:24:08,11.08
4/27/2026,14:24:09,11.08
4/27/2026,14:24:10,11.08
4/27/2026,14:24:11,11.46
4/27/2026,14:24:12,11.12
4/27/2026,14:24:13,11.12
4/27/2026,14:24:14,11.49
4/27/2026,14:24:15,10.99
4/27/2026,14:24:16,10.99
4/27/2026,14:24:17,11.63
4/27/2026,14:24:18,11.28
4/27/2026,14:24:19,11.28
4/27/2026,14:24:20,11.44
4/27/2026,14:24:21,10.95
4/27/2026,14:24:22,10.95
4/27/2026,14:24:23,10.96
4/27/2026,14:24:24,11.33
4/27/2026,14:24:25,11.33
4/27/2026,14:24:26,11.29
4/27/2026,14:24:27,11.4
4/27/2026,14:24:28,11.4
4/27/2026,14:24:29,11.05
4/27/2026,14:24:30,11.16
4/27/2026,14:24:31,11.16
4/27/2026,14:24:32,11.02
4/27/2026,14:24:33,11.84
4/27/2026,14:24:34,11.84
4/27/2026,14:24:35,9.6
4/27/2026,14:24:36,9.6
4/27/2026,14:24:37,9.55
4/27/2026,14:24:38,9.55
4/27/2026,14:24:39,9.34
4/27/2026,14:24:40,9.57
4/27/2026,14:24:41,9.57
4/27/2026,14:24:42,9.17
4/27/2026,14:24:43,9.26
4/27/2026,14:24:44,9.26
4/27/2026,14:24:45,9.52
4/27/2026,14:24:46,9.28
4/27/2026,14:24:47,9.28
4/27/2026,14:24:48,9.18
4/27/2026,14:24:49,9.99
4/27/2026,14:24:50,9.99
4/27/2026,14:24:51,9.21
4/27/2026,14:24:52,9.66
4/27/2026,14:24:53,9.66
4/27/2026,14:24:53,8.29
4/27/2026,14:24:54,8.29
4/27/2026,14:24:55,9.6
4/27/2026,14:24:56,9.6
4/27/2026,14:24:57,9.4
4/27/2026,14:24:58,9.11
4/27/2026,14:24:59,9.11
4/27/2026,14:24:59,9.8
4/27/2026,14:25:00,9.8
4/27/2026,14:25:01,9.46
4/27/2026,14:25:02,9.46
4/27/2026,14:25:03,10.37
4/27/2026,14:25:04,12.13
4/27/2026,14:25:04,12.13
4/27/2026,14:25:05,12.13
4/27/2026,14:25:06,9.76
4/27/2026,14:25:07,9.43
4/27/2026,14:25:08,9.43
4/27/2026,14:25:09,9.52
4/27/2026,14:25:10,9.49
4/27/2026,14:25:10,9.49
4/27/2026,14:25:11,9.49
4/27/2026,14:25:12,9.33
4/27/2026,14:25:13,9.63
4/27/2026,14:25:14,9.63
4/27/2026,14:25:15,9.09
4/27/2026,14:25:16,9.3
4/27/2026,14:25:17,9.3
4/27/2026,14:25:18,9.51
4/27/2026,14:25:19,9.95
4/27/2026,14:25:20,9.95
4/27/2026,14:25:21,9.62
4/27/2026,14:25:22,9.28
4/27/2026,14:25:23,9.28
4/27/2026,14:25:24,9.58
4/27/2026,14:25:25,9.4
4/27/2026,14:25:26,9.4
4/27/2026,14:25:27,9.09
4/27/2026,14:25:28,9.47
4/27/2026,14:25:29,9.47
4/27/2026,14:25:30,9.54
4/27/2026,14:25:31,9.41
4/27/2026,14:25:32,9.41
4/27/2026,14:25:33,9.05
4/27/2026,14:25:33,18.61
4/27/2026,14:25:34,18.61
4/27/2026,14:25:35,18.61
4/27/2026,14:25:36,36.5
4/27/2026,14:25:37,36.56
4/27/2026,14:25:38,36.56
4/27/2026,14:25:38,36.68
4/27/2026,14:25:39,36.68
4/27/2026,14:25:40,37.09
4/27/2026,14:25:41,37.09
4/27/2026,14:25:42,36.82
4/27/2026,14:25:43,37.26
4/27/2026,14:25:44,37.26
4/27/2026,14:25:45,37.32
4/27/2026,14:25:46,37.01
4/27/2026,14:25:47,37.01
4/27/2026,14:25:48,37.21
4/27/2026,14:25:49,37.59
4/27/2026,14:25:50,37.59
4/27/2026,14:25:51,37.43
4/27/2026,14:25:52,37.31
4/27/2026,14:25:53,37.31
4/27/2026,14:25:54,37.51
4/27/2026,14:25:55,37.52
4/27/2026,14:25:56,37.52
4/27/2026,14:25:57,37.42
4/27/2026,14:25:58,37.58
4/27/2026,14:25:59,37.58
4/27/2026,14:26:00,37.57
4/27/2026,14:26:01,38.35
4/27/2026,14:26:02,38.35
4/27/2026,14:26:03,37.46
4/27/2026,14:26:04,38.19
4/27/2026,14:26:05,38.19
4/27/2026,14:26:06,37.58
4/27/2026,14:26:07,37.42
4/27/2026,14:26:08,37.42
4/27/2026,14:26:09,37.87
4/27/2026,14:26:10,37.52
4/27/2026,14:26:11,37.52
4/27/2026,14:26:12,37.68
4/27/2026,14:26:13,37.92
4/27/2026,14:26:14,37.92
4/27/2026,14:26:15,37.52
4/27/2026,14:26:16,37.56
4/27/2026,14:26:17,37.56
4/27/2026,14:26:18,37.71
4/27/2026,14:26:19,38.3
4/27/2026,14:26:20,38.3
4/27/2026,14:26:21,37.63
4/27/2026,14:26:22,37.92
4/27/2026,14:26:23,37.92
4/27/2026,14:26:24,38.05
4/27/2026,14:26:25,37.73
4/27/2026,14:26:26,37.73
4/27/2026,14:26:27,38.09
4/27/2026,14:26:28,37.96
4/27/2026,14:26:29,37.96
4/27/2026,14:26:30,37.83
4/27/2026,14:26:31,37.83
4/27/2026,14:26:32,37.83
4/27/2026,14:26:33,38.12
4/27/2026,14:26:33,16.95
4/27/2026,14:26:34,16.95
4/27/2026,14:26:35,16.95
4/27/2026,14:26:36,9.94
4/27/2026,14:26:37,9.76
4/27/2026,14:26:38,9.76
4/27/2026,14:26:38,9.37
4/27/2026,14:26:39,9.37
4/27/2026,14:26:40,10.03
4/27/2026,14:26:41,10.03
4/27/2026,14:26:42,9.48
4/27/2026,14:26:43,9.62
4/27/2026,14:26:44,9.62
4/27/2026,14:26:45,9.73
4/27/2026,14:26:46,9.39
4/27/2026,14:26:47,9.39
4/27/2026,14:26:48,9.46
4/27/2026,14:26:49,9.43
4/27/2026,14:26:50,9.43
4/27/2026,14:26:51,9.49
4/27/2026,14:26:52,9.33
4/27/2026,14:26:53,9.33
4/27/2026,14:26:54,9.78
4/27/2026,14:26:55,9.82
4/27/2026,14:26:56,9.82
4/27/2026,14:26:57,9.48
4/27/2026,14:26:58,9.24
4/27/2026,14:26:59,9.24
4/27/2026,14:27:00,9.72
4/27/2026,14:27:01,9.14
4/27/2026,14:27:02,9.14
4/27/2026,14:27:03,9.57
4/27/2026,14:27:04,9.44
4/27/2026,14:27:05,9.44
4/27/2026,14:27:06,10.16
4/27/2026,14:27:07,9.1
4/27/2026,14:27:08,9.1
4/27/2026,14:27:09,9.38
4/27/2026,14:27:10,9.37
4/27/2026,14:27:11,9.37
4/27/2026,14:27:12,9.49
4/27/2026,14:27:13,9.44
4/27/2026,14:27:14,9.44
4/27/2026,14:27:15,9.79
4/27/2026,14:27:16,9.43
4/27/2026,14:27:17,9.43
4/27/2026,14:27:18,9.62
4/27/2026,14:27:19,9.3
4/27/2026,14:27:20,9.3
4/27/2026,14:27:21,9.45
4/27/2026,14:27:22,9.28
4/27/2026,14:27:23,9.28
4/27/2026,14:27:24,9.31
4/27/2026,14:27:24,10.67
4/27/2026,14:27:25,10.67
4/27/2026,14:27:26,10.67
4/27/2026,14:27:27,9.68
4/27/2026,14:27:28,9.39
4/27/2026,14:27:29,9.39
4/27/2026,14:27:30,9.73
4/27/2026,14:27:30,9.44
4/27/2026,14:27:31,9.44
4/27/2026,14:27:32,9.44
4/27/2026,14:27:33,9.32
4/27/2026,14:27:34,15.61
4/27/2026,14:27:35,37.62
4/27/2026,14:27:35,37.62
4/27/2026,14:27:36,37.42
4/27/2026,14:27:37,37.42
4/27/2026,14:27:38,37.35
4/27/2026,14:27:39,37.69
4/27/2026,14:27:40,37.69
4/27/2026,14:27:41,37.38
4/27/2026,14:27:42,37.53
4/27/2026,14:27:43,37.53
4/27/2026,14:27:44,37.44
4/27/2026,14:27:45,37.79
4/27/2026,14:27:46,37.79
4/27/2026,14:27:47,37.85
4/27/2026,14:27:48,37.66
4/27/2026,14:27:49,37.66
4/27/2026,14:27:50,38.6
4/27/2026,14:27:51,37.72
4/27/2026,14:27:52,37.72
4/27/2026,14:27:53,37.81
4/27/2026,14:27:54,37.87
4/27/2026,14:27:55,37.87
4/27/2026,14:27:56,38.22
4/27/2026,14:27:57,37.88
4/27/2026,14:27:58,37.88
4/27/2026,14:27:59,37.89
4/27/2026,14:28:00,38.45
4/27/2026,14:28:01,38.45
4/27/2026,14:28:02,38.23
4/27/2026,14:28:03,37.89
4/27/2026,14:28:04,37.89
4/27/2026,14:28:05,39.01
4/27/2026,14:28:06,37.89
4/27/2026,14:28:07,37.89
4/27/2026,14:28:08,38.14
4/27/2026,14:28:09,37.86
4/27/2026,14:28:10,37.86
4/27/2026,14:28:12,39.56
4/27/2026,14:28:13,38.06
4/27/2026,14:28:14,38.06
4/27/2026,14:28:15,38.2
4/27/2026,14:28:16,38.23
4/27/2026,14:28:17,38.23
4/27/2026,14:28:18,38.08
4/27/2026,14:28:19,38.06
4/27/2026,14:28:20,38.06
4/27/2026,14:28:21,38.52
4/27/2026,14:28:22,38.1
4/27/2026,14:28:23,38.1
4/27/2026,14:28:24,38.19
4/27/2026,14:28:25,38.41
4/27/2026,14:28:26,38.41
4/27/2026,14:28:27,38.56
4/27/2026,14:28:28,38.19
4/27/2026,14:28:29,38.19
4/27/2026,14:28:30,38.5
4/27/2026,14:28:31,38.33
4/27/2026,14:28:32,38.33
4/27/2026,14:28:33,38.63
4/27/2026,14:28:33,18.03
4/27/2026,14:28:34,18.03
4/27/2026,14:28:35,18.03
4/27/2026,14:28:36,10.05
4/27/2026,14:28:37,10.32
4/27/2026,14:28:38,10.32
4/27/2026,14:28:39,9.54
4/27/2026,14:28:39,9.97
4/27/2026,14:28:40,9.97
4/27/2026,14:28:41,9.97
4/27/2026,14:28:42,9.98
4/27/2026,14:28:43,9.57
4/27/2026,14:28:44,9.57
4/27/2026,14:28:45,9.59
4/27/2026,14:28:46,9.63
4/27/2026,14:28:47,9.63
4/27/2026,14:28:48,9.28
4/27/2026,14:28:49,9.92
4/27/2026,14:28:50,9.92
4/27/2026,14:28:51,9.28
4/27/2026,14:28:52,9.48
4/27/2026,14:28:53,9.48
4/27/2026,14:28:54,9.19
4/27/2026,14:28:55,9.61
4/27/2026,14:28:56,9.61
4/27/2026,14:28:57,9.34
4/27/2026,14:28:58,9.62
4/27/2026,14:28:59,9.62
4/27/2026,14:29:00,9.53
4/27/2026,14:29:01,9.45
4/27/2026,14:29:02,9.45
4/27/2026,14:29:03,9.45
4/27/2026,14:29:04,9.63
4/27/2026,14:29:05,9.63
4/27/2026,14:29:06,9.79
4/27/2026,14:29:07,9.83
4/27/2026,14:29:08,9.83
4/27/2026,14:29:09,9.67
4/27/2026,14:29:10,9.78
4/27/2026,14:29:11,9.78
4/27/2026,14:29:12,9.38
4/27/2026,14:29:13,9.47
4/27/2026,14:29:14,9.47
4/27/2026,14:29:15,9.49
4/27/2026,14:29:16,9.36
4/27/2026,14:29:17,9.36
4/27/2026,14:29:18,9.56
4/27/2026,14:29:19,9.63
4/27/2026,14:29:20,9.63
4/27/2026,14:29:21,9.43
4/27/2026,14:29:22,9.14
4/27/2026,14:29:23,9.14
4/27/2026,14:29:24,9.11
4/27/2026,14:29:25,9.66
4/27/2026,14:29:26,9.66
4/27/2026,14:29:27,9.18
4/27/2026,14:29:28,9.36
4/27/2026,14:29:29,9.36
4/27/2026,14:29:30,9.63
4/27/2026,14:29:31,9.54
4/27/2026,14:29:32,9.54
4/27/2026,14:29:33,9.53
4/27/2026,14:29:33,13.74
4/27/2026,14:29:34,13.74
4/27/2026,14:29:35,13.74
4/27/2026,14:29:36,24.14
4/27/2026,14:29:37,24.39
4/27/2026,14:29:38,24.39
4/27/2026,14:29:38,24.76
4/27/2026,14:29:39,24.76
4/27/2026,14:29:40,25.32
4/27/2026,14:29:41,25.32
4/27/2026,14:29:42,24.95
4/27/2026,14:29:43,24.94
4/27/2026,14:29:44,24.94
4/27/2026,14:29:45,24.71
4/27/2026,14:29:46,25.31
4/27/2026,14:29:47,25.31
4/27/2026,14:29:48,25.33
4/27/2026,14:29:49,25.64
4/27/2026,14:29:50,25.64
4/27/2026,14:29:51,25.2
4/27/2026,14:29:52,25.19
4/27/2026,14:29:53,25.19
4/27/2026,14:29:54,24.62
4/27/2026,14:29:55,24.76
4/27/2026,14:29:56,24.76
4/27/2026,14:29:57,24.33
4/27/2026,14:29:58,24.4
4/27/2026,14:29:59,24.4
4/27/2026,14:30:00,24.58
4/27/2026,14:30:01,24.68
4/27/2026,14:30:02,24.68
4/27/2026,14:30:03,24.39
4/27/2026,14:30:04,24.36
4/27/2026,14:30:05,24.36
4/27/2026,14:30:06,25
4/27/2026,14:30:07,24.71
4/27/2026,14:30:08,24.71
4/27/2026,14:30:09,24.33
4/27/2026,14:30:10,24.69
4/27/2026,14:30:11,24.69
4/27/2026,14:30:12,24.23
4/27/2026,14:30:13,24.46
4/27/2026,14:30:14,24.46
4/27/2026,14:30:15,24.6
4/27/2026,14:30:16,25.14
4/27/2026,14:30:17,25.14
4/27/2026,14:30:18,25.23
4/27/2026,14:30:19,25.76
4/27/2026,14:30:20,25.76
4/27/2026,14:30:21,25.63
4/27/2026,14:30:22,25.17
4/27/2026,14:30:23,25.17
4/27/2026,14:30:24,24.69
4/27/2026,14:30:25,25.1
4/27/2026,14:30:26,25.1
4/27/2026,14:30:27,25.37
4/27/2026,14:30:28,24.94
4/27/2026,14:30:29,24.94
4/27/2026,14:30:30,25.04
4/27/2026,14:30:31,25.43
4/27/2026,14:30:32,25.43
4/27/2026,14:30:33,25.67
4/27/2026,14:30:33,16.16
4/27/2026,14:30:34,16.16
4/27/2026,14:30:35,16.16
4/27/2026,14:30:36,10.23
4/27/2026,14:30:37,9.38
4/27/2026,14:30:38,9.38
4/27/2026,14:30:39,9.8
4/27/2026,14:30:39,9.75
4/27/2026,14:30:40,9.75
4/27/2026,14:30:41,9.75
4/27/2026,14:30:42,9.9
4/27/2026,14:30:43,9.99
4/27/2026,14:30:44,9.99
4/27/2026,14:30:45,9.99
4/27/2026,14:30:46,9.59
4/27/2026,14:30:47,9.59
4/27/2026,14:30:48,9.46
4/27/2026,14:30:49,9.21
4/27/2026,14:30:50,9.21
4/27/2026,14:30:51,9.61
4/27/2026,14:30:52,9.22
4/27/2026,14:30:53,9.22
4/27/2026,14:30:54,9.27
4/27/2026,14:30:55,9.8
4/27/2026,14:30:56,9.8
4/27/2026,14:30:57,9.51
4/27/2026,14:30:58,9.24
4/27/2026,14:30:59,9.24
4/27/2026,14:31:00,9.31
4/27/2026,14:31:01,9.44
4/27/2026,14:31:02,9.44
4/27/2026,14:31:03,9.53
4/27/2026,14:31:04,9.53
4/27/2026,14:31:05,9.53
4/27/2026,14:31:06,9.85
4/27/2026,14:31:07,9.18
4/27/2026,14:31:08,9.18
4/27/2026,14:31:09,9.75
4/27/2026,14:31:10,9.75
4/27/2026,14:31:11,9.38
4/27/2026,14:31:12,9.57
4/27/2026,14:31:13,9.57
4/27/2026,14:31:14,9.3
4/27/2026,14:31:15,9.51
4/27/2026,14:31:16,9.51
4/27/2026,14:31:17,9.53
4/27/2026,14:31:18,9.16
4/27/2026,14:31:19,9.16
4/27/2026,14:31:20,9.53
4/27/2026,14:31:21,9.06
4/27/2026,14:31:22,9.06
4/27/2026,14:31:23,9.55
4/27/2026,14:31:24,9.29
4/27/2026,14:31:25,9.29
4/27/2026,14:31:26,9.81
4/27/2026,14:31:27,9.22
4/27/2026,14:31:28,9.22
4/27/2026,14:31:29,9.41
4/27/2026,14:31:30,9.4
4/27/2026,14:31:31,9.4
4/27/2026,14:31:32,9.24
4/27/2026,14:31:33,11.89
4/27/2026,14:31:33,11.89
4/27/2026,14:31:34,11.89
4/27/2026,14:31:35,18.14
4/27/2026,14:31:36,17.32
4/27/2026,14:31:37,17.32
4/27/2026,14:31:38,17.55
4/27/2026,14:31:38,17.55
4/27/2026,14:31:39,17.39
4/27/2026,14:31:40,17.39
4/27/2026,14:31:41,17.96
4/27/2026,14:31:42,17.36
4/27/2026,14:31:43,17.36
4/27/2026,14:31:44,17.92
4/27/2026,14:31:45,17.69
4/27/2026,14:31:47,17.69
4/27/2026,14:31:48,17.71
4/27/2026,14:31:49,17.33
4/27/2026,14:31:50,17.33
4/27/2026,14:31:51,17.73
4/27/2026,14:31:52,17.41
4/27/2026,14:31:53,17.41
4/27/2026,14:31:54,17.56
4/27/2026,14:31:55,17.49
4/27/2026,14:31:56,17.49
4/27/2026,14:31:57,18
4/27/2026,14:31:58,17.44
4/27/2026,14:31:59,17.44
4/27/2026,14:32:00,17.44
4/27/2026,14:32:01,17.88
4/27/2026,14:32:02,17.88
4/27/2026,14:32:03,17.35
4/27/2026,14:32:04,17.61
4/27/2026,14:32:05,17.61
4/27/2026,14:32:06,17.96
4/27/2026,14:32:07,17.74
4/27/2026,14:32:08,17.74
4/27/2026,14:32:09,17.27
4/27/2026,14:32:10,17.56
4/27/2026,14:32:11,17.56
4/27/2026,14:32:12,17.74
4/27/2026,14:32:13,17.86
4/27/2026,14:32:14,17.86
4/27/2026,14:32:15,17.37
4/27/2026,14:32:16,18.12
4/27/2026,14:32:17,18.12
4/27/2026,14:32:18,17.35
4/27/2026,14:32:19,17.58
4/27/2026,14:32:20,17.58
4/27/2026,14:32:21,17.32
4/27/2026,14:32:22,17.9
4/27/2026,14:32:23,17.9
4/27/2026,14:32:24,17.4
4/27/2026,14:32:25,17.63
4/27/2026,14:32:26,17.63
4/27/2026,14:32:27,17.69
4/27/2026,14:32:28,17.74
4/27/2026,14:32:29,17.74
4/27/2026,14:32:30,17.42
4/27/2026,14:32:31,17.79
4/27/2026,14:32:32,17.79
4/27/2026,14:32:33,17.78
4/27/2026,14:32:33,14.68
4/27/2026,14:32:34,14.68
4/27/2026,14:32:35,14.68
4/27/2026,14:32:36,9.5
4/27/2026,14:32:37,9.55
4/27/2026,14:32:38,9.55
4/27/2026,14:32:38,9.3
4/27/2026,14:32:39,9.3
4/27/2026,14:32:40,10.08
4/27/2026,14:32:41,10.08
4/27/2026,14:32:42,9.26
4/27/2026,14:32:43,9.32
4/27/2026,14:32:44,9.32
4/27/2026,14:32:45,9.95
4/27/2026,14:32:46,9.49
4/27/2026,14:32:47,9.49
4/27/2026,14:32:48,9.31
4/27/2026,14:32:49,9.62
4/27/2026,14:32:50,9.62
4/27/2026,14:32:51,9.44
4/27/2026,14:32:52,9.3
4/27/2026,14:32:53,9.3
4/27/2026,14:32:54,9.26
4/27/2026,14:32:55,9.48
4/27/2026,14:32:56,9.48
4/27/2026,14:32:57,9.36
4/27/2026,14:32:58,9.43
4/27/2026,14:32:59,9.43
4/27/2026,14:33:00,9.53
4/27/2026,14:33:01,9.43
4/27/2026,14:33:02,9.43
4/27/2026,14:33:03,9.35
4/27/2026,14:33:04,9.74
4/27/2026,14:33:05,9.74
4/27/2026,14:33:06,9.61
4/27/2026,14:33:07,9.77
4/27/2026,14:33:08,9.77
4/27/2026,14:33:09,9.37
4/27/2026,14:33:10,9.73
4/27/2026,14:33:11,9.73
4/27/2026,14:33:12,9.24
4/27/2026,14:33:13,9.44
4/27/2026,14:33:14,9.44
4/27/2026,14:33:15,9.33
4/27/2026,14:33:16,9.63
4/27/2026,14:33:17,9.63
4/27/2026,14:33:18,9.52
4/27/2026,14:33:19,9.53
4/27/2026,14:33:20,9.53
4/27/2026,14:33:21,9.35
4/27/2026,14:33:22,9.15
4/27/2026,14:33:23,9.15
4/27/2026,14:33:24,9.14
4/27/2026,14:33:25,9.66
4/27/2026,14:33:26,9.66
4/27/2026,14:33:27,9.31
4/27/2026,14:33:28,9.39
4/27/2026,14:33:29,9.39
4/27/2026,14:33:30,9.57
4/27/2026,14:33:31,9.16
4/27/2026,14:33:32,9.16
4/27/2026,14:33:33,9.41
4/27/2026,14:33:33,14.22
4/27/2026,14:33:34,14.22
4/27/2026,14:33:35,14.22
4/27/2026,14:33:36,38.8
4/27/2026,14:33:37,38.58
4/27/2026,14:33:38,38.58
4/27/2026,14:33:38,38.82
4/27/2026,14:33:39,38.82
4/27/2026,14:33:40,39.27
4/27/2026,14:33:41,39.27
4/27/2026,14:33:42,38.68
4/27/2026,14:33:43,38.65
4/27/2026,14:33:44,38.65
4/27/2026,14:33:45,38.97
4/27/2026,14:33:46,38.8
4/27/2026,14:33:47,38.8
4/27/2026,14:33:48,39.04
4/27/2026,14:33:49,39.18
4/27/2026,14:33:50,39.18
4/27/2026,14:33:51,38.99
4/27/2026,14:33:52,38.91
4/27/2026,14:33:53,38.91
4/27/2026,14:33:54,39.02
4/27/2026,14:33:55,39.17
4/27/2026,14:33:56,39.17
4/27/2026,14:33:57,39.12
4/27/2026,14:33:58,39.12
4/27/2026,14:33:59,39.12
4/27/2026,14:34:00,39.5
4/27/2026,14:34:01,39.31
4/27/2026,14:34:02,39.31
4/27/2026,14:34:03,39.52
4/27/2026,14:34:04,39.33
4/27/2026,14:34:05,39.33
4/27/2026,14:34:06,39.99
4/27/2026,14:34:07,39.25
4/27/2026,14:34:08,39.25
4/27/2026,14:34:09,39.38
4/27/2026,14:34:10,39.86
4/27/2026,14:34:11,39.86
4/27/2026,14:34:12,39.55
4/27/2026,14:34:13,39.41
4/27/2026,14:34:14,39.41
4/27/2026,14:34:15,39.75
4/27/2026,14:34:16,38.17
4/27/2026,14:34:17,38.17
4/27/2026,14:34:18,39.46
4/27/2026,14:34:19,39.71
4/27/2026,14:34:20,39.71
4/27/2026,14:34:21,39.94
4/27/2026,14:34:22,39.41
4/27/2026,14:34:23,39.41
4/27/2026,14:34:24,39.58
4/27/2026,14:34:25,39.79
4/27/2026,14:34:26,39.79
4/27/2026,14:34:27,39.61
4/27/2026,14:34:28,39.51
4/27/2026,14:34:29,39.51
4/27/2026,14:34:30,39.85
4/27/2026,14:34:31,39.5
4/27/2026,14:34:32,39.5
4/27/2026,14:34:33,39.49
4/27/2026,14:34:33,20.07
4/27/2026,14:34:34,20.07
4/27/2026,14:34:35,20.07
4/27/2026,14:34:36,10.11
4/27/2026,14:34:37,9.75
4/27/2026,14:34:38,9.75
4/27/2026,14:34:38,9.63
4/27/2026,14:34:39,9.63
4/27/2026,14:34:40,9.97
4/27/2026,14:34:41,9.97
4/27/2026,14:34:42,9.83
4/27/2026,14:34:43,9.59
4/27/2026,14:34:44,10.11
4/27/2026,14:34:45,9.56
4/27/2026,14:34:46,9.56
4/27/2026,14:34:47,9.39
4/27/2026,14:34:48,9.48
4/27/2026,14:34:49,9.48
4/27/2026,14:34:50,10.23
4/27/2026,14:34:51,9.47
4/27/2026,14:34:52,9.47
4/27/2026,14:34:53,9.29
4/27/2026,14:34:54,9.32
4/27/2026,14:34:55,9.32
4/27/2026,14:34:56,9.51
4/27/2026,14:34:57,9.15
4/27/2026,14:34:58,9.15
4/27/2026,14:34:59,9.76
4/27/2026,14:35:00,9.15
4/27/2026,14:35:01,9.15
4/27/2026,14:35:02,9.74
4/27/2026,14:35:03,9.22
4/27/2026,14:35:04,9.22
4/27/2026,14:35:05,9.66
4/27/2026,14:35:06,9.04
4/27/2026,14:35:07,9.04
4/27/2026,14:35:08,9.54
4/27/2026,14:35:09,9.01
4/27/2026,14:35:10,9.01
4/27/2026,14:35:11,9.54
4/27/2026,14:35:12,9.49
4/27/2026,14:35:13,9.49
4/27/2026,14:35:14,9.31
4/27/2026,14:35:15,9.13
4/27/2026,14:35:16,9.13
4/27/2026,14:35:17,9.23
4/27/2026,14:35:18,9.51
4/27/2026,14:35:19,9.51
4/27/2026,14:35:21,9.45
4/27/2026,14:35:22,9.66
4/27/2026,14:35:23,9.66
4/27/2026,14:35:24,9.66
4/27/2026,14:35:25,9.29
4/27/2026,14:35:26,9.29
4/27/2026,14:35:27,9.64
4/27/2026,14:35:28,9.63
4/27/2026,14:35:29,9.63
4/27/2026,14:35:30,9.18
4/27/2026,14:35:31,9.39
4/27/2026,14:35:32,9.39
4/27/2026,14:35:33,9.08
4/27/2026,14:35:33,13.52
4/27/2026,14:35:34,13.52
4/27/2026,14:35:35,13.52
4/27/2026,14:35:36,30.48
4/27/2026,14:35:37,30.07
4/27/2026,14:35:38,30.07
4/27/2026,14:35:39,30.31
4/27/2026,14:35:39,30.09
4/27/2026,14:35:40,30.09
4/27/2026,14:35:41,30.09
4/27/2026,14:35:42,30.18
4/27/2026,14:35:43,30.71
4/27/2026,14:35:44,30.71
4/27/2026,14:35:45,30.21
4/27/2026,14:35:46,30.33
4/27/2026,14:35:47,30.33
4/27/2026,14:35:48,30.78
4/27/2026,14:35:49,30.81
4/27/2026,14:35:50,30.81
4/27/2026,14:35:51,30.28
4/27/2026,14:35:52,30.41
4/27/2026,14:35:53,30.41
4/27/2026,14:35:54,31.17
4/27/2026,14:35:55,30.53
4/27/2026,14:35:56,30.53
4/27/2026,14:35:57,30.55
4/27/2026,14:35:58,30.79
4/27/2026,14:35:59,30.79
4/27/2026,14:36:00,30.92
4/27/2026,14:36:01,30.6
4/27/2026,14:36:02,30.6
4/27/2026,14:36:03,30.64
4/27/2026,14:36:04,30.88
4/27/2026,14:36:05,30.88
4/27/2026,14:36:06,31.17
4/27/2026,14:36:07,30.83
4/27/2026,14:36:08,30.83
4/27/2026,14:36:09,31.11
4/27/2026,14:36:10,30.8
4/27/2026,14:36:11,30.8
4/27/2026,14:36:12,30.81
4/27/2026,14:36:13,30.72
4/27/2026,14:36:14,30.72
4/27/2026,14:36:15,30.98
4/27/2026,14:36:16,30.69
4/27/2026,14:36:17,30.69
4/27/2026,14:36:18,30.8
4/27/2026,14:36:19,30.98
4/27/2026,14:36:20,30.98
4/27/2026,14:36:21,30.69
4/27/2026,14:36:22,30.63
4/27/2026,14:36:23,30.63
4/27/2026,14:36:24,30.93
4/27/2026,14:36:25,30.79
4/27/2026,14:36:26,30.79
4/27/2026,14:36:27,29.59
4/27/2026,14:36:28,30.71
4/27/2026,14:36:29,30.71
4/27/2026,14:36:30,31.05
4/27/2026,14:36:31,30.81
4/27/2026,14:36:32,30.81
4/27/2026,14:36:33,30.96
4/27/2026,14:36:33,20.27
4/27/2026,14:36:34,20.27
4/27/2026,14:36:35,20.27
4/27/2026,14:36:36,10.09
4/27/2026,14:36:37,9.82
4/27/2026,14:36:38,9.82
4/27/2026,14:36:39,9.64
4/27/2026,14:36:39,9.93
4/27/2026,14:36:40,9.93
4/27/2026,14:36:41,9.93
4/27/2026,14:36:42,9.56
4/27/2026,14:36:43,9.69
4/27/2026,14:36:44,9.69
4/27/2026,14:36:45,9.75
4/27/2026,14:36:46,9.92
4/27/2026,14:36:47,9.92
4/27/2026,14:36:48,9.16
4/27/2026,14:36:49,9.58
4/27/2026,14:36:50,9.58
4/27/2026,14:36:51,9.34
4/27/2026,14:36:52,9.52
4/27/2026,14:36:53,9.52
4/27/2026,14:36:54,9.11
4/27/2026,14:36:55,9.44
4/27/2026,14:36:56,9.44
4/27/2026,14:36:57,9.49
4/27/2026,14:36:58,9.25
4/27/2026,14:36:59,9.25
4/27/2026,14:37:00,9.4
4/27/2026,14:37:01,9.26
4/27/2026,14:37:02,9.26
4/27/2026,14:37:03,9.28
4/27/2026,14:37:04,9.73
4/27/2026,14:37:05,9.73
4/27/2026,14:37:06,9.75
4/27/2026,14:37:07,9.13
4/27/2026,14:37:08,9.13
4/27/2026,14:37:09,9.24
4/27/2026,14:37:10,10.06
4/27/2026,14:37:11,10.06
4/27/2026,14:37:12,9.34
4/27/2026,14:37:13,9.2
4/27/2026,14:37:14,9.2
4/27/2026,14:37:15,9.71
4/27/2026,14:37:16,9.53
4/27/2026,14:37:17,9.53
4/27/2026,14:37:18,9.52
4/27/2026,14:37:19,9.25
4/27/2026,14:37:20,9.25
4/27/2026,14:37:21,9.4
4/27/2026,14:37:22,9.08
4/27/2026,14:37:23,9.08
4/27/2026,14:37:24,9.44
4/27/2026,14:37:25,9.57
4/27/2026,14:37:26,9.57
4/27/2026,14:37:27,9.52
4/27/2026,14:37:28,9.46
4/27/2026,14:37:29,9.46
4/27/2026,14:37:30,9.69
4/27/2026,14:37:31,9.3
4/27/2026,14:37:32,9.3
4/27/2026,14:37:33,9.36
4/27/2026,14:37:33,11.88
4/27/2026,14:37:34,11.88
4/27/2026,14:37:35,11.88
4/27/2026,14:37:36,21.21
4/27/2026,14:37:37,20.65
4/27/2026,14:37:38,20.65
4/27/2026,14:37:38,20.69
4/27/2026,14:37:39,20.69
4/27/2026,14:37:40,20.91
4/27/2026,14:37:41,20.91
4/27/2026,14:37:42,20.61
4/27/2026,14:37:43,20.64
4/27/2026,14:37:44,20.64
4/27/2026,14:37:45,20.87
4/27/2026,14:37:46,21.02
4/27/2026,14:37:47,21.02
4/27/2026,14:37:48,20.88
4/27/2026,14:37:49,20.76
4/27/2026,14:37:50,20.76
4/27/2026,14:37:51,20.96
4/27/2026,14:37:52,20.9
4/27/2026,14:37:53,20.9
4/27/2026,14:37:54,20.7
4/27/2026,14:37:55,21.08
4/27/2026,14:37:56,21.08
4/27/2026,14:37:57,20.69
4/27/2026,14:37:58,20.9
4/27/2026,14:37:59,20.9
4/27/2026,14:38:00,20.15
4/27/2026,14:38:01,20.87
4/27/2026,14:38:02,20.87
4/27/2026,14:38:03,20.71
4/27/2026,14:38:04,20.75
4/27/2026,14:38:05,20.75
4/27/2026,14:38:06,21.49
4/27/2026,14:38:07,20.85
4/27/2026,14:38:08,20.85
4/27/2026,14:38:09,20.91
4/27/2026,14:38:10,21.14
4/27/2026,14:38:11,21.14
4/27/2026,14:38:12,20.82
4/27/2026,14:38:13,20.88
4/27/2026,14:38:14,20.88
4/27/2026,14:38:15,21.1
4/27/2026,14:38:16,20.83
4/27/2026,14:38:17,20.83
4/27/2026,14:38:18,20.76
4/27/2026,14:38:19,21.01
4/27/2026,14:38:20,21.48
4/27/2026,14:38:21,21.02
4/27/2026,14:38:22,21.02
4/27/2026,14:38:23,20.79
4/27/2026,14:38:24,21.2
4/27/2026,14:38:25,21.2
4/27/2026,14:38:26,20.95
4/27/2026,14:38:27,21.03
4/27/2026,14:38:28,21.03
4/27/2026,14:38:29,21.01
4/27/2026,14:38:30,20.86
4/27/2026,14:38:31,20.86
4/27/2026,14:38:32,21.01
4/27/2026,14:38:33,16.45
4/27/2026,14:38:33,16.45
4/27/2026,14:38:34,16.45
4/27/2026,14:38:35,9.89
4/27/2026,14:38:36,9.44
4/27/2026,14:38:37,9.44
4/27/2026,14:38:38,9.45
4/27/2026,14:38:39,9.5
4/27/2026,14:38:39,9.5
4/27/2026,14:38:40,9.5
4/27/2026,14:38:41,9.5
4/27/2026,14:38:42,9.22
4/27/2026,14:38:43,9.22
4/27/2026,14:38:44,9.71
4/27/2026,14:38:45,9.13
4/27/2026,14:38:46,9.13
4/27/2026,14:38:47,9.19
4/27/2026,14:38:48,9.3
4/27/2026,14:38:49,9.3
4/27/2026,14:38:50,9.67
4/27/2026,14:38:51,9.19
4/27/2026,14:38:52,9.19
4/27/2026,14:38:53,9.16
4/27/2026,14:38:54,9.57
4/27/2026,14:38:56,9.57
4/27/2026,14:38:57,9.21
4/27/2026,14:38:58,9.22
4/27/2026,14:38:59,9.22
4/27/2026,14:39:00,9.22
4/27/2026,14:39:01,10.16
4/27/2026,14:39:02,10.16
4/27/2026,14:39:03,9
4/27/2026,14:39:04,9.27
4/27/2026,14:39:05,9.27
4/27/2026,14:39:06,9.77
4/27/2026,14:39:07,9.5
4/27/2026,14:39:08,9.5
4/27/2026,14:39:09,9.17
4/27/2026,14:39:10,9.63
4/27/2026,14:39:11,9.63
4/27/2026,14:39:12,9.24
4/27/2026,14:39:13,9.33
4/27/2026,14:39:14,9.33
4/27/2026,14:39:15,9.09
4/27/2026,14:39:16,9.51
4/27/2026,14:39:17,9.51
4/27/2026,14:39:18,9.26
4/27/2026,14:39:19,9.64
4/27/2026,14:39:20,9.64
4/27/2026,14:39:21,9.76
4/27/2026,14:39:22,9.43
4/27/2026,14:39:23,9.43
4/27/2026,14:39:24,9.19
4/27/2026,14:39:25,9.64
4/27/2026,14:39:26,9.64
4/27/2026,14:39:27,9.19
4/27/2026,14:39:28,9.4
4/27/2026,14:39:29,9.4
4/27/2026,14:39:30,9.49
4/27/2026,14:39:31,9.61
4/27/2026,14:39:32,9.61
4/27/2026,14:39:33,9.72
4/27/2026,14:39:33,13.26
4/27/2026,14:39:34,13.26
4/27/2026,14:39:35,13.26
4/27/2026,14:39:36,34.87
4/27/2026,14:39:37,34.67
4/27/2026,14:39:38,34.67
4/27/2026,14:39:38,35.01
4/27/2026,14:39:39,35.01
4/27/2026,14:39:40,35.37
4/27/2026,14:39:41,35.37
4/27/2026,14:39:42,35.13
4/27/2026,14:39:43,34.89
4/27/2026,14:39:44,34.89
4/27/2026,14:39:45,35.48
4/27/2026,14:39:46,35.12
4/27/2026,14:39:47,35.12
4/27/2026,14:39:48,35.51
4/27/2026,14:39:49,35.61
4/27/2026,14:39:50,35.61
4/27/2026,14:39:51,35.26
4/27/2026,14:39:52,35.58
4/27/2026,14:39:53,35.58
4/27/2026,14:39:54,35.29
4/27/2026,14:39:55,35.68
4/27/2026,14:39:56,35.68
4/27/2026,14:39:57,35.57
4/27/2026,14:39:58,35.37
4/27/2026,14:39:59,35.37
4/27/2026,14:40:00,36.3
4/27/2026,14:40:01,35.25
4/27/2026,14:40:02,35.25
4/27/2026,14:40:03,35.25
4/27/2026,14:40:04,35.99
4/27/2026,14:40:05,35.99
4/27/2026,14:40:05,36.91
4/27/2026,14:40:06,36.91
4/27/2026,14:40:07,35.77
4/27/2026,14:40:08,35.77
4/27/2026,14:40:09,35.52
4/27/2026,14:40:10,35.62
4/27/2026,14:40:11,35.62
4/27/2026,14:40:12,36.21
4/27/2026,14:40:13,35.74
4/27/2026,14:40:14,35.74
4/27/2026,14:40:15,35.73
4/27/2026,14:40:16,36.14
4/27/2026,14:40:17,36.14
4/27/2026,14:40:18,35.57
4/27/2026,14:40:19,35.9
4/27/2026,14:40:20,35.9
4/27/2026,14:40:21,35.71
4/27/2026,14:40:22,36.21
4/27/2026,14:40:23,36.21
4/27/2026,14:40:24,35.93
4/27/2026,14:40:25,35.87
4/27/2026,14:40:26,35.87
4/27/2026,14:40:27,35.97
4/27/2026,14:40:28,35.88
4/27/2026,14:40:29,35.88
4/27/2026,14:40:30,35.83
4/27/2026,14:40:31,36.2
4/27/2026,14:40:32,36.2
4/27/2026,14:40:33,35.61
4/27/2026,14:40:33,22.57
4/27/2026,14:40:34,22.57
4/27/2026,14:40:35,22.57
4/27/2026,14:40:36,10.37
4/27/2026,14:40:37,9.9
4/27/2026,14:40:38,9.9
4/27/2026,14:40:39,9.55
4/27/2026,14:40:39,10.13
4/27/2026,14:40:40,10.13
4/27/2026,14:40:41,10.13
4/27/2026,14:40:42,9.65
4/27/2026,14:40:43,9.71
4/27/2026,14:40:44,9.71
4/27/2026,14:40:45,9.87
4/27/2026,14:40:46,9.31
4/27/2026,14:40:47,9.31
4/27/2026,14:40:48,9.49
4/27/2026,14:40:49,9.48
4/27/2026,14:40:50,9.48
4/27/2026,14:40:51,9.88
4/27/2026,14:40:52,9.2
4/27/2026,14:40:53,9.2
4/27/2026,14:40:54,9.47
4/27/2026,14:40:55,9.66
4/27/2026,14:40:56,9.66
4/27/2026,14:40:57,9.36
4/27/2026,14:40:57,9.12
4/27/2026,14:40:58,9.12
4/27/2026,14:40:59,9.12
4/27/2026,14:41:00,9.68
4/27/2026,14:41:01,9.27
4/27/2026,14:41:02,9.27
4/27/2026,14:41:03,9.4
4/27/2026,14:41:04,9.2
4/27/2026,14:41:05,9.2
4/27/2026,14:41:06,10.04
4/27/2026,14:41:07,9.62
4/27/2026,14:41:08,9.62
4/27/2026,14:41:08,10.17
4/27/2026,14:41:09,10.17
4/27/2026,14:41:10,9.63
4/27/2026,14:41:11,9.63
4/27/2026,14:41:12,9.28
4/27/2026,14:41:13,9.39
4/27/2026,14:41:14,9.39
4/27/2026,14:41:15,9.49
4/27/2026,14:41:16,9.65
4/27/2026,14:41:17,9.65
4/27/2026,14:41:18,9.22
4/27/2026,14:41:19,9.39
4/27/2026,14:41:20,9.39
4/27/2026,14:41:21,9.66
4/27/2026,14:41:22,9.44
4/27/2026,14:41:23,9.44
4/27/2026,14:41:24,9.22
4/27/2026,14:41:25,9.89
4/27/2026,14:41:26,9.89
4/27/2026,14:41:27,9.49
4/27/2026,14:41:28,9.29
4/27/2026,14:41:29,9.29
4/27/2026,14:41:30,9.5
4/27/2026,14:41:30,9.14
4/27/2026,14:41:31,9.14
4/27/2026,14:41:32,9.14
4/27/2026,14:41:33,9.59
4/27/2026,14:41:34,11.66
4/27/2026,14:41:35,11.66
4/27/2026,14:41:35,25.33
4/27/2026,14:41:36,25.33
4/27/2026,14:41:37,25.43
4/27/2026,14:41:38,25.43
4/27/2026,14:41:39,26
4/27/2026,14:41:40,25.71
4/27/2026,14:41:41,25.71
4/27/2026,14:41:42,25.46
4/27/2026,14:41:43,24.39
4/27/2026,14:41:44,24.39
4/27/2026,14:41:45,25.12
4/27/2026,14:41:46,25.18
4/27/2026,14:41:47,25.18
4/27/2026,14:41:48,25.85
4/27/2026,14:41:49,25.29
4/27/2026,14:41:50,25.29
4/27/2026,14:41:51,25.75
4/27/2026,14:41:52,24.56
4/27/2026,14:41:53,24.56
4/27/2026,14:41:54,25.02
4/27/2026,14:41:55,25.28
4/27/2026,14:41:56,25.28
4/27/2026,14:41:57,24.57
4/27/2026,14:41:58,24.57
4/27/2026,14:41:59,25.46
4/27/2026,14:42:00,24.9
4/27/2026,14:42:01,24.9
4/27/2026,14:42:02,24.96
4/27/2026,14:42:03,24.75
4/27/2026,14:42:04,24.75
4/27/2026,14:42:05,25.27
4/27/2026,14:42:06,24.65
4/27/2026,14:42:07,24.65
4/27/2026,14:42:08,25.07
4/27/2026,14:42:09,25.02
4/27/2026,14:42:10,25.02
4/27/2026,14:42:11,25.13
4/27/2026,14:42:12,24.72
4/27/2026,14:42:13,24.72
4/27/2026,14:42:14,25.18
4/27/2026,14:42:15,24.82
4/27/2026,14:42:16,24.82
4/27/2026,14:42:17,25.19
4/27/2026,14:42:18,25.04
4/27/2026,14:42:19,25.04
4/27/2026,14:42:20,25.75
4/27/2026,14:42:21,25.31
4/27/2026,14:42:22,25.31
4/27/2026,14:42:23,25.58
4/27/2026,14:42:24,25.64
4/27/2026,14:42:25,25.64
4/27/2026,14:42:26,25.12
4/27/2026,14:42:27,25.12
4/27/2026,14:42:28,25.12
4/27/2026,14:42:29,25.25
4/27/2026,14:42:30,25.03
4/27/2026,14:42:32,25.03
4/27/2026,14:42:33,24.96
4/27/2026,14:42:33,20.07
4/27/2026,14:42:34,20.07
4/27/2026,14:42:35,20.07
4/27/2026,14:42:36,9.97
4/27/2026,14:42:37,10.08
4/27/2026,14:42:38,10.08
4/27/2026,14:42:39,9.27
4/27/2026,14:42:39,9.81
4/27/2026,14:42:40,9.81
4/27/2026,14:42:41,9.81
4/27/2026,14:42:42,9.6
4/27/2026,14:42:43,9.68
4/27/2026,14:42:44,9.68
4/27/2026,14:42:45,9.44
4/27/2026,14:42:46,9.33
4/27/2026,14:42:47,9.33
4/27/2026,14:42:48,9.04
4/27/2026,14:42:49,9.52
4/27/2026,14:42:50,9.52
4/27/2026,14:42:51,9.22
4/27/2026,14:42:52,9.65
4/27/2026,14:42:53,9.65
4/27/2026,14:42:54,9.09
4/27/2026,14:42:55,9.62
4/27/2026,14:42:56,9.62
4/27/2026,14:42:57,9.28
4/27/2026,14:42:58,9.16
4/27/2026,14:42:59,9.16
4/27/2026,14:43:00,9.64
4/27/2026,14:43:01,9.53
4/27/2026,14:43:02,9.53
4/27/2026,14:43:03,9.4
4/27/2026,14:43:04,9.21
4/27/2026,14:43:05,9.21
4/27/2026,14:43:06,10.37
4/27/2026,14:43:07,9.31
4/27/2026,14:43:08,9.31
4/27/2026,14:43:09,9.4
4/27/2026,14:43:10,9.55
4/27/2026,14:43:11,9.55
4/27/2026,14:43:12,9.37
4/27/2026,14:43:13,9.6
4/27/2026,14:43:14,9.6
4/27/2026,14:43:15,9.17
4/27/2026,14:43:16,9.72
4/27/2026,14:43:17,9.72
4/27/2026,14:43:18,9.25
4/27/2026,14:43:19,9.41
4/27/2026,14:43:20,9.41
4/27/2026,14:43:21,9.32
4/27/2026,14:43:22,9.34
4/27/2026,14:43:23,9.34
4/27/2026,14:43:24,9.02
4/27/2026,14:43:25,9.83
4/27/2026,14:43:26,9.83
4/27/2026,14:43:27,9
4/27/2026,14:43:28,9.56
4/27/2026,14:43:29,9.56
4/27/2026,14:43:30,9.17
4/27/2026,14:43:31,9.87
4/27/2026,14:43:32,9.87
4/27/2026,14:43:33,9.24
4/27/2026,14:43:33,11.29
4/27/2026,14:43:34,11.29
4/27/2026,14:43:35,11.29
4/27/2026,14:43:36,22.62
4/27/2026,14:43:37,22.19
4/27/2026,14:43:38,22.19
4/27/2026,14:43:39,21.85
4/27/2026,14:43:39,22.6
4/27/2026,14:43:40,22.6
4/27/2026,14:43:41,22.6
4/27/2026,14:43:42,22.34
4/27/2026,14:43:43,22.32
4/27/2026,14:43:44,22.32
4/27/2026,14:43:45,22.25
4/27/2026,14:43:46,22.56
4/27/2026,14:43:47,22.56
4/27/2026,14:43:48,22.28
4/27/2026,14:43:49,22.27
4/27/2026,14:43:50,22.27
4/27/2026,14:43:51,22.23
4/27/2026,14:43:52,22.29
4/27/2026,14:43:53,22.29
4/27/2026,14:43:54,22.16
4/27/2026,14:43:55,22.68
4/27/2026,14:43:56,22.68
4/27/2026,14:43:57,22.29
4/27/2026,14:43:58,22.29
4/27/2026,14:43:59,22.29
4/27/2026,14:44:00,22.31
4/27/2026,14:44:01,23.14
4/27/2026,14:44:02,23.14
4/27/2026,14:44:03,22.34
4/27/2026,14:44:04,22.48
4/27/2026,14:44:05,22.48
4/27/2026,14:44:06,22.92
4/27/2026,14:44:07,22.44
4/27/2026,14:44:08,22.44
4/27/2026,14:44:09,22.4
4/27/2026,14:44:10,22.75
4/27/2026,14:44:11,22.75
4/27/2026,14:44:12,22.79
4/27/2026,14:44:13,22.67
4/27/2026,14:44:14,22.67
4/27/2026,14:44:15,22.36
4/27/2026,14:44:16,22.85
4/27/2026,14:44:17,22.85
4/27/2026,14:44:18,22.42
4/27/2026,14:44:19,22.37
4/27/2026,14:44:20,22.37
4/27/2026,14:44:21,22.69
4/27/2026,14:44:22,22.29
4/27/2026,14:44:23,22.29
4/27/2026,14:44:24,22.4
4/27/2026,14:44:25,22.59
4/27/2026,14:44:26,22.59
4/27/2026,14:44:27,22.5
4/27/2026,14:44:28,22.38
4/27/2026,14:44:29,22.38
4/27/2026,14:44:30,22.49
4/27/2026,14:44:31,22.65
4/27/2026,14:44:32,22.65
4/27/2026,14:44:33,22.95
4/27/2026,14:44:33,18.67
4/27/2026,14:44:34,18.67
4/27/2026,14:44:35,18.67
4/27/2026,14:44:36,9.93
4/27/2026,14:44:37,9.42
4/27/2026,14:44:38,9.42
4/27/2026,14:44:39,9.43
4/27/2026,14:44:39,9.67
4/27/2026,14:44:40,9.67
4/27/2026,14:44:41,9.67
4/27/2026,14:44:42,9.59
4/27/2026,14:44:43,9.23
4/27/2026,14:44:44,9.23
4/27/2026,14:44:45,9.9
4/27/2026,14:44:46,9.68
4/27/2026,14:44:47,9.68
4/27/2026,14:44:48,9.79
4/27/2026,14:44:49,9.24
4/27/2026,14:44:50,9.24
4/27/2026,14:44:51,9.75
4/27/2026,14:44:52,9.46
4/27/2026,14:44:53,9.46
4/27/2026,14:44:54,9.31
4/27/2026,14:44:55,9.7
4/27/2026,14:44:56,9.7
4/27/2026,14:44:57,9.27
4/27/2026,14:44:58,9.4
4/27/2026,14:44:59,9.4
4/27/2026,14:45:00,9.42
4/27/2026,14:45:01,9.53
4/27/2026,14:45:02,9.53
4/27/2026,14:45:03,9.76
4/27/2026,14:45:04,9.51
4/27/2026,14:45:05,9.51
4/27/2026,14:45:06,9.77
4/27/2026,14:45:07,9.24
4/27/2026,14:45:08,9.24
4/27/2026,14:45:09,10.18
4/27/2026,14:45:10,9.17
4/27/2026,14:45:11,9.17
4/27/2026,14:45:12,9.64
4/27/2026,14:45:13,9.46
4/27/2026,14:45:14,9.46
4/27/2026,14:45:15,9.42
4/27/2026,14:45:16,9.41
4/27/2026,14:45:17,9.41
4/27/2026,14:45:18,9.64
4/27/2026,14:45:19,9.32
4/27/2026,14:45:20,9.32
4/27/2026,14:45:21,9.58
4/27/2026,14:45:22,9.11
4/27/2026,14:45:23,9.11
4/27/2026,14:45:24,9.69
4/27/2026,14:45:25,9.17
4/27/2026,14:45:26,9.17
4/27/2026,14:45:27,9.37
4/27/2026,14:45:28,9.43
4/27/2026,14:45:29,9.43
4/27/2026,14:45:30,9.51
4/27/2026,14:45:31,9.51
4/27/2026,14:45:32,9.42
4/27/2026,14:45:33,10.13
4/27/2026,14:45:34,10.13
4/27/2026,14:45:35,11.99
4/27/2026,14:45:35,11.99
4/27/2026,14:45:36,11.4
4/27/2026,14:45:37,11.4
4/27/2026,14:45:38,11.67
4/27/2026,14:45:39,11.47
4/27/2026,14:45:40,11.47
4/27/2026,14:45:41,11.27
4/27/2026,14:45:42,11.51
4/27/2026,14:45:43,11.51
4/27/2026,14:45:44,11.12
4/27/2026,14:45:45,11.52
4/27/2026,14:45:46,11.52
4/27/2026,14:45:47,11.7
4/27/2026,14:45:48,11.56
4/27/2026,14:45:49,11.56
4/27/2026,14:45:50,11.43
4/27/2026,14:45:51,11.43
4/27/2026,14:45:52,11.43
4/27/2026,14:45:53,11.81
4/27/2026,14:45:54,11.6
4/27/2026,14:45:55,11.6
4/27/2026,14:45:56,11.32
4/27/2026,14:45:57,11.7
4/27/2026,14:45:58,11.7
4/27/2026,14:45:59,11.35
4/27/2026,14:46:00,11.41
4/27/2026,14:46:01,11.41
4/27/2026,14:46:02,11.61
4/27/2026,14:46:03,11.51
4/27/2026,14:46:04,11.51
4/27/2026,14:46:05,11.77
4/27/2026,14:46:07,11.4
4/27/2026,14:46:08,11.4
4/27/2026,14:46:09,11.43
4/27/2026,14:46:10,11.24
4/27/2026,14:46:11,11.24
4/27/2026,14:46:12,11.8
4/27/2026,14:46:13,11.47
4/27/2026,14:46:14,11.47
4/27/2026,14:46:15,11.38
4/27/2026,14:46:16,11.08
4/27/2026,14:46:17,11.08
4/27/2026,14:46:18,11.7
4/27/2026,14:46:19,11.92
4/27/2026,14:46:20,11.92
4/27/2026,14:46:21,11.25
4/27/2026,14:46:22,11.65
4/27/2026,14:46:23,11.65
4/27/2026,14:46:24,11.57
4/27/2026,14:46:25,11.19
4/27/2026,14:46:26,11.19
4/27/2026,14:46:27,11.34
4/27/2026,14:46:28,11.62
4/27/2026,14:46:29,11.62
4/27/2026,14:46:30,11.53
4/27/2026,14:46:31,11.34
4/27/2026,14:46:32,11.34
4/27/2026,14:46:33,11.39
4/27/2026,14:46:34,12.14
4/27/2026,14:46:35,12.14
4/27/2026,14:46:35,9.88
4/27/2026,14:46:36,9.88
4/27/2026,14:46:37,9.52
4/27/2026,14:46:38,9.52
4/27/2026,14:46:39,9.26
4/27/2026,14:46:40,9.71
4/27/2026,14:46:41,9.71
4/27/2026,14:46:42,9.07
4/27/2026,14:46:43,9.26
4/27/2026,14:46:44,9.26
4/27/2026,14:46:45,9.13
4/27/2026,14:46:46,10.07
4/27/2026,14:46:47,10.07
4/27/2026,14:46:48,9.01
4/27/2026,14:46:49,9.72
4/27/2026,14:46:50,9.72
4/27/2026,14:46:51,9.54
4/27/2026,14:46:52,9.16
4/27/2026,14:46:53,9.16
4/27/2026,14:46:54,9.29
4/27/2026,14:46:55,9.55
4/27/2026,14:46:56,9.55
4/27/2026,14:46:57,9.15
4/27/2026,14:46:58,9.46
4/27/2026,14:46:59,9.46
4/27/2026,14:47:00,8.93
4/27/2026,14:47:01,9.81
4/27/2026,14:47:02,9.81
4/27/2026,14:47:03,8.96
4/27/2026,14:47:04,9.52
4/27/2026,14:47:05,9.52
4/27/2026,14:47:06,9.73
4/27/2026,14:47:07,9.1
4/27/2026,14:47:08,9.1
4/27/2026,14:47:09,9.6
4/27/2026,14:47:10,9.5
4/27/2026,14:47:11,9.5
4/27/2026,14:47:12,9.37
4/27/2026,14:47:13,9.24
4/27/2026,14:47:14,9.24
4/27/2026,14:47:15,9.42
4/27/2026,14:47:16,9.34
4/27/2026,14:47:17,9.34
4/27/2026,14:47:18,9.28
4/27/2026,14:47:19,9.15
4/27/2026,14:47:20,9.15
4/27/2026,14:47:21,9.54
4/27/2026,14:47:22,9.21
4/27/2026,14:47:23,9.21
4/27/2026,14:47:24,9.25
4/27/2026,14:47:25,9.72
4/27/2026,14:47:26,9.72
4/27/2026,14:47:27,9.23
4/27/2026,14:47:28,9.33
4/27/2026,14:47:29,9.33
4/27/2026,14:47:30,9.08
4/27/2026,14:47:31,9.75
4/27/2026,14:47:32,9.75
4/27/2026,14:47:33,8.97
4/27/2026,14:47:33,11.15
4/27/2026,14:47:34,11.15
4/27/2026,14:47:35,11.15
4/27/2026,14:47:36,28.61
4/27/2026,14:47:37,28.54
4/27/2026,14:47:38,28.54
4/27/2026,14:47:38,27.93
4/27/2026,14:47:39,27.93
4/27/2026,14:47:40,28.56
4/27/2026,14:47:41,28.56
4/27/2026,14:47:42,28.11
4/27/2026,14:47:43,28.32
4/27/2026,14:47:44,28.32
4/27/2026,14:47:45,28.2
4/27/2026,14:47:46,28.73
4/27/2026,14:47:47,28.73
4/27/2026,14:47:48,28.47
4/27/2026,14:47:49,28.43
4/27/2026,14:47:50,28.43
4/27/2026,14:47:51,28.46
4/27/2026,14:47:52,28.57
4/27/2026,14:47:53,28.57
4/27/2026,14:47:54,28.36
4/27/2026,14:47:55,28.68
4/27/2026,14:47:56,28.68
4/27/2026,14:47:57,28.69
4/27/2026,14:47:58,28.36
4/27/2026,14:47:59,28.36
4/27/2026,14:48:00,28.27
4/27/2026,14:48:01,28.62
4/27/2026,14:48:02,28.62
4/27/2026,14:48:03,28.49
4/27/2026,14:48:04,28.52
4/27/2026,14:48:05,28.52
4/27/2026,14:48:05,29.68
4/27/2026,14:48:06,29.68
4/27/2026,14:48:07,28.64
4/27/2026,14:48:08,28.64
4/27/2026,14:48:09,28.41
4/27/2026,14:48:10,28.84
4/27/2026,14:48:11,28.84
4/27/2026,14:48:12,29.13
4/27/2026,14:48:13,28.65
4/27/2026,14:48:14,28.65
4/27/2026,14:48:15,28.62
4/27/2026,14:48:16,28.99
4/27/2026,14:48:17,28.99
4/27/2026,14:48:18,28.62
4/27/2026,14:48:19,29.02
4/27/2026,14:48:20,29.02
4/27/2026,14:48:21,28.71
4/27/2026,14:48:22,28.9
4/27/2026,14:48:23,28.9
4/27/2026,14:48:24,28.77
4/27/2026,14:48:25,28.85
4/27/2026,14:48:26,28.85
4/27/2026,14:48:27,29.02
4/27/2026,14:48:28,29.11
4/27/2026,14:48:29,29.11
4/27/2026,14:48:30,28.56
4/27/2026,14:48:31,28.93
4/27/2026,14:48:32,28.93
4/27/2026,14:48:33,28.77
4/27/2026,14:48:33,24.11
4/27/2026,14:48:34,24.11
4/27/2026,14:48:35,24.11
4/27/2026,14:48:36,10.18
4/27/2026,14:48:37,9.26
4/27/2026,14:48:38,9.26
4/27/2026,14:48:39,9.55
4/27/2026,14:48:39,9.66
4/27/2026,14:48:40,9.66
4/27/2026,14:48:41,9.66
4/27/2026,14:48:42,9.9
4/27/2026,14:48:43,9.11
4/27/2026,14:48:44,9.11
4/27/2026,14:48:45,9.91
4/27/2026,14:48:46,9.38
4/27/2026,14:48:47,9.38
4/27/2026,14:48:48,9.53
4/27/2026,14:48:49,9.15
4/27/2026,14:48:50,9.15
4/27/2026,14:48:51,9.67
4/27/2026,14:48:52,9.24
4/27/2026,14:48:53,9.24
4/27/2026,14:48:54,9.54
4/27/2026,14:48:55,9.55
4/27/2026,14:48:56,9.55
4/27/2026,14:48:57,9.24
4/27/2026,14:48:58,9.21
4/27/2026,14:48:59,9.21
4/27/2026,14:49:00,9.66
4/27/2026,14:49:01,9.52
4/27/2026,14:49:02,9.52
4/27/2026,14:49:03,9.2
4/27/2026,14:49:04,9.3
4/27/2026,14:49:05,10.08
4/27/2026,14:49:06,9.49
4/27/2026,14:49:07,9.49
4/27/2026,14:49:08,9.4
4/27/2026,14:49:09,9.56
4/27/2026,14:49:10,9.56
4/27/2026,14:49:11,9.68
4/27/2026,14:49:12,9.62
4/27/2026,14:49:13,9.62
4/27/2026,14:49:14,9.31
4/27/2026,14:49:15,9.47
4/27/2026,14:49:16,9.47
4/27/2026,14:49:17,9.49
4/27/2026,14:49:18,9.25
4/27/2026,14:49:19,9.25
4/27/2026,14:49:20,9.83
4/27/2026,14:49:21,9.12
4/27/2026,14:49:22,9.12
4/27/2026,14:49:23,9.18
4/27/2026,14:49:24,9.72
4/27/2026,14:49:25,9.72
4/27/2026,14:49:26,9.34
4/27/2026,14:49:27,9.23
4/27/2026,14:49:28,9.23
4/27/2026,14:49:29,9.33
4/27/2026,14:49:30,9.52
4/27/2026,14:49:31,9.52
4/27/2026,14:49:32,9.26
4/27/2026,14:49:33,10.79
4/27/2026,14:49:33,10.79
4/27/2026,14:49:34,10.79
4/27/2026,14:49:35,20.52
4/27/2026,14:49:36,19.78
4/27/2026,14:49:37,19.78
4/27/2026,14:49:38,20.05
4/27/2026,14:49:39,20.08
4/27/2026,14:49:39,20.08
4/27/2026,14:49:40,20.08
4/27/2026,14:49:41,20.43
4/27/2026,14:49:43,19.9
4/27/2026,14:49:44,19.9
4/27/2026,14:49:45,20.66
4/27/2026,14:49:46,19.97
4/27/2026,14:49:47,19.97
4/27/2026,14:49:48,20.38
4/27/2026,14:49:49,19.89
4/27/2026,14:49:50,19.89
4/27/2026,14:49:51,20.4
4/27/2026,14:49:52,19.96
4/27/2026,14:49:53,19.96
4/27/2026,14:49:54,20.12
4/27/2026,14:49:55,20.33
4/27/2026,14:49:56,20.33
4/27/2026,14:49:57,20.49
4/27/2026,14:49:58,19.95
4/27/2026,14:49:59,19.95
4/27/2026,14:50:00,20.07
4/27/2026,14:50:01,20.18
4/27/2026,14:50:02,20.18
4/27/2026,14:50:03,20.36
4/27/2026,14:50:04,20.2
4/27/2026,14:50:05,20.2
4/27/2026,14:50:06,20.57
4/27/2026,14:50:07,20.51
4/27/2026,14:50:08,20.51
4/27/2026,14:50:09,20
4/27/2026,14:50:10,20.39
4/27/2026,14:50:11,20.39
4/27/2026,14:50:12,20.48
4/27/2026,14:50:13,20.2
4/27/2026,14:50:14,20.2
4/27/2026,14:50:15,20.27
4/27/2026,14:50:16,20.49
4/27/2026,14:50:17,20.49
4/27/2026,14:50:18,19.93
4/27/2026,14:50:19,20.37
4/27/2026,14:50:20,20.37
4/27/2026,14:50:21,20.03
4/27/2026,14:50:22,20.55
4/27/2026,14:50:23,20.55
4/27/2026,14:50:24,20
4/27/2026,14:50:25,20.28
4/27/2026,14:50:26,20.28
4/27/2026,14:50:27,20.75
4/27/2026,14:50:28,20.27
4/27/2026,14:50:29,20.27
4/27/2026,14:50:30,20.03
4/27/2026,14:50:31,20.89
4/27/2026,14:50:32,20.89
4/27/2026,14:50:33,20.12
4/27/2026,14:50:34,19.76
4/27/2026,14:50:35,19.76
4/27/2026,14:50:35,9.51
4/27/2026,14:50:36,9.51
4/27/2026,14:50:37,9.61
4/27/2026,14:50:38,9.61
4/27/2026,14:50:39,9.24
4/27/2026,14:50:40,9.68
4/27/2026,14:50:41,9.68
4/27/2026,14:50:42,9.44
4/27/2026,14:50:43,9.24
4/27/2026,14:50:44,9.24
4/27/2026,14:50:45,9.71
4/27/2026,14:50:46,9.43
4/27/2026,14:50:47,9.43
4/27/2026,14:50:48,9.49
4/27/2026,14:50:49,9.27
4/27/2026,14:50:50,9.27
4/27/2026,14:50:51,9.42
4/27/2026,14:50:52,9.24
4/27/2026,14:50:53,9.24
4/27/2026,14:50:54,9.3
4/27/2026,14:50:55,9.37
4/27/2026,14:50:56,9.37
4/27/2026,14:50:57,9.26
4/27/2026,14:50:58,9.38
4/27/2026,14:50:59,9.38
4/27/2026,14:51:00,9.36
4/27/2026,14:51:01,9.37
4/27/2026,14:51:02,9.37
4/27/2026,14:51:03,9.44
4/27/2026,14:51:04,9.27
4/27/2026,14:51:05,9.27
4/27/2026,14:51:06,9.7
4/27/2026,14:51:07,9.62
4/27/2026,14:51:08,9.62
4/27/2026,14:51:09,9.26
4/27/2026,14:51:10,9.5
4/27/2026,14:51:11,9.5
4/27/2026,14:51:12,9.41
4/27/2026,14:51:13,9.25
4/27/2026,14:51:14,9.25
4/27/2026,14:51:15,8.98
4/27/2026,14:51:16,9.67
4/27/2026,14:51:17,9.67
4/27/2026,14:51:18,9.38
4/27/2026,14:51:19,9.65
4/27/2026,14:51:20,9.65
4/27/2026,14:51:21,9.32
4/27/2026,14:51:22,9.18
4/27/2026,14:51:23,9.18
4/27/2026,14:51:24,9.02
4/27/2026,14:51:25,9.38
4/27/2026,14:51:26,9.38
4/27/2026,14:51:27,9.31
4/27/2026,14:51:28,9.12
4/27/2026,14:51:29,9.12
4/27/2026,14:51:30,9.34
4/27/2026,14:51:31,9.52
4/27/2026,14:51:32,9.52
4/27/2026,14:51:33,9.37
4/27/2026,14:51:33,10.77
4/27/2026,14:51:34,10.77
4/27/2026,14:51:35,10.77
4/27/2026,14:51:36,31.67
4/27/2026,14:51:37,33.08
4/27/2026,14:51:38,33.08
4/27/2026,14:51:38,32.97
4/27/2026,14:51:39,32.97
4/27/2026,14:51:40,33.05
4/27/2026,14:51:41,33.05
4/27/2026,14:51:42,32.22
4/27/2026,14:51:43,31.94
4/27/2026,14:51:44,31.94
4/27/2026,14:51:45,32.14
4/27/2026,14:51:46,33.41
4/27/2026,14:51:47,33.41
4/27/2026,14:51:48,33.28
4/27/2026,14:51:49,33.51
4/27/2026,14:51:50,33.51
4/27/2026,14:51:51,33.55
4/27/2026,14:51:52,33.2
4/27/2026,14:51:53,33.2
4/27/2026,14:51:54,33.07
4/27/2026,14:51:55,33.17
4/27/2026,14:51:56,33.17
4/27/2026,14:51:57,33.71
4/27/2026,14:51:58,33.27
4/27/2026,14:51:59,33.27
4/27/2026,14:52:00,33.58
4/27/2026,14:52:01,33.85
4/27/2026,14:52:02,33.85
4/27/2026,14:52:03,33.7
4/27/2026,14:52:04,33.47
4/27/2026,14:52:05,33.47
4/27/2026,14:52:06,34.49
4/27/2026,14:52:07,33.59
4/27/2026,14:52:08,33.59
4/27/2026,14:52:09,33.89
4/27/2026,14:52:10,33.69
4/27/2026,14:52:11,33.69
4/27/2026,14:52:12,34.27
4/27/2026,14:52:13,33.41
4/27/2026,14:52:14,33.41
4/27/2026,14:52:15,33.12
4/27/2026,14:52:16,33.66
4/27/2026,14:52:17,33.66
4/27/2026,14:52:18,33.76
4/27/2026,14:52:19,33.91
4/27/2026,14:52:20,33.91
4/27/2026,14:52:21,33.93
4/27/2026,14:52:22,33.82
4/27/2026,14:52:23,33.82
4/27/2026,14:52:24,33.59
4/27/2026,14:52:25,33.28
4/27/2026,14:52:26,33.28
4/27/2026,14:52:27,34.04
4/27/2026,14:52:28,33.75
4/27/2026,14:52:29,33.75
4/27/2026,14:52:30,33.88
4/27/2026,14:52:31,33.68
4/27/2026,14:52:32,33.68
4/27/2026,14:52:33,34.38
4/27/2026,14:52:33,29.92
4/27/2026,14:52:34,29.92
4/27/2026,14:52:35,29.92
4/27/2026,14:52:36,10.09
4/27/2026,14:52:37,9.66
4/27/2026,14:52:38,9.66
4/27/2026,14:52:38,9.53
4/27/2026,14:52:39,9.53
4/27/2026,14:52:40,10.16
4/27/2026,14:52:41,9.5
4/27/2026,14:52:42,9.51
4/27/2026,14:52:43,9.51
4/27/2026,14:52:44,9.6
4/27/2026,14:52:45,9.41
4/27/2026,14:52:46,9.41
4/27/2026,14:52:47,9.48
4/27/2026,14:52:48,9.5
4/27/2026,14:52:49,9.5
4/27/2026,14:52:50,9.77
4/27/2026,14:52:51,9.46
4/27/2026,14:52:52,9.46
4/27/2026,14:52:53,10.01
4/27/2026,14:52:54,9.77
4/27/2026,14:52:55,9.77
4/27/2026,14:52:56,9.54
4/27/2026,14:52:57,9.19
4/27/2026,14:52:58,9.19
4/27/2026,14:52:59,9.82
4/27/2026,14:53:00,9.42
4/27/2026,14:53:01,9.42
4/27/2026,14:53:02,9.61
4/27/2026,14:53:03,9.53
4/27/2026,14:53:04,9.53
4/27/2026,14:53:05,9.97
4/27/2026,14:53:06,9.19
4/27/2026,14:53:07,9.19
4/27/2026,14:53:08,9.42
4/27/2026,14:53:09,9.57
4/27/2026,14:53:10,9.57
4/27/2026,14:53:11,9.47
4/27/2026,14:53:12,9.28
4/27/2026,14:53:13,9.28
4/27/2026,14:53:14,9.25
4/27/2026,14:53:15,9.4
4/27/2026,14:53:17,9.4
4/27/2026,14:53:18,9.29
4/27/2026,14:53:19,9.16
4/27/2026,14:53:20,9.16
4/27/2026,14:53:21,9.48
4/27/2026,14:53:22,9.7
4/27/2026,14:53:23,9.7
4/27/2026,14:53:24,9.19
4/27/2026,14:53:25,9.61
4/27/2026,14:53:26,9.61
4/27/2026,14:53:27,9.09
4/27/2026,14:53:28,9.64
4/27/2026,14:53:29,9.64
4/27/2026,14:53:30,9.23
4/27/2026,14:53:31,9.68
4/27/2026,14:53:32,9.68
4/27/2026,14:53:33,9.12
4/27/2026,14:53:33,10.66
4/27/2026,14:53:34,10.66
4/27/2026,14:53:35,10.66
4/27/2026,14:53:36,25.44
4/27/2026,14:53:37,25.18
4/27/2026,14:53:38,25.18
4/27/2026,14:53:38,25.04
4/27/2026,14:53:39,25.04
4/27/2026,14:53:40,25.99
4/27/2026,14:53:41,25.99
4/27/2026,14:53:42,25.65
4/27/2026,14:53:43,26.37
4/27/2026,14:53:43,26.37
4/27/2026,14:53:44,26.37
4/27/2026,14:53:45,26.35
4/27/2026,14:53:46,26.57
4/27/2026,14:53:47,26.57
4/27/2026,14:53:48,26.37
4/27/2026,14:53:49,26.17
4/27/2026,14:53:50,26.17
4/27/2026,14:53:51,25.48
4/27/2026,14:53:52,25.48
4/27/2026,14:53:53,25.48
4/27/2026,14:53:54,25.97
4/27/2026,14:53:55,26.53
4/27/2026,14:53:56,26.53
4/27/2026,14:53:57,26.4
4/27/2026,14:53:58,25.82
4/27/2026,14:53:59,25.82
4/27/2026,14:54:00,25.59
4/27/2026,14:54:01,25.77
4/27/2026,14:54:02,25.77
4/27/2026,14:54:03,25.37
4/27/2026,14:54:04,25.61
4/27/2026,14:54:05,25.61
4/27/2026,14:54:06,26.75
4/27/2026,14:54:07,27.24
4/27/2026,14:54:08,27.24
4/27/2026,14:54:09,25.8
4/27/2026,14:54:10,26.26
4/27/2026,14:54:11,26.26
4/27/2026,14:54:12,26.09
4/27/2026,14:54:13,26.02
4/27/2026,14:54:14,26.02
4/27/2026,14:54:15,26.2
4/27/2026,14:54:16,26.06
4/27/2026,14:54:17,26.06
4/27/2026,14:54:18,26.42
4/27/2026,14:54:19,26.06
4/27/2026,14:54:20,26.06
4/27/2026,14:54:21,26.25
4/27/2026,14:54:22,26.39
4/27/2026,14:54:23,26.39
4/27/2026,14:54:24,26.27
4/27/2026,14:54:25,26.53
4/27/2026,14:54:26,26.53
4/27/2026,14:54:27,26.3
4/27/2026,14:54:28,26.42
4/27/2026,14:54:29,26.42
4/27/2026,14:54:30,26.12
4/27/2026,14:54:31,26.81
4/27/2026,14:54:32,26.81
4/27/2026,14:54:33,26.58
4/27/2026,14:54:34,25.61
4/27/2026,14:54:35,25.61
4/27/2026,14:54:35,9.99
4/27/2026,14:54:36,9.99
4/27/2026,14:54:37,9.83
4/27/2026,14:54:38,9.83
4/27/2026,14:54:39,9.48
4/27/2026,14:54:40,9.73
4/27/2026,14:54:41,9.73
4/27/2026,14:54:42,9.53
4/27/2026,14:54:43,9.44
4/27/2026,14:54:44,9.44
4/27/2026,14:54:45,9.31
4/27/2026,14:54:46,10.03
4/27/2026,14:54:47,10.03
4/27/2026,14:54:48,9.47
4/27/2026,14:54:49,9.42
4/27/2026,14:54:50,9.42
4/27/2026,14:54:51,9.29
4/27/2026,14:54:52,9.45
4/27/2026,14:54:53,9.45
4/27/2026,14:54:54,9
4/27/2026,14:54:55,9.78
4/27/2026,14:54:56,9.78
4/27/2026,14:54:57,9.22
4/27/2026,14:54:58,9.42
4/27/2026,14:54:59,9.42
4/27/2026,14:55:00,9.21
4/27/2026,14:55:01,9.83
4/27/2026,14:55:02,9.83
4/27/2026,14:55:02,13.1
4/27/2026,14:55:03,13.1
4/27/2026,14:55:04,9.43
4/27/2026,14:55:05,9.43
4/27/2026,14:55:06,9.74
4/27/2026,14:55:07,9.58
4/27/2026,14:55:08,9.58
4/27/2026,14:55:08,9.52
4/27/2026,14:55:09,9.52
4/27/2026,14:55:10,9.55
4/27/2026,14:55:11,9.55
4/27/2026,14:55:12,9.61
4/27/2026,14:55:13,9.53
4/27/2026,14:55:14,9.53
4/27/2026,14:55:15,9.55
4/27/2026,14:55:16,9.21
4/27/2026,14:55:17,9.21
4/27/2026,14:55:18,10.42
4/27/2026,14:55:19,9.78
4/27/2026,14:55:20,9.78
4/27/2026,14:55:21,9.54
4/27/2026,14:55:22,9.2
4/27/2026,14:55:23,9.2
4/27/2026,14:55:24,9.54
4/27/2026,14:55:25,9.35
4/27/2026,14:55:26,9.35
4/27/2026,14:55:27,9.75
4/27/2026,14:55:28,9.75
4/27/2026,14:55:29,9.42
4/27/2026,14:55:30,9.41
4/27/2026,14:55:31,9.41
4/27/2026,14:55:32,9.2
4/27/2026,14:55:33,9.89
4/27/2026,14:55:34,9.89
4/27/2026,14:55:34,10.67
4/27/2026,14:55:35,10.67
4/27/2026,14:55:36,19.85
4/27/2026,14:55:37,19.85
4/27/2026,14:55:38,19.67
4/27/2026,14:55:39,20.04
4/27/2026,14:55:40,20.04
4/27/2026,14:55:40,19.51
4/27/2026,14:55:41,19.51
4/27/2026,14:55:42,19.57
4/27/2026,14:55:43,19.57
4/27/2026,14:55:44,19.79
4/27/2026,14:55:45,19.69
4/27/2026,14:55:46,19.69
4/27/2026,14:55:47,19.45
4/27/2026,14:55:48,20.01
4/27/2026,14:55:49,20.01
4/27/2026,14:55:50,20.38
4/27/2026,14:55:51,19.52
4/27/2026,14:55:52,19.52
4/27/2026,14:55:53,19.99
4/27/2026,14:55:54,19.71
4/27/2026,14:55:55,19.71
4/27/2026,14:55:56,19.54
4/27/2026,14:55:57,19.62
4/27/2026,14:55:58,19.62
4/27/2026,14:55:59,20.06
4/27/2026,14:56:00,19.58
4/27/2026,14:56:01,19.58
4/27/2026,14:56:02,19.74
4/27/2026,14:56:03,19.77
4/27/2026,14:56:04,19.77
4/27/2026,14:56:05,19.72
4/27/2026,14:56:06,19.65
4/27/2026,14:56:07,19.65
4/27/2026,14:56:08,19.8
4/27/2026,14:56:09,20.07
4/27/2026,14:56:10,20.07
4/27/2026,14:56:10,20.67
4/27/2026,14:56:11,20.67
4/27/2026,14:56:12,19.88
4/27/2026,14:56:13,19.88
4/27/2026,14:56:14,20.33
4/27/2026,14:56:15,19.77
4/27/2026,14:56:16,19.66
4/27/2026,14:56:16,19.66
4/27/2026,14:56:17,19.75
4/27/2026,14:56:18,19.75
4/27/2026,14:56:19,20.21
4/27/2026,14:56:20,20.1
4/27/2026,14:56:21,20.1
4/27/2026,14:56:22,19.74
4/27/2026,14:56:23,19.95
4/27/2026,14:56:24,19.95
4/27/2026,14:56:25,19.79
4/27/2026,14:56:26,19.69
4/27/2026,14:56:27,19.69
4/27/2026,14:56:28,20.08
4/27/2026,14:56:29,19.62
4/27/2026,14:56:30,19.62
4/27/2026,14:56:31,19.76
4/27/2026,14:56:32,19.62
4/27/2026,14:56:33,19.62
4/27/2026,14:56:34,19.08
4/27/2026,14:56:35,9.98
4/27/2026,14:56:35,9.98
4/27/2026,14:56:36,9.98
4/27/2026,14:56:37,9.55
4/27/2026,14:56:38,9.5
4/27/2026,14:56:39,9.5
4/27/2026,14:56:40,9.46
4/27/2026,14:56:41,9.58
4/27/2026,14:56:42,9.58
4/27/2026,14:56:43,9.26
4/27/2026,14:56:44,9.75
4/27/2026,14:56:45,9.75
4/27/2026,14:56:46,9.15
4/27/2026,14:56:47,9.51
4/27/2026,14:56:48,9.51
4/27/2026,14:56:49,9.44
4/27/2026,14:56:51,9.58
4/27/2026,14:56:52,9.58
4/27/2026,14:56:53,9.45
4/27/2026,14:56:54,9.28
4/27/2026,14:56:55,9.28
4/27/2026,14:56:56,9.27
4/27/2026,14:56:57,9.2
4/27/2026,14:56:58,9.2
4/27/2026,14:56:59,9.34
4/27/2026,14:57:00,9.58
4/27/2026,14:57:01,9.58
4/27/2026,14:57:02,9.26
4/27/2026,14:57:03,9.12
4/27/2026,14:57:04,9.12
4/27/2026,14:57:05,9.33
4/27/2026,14:57:06,9.95
4/27/2026,14:57:07,9.95
4/27/2026,14:57:08,9.25
4/27/2026,14:57:09,9.41
4/27/2026,14:57:10,9.41
4/27/2026,14:57:11,9.47
4/27/2026,14:57:12,9.29
4/27/2026,14:57:13,9.29
4/27/2026,14:57:14,9.7
4/27/2026,14:57:15,9.25
4/27/2026,14:57:16,9.25
4/27/2026,14:57:17,9.59
4/27/2026,14:57:18,9.65
4/27/2026,14:57:19,9.65
4/27/2026,14:57:20,9.29
4/27/2026,14:57:21,9.75
4/27/2026,14:57:22,9.75
4/27/2026,14:57:23,9.29
4/27/2026,14:57:24,9.49
4/27/2026,14:57:25,9.49
4/27/2026,14:57:26,9.63
4/27/2026,14:57:27,9.19
4/27/2026,14:57:28,9.19
4/27/2026,14:57:29,9.2
4/27/2026,14:57:30,9.27
4/27/2026,14:57:31,9.27
4/27/2026,14:57:32,9.72
4/27/2026,14:57:33,9.6
4/27/2026,14:57:34,9.6
4/27/2026,14:57:35,10.55
4/27/2026,14:57:35,19.23
4/27/2026,14:57:36,19.23
4/27/2026,14:57:37,19.23
4/27/2026,14:57:38,19.06
4/27/2026,14:57:39,18.98
4/27/2026,14:57:40,18.98
4/27/2026,14:57:41,18.91
4/27/2026,14:57:42,19.99
4/27/2026,14:57:43,19.99
4/27/2026,14:57:44,18.91
4/27/2026,14:57:45,19.37
4/27/2026,14:57:46,19.37
4/27/2026,14:57:47,19.12
4/27/2026,14:57:48,19.39
4/27/2026,14:57:49,19.39
4/27/2026,14:57:50,19.08
4/27/2026,14:57:51,19.35
4/27/2026,14:57:52,19.35
4/27/2026,14:57:53,19
4/27/2026,14:57:54,19.14
4/27/2026,14:57:55,19.14
4/27/2026,14:57:56,19.19
4/27/2026,14:57:57,19.46
4/27/2026,14:57:58,19.46
4/27/2026,14:57:59,18.84
4/27/2026,14:58:00,18.99
4/27/2026,14:58:01,18.99
4/27/2026,14:58:02,19.24
4/27/2026,14:58:03,19.39
4/27/2026,14:58:04,19.39
4/27/2026,14:58:05,19.68
4/27/2026,14:58:06,19.62
4/27/2026,14:58:07,19.62
4/27/2026,14:58:08,18.97
4/27/2026,14:58:09,19.07
4/27/2026,14:58:10,19.07
4/27/2026,14:58:11,19.27
4/27/2026,14:58:12,19.36
4/27/2026,14:58:13,19.36
4/27/2026,14:58:14,19.03
4/27/2026,14:58:15,19.2
4/27/2026,14:58:16,19.2
4/27/2026,14:58:17,19.48
4/27/2026,14:58:18,19.93
4/27/2026,14:58:19,19.93
4/27/2026,14:58:20,18.92
4/27/2026,14:58:21,19.46
4/27/2026,14:58:22,19.46
4/27/2026,14:58:23,19.04
4/27/2026,14:58:24,19.33
4/27/2026,14:58:25,19.33
4/27/2026,14:58:26,19.24
4/27/2026,14:58:27,19.61
4/27/2026,14:58:28,19.61
4/27/2026,14:58:29,19.01
4/27/2026,14:58:30,19.3
4/27/2026,14:58:31,19.3
4/27/2026,14:58:32,19.29
4/27/2026,14:58:33,19.24
4/27/2026,14:58:34,19.24
4/27/2026,14:58:34,18.21
4/27/2026,14:58:35,18.21
4/27/2026,14:58:36,9.77
4/27/2026,14:58:37,9.77
4/27/2026,14:58:38,10.22
4/27/2026,14:58:39,9.4
4/27/2026,14:58:39,9.4
4/27/2026,14:58:40,9.4
4/27/2026,14:58:41,9.73
4/27/2026,14:58:42,9.37
4/27/2026,14:58:43,9.37
4/27/2026,14:58:44,9.35
4/27/2026,14:58:45,9.3
4/27/2026,14:58:46,9.3
4/27/2026,14:58:47,9.98
4/27/2026,14:58:48,9.02
4/27/2026,14:58:49,9.02
4/27/2026,14:58:50,10.05
4/27/2026,14:58:51,9.39
4/27/2026,14:58:52,9.39
4/27/2026,14:58:53,9.21
4/27/2026,14:58:54,9.13
4/27/2026,14:58:55,9.13
4/27/2026,14:58:56,9.45
4/27/2026,14:58:57,9.34
4/27/2026,14:58:58,9.34
4/27/2026,14:58:59,9.57
4/27/2026,14:59:00,9.46
4/27/2026,14:59:01,9.46
4/27/2026,14:59:02,9.87
4/27/2026,14:59:03,9.27
4/27/2026,14:59:04,9.27
4/27/2026,14:59:05,9.48
4/27/2026,14:59:06,9.95
4/27/2026,14:59:07,9.95
4/27/2026,14:59:08,9.56
4/27/2026,14:59:09,9.52
4/27/2026,14:59:10,9.52
4/27/2026,14:59:11,9.29
4/27/2026,14:59:12,9.76
4/27/2026,14:59:13,9.76
4/27/2026,14:59:14,9.46
4/27/2026,14:59:15,9.29
4/27/2026,14:59:16,9.29
4/27/2026,14:59:17,9.83
4/27/2026,14:59:18,9.58
4/27/2026,14:59:19,9.58
4/27/2026,14:59:20,9.13
4/27/2026,14:59:21,9.55
4/27/2026,14:59:22,9.55
4/27/2026,14:59:23,9.3
4/27/2026,14:59:24,9.25
4/27/2026,14:59:25,9.25
4/27/2026,14:59:26,9.3
4/27/2026,14:59:27,9.28
4/27/2026,14:59:28,9.28
4/27/2026,14:59:29,9.62
4/27/2026,14:59:30,9.1
4/27/2026,14:59:31,9.1
4/27/2026,14:59:32,9.61
4/27/2026,14:59:33,9.25
4/27/2026,14:59:34,9.25
4/27/2026,14:59:34,11.12
4/27/2026,14:59:35,11.12
4/27/2026,14:59:36,33.91
4/27/2026,14:59:37,33.91
4/27/2026,14:59:38,34.83
4/27/2026,14:59:39,34.4
4/27/2026,14:59:39,34.4
4/27/2026,14:59:40,34.4
4/27/2026,14:59:41,35.05
4/27/2026,14:59:42,34.62
4/27/2026,14:59:43,34.62
4/27/2026,14:59:44,34.8
4/27/2026,14:59:45,34.86
4/27/2026,14:59:46,34.86
4/27/2026,14:59:47,34.67
4/27/2026,14:59:48,34.94
4/27/2026,14:59:49,34.94
4/27/2026,14:59:50,34.81
4/27/2026,14:59:51,34.81
4/27/2026,14:59:52,34.9
4/27/2026,14:59:53,34.94
4/27/2026,14:59:54,34.94
4/27/2026,14:59:55,35.25
4/27/2026,14:59:56,34.84
4/27/2026,14:59:57,34.84
4/27/2026,14:59:58,35.12
4/27/2026,14:59:59,35.54
4/27/2026,15:00:00,35.54
4/27/2026,15:00:01,35.13
4/27/2026,15:00:02,35.03
4/27/2026,15:00:03,35.03
4/27/2026,15:00:04,35.29
4/27/2026,15:00:05,35.51
4/27/2026,15:00:06,35.51
4/27/2026,15:00:07,35.3
4/27/2026,15:00:08,35.23
4/27/2026,15:00:09,35.23
4/27/2026,15:00:10,35.73
4/27/2026,15:00:11,36.61
4/27/2026,15:00:11,36.61
4/27/2026,15:00:12,36.61
4/27/2026,15:00:13,35.08
4/27/2026,15:00:14,35.27
4/27/2026,15:00:15,35.27
4/27/2026,15:00:16,35.07
4/27/2026,15:00:17,35.55
4/27/2026,15:00:18,35.55
4/27/2026,15:00:19,35.49
4/27/2026,15:00:20,35.21
4/27/2026,15:00:21,35.21
4/27/2026,15:00:22,35.27
4/27/2026,15:00:23,35.28
4/27/2026,15:00:24,35.28
4/27/2026,15:00:25,35.24
4/27/2026,15:00:27,35.64
4/27/2026,15:00:28,35.64
4/27/2026,15:00:29,35.11
4/27/2026,15:00:30,35.4
4/27/2026,15:00:31,35.4
4/27/2026,15:00:32,35.54
4/27/2026,15:00:33,35.72
4/27/2026,15:00:34,35.72
4/27/2026,15:00:34,30.02
4/27/2026,15:00:35,30.02
4/27/2026,15:00:36,10.13
4/27/2026,15:00:37,10.13
4/27/2026,15:00:38,9.68
4/27/2026,15:00:39,9.61
4/27/2026,15:00:40,9.61
4/27/2026,15:00:40,9.59
4/27/2026,15:00:41,9.59
4/27/2026,15:00:42,10.41
4/27/2026,15:00:43,10.41
4/27/2026,15:00:44,9.24
4/27/2026,15:00:45,9.65
4/27/2026,15:00:46,9.65
4/27/2026,15:00:47,9.4
4/27/2026,15:00:48,9.61
4/27/2026,15:00:49,9.61
4/27/2026,15:00:50,9.16
4/27/2026,15:00:51,9.63
4/27/2026,15:00:52,9.63
4/27/2026,15:00:53,9.54
4/27/2026,15:00:54,9.24
4/27/2026,15:00:55,9.24
4/27/2026,15:00:56,9.44
4/27/2026,15:00:57,9.21
4/27/2026,15:00:58,9.21
4/27/2026,15:00:59,9.46
4/27/2026,15:01:00,9.81
4/27/2026,15:01:01,9.81
4/27/2026,15:01:02,9.74
4/27/2026,15:01:03,9.47
4/27/2026,15:01:04,9.47
4/27/2026,15:01:05,9.41
4/27/2026,15:01:06,9.67
4/27/2026,15:01:07,9.67
4/27/2026,15:01:08,9.2
4/27/2026,15:01:09,9.62
4/27/2026,15:01:10,9.62
4/27/2026,15:01:11,9.56
4/27/2026,15:01:12,9.42
4/27/2026,15:01:13,9.42
4/27/2026,15:01:14,9.31
4/27/2026,15:01:15,9.25
4/27/2026,15:01:16,9.25
4/27/2026,15:01:17,9.82
4/27/2026,15:01:18,9.27
4/27/2026,15:01:19,9.27
4/27/2026,15:01:20,9.31
4/27/2026,15:01:21,9.47
4/27/2026,15:01:22,9.47
4/27/2026,15:01:23,9.34
4/27/2026,15:01:24,9.52
4/27/2026,15:01:25,9.52
4/27/2026,15:01:26,9.35
4/27/2026,15:01:27,9.19
4/27/2026,15:01:28,9.19
4/27/2026,15:01:29,9.14
4/27/2026,15:01:30,9.75
4/27/2026,15:01:31,9.75
4/27/2026,15:01:32,9.88
4/27/2026,15:01:33,9.11
4/27/2026,15:01:34,9.11
4/27/2026,15:01:34,10.75
4/27/2026,15:01:35,10.75
4/27/2026,15:01:36,32.01
4/27/2026,15:01:37,32.01
4/27/2026,15:01:38,31.73
4/27/2026,15:01:39,33.54
4/27/2026,15:01:40,33.54
4/27/2026,15:01:40,34.28
4/27/2026,15:01:41,34.28
4/27/2026,15:01:42,33.5
4/27/2026,15:01:43,33.5
4/27/2026,15:01:44,33.92
4/27/2026,15:01:45,33.8
4/27/2026,15:01:46,33.8
4/27/2026,15:01:47,34.19
4/27/2026,15:01:48,34.01
4/27/2026,15:01:49,34.01
4/27/2026,15:01:50,33.98
4/27/2026,15:01:51,34.17
4/27/2026,15:01:52,34.17
4/27/2026,15:01:53,34.23
4/27/2026,15:01:54,34.16
4/27/2026,15:01:55,34.16
4/27/2026,15:01:56,33.79
4/27/2026,15:01:57,33.82
4/27/2026,15:01:58,33.82
4/27/2026,15:01:59,34.21
4/27/2026,15:02:00,33.97
4/27/2026,15:02:01,33.97
4/27/2026,15:02:02,34.56
4/27/2026,15:02:03,34.07
4/27/2026,15:02:04,34.07
4/27/2026,15:02:05,34.29
4/27/2026,15:02:06,35.45
4/27/2026,15:02:07,35.45
4/27/2026,15:02:08,34.53
4/27/2026,15:02:09,34.29
4/27/2026,15:02:10,34.29
4/27/2026,15:02:11,34.64
4/27/2026,15:02:12,34.59
4/27/2026,15:02:13,34.59
4/27/2026,15:02:14,34.46
4/27/2026,15:02:15,34.29
4/27/2026,15:02:16,34.29
4/27/2026,15:02:17,34.65
4/27/2026,15:02:18,34.24
4/27/2026,15:02:19,34.24
4/27/2026,15:02:20,34.38
4/27/2026,15:02:21,34.22
4/27/2026,15:02:22,34.22
4/27/2026,15:02:23,34.21
4/27/2026,15:02:24,34.39
4/27/2026,15:02:25,34.39
4/27/2026,15:02:26,34.93
4/27/2026,15:02:27,34.74
4/27/2026,15:02:28,34.74
4/27/2026,15:02:29,34.37
4/27/2026,15:02:30,34.34
4/27/2026,15:02:31,34.34
4/27/2026,15:02:32,34.82
4/27/2026,15:02:33,34.39
4/27/2026,15:02:34,34.39
4/27/2026,15:02:34,30.77
4/27/2026,15:02:35,30.77
4/27/2026,15:02:36,10.26
4/27/2026,15:02:37,10.26
4/27/2026,15:02:38,10.26
4/27/2026,15:02:39,9.63
4/27/2026,15:02:39,9.63
4/27/2026,15:02:40,9.63
4/27/2026,15:02:41,9.97
4/27/2026,15:02:42,9.67
4/27/2026,15:02:43,9.67
4/27/2026,15:02:44,9.52
4/27/2026,15:02:45,9.98
4/27/2026,15:02:46,9.98
4/27/2026,15:02:47,9.56
4/27/2026,15:02:48,9.44
4/27/2026,15:02:49,9.44
4/27/2026,15:02:50,9.23
4/27/2026,15:02:51,9.58
4/27/2026,15:02:52,9.58
4/27/2026,15:02:53,9.35
4/27/2026,15:02:54,9.33
4/27/2026,15:02:55,9.33
4/27/2026,15:02:56,9.56
4/27/2026,15:02:57,9.47
4/27/2026,15:02:58,9.47
4/27/2026,15:02:59,9.34
4/27/2026,15:03:00,9.33
4/27/2026,15:03:01,9.33
4/27/2026,15:03:02,9.68
4/27/2026,15:03:03,9.24
4/27/2026,15:03:04,9.24
4/27/2026,15:03:05,9.63
4/27/2026,15:03:06,10.25
4/27/2026,15:03:07,10.25
4/27/2026,15:03:08,9.09
4/27/2026,15:03:09,9.74
4/27/2026,15:03:10,9.74
4/27/2026,15:03:11,9.62
4/27/2026,15:03:12,9.51
4/27/2026,15:03:13,9.51
4/27/2026,15:03:14,9.34
4/27/2026,15:03:15,9.73
4/27/2026,15:03:16,9.73
4/27/2026,15:03:17,9.15
4/27/2026,15:03:18,9.34
4/27/2026,15:03:19,9.34
4/27/2026,15:03:20,8.94
4/27/2026,15:03:21,9.53
4/27/2026,15:03:22,9.53
4/27/2026,15:03:23,9.06
4/27/2026,15:03:24,9.32
4/27/2026,15:03:25,9.45
4/27/2026,15:03:26,9.81
4/27/2026,15:03:27,9.81
4/27/2026,15:03:28,9.38
4/27/2026,15:03:29,9.76
4/27/2026,15:03:30,9.76
4/27/2026,15:03:31,9.15
4/27/2026,15:03:32,9.35
4/27/2026,15:03:33,9.35
4/27/2026,15:03:34,10.24
4/27/2026,15:03:35,32.16
4/27/2026,15:03:35,32.16
4/27/2026,15:03:36,32.16
4/27/2026,15:03:37,32.61
4/27/2026,15:03:38,33.68
4/27/2026,15:03:39,33.68
4/27/2026,15:03:40,34.36
4/27/2026,15:03:40,34.36
4/27/2026,15:03:41,34.23
4/27/2026,15:03:42,34.23
4/27/2026,15:03:43,33.88
4/27/2026,15:03:44,34.78
4/27/2026,15:03:45,34.78
4/27/2026,15:03:46,34.02
4/27/2026,15:03:47,34.47
4/27/2026,15:03:48,34.47
4/27/2026,15:03:49,34.06
4/27/2026,15:03:50,34.46
4/27/2026,15:03:51,34.46
4/27/2026,15:03:52,34.2
4/27/2026,15:03:53,34.45
4/27/2026,15:03:54,34.45
4/27/2026,15:03:55,34.45
4/27/2026,15:03:56,34.51
4/27/2026,15:03:57,34.51
4/27/2026,15:03:58,34.45
4/27/2026,15:03:59,34.91
4/27/2026,15:04:00,34.91
4/27/2026,15:04:02,34.46
4/27/2026,15:04:03,34.48
4/27/2026,15:04:04,34.48
4/27/2026,15:04:05,34.64
4/27/2026,15:04:06,34.99
4/27/2026,15:04:07,34.99
4/27/2026,15:04:08,34.72
4/27/2026,15:04:09,34.63
4/27/2026,15:04:10,34.63
4/27/2026,15:04:11,35
4/27/2026,15:04:12,34.91
4/27/2026,15:04:13,34.91
4/27/2026,15:04:14,34.73
4/27/2026,15:04:15,34.95
4/27/2026,15:04:16,34.95
4/27/2026,15:04:17,34.97
4/27/2026,15:04:18,34.56
4/27/2026,15:04:19,34.56
4/27/2026,15:04:20,34.65
4/27/2026,15:04:21,34.89
4/27/2026,15:04:22,34.89
4/27/2026,15:04:23,34.64
4/27/2026,15:04:24,34.65
4/27/2026,15:04:25,34.65
4/27/2026,15:04:26,34.91
4/27/2026,15:04:27,34.65
4/27/2026,15:04:28,34.65
4/27/2026,15:04:29,34.73
4/27/2026,15:04:30,35.27
4/27/2026,15:04:31,35.27
4/27/2026,15:04:32,34.7
4/27/2026,15:04:33,34.37
4/27/2026,15:04:34,34.37
4/27/2026,15:04:34,32.4
4/27/2026,15:04:35,32.4
4/27/2026,15:04:36,10.5
4/27/2026,15:04:37,10.5
4/27/2026,15:04:38,9.67
4/27/2026,15:04:39,9.67
4/27/2026,15:04:40,9.67
4/27/2026,15:04:40,9.87
4/27/2026,15:04:41,9.87
4/27/2026,15:04:42,9.93
4/27/2026,15:04:43,9.93
4/27/2026,15:04:44,9.69
4/27/2026,15:04:45,9.97
4/27/2026,15:04:46,9.97
4/27/2026,15:04:47,9.77
4/27/2026,15:04:48,9.65
4/27/2026,15:04:49,9.65
4/27/2026,15:04:50,9.32
4/27/2026,15:04:51,9.76
4/27/2026,15:04:52,9.76
4/27/2026,15:04:53,9.32
4/27/2026,15:04:54,9.29
4/27/2026,15:04:55,9.29
4/27/2026,15:04:56,9.4
4/27/2026,15:04:57,9.25
4/27/2026,15:04:58,9.25
4/27/2026,15:04:59,9.25
4/27/2026,15:05:00,9.27
4/27/2026,15:05:01,9.27
4/27/2026,15:05:02,10.08
4/27/2026,15:05:03,9.59
4/27/2026,15:05:04,9.59
4/27/2026,15:05:05,9.38
4/27/2026,15:05:06,9.5
4/27/2026,15:05:07,9.5
4/27/2026,15:05:08,9.39
4/27/2026,15:05:09,9.42
4/27/2026,15:05:10,9.42
4/27/2026,15:05:11,9.36
4/27/2026,15:05:12,9.12
4/27/2026,15:05:13,9.12
4/27/2026,15:05:14,9.55
4/27/2026,15:05:15,9.3
4/27/2026,15:05:16,9.3
4/27/2026,15:05:17,9.65
4/27/2026,15:05:18,9.17
4/27/2026,15:05:19,9.17
4/27/2026,15:05:20,9.77
4/27/2026,15:05:21,9.3
4/27/2026,15:05:22,9.3
4/27/2026,15:05:23,9.38
4/27/2026,15:05:24,9.33
4/27/2026,15:05:25,9.33
4/27/2026,15:05:26,9.38
4/27/2026,15:05:27,9.27
4/27/2026,15:05:28,9.27
4/27/2026,15:05:29,9.62
4/27/2026,15:05:30,9.16
4/27/2026,15:05:31,9.16
4/27/2026,15:05:32,9.22
4/27/2026,15:05:33,9.46
4/27/2026,15:05:34,9.46
4/27/2026,15:05:35,10.08
4/27/2026,15:05:35,21.76
4/27/2026,15:05:36,21.76
4/27/2026,15:05:37,21.76
4/27/2026,15:05:38,21.29
4/27/2026,15:05:39,21.44
4/27/2026,15:05:40,21.44
4/27/2026,15:05:41,21.24
4/27/2026,15:05:42,21.26
4/27/2026,15:05:43,21.26
4/27/2026,15:05:44,21.69
4/27/2026,15:05:45,21.24
4/27/2026,15:05:46,21.24
4/27/2026,15:05:47,21.49
4/27/2026,15:05:48,21.46
4/27/2026,15:05:49,21.46
4/27/2026,15:05:50,21.61
4/27/2026,15:05:51,21.21
4/27/2026,15:05:52,21.21
4/27/2026,15:05:53,21.22
4/27/2026,15:05:54,21.52
4/27/2026,15:05:55,21.52
4/27/2026,15:05:56,21.5
4/27/2026,15:05:57,21.33
4/27/2026,15:05:58,21.33
4/27/2026,15:05:59,21.67
4/27/2026,15:06:00,21.41
4/27/2026,15:06:01,21.41
4/27/2026,15:06:02,21.31
4/27/2026,15:06:03,21.63
4/27/2026,15:06:04,21.63
4/27/2026,15:06:05,21.65
4/27/2026,15:06:06,21.65
4/27/2026,15:06:07,21.65
4/27/2026,15:06:08,21.48
4/27/2026,15:06:09,21.7
4/27/2026,15:06:10,21.7
4/27/2026,15:06:11,21.45
4/27/2026,15:06:12,21.48
4/27/2026,15:06:13,21.48
4/27/2026,15:06:14,21.64
4/27/2026,15:06:15,21.53
4/27/2026,15:06:16,21.53
4/27/2026,15:06:17,21.28
4/27/2026,15:06:18,21.83
4/27/2026,15:06:19,21.83
4/27/2026,15:06:20,21.73
4/27/2026,15:06:21,21.65
4/27/2026,15:06:22,21.65
4/27/2026,15:06:23,21.45
4/27/2026,15:06:24,21.68
4/27/2026,15:06:25,21.68
4/27/2026,15:06:26,21.38
4/27/2026,15:06:27,21.33
4/27/2026,15:06:28,21.33
4/27/2026,15:06:29,21.57
4/27/2026,15:06:30,21.67
4/27/2026,15:06:31,21.67
4/27/2026,15:06:32,21.38
4/27/2026,15:06:33,21.5
4/27/2026,15:06:34,21.5
4/27/2026,15:06:35,21.86
4/27/2026,15:06:35,10.05
4/27/2026,15:06:36,10.05
4/27/2026,15:06:37,10.05
4/27/2026,15:06:38,9.7
4/27/2026,15:06:39,9.39
4/27/2026,15:06:40,9.39
4/27/2026,15:06:41,9.69
4/27/2026,15:06:42,9.36
4/27/2026,15:06:43,9.36
4/27/2026,15:06:44,9.41
4/27/2026,15:06:45,9.62
4/27/2026,15:06:46,9.62
4/27/2026,15:06:47,9.32
4/27/2026,15:06:48,9.19
4/27/2026,15:06:49,9.19
4/27/2026,15:06:50,9.7
4/27/2026,15:06:51,9.58
4/27/2026,15:06:52,9.58
4/27/2026,15:06:53,9.53
4/27/2026,15:06:54,9.23
4/27/2026,15:06:55,9.23
4/27/2026,15:06:56,9.43
4/27/2026,15:06:57,9.37
4/27/2026,15:06:58,9.37
4/27/2026,15:06:59,9.13
4/27/2026,15:07:00,9.6
4/27/2026,15:07:01,9.04
4/27/2026,15:07:01,9.04
4/27/2026,15:07:02,9.45
4/27/2026,15:07:03,9.45
4/27/2026,15:07:04,9.3
4/27/2026,15:07:05,10.36
4/27/2026,15:07:06,10.36
4/27/2026,15:07:07,9.25
4/27/2026,15:07:08,9.54
4/27/2026,15:07:09,9.54
4/27/2026,15:07:10,9.9
4/27/2026,15:07:11,9.61
4/27/2026,15:07:12,9.61
4/27/2026,15:07:13,9.39
4/27/2026,15:07:14,9.88
4/27/2026,15:07:15,9.88
4/27/2026,15:07:16,9.16
4/27/2026,15:07:17,9.33
4/27/2026,15:07:18,9.33
4/27/2026,15:07:19,9.26
4/27/2026,15:07:20,9.79
4/27/2026,15:07:21,9.79
4/27/2026,15:07:22,9.53
4/27/2026,15:07:23,9.44
4/27/2026,15:07:24,9.44
4/27/2026,15:07:25,9.62
4/27/2026,15:07:26,9.32
4/27/2026,15:07:27,9.32
4/27/2026,15:07:28,9.47
4/27/2026,15:07:29,9.46
4/27/2026,15:07:30,9.46
4/27/2026,15:07:31,9.2
4/27/2026,15:07:32,9.37
4/27/2026,15:07:33,9.37
4/27/2026,15:07:34,9.8
4/27/2026,15:07:35,25.93
4/27/2026,15:07:35,25.93
4/27/2026,15:07:37,25.93
4/27/2026,15:07:38,25.62
4/27/2026,15:07:39,25.85
4/27/2026,15:07:40,25.85
4/27/2026,15:07:41,26.7
4/27/2026,15:07:42,25.98
4/27/2026,15:07:43,25.98
4/27/2026,15:07:44,26.07
4/27/2026,15:07:45,25.69
4/27/2026,15:07:46,25.69
4/27/2026,15:07:47,25.96
4/27/2026,15:07:48,26.6
4/27/2026,15:07:49,26.6
4/27/2026,15:07:50,26.49
4/27/2026,15:07:51,26.69
4/27/2026,15:07:52,26.69
4/27/2026,15:07:53,26.8
4/27/2026,15:07:54,26.81
4/27/2026,15:07:55,26.81
4/27/2026,15:07:56,26.82
4/27/2026,15:07:57,26.31
4/27/2026,15:07:58,26.31
4/27/2026,15:07:59,25.82
4/27/2026,15:08:00,26.43
4/27/2026,15:08:01,26.43
4/27/2026,15:08:02,26.23
4/27/2026,15:08:03,26.7
4/27/2026,15:08:04,26.7
4/27/2026,15:08:05,26.68
4/27/2026,15:08:06,27.12
4/27/2026,15:08:07,27.12
4/27/2026,15:08:08,26.46
4/27/2026,15:08:09,27.02
4/27/2026,15:08:10,27.02
4/27/2026,15:08:11,27.13
4/27/2026,15:08:12,26.96
4/27/2026,15:08:13,26.96
4/27/2026,15:08:14,26.66
4/27/2026,15:08:15,27.06
4/27/2026,15:08:16,27.06
4/27/2026,15:08:17,26.4
4/27/2026,15:08:18,26.53
4/27/2026,15:08:19,26.53
4/27/2026,15:08:20,26.52
4/27/2026,15:08:21,27.06
4/27/2026,15:08:22,27.06
4/27/2026,15:08:23,26.79
4/27/2026,15:08:24,27.05
4/27/2026,15:08:25,27.05
4/27/2026,15:08:26,27.16
4/27/2026,15:08:27,26.64
4/27/2026,15:08:28,26.64
4/27/2026,15:08:29,26.18
4/27/2026,15:08:30,26.19
4/27/2026,15:08:31,26.19
4/27/2026,15:08:32,26.18
4/27/2026,15:08:33,26.16
4/27/2026,15:08:34,26.16
4/27/2026,15:08:35,26.48
4/27/2026,15:08:35,10.36
4/27/2026,15:08:36,10.36
4/27/2026,15:08:37,10.36
4/27/2026,15:08:38,9.76
4/27/2026,15:08:39,9.77
4/27/2026,15:08:40,9.77
4/27/2026,15:08:41,9.72
4/27/2026,15:08:42,9.39
4/27/2026,15:08:43,9.39
4/27/2026,15:08:44,9.39
4/27/2026,15:08:44,9.28
4/27/2026,15:08:45,9.28
4/27/2026,15:08:46,9.28
4/27/2026,15:08:47,10.1
4/27/2026,15:08:48,9.24
4/27/2026,15:08:49,9.24
4/27/2026,15:08:50,9.29
4/27/2026,15:08:51,9.3
4/27/2026,15:08:52,9.3
4/27/2026,15:08:53,9.41
4/27/2026,15:08:54,9.24
4/27/2026,15:08:55,9.24
4/27/2026,15:08:56,9.87
4/27/2026,15:08:57,9.45
4/27/2026,15:08:58,9.45
4/27/2026,15:08:59,9.38
4/27/2026,15:09:00,8.85
4/27/2026,15:09:01,8.85
4/27/2026,15:09:02,9.09
4/27/2026,15:09:03,9.21
4/27/2026,15:09:04,9.21
4/27/2026,15:09:05,9.52
4/27/2026,15:09:06,9.89
4/27/2026,15:09:07,9.89
4/27/2026,15:09:08,9.28
4/27/2026,15:09:09,9.37
4/27/2026,15:09:10,9.37
4/27/2026,15:09:11,9.84
4/27/2026,15:09:12,9.64
4/27/2026,15:09:13,9.64
4/27/2026,15:09:14,9.47
4/27/2026,15:09:15,9.3
4/27/2026,15:09:16,9.3
4/27/2026,15:09:17,10.16
4/27/2026,15:09:18,9.25
4/27/2026,15:09:19,9.25
4/27/2026,15:09:20,8.99
4/27/2026,15:09:21,9.64
4/27/2026,15:09:22,9.64
4/27/2026,15:09:23,9.82
4/27/2026,15:09:24,9.24
4/27/2026,15:09:25,9.24
4/27/2026,15:09:26,9.55
4/27/2026,15:09:27,9.44
4/27/2026,15:09:28,9.44
4/27/2026,15:09:29,9.64
4/27/2026,15:09:30,9.14
4/27/2026,15:09:31,9.14
4/27/2026,15:09:32,9.49
4/27/2026,15:09:33,9.08
4/27/2026,15:09:34,9.08
4/27/2026,15:09:35,9.63
4/27/2026,15:09:35,15.48
4/27/2026,15:09:36,15.48
4/27/2026,15:09:37,15.48
4/27/2026,15:09:38,15.23
4/27/2026,15:09:39,15.03
4/27/2026,15:09:40,15.03
4/27/2026,15:09:41,15.27
4/27/2026,15:09:42,14.68
4/27/2026,15:09:43,14.68
4/27/2026,15:09:44,14.87
4/27/2026,15:09:45,15.06
4/27/2026,15:09:46,15.06
4/27/2026,15:09:47,15.13
4/27/2026,15:09:48,14.79
4/27/2026,15:09:49,14.79
4/27/2026,15:09:50,15.06
4/27/2026,15:09:51,14.94
4/27/2026,15:09:52,14.94
4/27/2026,15:09:53,15.1
4/27/2026,15:09:54,14.83
4/27/2026,15:09:55,14.83
4/27/2026,15:09:56,14.63
4/27/2026,15:09:57,14.95
4/27/2026,15:09:58,14.95
4/27/2026,15:09:59,15.32
4/27/2026,15:10:00,14.76
4/27/2026,15:10:01,14.76
4/27/2026,15:10:02,15.38
4/27/2026,15:10:03,14.99
4/27/2026,15:10:04,14.99
4/27/2026,15:10:05,15.06
4/27/2026,15:10:06,15.34
4/27/2026,15:10:07,15.34
4/27/2026,15:10:08,14.99
4/27/2026,15:10:09,14.8
4/27/2026,15:10:10,14.8
4/27/2026,15:10:11,15.42
4/27/2026,15:10:12,15.29
4/27/2026,15:10:13,15.29
4/27/2026,15:10:14,15.2
4/27/2026,15:10:15,14.76
4/27/2026,15:10:16,14.76
4/27/2026,15:10:17,14.81
4/27/2026,15:10:18,14.96
4/27/2026,15:10:19,14.96
4/27/2026,15:10:20,15.09
4/27/2026,15:10:21,15.08
4/27/2026,15:10:22,15.08
4/27/2026,15:10:23,15.07
4/27/2026,15:10:24,15.07
4/27/2026,15:10:25,15.07
4/27/2026,15:10:26,14.91
4/27/2026,15:10:27,14.98
4/27/2026,15:10:28,14.98
4/27/2026,15:10:29,14.97
4/27/2026,15:10:30,15.02
4/27/2026,15:10:31,15.02
4/27/2026,15:10:32,14.87
4/27/2026,15:10:33,15.08
4/27/2026,15:10:34,15.02
4/27/2026,15:10:35,10.38
4/27/2026,15:10:35,10.38
4/27/2026,15:10:36,10.38
4/27/2026,15:10:37,9.37
4/27/2026,15:10:38,9.31
4/27/2026,15:10:39,9.31
4/27/2026,15:10:40,9.62
4/27/2026,15:10:41,9.37
4/27/2026,15:10:41,9.37
4/27/2026,15:10:42,9.37
4/27/2026,15:10:43,9.28
4/27/2026,15:10:44,10.03
4/27/2026,15:10:45,10.03
4/27/2026,15:10:46,9.19
4/27/2026,15:10:47,9.46
4/27/2026,15:10:48,9.46
4/27/2026,15:10:49,9.17
4/27/2026,15:10:50,9.9
4/27/2026,15:10:51,9.9
4/27/2026,15:10:52,9.08
4/27/2026,15:10:53,9.33
4/27/2026,15:10:54,9.33
4/27/2026,15:10:55,9.43
4/27/2026,15:10:56,9.34
4/27/2026,15:10:57,9.34
4/27/2026,15:10:58,9.18
4/27/2026,15:10:59,9.46
4/27/2026,15:11:00,9.46
4/27/2026,15:11:01,9.63
4/27/2026,15:11:02,9.62
4/27/2026,15:11:03,9.62
4/27/2026,15:11:04,9.48
4/27/2026,15:11:05,9.83
4/27/2026,15:11:06,9.83
4/27/2026,15:11:07,9.47
4/27/2026,15:11:09,9.31
4/27/2026,15:11:10,9.31
4/27/2026,15:11:11,9.53
4/27/2026,15:11:12,9.52
4/27/2026,15:11:13,9.52
4/27/2026,15:11:14,9.34
4/27/2026,15:11:15,9.56
4/27/2026,15:11:16,9.56
4/27/2026,15:11:17,9.23
4/27/2026,15:11:18,9.42
4/27/2026,15:11:19,9.42
4/27/2026,15:11:20,9.07
4/27/2026,15:11:21,9.66
4/27/2026,15:11:22,9.66
4/27/2026,15:11:23,9.04
4/27/2026,15:11:24,9.28
4/27/2026,15:11:25,9.28
4/27/2026,15:11:26,9.44
4/27/2026,15:11:27,9.38
4/27/2026,15:11:28,9.38
4/27/2026,15:11:29,9.23
4/27/2026,15:11:30,9.44
4/27/2026,15:11:31,9.44
4/27/2026,15:11:32,9.18
4/27/2026,15:11:33,9.87
4/27/2026,15:11:34,9.87
4/27/2026,15:11:35,9.49
4/27/2026,15:11:35,35.15
4/27/2026,15:11:36,35.15
4/27/2026,15:11:37,35.15
4/27/2026,15:11:38,34.45
4/27/2026,15:11:39,35.1
4/27/2026,15:11:40,35.1
4/27/2026,15:11:41,35.39
4/27/2026,15:11:42,35.26
4/27/2026,15:11:43,35.26
4/27/2026,15:11:44,35.13
4/27/2026,15:11:45,35.75
4/27/2026,15:11:46,35.75
4/27/2026,15:11:47,35.55
4/27/2026,15:11:48,35.67
4/27/2026,15:11:49,35.67
4/27/2026,15:11:50,35.16
4/27/2026,15:11:51,35.63
4/27/2026,15:11:52,35.63
4/27/2026,15:11:53,35.32
4/27/2026,15:11:54,35.49
4/27/2026,15:11:55,35.49
4/27/2026,15:11:56,35.54
4/27/2026,15:11:57,35.73
4/27/2026,15:11:58,35.73
4/27/2026,15:11:59,35.57
4/27/2026,15:12:00,35.95
4/27/2026,15:12:01,35.95
4/27/2026,15:12:02,35.78
4/27/2026,15:12:03,35.94
4/27/2026,15:12:04,35.94
4/27/2026,15:12:05,35.9
4/27/2026,15:12:06,36.35
4/27/2026,15:12:07,36.35
4/27/2026,15:12:08,35.65
4/27/2026,15:12:09,35.78
4/27/2026,15:12:10,35.78
4/27/2026,15:12:11,36.77
4/27/2026,15:12:12,36.04
4/27/2026,15:12:13,36.04
4/27/2026,15:12:14,35.94
4/27/2026,15:12:15,35.93
4/27/2026,15:12:16,35.93
4/27/2026,15:12:17,36.16
4/27/2026,15:12:18,35.98
4/27/2026,15:12:19,35.98
4/27/2026,15:12:20,35.9
4/27/2026,15:12:21,36.03
4/27/2026,15:12:22,36.03
4/27/2026,15:12:23,35.98
4/27/2026,15:12:24,35.83
4/27/2026,15:12:25,35.83
4/27/2026,15:12:26,36.71
4/27/2026,15:12:27,35.86
4/27/2026,15:12:28,35.86
4/27/2026,15:12:29,35.94
4/27/2026,15:12:30,35.79
4/27/2026,15:12:31,35.79
4/27/2026,15:12:32,36.34
4/27/2026,15:12:33,35.97
4/27/2026,15:12:34,35.97
4/27/2026,15:12:35,36.18
4/27/2026,15:12:35,10.99
4/27/2026,15:12:36,10.99
4/27/2026,15:12:37,10.99
4/27/2026,15:12:38,9.97
4/27/2026,15:12:39,9.26
4/27/2026,15:12:40,9.26
4/27/2026,15:12:41,10.02
4/27/2026,15:12:41,9.91
4/27/2026,15:12:42,9.91
4/27/2026,15:12:43,9.91
4/27/2026,15:12:44,9.64
4/27/2026,15:12:45,9.68
4/27/2026,15:12:46,9.68
4/27/2026,15:12:47,10.44
4/27/2026,15:12:48,9.42
4/27/2026,15:12:49,9.42
4/27/2026,15:12:50,9.64
4/27/2026,15:12:51,9.53
4/27/2026,15:12:52,9.53
4/27/2026,15:12:53,9.24
4/27/2026,15:12:54,9.31
4/27/2026,15:12:55,9.31
4/27/2026,15:12:56,9.5
4/27/2026,15:12:57,9.28
4/27/2026,15:12:58,9.28
4/27/2026,15:12:59,9.35
4/27/2026,15:13:00,9.09
4/27/2026,15:13:01,9.09
4/27/2026,15:13:02,9.59
4/27/2026,15:13:03,9.33
4/27/2026,15:13:04,9.33
4/27/2026,15:13:05,9.13
4/27/2026,15:13:06,9.87
4/27/2026,15:13:07,9.87
4/27/2026,15:13:08,9.67
4/27/2026,15:13:09,9.2
4/27/2026,15:13:10,9.2
4/27/2026,15:13:11,9.45
4/27/2026,15:13:12,9.24
4/27/2026,15:13:13,9.24
4/27/2026,15:13:14,9.56
4/27/2026,15:13:15,9.19
4/27/2026,15:13:16,9.19
4/27/2026,15:13:17,9.66
4/27/2026,15:13:18,9.15
4/27/2026,15:13:19,9.15
4/27/2026,15:13:20,9.21
4/27/2026,15:13:21,9.8
4/27/2026,15:13:22,9.8
4/27/2026,15:13:23,9.49
4/27/2026,15:13:24,9.23
4/27/2026,15:13:25,9.23
4/27/2026,15:13:26,9.26
4/27/2026,15:13:27,9.35
4/27/2026,15:13:28,9.35
4/27/2026,15:13:29,9.3
4/27/2026,15:13:30,9.12
4/27/2026,15:13:31,9.12
4/27/2026,15:13:32,9.25
4/27/2026,15:13:33,9.48
4/27/2026,15:13:34,9.48
4/27/2026,15:13:35,9.19
4/27/2026,15:13:35,28.4
4/27/2026,15:13:36,28.4
4/27/2026,15:13:37,28.4
4/27/2026,15:13:38,28.41
4/27/2026,15:13:39,28.55
4/27/2026,15:13:40,28.55
4/27/2026,15:13:41,28.65
4/27/2026,15:13:42,28.74
4/27/2026,15:13:43,28.74
4/27/2026,15:13:44,28.81
4/27/2026,15:13:45,28.8
4/27/2026,15:13:46,28.8
4/27/2026,15:13:47,29.02
4/27/2026,15:13:48,29.5
4/27/2026,15:13:49,29.5
4/27/2026,15:13:50,28.81
4/27/2026,15:13:51,29.36
4/27/2026,15:13:52,29.36
4/27/2026,15:13:53,28.94
4/27/2026,15:13:54,28.8
4/27/2026,15:13:55,28.8
4/27/2026,15:13:56,29.04
4/27/2026,15:13:57,29.58
4/27/2026,15:13:58,29.58
4/27/2026,15:13:59,28.99
4/27/2026,15:14:00,29.24
4/27/2026,15:14:01,29.24
4/27/2026,15:14:02,29.35
4/27/2026,15:14:03,29.01
4/27/2026,15:14:04,29.01
4/27/2026,15:14:05,29.1
4/27/2026,15:14:05,30.94
4/27/2026,15:14:06,30.94
4/27/2026,15:14:07,30.94
4/27/2026,15:14:08,29.31
4/27/2026,15:14:09,29.35
4/27/2026,15:14:10,29.4
4/27/2026,15:14:11,29.61
4/27/2026,15:14:12,29.61
4/27/2026,15:14:13,29.12
4/27/2026,15:14:13,29.12
4/27/2026,15:14:14,29.33
4/27/2026,15:14:15,29.33
4/27/2026,15:14:16,29.51
4/27/2026,15:14:17,29.24
4/27/2026,15:14:18,29.24
4/27/2026,15:14:19,29.09
4/27/2026,15:14:20,29.6
4/27/2026,15:14:21,29.6
4/27/2026,15:14:22,29.48
4/27/2026,15:14:23,29.32
4/27/2026,15:14:24,29.32
4/27/2026,15:14:25,29.2
4/27/2026,15:14:26,29.49
4/27/2026,15:14:27,29.49
4/27/2026,15:14:28,29.03
4/27/2026,15:14:29,29.34
4/27/2026,15:14:30,29.34
4/27/2026,15:14:31,29.92
4/27/2026,15:14:32,29.36
4/27/2026,15:14:33,29.36
4/27/2026,15:14:34,29.3
4/27/2026,15:14:35,11.41
4/27/2026,15:14:35,11.41
4/27/2026,15:14:36,11.41
4/27/2026,15:14:37,9.89
4/27/2026,15:14:38,9.79
4/27/2026,15:14:39,9.79
4/27/2026,15:14:40,9.94
4/27/2026,15:14:40,9.94
4/27/2026,15:14:41,9.76
4/27/2026,15:14:42,9.76
4/27/2026,15:14:43,9.51
4/27/2026,15:14:45,9.64
4/27/2026,15:14:46,9.64
4/27/2026,15:14:47,9.41
4/27/2026,15:14:48,9.47
4/27/2026,15:14:49,9.47
4/27/2026,15:14:50,9.46
4/27/2026,15:14:51,9.58
4/27/2026,15:14:52,9.58
4/27/2026,15:14:53,9.03
4/27/2026,15:14:54,9.74
4/27/2026,15:14:55,9.74
4/27/2026,15:14:56,9.42
4/27/2026,15:14:57,9.38
4/27/2026,15:14:58,9.38
4/27/2026,15:14:59,9.14
4/27/2026,15:15:00,9.69
4/27/2026,15:15:01,9.69
4/27/2026,15:15:02,9.16
4/27/2026,15:15:03,9.84
4/27/2026,15:15:04,9.84
4/27/2026,15:15:05,9.2
4/27/2026,15:15:06,10.15
4/27/2026,15:15:07,10.15
4/27/2026,15:15:08,9.44
4/27/2026,15:15:09,9.49
4/27/2026,15:15:10,9.49
4/27/2026,15:15:11,9.22
4/27/2026,15:15:12,9.6
4/27/2026,15:15:13,9.6
4/27/2026,15:15:14,9.76
4/27/2026,15:15:15,9.34
4/27/2026,15:15:16,9.34
4/27/2026,15:15:17,9.09
4/27/2026,15:15:18,9.3
4/27/2026,15:15:19,9.3
4/27/2026,15:15:20,9.42
4/27/2026,15:15:21,9.19
4/27/2026,15:15:22,9.19
4/27/2026,15:15:23,9.2
4/27/2026,15:15:24,9.36
4/27/2026,15:15:25,9.36
4/27/2026,15:15:26,9.49
4/27/2026,15:15:27,9.12
4/27/2026,15:15:28,9.12
4/27/2026,15:15:29,9.62
4/27/2026,15:15:30,9.19
4/27/2026,15:15:31,9.19
4/27/2026,15:15:32,9.35
4/27/2026,15:15:33,9.25
4/27/2026,15:15:34,9.25
4/27/2026,15:15:35,9.69
4/27/2026,15:15:35,11.28
4/27/2026,15:15:36,11.28
4/27/2026,15:15:37,11.28
4/27/2026,15:15:38,11.24
4/27/2026,15:15:39,11.43
4/27/2026,15:15:40,11.43
4/27/2026,15:15:41,11.01
4/27/2026,15:15:42,11.1
4/27/2026,15:15:43,11.1
4/27/2026,15:15:44,11.29
4/27/2026,15:15:45,11.22
4/27/2026,15:15:46,11.22
4/27/2026,15:15:47,11
4/27/2026,15:15:48,11.27
4/27/2026,15:15:49,11.27
4/27/2026,15:15:50,10.98
4/27/2026,15:15:51,11.04
4/27/2026,15:15:52,11.04
4/27/2026,15:15:53,10.96
4/27/2026,15:15:54,10.89
4/27/2026,15:15:55,10.89
4/27/2026,15:15:56,10.82
4/27/2026,15:15:57,10.91
4/27/2026,15:15:58,10.91
4/27/2026,15:15:59,11.14
4/27/2026,15:16:00,10.83
4/27/2026,15:16:01,10.83
4/27/2026,15:16:02,10.93
4/27/2026,15:16:03,11.05
4/27/2026,15:16:04,11.05
4/27/2026,15:16:05,10.89
4/27/2026,15:16:06,11.23
4/27/2026,15:16:07,11.23
4/27/2026,15:16:08,10.95
4/27/2026,15:16:09,11.93
4/27/2026,15:16:10,11.93
4/27/2026,15:16:11,10.7
4/27/2026,15:16:12,11.32
4/27/2026,15:16:13,11.32
4/27/2026,15:16:14,10.98
4/27/2026,15:16:15,11.05
4/27/2026,15:16:16,11.05
4/27/2026,15:16:17,10.81
4/27/2026,15:16:18,10.93
4/27/2026,15:16:19,10.93
4/27/2026,15:16:20,11.69
4/27/2026,15:16:21,10.68
4/27/2026,15:16:22,10.68
4/27/2026,15:16:23,11.03
4/27/2026,15:16:24,10.91
4/27/2026,15:16:25,10.91
4/27/2026,15:16:26,10.73
4/27/2026,15:16:27,10.85
4/27/2026,15:16:28,10.85
4/27/2026,15:16:29,11.28
4/27/2026,15:16:30,10.55
4/27/2026,15:16:31,10.55
4/27/2026,15:16:32,11.02
4/27/2026,15:16:33,11.09
4/27/2026,15:16:34,11.09
4/27/2026,15:16:35,11.08
4/27/2026,15:16:36,10.53
4/27/2026,15:16:37,10.53
4/27/2026,15:16:37,9.65
4/27/2026,15:16:38,9.65
4/27/2026,15:16:39,9.25
4/27/2026,15:16:40,9.25
4/27/2026,15:16:41,9.56
4/27/2026,15:16:42,9.03
4/27/2026,15:16:43,9.03
4/27/2026,15:16:44,9.65
4/27/2026,15:16:45,9.14
4/27/2026,15:16:46,9.14
4/27/2026,15:16:47,9.59
4/27/2026,15:16:48,9.35
4/27/2026,15:16:49,9.35
4/27/2026,15:16:50,9.88
4/27/2026,15:16:51,9.53
4/27/2026,15:16:52,9.53
4/27/2026,15:16:53,9.3
4/27/2026,15:16:54,9.31
4/27/2026,15:16:55,9.31
4/27/2026,15:16:56,9.43
4/27/2026,15:16:57,9.31
4/27/2026,15:16:58,9.31
4/27/2026,15:16:59,9.37
4/27/2026,15:17:00,9.42
4/27/2026,15:17:01,9.42
4/27/2026,15:17:02,9.48
4/27/2026,15:17:03,9.39
4/27/2026,15:17:04,9.39
4/27/2026,15:17:05,9.21
4/27/2026,15:17:06,9.74
4/27/2026,15:17:07,9.74
4/27/2026,15:17:08,9.12
4/27/2026,15:17:09,9.31
4/27/2026,15:17:10,9.31
4/27/2026,15:17:11,9.41
4/27/2026,15:17:12,9.43
4/27/2026,15:17:13,9.43
4/27/2026,15:17:14,9.25
4/27/2026,15:17:15,9.35
4/27/2026,15:17:16,9.35
4/27/2026,15:17:17,9.7
4/27/2026,15:17:18,9.26
4/27/2026,15:17:19,9.26
4/27/2026,15:17:20,9.64
4/27/2026,15:17:21,9.34
4/27/2026,15:17:22,9.34
4/27/2026,15:17:23,9.71
4/27/2026,15:17:24,9.27
4/27/2026,15:17:25,9.27
4/27/2026,15:17:26,9.29
4/27/2026,15:17:27,9.48
4/27/2026,15:17:28,9.48
4/27/2026,15:17:29,9.15
4/27/2026,15:17:30,9.34
4/27/2026,15:17:31,9.34
4/27/2026,15:17:32,9.39
4/27/2026,15:17:33,9.2
4/27/2026,15:17:34,9.2
4/27/2026,15:17:35,9.19
4/27/2026,15:17:35,28.77
4/27/2026,15:17:36,28.77
4/27/2026,15:17:37,28.77
4/27/2026,15:17:38,33.54
4/27/2026,15:17:39,32.99
4/27/2026,15:17:40,32.99
4/27/2026,15:17:40,33.66
4/27/2026,15:17:41,33.66
4/27/2026,15:17:42,34.32
4/27/2026,15:17:43,34.32
4/27/2026,15:17:44,34.04
4/27/2026,15:17:45,34.04
4/27/2026,15:17:46,34.5
4/27/2026,15:17:47,34.24
4/27/2026,15:17:48,34.24
4/27/2026,15:17:49,33.99
4/27/2026,15:17:50,34.65
4/27/2026,15:17:51,34.65
4/27/2026,15:17:52,33.71
4/27/2026,15:17:53,33.73
4/27/2026,15:17:54,33.73
4/27/2026,15:17:55,34
4/27/2026,15:17:56,34.78
4/27/2026,15:17:57,34.78
4/27/2026,15:17:58,34.11
4/27/2026,15:17:59,34.12
4/27/2026,15:18:00,34.12
4/27/2026,15:18:01,34.74
4/27/2026,15:18:02,34.35
4/27/2026,15:18:03,34.35
4/27/2026,15:18:04,34.42
4/27/2026,15:18:05,34.75
4/27/2026,15:18:06,34.75
4/27/2026,15:18:07,35.23
4/27/2026,15:18:08,34.62
4/27/2026,15:18:09,34.62
4/27/2026,15:18:10,34.33
4/27/2026,15:18:11,34.84
4/27/2026,15:18:12,34.84
4/27/2026,15:18:13,34.52
4/27/2026,15:18:14,34.65
4/27/2026,15:18:15,34.65
4/27/2026,15:18:16,34.84
4/27/2026,15:18:17,34.87
4/27/2026,15:18:18,34.87
4/27/2026,15:18:19,34.51
4/27/2026,15:18:21,34.95
4/27/2026,15:18:22,34.95
4/27/2026,15:18:23,34.89
4/27/2026,15:18:24,34.75
4/27/2026,15:18:25,34.75
4/27/2026,15:18:26,34.64
4/27/2026,15:18:27,34.95
4/27/2026,15:18:28,34.95
4/27/2026,15:18:29,34.53
4/27/2026,15:18:30,34.46
4/27/2026,15:18:31,34.46
4/27/2026,15:18:32,35
4/27/2026,15:18:33,34.8
4/27/2026,15:18:34,34.8
4/27/2026,15:18:35,34.54
4/27/2026,15:18:35,11.7
4/27/2026,15:18:36,11.7
4/27/2026,15:18:37,11.7
4/27/2026,15:18:38,9.66
4/27/2026,15:18:39,9.51
4/27/2026,15:18:40,9.51
4/27/2026,15:18:40,9.83
4/27/2026,15:18:41,9.83
4/27/2026,15:18:42,9.58
4/27/2026,15:18:43,9.58
4/27/2026,15:18:44,9.49
4/27/2026,15:18:45,9.78
4/27/2026,15:18:46,9.78
4/27/2026,15:18:47,9.7
4/27/2026,15:18:48,9.58
4/27/2026,15:18:49,9.58
4/27/2026,15:18:50,9.44
4/27/2026,15:18:51,9.6
4/27/2026,15:18:52,9.6
4/27/2026,15:18:53,9.27
4/27/2026,15:18:54,9.42
4/27/2026,15:18:55,9.42
4/27/2026,15:18:56,9.54
4/27/2026,15:18:57,9.36
4/27/2026,15:18:58,9.36
4/27/2026,15:18:59,9.34
4/27/2026,15:19:00,9.47
4/27/2026,15:19:01,9.47
4/27/2026,15:19:02,9.5
4/27/2026,15:19:03,9.74
4/27/2026,15:19:04,9.74
4/27/2026,15:19:05,9.13
4/27/2026,15:19:06,10.12
4/27/2026,15:19:07,10.12
4/27/2026,15:19:08,9.29
4/27/2026,15:19:09,9.43
4/27/2026,15:19:10,9.43
4/27/2026,15:19:11,9.39
4/27/2026,15:19:12,9.52
4/27/2026,15:19:13,9.52
4/27/2026,15:19:14,9.12
4/27/2026,15:19:15,9.28
4/27/2026,15:19:16,9.28
4/27/2026,15:19:17,9.54
4/27/2026,15:19:18,9.25
4/27/2026,15:19:19,9.25
4/27/2026,15:19:20,9.57
4/27/2026,15:19:21,9.37
4/27/2026,15:19:22,9.37
4/27/2026,15:19:23,9.2
4/27/2026,15:19:24,9.18
4/27/2026,15:19:25,9.18
4/27/2026,15:19:26,9.9
4/27/2026,15:19:27,9.17
4/27/2026,15:19:28,9.17
4/27/2026,15:19:29,9.38
4/27/2026,15:19:30,9.03
4/27/2026,15:19:31,9.03
4/27/2026,15:19:32,9.87
4/27/2026,15:19:33,9.19
4/27/2026,15:19:34,9.19
4/27/2026,15:19:35,9.52
4/27/2026,15:19:35,17.52
4/27/2026,15:19:36,17.52
4/27/2026,15:19:37,17.52
4/27/2026,15:19:38,18.65
4/27/2026,15:19:39,18.31
4/27/2026,15:19:40,18.31
4/27/2026,15:19:40,19.47
4/27/2026,15:19:41,19.47
4/27/2026,15:19:42,18.72
4/27/2026,15:19:43,18.72
4/27/2026,15:19:44,18.76
4/27/2026,15:19:45,18.32
4/27/2026,15:19:46,18.32
4/27/2026,15:19:47,18.94
4/27/2026,15:19:47,18.21
4/27/2026,15:19:48,18.21
4/27/2026,15:19:49,18.21
4/27/2026,15:19:50,18.4
4/27/2026,15:19:51,18.58
4/27/2026,15:19:52,18.58
4/27/2026,15:19:53,18.01
4/27/2026,15:19:54,18.36
4/27/2026,15:19:55,18.36
4/27/2026,15:19:55,19.28
4/27/2026,15:19:56,19.28
4/27/2026,15:19:57,19.27
4/27/2026,15:19:58,19.27
4/27/2026,15:19:59,18.47
4/27/2026,15:20:00,18.45
4/27/2026,15:20:01,18.45
4/27/2026,15:20:02,19.47
4/27/2026,15:20:03,18.31
4/27/2026,15:20:04,18.31
4/27/2026,15:20:05,18.96
4/27/2026,15:20:06,18.73
4/27/2026,15:20:07,18.73
4/27/2026,15:20:08,18.98
4/27/2026,15:20:09,19.45
4/27/2026,15:20:10,19.45
4/27/2026,15:20:11,18.83
4/27/2026,15:20:12,19.07
4/27/2026,15:20:13,19.07
4/27/2026,15:20:14,18.79
4/27/2026,15:20:15,19.49
4/27/2026,15:20:16,19.49
4/27/2026,15:20:17,18.65
4/27/2026,15:20:18,18.4
4/27/2026,15:20:19,18.4
4/27/2026,15:20:20,18.76
4/27/2026,15:20:21,18.58
4/27/2026,15:20:22,18.58
4/27/2026,15:20:23,18.83
4/27/2026,15:20:24,18.92
4/27/2026,15:20:25,18.92
4/27/2026,15:20:26,18.7
4/27/2026,15:20:27,18.47
4/27/2026,15:20:28,18.47
4/27/2026,15:20:29,19.1
4/27/2026,15:20:30,18.42
4/27/2026,15:20:31,18.42
4/27/2026,15:20:32,18.59
4/27/2026,15:20:33,18.66
4/27/2026,15:20:34,18.66
4/27/2026,15:20:35,18.36
4/27/2026,15:20:35,11.39
4/27/2026,15:20:36,11.39
4/27/2026,15:20:37,11.39
4/27/2026,15:20:38,9.62
4/27/2026,15:20:39,9.47
4/27/2026,15:20:40,9.47
4/27/2026,15:20:40,9.84
4/27/2026,15:20:41,9.84
4/27/2026,15:20:42,9.66
4/27/2026,15:20:43,9.66
4/27/2026,15:20:44,9.21
4/27/2026,15:20:45,9.47
4/27/2026,15:20:46,9.47
4/27/2026,15:20:47,9.32
4/27/2026,15:20:48,9.18
4/27/2026,15:20:49,9.18
4/27/2026,15:20:50,9.24
4/27/2026,15:20:51,9.86
4/27/2026,15:20:52,9.86
4/27/2026,15:20:53,9.62
4/27/2026,15:20:54,9.21
4/27/2026,15:20:55,9.21
4/27/2026,15:20:56,9.39
4/27/2026,15:20:57,9.15
4/27/2026,15:20:58,9.15
4/27/2026,15:20:59,9.33
4/27/2026,15:21:00,9.44
4/27/2026,15:21:01,9.44
4/27/2026,15:21:02,9.64
4/27/2026,15:21:03,9.21
4/27/2026,15:21:04,9.21
4/27/2026,15:21:05,9.3
4/27/2026,15:21:05,10.99
4/27/2026,15:21:06,10.99
4/27/2026,15:21:07,10.99
4/27/2026,15:21:08,9.55
4/27/2026,15:21:09,9.6
4/27/2026,15:21:10,9.6
4/27/2026,15:21:10,9.24
4/27/2026,15:21:11,9.24
4/27/2026,15:21:12,9.83
4/27/2026,15:21:13,9.83
4/27/2026,15:21:14,9.08
4/27/2026,15:21:15,9.26
4/27/2026,15:21:16,9.26
4/27/2026,15:21:17,9.36
4/27/2026,15:21:18,9.46
4/27/2026,15:21:19,9.46
4/27/2026,15:21:20,9.63
4/27/2026,15:21:21,9.63
4/27/2026,15:21:22,9.1
4/27/2026,15:21:23,9.71
4/27/2026,15:21:24,9.71
4/27/2026,15:21:25,9.07
4/27/2026,15:21:26,10.09
4/27/2026,15:21:27,10.09
4/27/2026,15:21:28,9.13
4/27/2026,15:21:29,9.47
4/27/2026,15:21:30,9.47
4/27/2026,15:21:31,9.71
4/27/2026,15:21:32,9.24
4/27/2026,15:21:33,9.24
4/27/2026,15:21:34,9.17
4/27/2026,15:21:35,26.07
4/27/2026,15:21:35,26.07
4/27/2026,15:21:36,26.07
4/27/2026,15:21:37,36.52
4/27/2026,15:21:38,36.75
4/27/2026,15:21:39,36.75
4/27/2026,15:21:40,36.5
4/27/2026,15:21:41,36.94
4/27/2026,15:21:41,36.94
4/27/2026,15:21:42,36.94
4/27/2026,15:21:43,36.5
4/27/2026,15:21:44,36.64
4/27/2026,15:21:45,36.64
4/27/2026,15:21:46,36.88
4/27/2026,15:21:47,36.98
4/27/2026,15:21:48,36.98
4/27/2026,15:21:49,36.66
4/27/2026,15:21:50,37.1
4/27/2026,15:21:51,37.1
4/27/2026,15:21:52,36.72
4/27/2026,15:21:53,36.99
4/27/2026,15:21:54,36.99
4/27/2026,15:21:55,37.15
4/27/2026,15:21:57,37.11
4/27/2026,15:21:58,37.11
4/27/2026,15:21:59,36.96
4/27/2026,15:22:00,37.13
4/27/2026,15:22:01,37.13
4/27/2026,15:22:02,37.62
4/27/2026,15:22:03,37.37
4/27/2026,15:22:04,37.37
4/27/2026,15:22:05,37.32
4/27/2026,15:22:06,37.73
4/27/2026,15:22:07,37.73
4/27/2026,15:22:08,37.31
4/27/2026,15:22:09,37.1
4/27/2026,15:22:10,37.1
4/27/2026,15:22:11,37.47
4/27/2026,15:22:12,37.5
4/27/2026,15:22:13,37.5
4/27/2026,15:22:14,37.24
4/27/2026,15:22:15,37.34
4/27/2026,15:22:16,37.34
4/27/2026,15:22:17,37.58
4/27/2026,15:22:18,37.19
4/27/2026,15:22:19,37.19
4/27/2026,15:22:20,37.25
4/27/2026,15:22:21,37.65
4/27/2026,15:22:22,37.65
4/27/2026,15:22:23,37.16
4/27/2026,15:22:24,37.16
4/27/2026,15:22:25,37.16
4/27/2026,15:22:26,37.66
4/27/2026,15:22:27,37.63
4/27/2026,15:22:28,37.63
4/27/2026,15:22:29,37.44
4/27/2026,15:22:30,37.38
4/27/2026,15:22:31,37.38
4/27/2026,15:22:32,37.48
4/27/2026,15:22:33,37.46
4/27/2026,15:22:34,37.46
4/27/2026,15:22:35,37.82
4/27/2026,15:22:35,12.73
4/27/2026,15:22:36,12.73
4/27/2026,15:22:37,12.73
4/27/2026,15:22:38,10.3
4/27/2026,15:22:39,9.72
4/27/2026,15:22:40,9.72
4/27/2026,15:22:41,9.84
4/27/2026,15:22:41,10.01
4/27/2026,15:22:42,10.01
4/27/2026,15:22:43,10.01
4/27/2026,15:22:44,9.89
4/27/2026,15:22:45,9.62
4/27/2026,15:22:46,9.62
4/27/2026,15:22:47,9.92
4/27/2026,15:22:48,9.74
4/27/2026,15:22:49,9.74
4/27/2026,15:22:50,9.36
4/27/2026,15:22:51,9.63
4/27/2026,15:22:52,9.63
4/27/2026,15:22:53,9.29
4/27/2026,15:22:54,9.29
4/27/2026,15:22:55,9.29
4/27/2026,15:22:56,9.45
4/27/2026,15:22:57,9.5
4/27/2026,15:22:58,9.5
4/27/2026,15:22:59,9.31
4/27/2026,15:23:00,9.08
4/27/2026,15:23:01,9.08
4/27/2026,15:23:02,9.63
4/27/2026,15:23:02,8.97
4/27/2026,15:23:03,8.97
4/27/2026,15:23:04,8.97
4/27/2026,15:23:05,9.76
4/27/2026,15:23:06,9.79
4/27/2026,15:23:07,9.79
4/27/2026,15:23:08,9.7
4/27/2026,15:23:09,9.08
4/27/2026,15:23:10,9.08
4/27/2026,15:23:11,9.54
4/27/2026,15:23:12,9.45
4/27/2026,15:23:13,9.45
4/27/2026,15:23:14,9.65
4/27/2026,15:23:15,9.14
4/27/2026,15:23:16,9.14
4/27/2026,15:23:17,9.74
4/27/2026,15:23:18,9.17
4/27/2026,15:23:19,9.17
4/27/2026,15:23:20,9.37
4/27/2026,15:23:21,9.43
4/27/2026,15:23:22,9.43
4/27/2026,15:23:23,9.37
4/27/2026,15:23:24,9.22
4/27/2026,15:23:25,9.22
4/27/2026,15:23:26,9.5
4/27/2026,15:23:27,9.38
4/27/2026,15:23:28,9.38
4/27/2026,15:23:29,9.57
4/27/2026,15:23:30,9.27
4/27/2026,15:23:31,9.27
4/27/2026,15:23:32,9.54
4/27/2026,15:23:33,9.43
4/27/2026,15:23:34,9.43
4/27/2026,15:23:35,9.21
4/27/2026,15:23:35,22.53
4/27/2026,15:23:36,22.53
4/27/2026,15:23:37,22.53
4/27/2026,15:23:38,30.13
4/27/2026,15:23:39,29.83
4/27/2026,15:23:40,29.83
4/27/2026,15:23:41,30.17
4/27/2026,15:23:41,29.71
4/27/2026,15:23:42,29.71
4/27/2026,15:23:43,29.71
4/27/2026,15:23:44,29.91
4/27/2026,15:23:45,30.23
4/27/2026,15:23:46,30.23
4/27/2026,15:23:47,30.38
4/27/2026,15:23:48,30.31
4/27/2026,15:23:49,30.31
4/27/2026,15:23:50,29.79
4/27/2026,15:23:51,30.28
4/27/2026,15:23:52,30.28
4/27/2026,15:23:53,29.91
4/27/2026,15:23:54,29.96
4/27/2026,15:23:55,29.96
4/27/2026,15:23:56,30.18
4/27/2026,15:23:57,30.19
4/27/2026,15:23:58,30.19
4/27/2026,15:23:59,30.17
4/27/2026,15:24:00,30.58
4/27/2026,15:24:01,30.58
4/27/2026,15:24:02,30.41
4/27/2026,15:24:03,30.22
4/27/2026,15:24:04,30.22
4/27/2026,15:24:05,30.38
4/27/2026,15:24:06,30.81
4/27/2026,15:24:07,30.81
4/27/2026,15:24:08,30.47
4/27/2026,15:24:09,30.13
4/27/2026,15:24:10,30.13
4/27/2026,15:24:11,30.69
4/27/2026,15:24:12,30.3
4/27/2026,15:24:13,30.3
4/27/2026,15:24:14,30.22
4/27/2026,15:24:15,30.39
4/27/2026,15:24:16,30.39
4/27/2026,15:24:17,30.83
4/27/2026,15:24:18,30.29
4/27/2026,15:24:19,30.29
4/27/2026,15:24:20,30.35
4/27/2026,15:24:21,30.66
4/27/2026,15:24:22,30.66
4/27/2026,15:24:23,30.63
4/27/2026,15:24:24,30.28
4/27/2026,15:24:25,30.28
4/27/2026,15:24:26,30.77
4/27/2026,15:24:27,30.29
4/27/2026,15:24:28,30.29
4/27/2026,15:24:29,30.52
4/27/2026,15:24:30,30.11
4/27/2026,15:24:31,30.11
4/27/2026,15:24:32,30.82
4/27/2026,15:24:33,30.24
4/27/2026,15:24:34,30.24
4/27/2026,15:24:35,30.44
4/27/2026,15:24:35,12.66
4/27/2026,15:24:36,12.66
4/27/2026,15:24:37,12.66
4/27/2026,15:24:38,9.9
4/27/2026,15:24:39,9.81
4/27/2026,15:24:40,9.81
4/27/2026,15:24:41,9.96
4/27/2026,15:24:41,9.61
4/27/2026,15:24:42,9.61
4/27/2026,15:24:43,9.61
4/27/2026,15:24:44,9.57
4/27/2026,15:24:45,9.6
4/27/2026,15:24:46,9.6
4/27/2026,15:24:47,9.81
4/27/2026,15:24:48,9.46
4/27/2026,15:24:49,9.46
4/27/2026,15:24:50,9.24
4/27/2026,15:24:51,9.57
4/27/2026,15:24:52,9.57
4/27/2026,15:24:53,9.15
4/27/2026,15:24:54,9.32
4/27/2026,15:24:55,9.07
4/27/2026,15:24:56,10.18
4/27/2026,15:24:57,10.18
4/27/2026,15:24:58,8.92
4/27/2026,15:24:59,9.45
4/27/2026,15:25:00,9.45
4/27/2026,15:25:01,9.83
4/27/2026,15:25:02,11.09
4/27/2026,15:25:02,11.09
4/27/2026,15:25:03,11.09
4/27/2026,15:25:04,10.98
4/27/2026,15:25:05,9.9
4/27/2026,15:25:06,9.9
4/27/2026,15:25:07,9.29
4/27/2026,15:25:08,9.62
4/27/2026,15:25:08,9.62
4/27/2026,15:25:09,9.62
4/27/2026,15:25:10,9.54
4/27/2026,15:25:11,9.44
4/27/2026,15:25:12,9.44
4/27/2026,15:25:13,9.57
4/27/2026,15:25:14,9.27
4/27/2026,15:25:15,9.27
4/27/2026,15:25:16,9.3
4/27/2026,15:25:17,10.42
4/27/2026,15:25:18,10.42
4/27/2026,15:25:19,9.62
4/27/2026,15:25:20,9.12
4/27/2026,15:25:21,9.12
4/27/2026,15:25:22,9.4
4/27/2026,15:25:23,9.56
4/27/2026,15:25:24,9.56
4/27/2026,15:25:25,9.19
4/27/2026,15:25:26,9.21
4/27/2026,15:25:27,9.21
4/27/2026,15:25:28,9.67
4/27/2026,15:25:29,9.29
4/27/2026,15:25:30,9.29
4/27/2026,15:25:32,9.38
4/27/2026,15:25:33,9.93
4/27/2026,15:25:34,9.93
4/27/2026,15:25:35,9.24
4/27/2026,15:25:35,19.52
4/27/2026,15:25:36,19.52
4/27/2026,15:25:37,19.52
4/27/2026,15:25:38,26.39
4/27/2026,15:25:39,26.66
4/27/2026,15:25:40,26.66
4/27/2026,15:25:40,26.49
4/27/2026,15:25:41,26.49
4/27/2026,15:25:42,26.7
4/27/2026,15:25:43,26.7
4/27/2026,15:25:44,27.25
4/27/2026,15:25:45,26.93
4/27/2026,15:25:46,26.93
4/27/2026,15:25:47,26.47
4/27/2026,15:25:48,27.03
4/27/2026,15:25:49,27.03
4/27/2026,15:25:50,26.25
4/27/2026,15:25:51,26.24
4/27/2026,15:25:52,26.24
4/27/2026,15:25:53,26.31
4/27/2026,15:25:54,26.5
4/27/2026,15:25:55,26.5
4/27/2026,15:25:56,26.13
4/27/2026,15:25:57,26.29
4/27/2026,15:25:58,26.29
4/27/2026,15:25:59,27.07
4/27/2026,15:26:00,26.64
4/27/2026,15:26:01,26.64
4/27/2026,15:26:02,26.71
4/27/2026,15:26:03,27.53
4/27/2026,15:26:04,27.53
4/27/2026,15:26:05,27.59
4/27/2026,15:26:06,27.61
4/27/2026,15:26:07,27.61
4/27/2026,15:26:08,27.15
4/27/2026,15:26:09,27.58
4/27/2026,15:26:10,27.58
4/27/2026,15:26:11,27.79
4/27/2026,15:26:12,27.59
4/27/2026,15:26:13,27.59
4/27/2026,15:26:14,27.78
4/27/2026,15:26:15,27.03
4/27/2026,15:26:16,27.03
4/27/2026,15:26:17,27.39
4/27/2026,15:26:17,27.89
4/27/2026,15:26:18,27.89
4/27/2026,15:26:19,27.89
4/27/2026,15:26:20,27.42
4/27/2026,15:26:21,27.23
4/27/2026,15:26:22,27.23
4/27/2026,15:26:23,27.28
4/27/2026,15:26:24,27.8
4/27/2026,15:26:25,27.8
4/27/2026,15:26:26,27.31
4/27/2026,15:26:27,27.56
4/27/2026,15:26:28,27.56
4/27/2026,15:26:29,27.72
4/27/2026,15:26:30,27.61
4/27/2026,15:26:31,27.61
4/27/2026,15:26:32,27.15
4/27/2026,15:26:33,27.62
4/27/2026,15:26:34,27.62
4/27/2026,15:26:35,27.5
4/27/2026,15:26:35,12.61
4/27/2026,15:26:36,12.61
4/27/2026,15:26:37,12.61
4/27/2026,15:26:38,9.83
4/27/2026,15:26:39,9.42
4/27/2026,15:26:40,9.42
4/27/2026,15:26:41,10.01
4/27/2026,15:26:41,9.26
4/27/2026,15:26:42,9.26
4/27/2026,15:26:43,9.26
4/27/2026,15:26:44,9.83
4/27/2026,15:26:45,9.39
4/27/2026,15:26:46,9.39
4/27/2026,15:26:47,9.77
4/27/2026,15:26:48,9.13
4/27/2026,15:26:49,9.13
4/27/2026,15:26:50,9.6
4/27/2026,15:26:51,9.42
4/27/2026,15:26:52,9.42
4/27/2026,15:26:53,9.29
4/27/2026,15:26:54,9.14
4/27/2026,15:26:55,9.14
4/27/2026,15:26:56,9.65
4/27/2026,15:26:57,9.11
4/27/2026,15:26:58,9.11
4/27/2026,15:26:59,9.41
4/27/2026,15:27:00,9.23
4/27/2026,15:27:01,9.23
4/27/2026,15:27:02,9.81
4/27/2026,15:27:03,9.16
4/27/2026,15:27:04,9.16
4/27/2026,15:27:05,9.42
4/27/2026,15:27:06,9.9
4/27/2026,15:27:07,9.9
4/27/2026,15:27:08,9.59
4/27/2026,15:27:09,9.37
4/27/2026,15:27:10,9.37
4/27/2026,15:27:11,9.65
4/27/2026,15:27:12,9.72
4/27/2026,15:27:13,9.72
4/27/2026,15:27:14,9.36
4/27/2026,15:27:15,9.52
4/27/2026,15:27:16,9.52
4/27/2026,15:27:17,9.53
4/27/2026,15:27:18,9.42
4/27/2026,15:27:19,9.42
4/27/2026,15:27:20,9.14
4/27/2026,15:27:21,9.82
4/27/2026,15:27:22,9.82
4/27/2026,15:27:23,9.27
4/27/2026,15:27:24,9.27
4/27/2026,15:27:25,9.27
4/27/2026,15:27:26,9.55
4/27/2026,15:27:27,9.22
4/27/2026,15:27:28,9.22
4/27/2026,15:27:29,9.65
4/27/2026,15:27:30,9.07
4/27/2026,15:27:31,9.07
4/27/2026,15:27:32,9.64
4/27/2026,15:27:33,9.28
4/27/2026,15:27:34,9.28
4/27/2026,15:27:35,9.36
4/27/2026,15:27:35,11.43
4/27/2026,15:27:36,11.43
4/27/2026,15:27:37,11.43
4/27/2026,15:27:38,11.8
4/27/2026,15:27:39,11.66
4/27/2026,15:27:40,11.66
4/27/2026,15:27:41,11.9
4/27/2026,15:27:42,11.41
4/27/2026,15:27:43,11.41
4/27/2026,15:27:44,12.04
4/27/2026,15:27:45,11.28
4/27/2026,15:27:46,11.28
4/27/2026,15:27:47,11.84
4/27/2026,15:27:48,11.63
4/27/2026,15:27:49,11.63
4/27/2026,15:27:50,11.37
4/27/2026,15:27:51,11.57
4/27/2026,15:27:52,11.57
4/27/2026,15:27:53,11.86
4/27/2026,15:27:54,11.34
4/27/2026,15:27:55,11.34
4/27/2026,15:27:56,11.56
4/27/2026,15:27:57,11.46
4/27/2026,15:27:58,11.46
4/27/2026,15:27:59,11.57
4/27/2026,15:28:00,11.67
4/27/2026,15:28:01,11.67
4/27/2026,15:28:02,11.83
4/27/2026,15:28:03,11.45
4/27/2026,15:28:04,11.45
4/27/2026,15:28:05,11.58
4/27/2026,15:28:06,11.95
4/27/2026,15:28:07,11.95
4/27/2026,15:28:08,11.66
4/27/2026,15:28:09,12.05
4/27/2026,15:28:10,12.05
4/27/2026,15:28:11,11.62
4/27/2026,15:28:11,13.75
4/27/2026,15:28:12,13.75
4/27/2026,15:28:13,13.75
4/27/2026,15:28:14,11.8
4/27/2026,15:28:15,12.06
4/27/2026,15:28:16,12.06
4/27/2026,15:28:16,12.08
4/27/2026,15:28:17,12.08
4/27/2026,15:28:18,12
4/27/2026,15:28:19,12
4/27/2026,15:28:20,11.48
4/27/2026,15:28:21,12.12
4/27/2026,15:28:22,12.12
4/27/2026,15:28:23,11.87
4/27/2026,15:28:24,11.95
4/27/2026,15:28:25,11.95
4/27/2026,15:28:26,11.32
4/27/2026,15:28:27,11.9
4/27/2026,15:28:28,11.9
4/27/2026,15:28:29,11.57
4/27/2026,15:28:30,12
4/27/2026,15:28:31,11.8
4/27/2026,15:28:32,11.77
4/27/2026,15:28:33,11.77
4/27/2026,15:28:34,11.39
4/27/2026,15:28:35,11.14
4/27/2026,15:28:36,11.14
4/27/2026,15:28:37,9.15
4/27/2026,15:28:37,9.15
4/27/2026,15:28:38,9.42
4/27/2026,15:28:39,9.42
4/27/2026,15:28:40,9.42
4/27/2026,15:28:41,10.01
4/27/2026,15:28:42,10.01
4/27/2026,15:28:43,9.57
4/27/2026,15:28:44,9.39
4/27/2026,15:28:45,9.39
4/27/2026,15:28:46,9.59
4/27/2026,15:28:47,9.19
4/27/2026,15:28:48,9.19
4/27/2026,15:28:49,9.37
4/27/2026,15:28:50,9.71
4/27/2026,15:28:51,9.71
4/27/2026,15:28:52,9.35
4/27/2026,15:28:53,9.11
4/27/2026,15:28:54,9.11
4/27/2026,15:28:55,9.59
4/27/2026,15:28:56,9.9
4/27/2026,15:28:57,9.9
4/27/2026,15:28:58,9.29
4/27/2026,15:28:59,9.36
4/27/2026,15:29:00,9.36
4/27/2026,15:29:01,9.57
4/27/2026,15:29:02,9.3
4/27/2026,15:29:03,9.3
4/27/2026,15:29:04,9.15
4/27/2026,15:29:06,9.81
4/27/2026,15:29:07,9.81
4/27/2026,15:29:08,9.48
4/27/2026,15:29:09,9.43
4/27/2026,15:29:10,9.43
4/27/2026,15:29:11,9.14
4/27/2026,15:29:11,10.32
4/27/2026,15:29:12,10.32
4/27/2026,15:29:13,10.32
4/27/2026,15:29:14,9.43
4/27/2026,15:29:15,9.53
4/27/2026,15:29:16,9.53
4/27/2026,15:29:17,9.63
4/27/2026,15:29:18,9.55
4/27/2026,15:29:19,9.55
4/27/2026,15:29:19,9.03
4/27/2026,15:29:20,9.03
4/27/2026,15:29:21,9.69
4/27/2026,15:29:22,9.69
4/27/2026,15:29:23,9.39
4/27/2026,15:29:24,9.27
4/27/2026,15:29:25,9.27
4/27/2026,15:29:26,9.2
4/27/2026,15:29:26,10.03
4/27/2026,15:29:27,10.03
4/27/2026,15:29:28,10.03
4/27/2026,15:29:29,9.45
4/27/2026,15:29:30,9.27
4/27/2026,15:29:31,9.27
4/27/2026,15:29:32,9.49
4/27/2026,15:29:33,9.41
4/27/2026,15:29:34,9.41
4/27/2026,15:29:35,9.35
4/27/2026,15:29:35,16.55
4/27/2026,15:29:36,16.55
4/27/2026,15:29:37,16.55
4/27/2026,15:29:38,23.84
4/27/2026,15:29:39,24.1
4/27/2026,15:29:40,24.1
4/27/2026,15:29:40,24.93
4/27/2026,15:29:41,24.93
4/27/2026,15:29:42,24.95
4/27/2026,15:29:43,24.95
4/27/2026,15:29:44,24.5
4/27/2026,15:29:45,24.54
4/27/2026,15:29:46,24.54
4/27/2026,15:29:47,24.47
4/27/2026,15:29:47,23.64
4/27/2026,15:29:48,23.64
4/27/2026,15:29:49,23.64
4/27/2026,15:29:50,23.54
4/27/2026,15:29:51,24.1
4/27/2026,15:29:52,24.1
4/27/2026,15:29:53,24.52
4/27/2026,15:29:54,24.77
4/27/2026,15:29:55,24.77
4/27/2026,15:29:55,24.98
4/27/2026,15:29:56,24.98
4/27/2026,15:29:57,24.69
4/27/2026,15:29:58,24.69
4/27/2026,15:29:59,24.17
4/27/2026,15:30:00,23.83
4/27/2026,15:30:01,23.83
4/27/2026,15:30:02,24.44
4/27/2026,15:30:03,24.49
4/27/2026,15:30:04,24.49
4/27/2026,15:30:05,24.29
4/27/2026,15:30:06,25.02
4/27/2026,15:30:07,25.02
4/27/2026,15:30:08,24.83
4/27/2026,15:30:09,24.87
4/27/2026,15:30:10,24.87
4/27/2026,15:30:11,24.45
4/27/2026,15:30:12,24.37
4/27/2026,15:30:13,24.37
4/27/2026,15:30:14,24.65
4/27/2026,15:30:15,23.87
4/27/2026,15:30:16,23.87
4/27/2026,15:30:17,24.2
4/27/2026,15:30:18,23.92
4/27/2026,15:30:19,23.92
4/27/2026,15:30:20,24.94
4/27/2026,15:30:21,24.71
4/27/2026,15:30:22,24.71
4/27/2026,15:30:23,24.76
4/27/2026,15:30:24,24.56
4/27/2026,15:30:25,24.56
4/27/2026,15:30:26,24.68
4/27/2026,15:30:27,24.22
4/27/2026,15:30:28,24.22
4/27/2026,15:30:29,24.73
4/27/2026,15:30:30,24.14
4/27/2026,15:30:31,24.14
4/27/2026,15:30:32,24.41
4/27/2026,15:30:33,24.28
4/27/2026,15:30:34,24.28
4/27/2026,15:30:35,24.96
4/27/2026,15:30:35,14.44
4/27/2026,15:30:36,14.44
4/27/2026,15:30:37,14.44
4/27/2026,15:30:38,9.42
4/27/2026,15:30:39,9.97
4/27/2026,15:30:40,9.97
4/27/2026,15:30:41,9.77
4/27/2026,15:30:41,9.26
4/27/2026,15:30:42,9.26
4/27/2026,15:30:43,9.26
4/27/2026,15:30:44,9.71
4/27/2026,15:30:45,9.92
4/27/2026,15:30:46,9.92
4/27/2026,15:30:47,9.57
4/27/2026,15:30:48,9.21
4/27/2026,15:30:49,9.21
4/27/2026,15:30:50,9.28
4/27/2026,15:30:51,9.74
4/27/2026,15:30:52,9.74
4/27/2026,15:30:53,9.31
4/27/2026,15:30:54,9.24
4/27/2026,15:30:55,9.24
4/27/2026,15:30:56,9.57
4/27/2026,15:30:57,9.41
4/27/2026,15:30:58,9.41
4/27/2026,15:30:59,9.4
4/27/2026,15:31:00,9.59
4/27/2026,15:31:01,9.59
4/27/2026,15:31:02,9.86
4/27/2026,15:31:03,9.16
4/27/2026,15:31:04,9.16
4/27/2026,15:31:05,9.4
4/27/2026,15:31:06,9.83
4/27/2026,15:31:07,9.83
4/27/2026,15:31:08,9.56
4/27/2026,15:31:09,9.14
4/27/2026,15:31:10,9.14
4/27/2026,15:31:11,9.57
4/27/2026,15:31:12,9.56
4/27/2026,15:31:13,9.56
4/27/2026,15:31:14,9.3
4/27/2026,15:31:15,9.22
4/27/2026,15:31:16,9.22
4/27/2026,15:31:17,9.9
4/27/2026,15:31:18,9.38
4/27/2026,15:31:19,9.38
4/27/2026,15:31:20,9.18
4/27/2026,15:31:21,9.61
4/27/2026,15:31:22,9.61
4/27/2026,15:31:23,9.42
4/27/2026,15:31:24,9.23
4/27/2026,15:31:25,9.23
4/27/2026,15:31:26,9.3
4/27/2026,15:31:27,9.64
4/27/2026,15:31:28,9.64
4/27/2026,15:31:29,9.14
4/27/2026,15:31:30,9.51
4/27/2026,15:31:31,9.51
4/27/2026,15:31:32,9.61
4/27/2026,15:31:33,9.22
4/27/2026,15:31:34,9.22
4/27/2026,15:31:35,9.15
4/27/2026,15:31:35,13.53
4/27/2026,15:31:36,13.53
4/27/2026,15:31:37,13.53
4/27/2026,15:31:38,16.06
4/27/2026,15:31:39,16.31
4/27/2026,15:31:40,16.31
4/27/2026,15:31:41,16.49
4/27/2026,15:31:41,16.56
4/27/2026,15:31:42,16.56
4/27/2026,15:31:43,16.56
4/27/2026,15:31:44,16.48
4/27/2026,15:31:45,16.65
4/27/2026,15:31:46,16.65
4/27/2026,15:31:47,16.88
4/27/2026,15:31:48,16.98
4/27/2026,15:31:49,16.98
4/27/2026,15:31:50,16.46
4/27/2026,15:31:51,16.82
4/27/2026,15:31:52,16.82
4/27/2026,15:31:53,16.27
4/27/2026,15:31:54,16.76
4/27/2026,15:31:55,16.76
4/27/2026,15:31:56,16.47
4/27/2026,15:31:57,16.73
4/27/2026,15:31:58,16.73
4/27/2026,15:31:59,16.63
4/27/2026,15:32:00,16.64
4/27/2026,15:32:01,16.64
4/27/2026,15:32:02,16.86
4/27/2026,15:32:03,16.52
4/27/2026,15:32:04,16.52
4/27/2026,15:32:05,16.42
4/27/2026,15:32:06,16.91
4/27/2026,15:32:07,16.53
4/27/2026,15:32:08,16.42
4/27/2026,15:32:09,16.42
4/27/2026,15:32:10,16.22
4/27/2026,15:32:11,16.85
4/27/2026,15:32:12,16.85
4/27/2026,15:32:13,16.41
4/27/2026,15:32:14,16.48
4/27/2026,15:32:15,16.48
4/27/2026,15:32:16,16.77
4/27/2026,15:32:17,16.8
4/27/2026,15:32:18,16.8
4/27/2026,15:32:19,16.23
4/27/2026,15:32:20,16.53
4/27/2026,15:32:21,16.53
4/27/2026,15:32:22,17.28
4/27/2026,15:32:23,16.6
4/27/2026,15:32:24,16.6
4/27/2026,15:32:25,16.47
4/27/2026,15:32:26,16.68
4/27/2026,15:32:27,16.68
4/27/2026,15:32:28,16.69
4/27/2026,15:32:29,16.79
4/27/2026,15:32:30,16.79
4/27/2026,15:32:31,16.79
4/27/2026,15:32:32,16.91
4/27/2026,15:32:33,16.91
4/27/2026,15:32:34,16.5
4/27/2026,15:32:35,12.73
4/27/2026,15:32:35,12.73
4/27/2026,15:32:36,12.73
4/27/2026,15:32:37,9.32
4/27/2026,15:32:38,9.23
4/27/2026,15:32:39,9.23
4/27/2026,15:32:40,9.38
4/27/2026,15:32:41,9.38
4/27/2026,15:32:42,9.67
4/27/2026,15:32:43,9.67
4/27/2026,15:32:44,9.17
4/27/2026,15:32:45,9.29
4/27/2026,15:32:46,9.29
4/27/2026,15:32:47,9.44
4/27/2026,15:32:48,9.35
4/27/2026,15:32:49,9.35
4/27/2026,15:32:50,9.24
4/27/2026,15:32:51,9.51
4/27/2026,15:32:52,9.51
4/27/2026,15:32:53,9.15
4/27/2026,15:32:54,9.35
4/27/2026,15:32:55,9.35
4/27/2026,15:32:56,9.17
4/27/2026,15:32:57,9.91
4/27/2026,15:32:58,9.91
4/27/2026,15:32:59,9.21
4/27/2026,15:33:00,9.33
4/27/2026,15:33:01,9.33
4/27/2026,15:33:02,9.57
4/27/2026,15:33:03,9.31
4/27/2026,15:33:04,9.31
4/27/2026,15:33:05,9.51
4/27/2026,15:33:06,9.53
4/27/2026,15:33:07,9.53
4/27/2026,15:33:08,9.63
4/27/2026,15:33:09,9.34
4/27/2026,15:33:10,9.34
4/27/2026,15:33:11,9.13
4/27/2026,15:33:12,9.56
4/27/2026,15:33:13,9.56
4/27/2026,15:33:14,8.99
4/27/2026,15:33:15,9.17
4/27/2026,15:33:16,9.17
4/27/2026,15:33:17,9.54
4/27/2026,15:33:18,9.09
4/27/2026,15:33:19,9.09
4/27/2026,15:33:20,9.2
4/27/2026,15:33:21,9.47
4/27/2026,15:33:22,9.47
4/27/2026,15:33:23,9.42
4/27/2026,15:33:24,8.93
4/27/2026,15:33:25,8.93
4/27/2026,15:33:26,9.35
4/27/2026,15:33:27,9.27
4/27/2026,15:33:28,9.27
4/27/2026,15:33:29,9.19
4/27/2026,15:33:30,9.42
4/27/2026,15:33:31,9.42
4/27/2026,15:33:32,9.98
4/27/2026,15:33:33,9.67
4/27/2026,15:33:34,9.67
4/27/2026,15:33:35,9.23
4/27/2026,15:33:35,16.83
4/27/2026,15:33:36,16.83
4/27/2026,15:33:37,16.83
4/27/2026,15:33:38,27.87
4/27/2026,15:33:39,27.69
4/27/2026,15:33:40,27.69
4/27/2026,15:33:41,27.99
4/27/2026,15:33:41,28.1
4/27/2026,15:33:42,28.1
4/27/2026,15:33:43,28.1
4/27/2026,15:33:44,28.04
4/27/2026,15:33:45,27.87
4/27/2026,15:33:46,27.87
4/27/2026,15:33:47,28.17
4/27/2026,15:33:48,27.73
4/27/2026,15:33:49,27.73
4/27/2026,15:33:50,28.01
4/27/2026,15:33:51,27.94
4/27/2026,15:33:52,27.94
4/27/2026,15:33:53,27.89
4/27/2026,15:33:54,27.9
4/27/2026,15:33:55,27.9
4/27/2026,15:33:56,27.58
4/27/2026,15:33:57,28.06
4/27/2026,15:33:58,28.06
4/27/2026,15:33:59,27.93
4/27/2026,15:34:00,27.79
4/27/2026,15:34:01,27.79
4/27/2026,15:34:02,28.51
4/27/2026,15:34:03,28.01
4/27/2026,15:34:04,28.01
4/27/2026,15:34:05,28.49
4/27/2026,15:34:06,28.43
4/27/2026,15:34:07,28.43
4/27/2026,15:34:08,28.71
4/27/2026,15:34:09,28.33
4/27/2026,15:34:10,28.33
4/27/2026,15:34:11,28.15
4/27/2026,15:34:12,28.35
4/27/2026,15:34:13,28.35
4/27/2026,15:34:14,28.4
4/27/2026,15:34:15,28.34
4/27/2026,15:34:16,28.34
4/27/2026,15:34:17,28.52
4/27/2026,15:34:18,28.06
4/27/2026,15:34:19,28.06
4/27/2026,15:34:20,28.34
4/27/2026,15:34:21,28.37
4/27/2026,15:34:22,28.37
4/27/2026,15:34:23,28.78
4/27/2026,15:34:24,28.2
4/27/2026,15:34:25,28.2
4/27/2026,15:34:26,28.31
4/27/2026,15:34:27,28.64
4/27/2026,15:34:28,28.64
4/27/2026,15:34:29,28.16
4/27/2026,15:34:30,28.36
4/27/2026,15:34:31,28.36
4/27/2026,15:34:32,28.69
4/27/2026,15:34:33,28.41
4/27/2026,15:34:34,28.41
4/27/2026,15:34:35,28.21
4/27/2026,15:34:35,15.39
4/27/2026,15:34:36,15.39
4/27/2026,15:34:37,15.39
4/27/2026,15:34:38,9.8
4/27/2026,15:34:39,9.6
4/27/2026,15:34:40,9.6
4/27/2026,15:34:40,10.54
4/27/2026,15:34:41,10.54
4/27/2026,15:34:42,9.42
4/27/2026,15:34:43,9.42
4/27/2026,15:34:44,9.77
4/27/2026,15:34:45,9.44
4/27/2026,15:34:46,9.44
4/27/2026,15:34:47,9.65
4/27/2026,15:34:47,9.1
4/27/2026,15:34:48,9.1
4/27/2026,15:34:49,9.1
4/27/2026,15:34:50,9.65
4/27/2026,15:34:51,9.52
4/27/2026,15:34:52,9.52
4/27/2026,15:34:53,9.47
4/27/2026,15:34:54,9.38
4/27/2026,15:34:55,9.38
4/27/2026,15:34:56,9.31
4/27/2026,15:34:57,9.21
4/27/2026,15:34:58,9.21
4/27/2026,15:34:59,9.07
4/27/2026,15:35:00,9.24
4/27/2026,15:35:01,9.24
4/27/2026,15:35:02,9.49
4/27/2026,15:35:03,9.43
4/27/2026,15:35:04,9.43
4/27/2026,15:35:05,9.24
4/27/2026,15:35:05,10.18
4/27/2026,15:35:06,10.18
4/27/2026,15:35:07,10.18
4/27/2026,15:35:08,9.96
4/27/2026,15:35:09,9.47
4/27/2026,15:35:10,9.47
4/27/2026,15:35:11,9.42
4/27/2026,15:35:12,10.08
4/27/2026,15:35:13,10.08
4/27/2026,15:35:13,9.09
4/27/2026,15:35:14,9.09
4/27/2026,15:35:15,9.54
4/27/2026,15:35:16,9.54
4/27/2026,15:35:17,9.45
4/27/2026,15:35:18,9.37
4/27/2026,15:35:19,9.37
4/27/2026,15:35:20,9.09
4/27/2026,15:35:21,9.73
4/27/2026,15:35:22,9.73
4/27/2026,15:35:23,9.18
4/27/2026,15:35:24,9.55
4/27/2026,15:35:25,9.55
4/27/2026,15:35:26,9.4
4/27/2026,15:35:27,9.52
4/27/2026,15:35:28,9.52
4/27/2026,15:35:29,9.22
4/27/2026,15:35:30,9.3
4/27/2026,15:35:31,9.3
4/27/2026,15:35:32,9.36
4/27/2026,15:35:33,9.13
4/27/2026,15:35:34,9.13
4/27/2026,15:35:35,9.37
4/27/2026,15:35:35,16.05
4/27/2026,15:35:36,16.05
4/27/2026,15:35:37,16.05
4/27/2026,15:35:38,30.53
4/27/2026,15:35:39,30.43
4/27/2026,15:35:40,30.43
4/27/2026,15:35:40,30.71
4/27/2026,15:35:41,30.78
4/27/2026,15:35:42,30.78
4/27/2026,15:35:43,30.4
4/27/2026,15:35:44,30.4
4/27/2026,15:35:45,30.4
4/27/2026,15:35:46,30.85
4/27/2026,15:35:47,30.67
4/27/2026,15:35:48,30.67
4/27/2026,15:35:49,30.4
4/27/2026,15:35:50,30.76
4/27/2026,15:35:51,30.76
4/27/2026,15:35:52,30.83
4/27/2026,15:35:53,30.61
4/27/2026,15:35:54,30.61
4/27/2026,15:35:55,30.69
4/27/2026,15:35:56,30.84
4/27/2026,15:35:57,30.84
4/27/2026,15:35:58,30.66
4/27/2026,15:35:59,30.62
4/27/2026,15:36:00,30.62
4/27/2026,15:36:01,31.06
4/27/2026,15:36:02,30.8
4/27/2026,15:36:03,30.8
4/27/2026,15:36:04,30.79
4/27/2026,15:36:05,31.08
4/27/2026,15:36:06,31.08
4/27/2026,15:36:07,31.2
4/27/2026,15:36:08,30.75
4/27/2026,15:36:09,30.75
4/27/2026,15:36:10,31.09
4/27/2026,15:36:11,31.49
4/27/2026,15:36:12,31.49
4/27/2026,15:36:13,30.75
4/27/2026,15:36:14,30.8
4/27/2026,15:36:15,30.8
4/27/2026,15:36:16,30.98
4/27/2026,15:36:18,30.71
4/27/2026,15:36:19,30.71
4/27/2026,15:36:20,30.86
4/27/2026,15:36:21,31.15
4/27/2026,15:36:22,31.15
4/27/2026,15:36:23,30.81
4/27/2026,15:36:24,30.95
4/27/2026,15:36:25,30.95
4/27/2026,15:36:26,30.78
4/27/2026,15:36:27,31.41
4/27/2026,15:36:28,31.41
4/27/2026,15:36:29,30.86
4/27/2026,15:36:30,30.98
4/27/2026,15:36:31,30.98
4/27/2026,15:36:32,31.05
4/27/2026,15:36:33,30.97
4/27/2026,15:36:34,30.97
4/27/2026,15:36:35,30.9
4/27/2026,15:36:35,16.11
4/27/2026,15:36:36,16.11
4/27/2026,15:36:37,16.11
4/27/2026,15:36:38,9.63
4/27/2026,15:36:39,9.79
4/27/2026,15:36:40,9.79
4/27/2026,15:36:41,9.39
4/27/2026,15:36:41,10.1
4/27/2026,15:36:42,10.1
4/27/2026,15:36:43,10.1
4/27/2026,15:36:44,9.96
4/27/2026,15:36:45,9.55
4/27/2026,15:36:46,9.55
4/27/2026,15:36:47,9.57
4/27/2026,15:36:48,9.26
4/27/2026,15:36:49,9.26
4/27/2026,15:36:50,9.23
4/27/2026,15:36:51,9.36
4/27/2026,15:36:52,9.36
4/27/2026,15:36:53,9.46
4/27/2026,15:36:54,9.21
4/27/2026,15:36:55,9.21
4/27/2026,15:36:56,9.43
4/27/2026,15:36:57,9.48
4/27/2026,15:36:58,9.48
4/27/2026,15:36:59,10.05
4/27/2026,15:36:59,9.1
4/27/2026,15:37:00,9.1
4/27/2026,15:37:01,9.1
4/27/2026,15:37:02,9.84
4/27/2026,15:37:03,9.39
4/27/2026,15:37:04,9.39
4/27/2026,15:37:05,9.41
4/27/2026,15:37:06,9.36
4/27/2026,15:37:07,9.36
4/27/2026,15:37:08,9.85
4/27/2026,15:37:09,9.27
4/27/2026,15:37:10,9.27
4/27/2026,15:37:11,9.43
4/27/2026,15:37:12,9.5
4/27/2026,15:37:13,9.5
4/27/2026,15:37:14,9.58
4/27/2026,15:37:15,9.45
4/27/2026,15:37:16,9.45
4/27/2026,15:37:17,9.6
4/27/2026,15:37:18,9.36
4/27/2026,15:37:19,9.36
4/27/2026,15:37:20,9.21
4/27/2026,15:37:21,9.41
4/27/2026,15:37:22,9.41
4/27/2026,15:37:23,9.34
4/27/2026,15:37:24,9.31
4/27/2026,15:37:25,9.31
4/27/2026,15:37:26,9.23
4/27/2026,15:37:27,9.56
4/27/2026,15:37:28,9.56
4/27/2026,15:37:29,9.54
4/27/2026,15:37:30,9.6
4/27/2026,15:37:31,9.6
4/27/2026,15:37:32,9.5
4/27/2026,15:37:33,9.3
4/27/2026,15:37:34,9.3
4/27/2026,15:37:35,9.28
4/27/2026,15:37:35,15.69
4/27/2026,15:37:36,15.69
4/27/2026,15:37:37,15.69
4/27/2026,15:37:38,29.86
4/27/2026,15:37:39,29.24
4/27/2026,15:37:40,29.24
4/27/2026,15:37:41,29.33
4/27/2026,15:37:41,29.63
4/27/2026,15:37:42,29.63
4/27/2026,15:37:43,29.63
4/27/2026,15:37:44,29.49
4/27/2026,15:37:45,29.87
4/27/2026,15:37:46,29.87
4/27/2026,15:37:47,29.79
4/27/2026,15:37:48,29.63
4/27/2026,15:37:49,29.63
4/27/2026,15:37:50,29.38
4/27/2026,15:37:51,29.62
4/27/2026,15:37:52,29.62
4/27/2026,15:37:53,29.82
4/27/2026,15:37:54,29.5
4/27/2026,15:37:55,29.5
4/27/2026,15:37:56,29.62
4/27/2026,15:37:57,29.92
4/27/2026,15:37:58,29.92
4/27/2026,15:37:59,29.81
4/27/2026,15:38:00,29.77
4/27/2026,15:38:01,29.77
4/27/2026,15:38:02,30.02
4/27/2026,15:38:03,29.71
4/27/2026,15:38:04,29.71
4/27/2026,15:38:05,29.93
4/27/2026,15:38:06,30
4/27/2026,15:38:07,30
4/27/2026,15:38:08,30.35
4/27/2026,15:38:09,29.7
4/27/2026,15:38:10,29.7
4/27/2026,15:38:11,29.99
4/27/2026,15:38:12,30.16
4/27/2026,15:38:13,30.16
4/27/2026,15:38:14,30.29
4/27/2026,15:38:15,29.71
4/27/2026,15:38:16,29.71
4/27/2026,15:38:17,30.61
4/27/2026,15:38:18,29.84
4/27/2026,15:38:19,29.84
4/27/2026,15:38:20,29.9
4/27/2026,15:38:21,29.75
4/27/2026,15:38:22,29.75
4/27/2026,15:38:23,30.33
4/27/2026,15:38:24,29.84
4/27/2026,15:38:25,29.84
4/27/2026,15:38:26,29.99
4/27/2026,15:38:27,30.01
4/27/2026,15:38:28,30.01
4/27/2026,15:38:29,29.92
4/27/2026,15:38:30,29.74
4/27/2026,15:38:31,29.74
4/27/2026,15:38:32,30.45
4/27/2026,15:38:33,29.7
4/27/2026,15:38:34,29.7
4/27/2026,15:38:35,29.99
4/27/2026,15:38:35,15.41
4/27/2026,15:38:36,15.41
4/27/2026,15:38:37,15.41
4/27/2026,15:38:38,9.7
4/27/2026,15:38:39,9.43
4/27/2026,15:38:40,9.43
4/27/2026,15:38:41,9.69
4/27/2026,15:38:41,9.5
4/27/2026,15:38:42,9.5
4/27/2026,15:38:43,9.5
4/27/2026,15:38:44,9.43
4/27/2026,15:38:45,9.44
4/27/2026,15:38:46,9.44
4/27/2026,15:38:47,9.5
4/27/2026,15:38:48,9.75
4/27/2026,15:38:49,9.75
4/27/2026,15:38:50,9.59
4/27/2026,15:38:51,9.65
4/27/2026,15:38:52,9.65
4/27/2026,15:38:53,9.26
4/27/2026,15:38:54,9.4
4/27/2026,15:38:55,9.4
4/27/2026,15:38:56,9.38
4/27/2026,15:38:57,9.68
4/27/2026,15:38:58,9.68
4/27/2026,15:38:59,9.05
4/27/2026,15:39:00,9.34
4/27/2026,15:39:01,9.34
4/27/2026,15:39:02,9.42
4/27/2026,15:39:03,9.53
4/27/2026,15:39:04,9.53
4/27/2026,15:39:05,9.3
4/27/2026,15:39:06,9.77
4/27/2026,15:39:07,9.77
4/27/2026,15:39:08,9.48
4/27/2026,15:39:09,9.43
4/27/2026,15:39:10,9.43
4/27/2026,15:39:11,9.48
4/27/2026,15:39:12,9.61
4/27/2026,15:39:13,9.61
4/27/2026,15:39:14,9.36
4/27/2026,15:39:15,9.51
4/27/2026,15:39:16,9.58
4/27/2026,15:39:17,9.34
4/27/2026,15:39:18,9.34
4/27/2026,15:39:19,9.63
4/27/2026,15:39:20,9.62
4/27/2026,15:39:21,9.62
4/27/2026,15:39:22,9.91
4/27/2026,15:39:23,9.26
4/27/2026,15:39:24,9.26
4/27/2026,15:39:25,9.21
4/27/2026,15:39:26,9.65
4/27/2026,15:39:27,9.65
4/27/2026,15:39:28,8.24
4/27/2026,15:39:28,8.24
4/27/2026,15:39:29,9.38
4/27/2026,15:39:30,9.38
4/27/2026,15:39:31,9.4
4/27/2026,15:39:32,9.39
4/27/2026,15:39:33,9.39
4/27/2026,15:39:33,9.39
4/27/2026,15:39:34,9.41
4/27/2026,15:39:35,13.71
4/27/2026,15:39:36,13.71
4/27/2026,15:39:37,20.74
4/27/2026,15:39:38,22.2
4/27/2026,15:39:39,22.2
4/27/2026,15:39:39,22.2
4/27/2026,15:39:40,22.71
4/27/2026,15:39:41,23.13
4/27/2026,15:39:42,23.13
4/27/2026,15:39:43,21.73
4/27/2026,15:39:44,20.01
4/27/2026,15:39:44,20.01
4/27/2026,15:39:45,20.01
4/27/2026,15:39:46,22.55
4/27/2026,15:39:47,23.08
4/27/2026,15:39:48,23.08
4/27/2026,15:39:49,22.37
4/27/2026,15:39:49,22.37
4/27/2026,15:39:50,22.11
4/27/2026,15:39:51,22.11
4/27/2026,15:39:53,21.54
4/27/2026,15:39:54,22.53
4/27/2026,15:39:55,22.53
4/27/2026,15:39:56,22.62
4/27/2026,15:39:57,23.46
4/27/2026,15:39:58,23.46
4/27/2026,15:39:59,22.37
4/27/2026,15:40:00,22.14
4/27/2026,15:40:01,22.14
4/27/2026,15:40:02,22.36
4/27/2026,15:40:03,22.6
4/27/2026,15:40:04,22.6
4/27/2026,15:40:05,22.99
4/27/2026,15:40:06,22.52
4/27/2026,15:40:07,22.52
4/27/2026,15:40:08,21.65
4/27/2026,15:40:09,21.33
4/27/2026,15:40:10,21.33
4/27/2026,15:40:11,22.4
4/27/2026,15:40:12,23.11
4/27/2026,15:40:13,23.11
4/27/2026,15:40:14,22.43
4/27/2026,15:40:15,21.58
4/27/2026,15:40:16,21.58
4/27/2026,15:40:17,22.02
4/27/2026,15:40:18,22.13
4/27/2026,15:40:19,22.13
4/27/2026,15:40:20,22.7
4/27/2026,15:40:21,23.31
4/27/2026,15:40:22,23.31
4/27/2026,15:40:23,22.09
4/27/2026,15:40:24,21.68
4/27/2026,15:40:25,21.68
4/27/2026,15:40:26,21.93
4/27/2026,15:40:27,22
4/27/2026,15:40:28,22
4/27/2026,15:40:29,22.07
4/27/2026,15:40:30,22.09
4/27/2026,15:40:31,22.09
4/27/2026,15:40:32,22.55
4/27/2026,15:40:33,22.27
4/27/2026,15:40:34,22.27
4/27/2026,15:40:35,22.19
4/27/2026,15:40:35,16.77
4/27/2026,15:40:36,16.77
4/27/2026,15:40:37,16.77
4/27/2026,15:40:38,9.4
4/27/2026,15:40:39,9.24
4/27/2026,15:40:40,9.24
4/27/2026,15:40:41,9.22
4/27/2026,15:40:41,9.89
4/27/2026,15:40:42,9.89
4/27/2026,15:40:43,9.89
4/27/2026,15:40:44,9.67
4/27/2026,15:40:45,9.14
4/27/2026,15:40:46,9.14
4/27/2026,15:40:47,9.81
4/27/2026,15:40:48,9.11
4/27/2026,15:40:49,9.11
4/27/2026,15:40:50,9.41
4/27/2026,15:40:51,9.24
4/27/2026,15:40:52,9.24
4/27/2026,15:40:53,9.88
4/27/2026,15:40:54,9.2
4/27/2026,15:40:55,9.2
4/27/2026,15:40:56,9.38
4/27/2026,15:40:57,9.63
4/27/2026,15:40:58,9.63
4/27/2026,15:40:59,9.22
4/27/2026,15:41:00,9.22
4/27/2026,15:41:01,9.22
4/27/2026,15:41:02,9.55
4/27/2026,15:41:03,9.28
4/27/2026,15:41:04,9.28
4/27/2026,15:41:05,9.69
4/27/2026,15:41:06,9.3
4/27/2026,15:41:07,9.3
4/27/2026,15:41:08,10.22
4/27/2026,15:41:09,9.49
4/27/2026,15:41:10,9.49
4/27/2026,15:41:11,9.33
4/27/2026,15:41:12,9.53
4/27/2026,15:41:13,9.53
4/27/2026,15:41:14,9.37
4/27/2026,15:41:15,9.14
4/27/2026,15:41:16,9.14
4/27/2026,15:41:17,9.71
4/27/2026,15:41:18,9.05
4/27/2026,15:41:19,9.05
4/27/2026,15:41:20,9.41
4/27/2026,15:41:21,9.08
4/27/2026,15:41:22,9.08
4/27/2026,15:41:23,9.61
4/27/2026,15:41:24,9.42
4/27/2026,15:41:25,9.42
4/27/2026,15:41:26,9.31
4/27/2026,15:41:27,9.31
4/27/2026,15:41:28,9.31
4/27/2026,15:41:29,9.27
4/27/2026,15:41:30,9
4/27/2026,15:41:31,9
4/27/2026,15:41:32,9.52
4/27/2026,15:41:33,9.18
4/27/2026,15:41:34,9.18
4/27/2026,15:41:35,9.28
4/27/2026,15:41:35,15.04
4/27/2026,15:41:36,15.04
4/27/2026,15:41:37,15.04
4/27/2026,15:41:38,37.54
4/27/2026,15:41:39,37.48
4/27/2026,15:41:40,37.48
4/27/2026,15:41:41,37.44
4/27/2026,15:41:41,37.75
4/27/2026,15:41:42,37.75
4/27/2026,15:41:43,37.75
4/27/2026,15:41:44,37.92
4/27/2026,15:41:45,37.45
4/27/2026,15:41:46,37.45
4/27/2026,15:41:47,37.93
4/27/2026,15:41:48,37.71
4/27/2026,15:41:49,37.71
4/27/2026,15:41:50,37.68
4/27/2026,15:41:51,37.44
4/27/2026,15:41:52,37.44
4/27/2026,15:41:53,38.07
4/27/2026,15:41:54,37.5
4/27/2026,15:41:55,37.5
4/27/2026,15:41:56,38.3
4/27/2026,15:41:57,38.02
4/27/2026,15:41:58,38.02
4/27/2026,15:41:59,38.04
4/27/2026,15:42:00,37.94
4/27/2026,15:42:01,37.94
4/27/2026,15:42:02,38.34
4/27/2026,15:42:03,37.88
4/27/2026,15:42:04,37.88
4/27/2026,15:42:05,38.18
4/27/2026,15:42:06,38.05
4/27/2026,15:42:07,38.05
4/27/2026,15:42:08,38.69
4/27/2026,15:42:09,38.09
4/27/2026,15:42:10,38.09
4/27/2026,15:42:11,38.38
4/27/2026,15:42:12,38.48
4/27/2026,15:42:13,38.48
4/27/2026,15:42:14,38.26
4/27/2026,15:42:15,38.26
4/27/2026,15:42:16,38.26
4/27/2026,15:42:17,38.26
4/27/2026,15:42:18,38.72
4/27/2026,15:42:19,38.72
4/27/2026,15:42:20,38.25
4/27/2026,15:42:21,38.26
4/27/2026,15:42:22,38.26
4/27/2026,15:42:23,38.56
4/27/2026,15:42:24,38.3
4/27/2026,15:42:25,38.3
4/27/2026,15:42:26,38.61
4/27/2026,15:42:27,38.8
4/27/2026,15:42:28,38.8
4/27/2026,15:42:29,38.33
4/27/2026,15:42:30,38.38
4/27/2026,15:42:31,38.38
4/27/2026,15:42:32,38.39
4/27/2026,15:42:33,38.66
4/27/2026,15:42:34,38.66
4/27/2026,15:42:35,38.3
4/27/2026,15:42:35,19.23
4/27/2026,15:42:36,19.23
4/27/2026,15:42:37,19.23
4/27/2026,15:42:38,9.89
4/27/2026,15:42:39,9.74
4/27/2026,15:42:40,9.74
4/27/2026,15:42:41,9.76
4/27/2026,15:42:41,10.04
4/27/2026,15:42:42,10.04
4/27/2026,15:42:43,10.04
4/27/2026,15:42:44,9.82
4/27/2026,15:42:45,9.54
4/27/2026,15:42:46,9.54
4/27/2026,15:42:47,9.92
4/27/2026,15:42:48,9.45
4/27/2026,15:42:49,9.45
4/27/2026,15:42:50,9.66
4/27/2026,15:42:51,9.6
4/27/2026,15:42:52,9.54
4/27/2026,15:42:53,9.51
4/27/2026,15:42:54,9.51
4/27/2026,15:42:55,9.42
4/27/2026,15:42:56,9.74
4/27/2026,15:42:57,9.74
4/27/2026,15:42:58,9.72
4/27/2026,15:42:59,9.34
4/27/2026,15:43:00,9.34
4/27/2026,15:43:01,9.65
4/27/2026,15:43:02,9.35
4/27/2026,15:43:03,9.35
4/27/2026,15:43:04,9.3
4/27/2026,15:43:05,9.61
4/27/2026,15:43:06,9.61
4/27/2026,15:43:07,9.3
4/27/2026,15:43:08,9.55
4/27/2026,15:43:09,9.55
4/27/2026,15:43:10,9.37
4/27/2026,15:43:11,10.01
4/27/2026,15:43:12,10.01
4/27/2026,15:43:13,9.13
4/27/2026,15:43:14,9.31
4/27/2026,15:43:15,9.31
4/27/2026,15:43:16,9.4
4/27/2026,15:43:17,9.4
4/27/2026,15:43:18,9.4
4/27/2026,15:43:19,9.06
4/27/2026,15:43:20,9.74
4/27/2026,15:43:21,9.74
4/27/2026,15:43:22,9.18
4/27/2026,15:43:23,9.44
4/27/2026,15:43:24,9.44
4/27/2026,15:43:26,9.21
4/27/2026,15:43:27,10.08
4/27/2026,15:43:28,10.08
4/27/2026,15:43:29,9.41
4/27/2026,15:43:30,9.61
4/27/2026,15:43:31,9.61
4/27/2026,15:43:32,9.34
4/27/2026,15:43:33,9.15
4/27/2026,15:43:34,9.15
4/27/2026,15:43:35,9.25
4/27/2026,15:43:35,14.99
4/27/2026,15:43:36,14.99
4/27/2026,15:43:37,14.99
4/27/2026,15:43:38,33.03
4/27/2026,15:43:39,33.64
4/27/2026,15:43:40,33.64
4/27/2026,15:43:40,34.31
4/27/2026,15:43:41,34.31
4/27/2026,15:43:42,34.74
4/27/2026,15:43:43,34.74
4/27/2026,15:43:44,34.72
4/27/2026,15:43:45,33.26
4/27/2026,15:43:46,33.26
4/27/2026,15:43:47,33.08
4/27/2026,15:43:48,34.01
4/27/2026,15:43:49,34.01
4/27/2026,15:43:50,34.66
4/27/2026,15:43:51,34.84
4/27/2026,15:43:52,34.84
4/27/2026,15:43:53,34.73
4/27/2026,15:43:54,34.67
4/27/2026,15:43:55,34.67
4/27/2026,15:43:56,34.69
4/27/2026,15:43:57,35.09
4/27/2026,15:43:58,35.09
4/27/2026,15:43:59,34.86
4/27/2026,15:44:00,35.12
4/27/2026,15:44:01,35.12
4/27/2026,15:44:02,35.34
4/27/2026,15:44:03,35.28
4/27/2026,15:44:04,35.28
4/27/2026,15:44:05,35.05
4/27/2026,15:44:06,35.35
4/27/2026,15:44:07,35.35
4/27/2026,15:44:08,35.69
4/27/2026,15:44:09,34.97
4/27/2026,15:44:10,34.97
4/27/2026,15:44:11,35.17
4/27/2026,15:44:12,35.33
4/27/2026,15:44:13,35.33
4/27/2026,15:44:14,34.93
4/27/2026,15:44:15,35.31
4/27/2026,15:44:16,35.31
4/27/2026,15:44:17,35.34
4/27/2026,15:44:18,35.14
4/27/2026,15:44:19,35.14
4/27/2026,15:44:20,35.02
4/27/2026,15:44:21,35.33
4/27/2026,15:44:22,35.33
4/27/2026,15:44:23,35.28
4/27/2026,15:44:24,35.14
4/27/2026,15:44:25,35.14
4/27/2026,15:44:26,35.14
4/27/2026,15:44:27,35.36
4/27/2026,15:44:28,35.36
4/27/2026,15:44:29,35.43
4/27/2026,15:44:30,35.22
4/27/2026,15:44:31,35.22
4/27/2026,15:44:32,35.38
4/27/2026,15:44:33,35.72
4/27/2026,15:44:34,35.72
4/27/2026,15:44:35,35.12
4/27/2026,15:44:35,18.21
4/27/2026,15:44:36,18.21
4/27/2026,15:44:37,18.21
4/27/2026,15:44:38,10.2
4/27/2026,15:44:39,9.88
4/27/2026,15:44:40,9.88
4/27/2026,15:44:41,9.72
4/27/2026,15:44:41,9.86
4/27/2026,15:44:42,9.86
4/27/2026,15:44:43,9.86
4/27/2026,15:44:44,9.58
4/27/2026,15:44:45,9.73
4/27/2026,15:44:46,9.73
4/27/2026,15:44:47,9.91
4/27/2026,15:44:48,9.65
4/27/2026,15:44:49,9.65
4/27/2026,15:44:50,9.59
4/27/2026,15:44:51,9.42
4/27/2026,15:44:52,9.42
4/27/2026,15:44:53,9.67
4/27/2026,15:44:54,9.37
4/27/2026,15:44:55,9.37
4/27/2026,15:44:56,9.75
4/27/2026,15:44:57,9.29
4/27/2026,15:44:58,9.29
4/27/2026,15:44:59,9.48
4/27/2026,15:45:00,9.55
4/27/2026,15:45:01,9.55
4/27/2026,15:45:02,9.83
4/27/2026,15:45:03,9.37
4/27/2026,15:45:04,9.37
4/27/2026,15:45:05,9.67
4/27/2026,15:45:06,9.52
4/27/2026,15:45:07,9.52
4/27/2026,15:45:08,10.17
4/27/2026,15:45:09,9.47
4/27/2026,15:45:10,9.47
4/27/2026,15:45:11,9.24
4/27/2026,15:45:12,9.6
4/27/2026,15:45:13,9.6
4/27/2026,15:45:14,9.71
4/27/2026,15:45:15,9.11
4/27/2026,15:45:16,9.11
4/27/2026,15:45:17,9.66
4/27/2026,15:45:18,9.77
4/27/2026,15:45:19,9.77
4/27/2026,15:45:20,9.49
4/27/2026,15:45:21,9.63
4/27/2026,15:45:22,9.63
4/27/2026,15:45:23,9.3
4/27/2026,15:45:24,9.61
4/27/2026,15:45:25,9.61
4/27/2026,15:45:26,9.22
4/27/2026,15:45:27,9.37
4/27/2026,15:45:28,9.37
4/27/2026,15:45:29,9.49
4/27/2026,15:45:30,9.71
4/27/2026,15:45:31,9.71
4/27/2026,15:45:32,9.07
4/27/2026,15:45:33,9.68
4/27/2026,15:45:34,9.68
4/27/2026,15:45:35,9.52
4/27/2026,15:45:35,13.47
4/27/2026,15:45:36,13.47
4/27/2026,15:45:37,13.47
4/27/2026,15:45:38,24.82
4/27/2026,15:45:39,24.72
4/27/2026,15:45:40,24.72
4/27/2026,15:45:41,24.55
4/27/2026,15:45:41,24.94
4/27/2026,15:45:42,24.94
4/27/2026,15:45:43,24.94
4/27/2026,15:45:44,25.4
4/27/2026,15:45:45,25.38
4/27/2026,15:45:46,25.38
4/27/2026,15:45:47,25.12
4/27/2026,15:45:48,25.38
4/27/2026,15:45:49,25.38
4/27/2026,15:45:50,24.87
4/27/2026,15:45:51,24.71
4/27/2026,15:45:52,24.71
4/27/2026,15:45:53,24.93
4/27/2026,15:45:54,25.47
4/27/2026,15:45:55,25.47
4/27/2026,15:45:56,25.2
4/27/2026,15:45:57,25.57
4/27/2026,15:45:58,25.57
4/27/2026,15:45:59,25.75
4/27/2026,15:46:00,25.27
4/27/2026,15:46:01,25.27
4/27/2026,15:46:02,25
4/27/2026,15:46:03,24.96
4/27/2026,15:46:04,24.96
4/27/2026,15:46:05,25.9
4/27/2026,15:46:06,25.21
4/27/2026,15:46:07,25.21
4/27/2026,15:46:08,26.05
4/27/2026,15:46:08,26.63
4/27/2026,15:46:09,26.63
4/27/2026,15:46:10,26.63
4/27/2026,15:46:11,26.27
4/27/2026,15:46:12,26.12
4/27/2026,15:46:13,26.12
4/27/2026,15:46:14,26.2
4/27/2026,15:46:15,25.36
4/27/2026,15:46:16,25.36
4/27/2026,15:46:17,25.44
4/27/2026,15:46:18,26.15
4/27/2026,15:46:19,26.15
4/27/2026,15:46:20,27.02
4/27/2026,15:46:21,25.84
4/27/2026,15:46:22,25.84
4/27/2026,15:46:23,25.68
4/27/2026,15:46:24,25.71
4/27/2026,15:46:25,25.71
4/27/2026,15:46:26,25.29
4/27/2026,15:46:26,25.29
4/27/2026,15:46:27,25.29
4/27/2026,15:46:28,25.35
4/27/2026,15:46:29,25.5
4/27/2026,15:46:30,25.5
4/27/2026,15:46:31,25.35
4/27/2026,15:46:32,25.34
4/27/2026,15:46:33,25.34
4/27/2026,15:46:34,25.73
4/27/2026,15:46:35,18.21
4/27/2026,15:46:35,18.21
4/27/2026,15:46:36,18.21
4/27/2026,15:46:37,9.66
4/27/2026,15:46:38,9.93
4/27/2026,15:46:39,9.93
4/27/2026,15:46:40,9.48
4/27/2026,15:46:41,9.62
4/27/2026,15:46:41,9.62
4/27/2026,15:46:42,9.62
4/27/2026,15:46:43,9.47
4/27/2026,15:46:44,9.55
4/27/2026,15:46:45,9.55
4/27/2026,15:46:46,9.42
4/27/2026,15:46:47,9.58
4/27/2026,15:46:48,9.58
4/27/2026,15:46:49,9.41
4/27/2026,15:46:50,9.6
4/27/2026,15:46:51,9.6
4/27/2026,15:46:52,9.09
4/27/2026,15:46:53,9.43
4/27/2026,15:46:54,9.43
4/27/2026,15:46:55,9.66
4/27/2026,15:46:56,9.64
4/27/2026,15:46:57,9.64
4/27/2026,15:46:58,9.12
4/27/2026,15:46:59,9.24
4/27/2026,15:47:01,9.24
4/27/2026,15:47:02,9.39
4/27/2026,15:47:03,9.44
4/27/2026,15:47:04,9.44
4/27/2026,15:47:05,9.27
4/27/2026,15:47:06,9.59
4/27/2026,15:47:07,9.59
4/27/2026,15:47:08,9.83
4/27/2026,15:47:09,8.7
4/27/2026,15:47:10,8.7
4/27/2026,15:47:11,9.49
4/27/2026,15:47:12,9.69
4/27/2026,15:47:13,9.69
4/27/2026,15:47:14,9.27
4/27/2026,15:47:15,9.25
4/27/2026,15:47:16,9.25
4/27/2026,15:47:17,9.57
4/27/2026,15:47:18,9.14
4/27/2026,15:47:19,9.14
4/27/2026,15:47:20,9.4
4/27/2026,15:47:21,9.69
4/27/2026,15:47:22,9.69
4/27/2026,15:47:23,9.37
4/27/2026,15:47:24,9.26
4/27/2026,15:47:25,9.26
4/27/2026,15:47:26,9.34
4/27/2026,15:47:27,9.5
4/27/2026,15:47:28,9.5
4/27/2026,15:47:29,9.12
4/27/2026,15:47:30,9.26
4/27/2026,15:47:31,9.26
4/27/2026,15:47:32,9.41
4/27/2026,15:47:33,9.3
4/27/2026,15:47:34,9.3
4/27/2026,15:47:35,9.23
4/27/2026,15:47:35,13.97
4/27/2026,15:47:36,13.97
4/27/2026,15:47:37,13.97
4/27/2026,15:47:38,34.64
4/27/2026,15:47:39,34.81
4/27/2026,15:47:40,34.81
4/27/2026,15:47:41,34.62
4/27/2026,15:47:41,35.41
4/27/2026,15:47:42,35.41
4/27/2026,15:47:43,35.41
4/27/2026,15:47:44,34.86
4/27/2026,15:47:45,35.03
4/27/2026,15:47:46,35.03
4/27/2026,15:47:47,35.21
4/27/2026,15:47:48,35.46
4/27/2026,15:47:49,35.46
4/27/2026,15:47:50,34.88
4/27/2026,15:47:51,35.09
4/27/2026,15:47:52,35.09
4/27/2026,15:47:53,35.21
4/27/2026,15:47:54,35.19
4/27/2026,15:47:55,35.19
4/27/2026,15:47:56,35.12
4/27/2026,15:47:57,35.52
4/27/2026,15:47:58,35.52
4/27/2026,15:47:59,35.21
4/27/2026,15:48:00,35.39
4/27/2026,15:48:01,35.39
4/27/2026,15:48:02,35.29
4/27/2026,15:48:03,35.92
4/27/2026,15:48:04,35.92
4/27/2026,15:48:05,35.38
4/27/2026,15:48:06,35.55
4/27/2026,15:48:07,35.55
4/27/2026,15:48:08,35.9
4/27/2026,15:48:09,35.74
4/27/2026,15:48:10,35.74
4/27/2026,15:48:11,35.57
4/27/2026,15:48:12,35.89
4/27/2026,15:48:13,35.89
4/27/2026,15:48:14,35.7
4/27/2026,15:48:15,35.61
4/27/2026,15:48:16,35.61
4/27/2026,15:48:17,35.54
4/27/2026,15:48:18,35.69
4/27/2026,15:48:19,35.69
4/27/2026,15:48:20,35.52
4/27/2026,15:48:21,35.57
4/27/2026,15:48:22,35.57
4/27/2026,15:48:23,35.76
4/27/2026,15:48:24,35.85
4/27/2026,15:48:25,35.85
4/27/2026,15:48:26,35.59
4/27/2026,15:48:27,35.13
4/27/2026,15:48:28,35.13
4/27/2026,15:48:29,35.72
4/27/2026,15:48:30,35.63
4/27/2026,15:48:31,35.63
4/27/2026,15:48:32,35.55
4/27/2026,15:48:33,35.91
4/27/2026,15:48:34,35.91
4/27/2026,15:48:35,35.72
4/27/2026,15:48:35,19.11
4/27/2026,15:48:36,19.11
4/27/2026,15:48:37,19.11
4/27/2026,15:48:38,10.17
4/27/2026,15:48:39,10
4/27/2026,15:48:40,10
4/27/2026,15:48:40,9.82
4/27/2026,15:48:41,9.82
4/27/2026,15:48:42,9.8
4/27/2026,15:48:43,9.8
4/27/2026,15:48:44,9.55
4/27/2026,15:48:45,9.93
4/27/2026,15:48:46,9.93
4/27/2026,15:48:47,9.84
4/27/2026,15:48:48,9.19
4/27/2026,15:48:49,9.19
4/27/2026,15:48:50,9.58
4/27/2026,15:48:51,9.17
4/27/2026,15:48:52,9.17
4/27/2026,15:48:53,9.77
4/27/2026,15:48:54,9.1
4/27/2026,15:48:55,9.1
4/27/2026,15:48:56,9.46
4/27/2026,15:48:57,9.29
4/27/2026,15:48:58,9.29
4/27/2026,15:48:59,9.31
4/27/2026,15:49:00,9.22
4/27/2026,15:49:01,9.22
4/27/2026,15:49:02,9.26
4/27/2026,15:49:03,9.3
4/27/2026,15:49:04,9.3
4/27/2026,15:49:05,9.22
4/27/2026,15:49:06,9.36
4/27/2026,15:49:07,9.36
4/27/2026,15:49:08,9.77
4/27/2026,15:49:09,9.31
4/27/2026,15:49:10,9.31
4/27/2026,15:49:11,9.25
4/27/2026,15:49:12,10.25
4/27/2026,15:49:13,10.25
4/27/2026,15:49:14,9.44
4/27/2026,15:49:15,9.51
4/27/2026,15:49:16,9.51
4/27/2026,15:49:17,9.51
4/27/2026,15:49:18,9.36
4/27/2026,15:49:19,9.36
4/27/2026,15:49:20,9.33
4/27/2026,15:49:21,9.06
4/27/2026,15:49:22,9.06
4/27/2026,15:49:23,9.76
4/27/2026,15:49:24,9.2
4/27/2026,15:49:25,9.2
4/27/2026,15:49:26,9.88
4/27/2026,15:49:27,9.32
4/27/2026,15:49:28,9.32
4/27/2026,15:49:29,9.44
4/27/2026,15:49:30,9.27
4/27/2026,15:49:31,9.27
4/27/2026,15:49:32,9.28
4/27/2026,15:49:33,9.43
4/27/2026,15:49:34,9.43
4/27/2026,15:49:35,9.41
4/27/2026,15:49:35,12.69
4/27/2026,15:49:36,12.69
4/27/2026,15:49:37,12.69
4/27/2026,15:49:38,22.3
4/27/2026,15:49:39,22.46
4/27/2026,15:49:40,22.46
4/27/2026,15:49:40,23.38
4/27/2026,15:49:41,23.38
4/27/2026,15:49:42,23.92
4/27/2026,15:49:43,23.92
4/27/2026,15:49:44,23.55
4/27/2026,15:49:45,23
4/27/2026,15:49:46,23
4/27/2026,15:49:47,23.42
4/27/2026,15:49:47,22.16
4/27/2026,15:49:48,22.16
4/27/2026,15:49:49,22.16
4/27/2026,15:49:50,22.53
4/27/2026,15:49:51,23.26
4/27/2026,15:49:52,23.26
4/27/2026,15:49:53,23.29
4/27/2026,15:49:53,23.38
4/27/2026,15:49:54,23.38
4/27/2026,15:49:55,23.38
4/27/2026,15:49:56,22.79
4/27/2026,15:49:57,22.71
4/27/2026,15:49:58,22.71
4/27/2026,15:49:59,22.63
4/27/2026,15:50:00,22.92
4/27/2026,15:50:01,23.59
4/27/2026,15:50:02,23.47
4/27/2026,15:50:03,23.47
4/27/2026,15:50:04,23.19
4/27/2026,15:50:05,23.53
4/27/2026,15:50:06,23.53
4/27/2026,15:50:07,22.88
4/27/2026,15:50:08,22.49
4/27/2026,15:50:09,22.49
4/27/2026,15:50:10,22.15
4/27/2026,15:50:10,22.15
4/27/2026,15:50:11,23.94
4/27/2026,15:50:12,23.94
4/27/2026,15:50:13,23.41
4/27/2026,15:50:14,23.14
4/27/2026,15:50:15,23.14
4/27/2026,15:50:16,22.51
4/27/2026,15:50:17,22.88
4/27/2026,15:50:18,22.88
4/27/2026,15:50:19,22.82
4/27/2026,15:50:20,23.5
4/27/2026,15:50:20,23.5
4/27/2026,15:50:21,23.5
4/27/2026,15:50:22,23.77
4/27/2026,15:50:23,23.44
4/27/2026,15:50:24,23.44
4/27/2026,15:50:25,23.11
4/27/2026,15:50:26,23.65
4/27/2026,15:50:27,23.65
4/27/2026,15:50:28,23.16
4/27/2026,15:50:29,22.7
4/27/2026,15:50:30,22.7
4/27/2026,15:50:31,22.26
4/27/2026,15:50:31,22.26
4/27/2026,15:50:32,22.99
4/27/2026,15:50:33,22.99
4/27/2026,15:50:35,22.43
4/27/2026,15:50:36,17.63
4/27/2026,15:50:36,17.63
4/27/2026,15:50:37,17.63
4/27/2026,15:50:38,9.18
4/27/2026,15:50:39,9.77
4/27/2026,15:50:40,9.77
4/27/2026,15:50:41,9.19
4/27/2026,15:50:42,9.89
4/27/2026,15:50:42,9.89
4/27/2026,15:50:43,9.89
4/27/2026,15:50:44,9.35
4/27/2026,15:50:45,10.15
4/27/2026,15:50:46,10.15
4/27/2026,15:50:47,9.7
4/27/2026,15:50:48,9.11
4/27/2026,15:50:49,9.11
4/27/2026,15:50:50,9.45
4/27/2026,15:50:51,9.52
4/27/2026,15:50:52,9.52
4/27/2026,15:50:53,9.55
4/27/2026,15:50:54,10.07
4/27/2026,15:50:55,10.07
4/27/2026,15:50:56,9.26
4/27/2026,15:50:57,9.61
4/27/2026,15:50:58,9.61
4/27/2026,15:50:59,9.39
4/27/2026,15:51:00,9.59
4/27/2026,15:51:01,9.59
4/27/2026,15:51:02,9.67
4/27/2026,15:51:03,9.18
4/27/2026,15:51:04,9.18
4/27/2026,15:51:05,9.37
4/27/2026,15:51:06,9.53
4/27/2026,15:51:07,9.53
4/27/2026,15:51:08,9.93
4/27/2026,15:51:09,9.59
4/27/2026,15:51:10,9.59
4/27/2026,15:51:11,9.24
4/27/2026,15:51:12,9.85
4/27/2026,15:51:13,9.85
4/27/2026,15:51:14,9.11
4/27/2026,15:51:15,9.39
4/27/2026,15:51:16,9.39
4/27/2026,15:51:17,9.95
4/27/2026,15:51:18,9.25
4/27/2026,15:51:19,9.25
4/27/2026,15:51:20,9.18
4/27/2026,15:51:21,9.42
4/27/2026,15:51:22,9.42
4/27/2026,15:51:23,9.58
4/27/2026,15:51:24,9.43
4/27/2026,15:51:25,9.43
4/27/2026,15:51:26,9.25
4/27/2026,15:51:27,9.74
4/27/2026,15:51:28,9.74
4/27/2026,15:51:29,9.45
4/27/2026,15:51:30,9.19
4/27/2026,15:51:31,9.19
4/27/2026,15:51:32,9.84
4/27/2026,15:51:33,9.25
4/27/2026,15:51:34,9.25
4/27/2026,15:51:35,9.44
4/27/2026,15:51:35,13.15
4/27/2026,15:51:36,13.15
4/27/2026,15:51:37,13.15
4/27/2026,15:51:38,36
4/27/2026,15:51:39,36.01
4/27/2026,15:51:40,36.01
4/27/2026,15:51:41,36.12
4/27/2026,15:51:41,36.37
4/27/2026,15:51:42,36.37
4/27/2026,15:51:43,36.37
4/27/2026,15:51:44,36.18
4/27/2026,15:51:45,36.05
4/27/2026,15:51:46,36.05
4/27/2026,15:51:47,36.5
4/27/2026,15:51:48,36.67
4/27/2026,15:51:49,36.67
4/27/2026,15:51:50,36.16
4/27/2026,15:51:51,36.18
4/27/2026,15:51:52,36.18
4/27/2026,15:51:53,36.67
4/27/2026,15:51:54,36.58
4/27/2026,15:51:55,36.58
4/27/2026,15:51:56,36.55
4/27/2026,15:51:57,36.7
4/27/2026,15:51:58,36.7
4/27/2026,15:51:59,36.45
4/27/2026,15:52:00,36.38
4/27/2026,15:52:01,36.38
4/27/2026,15:52:02,36.96
4/27/2026,15:52:03,36.73
4/27/2026,15:52:04,36.73
4/27/2026,15:52:05,36.78
4/27/2026,15:52:06,36.47
4/27/2026,15:52:07,36.47
4/27/2026,15:52:08,37.05
4/27/2026,15:52:09,36.46
4/27/2026,15:52:10,36.46
4/27/2026,15:52:11,36.86
4/27/2026,15:52:12,37.03
4/27/2026,15:52:13,37.03
4/27/2026,15:52:14,36.81
4/27/2026,15:52:15,36.57
4/27/2026,15:52:16,36.57
4/27/2026,15:52:17,37.08
4/27/2026,15:52:18,36.79
4/27/2026,15:52:19,36.79
4/27/2026,15:52:20,36.98
4/27/2026,15:52:21,36.63
4/27/2026,15:52:22,36.63
4/27/2026,15:52:23,37.03
4/27/2026,15:52:24,36.57
4/27/2026,15:52:25,36.57
4/27/2026,15:52:26,37.11
4/27/2026,15:52:27,37.01
4/27/2026,15:52:28,37.01
4/27/2026,15:52:29,36.84
4/27/2026,15:52:30,36.64
4/27/2026,15:52:31,36.64
4/27/2026,15:52:32,36.78
4/27/2026,15:52:33,37.15
4/27/2026,15:52:34,37.15
4/27/2026,15:52:35,36.88
4/27/2026,15:52:35,21.87
4/27/2026,15:52:36,21.87
4/27/2026,15:52:37,21.87
4/27/2026,15:52:38,9.94
4/27/2026,15:52:39,9.92
4/27/2026,15:52:40,9.92
4/27/2026,15:52:41,9.64
4/27/2026,15:52:41,9.92
4/27/2026,15:52:42,9.92
4/27/2026,15:52:43,9.92
4/27/2026,15:52:44,9.59
4/27/2026,15:52:45,9.54
4/27/2026,15:52:46,9.54
4/27/2026,15:52:47,9.8
4/27/2026,15:52:48,9.42
4/27/2026,15:52:49,9.42
4/27/2026,15:52:50,9.88
4/27/2026,15:52:51,9.43
4/27/2026,15:52:52,9.43
4/27/2026,15:52:53,9.71
4/27/2026,15:52:54,9.28
4/27/2026,15:52:55,9.28
4/27/2026,15:52:56,9.54
4/27/2026,15:52:57,9.62
4/27/2026,15:52:58,9.62
4/27/2026,15:52:59,9.43
4/27/2026,15:53:00,9.17
4/27/2026,15:53:01,9.17
4/27/2026,15:53:02,9.79
4/27/2026,15:53:03,9.2
4/27/2026,15:53:04,9.2
4/27/2026,15:53:05,9.6
4/27/2026,15:53:06,9.4
4/27/2026,15:53:07,9.4
4/27/2026,15:53:08,10.23
4/27/2026,15:53:09,9.25
4/27/2026,15:53:10,9.25
4/27/2026,15:53:11,9.37
4/27/2026,15:53:12,9.74
4/27/2026,15:53:13,9.74
4/27/2026,15:53:14,9.21
4/27/2026,15:53:15,9.12
4/27/2026,15:53:16,9.12
4/27/2026,15:53:17,9.4
4/27/2026,15:53:18,9.45
4/27/2026,15:53:19,9.45
4/27/2026,15:53:20,9.17
4/27/2026,15:53:21,9.35
4/27/2026,15:53:22,9.35
4/27/2026,15:53:23,9.61
4/27/2026,15:53:24,9.55
4/27/2026,15:53:25,9.55
4/27/2026,15:53:26,9.03
4/27/2026,15:53:27,9.65
4/27/2026,15:53:28,9.65
4/27/2026,15:53:29,9.35
4/27/2026,15:53:30,9.31
4/27/2026,15:53:31,9.31
4/27/2026,15:53:32,9.06
4/27/2026,15:53:33,9.61
4/27/2026,15:53:34,9.61
4/27/2026,15:53:35,12.76
4/27/2026,15:53:35,12.76
4/27/2026,15:53:36,12.76
4/27/2026,15:53:37,31.76
4/27/2026,15:53:38,33.12
4/27/2026,15:53:39,33.12
4/27/2026,15:53:40,32.93
4/27/2026,15:53:40,32.93
4/27/2026,15:53:41,33.37
4/27/2026,15:53:42,33.37
4/27/2026,15:53:43,33.07
4/27/2026,15:53:44,33.21
4/27/2026,15:53:45,33.21
4/27/2026,15:53:46,33.03
4/27/2026,15:53:47,33.89
4/27/2026,15:53:48,33.89
4/27/2026,15:53:49,31.89
4/27/2026,15:53:50,32.41
4/27/2026,15:53:51,32.41
4/27/2026,15:53:52,33.57
4/27/2026,15:53:53,33.37
4/27/2026,15:53:54,33.37
4/27/2026,15:53:55,33.2
4/27/2026,15:53:56,33.49
4/27/2026,15:53:57,33.49
4/27/2026,15:53:58,32.11
4/27/2026,15:53:59,33.47
4/27/2026,15:54:00,33.47
4/27/2026,15:54:01,33.41
4/27/2026,15:54:02,33.84
4/27/2026,15:54:03,33.84
4/27/2026,15:54:04,33.45
4/27/2026,15:54:05,33.89
4/27/2026,15:54:06,33.89
4/27/2026,15:54:07,34.11
4/27/2026,15:54:08,33.49
4/27/2026,15:54:09,33.49
4/27/2026,15:54:11,33.74
4/27/2026,15:54:12,33.96
4/27/2026,15:54:13,33.96
4/27/2026,15:54:14,33.63
4/27/2026,15:54:15,33.58
4/27/2026,15:54:16,33.58
4/27/2026,15:54:17,33.56
4/27/2026,15:54:18,33.96
4/27/2026,15:54:19,33.96
4/27/2026,15:54:20,33.66
4/27/2026,15:54:21,33.61
4/27/2026,15:54:22,33.61
4/27/2026,15:54:23,34.37
4/27/2026,15:54:24,33.96
4/27/2026,15:54:25,33.96
4/27/2026,15:54:26,33.82
4/27/2026,15:54:27,33.31
4/27/2026,15:54:28,33.31
4/27/2026,15:54:29,32.64
4/27/2026,15:54:30,33.19
4/27/2026,15:54:31,33.19
4/27/2026,15:54:32,33.33
4/27/2026,15:54:33,33.42
4/27/2026,15:54:34,33.42
4/27/2026,15:54:35,33.37
4/27/2026,15:54:35,22.15
4/27/2026,15:54:36,22.15
4/27/2026,15:54:37,22.15
4/27/2026,15:54:38,10.19
4/27/2026,15:54:39,9.57
4/27/2026,15:54:40,9.57
4/27/2026,15:54:41,9.61
4/27/2026,15:54:41,9.97
4/27/2026,15:54:42,9.97
4/27/2026,15:54:43,9.97
4/27/2026,15:54:44,9.99
4/27/2026,15:54:45,9.46
4/27/2026,15:54:46,9.46
4/27/2026,15:54:47,9.8
4/27/2026,15:54:48,9.59
4/27/2026,15:54:49,9.59
4/27/2026,15:54:50,9.28
4/27/2026,15:54:51,9.57
4/27/2026,15:54:52,9.57
4/27/2026,15:54:53,9.44
4/27/2026,15:54:54,9.48
4/27/2026,15:54:55,9.48
4/27/2026,15:54:56,9.3
4/27/2026,15:54:57,9.5
4/27/2026,15:54:58,9.5
4/27/2026,15:54:59,9.47
4/27/2026,15:55:00,9.37
4/27/2026,15:55:01,9.37
4/27/2026,15:55:02,10.03
4/27/2026,15:55:03,10.73
4/27/2026,15:55:04,10.73
4/27/2026,15:55:05,10.94
4/27/2026,15:55:06,9.23
4/27/2026,15:55:07,9.23
4/27/2026,15:55:08,9.53
4/27/2026,15:55:09,9.45
4/27/2026,15:55:10,9.45
4/27/2026,15:55:11,9.33
4/27/2026,15:55:12,9.2
4/27/2026,15:55:13,9.2
4/27/2026,15:55:14,10.81
4/27/2026,15:55:15,9.11
4/27/2026,15:55:16,9.11
4/27/2026,15:55:17,9.33
4/27/2026,15:55:18,9.16
4/27/2026,15:55:19,9.16
4/27/2026,15:55:20,9.76
4/27/2026,15:55:21,9.38
4/27/2026,15:55:22,9.38
4/27/2026,15:55:23,9.64
4/27/2026,15:55:24,9.48
4/27/2026,15:55:25,9.48
4/27/2026,15:55:26,9.52
4/27/2026,15:55:27,9.12
4/27/2026,15:55:28,9.12
4/27/2026,15:55:29,9.5
4/27/2026,15:55:30,9.2
4/27/2026,15:55:31,9.2
4/27/2026,15:55:32,9.15
4/27/2026,15:55:33,9.85
4/27/2026,15:55:34,9.85
4/27/2026,15:55:35,9.56
4/27/2026,15:55:35,11.37
4/27/2026,15:55:36,11.37
4/27/2026,15:55:37,11.37
4/27/2026,15:55:38,22.82
4/27/2026,15:55:39,23.05
4/27/2026,15:55:40,23.05
4/27/2026,15:55:41,22.81
4/27/2026,15:55:41,22.57
4/27/2026,15:55:42,22.57
4/27/2026,15:55:43,22.57
4/27/2026,15:55:44,23.61
4/27/2026,15:55:45,22.94
4/27/2026,15:55:46,22.94
4/27/2026,15:55:47,22.67
4/27/2026,15:55:48,23.04
4/27/2026,15:55:49,23.04
4/27/2026,15:55:50,22.76
4/27/2026,15:55:51,22.64
4/27/2026,15:55:52,22.64
4/27/2026,15:55:53,22.66
4/27/2026,15:55:54,22.91
4/27/2026,15:55:55,22.91
4/27/2026,15:55:56,22.76
4/27/2026,15:55:57,23.11
4/27/2026,15:55:58,23.11
4/27/2026,15:55:59,23.02
4/27/2026,15:56:00,22.96
4/27/2026,15:56:01,22.96
4/27/2026,15:56:02,22.84
4/27/2026,15:56:03,22.75
4/27/2026,15:56:04,22.75
4/27/2026,15:56:05,23.63
4/27/2026,15:56:06,22.88
4/27/2026,15:56:07,22.88
4/27/2026,15:56:08,22.78
4/27/2026,15:56:09,23.51
4/27/2026,15:56:10,23.51
4/27/2026,15:56:11,23.11
4/27/2026,15:56:12,23.02
4/27/2026,15:56:13,23.02
4/27/2026,15:56:14,23.17
4/27/2026,15:56:15,22.77
4/27/2026,15:56:16,22.77
4/27/2026,15:56:17,22.85
4/27/2026,15:56:18,22.86
4/27/2026,15:56:19,22.86
4/27/2026,15:56:20,23.24
4/27/2026,15:56:21,22.95
4/27/2026,15:56:22,22.95
4/27/2026,15:56:23,22.84
4/27/2026,15:56:24,23.16
4/27/2026,15:56:25,23.16
4/27/2026,15:56:26,22.85
4/27/2026,15:56:27,22.92
4/27/2026,15:56:28,22.92
4/27/2026,15:56:29,23.36
4/27/2026,15:56:30,23
4/27/2026,15:56:31,23
4/27/2026,15:56:32,22.94
4/27/2026,15:56:33,22.93
4/27/2026,15:56:34,22.93
4/27/2026,15:56:34,23.79
4/27/2026,15:56:35,23.79
4/27/2026,15:56:36,18.61
4/27/2026,15:56:37,18.61
4/27/2026,15:56:38,9.57
4/27/2026,15:56:39,9.57
4/27/2026,15:56:40,9.57
4/27/2026,15:56:40,9.91
4/27/2026,15:56:41,9.91
4/27/2026,15:56:42,10.01
4/27/2026,15:56:43,10.01
4/27/2026,15:56:44,9.34
4/27/2026,15:56:45,9.29
4/27/2026,15:56:46,9.29
4/27/2026,15:56:47,9.7
4/27/2026,15:56:48,9.38
4/27/2026,15:56:49,9.38
4/27/2026,15:56:50,9.33
4/27/2026,15:56:51,9.25
4/27/2026,15:56:52,9.25
4/27/2026,15:56:53,9.59
4/27/2026,15:56:54,9.38
4/27/2026,15:56:55,9.38
4/27/2026,15:56:56,9.15
4/27/2026,15:56:57,9.68
4/27/2026,15:56:58,9.68
4/27/2026,15:56:59,9.12
4/27/2026,15:57:00,9.62
4/27/2026,15:57:01,9.62
4/27/2026,15:57:02,9.11
4/27/2026,15:57:03,9.61
4/27/2026,15:57:04,9.61
4/27/2026,15:57:05,9.07
4/27/2026,15:57:06,9.83
4/27/2026,15:57:07,9.83
4/27/2026,15:57:08,9.6
4/27/2026,15:57:09,9.52
4/27/2026,15:57:10,9.1
4/27/2026,15:57:11,10.05
4/27/2026,15:57:12,10.05
4/27/2026,15:57:13,9.31
4/27/2026,15:57:14,9.4
4/27/2026,15:57:15,9.4
4/27/2026,15:57:16,9.31
4/27/2026,15:57:17,9.58
4/27/2026,15:57:18,9.58
4/27/2026,15:57:19,9.26
4/27/2026,15:57:20,9.35
4/27/2026,15:57:21,9.35
4/27/2026,15:57:22,9.54
4/27/2026,15:57:23,9.32
4/27/2026,15:57:24,9.32
4/27/2026,15:57:25,9.23
4/27/2026,15:57:26,9.66
4/27/2026,15:57:27,9.66
4/27/2026,15:57:28,9.46
4/27/2026,15:57:29,9.34
4/27/2026,15:57:30,9.34
4/27/2026,15:57:31,9.67
4/27/2026,15:57:32,9.57
4/27/2026,15:57:33,9.57
4/27/2026,15:57:34,9.29
4/27/2026,15:57:35,11.95
4/27/2026,15:57:35,11.95
4/27/2026,15:57:36,11.95
4/27/2026,15:57:37,33.16
4/27/2026,15:57:38,33.43
4/27/2026,15:57:39,33.43
4/27/2026,15:57:40,33.23
4/27/2026,15:57:40,33.23
4/27/2026,15:57:41,33.66
4/27/2026,15:57:42,33.66
4/27/2026,15:57:43,33.6
4/27/2026,15:57:44,33.7
4/27/2026,15:57:46,33.7
4/27/2026,15:57:47,33.44
4/27/2026,15:57:48,34.03
4/27/2026,15:57:49,34.03
4/27/2026,15:57:50,33.45
4/27/2026,15:57:51,33.48
4/27/2026,15:57:52,33.48
4/27/2026,15:57:53,33.63
4/27/2026,15:57:54,33.2
4/27/2026,15:57:55,33.2
4/27/2026,15:57:56,33.56
4/27/2026,15:57:57,33.85
4/27/2026,15:57:58,33.85
4/27/2026,15:57:59,33.61
4/27/2026,15:58:00,33.64
4/27/2026,15:58:01,33.64
4/27/2026,15:58:02,33.82
4/27/2026,15:58:03,34.29
4/27/2026,15:58:04,34.29
4/27/2026,15:58:05,33.99
4/27/2026,15:58:06,33.98
4/27/2026,15:58:07,33.98
4/27/2026,15:58:08,34.37
4/27/2026,15:58:09,34.37
4/27/2026,15:58:10,34.37
4/27/2026,15:58:11,33.89
4/27/2026,15:58:12,34.25
4/27/2026,15:58:13,34.25
4/27/2026,15:58:14,33.55
4/27/2026,15:58:15,34.94
4/27/2026,15:58:16,34.94
4/27/2026,15:58:17,34.12
4/27/2026,15:58:17,35.22
4/27/2026,15:58:18,35.22
4/27/2026,15:58:19,35.22
4/27/2026,15:58:20,33.9
4/27/2026,15:58:21,34.24
4/27/2026,15:58:22,34.24
4/27/2026,15:58:23,33.67
4/27/2026,15:58:24,34.1
4/27/2026,15:58:25,34.1
4/27/2026,15:58:26,34.06
4/27/2026,15:58:27,33.96
4/27/2026,15:58:28,33.96
4/27/2026,15:58:29,34.01
4/27/2026,15:58:30,34.31
4/27/2026,15:58:31,34.31
4/27/2026,15:58:32,33.83
4/27/2026,15:58:33,34.52
4/27/2026,15:58:34,34.52
4/27/2026,15:58:35,33.73
4/27/2026,15:58:35,24.23
4/27/2026,15:58:36,24.23
4/27/2026,15:58:37,24.23
4/27/2026,15:58:38,9.69
4/27/2026,15:58:39,10.26
4/27/2026,15:58:40,10.26
4/27/2026,15:58:41,9.63
4/27/2026,15:58:41,9.79
4/27/2026,15:58:42,9.79
4/27/2026,15:58:43,9.79
4/27/2026,15:58:44,9.7
4/27/2026,15:58:45,9.46
4/27/2026,15:58:46,9.46
4/27/2026,15:58:47,10.19
4/27/2026,15:58:48,9.28
4/27/2026,15:58:49,9.28
4/27/2026,15:58:50,9.53
4/27/2026,15:58:51,9.32
4/27/2026,15:58:52,9.32
4/27/2026,15:58:53,9.68
4/27/2026,15:58:54,9.1
4/27/2026,15:58:55,9.1
4/27/2026,15:58:56,9.4
4/27/2026,15:58:57,9.39
4/27/2026,15:58:58,9.39
4/27/2026,15:58:59,9.39
4/27/2026,15:59:00,9.17
4/27/2026,15:59:01,9.17
4/27/2026,15:59:02,9.73
4/27/2026,15:59:03,9.08
4/27/2026,15:59:04,9.08
4/27/2026,15:59:05,9.51
4/27/2026,15:59:06,9.31
4/27/2026,15:59:07,9.31
4/27/2026,15:59:08,9.97
4/27/2026,15:59:09,9.06
4/27/2026,15:59:10,9.06
4/27/2026,15:59:11,9.6
4/27/2026,15:59:12,9.85
4/27/2026,15:59:13,9.85
4/27/2026,15:59:14,9.4
4/27/2026,15:59:15,9.46
4/27/2026,15:59:16,9.46
4/27/2026,15:59:17,9.93
4/27/2026,15:59:18,10.66
4/27/2026,15:59:19,10.66
4/27/2026,15:59:20,9.26
4/27/2026,15:59:21,9.43
4/27/2026,15:59:22,9.43
4/27/2026,15:59:23,9.58
4/27/2026,15:59:24,9.34
4/27/2026,15:59:25,9.34
4/27/2026,15:59:26,9.13
4/27/2026,15:59:27,9.6
4/27/2026,15:59:28,9.6
4/27/2026,15:59:29,9.29
4/27/2026,15:59:30,9.21
4/27/2026,15:59:31,9.21
4/27/2026,15:59:32,9.59
4/27/2026,15:59:33,9.32
4/27/2026,15:59:34,9.32
4/27/2026,15:59:35,9.34
4/27/2026,15:59:35,12.22
4/27/2026,15:59:36,12.22
4/27/2026,15:59:37,12.22
4/27/2026,15:59:38,27.66
4/27/2026,15:59:39,27.78
4/27/2026,15:59:40,27.78
4/27/2026,15:59:41,27.51
4/27/2026,15:59:41,27.97
4/27/2026,15:59:42,27.97
4/27/2026,15:59:43,27.97
4/27/2026,15:59:44,27.85
4/27/2026,15:59:45,27.6
4/27/2026,15:59:46,27.6
4/27/2026,15:59:47,28.3
4/27/2026,15:59:48,27.98
4/27/2026,15:59:49,27.98
4/27/2026,15:59:50,28.18
4/27/2026,15:59:51,27.75
4/27/2026,15:59:52,27.75
4/27/2026,15:59:53,28.01
4/27/2026,15:59:54,27.79
4/27/2026,15:59:55,27.79
4/27/2026,15:59:56,27.96
4/27/2026,15:59:57,28.22
4/27/2026,15:59:58,28.22
4/27/2026,15:59:59,28.43
4/27/2026,16:00:00,27.73
4/27/2026,16:00:01,27.73
4/27/2026,16:00:02,28.48
4/27/2026,16:00:03,28.06
4/27/2026,16:00:04,28.06
4/27/2026,16:00:05,28.01
4/27/2026,16:00:06,27.88
4/27/2026,16:00:07,27.88
4/27/2026,16:00:08,29.31
4/27/2026,16:00:09,28.2
4/27/2026,16:00:10,28.2
4/27/2026,16:00:11,28.33
4/27/2026,16:00:12,29.32
4/27/2026,16:00:13,29.32
4/27/2026,16:00:14,28.46
4/27/2026,16:00:15,27.91
4/27/2026,16:00:16,27.91
4/27/2026,16:00:17,28.24
4/27/2026,16:00:18,27.8
4/27/2026,16:00:19,27.8
4/27/2026,16:00:20,28.25
4/27/2026,16:00:21,28.29
4/27/2026,16:00:22,28.29
4/27/2026,16:00:23,28.45
4/27/2026,16:00:24,27.84
4/27/2026,16:00:25,27.84
4/27/2026,16:00:26,28.46
4/27/2026,16:00:27,28.48
4/27/2026,16:00:28,28.48
4/27/2026,16:00:29,28.14
4/27/2026,16:00:30,28.25
4/27/2026,16:00:31,28.25
4/27/2026,16:00:32,28.55
4/27/2026,16:00:33,28.34
4/27/2026,16:00:34,28.34
4/27/2026,16:00:35,28.52
4/27/2026,16:00:35,22.96
4/27/2026,16:00:36,22.96
4/27/2026,16:00:37,22.96
4/27/2026,16:00:38,9.48
4/27/2026,16:00:39,9.87
4/27/2026,16:00:40,9.87
4/27/2026,16:00:40,9.31
4/27/2026,16:00:41,9.31
4/27/2026,16:00:42,10.08
4/27/2026,16:00:43,10.08
4/27/2026,16:00:44,9.45
4/27/2026,16:00:45,9.45
4/27/2026,16:00:46,9.27
4/27/2026,16:00:47,9.66
4/27/2026,16:00:48,9.66
4/27/2026,16:00:49,9.22
4/27/2026,16:00:50,9.61
4/27/2026,16:00:51,9.61
4/27/2026,16:00:52,9.62
4/27/2026,16:00:53,9.41
4/27/2026,16:00:54,9.41
4/27/2026,16:00:55,9.25
4/27/2026,16:00:56,9.56
4/27/2026,16:00:57,9.56
4/27/2026,16:00:58,9.05
4/27/2026,16:00:59,9.27
4/27/2026,16:01:00,9.27
4/27/2026,16:01:01,9.3
4/27/2026,16:01:02,9.77
4/27/2026,16:01:03,9.77
4/27/2026,16:01:04,9.2
4/27/2026,16:01:05,9.37
4/27/2026,16:01:06,9.37
4/27/2026,16:01:07,9.96
4/27/2026,16:01:08,9.79
4/27/2026,16:01:09,9.79
4/27/2026,16:01:10,9.39
4/27/2026,16:01:11,9.55
4/27/2026,16:01:12,9.55
4/27/2026,16:01:13,9.32
4/27/2026,16:01:14,9.21
4/27/2026,16:01:15,9.21
4/27/2026,16:01:17,9.45
4/27/2026,16:01:17,9.68
4/27/2026,16:01:18,9.68
4/27/2026,16:01:20,9.25
4/27/2026,16:01:21,9.44
4/27/2026,16:01:22,9.44
4/27/2026,16:01:23,9.55
4/27/2026,16:01:24,9.53
4/27/2026,16:01:25,9.53
4/27/2026,16:01:26,9.03
4/27/2026,16:01:27,9.32
4/27/2026,16:01:28,9.32
4/27/2026,16:01:29,9.3
4/27/2026,16:01:30,9.36
4/27/2026,16:01:31,9.36
4/27/2026,16:01:32,9.11
4/27/2026,16:01:33,9.61
4/27/2026,16:01:34,9.61
4/27/2026,16:01:35,9.31
4/27/2026,16:01:35,11.48
4/27/2026,16:01:36,11.48
4/27/2026,16:01:37,11.48
4/27/2026,16:01:38,30.89
4/27/2026,16:01:39,30.94
4/27/2026,16:01:40,30.94
4/27/2026,16:01:40,30.87
4/27/2026,16:01:41,30.87
4/27/2026,16:01:42,31.24
4/27/2026,16:01:43,31.24
4/27/2026,16:01:44,30.71
4/27/2026,16:01:45,30.88
4/27/2026,16:01:46,30.88
4/27/2026,16:01:47,30.65
4/27/2026,16:01:48,31.64
4/27/2026,16:01:49,31.64
4/27/2026,16:01:50,30.75
4/27/2026,16:01:51,30.83
4/27/2026,16:01:52,30.83
4/27/2026,16:01:53,31.47
4/27/2026,16:01:54,31.05
4/27/2026,16:01:55,31.05
4/27/2026,16:01:56,31.25
4/27/2026,16:01:57,31.3
4/27/2026,16:01:58,31.3
4/27/2026,16:01:59,31.04
4/27/2026,16:02:00,31.23
4/27/2026,16:02:01,31.23
4/27/2026,16:02:02,30.91
4/27/2026,16:02:03,31.47
4/27/2026,16:02:04,31.47
4/27/2026,16:02:05,31.04
4/27/2026,16:02:06,31.34
4/27/2026,16:02:07,31.34
4/27/2026,16:02:08,31.74
4/27/2026,16:02:09,31.29
4/27/2026,16:02:10,31.29
4/27/2026,16:02:11,31.29
4/27/2026,16:02:12,31.73
4/27/2026,16:02:13,31.73
4/27/2026,16:02:14,31.56
4/27/2026,16:02:15,31.44
4/27/2026,16:02:16,31.44
4/27/2026,16:02:17,31.26
4/27/2026,16:02:18,31.49
4/27/2026,16:02:19,31.49
4/27/2026,16:02:20,31.16
4/27/2026,16:02:21,31.3
4/27/2026,16:02:22,31.3
4/27/2026,16:02:23,31.52
4/27/2026,16:02:24,31.63
4/27/2026,16:02:25,31.63
4/27/2026,16:02:26,31.35
4/27/2026,16:02:27,31.45
4/27/2026,16:02:28,31.45
4/27/2026,16:02:29,31.67
4/27/2026,16:02:30,31.16
4/27/2026,16:02:31,31.16
4/27/2026,16:02:32,31.5
4/27/2026,16:02:33,31.5
4/27/2026,16:02:34,31.5
4/27/2026,16:02:35,31.36
4/27/2026,16:02:35,26.2
4/27/2026,16:02:36,26.2
4/27/2026,16:02:37,26.2
4/27/2026,16:02:38,10.2
4/27/2026,16:02:39,9.45
4/27/2026,16:02:40,9.45
4/27/2026,16:02:41,9.84
4/27/2026,16:02:41,9.71
4/27/2026,16:02:42,9.71
4/27/2026,16:02:43,9.71
4/27/2026,16:02:44,9.93
4/27/2026,16:02:45,9.37
4/27/2026,16:02:46,9.37
4/27/2026,16:02:47,9.79
4/27/2026,16:02:48,9.71
4/27/2026,16:02:49,9.71
4/27/2026,16:02:50,9.45
4/27/2026,16:02:51,9.43
4/27/2026,16:02:52,9.43
4/27/2026,16:02:53,9.65
4/27/2026,16:02:54,9.46
4/27/2026,16:02:55,9.46
4/27/2026,16:02:56,9.5
4/27/2026,16:02:57,9.65
4/27/2026,16:02:58,9.65
4/27/2026,16:02:59,9.45
4/27/2026,16:03:00,9.32
4/27/2026,16:03:01,9.32
4/27/2026,16:03:02,9.43
4/27/2026,16:03:03,9.6
4/27/2026,16:03:04,9.6
4/27/2026,16:03:05,9.35
4/27/2026,16:03:06,9.42
4/27/2026,16:03:07,9.42
4/27/2026,16:03:08,9.81
4/27/2026,16:03:09,9.34
4/27/2026,16:03:10,9.34
4/27/2026,16:03:11,9.28
4/27/2026,16:03:12,9.31
4/27/2026,16:03:13,9.31
4/27/2026,16:03:14,9.43
4/27/2026,16:03:15,9.39
4/27/2026,16:03:16,9.39
4/27/2026,16:03:17,9.61
4/27/2026,16:03:18,9.2
4/27/2026,16:03:19,9.2
4/27/2026,16:03:20,9.68
4/27/2026,16:03:21,9.23
4/27/2026,16:03:22,9.23
4/27/2026,16:03:23,9.78
4/27/2026,16:03:24,9.12
4/27/2026,16:03:25,9.12
4/27/2026,16:03:26,9.25
4/27/2026,16:03:27,9.51
4/27/2026,16:03:28,9.51
4/27/2026,16:03:29,9.18
4/27/2026,16:03:30,9.82
4/27/2026,16:03:31,9.82
4/27/2026,16:03:32,9.37
4/27/2026,16:03:33,9.13
4/27/2026,16:03:34,9.13
4/27/2026,16:03:35,9.14
4/27/2026,16:03:36,10.1
4/27/2026,16:03:37,10.1
4/27/2026,16:03:37,12.15
4/27/2026,16:03:38,12.15
4/27/2026,16:03:39,11.86
4/27/2026,16:03:40,11.86
4/27/2026,16:03:41,11.9
4/27/2026,16:03:42,12.19
4/27/2026,16:03:43,12.19
4/27/2026,16:03:44,11.97
4/27/2026,16:03:45,12.18
4/27/2026,16:03:46,12.18
4/27/2026,16:03:47,11.9
4/27/2026,16:03:48,12.34
4/27/2026,16:03:49,12.34
4/27/2026,16:03:50,11.94
4/27/2026,16:03:51,12.55
4/27/2026,16:03:52,12.55
4/27/2026,16:03:53,11.88
4/27/2026,16:03:54,11.98
4/27/2026,16:03:55,11.98
4/27/2026,16:03:56,11.62
4/27/2026,16:03:57,12.04
4/27/2026,16:03:58,12.04
4/27/2026,16:03:59,12.28
4/27/2026,16:04:00,12.46
4/27/2026,16:04:01,12.46
4/27/2026,16:04:02,12.35
4/27/2026,16:04:03,12.37
4/27/2026,16:04:04,12.37
4/27/2026,16:04:05,12.15
4/27/2026,16:04:06,12.23
4/27/2026,16:04:07,12.23
4/27/2026,16:04:08,11.9
4/27/2026,16:04:09,12.07
4/27/2026,16:04:10,12.07
4/27/2026,16:04:11,12.64
4/27/2026,16:04:12,12.26
4/27/2026,16:04:13,12.26
4/27/2026,16:04:14,11.97
4/27/2026,16:04:15,11.93
4/27/2026,16:04:16,11.93
4/27/2026,16:04:17,12.27
4/27/2026,16:04:18,12.35
4/27/2026,16:04:19,11.75
4/27/2026,16:04:20,12.28
4/27/2026,16:04:21,12.28
4/27/2026,16:04:22,12.14
4/27/2026,16:04:23,11.98
4/27/2026,16:04:24,11.98
4/27/2026,16:04:25,12.27
4/27/2026,16:04:26,12.74
4/27/2026,16:04:27,12.74
4/27/2026,16:04:28,12.22
4/27/2026,16:04:29,11.85
4/27/2026,16:04:30,11.85
4/27/2026,16:04:31,12.01
4/27/2026,16:04:32,12.49
4/27/2026,16:04:33,12.49
4/27/2026,16:04:34,11.85
4/27/2026,16:04:35,12.76
4/27/2026,16:04:36,12.76
4/27/2026,16:04:37,9.35
4/27/2026,16:04:37,9.35
4/27/2026,16:04:38,9.34
4/27/2026,16:04:39,9.34
4/27/2026,16:04:40,9.33
4/27/2026,16:04:41,9.55
4/27/2026,16:04:42,9.55
4/27/2026,16:04:43,9.38
4/27/2026,16:04:44,9.36
4/27/2026,16:04:45,9.36
4/27/2026,16:04:46,9.52
4/27/2026,16:04:47,9.5
4/27/2026,16:04:48,9.5
4/27/2026,16:04:49,9.13
4/27/2026,16:04:50,9.34
4/27/2026,16:04:51,9.34
4/27/2026,16:04:52,8.37
4/27/2026,16:04:53,9.19
4/27/2026,16:04:55,9.19
4/27/2026,16:04:56,9.12
4/27/2026,16:04:57,9.61
4/27/2026,16:04:58,9.61
4/27/2026,16:04:59,9.15
4/27/2026,16:05:00,9.75
4/27/2026,16:05:01,9.75
4/27/2026,16:05:02,8.99
4/27/2026,16:05:03,10.01
4/27/2026,16:05:04,10.01
4/27/2026,16:05:05,9.29
4/27/2026,16:05:06,9.3
4/27/2026,16:05:07,9.3
4/27/2026,16:05:08,9.78
4/27/2026,16:05:09,9.63
4/27/2026,16:05:10,9.63
4/27/2026,16:05:11,9.05
4/27/2026,16:05:12,9.34
4/27/2026,16:05:13,9.34
4/27/2026,16:05:14,9.55
4/27/2026,16:05:15,9.19
4/27/2026,16:05:16,9.19
4/27/2026,16:05:17,9.28
4/27/2026,16:05:18,9.57
4/27/2026,16:05:19,9.57
4/27/2026,16:05:20,9.24
4/27/2026,16:05:21,9.23
4/27/2026,16:05:22,9.23
4/27/2026,16:05:23,9.33
4/27/2026,16:05:24,9.31
4/27/2026,16:05:25,9.31
4/27/2026,16:05:26,9.2
4/27/2026,16:05:27,9.17
4/27/2026,16:05:28,9.17
4/27/2026,16:05:29,9.54
4/27/2026,16:05:30,9.14
4/27/2026,16:05:31,9.14
4/27/2026,16:05:32,9.41
4/27/2026,16:05:33,9.35
4/27/2026,16:05:34,9.35
4/27/2026,16:05:35,9.66
4/27/2026,16:05:35,11.58
4/27/2026,16:05:36,11.58
4/27/2026,16:05:37,11.58
4/27/2026,16:05:38,37.68
4/27/2026,16:05:39,38.08
4/27/2026,16:05:40,38.08
4/27/2026,16:05:41,37.45
4/27/2026,16:05:41,37.6
4/27/2026,16:05:42,37.6
4/27/2026,16:05:43,37.6
4/27/2026,16:05:44,37.73
4/27/2026,16:05:45,37.43
4/27/2026,16:05:46,37.43
4/27/2026,16:05:47,37.91
4/27/2026,16:05:48,38.12
4/27/2026,16:05:49,38.12
4/27/2026,16:05:50,38.28
4/27/2026,16:05:51,37.87
4/27/2026,16:05:52,37.87
4/27/2026,16:05:53,37.89
4/27/2026,16:05:54,38.2
4/27/2026,16:05:55,38.2
4/27/2026,16:05:56,37.78
4/27/2026,16:05:57,37.8
4/27/2026,16:05:58,37.8
4/27/2026,16:05:59,38.21
4/27/2026,16:06:00,37.89
4/27/2026,16:06:01,37.89
4/27/2026,16:06:02,38.06
4/27/2026,16:06:03,38.39
4/27/2026,16:06:04,38.39
4/27/2026,16:06:05,38.21
4/27/2026,16:06:06,38.03
4/27/2026,16:06:07,38.03
4/27/2026,16:06:08,38.38
4/27/2026,16:06:09,38.67
4/27/2026,16:06:10,38.67
4/27/2026,16:06:11,38.11
4/27/2026,16:06:12,38.39
4/27/2026,16:06:13,38.39
4/27/2026,16:06:14,38.48
4/27/2026,16:06:15,38.48
4/27/2026,16:06:16,38.48
4/27/2026,16:06:17,38.34
4/27/2026,16:06:18,38.32
4/27/2026,16:06:19,38.32
4/27/2026,16:06:20,38.48
4/27/2026,16:06:21,38.67
4/27/2026,16:06:22,38.67
4/27/2026,16:06:23,38.39
4/27/2026,16:06:24,38.59
4/27/2026,16:06:25,38.59
4/27/2026,16:06:26,38.28
4/27/2026,16:06:27,38.34
4/27/2026,16:06:28,38.34
4/27/2026,16:06:29,38.67
4/27/2026,16:06:30,38.53
4/27/2026,16:06:31,38.53
4/27/2026,16:06:32,38.29
4/27/2026,16:06:33,38.44
4/27/2026,16:06:34,38.44
4/27/2026,16:06:35,38.83
4/27/2026,16:06:35,32.52
4/27/2026,16:06:36,32.52
4/27/2026,16:06:37,32.52
4/27/2026,16:06:38,10.1
4/27/2026,16:06:39,9.86
4/27/2026,16:06:40,9.86
4/27/2026,16:06:41,9.88
4/27/2026,16:06:41,9.73
4/27/2026,16:06:42,9.73
4/27/2026,16:06:43,9.73
4/27/2026,16:06:44,9.86
4/27/2026,16:06:45,9.61
4/27/2026,16:06:46,9.61
4/27/2026,16:06:47,9.94
4/27/2026,16:06:48,9.35
4/27/2026,16:06:49,9.35
4/27/2026,16:06:50,10.3
4/27/2026,16:06:51,9.19
4/27/2026,16:06:52,9.19
4/27/2026,16:06:53,10.11
4/27/2026,16:06:54,9.28
4/27/2026,16:06:55,9.28
4/27/2026,16:06:56,9.37
4/27/2026,16:06:57,9.35
4/27/2026,16:06:58,9.35
4/27/2026,16:06:59,9.3
4/27/2026,16:07:00,9.13
4/27/2026,16:07:01,9.13
4/27/2026,16:07:02,9.65
4/27/2026,16:07:03,9.05
4/27/2026,16:07:04,9.05
4/27/2026,16:07:05,9.79
4/27/2026,16:07:06,9.26
4/27/2026,16:07:07,9.26
4/27/2026,16:07:08,10.04
4/27/2026,16:07:09,9.35
4/27/2026,16:07:10,9.35
4/27/2026,16:07:11,9.35
4/27/2026,16:07:12,9.5
4/27/2026,16:07:13,9.5
4/27/2026,16:07:14,9.36
4/27/2026,16:07:15,9.25
4/27/2026,16:07:16,9.25
4/27/2026,16:07:17,9.69
4/27/2026,16:07:18,9.32
4/27/2026,16:07:19,9.32
4/27/2026,16:07:20,9.26
4/27/2026,16:07:21,9.42
4/27/2026,16:07:22,9.42
4/27/2026,16:07:23,9.83
4/27/2026,16:07:24,9.61
4/27/2026,16:07:25,9.61
4/27/2026,16:07:26,9.17
4/27/2026,16:07:27,9.61
4/27/2026,16:07:28,9.61
4/27/2026,16:07:29,9.5
4/27/2026,16:07:30,9.26
4/27/2026,16:07:31,9.26
4/27/2026,16:07:32,9.51
4/27/2026,16:07:33,9.59
4/27/2026,16:07:34,9.59
4/27/2026,16:07:35,9.13
4/27/2026,16:07:35,12.11
4/27/2026,16:07:36,12.11
4/27/2026,16:07:37,12.11
4/27/2026,16:07:38,21.99
4/27/2026,16:07:39,21.72
4/27/2026,16:07:40,21.72
4/27/2026,16:07:41,21.9
4/27/2026,16:07:41,22.01
4/27/2026,16:07:42,22.01
4/27/2026,16:07:43,22.01
4/27/2026,16:07:44,21.7
4/27/2026,16:07:45,21.71
4/27/2026,16:07:46,21.71
4/27/2026,16:07:47,22.05
4/27/2026,16:07:48,21.99
4/27/2026,16:07:49,21.99
4/27/2026,16:07:50,21.8
4/27/2026,16:07:51,21.83
4/27/2026,16:07:52,21.83
4/27/2026,16:07:53,21.96
4/27/2026,16:07:54,22.02
4/27/2026,16:07:55,21.76
4/27/2026,16:07:56,22.17
4/27/2026,16:07:57,22.17
4/27/2026,16:07:58,22.14
4/27/2026,16:07:59,21.77
4/27/2026,16:08:00,21.77
4/27/2026,16:08:01,22.2
4/27/2026,16:08:02,21.77
4/27/2026,16:08:03,21.77
4/27/2026,16:08:04,22.01
4/27/2026,16:08:05,21.96
4/27/2026,16:08:06,21.96
4/27/2026,16:08:07,22.72
4/27/2026,16:08:08,21.94
4/27/2026,16:08:09,21.94
4/27/2026,16:08:10,22.08
4/27/2026,16:08:11,22.11
4/27/2026,16:08:12,22.11
4/27/2026,16:08:13,22.35
4/27/2026,16:08:14,21.85
4/27/2026,16:08:15,21.85
4/27/2026,16:08:16,22.08
4/27/2026,16:08:17,21.89
4/27/2026,16:08:18,21.89
4/27/2026,16:08:19,22.01
4/27/2026,16:08:20,21.96
4/27/2026,16:08:21,21.96
4/27/2026,16:08:22,22.42
4/27/2026,16:08:23,22.02
4/27/2026,16:08:24,22.02
4/27/2026,16:08:25,22.29
4/27/2026,16:08:26,21.87
4/27/2026,16:08:27,21.87
4/27/2026,16:08:28,22.35
4/27/2026,16:08:30,22.06
4/27/2026,16:08:31,22.06
4/27/2026,16:08:32,21.86
4/27/2026,16:08:33,22.4
4/27/2026,16:08:34,22.4
4/27/2026,16:08:35,22.01
4/27/2026,16:08:35,19.11
4/27/2026,16:08:36,19.11
4/27/2026,16:08:37,19.11
4/27/2026,16:08:38,9.86
4/27/2026,16:08:39,9.59
4/27/2026,16:08:40,9.59
4/27/2026,16:08:41,9.53
4/27/2026,16:08:41,9.85
4/27/2026,16:08:42,9.85
4/27/2026,16:08:43,9.85
4/27/2026,16:08:44,9.78
4/27/2026,16:08:45,9.67
4/27/2026,16:08:46,9.67
4/27/2026,16:08:47,9.16
4/27/2026,16:08:48,9.69
4/27/2026,16:08:49,9.69
4/27/2026,16:08:50,9.1
4/27/2026,16:08:51,9.31
4/27/2026,16:08:52,9.31
4/27/2026,16:08:53,9.5
4/27/2026,16:08:54,9.44
4/27/2026,16:08:55,9.44
4/27/2026,16:08:56,9.32
4/27/2026,16:08:57,9.92
4/27/2026,16:08:58,9.92
4/27/2026,16:08:59,9.16
4/27/2026,16:09:00,9.6
4/27/2026,16:09:01,9.6
4/27/2026,16:09:02,9.37
4/27/2026,16:09:03,9.65
4/27/2026,16:09:04,9.65
4/27/2026,16:09:05,9.73
4/27/2026,16:09:06,9.37
4/27/2026,16:09:07,9.37
4/27/2026,16:09:08,9.84
4/27/2026,16:09:09,9.74
4/27/2026,16:09:10,9.74
4/27/2026,16:09:11,9.15
4/27/2026,16:09:12,9.79
4/27/2026,16:09:13,9.79
4/27/2026,16:09:14,9.42
4/27/2026,16:09:15,9.63
4/27/2026,16:09:16,9.63
4/27/2026,16:09:17,9.53
4/27/2026,16:09:18,9.65
4/27/2026,16:09:19,9.65
4/27/2026,16:09:20,9.43
4/27/2026,16:09:21,9.37
4/27/2026,16:09:22,9.37
4/27/2026,16:09:23,9.59
4/27/2026,16:09:24,9.16
4/27/2026,16:09:25,9.16
4/27/2026,16:09:26,9.5
4/27/2026,16:09:27,9.47
4/27/2026,16:09:28,9.47
4/27/2026,16:09:29,9.5
4/27/2026,16:09:30,9.31
4/27/2026,16:09:31,9.31
4/27/2026,16:09:32,9.15
4/27/2026,16:09:33,9.63
4/27/2026,16:09:34,9.63
4/27/2026,16:09:35,9.13
4/27/2026,16:09:35,12.07
4/27/2026,16:09:36,12.07
4/27/2026,16:09:37,12.07
4/27/2026,16:09:38,35.2
4/27/2026,16:09:39,35.85
4/27/2026,16:09:40,35.85
4/27/2026,16:09:41,35.68
4/27/2026,16:09:41,35.9
4/27/2026,16:09:42,35.9
4/27/2026,16:09:43,35.9
4/27/2026,16:09:44,35.25
4/27/2026,16:09:45,35.55
4/27/2026,16:09:46,35.55
4/27/2026,16:09:47,35.99
4/27/2026,16:09:48,35.84
4/27/2026,16:09:49,35.84
4/27/2026,16:09:50,35.58
4/27/2026,16:09:51,35.98
4/27/2026,16:09:52,35.98
4/27/2026,16:09:53,35.71
4/27/2026,16:09:54,35.86
4/27/2026,16:09:55,35.86
4/27/2026,16:09:56,35.97
4/27/2026,16:09:57,36.26
4/27/2026,16:09:58,36.26
4/27/2026,16:09:59,35.91
4/27/2026,16:10:00,36.39
4/27/2026,16:10:01,36.39
4/27/2026,16:10:02,36.07
4/27/2026,16:10:03,35.97
4/27/2026,16:10:04,35.97
4/27/2026,16:10:05,36.07
4/27/2026,16:10:06,36.49
4/27/2026,16:10:07,36.49
4/27/2026,16:10:08,36.33
4/27/2026,16:10:09,36.31
4/27/2026,16:10:10,36.31
4/27/2026,16:10:11,36.43
4/27/2026,16:10:12,37.06
4/27/2026,16:10:13,37.06
4/27/2026,16:10:14,36.26
4/27/2026,16:10:15,36.36
4/27/2026,16:10:16,36.36
4/27/2026,16:10:17,36.36
4/27/2026,16:10:18,36.45
4/27/2026,16:10:19,36.45
4/27/2026,16:10:20,36.24
4/27/2026,16:10:21,36.46
4/27/2026,16:10:22,36.46
4/27/2026,16:10:23,36.32
4/27/2026,16:10:24,36.32
4/27/2026,16:10:25,36.32
4/27/2026,16:10:26,36.19
4/27/2026,16:10:27,36.16
4/27/2026,16:10:28,36.16
4/27/2026,16:10:29,36.11
4/27/2026,16:10:30,36.45
4/27/2026,16:10:31,36.45
4/27/2026,16:10:32,36.57
4/27/2026,16:10:33,36.19
4/27/2026,16:10:34,36.19
4/27/2026,16:10:35,36.45
4/27/2026,16:10:35,26.26
4/27/2026,16:10:36,26.26
4/27/2026,16:10:37,26.26
4/27/2026,16:10:38,9.9
4/27/2026,16:10:39,9.37
4/27/2026,16:10:40,9.37
4/27/2026,16:10:41,9.86
4/27/2026,16:10:41,9.99
4/27/2026,16:10:42,9.99
4/27/2026,16:10:43,9.99
4/27/2026,16:10:44,9.81
4/27/2026,16:10:45,9.46
4/27/2026,16:10:46,9.46
4/27/2026,16:10:47,10.01
4/27/2026,16:10:48,9.61
4/27/2026,16:10:49,9.61
4/27/2026,16:10:50,9.87
4/27/2026,16:10:51,9.5
4/27/2026,16:10:52,9.5
4/27/2026,16:10:53,9.75
4/27/2026,16:10:54,9.41
4/27/2026,16:10:55,9.41
4/27/2026,16:10:56,9.37
4/27/2026,16:10:57,9.48
4/27/2026,16:10:58,9.48
4/27/2026,16:10:59,9.18
4/27/2026,16:11:00,9.35
4/27/2026,16:11:01,9.35
4/27/2026,16:11:02,9.79
4/27/2026,16:11:03,9.38
4/27/2026,16:11:04,9.38
4/27/2026,16:11:05,9.38
4/27/2026,16:11:06,9.4
4/27/2026,16:11:07,9.4
4/27/2026,16:11:08,9.75
4/27/2026,16:11:09,9.39
4/27/2026,16:11:10,9.39
4/27/2026,16:11:11,9.31
4/27/2026,16:11:12,9.75
4/27/2026,16:11:13,9.75
4/27/2026,16:11:14,9.51
4/27/2026,16:11:15,9.32
4/27/2026,16:11:16,9.32
4/27/2026,16:11:17,9.59
4/27/2026,16:11:18,9.38
4/27/2026,16:11:19,9.38
4/27/2026,16:11:20,9.25
4/27/2026,16:11:21,9.41
4/27/2026,16:11:22,9.41
4/27/2026,16:11:23,9.83
4/27/2026,16:11:24,9.12
4/27/2026,16:11:25,9.12
4/27/2026,16:11:26,9.34
4/27/2026,16:11:27,9.39
4/27/2026,16:11:28,9.39
4/27/2026,16:11:29,9.15
4/27/2026,16:11:30,9.15
4/27/2026,16:11:31,9.51
4/27/2026,16:11:32,9.62
4/27/2026,16:11:33,9.62
4/27/2026,16:11:34,9.38
4/27/2026,16:11:35,10.15
4/27/2026,16:11:36,10.15
4/27/2026,16:11:37,13.63
4/27/2026,16:11:37,13.63
4/27/2026,16:11:38,13.44
4/27/2026,16:11:39,13.44
4/27/2026,16:11:40,13.26
4/27/2026,16:11:41,13.34
4/27/2026,16:11:42,13.34
4/27/2026,16:11:43,13.27
4/27/2026,16:11:44,13.62
4/27/2026,16:11:45,13.62
4/27/2026,16:11:46,13.01
4/27/2026,16:11:47,13.54
4/27/2026,16:11:48,13.54
4/27/2026,16:11:49,13.21
4/27/2026,16:11:50,13.27
4/27/2026,16:11:51,13.27
4/27/2026,16:11:52,13.58
4/27/2026,16:11:53,13
4/27/2026,16:11:54,13
4/27/2026,16:11:55,12.99
4/27/2026,16:11:56,13.48
4/27/2026,16:11:57,13.48
4/27/2026,16:11:58,13.61
4/27/2026,16:11:59,13.45
4/27/2026,16:12:00,13.45
4/27/2026,16:12:01,13.07
4/27/2026,16:12:02,13.48
4/27/2026,16:12:03,13.48
4/27/2026,16:12:04,13.23
4/27/2026,16:12:06,13.36
4/27/2026,16:12:07,13.36
4/27/2026,16:12:08,13.45
4/27/2026,16:12:09,13.33
4/27/2026,16:12:10,13.33
4/27/2026,16:12:11,13.36
4/27/2026,16:12:12,13.55
4/27/2026,16:12:13,13.55
4/27/2026,16:12:14,12.78
4/27/2026,16:12:15,13.44
4/27/2026,16:12:16,13.44
4/27/2026,16:12:17,13.78
4/27/2026,16:12:18,13.28
4/27/2026,16:12:19,13.28
4/27/2026,16:12:20,12.94
4/27/2026,16:12:21,13.37
4/27/2026,16:12:22,13.37
4/27/2026,16:12:23,13.76
4/27/2026,16:12:24,13.41
4/27/2026,16:12:25,13.41
4/27/2026,16:12:26,12.89
4/27/2026,16:12:27,13.04
4/27/2026,16:12:28,13.04
4/27/2026,16:12:29,13.2
4/27/2026,16:12:30,13.03
4/27/2026,16:12:31,13.03
4/27/2026,16:12:32,13.18
4/27/2026,16:12:33,13.74
4/27/2026,16:12:34,13.74
4/27/2026,16:12:35,13.13
4/27/2026,16:12:36,13.82
4/27/2026,16:12:37,13.82
4/27/2026,16:12:37,9.18
4/27/2026,16:12:38,9.18
4/27/2026,16:12:39,9.43
4/27/2026,16:12:40,9.43
4/27/2026,16:12:41,9.17
4/27/2026,16:12:42,9.54
4/27/2026,16:12:43,9.54
4/27/2026,16:12:44,9.61
4/27/2026,16:12:45,9.31
4/27/2026,16:12:46,9.31
4/27/2026,16:12:47,9.63
4/27/2026,16:12:48,9.63
4/27/2026,16:12:49,9.63
4/27/2026,16:12:50,9.35
4/27/2026,16:12:51,9.13
4/27/2026,16:12:52,9.13
4/27/2026,16:12:53,9.51
4/27/2026,16:12:54,9.42
4/27/2026,16:12:55,9.42
4/27/2026,16:12:56,9.41
4/27/2026,16:12:57,9.41
4/27/2026,16:12:58,9.41
4/27/2026,16:12:59,9.16
4/27/2026,16:13:00,9.35
4/27/2026,16:13:01,9.35
4/27/2026,16:13:02,9.25
4/27/2026,16:13:03,9.57
4/27/2026,16:13:04,9.57
4/27/2026,16:13:05,9.06
4/27/2026,16:13:06,9.34
4/27/2026,16:13:07,9.34
4/27/2026,16:13:08,9.82
4/27/2026,16:13:09,9.44
4/27/2026,16:13:10,9.44
4/27/2026,16:13:11,9.15
4/27/2026,16:13:12,9.65
4/27/2026,16:13:13,9.65
4/27/2026,16:13:14,9.18
4/27/2026,16:13:15,9.34
4/27/2026,16:13:16,9.34
4/27/2026,16:13:17,9.24
4/27/2026,16:13:18,9.75
4/27/2026,16:13:19,9.75
4/27/2026,16:13:20,9.23
4/27/2026,16:13:21,9.24
4/27/2026,16:13:22,9.24
4/27/2026,16:13:23,9.51
4/27/2026,16:13:24,9.02
4/27/2026,16:13:25,9.02
4/27/2026,16:13:26,9.38
4/27/2026,16:13:27,9.14
4/27/2026,16:13:28,9.14
4/27/2026,16:13:29,9.48
4/27/2026,16:13:30,9.2
4/27/2026,16:13:31,9.2
4/27/2026,16:13:32,9.24
4/27/2026,16:13:33,9.42
4/27/2026,16:13:34,9.42
4/27/2026,16:13:35,9.09
4/27/2026,16:13:35,11.2
4/27/2026,16:13:36,11.2
4/27/2026,16:13:37,11.2
4/27/2026,16:13:38,27.08
4/27/2026,16:13:39,26.45
4/27/2026,16:13:40,26.45
4/27/2026,16:13:40,26.54
4/27/2026,16:13:41,26.54
4/27/2026,16:13:42,26.72
4/27/2026,16:13:43,26.72
4/27/2026,16:13:44,26.58
4/27/2026,16:13:45,27.27
4/27/2026,16:13:46,27.27
4/27/2026,16:13:47,27.32
4/27/2026,16:13:48,27.51
4/27/2026,16:13:49,27.51
4/27/2026,16:13:50,27.64
4/27/2026,16:13:51,26.61
4/27/2026,16:13:52,26.61
4/27/2026,16:13:53,27.27
4/27/2026,16:13:54,26.74
4/27/2026,16:13:55,26.74
4/27/2026,16:13:56,26.91
4/27/2026,16:13:57,27.08
4/27/2026,16:13:58,27.08
4/27/2026,16:13:59,27.25
4/27/2026,16:14:00,27.06
4/27/2026,16:14:01,27.06
4/27/2026,16:14:02,27.21
4/27/2026,16:14:03,27.6
4/27/2026,16:14:04,27.6
4/27/2026,16:14:05,27.76
4/27/2026,16:14:06,27.31
4/27/2026,16:14:07,27.31
4/27/2026,16:14:07,28.04
4/27/2026,16:14:08,28.04
4/27/2026,16:14:09,27.79
4/27/2026,16:14:10,27.79
4/27/2026,16:14:11,27.6
4/27/2026,16:14:12,27.54
4/27/2026,16:14:13,27.54
4/27/2026,16:14:14,28.06
4/27/2026,16:14:15,27.49
4/27/2026,16:14:16,27.49
4/27/2026,16:14:17,27.81
4/27/2026,16:14:18,27.89
4/27/2026,16:14:19,27.89
4/27/2026,16:14:20,27.89
4/27/2026,16:14:21,27.68
4/27/2026,16:14:22,27.68
4/27/2026,16:14:23,27.95
4/27/2026,16:14:24,27.71
4/27/2026,16:14:25,27.71
4/27/2026,16:14:26,27.76
4/27/2026,16:14:27,27.73
4/27/2026,16:14:28,27.73
4/27/2026,16:14:29,28.1
4/27/2026,16:14:30,27.66
4/27/2026,16:14:31,27.66
4/27/2026,16:14:32,27.82
4/27/2026,16:14:33,28.19
4/27/2026,16:14:34,28.19
4/27/2026,16:14:35,27.61
4/27/2026,16:14:35,26.11
4/27/2026,16:14:36,26.11
4/27/2026,16:14:37,26.11
4/27/2026,16:14:38,9.8
4/27/2026,16:14:39,9.73
4/27/2026,16:14:40,9.73
4/27/2026,16:14:41,9.81
4/27/2026,16:14:41,9.9
4/27/2026,16:14:42,9.9
4/27/2026,16:14:43,9.9
4/27/2026,16:14:44,9.51
4/27/2026,16:14:45,9.56
4/27/2026,16:14:46,9.56
4/27/2026,16:14:47,9.71
4/27/2026,16:14:48,9.63
4/27/2026,16:14:49,9.63
4/27/2026,16:14:50,9.51
4/27/2026,16:14:51,9.41
4/27/2026,16:14:52,9.41
4/27/2026,16:14:53,9.92
4/27/2026,16:14:54,9.24
4/27/2026,16:14:55,9.24
4/27/2026,16:14:56,9.41
4/27/2026,16:14:57,9.42
4/27/2026,16:14:58,9.42
4/27/2026,16:14:59,9.45
4/27/2026,16:15:00,9.46
4/27/2026,16:15:01,9.46
4/27/2026,16:15:02,9.64
4/27/2026,16:15:03,9.65
4/27/2026,16:15:04,9.65
4/27/2026,16:15:05,9.33
4/27/2026,16:15:06,9.33
4/27/2026,16:15:07,10.69
4/27/2026,16:15:08,9.83
4/27/2026,16:15:09,9.83
4/27/2026,16:15:10,9.45
4/27/2026,16:15:11,9.44
4/27/2026,16:15:12,9.44
4/27/2026,16:15:13,9.61
4/27/2026,16:15:14,9.22
4/27/2026,16:15:15,9.22
4/27/2026,16:15:16,9.82
4/27/2026,16:15:17,9.65
4/27/2026,16:15:18,9.65
4/27/2026,16:15:19,9.11
4/27/2026,16:15:20,9.37
4/27/2026,16:15:21,9.37
4/27/2026,16:15:22,9.35
4/27/2026,16:15:23,9.57
4/27/2026,16:15:24,9.57
4/27/2026,16:15:25,9.13
4/27/2026,16:15:26,9.36
4/27/2026,16:15:27,9.36
4/27/2026,16:15:28,9.36
4/27/2026,16:15:29,9.51
4/27/2026,16:15:30,9.51
4/27/2026,16:15:31,9.34
4/27/2026,16:15:32,9.74
4/27/2026,16:15:33,9.74
4/27/2026,16:15:34,9.15
4/27/2026,16:15:35,10.96
4/27/2026,16:15:35,10.96
4/27/2026,16:15:36,10.96
4/27/2026,16:15:37,35.69
4/27/2026,16:15:38,37.12
4/27/2026,16:15:39,37.12
4/27/2026,16:15:40,36.46
4/27/2026,16:15:40,36.46
4/27/2026,16:15:42,36.92
4/27/2026,16:15:43,36.92
4/27/2026,16:15:44,36.81
4/27/2026,16:15:45,36.78
4/27/2026,16:15:46,36.78
4/27/2026,16:15:47,36.78
4/27/2026,16:15:48,37.46
4/27/2026,16:15:49,37.46
4/27/2026,16:15:50,36.87
4/27/2026,16:15:51,36.91
4/27/2026,16:15:52,36.91
4/27/2026,16:15:53,36.91
4/27/2026,16:15:54,37.76
4/27/2026,16:15:55,37.76
4/27/2026,16:15:56,37
4/27/2026,16:15:57,37.21
4/27/2026,16:15:58,37.21
4/27/2026,16:15:59,37.34
4/27/2026,16:16:00,37.31
4/27/2026,16:16:01,37.31
4/27/2026,16:16:02,37.2
4/27/2026,16:16:03,37.57
4/27/2026,16:16:04,37.57
4/27/2026,16:16:05,37.51
4/27/2026,16:16:06,37.34
4/27/2026,16:16:07,37.34
4/27/2026,16:16:08,37.45
4/27/2026,16:16:09,37.72
4/27/2026,16:16:10,37.72
4/27/2026,16:16:11,37.51
4/27/2026,16:16:12,37.67
4/27/2026,16:16:13,37.67
4/27/2026,16:16:14,38.01
4/27/2026,16:16:15,37.54
4/27/2026,16:16:16,37.54
4/27/2026,16:16:17,37.47
4/27/2026,16:16:18,37.77
4/27/2026,16:16:19,37.77
4/27/2026,16:16:20,37.63
4/27/2026,16:16:21,37.53
4/27/2026,16:16:22,37.53
4/27/2026,16:16:23,37.47
4/27/2026,16:16:24,37.79
4/27/2026,16:16:25,37.79
4/27/2026,16:16:26,37.95
4/27/2026,16:16:27,37.53
4/27/2026,16:16:28,37.53
4/27/2026,16:16:29,38.33
4/27/2026,16:16:30,37.72
4/27/2026,16:16:31,37.72
4/27/2026,16:16:32,37.6
4/27/2026,16:16:33,37.77
4/27/2026,16:16:34,37.77
4/27/2026,16:16:35,37.91
4/27/2026,16:16:35,32.97
4/27/2026,16:16:36,32.97
4/27/2026,16:16:37,32.97
4/27/2026,16:16:38,10.04
4/27/2026,16:16:39,9.77
4/27/2026,16:16:40,9.77
4/27/2026,16:16:41,9.56
4/27/2026,16:16:41,10.51
4/27/2026,16:16:42,10.51
4/27/2026,16:16:43,10.51
4/27/2026,16:16:44,9.52
4/27/2026,16:16:45,10.02
4/27/2026,16:16:46,10.02
4/27/2026,16:16:47,9.53
4/27/2026,16:16:48,9.97
4/27/2026,16:16:49,9.97
4/27/2026,16:16:50,9.56
4/27/2026,16:16:50,9.34
4/27/2026,16:16:51,9.34
4/27/2026,16:16:52,9.34
4/27/2026,16:16:53,9.68
4/27/2026,16:16:54,9.54
4/27/2026,16:16:55,9.54
4/27/2026,16:16:56,9.39
4/27/2026,16:16:57,9.67
4/27/2026,16:16:58,9.67
4/27/2026,16:16:59,9.29
4/27/2026,16:17:00,9.26
4/27/2026,16:17:01,9.26
4/27/2026,16:17:02,9.23
4/27/2026,16:17:03,9.56
4/27/2026,16:17:04,9.56
4/27/2026,16:17:05,9.74
4/27/2026,16:17:06,9.52
4/27/2026,16:17:07,9.52
4/27/2026,16:17:08,9.79
4/27/2026,16:17:09,9.34
4/27/2026,16:17:10,9.34
4/27/2026,16:17:11,9.19
4/27/2026,16:17:12,9.4
4/27/2026,16:17:13,9.4
4/27/2026,16:17:14,9.63
4/27/2026,16:17:15,9.16
4/27/2026,16:17:16,9.16
4/27/2026,16:17:17,9.61
4/27/2026,16:17:18,9.99
4/27/2026,16:17:19,9.99
4/27/2026,16:17:20,9.41
4/27/2026,16:17:21,9.29
4/27/2026,16:17:22,9.29
4/27/2026,16:17:23,10.12
4/27/2026,16:17:24,9.15
4/27/2026,16:17:25,9.15
4/27/2026,16:17:26,9.37
4/27/2026,16:17:27,9.54
4/27/2026,16:17:28,9.54
4/27/2026,16:17:29,9.46
4/27/2026,16:17:30,9.33
4/27/2026,16:17:31,9.33
4/27/2026,16:17:32,9.24
4/27/2026,16:17:33,9.55
4/27/2026,16:17:34,9.55
4/27/2026,16:17:35,9.27
4/27/2026,16:17:35,10.49
4/27/2026,16:17:36,10.49
4/27/2026,16:17:37,10.49
4/27/2026,16:17:38,23.8
4/27/2026,16:17:39,23.59
4/27/2026,16:17:40,23.59
4/27/2026,16:17:41,24.09
4/27/2026,16:17:41,24.06
4/27/2026,16:17:42,24.06
4/27/2026,16:17:43,24.06
4/27/2026,16:17:44,23.87
4/27/2026,16:17:45,22.59
4/27/2026,16:17:46,22.59
4/27/2026,16:17:47,22.72
4/27/2026,16:17:48,23.45
4/27/2026,16:17:49,23.45
4/27/2026,16:17:49,22.74
4/27/2026,16:17:50,22.74
4/27/2026,16:17:51,22.73
4/27/2026,16:17:52,22.73
4/27/2026,16:17:53,23.04
4/27/2026,16:17:54,22.99
4/27/2026,16:17:55,22.99
4/27/2026,16:17:56,22.88
4/27/2026,16:17:57,23.19
4/27/2026,16:17:58,23.19
4/27/2026,16:17:59,23.45
4/27/2026,16:18:00,23.12
4/27/2026,16:18:01,23.12
4/27/2026,16:18:02,23.16
4/27/2026,16:18:03,23.36
4/27/2026,16:18:04,23.36
4/27/2026,16:18:05,22.7
4/27/2026,16:18:06,22.83
4/27/2026,16:18:07,22.83
4/27/2026,16:18:08,23.14
4/27/2026,16:18:08,24.42
4/27/2026,16:18:09,24.42
4/27/2026,16:18:10,24.42
4/27/2026,16:18:11,23.04
4/27/2026,16:18:12,23.24
4/27/2026,16:18:13,23.24
4/27/2026,16:18:14,23.49
4/27/2026,16:18:14,23.03
4/27/2026,16:18:15,23.03
4/27/2026,16:18:16,23.03
4/27/2026,16:18:17,24.01
4/27/2026,16:18:18,24.67
4/27/2026,16:18:19,24.67
4/27/2026,16:18:20,24.22
4/27/2026,16:18:21,23.88
4/27/2026,16:18:22,23.88
4/27/2026,16:18:23,23.62
4/27/2026,16:18:24,23.88
4/27/2026,16:18:25,23.88
4/27/2026,16:18:26,23.73
4/27/2026,16:18:27,23.79
4/27/2026,16:18:28,23.79
4/27/2026,16:18:28,24.26
4/27/2026,16:18:29,24.26
4/27/2026,16:18:30,24.22
4/27/2026,16:18:31,24.22
4/27/2026,16:18:32,24.07
4/27/2026,16:18:33,24.13
4/27/2026,16:18:34,24.13
4/27/2026,16:18:35,24.69
4/27/2026,16:18:36,23.82
4/27/2026,16:18:37,23.82
4/27/2026,16:18:37,9.86
4/27/2026,16:18:38,9.86
4/27/2026,16:18:39,9.43
4/27/2026,16:18:40,9.69
4/27/2026,16:18:41,9.53
4/27/2026,16:18:42,9.53
4/27/2026,16:18:43,9.63
4/27/2026,16:18:44,9.52
4/27/2026,16:18:45,9.52
4/27/2026,16:18:46,9.4
4/27/2026,16:18:47,9.49
4/27/2026,16:18:48,9.49
4/27/2026,16:18:49,9.4
4/27/2026,16:18:50,9.46
4/27/2026,16:18:51,9.46
4/27/2026,16:18:52,9.35
4/27/2026,16:18:53,9.31
4/27/2026,16:18:54,9.31
4/27/2026,16:18:55,9.11
4/27/2026,16:18:56,9.63
4/27/2026,16:18:57,9.63
4/27/2026,16:18:58,9.2
4/27/2026,16:18:59,9.38
4/27/2026,16:19:00,9.38
4/27/2026,16:19:01,9.61
4/27/2026,16:19:02,9.54
4/27/2026,16:19:03,9.54
4/27/2026,16:19:04,9.18
4/27/2026,16:19:05,9.48
4/27/2026,16:19:06,9.48
4/27/2026,16:19:07,9.75
4/27/2026,16:19:08,9.62
4/27/2026,16:19:09,9.62
4/27/2026,16:19:10,9.23
4/27/2026,16:19:11,9.97
4/27/2026,16:19:12,9.97
4/27/2026,16:19:13,9.09
4/27/2026,16:19:15,9.37
4/27/2026,16:19:16,9.37
4/27/2026,16:19:17,9.32
4/27/2026,16:19:18,9.86
4/27/2026,16:19:19,9.86
4/27/2026,16:19:20,9.31
4/27/2026,16:19:21,9.6
4/27/2026,16:19:22,9.6
4/27/2026,16:19:23,9.71
4/27/2026,16:19:24,9.19
4/27/2026,16:19:25,9.19
4/27/2026,16:19:26,9.4
4/27/2026,16:19:27,9.76
4/27/2026,16:19:28,9.76
4/27/2026,16:19:29,9.58
4/27/2026,16:19:30,9.47
4/27/2026,16:19:31,9.47
4/27/2026,16:19:32,9.39
4/27/2026,16:19:33,9.93
4/27/2026,16:19:34,9.93
4/27/2026,16:19:35,9.86
4/27/2026,16:19:36,10.83
4/27/2026,16:19:37,10.83
4/27/2026,16:19:37,35.99
4/27/2026,16:19:38,35.99
4/27/2026,16:19:39,35.78
4/27/2026,16:19:40,35.78
4/27/2026,16:19:41,35.81
4/27/2026,16:19:42,35.94
4/27/2026,16:19:43,35.94
4/27/2026,16:19:44,36.49
4/27/2026,16:19:45,35.99
4/27/2026,16:19:46,35.99
4/27/2026,16:19:47,35.85
4/27/2026,16:19:48,36.33
4/27/2026,16:19:49,36.33
4/27/2026,16:19:50,36.29
4/27/2026,16:19:51,36.02
4/27/2026,16:19:52,36.02
4/27/2026,16:19:53,36.37
4/27/2026,16:19:54,36.66
4/27/2026,16:19:55,36.66
4/27/2026,16:19:56,36.2
4/27/2026,16:19:57,36.06
4/27/2026,16:19:58,36.06
4/27/2026,16:19:59,36.25
4/27/2026,16:20:00,36.51
4/27/2026,16:20:01,36.51
4/27/2026,16:20:02,36.24
4/27/2026,16:20:03,36.69
4/27/2026,16:20:04,36.69
4/27/2026,16:20:05,36.89
4/27/2026,16:20:06,36.59
4/27/2026,16:20:07,36.59
4/27/2026,16:20:08,36.36
4/27/2026,16:20:09,37.13
4/27/2026,16:20:10,37.13
4/27/2026,16:20:11,36.97
4/27/2026,16:20:12,36.64
4/27/2026,16:20:13,36.64
4/27/2026,16:20:14,36.39
4/27/2026,16:20:15,37.05
4/27/2026,16:20:16,37.05
4/27/2026,16:20:17,36.48
4/27/2026,16:20:18,36.59
4/27/2026,16:20:19,36.59
4/27/2026,16:20:20,36.66
4/27/2026,16:20:21,36.5
4/27/2026,16:20:22,36.5
4/27/2026,16:20:23,36.39
4/27/2026,16:20:24,37.27
4/27/2026,16:20:25,37.27
4/27/2026,16:20:26,36.79
4/27/2026,16:20:27,36.62
4/27/2026,16:20:28,36.62
4/27/2026,16:20:29,36.5
4/27/2026,16:20:30,36.96
4/27/2026,16:20:31,36.96
4/27/2026,16:20:32,36.57
4/27/2026,16:20:33,36.8
4/27/2026,16:20:34,36.8
4/27/2026,16:20:35,37.17
4/27/2026,16:20:36,34.75
4/27/2026,16:20:37,34.75
4/27/2026,16:20:37,10
4/27/2026,16:20:38,10
4/27/2026,16:20:39,9.67
4/27/2026,16:20:40,9.67
4/27/2026,16:20:41,9.69
4/27/2026,16:20:42,9.94
4/27/2026,16:20:43,9.94
4/27/2026,16:20:44,9.55
4/27/2026,16:20:45,9.51
4/27/2026,16:20:46,9.51
4/27/2026,16:20:47,9.69
4/27/2026,16:20:48,9.56
4/27/2026,16:20:49,9.56
4/27/2026,16:20:50,9.58
4/27/2026,16:20:51,9.55
4/27/2026,16:20:52,9.55
4/27/2026,16:20:53,9.88
4/27/2026,16:20:54,9.28
4/27/2026,16:20:55,9.28
4/27/2026,16:20:56,9.53
4/27/2026,16:20:57,9.32
4/27/2026,16:20:58,9.32
4/27/2026,16:20:59,9.54
4/27/2026,16:21:00,9.42
4/27/2026,16:21:01,9.42
4/27/2026,16:21:02,9.4
4/27/2026,16:21:03,9.41
4/27/2026,16:21:04,9.41
4/27/2026,16:21:05,9.53
4/27/2026,16:21:06,9.25
4/27/2026,16:21:07,9.25
4/27/2026,16:21:08,9.99
4/27/2026,16:21:09,9.25
4/27/2026,16:21:10,9.25
4/27/2026,16:21:11,9.42
4/27/2026,16:21:12,9.41
4/27/2026,16:21:13,9.41
4/27/2026,16:21:14,9.44
4/27/2026,16:21:15,9.35
4/27/2026,16:21:16,9.35
4/27/2026,16:21:17,9.25
4/27/2026,16:21:18,10.21
4/27/2026,16:21:19,10.21
4/27/2026,16:21:20,9.35
4/27/2026,16:21:21,9.32
4/27/2026,16:21:22,9.32
4/27/2026,16:21:23,9.49
4/27/2026,16:21:24,9.45
4/27/2026,16:21:25,9.45
4/27/2026,16:21:26,9.27
4/27/2026,16:21:27,9.27
4/27/2026,16:21:28,9.27
4/27/2026,16:21:29,9.76
4/27/2026,16:21:30,9.2
4/27/2026,16:21:31,9.2
4/27/2026,16:21:32,9.35
4/27/2026,16:21:33,9.64
4/27/2026,16:21:34,9.64
4/27/2026,16:21:35,10.31
4/27/2026,16:21:36,9.7
4/27/2026,16:21:37,9.7
4/27/2026,16:21:37,18.59
4/27/2026,16:21:38,18.59
4/27/2026,16:21:39,17.95
4/27/2026,16:21:40,17.95
4/27/2026,16:21:41,18.08
4/27/2026,16:21:42,17.92
4/27/2026,16:21:43,17.92
4/27/2026,16:21:44,18.37
4/27/2026,16:21:45,17.89
4/27/2026,16:21:46,17.89
4/27/2026,16:21:47,18
4/27/2026,16:21:48,18.04
4/27/2026,16:21:49,18.04
4/27/2026,16:21:50,18.41
4/27/2026,16:21:51,17.81
4/27/2026,16:21:52,17.81
4/27/2026,16:21:53,18.51
4/27/2026,16:21:54,17.99
4/27/2026,16:21:55,17.99
4/27/2026,16:21:56,18.07
4/27/2026,16:21:57,18.23
4/27/2026,16:21:58,18.23
4/27/2026,16:21:59,18.33
4/27/2026,16:22:00,17.94
4/27/2026,16:22:01,17.94
4/27/2026,16:22:02,18.13
4/27/2026,16:22:03,18.09
4/27/2026,16:22:04,18.09
4/27/2026,16:22:05,18.21
4/27/2026,16:22:06,17.72
4/27/2026,16:22:07,17.72
4/27/2026,16:22:08,18.89
4/27/2026,16:22:09,18.14
4/27/2026,16:22:10,18.14
4/27/2026,16:22:11,18.18
4/27/2026,16:22:12,17.95
4/27/2026,16:22:13,17.95
4/27/2026,16:22:14,18.4
4/27/2026,16:22:15,17.83
4/27/2026,16:22:16,18.25
4/27/2026,16:22:17,18.12
4/27/2026,16:22:18,18.12
4/27/2026,16:22:19,18.21
4/27/2026,16:22:20,18.2
4/27/2026,16:22:21,18.2
4/27/2026,16:22:22,18.31
4/27/2026,16:22:23,17.93
4/27/2026,16:22:24,17.93
4/27/2026,16:22:25,17.98
4/27/2026,16:22:26,18.01
4/27/2026,16:22:27,18.01
4/27/2026,16:22:28,18.67
4/27/2026,16:22:29,17.95
4/27/2026,16:22:30,17.95
4/27/2026,16:22:31,18.2
4/27/2026,16:22:32,18.25
4/27/2026,16:22:33,18.25
4/27/2026,16:22:34,18.06
4/27/2026,16:22:35,18.48
4/27/2026,16:22:36,18.48
4/27/2026,16:22:37,10.17
4/27/2026,16:22:37,10.17
4/27/2026,16:22:38,9.89
4/27/2026,16:22:39,9.89
4/27/2026,16:22:40,9.3
4/27/2026,16:22:41,9.63
4/27/2026,16:22:42,9.63
4/27/2026,16:22:43,9.38
4/27/2026,16:22:44,9.56
4/27/2026,16:22:45,9.56
4/27/2026,16:22:46,9.29
4/27/2026,16:22:47,9.91
4/27/2026,16:22:48,9.91
4/27/2026,16:22:50,9.19
4/27/2026,16:22:51,9.42
4/27/2026,16:22:52,9.42
4/27/2026,16:22:53,9.91
4/27/2026,16:22:54,9.28
4/27/2026,16:22:55,9.28
4/27/2026,16:22:56,9.39
4/27/2026,16:22:57,9.44
4/27/2026,16:22:58,9.44
4/27/2026,16:22:59,9.46
4/27/2026,16:23:00,9.51
4/27/2026,16:23:01,9.51
4/27/2026,16:23:02,9.23
4/27/2026,16:23:03,9.58
4/27/2026,16:23:04,9.58
4/27/2026,16:23:05,9.31
4/27/2026,16:23:06,9.31
4/27/2026,16:23:07,9.31
4/27/2026,16:23:08,10.14
4/27/2026,16:23:09,9.52
4/27/2026,16:23:10,9.52
4/27/2026,16:23:11,9.6
4/27/2026,16:23:12,9.61
4/27/2026,16:23:13,9.61
4/27/2026,16:23:14,9.23
4/27/2026,16:23:15,9.26
4/27/2026,16:23:16,9.26
4/27/2026,16:23:17,9.19
4/27/2026,16:23:18,9.84
4/27/2026,16:23:19,9.84
4/27/2026,16:23:19,9.1
4/27/2026,16:23:20,9.1
4/27/2026,16:23:21,9.57
4/27/2026,16:23:22,9.57
4/27/2026,16:23:23,9.39
4/27/2026,16:23:24,9.72
4/27/2026,16:23:25,9.72
4/27/2026,16:23:26,9.14
4/27/2026,16:23:27,9.55
4/27/2026,16:23:28,9.55
4/27/2026,16:23:29,9.05
4/27/2026,16:23:30,9.37
4/27/2026,16:23:31,9.37
4/27/2026,16:23:32,9.38
4/27/2026,16:23:33,9.64
4/27/2026,16:23:34,9.64
4/27/2026,16:23:35,8.93
4/27/2026,16:23:36,10
4/27/2026,16:23:37,10
4/27/2026,16:23:37,38.14
4/27/2026,16:23:38,38.14
4/27/2026,16:23:39,38
4/27/2026,16:23:40,38
4/27/2026,16:23:41,38.26
4/27/2026,16:23:42,38.47
4/27/2026,16:23:43,38.47
4/27/2026,16:23:44,38.05
4/27/2026,16:23:45,38.35
4/27/2026,16:23:46,38.35
4/27/2026,16:23:47,38.22
4/27/2026,16:23:48,38.84
4/27/2026,16:23:49,38.84
4/27/2026,16:23:50,38.22
4/27/2026,16:23:51,38.38
4/27/2026,16:23:52,38.38
4/27/2026,16:23:53,38.57
4/27/2026,16:23:54,38.83
4/27/2026,16:23:55,38.83
4/27/2026,16:23:56,38.65
4/27/2026,16:23:57,38.95
4/27/2026,16:23:58,38.95
4/27/2026,16:23:59,38.46
4/27/2026,16:24:00,38.73
4/27/2026,16:24:01,38.73
4/27/2026,16:24:02,38.88
4/27/2026,16:24:03,39.02
4/27/2026,16:24:04,39.02
4/27/2026,16:24:05,38.86
4/27/2026,16:24:06,38.97
4/27/2026,16:24:07,38.97
4/27/2026,16:24:08,39.42
4/27/2026,16:24:09,39.02
4/27/2026,16:24:10,39.02
4/27/2026,16:24:11,38.98
4/27/2026,16:24:12,39.57
4/27/2026,16:24:13,39.57
4/27/2026,16:24:14,38.99
4/27/2026,16:24:15,38.9
4/27/2026,16:24:16,38.9
4/27/2026,16:24:17,38.95
4/27/2026,16:24:18,39.25
4/27/2026,16:24:19,39.25
4/27/2026,16:24:20,39.04
4/27/2026,16:24:21,38.99
4/27/2026,16:24:22,38.99
4/27/2026,16:24:23,39.28
4/27/2026,16:24:24,38.95
4/27/2026,16:24:25,38.95
4/27/2026,16:24:26,39.08
4/27/2026,16:24:27,39.36
4/27/2026,16:24:28,39.36
4/27/2026,16:24:29,39.53
4/27/2026,16:24:30,39.09
4/27/2026,16:24:31,39.09
4/27/2026,16:24:32,38.97
4/27/2026,16:24:33,39.47
4/27/2026,16:24:34,39.47
4/27/2026,16:24:35,39.17
4/27/2026,16:24:36,38.83
4/27/2026,16:24:37,38.83
4/27/2026,16:24:37,10.5
4/27/2026,16:24:38,10.5
4/27/2026,16:24:39,9.66
4/27/2026,16:24:40,9.66
4/27/2026,16:24:41,9.87
4/27/2026,16:24:42,9.92
4/27/2026,16:24:43,9.92
4/27/2026,16:24:44,9.88
4/27/2026,16:24:45,9.7
4/27/2026,16:24:46,9.7
4/27/2026,16:24:47,10.06
4/27/2026,16:24:48,9.67
4/27/2026,16:24:49,9.67
4/27/2026,16:24:49,9.39
4/27/2026,16:24:50,9.39
4/27/2026,16:24:51,9.76
4/27/2026,16:24:52,9.76
4/27/2026,16:24:53,9.75
4/27/2026,16:24:54,9.5
4/27/2026,16:24:55,9.5
4/27/2026,16:24:56,9.4
4/27/2026,16:24:57,9.69
4/27/2026,16:24:58,9.69
4/27/2026,16:24:59,9.61
4/27/2026,16:25:00,9.35
4/27/2026,16:25:01,9.35
4/27/2026,16:25:02,9.59
4/27/2026,16:25:02,12.64
4/27/2026,16:25:03,12.64
4/27/2026,16:25:04,12.64
4/27/2026,16:25:05,10.13
4/27/2026,16:25:06,9.2
4/27/2026,16:25:07,9.2
4/27/2026,16:25:08,9.62
4/27/2026,16:25:08,9.51
4/27/2026,16:25:09,9.51
4/27/2026,16:25:10,9.51
4/27/2026,16:25:11,9.73
4/27/2026,16:25:12,9.13
4/27/2026,16:25:13,9.13
4/27/2026,16:25:14,9.74
4/27/2026,16:25:15,9.4
4/27/2026,16:25:16,9.4
4/27/2026,16:25:17,9.5
4/27/2026,16:25:18,10.12
4/27/2026,16:25:19,10.12
4/27/2026,16:25:20,9.71
4/27/2026,16:25:21,9.11
4/27/2026,16:25:22,9.11
4/27/2026,16:25:23,9.41
4/27/2026,16:25:24,9.44
4/27/2026,16:25:25,9.44
4/27/2026,16:25:26,9.3
4/27/2026,16:25:27,9.11
4/27/2026,16:25:28,9.11
4/27/2026,16:25:29,9.65
4/27/2026,16:25:30,9.55
4/27/2026,16:25:31,9.55
4/27/2026,16:25:32,9.36
4/27/2026,16:25:33,9.61
4/27/2026,16:25:34,9.61
4/27/2026,16:25:35,9.82
4/27/2026,16:25:36,9.83
4/27/2026,16:25:37,9.83
4/27/2026,16:25:37,35.85
4/27/2026,16:25:38,35.85
4/27/2026,16:25:39,37.3
4/27/2026,16:25:40,37.3
4/27/2026,16:25:41,36.41
4/27/2026,16:25:42,36.4
4/27/2026,16:25:43,36.4
4/27/2026,16:25:44,36.69
4/27/2026,16:25:45,36.77
4/27/2026,16:25:46,36.77
4/27/2026,16:25:47,36.58
4/27/2026,16:25:48,37.23
4/27/2026,16:25:49,36.96
4/27/2026,16:25:50,36.65
4/27/2026,16:25:51,36.65
4/27/2026,16:25:52,36.73
4/27/2026,16:25:53,37.06
4/27/2026,16:25:54,37.06
4/27/2026,16:25:55,36.97
4/27/2026,16:25:56,36.82
4/27/2026,16:25:57,36.82
4/27/2026,16:25:58,37.09
4/27/2026,16:25:59,37.08
4/27/2026,16:26:00,37.08
4/27/2026,16:26:01,37.34
4/27/2026,16:26:02,37.01
4/27/2026,16:26:03,37.01
4/27/2026,16:26:04,37.5
4/27/2026,16:26:05,37.17
4/27/2026,16:26:06,37.17
4/27/2026,16:26:07,37.41
4/27/2026,16:26:08,37.74
4/27/2026,16:26:09,37.74
4/27/2026,16:26:09,37.74
4/27/2026,16:26:10,37.29
4/27/2026,16:26:11,37.27
4/27/2026,16:26:12,37.27
4/27/2026,16:26:13,37.25
4/27/2026,16:26:14,37.39
4/27/2026,16:26:15,37.39
4/27/2026,16:26:16,37.47
4/27/2026,16:26:17,37.26
4/27/2026,16:26:18,37.26
4/27/2026,16:26:19,37.4
4/27/2026,16:26:20,37.32
4/27/2026,16:26:21,37.32
4/27/2026,16:26:22,37.23
4/27/2026,16:26:23,37.52
4/27/2026,16:26:25,37.52
4/27/2026,16:26:26,37.18
4/27/2026,16:26:27,37.22
4/27/2026,16:26:28,37.22
4/27/2026,16:26:29,37.32
4/27/2026,16:26:30,37.58
4/27/2026,16:26:31,37.58
4/27/2026,16:26:32,37.34
4/27/2026,16:26:33,37.24
4/27/2026,16:26:34,37.24
4/27/2026,16:26:35,37.6
4/27/2026,16:26:36,37.29
4/27/2026,16:26:37,37.29
4/27/2026,16:26:37,10.86
4/27/2026,16:26:38,10.86
4/27/2026,16:26:39,9.69
4/27/2026,16:26:40,9.69
4/27/2026,16:26:41,9.63
4/27/2026,16:26:42,9.91
4/27/2026,16:26:43,9.91
4/27/2026,16:26:43,9.72
4/27/2026,16:26:44,9.72
4/27/2026,16:26:45,9.98
4/27/2026,16:26:46,9.98
4/27/2026,16:26:47,9.85
4/27/2026,16:26:48,10.15
4/27/2026,16:26:49,10.15
4/27/2026,16:26:50,9.39
4/27/2026,16:26:51,9.47
4/27/2026,16:26:52,9.47
4/27/2026,16:26:53,9.75
4/27/2026,16:26:54,9.49
4/27/2026,16:26:55,9.49
4/27/2026,16:26:56,9.25
4/27/2026,16:26:57,9.73
4/27/2026,16:26:58,9.73
4/27/2026,16:26:59,9.24
4/27/2026,16:27:00,9.5
4/27/2026,16:27:01,9.5
4/27/2026,16:27:02,9.04
4/27/2026,16:27:03,9.58
4/27/2026,16:27:04,9.58
4/27/2026,16:27:05,9.59
4/27/2026,16:27:06,10.09
4/27/2026,16:27:07,10.09
4/27/2026,16:27:08,9.36
4/27/2026,16:27:09,9.58
4/27/2026,16:27:10,9.58
4/27/2026,16:27:11,9.18
4/27/2026,16:27:12,9.57
4/27/2026,16:27:13,9.57
4/27/2026,16:27:14,9.28
4/27/2026,16:27:15,9.49
4/27/2026,16:27:16,9.49
4/27/2026,16:27:17,9.25
4/27/2026,16:27:18,9.83
4/27/2026,16:27:19,9.83
4/27/2026,16:27:20,9.52
4/27/2026,16:27:21,9.16
4/27/2026,16:27:22,9.16
4/27/2026,16:27:23,9.46
4/27/2026,16:27:24,9.1
4/27/2026,16:27:25,9.1
4/27/2026,16:27:26,9.32
4/27/2026,16:27:27,9.45
4/27/2026,16:27:28,9.45
4/27/2026,16:27:29,9.36
4/27/2026,16:27:30,9.18
4/27/2026,16:27:31,9.18
4/27/2026,16:27:32,9.31
4/27/2026,16:27:33,9.42
4/27/2026,16:27:34,9.42
4/27/2026,16:27:35,9.41
4/27/2026,16:27:36,9.75
4/27/2026,16:27:37,9.75
4/27/2026,16:27:37,18.1
4/27/2026,16:27:38,18.1
4/27/2026,16:27:39,19.13
4/27/2026,16:27:40,19.13
4/27/2026,16:27:41,18.89
4/27/2026,16:27:42,18.82
4/27/2026,16:27:43,18.82
4/27/2026,16:27:44,18.7
4/27/2026,16:27:45,18.55
4/27/2026,16:27:46,18.55
4/27/2026,16:27:47,18.52
4/27/2026,16:27:48,19.04
4/27/2026,16:27:49,19.04
4/27/2026,16:27:50,18.45
4/27/2026,16:27:51,18.94
4/27/2026,16:27:52,18.94
4/27/2026,16:27:53,18.88
4/27/2026,16:27:54,18.83
4/27/2026,16:27:55,18.83
4/27/2026,16:27:56,18.48
4/27/2026,16:27:57,18.67
4/27/2026,16:27:58,18.67
4/27/2026,16:27:59,18.53
4/27/2026,16:28:00,18.54
4/27/2026,16:28:01,18.54
4/27/2026,16:28:02,18.56
4/27/2026,16:28:03,18.86
4/27/2026,16:28:04,18.86
4/27/2026,16:28:05,18.82
4/27/2026,16:28:06,18.63
4/27/2026,16:28:07,18.63
4/27/2026,16:28:07,19.53
4/27/2026,16:28:08,19.53
4/27/2026,16:28:09,19.51
4/27/2026,16:28:10,19.51
4/27/2026,16:28:11,19.14
4/27/2026,16:28:12,19.63
4/27/2026,16:28:13,19.63
4/27/2026,16:28:14,18.82
4/27/2026,16:28:15,18.58
4/27/2026,16:28:16,18.58
4/27/2026,16:28:16,18.48
4/27/2026,16:28:17,18.48
4/27/2026,16:28:18,19.22
4/27/2026,16:28:19,19.22
4/27/2026,16:28:20,18.68
4/27/2026,16:28:21,19.31
4/27/2026,16:28:22,19.31
4/27/2026,16:28:23,18.83
4/27/2026,16:28:24,18.81
4/27/2026,16:28:25,18.81
4/27/2026,16:28:26,18.85
4/27/2026,16:28:27,18.65
4/27/2026,16:28:28,18.65
4/27/2026,16:28:29,18.97
4/27/2026,16:28:30,19.02
4/27/2026,16:28:31,19.02
4/27/2026,16:28:32,18.65
4/27/2026,16:28:33,18.65
4/27/2026,16:28:34,18.65
4/27/2026,16:28:35,18.65
4/27/2026,16:28:36,19.2
4/27/2026,16:28:37,19.2
4/27/2026,16:28:37,10.78
4/27/2026,16:28:38,10.78
4/27/2026,16:28:39,9.6
4/27/2026,16:28:40,9.6
4/27/2026,16:28:41,9.47
4/27/2026,16:28:42,9.7
4/27/2026,16:28:43,9.7
4/27/2026,16:28:43,9.33
4/27/2026,16:28:44,9.33
4/27/2026,16:28:45,9.4
4/27/2026,16:28:46,9.4
4/27/2026,16:28:47,9.71
4/27/2026,16:28:48,9.42
4/27/2026,16:28:49,9.42
4/27/2026,16:28:50,9.42
4/27/2026,16:28:51,9.01
4/27/2026,16:28:52,9.01
4/27/2026,16:28:53,10.11
4/27/2026,16:28:54,9.17
4/27/2026,16:28:55,9.17
4/27/2026,16:28:56,9.32
4/27/2026,16:28:57,9.94
4/27/2026,16:28:58,9.94
4/27/2026,16:28:59,9.28
4/27/2026,16:29:00,9.07
4/27/2026,16:29:01,9.07
4/27/2026,16:29:02,9.8
4/27/2026,16:29:03,9.12
4/27/2026,16:29:04,9.12
4/27/2026,16:29:05,9.46
4/27/2026,16:29:06,9.17
4/27/2026,16:29:07,9.17
4/27/2026,16:29:08,9.71
4/27/2026,16:29:09,9.4
4/27/2026,16:29:10,9.4
4/27/2026,16:29:11,9.25
4/27/2026,16:29:12,9.71
4/27/2026,16:29:13,9.71
4/27/2026,16:29:14,9.39
4/27/2026,16:29:15,9.34
4/27/2026,16:29:16,9.34
4/27/2026,16:29:17,9.75
4/27/2026,16:29:18,9.35
4/27/2026,16:29:19,9.35
4/27/2026,16:29:20,9.15
4/27/2026,16:29:21,9.43
4/27/2026,16:29:22,9.43
4/27/2026,16:29:23,9.48
4/27/2026,16:29:24,9.83
4/27/2026,16:29:25,9.22
4/27/2026,16:29:26,9.54
4/27/2026,16:29:27,9.54
4/27/2026,16:29:28,9.25
4/27/2026,16:29:29,9.37
4/27/2026,16:29:30,9.37
4/27/2026,16:29:31,9.3
4/27/2026,16:29:32,9.53
4/27/2026,16:29:33,9.53
4/27/2026,16:29:34,9.29
4/27/2026,16:29:35,9.52
4/27/2026,16:29:36,9.52
4/27/2026,16:29:37,17.79
4/27/2026,16:29:37,17.79
4/27/2026,16:29:38,18.93
4/27/2026,16:29:39,18.93
4/27/2026,16:29:40,19.38
4/27/2026,16:29:41,19.2
4/27/2026,16:29:42,19.2
4/27/2026,16:29:42,19.2
4/27/2026,16:29:43,19.27
4/27/2026,16:29:44,19
4/27/2026,16:29:45,19
4/27/2026,16:29:46,19.36
4/27/2026,16:29:47,19.26
4/27/2026,16:29:48,19.26
4/27/2026,16:29:49,19.22
4/27/2026,16:29:50,18.92
4/27/2026,16:29:51,18.92
4/27/2026,16:29:52,19.43
4/27/2026,16:29:53,18.93
4/27/2026,16:29:54,18.93
4/27/2026,16:29:55,19.32
4/27/2026,16:29:56,19.18
4/27/2026,16:29:57,19.18
4/27/2026,16:29:58,19.04
4/27/2026,16:30:00,18.88
4/27/2026,16:30:01,18.88
4/27/2026,16:30:02,19.02
4/27/2026,16:30:03,19.69
4/27/2026,16:30:04,19.69
4/27/2026,16:30:05,19.13
4/27/2026,16:30:06,18.91
4/27/2026,16:30:07,18.91
4/27/2026,16:30:08,19.53
4/27/2026,16:30:09,19.13
4/27/2026,16:30:10,19.13
4/27/2026,16:30:11,19.18
4/27/2026,16:30:12,19.05
4/27/2026,16:30:13,19.05
4/27/2026,16:30:14,19.54
4/27/2026,16:30:15,18.98
4/27/2026,16:30:16,18.98
4/27/2026,16:30:17,19.34
4/27/2026,16:30:18,19.38
4/27/2026,16:30:19,19.38
4/27/2026,16:30:20,19
4/27/2026,16:30:21,19.1
4/27/2026,16:30:22,19.1
4/27/2026,16:30:23,19.24
4/27/2026,16:30:24,19.42
4/27/2026,16:30:25,19.42
4/27/2026,16:30:26,19.15
4/27/2026,16:30:27,19.24
4/27/2026,16:30:28,19.24
4/27/2026,16:30:29,19.46
4/27/2026,16:30:30,19
4/27/2026,16:30:31,19
4/27/2026,16:30:32,19.08
4/27/2026,16:30:33,19.83
4/27/2026,16:30:34,19.83
4/27/2026,16:30:35,19.37
4/27/2026,16:30:36,19.23
4/27/2026,16:30:37,19.23
4/27/2026,16:30:37,10.91
4/27/2026,16:30:38,10.91
4/27/2026,16:30:39,9.7
4/27/2026,16:30:40,9.7
4/27/2026,16:30:41,9.29
4/27/2026,16:30:42,10.31
4/27/2026,16:30:43,10.31
4/27/2026,16:30:43,9.64
4/27/2026,16:30:44,9.64
4/27/2026,16:30:45,9.69
4/27/2026,16:30:46,9.69
4/27/2026,16:30:47,9.39
4/27/2026,16:30:48,10.55
4/27/2026,16:30:49,10.55
4/27/2026,16:30:50,8.99
4/27/2026,16:30:51,9.33
4/27/2026,16:30:52,9.33
4/27/2026,16:30:53,9.47
4/27/2026,16:30:54,9.32
4/27/2026,16:30:55,9.32
4/27/2026,16:30:56,9.16
4/27/2026,16:30:57,9.74
4/27/2026,16:30:58,9.74
4/27/2026,16:30:59,9.06
4/27/2026,16:31:00,9.29
4/27/2026,16:31:01,9.29
4/27/2026,16:31:02,9.3
4/27/2026,16:31:03,9.53
4/27/2026,16:31:04,9.53
4/27/2026,16:31:05,9.49
4/27/2026,16:31:06,9.3
4/27/2026,16:31:07,9.3
4/27/2026,16:31:08,10.03
4/27/2026,16:31:09,9.33
4/27/2026,16:31:10,9.33
4/27/2026,16:31:11,9.39
4/27/2026,16:31:12,9.49
4/27/2026,16:31:13,9.49
4/27/2026,16:31:14,9.57
4/27/2026,16:31:15,9.52
4/27/2026,16:31:16,9.52
4/27/2026,16:31:17,9.43
4/27/2026,16:31:18,9.99
4/27/2026,16:31:19,9.99
4/27/2026,16:31:20,9.22
4/27/2026,16:31:21,9.31
4/27/2026,16:31:22,9.31
4/27/2026,16:31:23,9.57
4/27/2026,16:31:24,9.26
4/27/2026,16:31:25,9.26
4/27/2026,16:31:26,9.12
4/27/2026,16:31:27,9.33
4/27/2026,16:31:28,9.33
4/27/2026,16:31:29,9.68
4/27/2026,16:31:30,9.38
4/27/2026,16:31:31,9.38
4/27/2026,16:31:32,9.19
4/27/2026,16:31:33,9.41
4/27/2026,16:31:34,9.41
4/27/2026,16:31:35,9.25
4/27/2026,16:31:36,9.59
4/27/2026,16:31:37,9.59
4/27/2026,16:31:37,29.84
4/27/2026,16:31:38,29.84
4/27/2026,16:31:39,38.14
4/27/2026,16:31:40,38.14
4/27/2026,16:31:41,38.03
4/27/2026,16:31:42,38.24
4/27/2026,16:31:43,38.24
4/27/2026,16:31:43,38.24
4/27/2026,16:31:44,38.24
4/27/2026,16:31:45,38.5
4/27/2026,16:31:46,38.5
4/27/2026,16:31:47,38.31
4/27/2026,16:31:48,39.14
4/27/2026,16:31:49,39.14
4/27/2026,16:31:50,38.44
4/27/2026,16:31:51,38.39
4/27/2026,16:31:52,38.39
4/27/2026,16:31:53,38.57
4/27/2026,16:31:54,38.48
4/27/2026,16:31:55,38.48
4/27/2026,16:31:56,38.37
4/27/2026,16:31:57,38.59
4/27/2026,16:31:58,38.59
4/27/2026,16:31:59,38.73
4/27/2026,16:32:00,38.83
4/27/2026,16:32:01,38.83
4/27/2026,16:32:02,38.74
4/27/2026,16:32:03,39.02
4/27/2026,16:32:04,39.02
4/27/2026,16:32:05,38.68
4/27/2026,16:32:06,38.75
4/27/2026,16:32:07,38.75
4/27/2026,16:32:08,39.83
4/27/2026,16:32:09,38.95
4/27/2026,16:32:10,38.95
4/27/2026,16:32:11,38.83
4/27/2026,16:32:12,38.95
4/27/2026,16:32:13,38.95
4/27/2026,16:32:14,39.25
4/27/2026,16:32:15,38.77
4/27/2026,16:32:16,38.77
4/27/2026,16:32:17,39.09
4/27/2026,16:32:18,39.43
4/27/2026,16:32:19,39.43
4/27/2026,16:32:20,39.1
4/27/2026,16:32:21,39.15
4/27/2026,16:32:22,39.15
4/27/2026,16:32:23,39.41
4/27/2026,16:32:24,39.19
4/27/2026,16:32:25,39.19
4/27/2026,16:32:26,39.1
4/27/2026,16:32:27,38.94
4/27/2026,16:32:28,38.94
4/27/2026,16:32:29,39.41
4/27/2026,16:32:30,39.13
4/27/2026,16:32:31,39.13
4/27/2026,16:32:32,39.14
4/27/2026,16:32:33,39.17
4/27/2026,16:32:34,39.17
4/27/2026,16:32:35,39.16
4/27/2026,16:32:36,39.4
4/27/2026,16:32:37,39.4
4/27/2026,16:32:37,11.87
4/27/2026,16:32:38,11.87
4/27/2026,16:32:39,9.78
4/27/2026,16:32:40,9.78
4/27/2026,16:32:41,10.09
4/27/2026,16:32:42,9.67
4/27/2026,16:32:43,9.67
4/27/2026,16:32:43,9.73
4/27/2026,16:32:44,9.73
4/27/2026,16:32:45,9.53
4/27/2026,16:32:46,9.53
4/27/2026,16:32:47,9.54
4/27/2026,16:32:48,9.73
4/27/2026,16:32:49,9.73
4/27/2026,16:32:50,9.65
4/27/2026,16:32:51,9.5
4/27/2026,16:32:52,9.5
4/27/2026,16:32:53,9.86
4/27/2026,16:32:54,9.41
4/27/2026,16:32:55,9.41
4/27/2026,16:32:56,9.33
4/27/2026,16:32:57,9.71
4/27/2026,16:32:58,9.71
4/27/2026,16:32:59,9.54
4/27/2026,16:33:00,9.48
4/27/2026,16:33:01,9.62
4/27/2026,16:33:02,9.3
4/27/2026,16:33:03,9.3
4/27/2026,16:33:04,9.22
4/27/2026,16:33:05,9.36
4/27/2026,16:33:06,9.36
4/27/2026,16:33:07,10.22
4/27/2026,16:33:08,9.43
4/27/2026,16:33:09,9.43
4/27/2026,16:33:10,9.43
4/27/2026,16:33:11,9.74
4/27/2026,16:33:12,9.74
4/27/2026,16:33:13,9.27
4/27/2026,16:33:14,9.25
4/27/2026,16:33:15,9.25
4/27/2026,16:33:16,9.48
4/27/2026,16:33:17,9.76
4/27/2026,16:33:18,9.76
4/27/2026,16:33:19,9.28
4/27/2026,16:33:20,9.38
4/27/2026,16:33:21,9.38
4/27/2026,16:33:22,9.61
4/27/2026,16:33:23,9.48
4/27/2026,16:33:24,9.48
4/27/2026,16:33:25,9.28
4/27/2026,16:33:26,9.69
4/27/2026,16:33:27,9.69
4/27/2026,16:33:28,9.3
4/27/2026,16:33:29,9.3
4/27/2026,16:33:30,9.3
4/27/2026,16:33:31,9.13
4/27/2026,16:33:32,9.71
4/27/2026,16:33:33,9.71
4/27/2026,16:33:35,9.15
4/27/2026,16:33:36,9.57
4/27/2026,16:33:37,9.57
4/27/2026,16:33:37,17.31
4/27/2026,16:33:38,17.31
4/27/2026,16:33:39,20.18
4/27/2026,16:33:40,20.18
4/27/2026,16:33:41,19.94
4/27/2026,16:33:42,20.26
4/27/2026,16:33:43,20.26
4/27/2026,16:33:43,19.96
4/27/2026,16:33:44,19.96
4/27/2026,16:33:45,20.31
4/27/2026,16:33:46,20.31
4/27/2026,16:33:47,19.91
4/27/2026,16:33:48,20.8
4/27/2026,16:33:49,20.8
4/27/2026,16:33:50,20.04
4/27/2026,16:33:51,20.46
4/27/2026,16:33:52,20.46
4/27/2026,16:33:53,20.54
4/27/2026,16:33:54,20.64
4/27/2026,16:33:55,20.64
4/27/2026,16:33:56,20.07
4/27/2026,16:33:57,20.54
4/27/2026,16:33:58,20.54
4/27/2026,16:33:59,20.18
4/27/2026,16:34:00,20.39
4/27/2026,16:34:01,20.39
4/27/2026,16:34:02,20.02
4/27/2026,16:34:03,20.69
4/27/2026,16:34:04,20.69
4/27/2026,16:34:05,20.51
4/27/2026,16:34:06,20.53
4/27/2026,16:34:07,20.53
4/27/2026,16:34:07,21.33
4/27/2026,16:34:08,21.33
4/27/2026,16:34:09,20.8
4/27/2026,16:34:10,20.8
4/27/2026,16:34:11,20.03
4/27/2026,16:34:12,20.71
4/27/2026,16:34:13,20.71
4/27/2026,16:34:13,20.07
4/27/2026,16:34:14,20.07
4/27/2026,16:34:15,20.66
4/27/2026,16:34:16,20.66
4/27/2026,16:34:17,20.22
4/27/2026,16:34:18,20.84
4/27/2026,16:34:19,20.84
4/27/2026,16:34:20,20.1
4/27/2026,16:34:21,20.33
4/27/2026,16:34:22,20.33
4/27/2026,16:34:23,20.65
4/27/2026,16:34:24,20.58
4/27/2026,16:34:25,20.58
4/27/2026,16:34:26,20.41
4/27/2026,16:34:27,20.48
4/27/2026,16:34:28,20.48
4/27/2026,16:34:29,20.43
4/27/2026,16:34:30,20.3
4/27/2026,16:34:31,20.3
4/27/2026,16:34:32,20.24
4/27/2026,16:34:33,20.63
4/27/2026,16:34:34,20.63
4/27/2026,16:34:35,20.34
4/27/2026,16:34:36,20.95
4/27/2026,16:34:37,20.95
4/27/2026,16:34:37,11.39
4/27/2026,16:34:38,11.39
4/27/2026,16:34:39,9.48
4/27/2026,16:34:40,9.48
4/27/2026,16:34:41,9.6
4/27/2026,16:34:42,9.41
4/27/2026,16:34:43,9.41
4/27/2026,16:34:43,9.65
4/27/2026,16:34:44,9.65
4/27/2026,16:34:45,9.43
4/27/2026,16:34:46,9.43
4/27/2026,16:34:47,9.27
4/27/2026,16:34:48,9.73
4/27/2026,16:34:49,9.73
4/27/2026,16:34:50,9.34
4/27/2026,16:34:51,9.33
4/27/2026,16:34:52,9.33
4/27/2026,16:34:53,9.67
4/27/2026,16:34:54,9.14
4/27/2026,16:34:55,9.14
4/27/2026,16:34:56,9.47
4/27/2026,16:34:57,9.59
4/27/2026,16:34:58,9.59
4/27/2026,16:34:59,9.33
4/27/2026,16:35:00,9.56
4/27/2026,16:35:01,9.56
4/27/2026,16:35:02,9.28
4/27/2026,16:35:03,10.15
4/27/2026,16:35:04,10.15
4/27/2026,16:35:05,9.32
4/27/2026,16:35:06,9.52
4/27/2026,16:35:07,9.52
4/27/2026,16:35:08,9.82
4/27/2026,16:35:09,9.59
4/27/2026,16:35:10,9.59
4/27/2026,16:35:11,9.16
4/27/2026,16:35:12,9.49
4/27/2026,16:35:13,9.49
4/27/2026,16:35:14,9.71
4/27/2026,16:35:15,9.25
4/27/2026,16:35:16,9.25
4/27/2026,16:35:17,9.46
4/27/2026,16:35:18,9.36
4/27/2026,16:35:19,9.36
4/27/2026,16:35:20,9.5
4/27/2026,16:35:21,9.1
4/27/2026,16:35:22,9.1
4/27/2026,16:35:23,9.1
4/27/2026,16:35:24,9.23
4/27/2026,16:35:25,9.23
4/27/2026,16:35:26,9.31
4/27/2026,16:35:27,9.31
4/27/2026,16:35:28,9.31
4/27/2026,16:35:29,9.79
4/27/2026,16:35:30,9.09
4/27/2026,16:35:31,9.09
4/27/2026,16:35:32,9.61
4/27/2026,16:35:33,9.41
4/27/2026,16:35:34,9.41
4/27/2026,16:35:35,9.55
4/27/2026,16:35:36,9.38
4/27/2026,16:35:37,9.38
4/27/2026,16:35:37,24.42
4/27/2026,16:35:38,24.42
4/27/2026,16:35:39,35.03
4/27/2026,16:35:40,35.03
4/27/2026,16:35:41,35.2
4/27/2026,16:35:42,35.24
4/27/2026,16:35:42,35.24
4/27/2026,16:35:43,35.24
4/27/2026,16:35:44,35.74
4/27/2026,16:35:45,35.13
4/27/2026,16:35:46,35.13
4/27/2026,16:35:47,35.21
4/27/2026,16:35:48,35.38
4/27/2026,16:35:49,35.38
4/27/2026,16:35:50,36.38
4/27/2026,16:35:51,35.12
4/27/2026,16:35:52,35.12
4/27/2026,16:35:53,33.91
4/27/2026,16:35:54,35.43
4/27/2026,16:35:55,35.43
4/27/2026,16:35:56,35.35
4/27/2026,16:35:57,35.3
4/27/2026,16:35:58,35.3
4/27/2026,16:35:59,35.87
4/27/2026,16:36:00,36.03
4/27/2026,16:36:01,36.03
4/27/2026,16:36:02,35.7
4/27/2026,16:36:03,35.6
4/27/2026,16:36:04,35.6
4/27/2026,16:36:05,36.07
4/27/2026,16:36:06,35.5
4/27/2026,16:36:07,35.5
4/27/2026,16:36:08,35.99
4/27/2026,16:36:09,35.89
4/27/2026,16:36:10,35.89
4/27/2026,16:36:11,35.98
4/27/2026,16:36:12,35.72
4/27/2026,16:36:13,35.72
4/27/2026,16:36:14,35.76
4/27/2026,16:36:15,36.03
4/27/2026,16:36:16,36.03
4/27/2026,16:36:17,35.86
4/27/2026,16:36:18,35.93
4/27/2026,16:36:19,35.93
4/27/2026,16:36:20,36.14
4/27/2026,16:36:21,35.84
4/27/2026,16:36:22,35.84
4/27/2026,16:36:23,35.78
4/27/2026,16:36:24,35.66
4/27/2026,16:36:25,35.66
4/27/2026,16:36:26,36.2
4/27/2026,16:36:27,35.81
4/27/2026,16:36:28,35.81
4/27/2026,16:36:29,35.75
4/27/2026,16:36:30,36.94
4/27/2026,16:36:31,36.94
4/27/2026,16:36:32,35.85
4/27/2026,16:36:33,35.86
4/27/2026,16:36:34,35.86
4/27/2026,16:36:35,36.19
4/27/2026,16:36:36,36.19
4/27/2026,16:36:37,12.54
4/27/2026,16:36:37,12.54
4/27/2026,16:36:38,9.8
4/27/2026,16:36:39,9.8
4/27/2026,16:36:40,9.87
4/27/2026,16:36:41,10.26
4/27/2026,16:36:42,10.26
4/27/2026,16:36:42,10.26
4/27/2026,16:36:43,9.67
4/27/2026,16:36:44,9.62
4/27/2026,16:36:45,9.62
4/27/2026,16:36:46,9.72
4/27/2026,16:36:47,9.61
4/27/2026,16:36:48,9.61
4/27/2026,16:36:49,9.59
4/27/2026,16:36:50,9.34
4/27/2026,16:36:51,9.34
4/27/2026,16:36:52,9.81
4/27/2026,16:36:53,9.24
4/27/2026,16:36:53,9.24
4/27/2026,16:36:54,9.24
4/27/2026,16:36:55,10.04
4/27/2026,16:36:56,9.48
4/27/2026,16:36:57,9.48
4/27/2026,16:36:58,9.24
4/27/2026,16:36:59,9.23
4/27/2026,16:37:00,9.23
4/27/2026,16:37:01,9.81
4/27/2026,16:37:02,9.44
4/27/2026,16:37:03,9.44
4/27/2026,16:37:04,9.44
4/27/2026,16:37:05,9.41
4/27/2026,16:37:06,9.41
4/27/2026,16:37:07,9.51
4/27/2026,16:37:08,9.31
4/27/2026,16:37:10,9.31
4/27/2026,16:37:11,9.28
4/27/2026,16:37:12,9.78
4/27/2026,16:37:13,9.78
4/27/2026,16:37:14,9.24
4/27/2026,16:37:15,9.14
4/27/2026,16:37:16,9.14
4/27/2026,16:37:17,8.99
4/27/2026,16:37:18,9.67
4/27/2026,16:37:19,9.67
4/27/2026,16:37:20,9.1
4/27/2026,16:37:21,9.47
4/27/2026,16:37:22,9.47
4/27/2026,16:37:23,9.21
4/27/2026,16:37:24,9.33
4/27/2026,16:37:25,9.33
4/27/2026,16:37:26,9.08
4/27/2026,16:37:27,9.62
4/27/2026,16:37:28,9.62
4/27/2026,16:37:29,9.85
4/27/2026,16:37:30,9.36
4/27/2026,16:37:31,9.36
4/27/2026,16:37:32,8.99
4/27/2026,16:37:33,10.03
4/27/2026,16:37:34,10.03
4/27/2026,16:37:35,9.3
4/27/2026,16:37:36,9.54
4/27/2026,16:37:37,9.54
4/27/2026,16:37:37,23.08
4/27/2026,16:37:38,23.08
4/27/2026,16:37:39,33.4
4/27/2026,16:37:40,33.4
4/27/2026,16:37:41,34.01
4/27/2026,16:37:42,34.14
4/27/2026,16:37:43,34.14
4/27/2026,16:37:43,33.64
4/27/2026,16:37:44,33.64
4/27/2026,16:37:45,33.03
4/27/2026,16:37:46,33.03
4/27/2026,16:37:47,33.58
4/27/2026,16:37:48,34.52
4/27/2026,16:37:49,34.52
4/27/2026,16:37:50,34.08
4/27/2026,16:37:51,34.12
4/27/2026,16:37:52,34.12
4/27/2026,16:37:53,34.39
4/27/2026,16:37:54,34.17
4/27/2026,16:37:55,34.17
4/27/2026,16:37:56,34.32
4/27/2026,16:37:57,34.17
4/27/2026,16:37:58,34.17
4/27/2026,16:37:59,34.49
4/27/2026,16:38:00,34.28
4/27/2026,16:38:01,34.28
4/27/2026,16:38:02,34.46
4/27/2026,16:38:03,35
4/27/2026,16:38:04,35
4/27/2026,16:38:05,35.02
4/27/2026,16:38:06,34.57
4/27/2026,16:38:07,34.57
4/27/2026,16:38:07,35.45
4/27/2026,16:38:08,35.45
4/27/2026,16:38:09,34.8
4/27/2026,16:38:10,34.8
4/27/2026,16:38:11,34.64
4/27/2026,16:38:12,34.62
4/27/2026,16:38:13,34.62
4/27/2026,16:38:14,34.97
4/27/2026,16:38:15,34.7
4/27/2026,16:38:16,34.7
4/27/2026,16:38:17,34.55
4/27/2026,16:38:18,34.86
4/27/2026,16:38:19,34.86
4/27/2026,16:38:20,34.65
4/27/2026,16:38:21,34.64
4/27/2026,16:38:22,34.64
4/27/2026,16:38:23,34.64
4/27/2026,16:38:24,34.47
4/27/2026,16:38:25,34.47
4/27/2026,16:38:26,34.61
4/27/2026,16:38:27,34.72
4/27/2026,16:38:28,34.72
4/27/2026,16:38:29,34.95
4/27/2026,16:38:30,34.47
4/27/2026,16:38:31,34.47
4/27/2026,16:38:32,34.49
4/27/2026,16:38:33,34.51
4/27/2026,16:38:34,34.51
4/27/2026,16:38:35,34.87
4/27/2026,16:38:36,35.06
4/27/2026,16:38:37,35.06
4/27/2026,16:38:37,12.55
4/27/2026,16:38:38,12.55
4/27/2026,16:38:39,10.04
4/27/2026,16:38:40,10.04
4/27/2026,16:38:41,9.72
4/27/2026,16:38:42,10.04
4/27/2026,16:38:43,10.04
4/27/2026,16:38:43,9.48
4/27/2026,16:38:44,9.48
4/27/2026,16:38:45,10.03
4/27/2026,16:38:46,10.03
4/27/2026,16:38:47,9.36
4/27/2026,16:38:48,9.7
4/27/2026,16:38:49,9.7
4/27/2026,16:38:50,9.39
4/27/2026,16:38:51,9.66
4/27/2026,16:38:52,9.66
4/27/2026,16:38:53,9.61
4/27/2026,16:38:54,9.38
4/27/2026,16:38:55,9.38
4/27/2026,16:38:56,9.4
4/27/2026,16:38:57,9.28
4/27/2026,16:38:58,9.28
4/27/2026,16:38:59,9.41
4/27/2026,16:39:00,9.04
4/27/2026,16:39:01,9.04
4/27/2026,16:39:02,9.18
4/27/2026,16:39:03,9.4
4/27/2026,16:39:04,9.4
4/27/2026,16:39:05,9.49
4/27/2026,16:39:06,9.1
4/27/2026,16:39:07,9.1
4/27/2026,16:39:08,10.37
4/27/2026,16:39:09,9.28
4/27/2026,16:39:10,9.28
4/27/2026,16:39:11,9.41
4/27/2026,16:39:12,9.51
4/27/2026,16:39:13,9.51
4/27/2026,16:39:14,9.85
4/27/2026,16:39:15,9.22
4/27/2026,16:39:16,9.22
4/27/2026,16:39:17,9.51
4/27/2026,16:39:18,9.46
4/27/2026,16:39:19,9.46
4/27/2026,16:39:20,9.29
4/27/2026,16:39:21,9.18
4/27/2026,16:39:22,9.18
4/27/2026,16:39:23,9.42
4/27/2026,16:39:24,9.25
4/27/2026,16:39:25,9.25
4/27/2026,16:39:26,9.35
4/27/2026,16:39:27,9.4
4/27/2026,16:39:28,9.4
4/27/2026,16:39:29,9.58
4/27/2026,16:39:30,9.3
4/27/2026,16:39:31,9.3
4/27/2026,16:39:32,9.32
4/27/2026,16:39:33,9.42
4/27/2026,16:39:34,9.42
4/27/2026,16:39:35,9.32
4/27/2026,16:39:36,9.95
4/27/2026,16:39:37,9.95
4/27/2026,16:39:37,21.47
4/27/2026,16:39:38,21.47
4/27/2026,16:39:39,36.86
4/27/2026,16:39:40,36.86
4/27/2026,16:39:41,35.15
4/27/2026,16:39:42,36.88
4/27/2026,16:39:42,36.88
4/27/2026,16:39:43,36.88
4/27/2026,16:39:44,36.82
4/27/2026,16:39:45,36.71
4/27/2026,16:39:46,36.71
4/27/2026,16:39:47,37.09
4/27/2026,16:39:48,37.34
4/27/2026,16:39:49,37.34
4/27/2026,16:39:50,37.1
4/27/2026,16:39:51,37.03
4/27/2026,16:39:52,37.03
4/27/2026,16:39:53,37.16
4/27/2026,16:39:54,37.13
4/27/2026,16:39:55,37.13
4/27/2026,16:39:56,37.04
4/27/2026,16:39:57,37.2
4/27/2026,16:39:58,37.2
4/27/2026,16:39:59,36.98
4/27/2026,16:40:00,37.21
4/27/2026,16:40:01,37.21
4/27/2026,16:40:02,37.38
4/27/2026,16:40:03,37.48
4/27/2026,16:40:04,37.48
4/27/2026,16:40:05,37.21
4/27/2026,16:40:06,37.49
4/27/2026,16:40:07,37.49
4/27/2026,16:40:08,37.62
4/27/2026,16:40:09,37.62
4/27/2026,16:40:10,37.89
4/27/2026,16:40:11,37.4
4/27/2026,16:40:12,37.4
4/27/2026,16:40:13,37.42
4/27/2026,16:40:14,37.4
4/27/2026,16:40:15,37.4
4/27/2026,16:40:16,37.75
4/27/2026,16:40:17,37.53
4/27/2026,16:40:18,37.53
4/27/2026,16:40:19,37.48
4/27/2026,16:40:20,37.35
4/27/2026,16:40:21,37.35
4/27/2026,16:40:22,37.8
4/27/2026,16:40:23,37.65
4/27/2026,16:40:24,37.65
4/27/2026,16:40:25,37.64
4/27/2026,16:40:26,37.59
4/27/2026,16:40:27,37.59
4/27/2026,16:40:28,37.6
4/27/2026,16:40:29,37.39
4/27/2026,16:40:30,37.39
4/27/2026,16:40:31,37.73
4/27/2026,16:40:32,37.43
4/27/2026,16:40:33,37.43
4/27/2026,16:40:34,37.47
4/27/2026,16:40:35,37.69
4/27/2026,16:40:36,37.69
4/27/2026,16:40:37,13.43
4/27/2026,16:40:37,13.43
4/27/2026,16:40:38,9.79
4/27/2026,16:40:39,9.79
4/27/2026,16:40:40,9.9
4/27/2026,16:40:41,10.54
4/27/2026,16:40:42,10.54
4/27/2026,16:40:43,9.53
4/27/2026,16:40:43,9.53
4/27/2026,16:40:45,9.8
4/27/2026,16:40:46,9.8
4/27/2026,16:40:47,9.55
4/27/2026,16:40:48,9.7
4/27/2026,16:40:49,9.7
4/27/2026,16:40:50,9.56
4/27/2026,16:40:51,9.43
4/27/2026,16:40:52,9.43
4/27/2026,16:40:53,9.66
4/27/2026,16:40:54,9.39
4/27/2026,16:40:55,9.39
4/27/2026,16:40:56,9.26
4/27/2026,16:40:57,9.69
4/27/2026,16:40:58,9.69
4/27/2026,16:40:59,9.43
4/27/2026,16:41:00,9.41
4/27/2026,16:41:01,9.41
4/27/2026,16:41:02,9.18
4/27/2026,16:41:03,9.6
4/27/2026,16:41:04,9.6
4/27/2026,16:41:05,9.15
4/27/2026,16:41:06,9.52
4/27/2026,16:41:07,9.52
4/27/2026,16:41:08,9.8
4/27/2026,16:41:09,9.68
4/27/2026,16:41:10,9.68
4/27/2026,16:41:11,9.27
4/27/2026,16:41:12,9.95
4/27/2026,16:41:13,9.95
4/27/2026,16:41:14,9.54
4/27/2026,16:41:15,9.27
4/27/2026,16:41:16,9.27
4/27/2026,16:41:17,9.43
4/27/2026,16:41:18,9.62
4/27/2026,16:41:19,9.62
4/27/2026,16:41:20,9.68
4/27/2026,16:41:21,9.37
4/27/2026,16:41:22,9.37
4/27/2026,16:41:23,9.54
4/27/2026,16:41:24,9.25
4/27/2026,16:41:25,9.25
4/27/2026,16:41:26,9.33
4/27/2026,16:41:27,9.57
4/27/2026,16:41:28,9.57
4/27/2026,16:41:29,9.43
4/27/2026,16:41:30,9.3
4/27/2026,16:41:31,9.3
4/27/2026,16:41:32,9.11
4/27/2026,16:41:33,9.92
4/27/2026,16:41:34,9.92
4/27/2026,16:41:35,9.07
4/27/2026,16:41:36,9.69
4/27/2026,16:41:37,9.69
4/27/2026,16:41:37,20.79
4/27/2026,16:41:38,20.79
4/27/2026,16:41:39,36.85
4/27/2026,16:41:40,36.85
4/27/2026,16:41:41,36.77
4/27/2026,16:41:42,37.17
4/27/2026,16:41:43,37.17
4/27/2026,16:41:43,37.34
4/27/2026,16:41:44,37.34
4/27/2026,16:41:45,37.4
4/27/2026,16:41:46,37.4
4/27/2026,16:41:47,37.02
4/27/2026,16:41:48,37.39
4/27/2026,16:41:49,37.39
4/27/2026,16:41:50,36.86
4/27/2026,16:41:51,37.38
4/27/2026,16:41:52,37.38
4/27/2026,16:41:53,37.39
4/27/2026,16:41:54,37.44
4/27/2026,16:41:55,37.44
4/27/2026,16:41:56,37.2
4/27/2026,16:41:57,37.8
4/27/2026,16:41:58,37.8
4/27/2026,16:41:59,37.39
4/27/2026,16:42:00,37.53
4/27/2026,16:42:01,37.53
4/27/2026,16:42:02,37.46
4/27/2026,16:42:03,37.95
4/27/2026,16:42:04,37.95
4/27/2026,16:42:05,37.51
4/27/2026,16:42:06,37.77
4/27/2026,16:42:07,37.77
4/27/2026,16:42:08,38.1
4/27/2026,16:42:09,37.87
4/27/2026,16:42:10,37.87
4/27/2026,16:42:11,37.57
4/27/2026,16:42:12,37.96
4/27/2026,16:42:13,37.96
4/27/2026,16:42:14,37.79
4/27/2026,16:42:15,37.75
4/27/2026,16:42:16,37.75
4/27/2026,16:42:17,37.99
4/27/2026,16:42:18,38.27
4/27/2026,16:42:19,38.27
4/27/2026,16:42:20,37.49
4/27/2026,16:42:21,37.81
4/27/2026,16:42:22,37.81
4/27/2026,16:42:23,38.26
4/27/2026,16:42:24,37.9
4/27/2026,16:42:25,37.9
4/27/2026,16:42:26,37.76
4/27/2026,16:42:27,37.89
4/27/2026,16:42:28,37.89
4/27/2026,16:42:29,37.71
4/27/2026,16:42:30,37.8
4/27/2026,16:42:31,37.8
4/27/2026,16:42:32,37.63
4/27/2026,16:42:33,37.98
4/27/2026,16:42:34,37.98
4/27/2026,16:42:35,37.79
4/27/2026,16:42:36,38.01
4/27/2026,16:42:37,38.01
4/27/2026,16:42:37,14.07
4/27/2026,16:42:38,14.07
4/27/2026,16:42:39,9.72
4/27/2026,16:42:40,9.72
4/27/2026,16:42:41,9.81
4/27/2026,16:42:42,9.5
4/27/2026,16:42:42,9.5
4/27/2026,16:42:43,9.5
4/27/2026,16:42:44,10.39
4/27/2026,16:42:45,9.93
4/27/2026,16:42:46,9.93
4/27/2026,16:42:47,9.76
4/27/2026,16:42:48,10.08
4/27/2026,16:42:49,10.08
4/27/2026,16:42:50,9.84
4/27/2026,16:42:51,9.37
4/27/2026,16:42:52,9.37
4/27/2026,16:42:53,9.81
4/27/2026,16:42:54,9.63
4/27/2026,16:42:55,9.63
4/27/2026,16:42:56,9.48
4/27/2026,16:42:57,9.36
4/27/2026,16:42:58,9.36
4/27/2026,16:42:59,9.6
4/27/2026,16:43:00,9.34
4/27/2026,16:43:01,9.34
4/27/2026,16:43:02,9.49
4/27/2026,16:43:03,9.52
4/27/2026,16:43:04,9.52
4/27/2026,16:43:05,9.32
4/27/2026,16:43:06,9.29
4/27/2026,16:43:07,9.29
4/27/2026,16:43:08,9.49
4/27/2026,16:43:09,9.38
4/27/2026,16:43:10,9.38
4/27/2026,16:43:11,9.34
4/27/2026,16:43:12,9.56
4/27/2026,16:43:13,9.56
4/27/2026,16:43:14,9.77
4/27/2026,16:43:15,9.84
4/27/2026,16:43:16,9.84
4/27/2026,16:43:17,9.77
4/27/2026,16:43:18,9.28
4/27/2026,16:43:19,9.28
4/27/2026,16:43:20,9.82
4/27/2026,16:43:21,9.15
4/27/2026,16:43:22,9.15
4/27/2026,16:43:23,9.37
4/27/2026,16:43:24,9.04
4/27/2026,16:43:25,9.04
4/27/2026,16:43:26,9.81
4/27/2026,16:43:27,9.2
4/27/2026,16:43:28,9.2
4/27/2026,16:43:29,9.4
4/27/2026,16:43:30,9.37
4/27/2026,16:43:31,9.37
4/27/2026,16:43:32,9.32
4/27/2026,16:43:33,9.2
4/27/2026,16:43:34,9.2
4/27/2026,16:43:35,9.48
4/27/2026,16:43:36,9.51
4/27/2026,16:43:37,9.51
4/27/2026,16:43:37,10.97
4/27/2026,16:43:38,10.97
4/27/2026,16:43:39,11.48
4/27/2026,16:43:40,11.48
4/27/2026,16:43:41,12.31
4/27/2026,16:43:42,11.3
4/27/2026,16:43:43,11.3
4/27/2026,16:43:44,11.65
4/27/2026,16:43:45,11.74
4/27/2026,16:43:46,11.55
4/27/2026,16:43:47,11.99
4/27/2026,16:43:47,11.99
4/27/2026,16:43:48,11.99
4/27/2026,16:43:49,12.02
4/27/2026,16:43:50,11.88
4/27/2026,16:43:51,11.88
4/27/2026,16:43:52,11.24
4/27/2026,16:43:53,11.87
4/27/2026,16:43:54,11.87
4/27/2026,16:43:55,12.02
4/27/2026,16:43:56,11.46
4/27/2026,16:43:57,11.46
4/27/2026,16:43:58,11.4
4/27/2026,16:43:59,11.96
4/27/2026,16:44:00,11.96
4/27/2026,16:44:01,11.45
4/27/2026,16:44:02,11.69
4/27/2026,16:44:03,11.69
4/27/2026,16:44:04,11.65
4/27/2026,16:44:05,11.87
4/27/2026,16:44:06,11.87
4/27/2026,16:44:07,12.24
4/27/2026,16:44:08,11.84
4/27/2026,16:44:09,11.84
4/27/2026,16:44:10,11.71
4/27/2026,16:44:11,11.72
4/27/2026,16:44:12,11.72
4/27/2026,16:44:13,11.49
4/27/2026,16:44:14,12.02
4/27/2026,16:44:15,12.02
4/27/2026,16:44:16,11.4
4/27/2026,16:44:17,11.99
4/27/2026,16:44:18,11.99
4/27/2026,16:44:20,11.41
4/27/2026,16:44:21,12.01
4/27/2026,16:44:22,12.01
4/27/2026,16:44:23,11.62
4/27/2026,16:44:24,11.88
4/27/2026,16:44:25,11.88
4/27/2026,16:44:26,12.12
4/27/2026,16:44:27,11.96
4/27/2026,16:44:28,11.96
4/27/2026,16:44:29,11.58
4/27/2026,16:44:30,11.87
4/27/2026,16:44:31,11.87
4/27/2026,16:44:32,11.51
4/27/2026,16:44:33,11.8
4/27/2026,16:44:34,11.8
4/27/2026,16:44:35,11.65
4/27/2026,16:44:36,12.26
4/27/2026,16:44:37,12.26
4/27/2026,16:44:37,10.88
4/27/2026,16:44:38,10.88
4/27/2026,16:44:39,9.39
4/27/2026,16:44:40,9.39
4/27/2026,16:44:41,9.24
4/27/2026,16:44:42,9.58
4/27/2026,16:44:42,9.58
4/27/2026,16:44:43,9.58
4/27/2026,16:44:44,9.33
4/27/2026,16:44:45,9.34
4/27/2026,16:44:46,9.34
4/27/2026,16:44:47,9.17
4/27/2026,16:44:48,9.58
4/27/2026,16:44:49,9.58
4/27/2026,16:44:50,9.58
4/27/2026,16:44:51,9.34
4/27/2026,16:44:52,9.34
4/27/2026,16:44:53,9.82
4/27/2026,16:44:54,9.54
4/27/2026,16:44:55,9.54
4/27/2026,16:44:56,9.26
4/27/2026,16:44:57,9.51
4/27/2026,16:44:58,9.51
4/27/2026,16:44:59,9.46
4/27/2026,16:45:00,9.45
4/27/2026,16:45:01,9.45
4/27/2026,16:45:02,9.56
4/27/2026,16:45:03,9.77
4/27/2026,16:45:04,9.77
4/27/2026,16:45:05,9.1
4/27/2026,16:45:06,9.49
4/27/2026,16:45:07,9.49
4/27/2026,16:45:08,9.36
4/27/2026,16:45:09,10.13
4/27/2026,16:45:10,10.13
4/27/2026,16:45:11,9.17
4/27/2026,16:45:12,9.72
4/27/2026,16:45:13,9.72
4/27/2026,16:45:14,9.2
4/27/2026,16:45:15,9.45
4/27/2026,16:45:16,9.45
4/27/2026,16:45:17,9.2
4/27/2026,16:45:18,9.5
4/27/2026,16:45:19,9.5
4/27/2026,16:45:20,9.04
4/27/2026,16:45:21,9.66
4/27/2026,16:45:22,9.66
4/27/2026,16:45:23,9.34
4/27/2026,16:45:24,9.41
4/27/2026,16:45:25,9.41
4/27/2026,16:45:26,9.41
4/27/2026,16:45:27,9.34
4/27/2026,16:45:28,9.34
4/27/2026,16:45:29,9.3
4/27/2026,16:45:30,9.28
4/27/2026,16:45:31,9.28
4/27/2026,16:45:32,9.22
4/27/2026,16:45:33,9.58
4/27/2026,16:45:34,9.58
4/27/2026,16:45:35,9.52
4/27/2026,16:45:36,9.7
4/27/2026,16:45:37,9.7
4/27/2026,16:45:37,15.33
4/27/2026,16:45:38,15.33
4/27/2026,16:45:39,22.47
4/27/2026,16:45:40,22.47
4/27/2026,16:45:41,22.67
4/27/2026,16:45:42,22.89
4/27/2026,16:45:43,22.89
4/27/2026,16:45:43,23.06
4/27/2026,16:45:44,23.06
4/27/2026,16:45:45,22.87
4/27/2026,16:45:46,22.87
4/27/2026,16:45:47,22.42
4/27/2026,16:45:48,22.59
4/27/2026,16:45:49,22.59
4/27/2026,16:45:50,22.28
4/27/2026,16:45:51,22.33
4/27/2026,16:45:52,22.33
4/27/2026,16:45:53,23.17
4/27/2026,16:45:54,22.58
4/27/2026,16:45:55,22.58
4/27/2026,16:45:56,22.85
4/27/2026,16:45:57,23.03
4/27/2026,16:45:58,23.03
4/27/2026,16:45:59,22.99
4/27/2026,16:46:00,23.09
4/27/2026,16:46:01,23.09
4/27/2026,16:46:02,23.44
4/27/2026,16:46:03,24.1
4/27/2026,16:46:04,24.1
4/27/2026,16:46:04,24.31
4/27/2026,16:46:05,24.31
4/27/2026,16:46:06,24.21
4/27/2026,16:46:07,24.21
4/27/2026,16:46:08,24.56
4/27/2026,16:46:09,23.69
4/27/2026,16:46:10,23.69
4/27/2026,16:46:10,22.67
4/27/2026,16:46:11,22.67
4/27/2026,16:46:12,22.83
4/27/2026,16:46:13,22.83
4/27/2026,16:46:14,23.29
4/27/2026,16:46:15,23.13
4/27/2026,16:46:16,23.13
4/27/2026,16:46:17,23.34
4/27/2026,16:46:18,23.36
4/27/2026,16:46:19,23.36
4/27/2026,16:46:20,22.88
4/27/2026,16:46:21,23.25
4/27/2026,16:46:22,23.25
4/27/2026,16:46:22,24.11
4/27/2026,16:46:23,24.11
4/27/2026,16:46:24,24.54
4/27/2026,16:46:25,24.54
4/27/2026,16:46:26,24.08
4/27/2026,16:46:27,23.99
4/27/2026,16:46:28,23.99
4/27/2026,16:46:29,24.57
4/27/2026,16:46:30,23.94
4/27/2026,16:46:31,23.94
4/27/2026,16:46:32,23.94
4/27/2026,16:46:33,23.93
4/27/2026,16:46:34,23.93
4/27/2026,16:46:35,23.4
4/27/2026,16:46:36,23.75
4/27/2026,16:46:37,23.75
4/27/2026,16:46:37,13.59
4/27/2026,16:46:38,13.59
4/27/2026,16:46:39,9.53
4/27/2026,16:46:40,9.53
4/27/2026,16:46:41,9.44
4/27/2026,16:46:42,10.14
4/27/2026,16:46:43,10.14
4/27/2026,16:46:43,9.57
4/27/2026,16:46:44,9.57
4/27/2026,16:46:45,9.51
4/27/2026,16:46:46,9.51
4/27/2026,16:46:47,9.38
4/27/2026,16:46:48,9.63
4/27/2026,16:46:49,9.63
4/27/2026,16:46:50,9.28
4/27/2026,16:46:51,9.1
4/27/2026,16:46:52,9.1
4/27/2026,16:46:53,9.49
4/27/2026,16:46:54,9.42
4/27/2026,16:46:55,9.42
4/27/2026,16:46:56,9.49
4/27/2026,16:46:57,9.15
4/27/2026,16:46:58,9.15
4/27/2026,16:46:59,9.58
4/27/2026,16:47:00,9.49
4/27/2026,16:47:01,9.49
4/27/2026,16:47:02,9.47
4/27/2026,16:47:03,9.54
4/27/2026,16:47:04,9.54
4/27/2026,16:47:05,9.43
4/27/2026,16:47:06,9.28
4/27/2026,16:47:07,9.28
4/27/2026,16:47:08,9.48
4/27/2026,16:47:09,9.73
4/27/2026,16:47:10,9.73
4/27/2026,16:47:11,9.36
4/27/2026,16:47:12,9.12
4/27/2026,16:47:13,9.12
4/27/2026,16:47:14,9.49
4/27/2026,16:47:15,9.17
4/27/2026,16:47:16,9.17
4/27/2026,16:47:17,9.31
4/27/2026,16:47:18,9.6
4/27/2026,16:47:19,9.6
4/27/2026,16:47:20,9.36
4/27/2026,16:47:21,9.36
4/27/2026,16:47:22,9.31
4/27/2026,16:47:23,9.46
4/27/2026,16:47:24,9.46
4/27/2026,16:47:25,9.44
4/27/2026,16:47:26,9.28
4/27/2026,16:47:27,9.28
4/27/2026,16:47:28,9.5
4/27/2026,16:47:29,9.44
4/27/2026,16:47:30,9.44
4/27/2026,16:47:31,9.21
4/27/2026,16:47:32,9.6
4/27/2026,16:47:33,9.6
4/27/2026,16:47:34,9.61
4/27/2026,16:47:35,9.63
4/27/2026,16:47:36,9.63
4/27/2026,16:47:37,15.74
4/27/2026,16:47:37,15.74
4/27/2026,16:47:38,28.87
4/27/2026,16:47:39,28.87
4/27/2026,16:47:40,28.61
4/27/2026,16:47:41,28.6
4/27/2026,16:47:42,28.6
4/27/2026,16:47:43,28.92
4/27/2026,16:47:43,28.92
4/27/2026,16:47:44,28.83
4/27/2026,16:47:45,28.83
4/27/2026,16:47:46,28.67
4/27/2026,16:47:47,28.84
4/27/2026,16:47:48,28.84
4/27/2026,16:47:49,28.96
4/27/2026,16:47:50,28.87
4/27/2026,16:47:51,28.87
4/27/2026,16:47:52,28.79
4/27/2026,16:47:53,29.22
4/27/2026,16:47:55,29.22
4/27/2026,16:47:56,28.89
4/27/2026,16:47:57,29.17
4/27/2026,16:47:58,29.17
4/27/2026,16:47:59,29.14
4/27/2026,16:48:00,29
4/27/2026,16:48:01,29
4/27/2026,16:48:02,29.11
4/27/2026,16:48:03,29.16
4/27/2026,16:48:04,29.16
4/27/2026,16:48:05,29.62
4/27/2026,16:48:06,29.17
4/27/2026,16:48:07,29.17
4/27/2026,16:48:08,29.78
4/27/2026,16:48:09,29.47
4/27/2026,16:48:10,29.47
4/27/2026,16:48:11,29.21
4/27/2026,16:48:12,29.14
4/27/2026,16:48:13,29.14
4/27/2026,16:48:14,29.38
4/27/2026,16:48:15,28.99
4/27/2026,16:48:16,28.99
4/27/2026,16:48:17,29.16
4/27/2026,16:48:18,29.18
4/27/2026,16:48:19,29.18
4/27/2026,16:48:20,29.39
4/27/2026,16:48:21,29.27
4/27/2026,16:48:22,29.27
4/27/2026,16:48:23,29.23
4/27/2026,16:48:24,29.62
4/27/2026,16:48:25,29.62
4/27/2026,16:48:26,29.23
4/27/2026,16:48:27,29.16
4/27/2026,16:48:28,29.16
4/27/2026,16:48:29,29.83
4/27/2026,16:48:30,29.55
4/27/2026,16:48:31,29.55
4/27/2026,16:48:32,29.09
4/27/2026,16:48:33,29.46
4/27/2026,16:48:34,29.46
4/27/2026,16:48:35,29.46
4/27/2026,16:48:36,29.79
4/27/2026,16:48:37,29.79
4/27/2026,16:48:37,14.87
4/27/2026,16:48:38,14.87
4/27/2026,16:48:39,9.6
4/27/2026,16:48:40,9.6
4/27/2026,16:48:41,9.59
4/27/2026,16:48:42,9.86
4/27/2026,16:48:43,9.86
4/27/2026,16:48:43,9.43
4/27/2026,16:48:44,9.43
4/27/2026,16:48:45,9.82
4/27/2026,16:48:46,9.82
4/27/2026,16:48:47,9.31
4/27/2026,16:48:48,9.89
4/27/2026,16:48:49,9.89
4/27/2026,16:48:50,9.27
4/27/2026,16:48:51,9.8
4/27/2026,16:48:52,9.8
4/27/2026,16:48:53,9.37
4/27/2026,16:48:54,9.5
4/27/2026,16:48:55,9.5
4/27/2026,16:48:56,9.16
4/27/2026,16:48:57,9.37
4/27/2026,16:48:58,9.37
4/27/2026,16:48:59,9.1
4/27/2026,16:49:00,9.56
4/27/2026,16:49:01,9.56
4/27/2026,16:49:02,9.23
4/27/2026,16:49:03,9.43
4/27/2026,16:49:04,9.43
4/27/2026,16:49:05,9.52
4/27/2026,16:49:06,9.26
4/27/2026,16:49:07,9.26
4/27/2026,16:49:08,9.9
4/27/2026,16:49:09,10.18
4/27/2026,16:49:10,10.18
4/27/2026,16:49:11,9.32
4/27/2026,16:49:12,9.61
4/27/2026,16:49:13,9.61
4/27/2026,16:49:14,9.56
4/27/2026,16:49:15,9.21
4/27/2026,16:49:16,9.21
4/27/2026,16:49:17,9.4
4/27/2026,16:49:18,9.89
4/27/2026,16:49:19,9.89
4/27/2026,16:49:20,9.51
4/27/2026,16:49:21,9.05
4/27/2026,16:49:22,9.05
4/27/2026,16:49:23,9.67
4/27/2026,16:49:24,9.1
4/27/2026,16:49:25,9.1
4/27/2026,16:49:26,9.4
4/27/2026,16:49:27,9.18
4/27/2026,16:49:28,9.18
4/27/2026,16:49:29,9.55
4/27/2026,16:49:30,9.43
4/27/2026,16:49:31,9.43
4/27/2026,16:49:32,9.33
4/27/2026,16:49:33,9.54
4/27/2026,16:49:34,9.54
4/27/2026,16:49:35,9.28
4/27/2026,16:49:36,9.84
4/27/2026,16:49:37,9.84
4/27/2026,16:49:37,14.57
4/27/2026,16:49:38,14.57
4/27/2026,16:49:39,23.71
4/27/2026,16:49:40,23.71
4/27/2026,16:49:41,23.65
4/27/2026,16:49:42,24.15
4/27/2026,16:49:42,24.15
4/27/2026,16:49:43,24.15
4/27/2026,16:49:44,24.22
4/27/2026,16:49:45,23.9
4/27/2026,16:49:46,23.9
4/27/2026,16:49:47,23.75
4/27/2026,16:49:48,25.01
4/27/2026,16:49:49,25.01
4/27/2026,16:49:50,24.4
4/27/2026,16:49:51,24.17
4/27/2026,16:49:52,24.17
4/27/2026,16:49:53,23.37
4/27/2026,16:49:54,23.83
4/27/2026,16:49:55,23.83
4/27/2026,16:49:56,24.33
4/27/2026,16:49:57,24.6
4/27/2026,16:49:58,24.6
4/27/2026,16:49:59,24.09
4/27/2026,16:50:00,23.63
4/27/2026,16:50:01,23.63
4/27/2026,16:50:02,24.05
4/27/2026,16:50:03,24.56
4/27/2026,16:50:04,24.56
4/27/2026,16:50:05,24.49
4/27/2026,16:50:06,24.12
4/27/2026,16:50:07,24.12
4/27/2026,16:50:08,24.15
4/27/2026,16:50:08,25.43
4/27/2026,16:50:09,25.43
4/27/2026,16:50:10,25.43
4/27/2026,16:50:11,24.59
4/27/2026,16:50:12,24.19
4/27/2026,16:50:13,24.19
4/27/2026,16:50:14,24.23
4/27/2026,16:50:15,24.23
4/27/2026,16:50:16,24.23
4/27/2026,16:50:17,24.52
4/27/2026,16:50:17,24.11
4/27/2026,16:50:18,24.11
4/27/2026,16:50:19,24.11
4/27/2026,16:50:20,24.03
4/27/2026,16:50:21,23.4
4/27/2026,16:50:22,23.4
4/27/2026,16:50:23,24.37
4/27/2026,16:50:24,24.61
4/27/2026,16:50:25,24.61
4/27/2026,16:50:26,23.57
4/27/2026,16:50:27,24.04
4/27/2026,16:50:28,24.04
4/27/2026,16:50:29,24.54
4/27/2026,16:50:30,24.51
4/27/2026,16:50:31,24.51
4/27/2026,16:50:32,24.07
4/27/2026,16:50:33,23.81
4/27/2026,16:50:34,23.81
4/27/2026,16:50:35,23.72
4/27/2026,16:50:36,24.03
4/27/2026,16:50:37,24.03
4/27/2026,16:50:37,14.71
4/27/2026,16:50:38,14.71
4/27/2026,16:50:39,10.11
4/27/2026,16:50:40,10.11
4/27/2026,16:50:41,10
4/27/2026,16:50:42,9.28
4/27/2026,16:50:42,9.28
4/27/2026,16:50:43,9.28
4/27/2026,16:50:44,10
4/27/2026,16:50:45,9.43
4/27/2026,16:50:46,9.43
4/27/2026,16:50:47,9.52
4/27/2026,16:50:48,9.54
4/27/2026,16:50:49,9.54
4/27/2026,16:50:50,9.21
4/27/2026,16:50:51,9.29
4/27/2026,16:50:52,9.29
4/27/2026,16:50:53,9.65
4/27/2026,16:50:54,9.3
4/27/2026,16:50:55,9.23
4/27/2026,16:50:56,9.22
4/27/2026,16:50:57,9.22
4/27/2026,16:50:58,9.63
4/27/2026,16:50:59,9.3
4/27/2026,16:51:00,9.3
4/27/2026,16:51:01,9.26
4/27/2026,16:51:02,9.67
4/27/2026,16:51:03,9.67
4/27/2026,16:51:04,9.58
4/27/2026,16:51:05,9.26
4/27/2026,16:51:06,9.26
4/27/2026,16:51:07,9.66
4/27/2026,16:51:08,10.19
4/27/2026,16:51:09,10.19
4/27/2026,16:51:10,10.24
4/27/2026,16:51:11,9.69
4/27/2026,16:51:12,9.69
4/27/2026,16:51:13,9.35
4/27/2026,16:51:14,9.4
4/27/2026,16:51:15,9.4
4/27/2026,16:51:16,9.39
4/27/2026,16:51:17,9.63
4/27/2026,16:51:18,9.63
4/27/2026,16:51:19,9.43
4/27/2026,16:51:20,9.4
4/27/2026,16:51:21,9.4
4/27/2026,16:51:22,9.38
4/27/2026,16:51:23,9.52
4/27/2026,16:51:24,9.52
4/27/2026,16:51:25,9.18
4/27/2026,16:51:26,9.12
4/27/2026,16:51:27,9.12
4/27/2026,16:51:28,9.68
4/27/2026,16:51:30,9.19
4/27/2026,16:51:31,9.19
4/27/2026,16:51:32,9.64
4/27/2026,16:51:33,9.46
4/27/2026,16:51:34,9.46
4/27/2026,16:51:35,9.4
4/27/2026,16:51:36,9.47
4/27/2026,16:51:37,9.47
4/27/2026,16:51:37,16.07
4/27/2026,16:51:38,16.07
4/27/2026,16:51:39,33.07
4/27/2026,16:51:40,33.07
4/27/2026,16:51:41,33.28
4/27/2026,16:51:42,33.55
4/27/2026,16:51:43,33.55
4/27/2026,16:51:43,33.74
4/27/2026,16:51:44,33.74
4/27/2026,16:51:45,33.32
4/27/2026,16:51:46,33.32
4/27/2026,16:51:47,33.41
4/27/2026,16:51:48,33.89
4/27/2026,16:51:49,33.89
4/27/2026,16:51:50,33.26
4/27/2026,16:51:51,32.66
4/27/2026,16:51:52,32.66
4/27/2026,16:51:52,31.98
4/27/2026,16:51:53,31.98
4/27/2026,16:51:54,32.73
4/27/2026,16:51:55,32.73
4/27/2026,16:51:56,33.6
4/27/2026,16:51:57,33.72
4/27/2026,16:51:58,33.72
4/27/2026,16:51:58,33.94
4/27/2026,16:51:59,33.94
4/27/2026,16:52:00,33.96
4/27/2026,16:52:01,33.96
4/27/2026,16:52:02,33.8
4/27/2026,16:52:03,33.71
4/27/2026,16:52:04,33.71
4/27/2026,16:52:05,34.25
4/27/2026,16:52:06,34.23
4/27/2026,16:52:07,34.23
4/27/2026,16:52:08,34.21
4/27/2026,16:52:09,34.61
4/27/2026,16:52:10,34.61
4/27/2026,16:52:11,33.9
4/27/2026,16:52:12,34.17
4/27/2026,16:52:13,34.17
4/27/2026,16:52:14,34.28
4/27/2026,16:52:15,34.38
4/27/2026,16:52:16,34.38
4/27/2026,16:52:17,34.01
4/27/2026,16:52:18,34.05
4/27/2026,16:52:19,34.05
4/27/2026,16:52:20,34.15
4/27/2026,16:52:21,33.77
4/27/2026,16:52:22,33.77
4/27/2026,16:52:23,34
4/27/2026,16:52:24,34.47
4/27/2026,16:52:25,34.47
4/27/2026,16:52:26,34
4/27/2026,16:52:27,34.12
4/27/2026,16:52:28,34.12
4/27/2026,16:52:29,34.11
4/27/2026,16:52:30,34.76
4/27/2026,16:52:31,34.76
4/27/2026,16:52:32,34.05
4/27/2026,16:52:33,34.23
4/27/2026,16:52:34,34.23
4/27/2026,16:52:35,34.33
4/27/2026,16:52:36,34.52
4/27/2026,16:52:37,34.52
4/27/2026,16:52:37,18
4/27/2026,16:52:38,18
4/27/2026,16:52:39,9.77
4/27/2026,16:52:40,9.77
4/27/2026,16:52:41,9.34
4/27/2026,16:52:42,9.69
4/27/2026,16:52:42,9.69
4/27/2026,16:52:43,9.69
4/27/2026,16:52:44,9.7
4/27/2026,16:52:45,10.08
4/27/2026,16:52:46,10.08
4/27/2026,16:52:47,9.44
4/27/2026,16:52:48,9.91
4/27/2026,16:52:49,9.91
4/27/2026,16:52:50,9.42
4/27/2026,16:52:51,9.41
4/27/2026,16:52:52,9.41
4/27/2026,16:52:53,9.71
4/27/2026,16:52:54,9.28
4/27/2026,16:52:55,9.28
4/27/2026,16:52:56,9.44
4/27/2026,16:52:57,9.24
4/27/2026,16:52:58,9.24
4/27/2026,16:52:59,9.48
4/27/2026,16:53:00,9.14
4/27/2026,16:53:01,9.14
4/27/2026,16:53:02,9.13
4/27/2026,16:53:03,9.33
4/27/2026,16:53:04,9.33
4/27/2026,16:53:05,9.36
4/27/2026,16:53:06,9.55
4/27/2026,16:53:07,9.55
4/27/2026,16:53:08,9.65
4/27/2026,16:53:09,9.87
4/27/2026,16:53:10,9.87
4/27/2026,16:53:11,9.31
4/27/2026,16:53:12,9.42
4/27/2026,16:53:13,9.42
4/27/2026,16:53:14,9.46
4/27/2026,16:53:15,9.39
4/27/2026,16:53:16,9.39
4/27/2026,16:53:17,9.87
4/27/2026,16:53:18,9.74
4/27/2026,16:53:19,9.74
4/27/2026,16:53:20,9.3
4/27/2026,16:53:21,9.44
4/27/2026,16:53:22,9.44
4/27/2026,16:53:23,9.54
4/27/2026,16:53:24,9.36
4/27/2026,16:53:25,9.36
4/27/2026,16:53:26,9.31
4/27/2026,16:53:27,9.32
4/27/2026,16:53:28,9.32
4/27/2026,16:53:29,9.51
4/27/2026,16:53:30,9.17
4/27/2026,16:53:31,9.17
4/27/2026,16:53:32,9.45
4/27/2026,16:53:33,9.63
4/27/2026,16:53:34,9.63
4/27/2026,16:53:35,9.46
4/27/2026,16:53:36,9.52
4/27/2026,16:53:37,9.52
4/27/2026,16:53:37,12.68
4/27/2026,16:53:38,12.68
4/27/2026,16:53:39,18.31
4/27/2026,16:53:40,18.31
4/27/2026,16:53:41,18.32
4/27/2026,16:53:42,17.88
4/27/2026,16:53:42,17.88
4/27/2026,16:53:43,17.88
4/27/2026,16:53:44,18.36
4/27/2026,16:53:45,17.83
4/27/2026,16:53:46,17.83
4/27/2026,16:53:47,17.99
4/27/2026,16:53:48,18.65
4/27/2026,16:53:49,18.65
4/27/2026,16:53:50,18.21
4/27/2026,16:53:51,17.84
4/27/2026,16:53:52,17.84
4/27/2026,16:53:53,18.46
4/27/2026,16:53:54,18.1
4/27/2026,16:53:55,18.1
4/27/2026,16:53:56,18.06
4/27/2026,16:53:57,17.98
4/27/2026,16:53:58,17.98
4/27/2026,16:53:59,18.38
4/27/2026,16:54:00,17.87
4/27/2026,16:54:01,17.87
4/27/2026,16:54:02,18.25
4/27/2026,16:54:03,18.03
4/27/2026,16:54:04,18.03
4/27/2026,16:54:05,18.26
4/27/2026,16:54:06,17.94
4/27/2026,16:54:07,17.94
4/27/2026,16:54:08,18.41
4/27/2026,16:54:09,18.2
4/27/2026,16:54:10,18.2
4/27/2026,16:54:11,18.42
4/27/2026,16:54:12,18.03
4/27/2026,16:54:13,18.03
4/27/2026,16:54:14,18.57
4/27/2026,16:54:15,18.03
4/27/2026,16:54:16,18.03
4/27/2026,16:54:17,18.29
4/27/2026,16:54:18,18.32
4/27/2026,16:54:19,18.32
4/27/2026,16:54:20,18.59
4/27/2026,16:54:21,17.86
4/27/2026,16:54:22,17.86
4/27/2026,16:54:23,18.46
4/27/2026,16:54:24,18.02
4/27/2026,16:54:25,18.02
4/27/2026,16:54:26,18.13
4/27/2026,16:54:27,17.94
4/27/2026,16:54:28,17.94
4/27/2026,16:54:29,18.53
4/27/2026,16:54:30,18.01
4/27/2026,16:54:31,18.17
4/27/2026,16:54:32,18.06
4/27/2026,16:54:33,18.06
4/27/2026,16:54:34,18.12
4/27/2026,16:54:35,18.33
4/27/2026,16:54:36,18.33
4/27/2026,16:54:37,14.59
4/27/2026,16:54:37,14.59
4/27/2026,16:54:38,9.47
4/27/2026,16:54:39,9.47
4/27/2026,16:54:40,9.35
4/27/2026,16:54:41,9.57
4/27/2026,16:54:42,9.57
4/27/2026,16:54:43,9.47
4/27/2026,16:54:43,9.47
4/27/2026,16:54:44,9.55
4/27/2026,16:54:45,9.55
4/27/2026,16:54:46,9.06
4/27/2026,16:54:47,9.68
4/27/2026,16:54:48,9.68
4/27/2026,16:54:49,9.65
4/27/2026,16:54:50,9.61
4/27/2026,16:54:51,9.61
4/27/2026,16:54:52,9.42
4/27/2026,16:54:53,9.67
4/27/2026,16:54:54,9.67
4/27/2026,16:54:55,9.16
4/27/2026,16:54:56,9.37
4/27/2026,16:54:57,9.37
4/27/2026,16:54:58,9.59
4/27/2026,16:54:59,9.45
4/27/2026,16:55:00,9.45
4/27/2026,16:55:01,9.33
4/27/2026,16:55:02,12.19
4/27/2026,16:55:02,12.19
4/27/2026,16:55:03,12.19
4/27/2026,16:55:05,10.5
4/27/2026,16:55:06,9.34
4/27/2026,16:55:07,9.34
4/27/2026,16:55:07,9.36
4/27/2026,16:55:08,9.36
4/27/2026,16:55:09,10.44
4/27/2026,16:55:10,10.44
4/27/2026,16:55:11,9.35
4/27/2026,16:55:12,9.45
4/27/2026,16:55:13,9.45
4/27/2026,16:55:14,9.83
4/27/2026,16:55:15,9.24
4/27/2026,16:55:16,9.24
4/27/2026,16:55:17,9.29
4/27/2026,16:55:18,10.16
4/27/2026,16:55:19,10.16
4/27/2026,16:55:20,9.37
4/27/2026,16:55:21,9.58
4/27/2026,16:55:22,9.58
4/27/2026,16:55:23,9.43
4/27/2026,16:55:24,10.1
4/27/2026,16:55:25,10.1
4/27/2026,16:55:26,9.16
4/27/2026,16:55:27,9.47
4/27/2026,16:55:28,9.47
4/27/2026,16:55:29,9.29
4/27/2026,16:55:30,9.33
4/27/2026,16:55:31,9.33
4/27/2026,16:55:32,9.09
4/27/2026,16:55:33,9.46
4/27/2026,16:55:34,9.46
4/27/2026,16:55:35,9.3
4/27/2026,16:55:36,9.49
4/27/2026,16:55:37,9.49
4/27/2026,16:55:37,13.1
4/27/2026,16:55:38,13.1
4/27/2026,16:55:39,25.15
4/27/2026,16:55:40,25.15
4/27/2026,16:55:41,25.08
4/27/2026,16:55:42,25.46
4/27/2026,16:55:42,25.46
4/27/2026,16:55:43,25.46
4/27/2026,16:55:44,25.34
4/27/2026,16:55:45,24.7
4/27/2026,16:55:46,24.7
4/27/2026,16:55:47,24.57
4/27/2026,16:55:48,25.99
4/27/2026,16:55:49,25.99
4/27/2026,16:55:50,26.06
4/27/2026,16:55:51,25.17
4/27/2026,16:55:52,25.17
4/27/2026,16:55:53,25.13
4/27/2026,16:55:54,25.09
4/27/2026,16:55:55,25.09
4/27/2026,16:55:56,25.18
4/27/2026,16:55:57,25.27
4/27/2026,16:55:58,25.27
4/27/2026,16:55:59,25.12
4/27/2026,16:56:00,24.95
4/27/2026,16:56:01,24.95
4/27/2026,16:56:02,24.82
4/27/2026,16:56:03,25.49
4/27/2026,16:56:04,25.49
4/27/2026,16:56:05,25.62
4/27/2026,16:56:06,25.4
4/27/2026,16:56:07,25.4
4/27/2026,16:56:08,25.22
4/27/2026,16:56:09,25.53
4/27/2026,16:56:10,25.53
4/27/2026,16:56:11,24.96
4/27/2026,16:56:12,25.14
4/27/2026,16:56:13,25.14
4/27/2026,16:56:14,25.15
4/27/2026,16:56:15,25.34
4/27/2026,16:56:16,25.34
4/27/2026,16:56:17,25.8
4/27/2026,16:56:18,25.7
4/27/2026,16:56:19,25.7
4/27/2026,16:56:20,25.91
4/27/2026,16:56:21,25.7
4/27/2026,16:56:22,25.7
4/27/2026,16:56:23,25.81
4/27/2026,16:56:24,26.15
4/27/2026,16:56:25,26.15
4/27/2026,16:56:26,25.33
4/27/2026,16:56:27,25.25
4/27/2026,16:56:28,25.25
4/27/2026,16:56:29,25.38
4/27/2026,16:56:30,25.45
4/27/2026,16:56:31,25.45
4/27/2026,16:56:32,25.65
4/27/2026,16:56:33,25.22
4/27/2026,16:56:34,25.22
4/27/2026,16:56:35,25.33
4/27/2026,16:56:36,25.56
4/27/2026,16:56:37,25.56
4/27/2026,16:56:37,16.39
4/27/2026,16:56:38,16.39
4/27/2026,16:56:39,9.73
4/27/2026,16:56:40,9.73
4/27/2026,16:56:41,9.61
4/27/2026,16:56:42,9.46
4/27/2026,16:56:42,9.46
4/27/2026,16:56:43,9.46
4/27/2026,16:56:44,9.79
4/27/2026,16:56:45,9.37
4/27/2026,16:56:46,9.37
4/27/2026,16:56:47,9.41
4/27/2026,16:56:48,9.75
4/27/2026,16:56:49,9.75
4/27/2026,16:56:50,9.72
4/27/2026,16:56:51,9.33
4/27/2026,16:56:52,9.33
4/27/2026,16:56:53,9.49
4/27/2026,16:56:54,9.77
4/27/2026,16:56:55,9.77
4/27/2026,16:56:56,9.36
4/27/2026,16:56:57,9.39
4/27/2026,16:56:58,9.39
4/27/2026,16:56:59,9.57
4/27/2026,16:57:00,9.5
4/27/2026,16:57:01,9.5
4/27/2026,16:57:02,9.45
4/27/2026,16:57:03,9.71
4/27/2026,16:57:04,9.71
4/27/2026,16:57:05,9.43
4/27/2026,16:57:06,9.25
4/27/2026,16:57:07,9.25
4/27/2026,16:57:08,9.44
4/27/2026,16:57:09,9.78
4/27/2026,16:57:10,9.78
4/27/2026,16:57:11,9.42
4/27/2026,16:57:12,9.47
4/27/2026,16:57:13,9.47
4/27/2026,16:57:14,9.92
4/27/2026,16:57:15,9.37
4/27/2026,16:57:16,9.37
4/27/2026,16:57:17,9.47
4/27/2026,16:57:18,9.51
4/27/2026,16:57:19,9.51
4/27/2026,16:57:20,9.31
4/27/2026,16:57:21,9.1
4/27/2026,16:57:22,9.1
4/27/2026,16:57:23,9.57
4/27/2026,16:57:24,9.13
4/27/2026,16:57:25,9.13
4/27/2026,16:57:26,9.57
4/27/2026,16:57:27,9.34
4/27/2026,16:57:28,9.34
4/27/2026,16:57:29,9.68
4/27/2026,16:57:30,9.14
4/27/2026,16:57:31,9.14
4/27/2026,16:57:32,9.22
4/27/2026,16:57:33,9.45
4/27/2026,16:57:34,9.45
4/27/2026,16:57:35,9.39
4/27/2026,16:57:36,9.56
4/27/2026,16:57:37,9.56
4/27/2026,16:57:37,13.37
4/27/2026,16:57:38,13.37
4/27/2026,16:57:39,27.42
4/27/2026,16:57:40,27.42
4/27/2026,16:57:41,27.86
4/27/2026,16:57:42,27.57
4/27/2026,16:57:42,27.57
4/27/2026,16:57:43,27.57
4/27/2026,16:57:44,28.19
4/27/2026,16:57:45,27.65
4/27/2026,16:57:46,27.65
4/27/2026,16:57:47,27.93
4/27/2026,16:57:48,28.55
4/27/2026,16:57:49,28.55
4/27/2026,16:57:50,28.15
4/27/2026,16:57:51,27.78
4/27/2026,16:57:52,27.78
4/27/2026,16:57:53,28.12
4/27/2026,16:57:54,27.91
4/27/2026,16:57:55,27.91
4/27/2026,16:57:56,27.9
4/27/2026,16:57:57,28.16
4/27/2026,16:57:58,28.16
4/27/2026,16:57:59,28.43
4/27/2026,16:58:00,27.82
4/27/2026,16:58:01,27.82
4/27/2026,16:58:02,27.54
4/27/2026,16:58:03,28.21
4/27/2026,16:58:04,28.21
4/27/2026,16:58:05,27.98
4/27/2026,16:58:06,27.98
4/27/2026,16:58:07,28.45
4/27/2026,16:58:08,27.3
4/27/2026,16:58:09,27.3
4/27/2026,16:58:10,28.49
4/27/2026,16:58:11,28.82
4/27/2026,16:58:12,28.82
4/27/2026,16:58:13,28.43
4/27/2026,16:58:14,28.21
4/27/2026,16:58:15,28.21
4/27/2026,16:58:16,28.19
4/27/2026,16:58:17,28.39
4/27/2026,16:58:18,28.39
4/27/2026,16:58:19,28.22
4/27/2026,16:58:20,28.87
4/27/2026,16:58:21,28.87
4/27/2026,16:58:22,28.28
4/27/2026,16:58:23,28.5
4/27/2026,16:58:24,28.5
4/27/2026,16:58:25,28.47
4/27/2026,16:58:26,28.29
4/27/2026,16:58:27,28.29
4/27/2026,16:58:28,28.49
4/27/2026,16:58:29,28.83
4/27/2026,16:58:30,28.83
4/27/2026,16:58:31,28.38
4/27/2026,16:58:32,28.05
4/27/2026,16:58:33,28.05
4/27/2026,16:58:34,28.27
4/27/2026,16:58:35,28.7
4/27/2026,16:58:36,28.7
4/27/2026,16:58:37,17.33
4/27/2026,16:58:37,17.33
4/27/2026,16:58:38,9.81
4/27/2026,16:58:40,9.81
4/27/2026,16:58:41,9.69
4/27/2026,16:58:42,9.99
4/27/2026,16:58:43,9.99
4/27/2026,16:58:43,9.76
4/27/2026,16:58:44,9.76
4/27/2026,16:58:45,9.82
4/27/2026,16:58:46,9.82
4/27/2026,16:58:47,9.49
4/27/2026,16:58:48,9.76
4/27/2026,16:58:49,9.76
4/27/2026,16:58:50,9.43
4/27/2026,16:58:51,9.31
4/27/2026,16:58:52,9.31
4/27/2026,16:58:53,9.84
4/27/2026,16:58:54,9.27
4/27/2026,16:58:55,9.27
4/27/2026,16:58:56,9.61
4/27/2026,16:58:57,9.65
4/27/2026,16:58:58,9.65
4/27/2026,16:58:59,9.54
4/27/2026,16:59:00,9.49
4/27/2026,16:59:01,9.49
4/27/2026,16:59:02,9.57
4/27/2026,16:59:03,9.76
4/27/2026,16:59:04,9.76
4/27/2026,16:59:05,9.31
4/27/2026,16:59:06,9.73
4/27/2026,16:59:07,9.73
4/27/2026,16:59:08,9.13
4/27/2026,16:59:09,10.02
4/27/2026,16:59:10,10.02
4/27/2026,16:59:11,9.05
4/27/2026,16:59:12,9.6
4/27/2026,16:59:13,9.6
4/27/2026,16:59:14,9.4
4/27/2026,16:59:15,9.4
4/27/2026,16:59:16,9.4
4/27/2026,16:59:17,9.7
4/27/2026,16:59:18,10.52
4/27/2026,16:59:19,10.52
4/27/2026,16:59:20,9.14
4/27/2026,16:59:21,9.32
4/27/2026,16:59:22,9.32
4/27/2026,16:59:23,9.14
4/27/2026,16:59:24,10.15
4/27/2026,16:59:25,10.15
4/27/2026,16:59:26,9.02
4/27/2026,16:59:27,9.23
4/27/2026,16:59:28,9.23
4/27/2026,16:59:29,9.75
4/27/2026,16:59:30,9.5
4/27/2026,16:59:31,9.5
4/27/2026,16:59:32,9.24
4/27/2026,16:59:33,9.8
4/27/2026,16:59:34,9.8
4/27/2026,16:59:35,9.47
4/27/2026,16:59:36,9.58
4/27/2026,16:59:37,9.58
4/27/2026,16:59:37,13.79
4/27/2026,16:59:38,13.79
4/27/2026,16:59:39,38.13
4/27/2026,16:59:40,38.13
4/27/2026,16:59:41,38.36
4/27/2026,16:59:42,38.44
4/27/2026,16:59:43,38.44
4/27/2026,16:59:43,38.82
4/27/2026,16:59:44,38.82
4/27/2026,16:59:45,38.52
4/27/2026,16:59:46,38.52
4/27/2026,16:59:47,38.58
4/27/2026,16:59:48,39.04
4/27/2026,16:59:49,39.04
4/27/2026,16:59:50,38.56
4/27/2026,16:59:51,38.64
4/27/2026,16:59:52,38.64
4/27/2026,16:59:53,38.99
4/27/2026,16:59:54,39.02
4/27/2026,16:59:55,39.02
4/27/2026,16:59:56,38.81
4/27/2026,16:59:57,38.86
4/27/2026,16:59:58,38.86
4/27/2026,16:59:59,39.19
4/27/2026,17:00:00,38.9
4/27/2026,17:00:01,38.9
4/27/2026,17:00:02,39.71
4/27/2026,17:00:03,39.14
4/27/2026,17:00:04,39.14
4/27/2026,17:00:05,39.77
4/27/2026,17:00:06,39.35
4/27/2026,17:00:07,39.35
4/27/2026,17:00:08,39.33
4/27/2026,17:00:09,39.4
4/27/2026,17:00:10,39.4
4/27/2026,17:00:11,39.26
4/27/2026,17:00:12,39.47
4/27/2026,17:00:13,39.47
4/27/2026,17:00:14,39.23
4/27/2026,17:00:15,39.25
4/27/2026,17:00:16,39.25
4/27/2026,17:00:17,39.59
4/27/2026,17:00:18,39.24
4/27/2026,17:00:19,39.24
4/27/2026,17:00:20,39.26
4/27/2026,17:00:21,39.42
4/27/2026,17:00:22,39.42
4/27/2026,17:00:23,39.54
4/27/2026,17:00:24,39.47
4/27/2026,17:00:25,39.47
4/27/2026,17:00:26,39.68
4/27/2026,17:00:27,39.66
4/27/2026,17:00:28,39.66
4/27/2026,17:00:29,39.23
4/27/2026,17:00:30,39.49
4/27/2026,17:00:31,39.49
4/27/2026,17:00:32,39.63
4/27/2026,17:00:33,39.69
4/27/2026,17:00:34,39.69
4/27/2026,17:00:35,39.39
4/27/2026,17:00:36,39.81
4/27/2026,17:00:37,39.81
4/27/2026,17:00:37,21.22
4/27/2026,17:00:38,21.22
4/27/2026,17:00:39,10.06
4/27/2026,17:00:40,10.06
4/27/2026,17:00:41,9.72
4/27/2026,17:00:42,9.63
4/27/2026,17:00:42,9.63
4/27/2026,17:00:43,9.63
4/27/2026,17:00:44,9.87
4/27/2026,17:00:45,9.85
4/27/2026,17:00:46,9.85
4/27/2026,17:00:47,9.8
4/27/2026,17:00:48,9.85
4/27/2026,17:00:49,9.85
4/27/2026,17:00:50,9.62
4/27/2026,17:00:51,9.47
4/27/2026,17:00:52,9.47
4/27/2026,17:00:53,10.12
4/27/2026,17:00:54,9.41
4/27/2026,17:00:55,9.41
4/27/2026,17:00:56,9.63
4/27/2026,17:00:57,9.47
4/27/2026,17:00:58,9.47
4/27/2026,17:00:59,9.78
4/27/2026,17:01:00,9.23
4/27/2026,17:01:01,9.23
4/27/2026,17:01:02,9.39
4/27/2026,17:01:03,9.48
4/27/2026,17:01:04,9.48
4/27/2026,17:01:05,9.74
4/27/2026,17:01:06,9.11
4/27/2026,17:01:07,9.11
4/27/2026,17:01:08,10.01
4/27/2026,17:01:09,9.74
4/27/2026,17:01:10,9.74
4/27/2026,17:01:11,9.36
4/27/2026,17:01:12,9.31
4/27/2026,17:01:13,9.31
4/27/2026,17:01:14,9.73
4/27/2026,17:01:15,9.59
4/27/2026,17:01:16,9.59
4/27/2026,17:01:17,9.44
4/27/2026,17:01:18,9.46
4/27/2026,17:01:19,9.46
4/27/2026,17:01:20,9.27
4/27/2026,17:01:21,9.28
4/27/2026,17:01:22,9.28
4/27/2026,17:01:23,9.53
4/27/2026,17:01:24,9.33
4/27/2026,17:01:25,9.33
4/27/2026,17:01:26,9.28
4/27/2026,17:01:27,9.39
4/27/2026,17:01:28,9.39
4/27/2026,17:01:29,9.91
4/27/2026,17:01:30,9.45
4/27/2026,17:01:31,9.45
4/27/2026,17:01:32,9.29
4/27/2026,17:01:33,9.63
4/27/2026,17:01:34,9.63
4/27/2026,17:01:35,9.59
4/27/2026,17:01:36,9.64
4/27/2026,17:01:37,9.64
4/27/2026,17:01:37,12.65
4/27/2026,17:01:38,12.65
4/27/2026,17:01:39,29.53
4/27/2026,17:01:40,29.05
4/27/2026,17:01:41,29.09
4/27/2026,17:01:42,29.09
4/27/2026,17:01:42,29.09
4/27/2026,17:01:43,29.76
4/27/2026,17:01:44,29.28
4/27/2026,17:01:45,29.28
4/27/2026,17:01:46,29.25
4/27/2026,17:01:47,29.82
4/27/2026,17:01:48,29.82
4/27/2026,17:01:49,29.35
4/27/2026,17:01:50,29.12
4/27/2026,17:01:51,29.12
4/27/2026,17:01:52,29.52
4/27/2026,17:01:53,29.28
4/27/2026,17:01:54,29.28
4/27/2026,17:01:55,29.34
4/27/2026,17:01:56,29.33
4/27/2026,17:01:57,29.33
4/27/2026,17:01:58,29.76
4/27/2026,17:01:59,29.79
4/27/2026,17:02:00,29.79
4/27/2026,17:02:01,29.66
4/27/2026,17:02:02,29.75
4/27/2026,17:02:03,29.75
4/27/2026,17:02:04,29.87
4/27/2026,17:02:05,29.88
4/27/2026,17:02:06,29.88
4/27/2026,17:02:07,29.85
4/27/2026,17:02:08,29.89
4/27/2026,17:02:09,29.89
4/27/2026,17:02:10,29.91
4/27/2026,17:02:11,29.74
4/27/2026,17:02:13,29.74
4/27/2026,17:02:13,29.98
4/27/2026,17:02:14,29.64
4/27/2026,17:02:16,29.64
4/27/2026,17:02:17,29.62
4/27/2026,17:02:18,30.03
4/27/2026,17:02:19,30.03
4/27/2026,17:02:20,30
4/27/2026,17:02:21,29.7
4/27/2026,17:02:22,29.7
4/27/2026,17:02:23,29.74
4/27/2026,17:02:24,29.97
4/27/2026,17:02:25,29.97
4/27/2026,17:02:26,29.79
4/27/2026,17:02:27,29.8
4/27/2026,17:02:28,29.8
4/27/2026,17:02:29,30.2
4/27/2026,17:02:30,29.92
4/27/2026,17:02:31,29.92
4/27/2026,17:02:32,29.93
4/27/2026,17:02:33,30.04
4/27/2026,17:02:34,30.04
4/27/2026,17:02:35,29.81
4/27/2026,17:02:36,30.01
4/27/2026,17:02:37,30.01
4/27/2026,17:02:37,20.14
4/27/2026,17:02:38,20.14
4/27/2026,17:02:39,9.86
4/27/2026,17:02:40,9.86
4/27/2026,17:02:41,9.67
4/27/2026,17:02:42,10.09
4/27/2026,17:02:43,10.09
4/27/2026,17:02:43,9.63
4/27/2026,17:02:44,9.63
4/27/2026,17:02:45,9.75
4/27/2026,17:02:46,9.75
4/27/2026,17:02:47,9.15
4/27/2026,17:02:48,9.78
4/27/2026,17:02:49,9.78
4/27/2026,17:02:50,9.16
4/27/2026,17:02:51,9.38
4/27/2026,17:02:52,9.38
4/27/2026,17:02:53,9.22
4/27/2026,17:02:54,10.09
4/27/2026,17:02:55,10.09
4/27/2026,17:02:56,9.17
4/27/2026,17:02:57,9.34
4/27/2026,17:02:58,9.34
4/27/2026,17:02:59,9.47
4/27/2026,17:03:00,9.32
4/27/2026,17:03:01,9.32
4/27/2026,17:03:02,9.52
4/27/2026,17:03:03,9.59
4/27/2026,17:03:04,9.59
4/27/2026,17:03:05,9.26
4/27/2026,17:03:06,9.38
4/27/2026,17:03:07,9.38
4/27/2026,17:03:08,9.38
4/27/2026,17:03:09,9.8
4/27/2026,17:03:10,9.8
4/27/2026,17:03:11,9.36
4/27/2026,17:03:12,9.44
4/27/2026,17:03:13,9.44
4/27/2026,17:03:14,9.84
4/27/2026,17:03:15,9.31
4/27/2026,17:03:16,9.31
4/27/2026,17:03:17,9.48
4/27/2026,17:03:18,9.5
4/27/2026,17:03:19,9.5
4/27/2026,17:03:20,9.5
4/27/2026,17:03:21,9.25
4/27/2026,17:03:22,9.25
4/27/2026,17:03:23,9.27
4/27/2026,17:03:24,9.5
4/27/2026,17:03:25,9.5
4/27/2026,17:03:26,9.31
4/27/2026,17:03:27,9.43
4/27/2026,17:03:28,9.43
4/27/2026,17:03:29,9.68
4/27/2026,17:03:30,9.51
4/27/2026,17:03:31,9.51
4/27/2026,17:03:32,9.31
4/27/2026,17:03:33,10.28
4/27/2026,17:03:34,10.28
4/27/2026,17:03:35,9.32
4/27/2026,17:03:36,9.63
4/27/2026,17:03:37,9.63
4/27/2026,17:03:38,9.89
4/27/2026,17:03:38,11.57
4/27/2026,17:03:39,11.57
4/27/2026,17:03:40,11.57
4/27/2026,17:03:41,11.09
4/27/2026,17:03:42,11.01
4/27/2026,17:03:43,11.01
4/27/2026,17:03:44,11.1
4/27/2026,17:03:45,11.32
4/27/2026,17:03:46,11.32
4/27/2026,17:03:47,10.92
4/27/2026,17:03:48,11.24
4/27/2026,17:03:49,11.24
4/27/2026,17:03:50,11.11
4/27/2026,17:03:51,10.74
4/27/2026,17:03:52,10.74
4/27/2026,17:03:53,11.05
4/27/2026,17:03:54,11.04
4/27/2026,17:03:55,11.04
4/27/2026,17:03:56,10.88
4/27/2026,17:03:57,10.71
4/27/2026,17:03:58,10.71
4/27/2026,17:03:59,11.04
4/27/2026,17:04:00,10.91
4/27/2026,17:04:01,10.91
4/27/2026,17:04:02,10.95
4/27/2026,17:04:03,10.64
4/27/2026,17:04:04,10.64
4/27/2026,17:04:05,11.65
4/27/2026,17:04:06,10.79
4/27/2026,17:04:07,10.79
4/27/2026,17:04:08,11.19
4/27/2026,17:04:09,12.19
4/27/2026,17:04:10,12.19
4/27/2026,17:04:11,11.38
4/27/2026,17:04:12,10.95
4/27/2026,17:04:13,10.95
4/27/2026,17:04:14,11.43
4/27/2026,17:04:15,10.73
4/27/2026,17:04:16,10.73
4/27/2026,17:04:17,11.41
4/27/2026,17:04:18,10.68
4/27/2026,17:04:19,10.68
4/27/2026,17:04:20,11.23
4/27/2026,17:04:21,10.9
4/27/2026,17:04:22,10.9
4/27/2026,17:04:23,10.92
4/27/2026,17:04:24,10.92
4/27/2026,17:04:25,10.92
4/27/2026,17:04:26,11.31
4/27/2026,17:04:27,10.79
4/27/2026,17:04:28,10.79
4/27/2026,17:04:29,11.09
4/27/2026,17:04:30,10.64
4/27/2026,17:04:31,10.64
4/27/2026,17:04:32,11.12
4/27/2026,17:04:33,10.8
4/27/2026,17:04:34,10.8
4/27/2026,17:04:35,11.07
4/27/2026,17:04:36,11.34
4/27/2026,17:04:37,11.34
4/27/2026,17:04:38,11.25
4/27/2026,17:04:38,9.2
4/27/2026,17:04:39,9.2
4/27/2026,17:04:40,9.2
4/27/2026,17:04:41,9.61
4/27/2026,17:04:42,9.65
4/27/2026,17:04:43,9.65
4/27/2026,17:04:44,9.39
4/27/2026,17:04:45,9.39
4/27/2026,17:04:46,9.39
4/27/2026,17:04:47,9.36
4/27/2026,17:04:48,9.68
4/27/2026,17:04:49,9.68
4/27/2026,17:04:50,9.41
4/27/2026,17:04:51,9.28
4/27/2026,17:04:52,9.28
4/27/2026,17:04:53,9.53
4/27/2026,17:04:54,9.28
4/27/2026,17:04:55,9.28
4/27/2026,17:04:56,9.35
4/27/2026,17:04:57,9.15
4/27/2026,17:04:58,9.15
4/27/2026,17:04:59,9.68
4/27/2026,17:05:00,9.17
4/27/2026,17:05:01,9.17
4/27/2026,17:05:02,9.53
4/27/2026,17:05:03,9.63
4/27/2026,17:05:04,9.63
4/27/2026,17:05:05,9.78
4/27/2026,17:05:06,9.14
4/27/2026,17:05:07,9.14
4/27/2026,17:05:08,9.65
4/27/2026,17:05:09,9.44
4/27/2026,17:05:10,9.44
4/27/2026,17:05:11,9.3
4/27/2026,17:05:12,9.26
4/27/2026,17:05:13,9.26
4/27/2026,17:05:14,9.7
4/27/2026,17:05:15,9.23
4/27/2026,17:05:16,9.35
4/27/2026,17:05:17,9.16
4/27/2026,17:05:18,9.16
4/27/2026,17:05:19,9.85
4/27/2026,17:05:20,9.29
4/27/2026,17:05:21,9.29
4/27/2026,17:05:22,9.22
4/27/2026,17:05:23,9.58
4/27/2026,17:05:24,9.58
4/27/2026,17:05:25,9.27
4/27/2026,17:05:26,9.45
4/27/2026,17:05:27,9.45
4/27/2026,17:05:28,8.17
4/27/2026,17:05:28,8.17
4/27/2026,17:05:29,9.85
4/27/2026,17:05:30,9.85
4/27/2026,17:05:31,9.18
4/27/2026,17:05:32,9.4
4/27/2026,17:05:33,9.4
4/27/2026,17:05:33,9.4
4/27/2026,17:05:34,9.75
4/27/2026,17:05:35,9.6
4/27/2026,17:05:36,9.6
4/27/2026,17:05:37,10.22
4/27/2026,17:05:38,11.14
4/27/2026,17:05:38,11.14
4/27/2026,17:05:39,11.14
4/27/2026,17:05:40,11.02
4/27/2026,17:05:41,11.25
4/27/2026,17:05:42,11.25
4/27/2026,17:05:43,11
4/27/2026,17:05:44,11.63
4/27/2026,17:05:45,11.63
4/27/2026,17:05:46,11.04
4/27/2026,17:05:47,11.37
4/27/2026,17:05:48,11.37
4/27/2026,17:05:50,11.69
4/27/2026,17:05:51,11.02
4/27/2026,17:05:52,11.02
4/27/2026,17:05:53,11.3
4/27/2026,17:05:54,11.02
4/27/2026,17:05:55,11.02
4/27/2026,17:05:56,11.5
4/27/2026,17:05:57,10.99
4/27/2026,17:05:58,10.99
4/27/2026,17:05:59,11.27
4/27/2026,17:06:00,11.07
4/27/2026,17:06:01,11.07
4/27/2026,17:06:02,11.04
4/27/2026,17:06:03,10.92
4/27/2026,17:06:04,10.92
4/27/2026,17:06:05,11.38
4/27/2026,17:06:06,11.14
4/27/2026,17:06:07,11.14
4/27/2026,17:06:08,11.32
4/27/2026,17:06:09,11.74
4/27/2026,17:06:10,11.74
4/27/2026,17:06:11,11.29
4/27/2026,17:06:12,11.17
4/27/2026,17:06:13,11.17
4/27/2026,17:06:14,10.8
4/27/2026,17:06:15,11.31
4/27/2026,17:06:16,11.31
4/27/2026,17:06:17,10.94
4/27/2026,17:06:18,11.24
4/27/2026,17:06:19,11.24
4/27/2026,17:06:20,10.89
4/27/2026,17:06:21,11.6
4/27/2026,17:06:22,11.6
4/27/2026,17:06:23,11.14
4/27/2026,17:06:24,11.27
4/27/2026,17:06:25,11.27
4/27/2026,17:06:26,11.11
4/27/2026,17:06:27,11.1
4/27/2026,17:06:28,11.1
4/27/2026,17:06:29,11
4/27/2026,17:06:30,11.11
4/27/2026,17:06:31,11.11
4/27/2026,17:06:32,10.66
4/27/2026,17:06:33,11.18
4/27/2026,17:06:34,11.18
4/27/2026,17:06:35,10.85
4/27/2026,17:06:36,11.51
4/27/2026,17:06:37,11.51
4/27/2026,17:06:38,11.36
4/27/2026,17:06:38,9.38
4/27/2026,17:06:39,9.38
4/27/2026,17:06:40,9.38
4/27/2026,17:06:41,9.48
4/27/2026,17:06:42,9.21
4/27/2026,17:06:43,9.21
4/27/2026,17:06:44,9.29
4/27/2026,17:06:45,9.27
4/27/2026,17:06:46,9.27
4/27/2026,17:06:47,9.55
4/27/2026,17:06:48,9.74
4/27/2026,17:06:49,9.74
4/27/2026,17:06:50,9.15
4/27/2026,17:06:51,9.29
4/27/2026,17:06:52,9.29
4/27/2026,17:06:53,9.33
4/27/2026,17:06:54,9.55
4/27/2026,17:06:55,9.55
4/27/2026,17:06:56,9.55
4/27/2026,17:06:57,9.34
4/27/2026,17:06:58,9.34
4/27/2026,17:06:59,9.65
4/27/2026,17:07:00,9.41
4/27/2026,17:07:01,9.41
4/27/2026,17:07:02,9.43
4/27/2026,17:07:03,9.33
4/27/2026,17:07:04,9.33
4/27/2026,17:07:05,9.43
4/27/2026,17:07:06,9.19
4/27/2026,17:07:07,9.19
4/27/2026,17:07:08,9.33
4/27/2026,17:07:08,10.38
4/27/2026,17:07:09,10.38
4/27/2026,17:07:10,10.38
4/27/2026,17:07:11,9.58
4/27/2026,17:07:12,9.46
4/27/2026,17:07:13,9.46
4/27/2026,17:07:14,9.54
4/27/2026,17:07:15,9.38
4/27/2026,17:07:16,9.38
4/27/2026,17:07:16,9.3
4/27/2026,17:07:17,9.3
4/27/2026,17:07:18,10.01
4/27/2026,17:07:19,10.01
4/27/2026,17:07:20,9.62
4/27/2026,17:07:21,9.45
4/27/2026,17:07:22,9.45
4/27/2026,17:07:23,9.05
4/27/2026,17:07:24,9.58
4/27/2026,17:07:25,9.58
4/27/2026,17:07:26,9.55
4/27/2026,17:07:27,9.38
4/27/2026,17:07:28,9.38
4/27/2026,17:07:29,9.46
4/27/2026,17:07:30,9.48
4/27/2026,17:07:31,9.48
4/27/2026,17:07:32,9.31
4/27/2026,17:07:33,9.31
4/27/2026,17:07:34,9.31
4/27/2026,17:07:35,9.42
4/27/2026,17:07:36,9.32
4/27/2026,17:07:37,9.32
4/27/2026,17:07:37,12.18
4/27/2026,17:07:38,12.18
4/27/2026,17:07:39,36.37
4/27/2026,17:07:40,36.37
4/27/2026,17:07:41,35.93
4/27/2026,17:07:42,36.47
4/27/2026,17:07:43,36.47
4/27/2026,17:07:43,36.27
4/27/2026,17:07:44,36.27
4/27/2026,17:07:45,36.15
4/27/2026,17:07:46,36.15
4/27/2026,17:07:47,36.12
4/27/2026,17:07:48,36.56
4/27/2026,17:07:49,36.56
4/27/2026,17:07:50,36.5
4/27/2026,17:07:51,36.29
4/27/2026,17:07:52,36.29
4/27/2026,17:07:53,36.18
4/27/2026,17:07:54,36.37
4/27/2026,17:07:55,36.37
4/27/2026,17:07:56,36.42
4/27/2026,17:07:57,36.48
4/27/2026,17:07:58,36.48
4/27/2026,17:07:59,36.84
4/27/2026,17:08:00,36.46
4/27/2026,17:08:01,36.46
4/27/2026,17:08:02,36.7
4/27/2026,17:08:03,36.49
4/27/2026,17:08:04,36.49
4/27/2026,17:08:05,37.24
4/27/2026,17:08:06,36.62
4/27/2026,17:08:07,36.62
4/27/2026,17:08:08,36.72
4/27/2026,17:08:09,38.06
4/27/2026,17:08:10,38.06
4/27/2026,17:08:11,36.77
4/27/2026,17:08:12,36.64
4/27/2026,17:08:13,36.64
4/27/2026,17:08:14,37.38
4/27/2026,17:08:15,36.69
4/27/2026,17:08:16,36.69
4/27/2026,17:08:17,36.89
4/27/2026,17:08:18,36.79
4/27/2026,17:08:19,36.79
4/27/2026,17:08:19,38.21
4/27/2026,17:08:20,38.21
4/27/2026,17:08:21,36.79
4/27/2026,17:08:22,36.79
4/27/2026,17:08:23,36.79
4/27/2026,17:08:24,36.96
4/27/2026,17:08:25,36.96
4/27/2026,17:08:26,37.03
4/27/2026,17:08:27,36.81
4/27/2026,17:08:28,36.81
4/27/2026,17:08:29,37.43
4/27/2026,17:08:30,36.62
4/27/2026,17:08:31,36.62
4/27/2026,17:08:32,37.03
4/27/2026,17:08:33,36.83
4/27/2026,17:08:34,36.83
4/27/2026,17:08:35,37.27
4/27/2026,17:08:36,37.2
4/27/2026,17:08:37,37.2
4/27/2026,17:08:37,24
4/27/2026,17:08:38,24
4/27/2026,17:08:39,9.85
4/27/2026,17:08:40,9.85
4/27/2026,17:08:41,9.99
4/27/2026,17:08:42,9.69
4/27/2026,17:08:42,9.69
4/27/2026,17:08:43,9.69
4/27/2026,17:08:44,9.81
4/27/2026,17:08:45,10.08
4/27/2026,17:08:46,10.08
4/27/2026,17:08:47,9.42
4/27/2026,17:08:48,9.99
4/27/2026,17:08:49,9.99
4/27/2026,17:08:50,9.31
4/27/2026,17:08:51,9.74
4/27/2026,17:08:52,9.46
4/27/2026,17:08:53,9.44
4/27/2026,17:08:54,9.44
4/27/2026,17:08:55,9.4
4/27/2026,17:08:56,9.4
4/27/2026,17:08:57,9.4
4/27/2026,17:08:58,9.57
4/27/2026,17:08:59,9.61
4/27/2026,17:09:00,9.61
4/27/2026,17:09:01,9.43
4/27/2026,17:09:02,9.5
4/27/2026,17:09:03,9.5
4/27/2026,17:09:04,9.54
4/27/2026,17:09:05,9.15
4/27/2026,17:09:06,9.15
4/27/2026,17:09:07,9.44
4/27/2026,17:09:08,9.78
4/27/2026,17:09:09,9.78
4/27/2026,17:09:10,9.4
4/27/2026,17:09:11,9.6
4/27/2026,17:09:12,9.6
4/27/2026,17:09:13,9.67
4/27/2026,17:09:14,9.46
4/27/2026,17:09:15,9.46
4/27/2026,17:09:16,9.69
4/27/2026,17:09:17,9.52
4/27/2026,17:09:18,9.52
4/27/2026,17:09:19,9.27
4/27/2026,17:09:20,9.25
4/27/2026,17:09:21,9.25
4/27/2026,17:09:22,9.4
4/27/2026,17:09:23,9.59
4/27/2026,17:09:25,9.59
4/27/2026,17:09:26,9.11
4/27/2026,17:09:27,9.33
4/27/2026,17:09:28,9.33
4/27/2026,17:09:29,9.28
4/27/2026,17:09:30,9.3
4/27/2026,17:09:31,9.3
4/27/2026,17:09:32,9.39
4/27/2026,17:09:33,9.59
4/27/2026,17:09:34,9.59
4/27/2026,17:09:35,9.17
4/27/2026,17:09:36,9.72
4/27/2026,17:09:37,9.72
4/27/2026,17:09:37,11.62
4/27/2026,17:09:38,11.62
4/27/2026,17:09:39,31.67
4/27/2026,17:09:40,31.67
4/27/2026,17:09:41,32.52
4/27/2026,17:09:42,32.86
4/27/2026,17:09:42,32.86
4/27/2026,17:09:43,32.86
4/27/2026,17:09:44,33.29
4/27/2026,17:09:45,33.15
4/27/2026,17:09:46,33.15
4/27/2026,17:09:47,33.1
4/27/2026,17:09:48,33.7
4/27/2026,17:09:49,33.7
4/27/2026,17:09:50,33.14
4/27/2026,17:09:51,33.2
4/27/2026,17:09:52,33.2
4/27/2026,17:09:53,33.3
4/27/2026,17:09:54,33.47
4/27/2026,17:09:55,33.47
4/27/2026,17:09:56,31.93
4/27/2026,17:09:57,31.68
4/27/2026,17:09:58,31.68
4/27/2026,17:09:59,31.42
4/27/2026,17:10:00,32.55
4/27/2026,17:10:01,32.55
4/27/2026,17:10:02,32.88
4/27/2026,17:10:03,33.38
4/27/2026,17:10:04,33.38
4/27/2026,17:10:05,32.46
4/27/2026,17:10:06,32.48
4/27/2026,17:10:07,32.48
4/27/2026,17:10:08,32.51
4/27/2026,17:10:09,32.48
4/27/2026,17:10:10,32.48
4/27/2026,17:10:11,31.75
4/27/2026,17:10:12,31.48
4/27/2026,17:10:13,31.48
4/27/2026,17:10:14,33.04
4/27/2026,17:10:15,33.4
4/27/2026,17:10:16,33.4
4/27/2026,17:10:17,33.74
4/27/2026,17:10:18,33.69
4/27/2026,17:10:19,33.69
4/27/2026,17:10:20,33.54
4/27/2026,17:10:21,33.86
4/27/2026,17:10:22,33.86
4/27/2026,17:10:23,33.66
4/27/2026,17:10:24,33.73
4/27/2026,17:10:25,33.73
4/27/2026,17:10:26,33.42
4/27/2026,17:10:27,33.57
4/27/2026,17:10:28,33.57
4/27/2026,17:10:29,33.51
4/27/2026,17:10:30,33.39
4/27/2026,17:10:31,33.39
4/27/2026,17:10:32,33.28
4/27/2026,17:10:33,33.19
4/27/2026,17:10:34,33.19
4/27/2026,17:10:35,33.8
4/27/2026,17:10:36,34.28
4/27/2026,17:10:37,34.28
4/27/2026,17:10:37,25.81
4/27/2026,17:10:38,25.81
4/27/2026,17:10:39,9.86
4/27/2026,17:10:40,9.86
4/27/2026,17:10:41,10.03
4/27/2026,17:10:42,9.86
4/27/2026,17:10:43,9.86
4/27/2026,17:10:43,9.84
4/27/2026,17:10:44,9.84
4/27/2026,17:10:45,9.61
4/27/2026,17:10:46,9.61
4/27/2026,17:10:47,9.61
4/27/2026,17:10:48,9.85
4/27/2026,17:10:49,9.85
4/27/2026,17:10:50,9.54
4/27/2026,17:10:51,9.71
4/27/2026,17:10:52,9.71
4/27/2026,17:10:53,9.36
4/27/2026,17:10:54,9.85
4/27/2026,17:10:55,9.85
4/27/2026,17:10:56,9.29
4/27/2026,17:10:57,9.39
4/27/2026,17:10:58,9.39
4/27/2026,17:10:59,9.55
4/27/2026,17:11:00,9.42
4/27/2026,17:11:01,9.42
4/27/2026,17:11:02,9.27
4/27/2026,17:11:03,9.33
4/27/2026,17:11:04,9.33
4/27/2026,17:11:05,9.47
4/27/2026,17:11:06,9.49
4/27/2026,17:11:07,9.49
4/27/2026,17:11:08,9.39
4/27/2026,17:11:09,9.76
4/27/2026,17:11:10,9.76
4/27/2026,17:11:11,9.32
4/27/2026,17:11:12,9.36
4/27/2026,17:11:13,9.36
4/27/2026,17:11:14,10.52
4/27/2026,17:11:15,9.1
4/27/2026,17:11:16,9.1
4/27/2026,17:11:17,9.43
4/27/2026,17:11:18,9.2
4/27/2026,17:11:19,9.2
4/27/2026,17:11:20,9.59
4/27/2026,17:11:21,9.38
4/27/2026,17:11:22,9.38
4/27/2026,17:11:23,9.33
4/27/2026,17:11:24,9.47
4/27/2026,17:11:25,9.47
4/27/2026,17:11:26,9.36
4/27/2026,17:11:27,9.49
4/27/2026,17:11:28,9.49
4/27/2026,17:11:29,9.69
4/27/2026,17:11:30,9.37
4/27/2026,17:11:31,9.37
4/27/2026,17:11:32,9.28
4/27/2026,17:11:33,9.34
4/27/2026,17:11:34,9.34
4/27/2026,17:11:35,9.6
4/27/2026,17:11:36,9.68
4/27/2026,17:11:37,9.68
4/27/2026,17:11:38,10.69
4/27/2026,17:11:38,16.55
4/27/2026,17:11:39,16.55
4/27/2026,17:11:40,16.55
4/27/2026,17:11:41,16.69
4/27/2026,17:11:42,16.47
4/27/2026,17:11:43,16.47
4/27/2026,17:11:44,16.61
4/27/2026,17:11:45,16.54
4/27/2026,17:11:46,16.54
4/27/2026,17:11:47,16.53
4/27/2026,17:11:48,16.89
4/27/2026,17:11:49,16.89
4/27/2026,17:11:50,16.82
4/27/2026,17:11:51,16.51
4/27/2026,17:11:52,16.51
4/27/2026,17:11:53,16.69
4/27/2026,17:11:54,16.78
4/27/2026,17:11:55,16.78
4/27/2026,17:11:56,16.44
4/27/2026,17:11:57,16.59
4/27/2026,17:11:58,16.59
4/27/2026,17:11:59,16.83
4/27/2026,17:12:00,16.6
4/27/2026,17:12:01,16.6
4/27/2026,17:12:02,16.53
4/27/2026,17:12:03,16.69
4/27/2026,17:12:04,16.69
4/27/2026,17:12:05,17.01
4/27/2026,17:12:06,16.58
4/27/2026,17:12:07,16.58
4/27/2026,17:12:08,16.66
4/27/2026,17:12:09,17.38
4/27/2026,17:12:10,17.38
4/27/2026,17:12:11,16.52
4/27/2026,17:12:12,16.52
4/27/2026,17:12:13,16.52
4/27/2026,17:12:14,16.72
4/27/2026,17:12:15,16.52
4/27/2026,17:12:16,16.52
4/27/2026,17:12:17,16.52
4/27/2026,17:12:18,16.52
4/27/2026,17:12:19,16.52
4/27/2026,17:12:20,16.72
4/27/2026,17:12:21,16.56
4/27/2026,17:12:22,16.56
4/27/2026,17:12:23,16.52
4/27/2026,17:12:24,16.76
4/27/2026,17:12:25,16.76
4/27/2026,17:12:26,16.65
4/27/2026,17:12:27,16.65
4/27/2026,17:12:28,16.88
4/27/2026,17:12:29,16.71
4/27/2026,17:12:30,16.71
4/27/2026,17:12:31,16.4
4/27/2026,17:12:32,16.5
4/27/2026,17:12:33,16.5
4/27/2026,17:12:34,16.69
4/27/2026,17:12:35,16.73
4/27/2026,17:12:36,16.73
4/27/2026,17:12:37,16.03
4/27/2026,17:12:38,9.45
4/27/2026,17:12:38,9.45
4/27/2026,17:12:39,9.45
4/27/2026,17:12:40,10.16
4/27/2026,17:12:41,9.3
4/27/2026,17:12:42,9.3
4/27/2026,17:12:43,9.79
4/27/2026,17:12:44,9.36
4/27/2026,17:12:45,9.36
4/27/2026,17:12:46,9.44
4/27/2026,17:12:47,9.61
4/27/2026,17:12:48,9.61
4/27/2026,17:12:49,9.36
4/27/2026,17:12:50,9.26
4/27/2026,17:12:51,9.26
4/27/2026,17:12:52,9.36
4/27/2026,17:12:53,9.79
4/27/2026,17:12:54,9.79
4/27/2026,17:12:55,9.29
4/27/2026,17:12:56,9.4
4/27/2026,17:12:57,9.4
4/27/2026,17:12:58,9.43
4/27/2026,17:12:59,9.46
4/27/2026,17:13:00,9.46
4/27/2026,17:13:02,9.05
4/27/2026,17:13:03,9.5
4/27/2026,17:13:04,9.5
4/27/2026,17:13:05,9.18
4/27/2026,17:13:06,9.46
4/27/2026,17:13:07,9.46
4/27/2026,17:13:08,9.09
4/27/2026,17:13:08,10.71
4/27/2026,17:13:09,10.71
4/27/2026,17:13:10,10.71
4/27/2026,17:13:11,9.33
4/27/2026,17:13:12,9.7
4/27/2026,17:13:13,9.7
4/27/2026,17:13:13,9.62
4/27/2026,17:13:14,9.62
4/27/2026,17:13:15,9.57
4/27/2026,17:13:16,9.57
4/27/2026,17:13:17,9.18
4/27/2026,17:13:18,9.7
4/27/2026,17:13:19,9.7
4/27/2026,17:13:20,9.27
4/27/2026,17:13:21,9.33
4/27/2026,17:13:22,9.33
4/27/2026,17:13:23,9.11
4/27/2026,17:13:24,9.57
4/27/2026,17:13:25,9.57
4/27/2026,17:13:26,9.52
4/27/2026,17:13:27,9.21
4/27/2026,17:13:28,9.21
4/27/2026,17:13:29,9.73
4/27/2026,17:13:30,9.26
4/27/2026,17:13:31,9.26
4/27/2026,17:13:32,9.69
4/27/2026,17:13:33,9.55
4/27/2026,17:13:34,9.55
4/27/2026,17:13:35,9.44
4/27/2026,17:13:36,9.68
4/27/2026,17:13:37,9.68
4/27/2026,17:13:38,10.51
4/27/2026,17:13:38,21.97
4/27/2026,17:13:39,21.97
4/27/2026,17:13:40,21.97
4/27/2026,17:13:41,22.86
4/27/2026,17:13:42,23.45
4/27/2026,17:13:43,23.45
4/27/2026,17:13:44,23.73
4/27/2026,17:13:45,22.53
4/27/2026,17:13:46,22.53
4/27/2026,17:13:47,21.85
4/27/2026,17:13:48,22.73
4/27/2026,17:13:49,22.73
4/27/2026,17:13:49,23.16
4/27/2026,17:13:50,23.16
4/27/2026,17:13:51,23.03
4/27/2026,17:13:52,23.03
4/27/2026,17:13:53,22.52
4/27/2026,17:13:54,21.64
4/27/2026,17:13:55,21.64
4/27/2026,17:13:56,22.42
4/27/2026,17:13:57,22.65
4/27/2026,17:13:58,22.65
4/27/2026,17:13:59,22.92
4/27/2026,17:14:00,22.82
4/27/2026,17:14:01,22.82
4/27/2026,17:14:02,22.84
4/27/2026,17:14:03,23.45
4/27/2026,17:14:04,23.45
4/27/2026,17:14:05,23.23
4/27/2026,17:14:06,23.17
4/27/2026,17:14:07,23.17
4/27/2026,17:14:08,22.64
4/27/2026,17:14:09,22.55
4/27/2026,17:14:10,22.55
4/27/2026,17:14:11,22.34
4/27/2026,17:14:12,23.26
4/27/2026,17:14:13,23.26
4/27/2026,17:14:14,23.59
4/27/2026,17:14:15,22.42
4/27/2026,17:14:16,22.42
4/27/2026,17:14:17,22.55
4/27/2026,17:14:18,23.33
4/27/2026,17:14:19,23.33
4/27/2026,17:14:20,22.73
4/27/2026,17:14:21,22.82
4/27/2026,17:14:22,22.82
4/27/2026,17:14:23,22.62
4/27/2026,17:14:24,23.61
4/27/2026,17:14:25,23.61
4/27/2026,17:14:26,22.87
4/27/2026,17:14:27,23.02
4/27/2026,17:14:28,23.02
4/27/2026,17:14:29,22.39
4/27/2026,17:14:30,22.69
4/27/2026,17:14:31,22.69
4/27/2026,17:14:32,22.3
4/27/2026,17:14:33,22.93
4/27/2026,17:14:34,22.93
4/27/2026,17:14:35,22.45
4/27/2026,17:14:36,22.31
4/27/2026,17:14:37,22.31
4/27/2026,17:14:37,20.52
4/27/2026,17:14:38,20.52
4/27/2026,17:14:39,9.75
4/27/2026,17:14:40,9.75
4/27/2026,17:14:41,9.49
4/27/2026,17:14:42,9.4
4/27/2026,17:14:43,9.4
4/27/2026,17:14:43,9.67
4/27/2026,17:14:44,9.67
4/27/2026,17:14:45,9.84
4/27/2026,17:14:46,9.84
4/27/2026,17:14:47,9.36
4/27/2026,17:14:48,9.38
4/27/2026,17:14:49,9.38
4/27/2026,17:14:50,9.56
4/27/2026,17:14:51,9.41
4/27/2026,17:14:52,9.41
4/27/2026,17:14:53,9.34
4/27/2026,17:14:54,9.3
4/27/2026,17:14:55,9.3
4/27/2026,17:14:56,9.26
4/27/2026,17:14:57,9.18
4/27/2026,17:14:58,9.18
4/27/2026,17:14:59,9.73
4/27/2026,17:15:00,9.39
4/27/2026,17:15:01,9.39
4/27/2026,17:15:02,9.46
4/27/2026,17:15:03,9.55
4/27/2026,17:15:04,9.55
4/27/2026,17:15:05,9.91
4/27/2026,17:15:06,9.07
4/27/2026,17:15:07,9.07
4/27/2026,17:15:08,9.49
4/27/2026,17:15:09,9.65
4/27/2026,17:15:10,9.65
4/27/2026,17:15:11,9.35
4/27/2026,17:15:12,9.31
4/27/2026,17:15:13,9.31
4/27/2026,17:15:14,9.6
4/27/2026,17:15:15,9.16
4/27/2026,17:15:16,9.16
4/27/2026,17:15:17,9.88
4/27/2026,17:15:18,9.19
4/27/2026,17:15:19,9.19
4/27/2026,17:15:20,9.59
4/27/2026,17:15:21,9.37
4/27/2026,17:15:22,9.37
4/27/2026,17:15:23,9.34
4/27/2026,17:15:24,9.59
4/27/2026,17:15:25,9.59
4/27/2026,17:15:26,9.22
4/27/2026,17:15:27,9.26
4/27/2026,17:15:28,9.26
4/27/2026,17:15:29,9.45
4/27/2026,17:15:30,9.6
4/27/2026,17:15:31,9.6
4/27/2026,17:15:32,9.34
4/27/2026,17:15:33,9.31
4/27/2026,17:15:34,9.31
4/27/2026,17:15:35,10
4/27/2026,17:15:36,9.85
4/27/2026,17:15:37,9.85
4/27/2026,17:15:37,10.83
4/27/2026,17:15:38,10.83
4/27/2026,17:15:39,35.96
4/27/2026,17:15:40,35.96
4/27/2026,17:15:41,35.62
4/27/2026,17:15:42,35.66
4/27/2026,17:15:42,35.66
4/27/2026,17:15:43,35.66
4/27/2026,17:15:44,36.11
4/27/2026,17:15:45,35.77
4/27/2026,17:15:46,35.77
4/27/2026,17:15:47,35.79
4/27/2026,17:15:48,36.11
4/27/2026,17:15:49,36.11
4/27/2026,17:15:50,36.08
4/27/2026,17:15:51,35.92
4/27/2026,17:15:52,35.92
4/27/2026,17:15:53,35.99
4/27/2026,17:15:54,36.27
4/27/2026,17:15:55,36.27
4/27/2026,17:15:56,36.11
4/27/2026,17:15:57,35.89
4/27/2026,17:15:58,35.89
4/27/2026,17:15:59,36.49
4/27/2026,17:16:00,36.15
4/27/2026,17:16:01,36.15
4/27/2026,17:16:02,36.16
4/27/2026,17:16:03,36.16
4/27/2026,17:16:04,36.71
4/27/2026,17:16:05,36.36
4/27/2026,17:16:06,36.36
4/27/2026,17:16:07,36.91
4/27/2026,17:16:08,36.92
4/27/2026,17:16:09,36.92
4/27/2026,17:16:10,36.64
4/27/2026,17:16:11,36.41
4/27/2026,17:16:12,36.41
4/27/2026,17:16:13,35.41
4/27/2026,17:16:14,36.45
4/27/2026,17:16:15,36.45
4/27/2026,17:16:16,36.6
4/27/2026,17:16:17,36.44
4/27/2026,17:16:18,36.44
4/27/2026,17:16:19,37.14
4/27/2026,17:16:20,36.51
4/27/2026,17:16:21,36.51
4/27/2026,17:16:22,36.64
4/27/2026,17:16:23,36.84
4/27/2026,17:16:24,36.84
4/27/2026,17:16:25,36.74
4/27/2026,17:16:26,36.44
4/27/2026,17:16:27,36.44
4/27/2026,17:16:28,36.89
4/27/2026,17:16:29,36.54
4/27/2026,17:16:30,36.54
4/27/2026,17:16:31,36.6
4/27/2026,17:16:32,36.84
4/27/2026,17:16:33,36.84
4/27/2026,17:16:34,36.92
4/27/2026,17:16:35,36.57
4/27/2026,17:16:37,36.57
4/27/2026,17:16:37,31.55
4/27/2026,17:16:38,31.55
4/27/2026,17:16:39,9.85
4/27/2026,17:16:40,9.85
4/27/2026,17:16:41,9.92
4/27/2026,17:16:42,9.65
4/27/2026,17:16:42,9.65
4/27/2026,17:16:43,9.65
4/27/2026,17:16:44,9.9
4/27/2026,17:16:45,9.97
4/27/2026,17:16:46,9.97
4/27/2026,17:16:47,9.43
4/27/2026,17:16:48,9.99
4/27/2026,17:16:49,9.99
4/27/2026,17:16:50,9.28
4/27/2026,17:16:51,9.88
4/27/2026,17:16:52,9.88
4/27/2026,17:16:53,9.34
4/27/2026,17:16:54,9.7
4/27/2026,17:16:55,9.7
4/27/2026,17:16:56,9.28
4/27/2026,17:16:57,9.38
4/27/2026,17:16:58,9.38
4/27/2026,17:16:59,9.39
4/27/2026,17:17:00,9.46
4/27/2026,17:17:01,9.46
4/27/2026,17:17:02,9.22
4/27/2026,17:17:03,9.95
4/27/2026,17:17:04,9.95
4/27/2026,17:17:05,9.42
4/27/2026,17:17:06,9.16
4/27/2026,17:17:07,9.16
4/27/2026,17:17:08,9.15
4/27/2026,17:17:09,10.21
4/27/2026,17:17:10,10.21
4/27/2026,17:17:11,9.39
4/27/2026,17:17:12,9.54
4/27/2026,17:17:13,9.54
4/27/2026,17:17:14,9.63
4/27/2026,17:17:15,9.4
4/27/2026,17:17:16,9.4
4/27/2026,17:17:17,9.46
4/27/2026,17:17:18,9.56
4/27/2026,17:17:19,9.56
4/27/2026,17:17:20,9.58
4/27/2026,17:17:21,9.39
4/27/2026,17:17:22,9.39
4/27/2026,17:17:23,9.57
4/27/2026,17:17:24,9.76
4/27/2026,17:17:25,9.76
4/27/2026,17:17:26,9.35
4/27/2026,17:17:27,9.37
4/27/2026,17:17:28,9.37
4/27/2026,17:17:29,9.56
4/27/2026,17:17:30,9.38
4/27/2026,17:17:31,9.38
4/27/2026,17:17:32,9.24
4/27/2026,17:17:33,9.56
4/27/2026,17:17:34,9.56
4/27/2026,17:17:35,10.2
4/27/2026,17:17:36,9.82
4/27/2026,17:17:37,9.82
4/27/2026,17:17:38,10.07
4/27/2026,17:17:38,24.06
4/27/2026,17:17:39,24.06
4/27/2026,17:17:40,24.06
4/27/2026,17:17:41,24.27
4/27/2026,17:17:42,24.43
4/27/2026,17:17:43,24.43
4/27/2026,17:17:44,24.11
4/27/2026,17:17:45,23.94
4/27/2026,17:17:46,23.94
4/27/2026,17:17:47,24
4/27/2026,17:17:48,25.09
4/27/2026,17:17:49,25.09
4/27/2026,17:17:50,24.78
4/27/2026,17:17:51,25.31
4/27/2026,17:17:52,25.31
4/27/2026,17:17:53,24.56
4/27/2026,17:17:54,24.8
4/27/2026,17:17:55,24.8
4/27/2026,17:17:56,23.96
4/27/2026,17:17:57,24.48
4/27/2026,17:17:58,24.48
4/27/2026,17:17:59,24.76
4/27/2026,17:18:00,25.09
4/27/2026,17:18:01,25.09
4/27/2026,17:18:02,25.08
4/27/2026,17:18:02,25.81
4/27/2026,17:18:03,25.81
4/27/2026,17:18:04,25.81
4/27/2026,17:18:05,25.58
4/27/2026,17:18:06,25.74
4/27/2026,17:18:07,25.74
4/27/2026,17:18:08,25.12
4/27/2026,17:18:09,25.61
4/27/2026,17:18:10,25.61
4/27/2026,17:18:10,24.52
4/27/2026,17:18:11,24.52
4/27/2026,17:18:12,25.53
4/27/2026,17:18:13,25.53
4/27/2026,17:18:14,25.7
4/27/2026,17:18:15,25.55
4/27/2026,17:18:16,25.55
4/27/2026,17:18:17,25.27
4/27/2026,17:18:18,25.58
4/27/2026,17:18:19,25.58
4/27/2026,17:18:20,25.27
4/27/2026,17:18:21,24.69
4/27/2026,17:18:22,24.69
4/27/2026,17:18:23,24.56
4/27/2026,17:18:24,25.03
4/27/2026,17:18:25,25.03
4/27/2026,17:18:26,25.05
4/27/2026,17:18:27,24.76
4/27/2026,17:18:28,24.76
4/27/2026,17:18:29,24.73
4/27/2026,17:18:30,24.71
4/27/2026,17:18:31,24.71
4/27/2026,17:18:32,24.63
4/27/2026,17:18:33,24.87
4/27/2026,17:18:34,24.87
4/27/2026,17:18:35,25.56
4/27/2026,17:18:36,25.46
4/27/2026,17:18:37,25.46
4/27/2026,17:18:38,23.58
4/27/2026,17:18:38,9.53
4/27/2026,17:18:39,9.53
4/27/2026,17:18:40,9.53
4/27/2026,17:18:41,9.81
4/27/2026,17:18:42,9.57
4/27/2026,17:18:43,9.57
4/27/2026,17:18:44,9.9
4/27/2026,17:18:45,9.27
4/27/2026,17:18:46,9.27
4/27/2026,17:18:47,9.46
4/27/2026,17:18:48,9.45
4/27/2026,17:18:49,9.45
4/27/2026,17:18:50,9.65
4/27/2026,17:18:51,9.29
4/27/2026,17:18:52,9.29
4/27/2026,17:18:53,9.44
4/27/2026,17:18:54,9.51
4/27/2026,17:18:55,9.51
4/27/2026,17:18:56,9.69
4/27/2026,17:18:57,9.39
4/27/2026,17:18:58,9.39
4/27/2026,17:18:59,9.61
4/27/2026,17:19:00,9.52
4/27/2026,17:19:01,9.52
4/27/2026,17:19:02,9.51
4/27/2026,17:19:03,9.19
4/27/2026,17:19:04,9.19
4/27/2026,17:19:05,9.98
4/27/2026,17:19:06,9.39
4/27/2026,17:19:07,9.39
4/27/2026,17:19:08,9.46
4/27/2026,17:19:09,10.2
4/27/2026,17:19:10,10.2
4/27/2026,17:19:11,9.37
4/27/2026,17:19:12,10.1
4/27/2026,17:19:13,10.1
4/27/2026,17:19:14,9.88
4/27/2026,17:19:15,9.38
4/27/2026,17:19:16,9.38
4/27/2026,17:19:17,9.38
4/27/2026,17:19:18,9.42
4/27/2026,17:19:19,9.42
4/27/2026,17:19:20,9.67
4/27/2026,17:19:21,9.16
4/27/2026,17:19:22,9.16
4/27/2026,17:19:23,9.38
4/27/2026,17:19:24,9.37
4/27/2026,17:19:25,9.37
4/27/2026,17:19:26,9.44
4/27/2026,17:19:27,9.21
4/27/2026,17:19:28,9.21
4/27/2026,17:19:29,10.03
4/27/2026,17:19:30,9.13
4/27/2026,17:19:31,9.13
4/27/2026,17:19:32,9.54
4/27/2026,17:19:33,8.98
4/27/2026,17:19:34,8.98
4/27/2026,17:19:35,9.52
4/27/2026,17:19:36,9.54
4/27/2026,17:19:37,10.66
4/27/2026,17:19:37,10.66
4/27/2026,17:19:38,36.77
4/27/2026,17:19:39,36.77
4/27/2026,17:19:40,37.1
4/27/2026,17:19:41,36.89
4/27/2026,17:19:42,36.89
4/27/2026,17:19:42,36.89
4/27/2026,17:19:43,37.43
4/27/2026,17:19:44,37.11
4/27/2026,17:19:45,37.11
4/27/2026,17:19:46,37.11
4/27/2026,17:19:47,37.44
4/27/2026,17:19:48,37.44
4/27/2026,17:19:49,37.07
4/27/2026,17:19:50,36.91
4/27/2026,17:19:51,36.91
4/27/2026,17:19:52,37.53
4/27/2026,17:19:53,37.3
4/27/2026,17:19:54,37.3
4/27/2026,17:19:55,37.45
4/27/2026,17:19:56,37.22
4/27/2026,17:19:57,37.22
4/27/2026,17:19:58,37.77
4/27/2026,17:19:59,37.67
4/27/2026,17:20:00,37.67
4/27/2026,17:20:01,37.59
4/27/2026,17:20:02,37.82
4/27/2026,17:20:03,37.82
4/27/2026,17:20:04,37.58
4/27/2026,17:20:05,37.67
4/27/2026,17:20:06,37.67
4/27/2026,17:20:07,37.97
4/27/2026,17:20:08,37.9
4/27/2026,17:20:09,37.9
4/27/2026,17:20:11,38.24
4/27/2026,17:20:12,37.73
4/27/2026,17:20:13,37.73
4/27/2026,17:20:14,37.99
4/27/2026,17:20:15,37.65
4/27/2026,17:20:16,37.65
4/27/2026,17:20:17,38.14
4/27/2026,17:20:18,37.8
4/27/2026,17:20:19,37.8
4/27/2026,17:20:20,37.81
4/27/2026,17:20:21,38.05
4/27/2026,17:20:22,38.05
4/27/2026,17:20:23,37.77
4/27/2026,17:20:24,37.94
4/27/2026,17:20:25,37.94
4/27/2026,17:20:26,37.86
4/27/2026,17:20:27,38.03
4/27/2026,17:20:28,38.03
4/27/2026,17:20:29,37.72
4/27/2026,17:20:30,37.77
4/27/2026,17:20:31,37.77
4/27/2026,17:20:32,38.46
4/27/2026,17:20:33,37.93
4/27/2026,17:20:34,37.93
4/27/2026,17:20:35,37.83
4/27/2026,17:20:36,38.47
4/27/2026,17:20:37,38.47
4/27/2026,17:20:37,33.36
4/27/2026,17:20:38,33.36
4/27/2026,17:20:39,10.63
4/27/2026,17:20:40,10.63
4/27/2026,17:20:41,9.73
4/27/2026,17:20:42,10.07
4/27/2026,17:20:43,10.07
4/27/2026,17:20:43,10.14
4/27/2026,17:20:44,10.14
4/27/2026,17:20:45,9.88
4/27/2026,17:20:46,9.88
4/27/2026,17:20:47,9.99
4/27/2026,17:20:48,10.17
4/27/2026,17:20:49,10.17
4/27/2026,17:20:50,9.7
4/27/2026,17:20:51,9.49
4/27/2026,17:20:52,9.49
4/27/2026,17:20:53,9.55
4/27/2026,17:20:54,9.62
4/27/2026,17:20:55,9.62
4/27/2026,17:20:56,9.57
4/27/2026,17:20:57,9.66
4/27/2026,17:20:58,9.66
4/27/2026,17:20:59,9.69
4/27/2026,17:21:00,9.3
4/27/2026,17:21:01,9.3
4/27/2026,17:21:02,9.27
4/27/2026,17:21:03,9.82
4/27/2026,17:21:04,9.82
4/27/2026,17:21:05,9.36
4/27/2026,17:21:06,9.4
4/27/2026,17:21:07,9.4
4/27/2026,17:21:07,9.12
4/27/2026,17:21:08,9.12
4/27/2026,17:21:09,10.18
4/27/2026,17:21:10,10.18
4/27/2026,17:21:11,9.25
4/27/2026,17:21:12,9.63
4/27/2026,17:21:13,9.63
4/27/2026,17:21:13,10.97
4/27/2026,17:21:14,10.97
4/27/2026,17:21:15,9.69
4/27/2026,17:21:16,9.69
4/27/2026,17:21:17,9.13
4/27/2026,17:21:18,9.87
4/27/2026,17:21:18,9.87
4/27/2026,17:21:19,9.87
4/27/2026,17:21:20,9.5
4/27/2026,17:21:21,9.77
4/27/2026,17:21:22,9.77
4/27/2026,17:21:23,9.03
4/27/2026,17:21:24,9.55
4/27/2026,17:21:25,9.55
4/27/2026,17:21:26,9.11
4/27/2026,17:21:27,9.34
4/27/2026,17:21:28,9.34
4/27/2026,17:21:29,9.53
4/27/2026,17:21:30,9.28
4/27/2026,17:21:31,9.28
4/27/2026,17:21:32,9.29
4/27/2026,17:21:33,9.36
4/27/2026,17:21:34,9.36
4/27/2026,17:21:35,9.42
4/27/2026,17:21:36,9.6
4/27/2026,17:21:37,9.6
4/27/2026,17:21:38,9.92
4/27/2026,17:21:38,18.82
4/27/2026,17:21:39,18.82
4/27/2026,17:21:40,18.82
4/27/2026,17:21:41,18.66
4/27/2026,17:21:42,18.47
4/27/2026,17:21:43,18.47
4/27/2026,17:21:44,18.67
4/27/2026,17:21:45,18.67
4/27/2026,17:21:46,18.67
4/27/2026,17:21:47,18.77
4/27/2026,17:21:48,19.04
4/27/2026,17:21:49,19.04
4/27/2026,17:21:50,18.84
4/27/2026,17:21:51,18.42
4/27/2026,17:21:52,18.42
4/27/2026,17:21:53,18.67
4/27/2026,17:21:54,19.19
4/27/2026,17:21:55,19.19
4/27/2026,17:21:56,18.48
4/27/2026,17:21:57,18.41
4/27/2026,17:21:58,18.41
4/27/2026,17:21:59,18.87
4/27/2026,17:22:00,18.72
4/27/2026,17:22:01,18.72
4/27/2026,17:22:02,18.61
4/27/2026,17:22:03,18.61
4/27/2026,17:22:04,18.61
4/27/2026,17:22:05,19
4/27/2026,17:22:06,18.79
4/27/2026,17:22:07,18.79
4/27/2026,17:22:08,18.74
4/27/2026,17:22:09,19.15
4/27/2026,17:22:10,19.15
4/27/2026,17:22:11,18.6
4/27/2026,17:22:12,18.57
4/27/2026,17:22:13,18.57
4/27/2026,17:22:14,18.94
4/27/2026,17:22:15,18.57
4/27/2026,17:22:16,18.57
4/27/2026,17:22:17,19.08
4/27/2026,17:22:18,18.47
4/27/2026,17:22:19,18.47
4/27/2026,17:22:20,18.96
4/27/2026,17:22:21,19
4/27/2026,17:22:22,19
4/27/2026,17:22:23,18.75
4/27/2026,17:22:24,18.84
4/27/2026,17:22:25,18.84
4/27/2026,17:22:26,18.96
4/27/2026,17:22:27,18.51
4/27/2026,17:22:28,18.51
4/27/2026,17:22:29,18.86
4/27/2026,17:22:30,18.79
4/27/2026,17:22:31,18.79
4/27/2026,17:22:32,18.86
4/27/2026,17:22:33,18.57
4/27/2026,17:22:34,18.57
4/27/2026,17:22:35,18.87
4/27/2026,17:22:36,18.95
4/27/2026,17:22:37,18.95
4/27/2026,17:22:38,18.9
4/27/2026,17:22:38,9.78
4/27/2026,17:22:39,9.78
4/27/2026,17:22:40,9.78
4/27/2026,17:22:41,9.66
4/27/2026,17:22:42,9.44
4/27/2026,17:22:43,9.44
4/27/2026,17:22:44,9.48
4/27/2026,17:22:45,9.34
4/27/2026,17:22:46,9.34
4/27/2026,17:22:47,9.38
4/27/2026,17:22:48,9.84
4/27/2026,17:22:49,9.84
4/27/2026,17:22:50,9.51
4/27/2026,17:22:51,9.34
4/27/2026,17:22:52,9.34
4/27/2026,17:22:53,9.52
4/27/2026,17:22:54,9.6
4/27/2026,17:22:55,9.6
4/27/2026,17:22:56,9.39
4/27/2026,17:22:57,9.3
4/27/2026,17:22:58,9.3
4/27/2026,17:22:59,9.86
4/27/2026,17:23:00,9.13
4/27/2026,17:23:01,9.13
4/27/2026,17:23:02,9.6
4/27/2026,17:23:03,9.13
4/27/2026,17:23:04,9.13
4/27/2026,17:23:05,10.03
4/27/2026,17:23:06,9.16
4/27/2026,17:23:07,9.16
4/27/2026,17:23:08,9.38
4/27/2026,17:23:09,9.97
4/27/2026,17:23:10,9.97
4/27/2026,17:23:11,9.3
4/27/2026,17:23:12,9.11
4/27/2026,17:23:13,9.8
4/27/2026,17:23:14,8.99
4/27/2026,17:23:15,8.99
4/27/2026,17:23:16,9.41
4/27/2026,17:23:17,9.56
4/27/2026,17:23:18,9.56
4/27/2026,17:23:19,9.69
4/27/2026,17:23:20,9.4
4/27/2026,17:23:21,9.4
4/27/2026,17:23:22,9.49
4/27/2026,17:23:23,9.49
4/27/2026,17:23:24,9.49
4/27/2026,17:23:25,9.2
4/27/2026,17:23:26,9.3
4/27/2026,17:23:27,9.3
4/27/2026,17:23:28,9.42
4/27/2026,17:23:29,9.39
4/27/2026,17:23:30,9.39
4/27/2026,17:23:31,9.13
4/27/2026,17:23:32,9.62
4/27/2026,17:23:33,9.62
4/27/2026,17:23:34,9.42
4/27/2026,17:23:35,9.74
4/27/2026,17:23:36,9.74
4/27/2026,17:23:37,9.71
4/27/2026,17:23:38,19.72
4/27/2026,17:23:38,19.72
4/27/2026,17:23:39,19.72
4/27/2026,17:23:40,19.84
4/27/2026,17:23:41,19.37
4/27/2026,17:23:42,19.37
4/27/2026,17:23:43,19.67
4/27/2026,17:23:44,19.84
4/27/2026,17:23:45,19.84
4/27/2026,17:23:47,19.61
4/27/2026,17:23:48,19.96
4/27/2026,17:23:49,19.96
4/27/2026,17:23:50,20.08
4/27/2026,17:23:51,19.58
4/27/2026,17:23:52,19.58
4/27/2026,17:23:53,19.58
4/27/2026,17:23:54,20.14
4/27/2026,17:23:55,20.14
4/27/2026,17:23:56,19.59
4/27/2026,17:23:57,19.62
4/27/2026,17:23:58,19.62
4/27/2026,17:23:59,19.58
4/27/2026,17:24:00,19.92
4/27/2026,17:24:01,19.92
4/27/2026,17:24:02,19.77
4/27/2026,17:24:03,19.6
4/27/2026,17:24:04,19.6
4/27/2026,17:24:05,20.05
4/27/2026,17:24:06,19.76
4/27/2026,17:24:07,19.76
4/27/2026,17:24:08,19.73
4/27/2026,17:24:08,20.92
4/27/2026,17:24:09,20.92
4/27/2026,17:24:10,20.92
4/27/2026,17:24:11,19.75
4/27/2026,17:24:12,20.09
4/27/2026,17:24:13,20.09
4/27/2026,17:24:13,19.79
4/27/2026,17:24:14,19.79
4/27/2026,17:24:15,20.28
4/27/2026,17:24:16,20.28
4/27/2026,17:24:17,19.72
4/27/2026,17:24:18,19.68
4/27/2026,17:24:19,19.68
4/27/2026,17:24:20,20.07
4/27/2026,17:24:21,19.91
4/27/2026,17:24:22,19.91
4/27/2026,17:24:23,19.72
4/27/2026,17:24:24,20.02
4/27/2026,17:24:25,20.02
4/27/2026,17:24:26,20.05
4/27/2026,17:24:27,19.7
4/27/2026,17:24:28,19.7
4/27/2026,17:24:29,19.96
4/27/2026,17:24:30,20.05
4/27/2026,17:24:31,20.05
4/27/2026,17:24:32,19.83
4/27/2026,17:24:33,19.71
4/27/2026,17:24:34,19.71
4/27/2026,17:24:35,20.01
4/27/2026,17:24:36,20.2
4/27/2026,17:24:37,20.2
4/27/2026,17:24:38,19.82
4/27/2026,17:24:38,9.88
4/27/2026,17:24:39,9.88
4/27/2026,17:24:40,9.88
4/27/2026,17:24:41,9.47
4/27/2026,17:24:42,9.41
4/27/2026,17:24:43,9.41
4/27/2026,17:24:44,9.73
4/27/2026,17:24:45,9.45
4/27/2026,17:24:46,9.45
4/27/2026,17:24:47,9.52
4/27/2026,17:24:48,9.62
4/27/2026,17:24:49,9.62
4/27/2026,17:24:50,9.27
4/27/2026,17:24:51,9.55
4/27/2026,17:24:52,9.55
4/27/2026,17:24:53,9.49
4/27/2026,17:24:54,9.65
4/27/2026,17:24:55,9.65
4/27/2026,17:24:56,9.17
4/27/2026,17:24:57,9.63
4/27/2026,17:24:58,9.63
4/27/2026,17:24:59,9.28
4/27/2026,17:25:00,9.52
4/27/2026,17:25:01,9.52
4/27/2026,17:25:02,9.12
4/27/2026,17:25:03,10.82
4/27/2026,17:25:04,10.82
4/27/2026,17:25:04,11.66
4/27/2026,17:25:05,11.66
4/27/2026,17:25:06,9.54
4/27/2026,17:25:07,9.54
4/27/2026,17:25:08,9.14
4/27/2026,17:25:09,10.74
4/27/2026,17:25:10,10.74
4/27/2026,17:25:10,9.14
4/27/2026,17:25:11,9.14
4/27/2026,17:25:12,9.52
4/27/2026,17:25:13,9.52
4/27/2026,17:25:14,9.65
4/27/2026,17:25:15,9.39
4/27/2026,17:25:16,9.39
4/27/2026,17:25:17,9.47
4/27/2026,17:25:17,10.45
4/27/2026,17:25:18,10.45
4/27/2026,17:25:19,10.45
4/27/2026,17:25:20,9.97
4/27/2026,17:25:21,9.27
4/27/2026,17:25:22,9.27
4/27/2026,17:25:23,9.36
4/27/2026,17:25:24,10.01
4/27/2026,17:25:25,10.01
4/27/2026,17:25:25,9.37
4/27/2026,17:25:26,9.37
4/27/2026,17:25:27,9.57
4/27/2026,17:25:28,9.57
4/27/2026,17:25:29,9.69
4/27/2026,17:25:30,9.28
4/27/2026,17:25:31,9.28
4/27/2026,17:25:32,9.61
4/27/2026,17:25:33,9.26
4/27/2026,17:25:34,9.26
4/27/2026,17:25:35,9.71
4/27/2026,17:25:36,9.25
4/27/2026,17:25:37,9.25
4/27/2026,17:25:38,9.64
4/27/2026,17:25:38,22.01
4/27/2026,17:25:39,22.01
4/27/2026,17:25:40,22.01
4/27/2026,17:25:41,21.87
4/27/2026,17:25:42,21.66
4/27/2026,17:25:43,21.66
4/27/2026,17:25:44,21.81
4/27/2026,17:25:45,21.94
4/27/2026,17:25:46,21.94
4/27/2026,17:25:47,21.57
4/27/2026,17:25:48,22.05
4/27/2026,17:25:49,22.05
4/27/2026,17:25:50,22.35
4/27/2026,17:25:51,21.81
4/27/2026,17:25:52,21.81
4/27/2026,17:25:53,21.65
4/27/2026,17:25:54,22.11
4/27/2026,17:25:55,22.11
4/27/2026,17:25:56,21.64
4/27/2026,17:25:57,21.75
4/27/2026,17:25:58,21.75
4/27/2026,17:25:59,22.26
4/27/2026,17:26:00,22.01
4/27/2026,17:26:01,22.01
4/27/2026,17:26:02,21.71
4/27/2026,17:26:03,21.8
4/27/2026,17:26:04,21.8
4/27/2026,17:26:05,22.04
4/27/2026,17:26:06,21.86
4/27/2026,17:26:07,21.86
4/27/2026,17:26:08,21.77
4/27/2026,17:26:09,22.4
4/27/2026,17:26:10,22.4
4/27/2026,17:26:11,21.83
4/27/2026,17:26:12,22.02
4/27/2026,17:26:13,22.02
4/27/2026,17:26:14,22.14
4/27/2026,17:26:15,21.93
4/27/2026,17:26:16,21.93
4/27/2026,17:26:17,22.14
4/27/2026,17:26:18,21.93
4/27/2026,17:26:19,21.93
4/27/2026,17:26:20,22.04
4/27/2026,17:26:21,21.89
4/27/2026,17:26:22,21.89
4/27/2026,17:26:23,21.9
4/27/2026,17:26:24,22.17
4/27/2026,17:26:25,22.17
4/27/2026,17:26:26,22.11
4/27/2026,17:26:27,22.04
4/27/2026,17:26:28,22.04
4/27/2026,17:26:29,22.17
4/27/2026,17:26:30,22.29
4/27/2026,17:26:31,22.29
4/27/2026,17:26:32,21.81
4/27/2026,17:26:33,21.88
4/27/2026,17:26:34,21.88
4/27/2026,17:26:35,22.45
4/27/2026,17:26:36,22.13
4/27/2026,17:26:37,22.13
4/27/2026,17:26:38,22.09
4/27/2026,17:26:38,9.99
4/27/2026,17:26:39,9.99
4/27/2026,17:26:40,9.99
4/27/2026,17:26:41,9.77
4/27/2026,17:26:42,9.4
4/27/2026,17:26:43,9.4
4/27/2026,17:26:44,9.75
4/27/2026,17:26:45,9.17
4/27/2026,17:26:46,9.17
4/27/2026,17:26:47,9.62
4/27/2026,17:26:48,9.62
4/27/2026,17:26:49,9.58
4/27/2026,17:26:50,9.28
4/27/2026,17:26:51,9.28
4/27/2026,17:26:52,9.39
4/27/2026,17:26:53,9.4
4/27/2026,17:26:54,9.4
4/27/2026,17:26:55,9.23
4/27/2026,17:26:56,9.27
4/27/2026,17:26:57,9.27
4/27/2026,17:26:58,9.55
4/27/2026,17:26:59,9.47
4/27/2026,17:27:00,9.47
4/27/2026,17:27:01,9.66
4/27/2026,17:27:02,9.07
4/27/2026,17:27:03,9.07
4/27/2026,17:27:04,9.59
4/27/2026,17:27:05,9.36
4/27/2026,17:27:06,9.36
4/27/2026,17:27:07,9.22
4/27/2026,17:27:08,10.68
4/27/2026,17:27:09,10.68
4/27/2026,17:27:10,9.42
4/27/2026,17:27:11,9.49
4/27/2026,17:27:12,9.49
4/27/2026,17:27:13,9.2
4/27/2026,17:27:14,9.53
4/27/2026,17:27:15,9.53
4/27/2026,17:27:16,9.13
4/27/2026,17:27:17,9.51
4/27/2026,17:27:18,9.51
4/27/2026,17:27:19,9.65
4/27/2026,17:27:21,9.72
4/27/2026,17:27:22,9.72
4/27/2026,17:27:23,9.6
4/27/2026,17:27:24,9.7
4/27/2026,17:27:25,9.7
4/27/2026,17:27:26,9.21
4/27/2026,17:27:27,9.37
4/27/2026,17:27:28,9.37
4/27/2026,17:27:29,9.54
4/27/2026,17:27:30,9.41
4/27/2026,17:27:31,9.41
4/27/2026,17:27:32,9.5
4/27/2026,17:27:33,9.35
4/27/2026,17:27:34,9.35
4/27/2026,17:27:35,9.67
4/27/2026,17:27:36,9.67
4/27/2026,17:27:37,9.67
4/27/2026,17:27:38,9.5
4/27/2026,17:27:38,11.69
4/27/2026,17:27:39,11.69
4/27/2026,17:27:40,11.69
4/27/2026,17:27:41,11.4
4/27/2026,17:27:42,11.23
4/27/2026,17:27:43,11.23
4/27/2026,17:27:44,11.41
4/27/2026,17:27:45,11.96
4/27/2026,17:27:46,11.96
4/27/2026,17:27:47,11.34
4/27/2026,17:27:48,11.63
4/27/2026,17:27:49,11.63
4/27/2026,17:27:50,11.49
4/27/2026,17:27:51,11.93
4/27/2026,17:27:52,11.93
4/27/2026,17:27:53,11.11
4/27/2026,17:27:54,11.63
4/27/2026,17:27:55,11.63
4/27/2026,17:27:56,11.07
4/27/2026,17:27:57,11.43
4/27/2026,17:27:58,11.43
4/27/2026,17:27:59,11.12
4/27/2026,17:28:00,11.78
4/27/2026,17:28:01,11.78
4/27/2026,17:28:02,11.27
4/27/2026,17:28:03,11.72
4/27/2026,17:28:04,11.72
4/27/2026,17:28:05,11.49
4/27/2026,17:28:06,11.54
4/27/2026,17:28:07,11.54
4/27/2026,17:28:08,11.07
4/27/2026,17:28:09,11.79
4/27/2026,17:28:10,11.79
4/27/2026,17:28:11,11.42
4/27/2026,17:28:12,12.56
4/27/2026,17:28:13,12.56
4/27/2026,17:28:14,11
4/27/2026,17:28:15,11.73
4/27/2026,17:28:16,11.73
4/27/2026,17:28:17,11.18
4/27/2026,17:28:18,11.48
4/27/2026,17:28:19,11.48
4/27/2026,17:28:20,11.7
4/27/2026,17:28:21,11.8
4/27/2026,17:28:22,11.8
4/27/2026,17:28:23,11.23
4/27/2026,17:28:24,11.43
4/27/2026,17:28:25,11.43
4/27/2026,17:28:26,11.28
4/27/2026,17:28:27,11.3
4/27/2026,17:28:28,11.3
4/27/2026,17:28:29,11.25
4/27/2026,17:28:30,11.85
4/27/2026,17:28:31,11.85
4/27/2026,17:28:32,11.46
4/27/2026,17:28:33,11.27
4/27/2026,17:28:34,11.27
4/27/2026,17:28:35,11.49
4/27/2026,17:28:36,12.05
4/27/2026,17:28:37,12.05
4/27/2026,17:28:38,11.26
4/27/2026,17:28:38,10.28
4/27/2026,17:28:39,10.28
4/27/2026,17:28:40,10.28
4/27/2026,17:28:41,9.38
4/27/2026,17:28:42,9.83
4/27/2026,17:28:43,9.83
4/27/2026,17:28:44,9.98
4/27/2026,17:28:45,9.29
4/27/2026,17:28:46,9.29
4/27/2026,17:28:47,9.61
4/27/2026,17:28:48,9.4
4/27/2026,17:28:49,9.4
4/27/2026,17:28:50,9.51
4/27/2026,17:28:51,9.64
4/27/2026,17:28:52,9.64
4/27/2026,17:28:53,9.53
4/27/2026,17:28:54,9.77
4/27/2026,17:28:55,9.77
4/27/2026,17:28:55,9.27
4/27/2026,17:28:56,9.27
4/27/2026,17:28:57,9.34
4/27/2026,17:28:58,9.34
4/27/2026,17:28:59,9.54
4/27/2026,17:29:00,9.58
4/27/2026,17:29:01,9.58
4/27/2026,17:29:02,9.35
4/27/2026,17:29:03,9.29
4/27/2026,17:29:04,9.29
4/27/2026,17:29:05,9.37
4/27/2026,17:29:06,9.61
4/27/2026,17:29:07,9.61
4/27/2026,17:29:08,9.16
4/27/2026,17:29:09,9.88
4/27/2026,17:29:10,9.88
4/27/2026,17:29:11,9.26
4/27/2026,17:29:12,9.53
4/27/2026,17:29:13,9.53
4/27/2026,17:29:14,9.63
4/27/2026,17:29:15,9.12
4/27/2026,17:29:16,9.12
4/27/2026,17:29:17,9.59
4/27/2026,17:29:18,9.21
4/27/2026,17:29:34,9.25
4/27/2026,17:29:35,9.5
4/27/2026,17:29:36,9.43
4/27/2026,17:29:37,9.43
4/27/2026,17:29:38,9.59
4/27/2026,17:29:38,35.86
4/27/2026,17:29:39,35.86
4/27/2026,17:29:40,35.86
4/27/2026,17:29:41,37.75
4/27/2026,17:29:42,37.85
4/27/2026,17:29:43,37.85
4/27/2026,17:29:44,38.12
4/27/2026,17:29:44,37.85
4/27/2026,17:29:45,37.85
4/27/2026,17:29:46,37.85
4/27/2026,17:29:47,38.06
4/27/2026,17:29:48,38.14
4/27/2026,17:29:49,38.14
4/27/2026,17:29:50,38.21
4/27/2026,17:29:51,37.87
4/27/2026,17:29:52,37.87
4/27/2026,17:29:53,38.05
4/27/2026,17:29:54,38.44
4/27/2026,17:29:55,38.44
4/27/2026,17:29:56,38.1
4/27/2026,17:29:57,38.21
4/27/2026,17:29:58,38.21
4/27/2026,17:29:59,38.35
4/27/2026,17:30:00,38.49
4/27/2026,17:30:01,38.49
4/27/2026,17:30:02,38.3
4/27/2026,17:30:03,38.82
4/27/2026,17:30:04,38.82
4/27/2026,17:30:05,38.82
4/27/2026,17:30:06,38.42
4/27/2026,17:30:07,38.42
4/27/2026,17:30:08,38.86
4/27/2026,17:30:09,39.1
4/27/2026,17:30:10,39.1
4/27/2026,17:30:11,38.47
4/27/2026,17:30:12,38.6
4/27/2026,17:30:13,38.6
4/27/2026,17:30:14,38.83
4/27/2026,17:30:15,38.53
4/27/2026,17:30:16,38.53
4/27/2026,17:30:17,38.54
4/27/2026,17:30:18,38.94
4/27/2026,17:30:19,38.94
4/27/2026,17:30:20,38.68
4/27/2026,17:30:21,38.51
4/27/2026,17:30:22,38.51
4/27/2026,17:30:23,38.63
4/27/2026,17:30:24,38.97
4/27/2026,17:30:25,38.97
4/27/2026,17:30:26,38.64
4/27/2026,17:30:27,38.52
4/27/2026,17:30:28,38.52
4/27/2026,17:30:29,39.35
4/27/2026,17:30:30,38.77
4/27/2026,17:30:31,38.77
4/27/2026,17:30:32,38.63
4/27/2026,17:30:33,39.06
4/27/2026,17:30:34,39.06
4/27/2026,17:30:35,38.94
4/27/2026,17:30:36,39.01
4/27/2026,17:30:37,39.01
4/27/2026,17:30:38,38.74
4/27/2026,17:30:38,11.56
4/27/2026,17:30:39,11.56
4/27/2026,17:30:40,11.56
4/27/2026,17:30:41,10.24
4/27/2026,17:30:42,9.73
4/27/2026,17:30:43,9.73
4/27/2026,17:30:44,9.94
4/27/2026,17:30:44,9.5
4/27/2026,17:30:45,9.5
4/27/2026,17:30:46,9.5
4/27/2026,17:30:47,10.12
4/27/2026,17:30:48,9.72
4/27/2026,17:30:49,9.72
4/27/2026,17:30:50,9.83
4/27/2026,17:30:51,9.22
4/27/2026,17:30:52,9.22
4/27/2026,17:30:53,9.54
4/27/2026,17:30:54,9.41
4/27/2026,17:30:55,9.41
4/27/2026,17:30:56,9.38
4/27/2026,17:30:57,9.11
4/27/2026,17:30:58,9.11
4/27/2026,17:30:59,10.5
4/27/2026,17:30:59,11.18
4/27/2026,17:31:00,11.18
4/27/2026,17:31:01,11.18
4/27/2026,17:31:02,9.59
4/27/2026,17:31:03,15.65
4/27/2026,17:31:04,15.65
4/27/2026,17:31:04,9.87
4/27/2026,17:31:05,9.87
4/27/2026,17:31:06,9.83
4/27/2026,17:31:07,10.26
4/27/2026,17:31:08,10.47
4/27/2026,17:31:09,10.47
4/27/2026,17:31:10,9.63
4/27/2026,17:31:11,9.31
4/27/2026,17:31:12,9.31
4/27/2026,17:31:13,9.58
4/27/2026,17:31:14,10.07
4/27/2026,17:31:15,10.07
4/27/2026,17:31:16,10.37
4/27/2026,17:31:17,10.58
4/27/2026,17:31:18,10.58
4/27/2026,17:31:19,10.74
4/27/2026,17:31:20,9.44
4/27/2026,17:31:21,9.44
4/27/2026,17:31:22,9.46
4/27/2026,17:31:23,10.01
4/27/2026,17:31:24,10.01
4/27/2026,17:31:25,12.05
4/27/2026,17:31:25,12.05
4/27/2026,17:31:26,9.62
4/27/2026,17:31:27,9.62
4/27/2026,17:31:28,9.39
4/27/2026,17:31:29,9.69
4/27/2026,17:31:30,9.69
4/27/2026,17:31:30,9.69
4/27/2026,17:31:31,9.83
4/27/2026,17:31:32,9.73
4/27/2026,17:31:33,9.73
4/27/2026,17:31:34,10.29
4/27/2026,17:31:35,10.16
4/27/2026,17:31:36,10.16
4/27/2026,17:31:37,9.81
4/27/2026,17:31:38,28.22
4/27/2026,17:31:38,28.22
4/27/2026,17:31:39,28.22
4/27/2026,17:31:40,33.31
4/27/2026,17:31:42,33.48
4/27/2026,17:31:43,33.48
4/27/2026,17:31:44,33.36
4/27/2026,17:31:44,33.55
4/27/2026,17:31:45,33.55
4/27/2026,17:31:46,33.55
4/27/2026,17:31:47,33.37
4/27/2026,17:31:48,33.62
4/27/2026,17:31:49,33.62
4/27/2026,17:31:50,33.7
4/27/2026,17:31:51,34.21
4/27/2026,17:31:52,34.21
4/27/2026,17:31:53,33.39
4/27/2026,17:31:54,34.01
4/27/2026,17:31:55,34.01
4/27/2026,17:31:56,33.8
4/27/2026,17:31:57,33.23
4/27/2026,17:31:58,33.23
4/27/2026,17:31:59,33.23
4/27/2026,17:32:00,33.73
4/27/2026,17:32:01,33.73
4/27/2026,17:32:02,33.5
4/27/2026,17:32:03,33.61
4/27/2026,17:32:04,33.61
4/27/2026,17:32:05,33.82
4/27/2026,17:32:06,33.92
4/27/2026,17:32:07,33.92
4/27/2026,17:32:08,33.8
4/27/2026,17:32:09,32.46
4/27/2026,17:32:10,32.46
4/27/2026,17:32:11,34.04
4/27/2026,17:32:12,32.91
4/27/2026,17:32:13,32.91
4/27/2026,17:32:14,33.83
4/27/2026,17:32:15,34.08
4/27/2026,17:32:16,34.08
4/27/2026,17:32:17,33.25
4/27/2026,17:32:18,33.25
4/27/2026,17:32:19,33.25
4/27/2026,17:32:20,33.69
4/27/2026,17:32:21,34.45
4/27/2026,17:32:22,34.45
4/27/2026,17:32:23,33.81
4/27/2026,17:32:24,33.82
4/27/2026,17:32:25,33.82
4/27/2026,17:32:26,34.03
4/27/2026,17:32:27,33.84
4/27/2026,17:32:28,33.84
4/27/2026,17:32:29,33.66
4/27/2026,17:32:30,33.97
4/27/2026,17:32:31,33.97
4/27/2026,17:32:32,33.85
4/27/2026,17:32:33,34.06
4/27/2026,17:32:34,34.06
4/27/2026,17:32:35,34.06
4/27/2026,17:32:36,34.23
4/27/2026,17:32:37,34.23
4/27/2026,17:32:38,33.62
4/27/2026,17:32:38,11.63
4/27/2026,17:32:39,11.63
4/27/2026,17:32:40,11.63
4/27/2026,17:32:41,9.74
4/27/2026,17:32:42,9.63
4/27/2026,17:32:43,9.63
4/27/2026,17:32:44,10.06
4/27/2026,17:32:44,9.6
4/27/2026,17:32:45,9.6
4/27/2026,17:32:46,9.6
4/27/2026,17:32:47,9.57
4/27/2026,17:32:48,9.95
4/27/2026,17:32:49,9.95
4/27/2026,17:32:50,9.44
4/27/2026,17:32:51,9.57
4/27/2026,17:32:52,9.57
4/27/2026,17:32:53,9.42
4/27/2026,17:32:54,9.61
4/27/2026,17:32:55,9.61
4/27/2026,17:32:56,9.25
4/27/2026,17:32:57,9.43
4/27/2026,17:32:58,9.43
4/27/2026,17:32:59,9.67
4/27/2026,17:33:00,9.21
4/27/2026,17:33:01,9.21
4/27/2026,17:33:02,9.38
4/27/2026,17:33:03,9.33
4/27/2026,17:33:04,9.33
4/27/2026,17:33:05,9.41
4/27/2026,17:33:06,9.49
4/27/2026,17:33:07,9.49
4/27/2026,17:33:08,9.34
4/27/2026,17:33:09,9.72
4/27/2026,17:33:10,9.72
4/27/2026,17:33:11,9.61
4/27/2026,17:33:12,9.29
4/27/2026,17:33:13,9.29
4/27/2026,17:33:14,9.49
4/27/2026,17:33:15,9.68
4/27/2026,17:33:16,9.68
4/27/2026,17:33:17,9.44
4/27/2026,17:33:18,9.72
4/27/2026,17:33:19,9.72
4/27/2026,17:33:20,9.31
4/27/2026,17:33:21,9.32
4/27/2026,17:33:22,9.32
4/27/2026,17:33:23,9.22
4/27/2026,17:33:24,9.69
4/27/2026,17:33:25,9.69
4/27/2026,17:33:26,9.29
4/27/2026,17:33:27,9.39
4/27/2026,17:33:28,9.39
4/27/2026,17:33:29,9.91
4/27/2026,17:33:30,9.42
4/27/2026,17:33:31,9.42
4/27/2026,17:33:32,9.32
4/27/2026,17:33:33,9.32
4/27/2026,17:33:34,9.32
4/27/2026,17:33:35,9.45
4/27/2026,17:33:36,9.45
4/27/2026,17:33:37,9.45
4/27/2026,17:33:38,9.69
4/27/2026,17:33:38,26.18
4/27/2026,17:33:39,26.18
4/27/2026,17:33:40,26.18
4/27/2026,17:33:41,30.69
4/27/2026,17:33:42,31.09
4/27/2026,17:33:43,31.09
4/27/2026,17:33:43,31.04
4/27/2026,17:33:44,31.04
4/27/2026,17:33:45,30.86
4/27/2026,17:33:46,30.86
4/27/2026,17:33:47,31.12
4/27/2026,17:33:48,31.35
4/27/2026,17:33:49,31.35
4/27/2026,17:33:50,31.98
4/27/2026,17:33:51,30.88
4/27/2026,17:33:52,30.88
4/27/2026,17:33:53,30.88
4/27/2026,17:33:54,31.13
4/27/2026,17:33:55,31.13
4/27/2026,17:33:56,30.85
4/27/2026,17:33:57,30.89
4/27/2026,17:33:58,30.89
4/27/2026,17:33:59,31.48
4/27/2026,17:34:00,31.02
4/27/2026,17:34:01,31.02
4/27/2026,17:34:02,31.22
4/27/2026,17:34:03,31.08
4/27/2026,17:34:04,31.08
4/27/2026,17:34:05,31.99
4/27/2026,17:34:06,31.06
4/27/2026,17:34:07,31.06
4/27/2026,17:34:08,31.27
4/27/2026,17:34:09,31.75
4/27/2026,17:34:10,31.75
4/27/2026,17:34:11,31.35
4/27/2026,17:34:12,31.3
4/27/2026,17:34:13,31.3
4/27/2026,17:34:14,31.88
4/27/2026,17:34:15,31.02
4/27/2026,17:34:16,31.02
4/27/2026,17:34:17,31.33
4/27/2026,17:34:18,31.48
4/27/2026,17:34:19,31.48
4/27/2026,17:34:20,31.64
4/27/2026,17:34:21,31.23
4/27/2026,17:34:22,31.23
4/27/2026,17:34:23,31.5
4/27/2026,17:34:24,31.52
4/27/2026,17:34:25,31.52
4/27/2026,17:34:26,31.43
4/27/2026,17:34:27,31.33
4/27/2026,17:34:28,31.33
4/27/2026,17:34:29,32.25
4/27/2026,17:34:30,31.34
4/27/2026,17:34:31,31.34
4/27/2026,17:34:32,31.38
4/27/2026,17:34:33,31.21
4/27/2026,17:34:34,31.21
4/27/2026,17:34:35,31.65
4/27/2026,17:34:36,32
4/27/2026,17:34:37,32
4/27/2026,17:34:38,31.46
4/27/2026,17:34:38,11.47
4/27/2026,17:34:39,11.47
4/27/2026,17:34:40,11.47
4/27/2026,17:34:41,10.42
4/27/2026,17:34:42,9.67
4/27/2026,17:34:43,9.71
4/27/2026,17:34:44,9.92
4/27/2026,17:34:44,9.92
4/27/2026,17:34:45,9.92
4/27/2026,17:34:46,9.46
4/27/2026,17:34:47,9.79
4/27/2026,17:34:48,9.79
4/27/2026,17:34:49,9.91
4/27/2026,17:34:50,9.5
4/27/2026,17:34:51,9.5
4/27/2026,17:34:52,9.37
4/27/2026,17:34:53,9.79
4/27/2026,17:34:54,9.79
4/27/2026,17:34:55,9.15
4/27/2026,17:34:56,9.27
4/27/2026,17:34:57,9.27
4/27/2026,17:34:58,9.45
4/27/2026,17:34:59,9.55
4/27/2026,17:35:00,9.55
4/27/2026,17:35:01,9.42
4/27/2026,17:35:02,9.61
4/27/2026,17:35:03,9.61
4/27/2026,17:35:04,9.52
4/27/2026,17:35:05,9.22
4/27/2026,17:35:06,9.22
4/27/2026,17:35:07,9.48
4/27/2026,17:35:08,10.03
4/27/2026,17:35:09,10.03
4/27/2026,17:35:10,9.39
4/27/2026,17:35:11,9.68
4/27/2026,17:35:12,9.68
4/27/2026,17:35:13,9.63
4/27/2026,17:35:15,9.47
4/27/2026,17:35:16,9.47
4/27/2026,17:35:17,9.66
4/27/2026,17:35:18,9.51
4/27/2026,17:35:19,9.51
4/27/2026,17:35:20,9.39
4/27/2026,17:35:21,9.3
4/27/2026,17:35:22,9.3
4/27/2026,17:35:23,9.16
4/27/2026,17:35:24,9.7
4/27/2026,17:35:25,9.7
4/27/2026,17:35:26,9.13
4/27/2026,17:35:27,9.54
4/27/2026,17:35:28,9.54
4/27/2026,17:35:29,9.48
4/27/2026,17:35:30,9.45
4/27/2026,17:35:31,9.45
4/27/2026,17:35:32,9.1
4/27/2026,17:35:33,9.61
4/27/2026,17:35:34,9.61
4/27/2026,17:35:35,9.28
4/27/2026,17:35:36,10.04
4/27/2026,17:35:37,10.04
4/27/2026,17:35:38,9.14
4/27/2026,17:35:38,28.17
4/27/2026,17:35:39,28.17
4/27/2026,17:35:40,28.17
4/27/2026,17:35:41,35.52
4/27/2026,17:35:42,35.62
4/27/2026,17:35:43,35.62
4/27/2026,17:35:44,36.1
4/27/2026,17:35:44,35.65
4/27/2026,17:35:45,35.65
4/27/2026,17:35:46,35.65
4/27/2026,17:35:47,35.86
4/27/2026,17:35:48,36.1
4/27/2026,17:35:49,36.1
4/27/2026,17:35:50,35.93
4/27/2026,17:35:51,36.11
4/27/2026,17:35:52,36.11
4/27/2026,17:35:53,35.72
4/27/2026,17:35:54,36.29
4/27/2026,17:35:55,36.29
4/27/2026,17:35:56,35.77
4/27/2026,17:35:57,36.08
4/27/2026,17:35:58,36.08
4/27/2026,17:35:59,36.12
4/27/2026,17:36:00,36.12
4/27/2026,17:36:01,36.12
4/27/2026,17:36:02,35.96
4/27/2026,17:36:03,36.39
4/27/2026,17:36:04,36.39
4/27/2026,17:36:05,36.01
4/27/2026,17:36:06,36.18
4/27/2026,17:36:07,36.18
4/27/2026,17:36:08,36.33
4/27/2026,17:36:09,36.44
4/27/2026,17:36:10,36.44
4/27/2026,17:36:11,36.09
4/27/2026,17:36:12,36.67
4/27/2026,17:36:13,36.67
4/27/2026,17:36:14,36.18
4/27/2026,17:36:15,36.45
4/27/2026,17:36:16,36.45
4/27/2026,17:36:17,36.15
4/27/2026,17:36:18,36.84
4/27/2026,17:36:19,36.84
4/27/2026,17:36:20,36.38
4/27/2026,17:36:21,36.34
4/27/2026,17:36:22,36.34
4/27/2026,17:36:23,36.95
4/27/2026,17:36:24,36.46
4/27/2026,17:36:25,36.46
4/27/2026,17:36:26,36.45
4/27/2026,17:36:27,36.73
4/27/2026,17:36:28,36.73
4/27/2026,17:36:29,36.28
4/27/2026,17:36:30,36.11
4/27/2026,17:36:31,36.11
4/27/2026,17:36:32,36.19
4/27/2026,17:36:33,36.72
4/27/2026,17:36:34,36.72
4/27/2026,17:36:35,36.46
4/27/2026,17:36:36,36.59
4/27/2026,17:36:37,36.59
4/27/2026,17:36:38,36.67
4/27/2026,17:36:38,11.83
4/27/2026,17:36:39,11.83
4/27/2026,17:36:40,11.83
4/27/2026,17:36:41,9.95
4/27/2026,17:36:42,9.79
4/27/2026,17:36:43,9.79
4/27/2026,17:36:43,9.96
4/27/2026,17:36:44,9.96
4/27/2026,17:36:45,9.85
4/27/2026,17:36:46,9.85
4/27/2026,17:36:47,9.9
4/27/2026,17:36:48,9.85
4/27/2026,17:36:49,9.85
4/27/2026,17:36:50,9.74
4/27/2026,17:36:51,9.63
4/27/2026,17:36:52,9.63
4/27/2026,17:36:53,9.4
4/27/2026,17:36:54,10.11
4/27/2026,17:36:55,10.11
4/27/2026,17:36:56,9.26
4/27/2026,17:36:57,9.54
4/27/2026,17:36:58,9.54
4/27/2026,17:36:59,9.56
4/27/2026,17:37:00,9.46
4/27/2026,17:37:01,9.46
4/27/2026,17:37:02,9.17
4/27/2026,17:37:03,9.38
4/27/2026,17:37:04,9.38
4/27/2026,17:37:05,9.82
4/27/2026,17:37:06,9.35
4/27/2026,17:37:07,9.35
4/27/2026,17:37:08,9.33
4/27/2026,17:37:09,9.72
4/27/2026,17:37:10,9.72
4/27/2026,17:37:11,9.19
4/27/2026,17:37:12,9.24
4/27/2026,17:37:13,9.24
4/27/2026,17:37:14,9.46
4/27/2026,17:37:15,9.21
4/27/2026,17:37:16,9.21
4/27/2026,17:37:17,9.28
4/27/2026,17:37:18,9.37
4/27/2026,17:37:19,9.37
4/27/2026,17:37:20,9.74
4/27/2026,17:37:21,9.52
4/27/2026,17:37:22,9.52
4/27/2026,17:37:23,9.4
4/27/2026,17:37:24,9.45
4/27/2026,17:37:25,9.45
4/27/2026,17:37:26,9.6
4/27/2026,17:37:27,9.34
4/27/2026,17:37:28,9.34
4/27/2026,17:37:29,9.74
4/27/2026,17:37:30,9.45
4/27/2026,17:37:31,9.45
4/27/2026,17:37:32,9.41
4/27/2026,17:37:33,9.2
4/27/2026,17:37:34,9.2
4/27/2026,17:37:35,9.42
4/27/2026,17:37:36,9.61
4/27/2026,17:37:37,9.61
4/27/2026,17:37:38,9.42
4/27/2026,17:37:38,22.18
4/27/2026,17:37:39,22.18
4/27/2026,17:37:40,22.18
4/27/2026,17:37:41,29.84
4/27/2026,17:37:42,29.7
4/27/2026,17:37:43,29.7
4/27/2026,17:37:44,30.17
4/27/2026,17:37:44,29.69
4/27/2026,17:37:45,29.69
4/27/2026,17:37:46,29.69
4/27/2026,17:37:47,30.09
4/27/2026,17:37:48,30.64
4/27/2026,17:37:49,30.64
4/27/2026,17:37:50,30.5
4/27/2026,17:37:51,30
4/27/2026,17:37:52,30
4/27/2026,17:37:53,30.24
4/27/2026,17:37:54,30.25
4/27/2026,17:37:55,30.25
4/27/2026,17:37:56,30.35
4/27/2026,17:37:57,30.08
4/27/2026,17:37:58,30.08
4/27/2026,17:37:59,30.4
4/27/2026,17:38:00,30.26
4/27/2026,17:38:01,30.26
4/27/2026,17:38:02,30.37
4/27/2026,17:38:03,30.23
4/27/2026,17:38:04,30.23
4/27/2026,17:38:05,30.78
4/27/2026,17:38:06,30.32
4/27/2026,17:38:07,30.32
4/27/2026,17:38:08,30.41
4/27/2026,17:38:08,31.66
4/27/2026,17:38:09,31.66
4/27/2026,17:38:10,31.66
4/27/2026,17:38:11,30.47
4/27/2026,17:38:12,30.52
4/27/2026,17:38:13,30.52
4/27/2026,17:38:14,30.63
4/27/2026,17:38:15,30.3
4/27/2026,17:38:16,30.3
4/27/2026,17:38:17,30.62
4/27/2026,17:38:18,30.62
4/27/2026,17:38:19,30.72
4/27/2026,17:38:20,30.8
4/27/2026,17:38:21,30.8
4/27/2026,17:38:22,30.82
4/27/2026,17:38:23,30.81
4/27/2026,17:38:24,30.81
4/27/2026,17:38:25,30.41
4/27/2026,17:38:26,30.6
4/27/2026,17:38:27,30.6
4/27/2026,17:38:28,30.74
4/27/2026,17:38:29,30.52
4/27/2026,17:38:30,30.52
4/27/2026,17:38:31,30.45
4/27/2026,17:38:32,30.53
4/27/2026,17:38:33,30.53
4/27/2026,17:38:34,30.37
4/27/2026,17:38:35,30.81
4/27/2026,17:38:36,30.81
4/27/2026,17:38:37,30.52
4/27/2026,17:38:38,12.14
4/27/2026,17:38:38,12.14
4/27/2026,17:38:39,12.14
4/27/2026,17:38:40,10.3
4/27/2026,17:38:41,9.63
4/27/2026,17:38:42,9.63
4/27/2026,17:38:43,9.83
4/27/2026,17:38:43,9.83
4/27/2026,17:38:44,9.63
4/27/2026,17:38:45,9.63
4/27/2026,17:38:46,9.67
4/27/2026,17:38:47,9.45
4/27/2026,17:38:48,9.45
4/27/2026,17:38:49,10.05
4/27/2026,17:38:51,9.33
4/27/2026,17:38:52,9.33
4/27/2026,17:38:53,9.56
4/27/2026,17:38:54,9.94
4/27/2026,17:38:55,9.94
4/27/2026,17:38:56,9.23
4/27/2026,17:38:57,9.36
4/27/2026,17:38:58,9.36
4/27/2026,17:38:59,9.51
4/27/2026,17:39:00,9.43
4/27/2026,17:39:01,9.43
4/27/2026,17:39:02,9.19
4/27/2026,17:39:03,9.4
4/27/2026,17:39:04,9.4
4/27/2026,17:39:05,10.14
4/27/2026,17:39:06,9.37
4/27/2026,17:39:07,9.37
4/27/2026,17:39:08,9.17
4/27/2026,17:39:09,10.31
4/27/2026,17:39:10,10.31
4/27/2026,17:39:11,9.15
4/27/2026,17:39:12,9.73
4/27/2026,17:39:13,9.73
4/27/2026,17:39:14,9.33
4/27/2026,17:39:15,9.74
4/27/2026,17:39:16,9.74
4/27/2026,17:39:17,9.1
4/27/2026,17:39:18,9.58
4/27/2026,17:39:19,9.58
4/27/2026,17:39:20,9.47
4/27/2026,17:39:21,9.54
4/27/2026,17:39:22,9.54
4/27/2026,17:39:23,9.17
4/27/2026,17:39:24,10.47
4/27/2026,17:39:25,10.47
4/27/2026,17:39:26,10
4/27/2026,17:39:27,9.38
4/27/2026,17:39:28,9.38
4/27/2026,17:39:29,9.54
4/27/2026,17:39:30,9.88
4/27/2026,17:39:31,9.88
4/27/2026,17:39:32,9.18
4/27/2026,17:39:33,9.21
4/27/2026,17:39:34,9.21
4/27/2026,17:39:35,9.56
4/27/2026,17:39:36,9.56
4/27/2026,17:39:37,9.56
4/27/2026,17:39:38,9.21
4/27/2026,17:39:38,15.31
4/27/2026,17:39:39,15.31
4/27/2026,17:39:40,15.31
4/27/2026,17:39:41,17.82
4/27/2026,17:39:42,17.5
4/27/2026,17:39:43,17.5
4/27/2026,17:39:43,17.71
4/27/2026,17:39:44,17.71
4/27/2026,17:39:45,17.59
4/27/2026,17:39:46,17.59
4/27/2026,17:39:47,17.52
4/27/2026,17:39:48,17.8
4/27/2026,17:39:49,17.8
4/27/2026,17:39:50,17.93
4/27/2026,17:39:51,17.45
4/27/2026,17:39:52,17.45
4/27/2026,17:39:53,17.47
4/27/2026,17:39:54,17.77
4/27/2026,17:39:55,17.77
4/27/2026,17:39:56,17.91
4/27/2026,17:39:57,17.75
4/27/2026,17:39:58,17.75
4/27/2026,17:39:59,17.54
4/27/2026,17:40:00,18.26
4/27/2026,17:40:01,18.26
4/27/2026,17:40:02,17.49
4/27/2026,17:40:03,17.37
4/27/2026,17:40:04,17.37
4/27/2026,17:40:05,17.93
4/27/2026,17:40:06,17.43
4/27/2026,17:40:07,17.43
4/27/2026,17:40:08,17.54
4/27/2026,17:40:09,18.05
4/27/2026,17:40:10,18.05
4/27/2026,17:40:11,17.71
4/27/2026,17:40:12,17.69
4/27/2026,17:40:13,17.69
4/27/2026,17:40:14,17.25
4/27/2026,17:40:15,17.52
4/27/2026,17:40:16,17.52
4/27/2026,17:40:17,17.68
4/27/2026,17:40:18,17.58
4/27/2026,17:40:19,17.58
4/27/2026,17:40:20,17.46
4/27/2026,17:40:21,17.88
4/27/2026,17:40:22,17.88
4/27/2026,17:40:23,17.42
4/27/2026,17:40:24,17.65
4/27/2026,17:40:25,17.65
4/27/2026,17:40:26,17.53
4/27/2026,17:40:27,18.45
4/27/2026,17:40:28,18.45
4/27/2026,17:40:29,17.45
4/27/2026,17:40:30,17.57
4/27/2026,17:40:31,17.57
4/27/2026,17:40:32,17.84
4/27/2026,17:40:33,17.65
4/27/2026,17:40:34,17.65
4/27/2026,17:40:35,17.46
4/27/2026,17:40:36,18.15
4/27/2026,17:40:37,18.15
4/27/2026,17:40:38,17.42
4/27/2026,17:40:38,11.59
4/27/2026,17:40:39,11.59
4/27/2026,17:40:40,11.59
4/27/2026,17:40:41,9.46
4/27/2026,17:40:42,9.6
4/27/2026,17:40:43,9.6
4/27/2026,17:40:43,9.96
4/27/2026,17:40:44,9.96
4/27/2026,17:40:45,9.43
4/27/2026,17:40:46,9.43
4/27/2026,17:40:47,9.59
4/27/2026,17:40:48,9.3
4/27/2026,17:40:49,9.3
4/27/2026,17:40:50,9.71
4/27/2026,17:40:51,9.37
4/27/2026,17:40:52,9.37
4/27/2026,17:40:53,9.39
4/27/2026,17:40:54,9.4
4/27/2026,17:40:55,9.4
4/27/2026,17:40:56,9.2
4/27/2026,17:40:57,9.41
4/27/2026,17:40:58,9.41
4/27/2026,17:40:59,10.07
4/27/2026,17:41:00,9.38
4/27/2026,17:41:01,9.38
4/27/2026,17:41:02,9.69
4/27/2026,17:41:03,9.33
4/27/2026,17:41:04,9.33
4/27/2026,17:41:05,9.86
4/27/2026,17:41:06,9.19
4/27/2026,17:41:07,9.19
4/27/2026,17:41:08,9.35
4/27/2026,17:41:09,9.61
4/27/2026,17:41:10,9.61
4/27/2026,17:41:11,9.34
4/27/2026,17:41:12,9.54
4/27/2026,17:41:13,9.54
4/27/2026,17:41:14,9.67
4/27/2026,17:41:15,9.34
4/27/2026,17:41:16,9.34
4/27/2026,17:41:17,9.27
4/27/2026,17:41:18,9.22
4/27/2026,17:41:19,9.22
4/27/2026,17:41:20,9.56
4/27/2026,17:41:21,9.44
4/27/2026,17:41:22,9.44
4/27/2026,17:41:23,9.39
4/27/2026,17:41:24,9.69
4/27/2026,17:41:25,9.69
4/27/2026,17:41:26,9.28
4/27/2026,17:41:27,9.35
4/27/2026,17:41:28,9.35
4/27/2026,17:41:29,9.67
4/27/2026,17:41:30,10
4/27/2026,17:41:31,10
4/27/2026,17:41:32,9.29
4/27/2026,17:41:33,9.48
4/27/2026,17:41:34,9.48
4/27/2026,17:41:35,10.4
4/27/2026,17:41:36,9.46
4/27/2026,17:41:37,9.46
4/27/2026,17:41:38,9.42
4/27/2026,17:41:38,16.87
4/27/2026,17:41:39,16.87
4/27/2026,17:41:40,16.87
4/27/2026,17:41:41,22.2
4/27/2026,17:41:42,22.06
4/27/2026,17:41:43,22.06
4/27/2026,17:41:44,22.02
4/27/2026,17:41:44,22.33
4/27/2026,17:41:45,22.33
4/27/2026,17:41:46,22.33
4/27/2026,17:41:47,22.44
4/27/2026,17:41:48,22.48
4/27/2026,17:41:49,22.48
4/27/2026,17:41:50,22.44
4/27/2026,17:41:51,22.05
4/27/2026,17:41:52,22.26
4/27/2026,17:41:53,22.09
4/27/2026,17:41:54,22.09
4/27/2026,17:41:55,22.51
4/27/2026,17:41:56,22.21
4/27/2026,17:41:57,22.21
4/27/2026,17:41:58,22.28
4/27/2026,17:41:59,22.65
4/27/2026,17:42:00,22.65
4/27/2026,17:42:01,22.6
4/27/2026,17:42:02,22.22
4/27/2026,17:42:03,22.22
4/27/2026,17:42:04,22.79
4/27/2026,17:42:05,22.19
4/27/2026,17:42:06,22.19
4/27/2026,17:42:07,22.46
4/27/2026,17:42:08,23.15
4/27/2026,17:42:09,23.15
4/27/2026,17:42:10,22.68
4/27/2026,17:42:11,22.2
4/27/2026,17:42:12,22.2
4/27/2026,17:42:13,22.44
4/27/2026,17:42:14,22.47
4/27/2026,17:42:15,22.47
4/27/2026,17:42:16,22.58
4/27/2026,17:42:17,22.31
4/27/2026,17:42:18,22.31
4/27/2026,17:42:19,23.08
4/27/2026,17:42:20,22.4
4/27/2026,17:42:21,22.4
4/27/2026,17:42:22,22.53
4/27/2026,17:42:23,22.37
4/27/2026,17:42:24,22.37
4/27/2026,17:42:25,22.84
4/27/2026,17:42:27,22.32
4/27/2026,17:42:28,22.32
4/27/2026,17:42:29,22.65
4/27/2026,17:42:30,22.4
4/27/2026,17:42:31,22.4
4/27/2026,17:42:32,22.76
4/27/2026,17:42:33,22.62
4/27/2026,17:42:34,22.62
4/27/2026,17:42:35,22.67
4/27/2026,17:42:36,22.67
4/27/2026,17:42:37,22.67
4/27/2026,17:42:38,22.44
4/27/2026,17:42:38,12.28
4/27/2026,17:42:39,12.28
4/27/2026,17:42:40,12.28
4/27/2026,17:42:41,9.62
4/27/2026,17:42:42,9.52
4/27/2026,17:42:43,9.52
4/27/2026,17:42:44,9.62
4/27/2026,17:42:44,9.83
4/27/2026,17:42:45,9.83
4/27/2026,17:42:46,9.83
4/27/2026,17:42:47,9.42
4/27/2026,17:42:48,9.36
4/27/2026,17:42:49,9.36
4/27/2026,17:42:50,9.49
4/27/2026,17:42:51,9.48
4/27/2026,17:42:52,9.48
4/27/2026,17:42:53,9.17
4/27/2026,17:42:54,9.52
4/27/2026,17:42:55,9.52
4/27/2026,17:42:56,9.17
4/27/2026,17:42:57,9.49
4/27/2026,17:42:58,9.49
4/27/2026,17:42:59,9.18
4/27/2026,17:43:00,9.75
4/27/2026,17:43:01,9.75
4/27/2026,17:43:02,9.21
4/27/2026,17:43:03,9.78
4/27/2026,17:43:04,9.78
4/27/2026,17:43:05,9.7
4/27/2026,17:43:06,9.3
4/27/2026,17:43:07,9.3
4/27/2026,17:43:08,9.53
4/27/2026,17:43:09,9.81
4/27/2026,17:43:10,9.81
4/27/2026,17:43:11,9.22
4/27/2026,17:43:12,9.43
4/27/2026,17:43:13,9.43
4/27/2026,17:43:14,9.47
4/27/2026,17:43:15,10.07
4/27/2026,17:43:16,10.07
4/27/2026,17:43:17,9.41
4/27/2026,17:43:18,9.24
4/27/2026,17:43:19,9.24
4/27/2026,17:43:20,9.7
4/27/2026,17:43:21,9.13
4/27/2026,17:43:22,9.13
4/27/2026,17:43:23,9.35
4/27/2026,17:43:24,9.55
4/27/2026,17:43:25,9.55
4/27/2026,17:43:26,9.35
4/27/2026,17:43:27,9.62
4/27/2026,17:43:28,9.62
4/27/2026,17:43:29,9.2
4/27/2026,17:43:30,9.67
4/27/2026,17:43:31,9.67
4/27/2026,17:43:32,9.16
4/27/2026,17:43:33,9.37
4/27/2026,17:43:34,9.37
4/27/2026,17:43:35,9.53
4/27/2026,17:43:36,9.92
4/27/2026,17:43:37,9.92
4/27/2026,17:43:38,9.11
4/27/2026,17:43:38,19.14
4/27/2026,17:43:39,19.14
4/27/2026,17:43:40,19.14
4/27/2026,17:43:41,27.05
4/27/2026,17:43:42,27.14
4/27/2026,17:43:43,27.14
4/27/2026,17:43:43,26.96
4/27/2026,17:43:44,26.96
4/27/2026,17:43:45,27.48
4/27/2026,17:43:46,27.48
4/27/2026,17:43:47,26.8
4/27/2026,17:43:48,26.76
4/27/2026,17:43:49,26.76
4/27/2026,17:43:50,27.1
4/27/2026,17:43:51,27.07
4/27/2026,17:43:52,27.07
4/27/2026,17:43:53,27.02
4/27/2026,17:43:54,27.33
4/27/2026,17:43:55,27.33
4/27/2026,17:43:56,26.88
4/27/2026,17:43:57,27
4/27/2026,17:43:58,27
4/27/2026,17:43:59,26.56
4/27/2026,17:44:00,27.41
4/27/2026,17:44:01,27.41
4/27/2026,17:44:02,27.17
4/27/2026,17:44:03,27.28
4/27/2026,17:44:04,27.28
4/27/2026,17:44:05,27.35
4/27/2026,17:44:06,27.74
4/27/2026,17:44:07,27.74
4/27/2026,17:44:08,27.09
4/27/2026,17:44:09,27.6
4/27/2026,17:44:10,27.6
4/27/2026,17:44:11,27.49
4/27/2026,17:44:12,27.45
4/27/2026,17:44:13,27.45
4/27/2026,17:44:14,27.15
4/27/2026,17:44:15,27.61
4/27/2026,17:44:16,27.61
4/27/2026,17:44:17,27.2
4/27/2026,17:44:18,27.33
4/27/2026,17:44:19,27.33
4/27/2026,17:44:20,27.31
4/27/2026,17:44:21,27.33
4/27/2026,17:44:22,27.33
4/27/2026,17:44:23,27.27
4/27/2026,17:44:24,27.54
4/27/2026,17:44:25,27.54
4/27/2026,17:44:26,27.43
4/27/2026,17:44:27,27.57
4/27/2026,17:44:28,27.57
4/27/2026,17:44:29,27.46
4/27/2026,17:44:30,27.69
4/27/2026,17:44:31,27.69
4/27/2026,17:44:32,27.12
4/27/2026,17:44:33,27.28
4/27/2026,17:44:34,27.28
4/27/2026,17:44:35,27.47
4/27/2026,17:44:36,27.46
4/27/2026,17:44:37,27.46
4/27/2026,17:44:38,27.71
4/27/2026,17:44:38,12.54
4/27/2026,17:44:39,12.54
4/27/2026,17:44:40,12.54
4/27/2026,17:44:41,10.24
4/27/2026,17:44:42,9.29
4/27/2026,17:44:43,9.29
4/27/2026,17:44:43,10
4/27/2026,17:44:44,10
4/27/2026,17:44:45,9.39
4/27/2026,17:44:46,9.39
4/27/2026,17:44:47,9.58
4/27/2026,17:44:48,9.22
4/27/2026,17:44:49,9.22
4/27/2026,17:44:50,9.79
4/27/2026,17:44:51,9.61
4/27/2026,17:44:52,9.61
4/27/2026,17:44:53,9.4
4/27/2026,17:44:54,9.64
4/27/2026,17:44:55,9.64
4/27/2026,17:44:56,9.35
4/27/2026,17:44:57,9.33
4/27/2026,17:44:58,9.33
4/27/2026,17:44:59,9.73
4/27/2026,17:45:00,9.45
4/27/2026,17:45:01,9.45
4/27/2026,17:45:02,9.34
4/27/2026,17:45:03,9.74
4/27/2026,17:45:04,9.74
4/27/2026,17:45:05,9.51
4/27/2026,17:45:06,9.37
4/27/2026,17:45:07,9.37
4/27/2026,17:45:08,9.35
4/27/2026,17:45:09,10
4/27/2026,17:45:10,10
4/27/2026,17:45:11,9.58
4/27/2026,17:45:12,9.66
4/27/2026,17:45:13,9.66
4/27/2026,17:45:14,9.51
4/27/2026,17:45:15,9.12
4/27/2026,17:45:16,9.12
4/27/2026,17:45:17,9.45
4/27/2026,17:45:18,9.18
4/27/2026,17:45:19,9.18
4/27/2026,17:45:20,9.63
4/27/2026,17:45:21,9.21
4/27/2026,17:45:22,9.21
4/27/2026,17:45:23,9.33
4/27/2026,17:45:24,9.37
4/27/2026,17:45:25,9.37
4/27/2026,17:45:26,9.6
4/27/2026,17:45:27,9.21
4/27/2026,17:45:28,9.78
4/27/2026,17:45:29,9.16
4/27/2026,17:45:30,9.16
4/27/2026,17:45:31,9.34
4/27/2026,17:45:32,9.13
4/27/2026,17:45:33,9.13
4/27/2026,17:45:34,9.63
4/27/2026,17:45:35,9.72
4/27/2026,17:45:36,9.72
4/27/2026,17:45:37,9.27
4/27/2026,17:45:38,16.24
4/27/2026,17:45:38,16.24
4/27/2026,17:45:39,16.24
4/27/2026,17:45:40,23.3
4/27/2026,17:45:41,22.47
4/27/2026,17:45:42,22.47
4/27/2026,17:45:43,23.17
4/27/2026,17:45:44,22.82
4/27/2026,17:45:44,22.82
4/27/2026,17:45:45,22.82
4/27/2026,17:45:46,22.87
4/27/2026,17:45:47,22.86
4/27/2026,17:45:48,22.86
4/27/2026,17:45:49,22.87
4/27/2026,17:45:50,22.53
4/27/2026,17:45:51,22.53
4/27/2026,17:45:52,22.75
4/27/2026,17:45:53,22.93
4/27/2026,17:45:54,22.93
4/27/2026,17:45:55,22.71
4/27/2026,17:45:56,22.67
4/27/2026,17:45:57,22.67
4/27/2026,17:45:58,22.86
4/27/2026,17:45:59,23.08
4/27/2026,17:46:00,23.08
4/27/2026,17:46:02,22.72
4/27/2026,17:46:03,22.8
4/27/2026,17:46:04,22.8
4/27/2026,17:46:05,23.11
4/27/2026,17:46:06,22.98
4/27/2026,17:46:07,22.98
4/27/2026,17:46:08,22.82
4/27/2026,17:46:09,23.45
4/27/2026,17:46:10,23.45
4/27/2026,17:46:11,22.98
4/27/2026,17:46:12,23.25
4/27/2026,17:46:13,23.25
4/27/2026,17:46:14,23.05
4/27/2026,17:46:15,23.04
4/27/2026,17:46:16,23.04
4/27/2026,17:46:17,22.83
4/27/2026,17:46:18,22.93
4/27/2026,17:46:19,22.93
4/27/2026,17:46:20,23.01
4/27/2026,17:46:21,22.85
4/27/2026,17:46:22,22.85
4/27/2026,17:46:23,22.79
4/27/2026,17:46:24,23.19
4/27/2026,17:46:25,23.19
4/27/2026,17:46:26,22.72
4/27/2026,17:46:27,22.91
4/27/2026,17:46:28,22.91
4/27/2026,17:46:29,22.84
4/27/2026,17:46:30,23.17
4/27/2026,17:46:31,23.17
4/27/2026,17:46:32,22.65
4/27/2026,17:46:33,22.91
4/27/2026,17:46:34,22.91
4/27/2026,17:46:35,23.29
4/27/2026,17:46:36,23.26
4/27/2026,17:46:37,23.26
4/27/2026,17:46:38,22.75
4/27/2026,17:46:38,12.63
4/27/2026,17:46:39,12.63
4/27/2026,17:46:40,12.63
4/27/2026,17:46:41,9.45
4/27/2026,17:46:42,9.96
4/27/2026,17:46:43,9.96
4/27/2026,17:46:44,9.69
4/27/2026,17:46:44,9.84
4/27/2026,17:46:45,9.84
4/27/2026,17:46:46,9.84
4/27/2026,17:46:47,9.55
4/27/2026,17:46:48,9.24
4/27/2026,17:46:49,9.24
4/27/2026,17:46:50,10.11
4/27/2026,17:46:51,9.49
4/27/2026,17:46:52,9.49
4/27/2026,17:46:53,9.37
4/27/2026,17:46:54,9.49
4/27/2026,17:46:55,9.49
4/27/2026,17:46:56,9.22
4/27/2026,17:46:57,9.3
4/27/2026,17:46:58,9.3
4/27/2026,17:46:59,9.33
4/27/2026,17:47:00,9.59
4/27/2026,17:47:01,9.59
4/27/2026,17:47:02,9.29
4/27/2026,17:47:03,9.37
4/27/2026,17:47:04,9.37
4/27/2026,17:47:05,9.67
4/27/2026,17:47:06,9.44
4/27/2026,17:47:07,9.44
4/27/2026,17:47:08,9.15
4/27/2026,17:47:09,9.86
4/27/2026,17:47:10,9.86
4/27/2026,17:47:11,9.5
4/27/2026,17:47:12,9.6
4/27/2026,17:47:13,9.6
4/27/2026,17:47:14,9.5
4/27/2026,17:47:15,9.65
4/27/2026,17:47:16,9.65
4/27/2026,17:47:17,9.46
4/27/2026,17:47:18,9.58
4/27/2026,17:47:19,9.58
4/27/2026,17:47:20,9.42
4/27/2026,17:47:21,9.36
4/27/2026,17:47:22,9.36
4/27/2026,17:47:23,9.23
4/27/2026,17:47:24,9.32
4/27/2026,17:47:25,9.32
4/27/2026,17:47:26,9.3
4/27/2026,17:47:27,9.15
4/27/2026,17:47:28,9.15
4/27/2026,17:47:29,9.19
4/27/2026,17:47:30,9.61
4/27/2026,17:47:31,9.61
4/27/2026,17:47:32,9.09
4/27/2026,17:47:33,9.24
4/27/2026,17:47:34,9.24
4/27/2026,17:47:35,9.62
4/27/2026,17:47:36,9.47
4/27/2026,17:47:37,9.47
4/27/2026,17:47:38,9.05
4/27/2026,17:47:38,20.38
4/27/2026,17:47:39,20.38
4/27/2026,17:47:40,20.38
4/27/2026,17:47:41,37.21
4/27/2026,17:47:42,37.06
4/27/2026,17:47:43,37.06
4/27/2026,17:47:44,37.2
4/27/2026,17:47:44,37.63
4/27/2026,17:47:45,37.63
4/27/2026,17:47:46,37.63
4/27/2026,17:47:47,37.55
4/27/2026,17:47:48,37.95
4/27/2026,17:47:49,37.95
4/27/2026,17:47:50,37.64
4/27/2026,17:47:51,37.38
4/27/2026,17:47:52,37.38
4/27/2026,17:47:53,37.38
4/27/2026,17:47:54,37.73
4/27/2026,17:47:55,37.73
4/27/2026,17:47:56,37.69
4/27/2026,17:47:57,37.57
4/27/2026,17:47:58,37.57
4/27/2026,17:47:59,37.62
4/27/2026,17:48:00,37.92
4/27/2026,17:48:01,37.92
4/27/2026,17:48:02,37.61
4/27/2026,17:48:03,37.72
4/27/2026,17:48:04,37.72
4/27/2026,17:48:05,38.05
4/27/2026,17:48:06,37.65
4/27/2026,17:48:07,37.65
4/27/2026,17:48:08,37.93
4/27/2026,17:48:09,38.75
4/27/2026,17:48:10,38.75
4/27/2026,17:48:11,38.77
4/27/2026,17:48:12,37.87
4/27/2026,17:48:13,37.87
4/27/2026,17:48:14,37.98
4/27/2026,17:48:15,38.4
4/27/2026,17:48:16,38.4
4/27/2026,17:48:17,38.33
4/27/2026,17:48:18,38.53
4/27/2026,17:48:19,38.53
4/27/2026,17:48:20,38.32
4/27/2026,17:48:21,37.87
4/27/2026,17:48:22,37.87
4/27/2026,17:48:23,38.13
4/27/2026,17:48:24,37.97
4/27/2026,17:48:25,37.97
4/27/2026,17:48:26,38.42
4/27/2026,17:48:27,37.78
4/27/2026,17:48:28,37.78
4/27/2026,17:48:29,38.06
4/27/2026,17:48:30,38.38
4/27/2026,17:48:31,38.38
4/27/2026,17:48:32,38.15
4/27/2026,17:48:33,38.23
4/27/2026,17:48:34,38.23
4/27/2026,17:48:35,38.34
4/27/2026,17:48:36,38.29
4/27/2026,17:48:37,38.29
4/27/2026,17:48:38,38.03
4/27/2026,17:48:38,14.09
4/27/2026,17:48:39,14.09
4/27/2026,17:48:40,14.09
4/27/2026,17:48:41,9.9
4/27/2026,17:48:42,9.78
4/27/2026,17:48:43,9.78
4/27/2026,17:48:44,9.97
4/27/2026,17:48:44,10.08
4/27/2026,17:48:45,10.08
4/27/2026,17:48:46,10.08
4/27/2026,17:48:47,9.83
4/27/2026,17:48:48,9.62
4/27/2026,17:48:49,9.62
4/27/2026,17:48:50,10.82
4/27/2026,17:48:51,9.7
4/27/2026,17:48:52,9.7
4/27/2026,17:48:53,9.71
4/27/2026,17:48:54,9.65
4/27/2026,17:48:55,9.65
4/27/2026,17:48:56,9.47
4/27/2026,17:48:57,9.21
4/27/2026,17:48:58,9.21
4/27/2026,17:48:59,9.69
4/27/2026,17:49:00,9.13
4/27/2026,17:49:01,9.13
4/27/2026,17:49:02,9.33
4/27/2026,17:49:02,9.04
4/27/2026,17:49:03,9.04
4/27/2026,17:49:04,9.74
4/27/2026,17:49:05,9.24
4/27/2026,17:49:06,9.24
4/27/2026,17:49:07,9.24
4/27/2026,17:49:08,9.59
4/27/2026,17:49:09,9.59
4/27/2026,17:49:10,9.46
4/27/2026,17:49:11,9.48
4/27/2026,17:49:12,9.48
4/27/2026,17:49:13,9.62
4/27/2026,17:49:14,9.3
4/27/2026,17:49:15,9.3
4/27/2026,17:49:16,9.22
4/27/2026,17:49:17,9.47
4/27/2026,17:49:18,9.47
4/27/2026,17:49:19,9.42
4/27/2026,17:49:20,9.92
4/27/2026,17:49:21,9.92
4/27/2026,17:49:22,9.12
4/27/2026,17:49:23,9.7
4/27/2026,17:49:24,9.7
4/27/2026,17:49:25,9.54
4/27/2026,17:49:26,9.34
4/27/2026,17:49:27,9.34
4/27/2026,17:49:28,10.15
4/27/2026,17:49:28,10.15
4/27/2026,17:49:29,10.05
4/27/2026,17:49:30,10.05
4/27/2026,17:49:31,9.27
4/27/2026,17:49:32,9.32
4/27/2026,17:49:33,9.32
4/27/2026,17:49:34,9.48
4/27/2026,17:49:35,10.66
4/27/2026,17:49:37,10.66
4/27/2026,17:49:38,9.85
4/27/2026,17:49:38,17.57
4/27/2026,17:49:39,17.57
4/27/2026,17:49:40,17.57
4/27/2026,17:49:41,28.05
4/27/2026,17:49:42,28.22
4/27/2026,17:49:43,28.22
4/27/2026,17:49:44,28.42
4/27/2026,17:49:44,28.36
4/27/2026,17:49:45,28.36
4/27/2026,17:49:46,28.36
4/27/2026,17:49:47,28.41
4/27/2026,17:49:48,28.4
4/27/2026,17:49:49,28.4
4/27/2026,17:49:50,28.27
4/27/2026,17:49:51,28.49
4/27/2026,17:49:52,28.49
4/27/2026,17:49:53,28.88
4/27/2026,17:49:54,28.45
4/27/2026,17:49:55,28.45
4/27/2026,17:49:56,28.26
4/27/2026,17:49:57,28.35
4/27/2026,17:49:58,28.35
4/27/2026,17:49:59,28.45
4/27/2026,17:50:00,29.04
4/27/2026,17:50:01,29.04
4/27/2026,17:50:02,28.51
4/27/2026,17:50:03,28.25
4/27/2026,17:50:04,28.25
4/27/2026,17:50:05,28.91
4/27/2026,17:50:06,28.58
4/27/2026,17:50:07,28.58
4/27/2026,17:50:08,28.79
4/27/2026,17:50:09,28.94
4/27/2026,17:50:10,28.94
4/27/2026,17:50:11,28.82
4/27/2026,17:50:12,28.72
4/27/2026,17:50:13,28.72
4/27/2026,17:50:14,29.42
4/27/2026,17:50:15,28.51
4/27/2026,17:50:16,28.51
4/27/2026,17:50:17,28.67
4/27/2026,17:50:18,28.57
4/27/2026,17:50:19,28.57
4/27/2026,17:50:20,28.57
4/27/2026,17:50:21,29.23
4/27/2026,17:50:22,29.23
4/27/2026,17:50:23,28.97
4/27/2026,17:50:24,28.85
4/27/2026,17:50:25,28.85
4/27/2026,17:50:26,28.72
4/27/2026,17:50:27,28.9
4/27/2026,17:50:28,28.9
4/27/2026,17:50:29,28.79
4/27/2026,17:50:30,28.56
4/27/2026,17:50:31,28.56
4/27/2026,17:50:32,28.69
4/27/2026,17:50:33,28.59
4/27/2026,17:50:34,28.59
4/27/2026,17:50:35,28.73
4/27/2026,17:50:36,29.32
4/27/2026,17:50:37,29.32
4/27/2026,17:50:38,28.67
4/27/2026,17:50:38,14.49
4/27/2026,17:50:39,14.49
4/27/2026,17:50:40,14.49
4/27/2026,17:50:41,9.58
4/27/2026,17:50:42,10.34
4/27/2026,17:50:43,10.34
4/27/2026,17:50:44,10.07
4/27/2026,17:50:44,9.91
4/27/2026,17:50:45,9.91
4/27/2026,17:50:46,9.91
4/27/2026,17:50:47,9.56
4/27/2026,17:50:48,9.78
4/27/2026,17:50:49,9.78
4/27/2026,17:50:50,9.48
4/27/2026,17:50:51,9.41
4/27/2026,17:50:52,9.41
4/27/2026,17:50:53,9.58
4/27/2026,17:50:54,9.98
4/27/2026,17:50:55,9.98
4/27/2026,17:50:56,9.43
4/27/2026,17:50:57,9.39
4/27/2026,17:50:58,9.39
4/27/2026,17:50:59,9.4
4/27/2026,17:51:00,9.49
4/27/2026,17:51:01,9.49
4/27/2026,17:51:02,9.25
4/27/2026,17:51:03,9.24
4/27/2026,17:51:04,9.24
4/27/2026,17:51:05,9.55
4/27/2026,17:51:06,9.34
4/27/2026,17:51:07,9.34
4/27/2026,17:51:08,9.51
4/27/2026,17:51:09,9.97
4/27/2026,17:51:10,9.97
4/27/2026,17:51:11,9.38
4/27/2026,17:51:12,9.45
4/27/2026,17:51:13,9.45
4/27/2026,17:51:14,9.48
4/27/2026,17:51:15,9.69
4/27/2026,17:51:16,9.69
4/27/2026,17:51:17,9.44
4/27/2026,17:51:18,9.29
4/27/2026,17:51:19,9.29
4/27/2026,17:51:20,9.61
4/27/2026,17:51:21,9.28
4/27/2026,17:51:22,9.28
4/27/2026,17:51:23,9.49
4/27/2026,17:51:24,9.35
4/27/2026,17:51:25,9.35
4/27/2026,17:51:26,9.85
4/27/2026,17:51:27,9.39
4/27/2026,17:51:28,9.39
4/27/2026,17:51:29,9.32
4/27/2026,17:51:30,9.5
4/27/2026,17:51:31,9.5
4/27/2026,17:51:32,9.34
4/27/2026,17:51:33,9.33
4/27/2026,17:51:34,9.33
4/27/2026,17:51:35,9.37
4/27/2026,17:51:36,9.69
4/27/2026,17:51:37,9.69
4/27/2026,17:51:38,9.2
4/27/2026,17:51:38,16.86
4/27/2026,17:51:39,16.86
4/27/2026,17:51:40,16.86
4/27/2026,17:51:41,27.28
4/27/2026,17:51:42,26.61
4/27/2026,17:51:43,26.61
4/27/2026,17:51:44,24.72
4/27/2026,17:51:44,26.89
4/27/2026,17:51:45,26.89
4/27/2026,17:51:46,26.89
4/27/2026,17:51:47,26.8
4/27/2026,17:51:48,27.19
4/27/2026,17:51:49,27.19
4/27/2026,17:51:50,27.07
4/27/2026,17:51:51,26.7
4/27/2026,17:51:52,26.7
4/27/2026,17:51:53,26.15
4/27/2026,17:51:54,26.68
4/27/2026,17:51:55,26.68
4/27/2026,17:51:56,26.48
4/27/2026,17:51:57,26.77
4/27/2026,17:51:58,26.77
4/27/2026,17:51:59,26.98
4/27/2026,17:52:00,27.25
4/27/2026,17:52:01,27.25
4/27/2026,17:52:02,26.92
4/27/2026,17:52:03,26.78
4/27/2026,17:52:04,26.78
4/27/2026,17:52:05,26.97
4/27/2026,17:52:06,26.45
4/27/2026,17:52:07,26.45
4/27/2026,17:52:08,26.27
4/27/2026,17:52:09,26.6
4/27/2026,17:52:10,26.6
4/27/2026,17:52:11,26.69
4/27/2026,17:52:12,26.43
4/27/2026,17:52:13,26.43
4/27/2026,17:52:14,27.14
4/27/2026,17:52:15,27.55
4/27/2026,17:52:16,27.55
4/27/2026,17:52:17,26.81
4/27/2026,17:52:18,27.15
4/27/2026,17:52:19,27.15
4/27/2026,17:52:20,27.17
4/27/2026,17:52:21,26.75
4/27/2026,17:52:22,26.75
4/27/2026,17:52:23,27.05
4/27/2026,17:52:24,26.95
4/27/2026,17:52:25,26.95
4/27/2026,17:52:26,27.46
4/27/2026,17:52:27,26.93
4/27/2026,17:52:28,26.93
4/27/2026,17:52:29,27.28
4/27/2026,17:52:30,27.26
4/27/2026,17:52:31,27.26
4/27/2026,17:52:32,26.86
4/27/2026,17:52:33,26.82
4/27/2026,17:52:34,26.82
4/27/2026,17:52:35,27.43
4/27/2026,17:52:36,27.55
4/27/2026,17:52:37,27.55
4/27/2026,17:52:38,27.24
4/27/2026,17:52:38,13.78
4/27/2026,17:52:39,13.78
4/27/2026,17:52:40,9.97
4/27/2026,17:52:41,9.43
4/27/2026,17:52:42,9.43
4/27/2026,17:52:43,9.81
4/27/2026,17:52:44,9.35
4/27/2026,17:52:44,9.35
4/27/2026,17:52:45,9.35
4/27/2026,17:52:46,9.68
4/27/2026,17:52:47,9.21
4/27/2026,17:52:48,9.21
4/27/2026,17:52:49,9.62
4/27/2026,17:52:50,9.45
4/27/2026,17:52:51,9.45
4/27/2026,17:52:52,9.34
4/27/2026,17:52:53,9.51
4/27/2026,17:52:54,9.51
4/27/2026,17:52:55,9.4
4/27/2026,17:52:56,9.4
4/27/2026,17:52:57,9.4
4/27/2026,17:52:58,9.75
4/27/2026,17:52:59,9.71
4/27/2026,17:53:00,9.71
4/27/2026,17:53:01,9.51
4/27/2026,17:53:02,9.33
4/27/2026,17:53:03,9.33
4/27/2026,17:53:04,9.65
4/27/2026,17:53:05,9.42
4/27/2026,17:53:06,9.42
4/27/2026,17:53:07,9.09
4/27/2026,17:53:08,9.65
4/27/2026,17:53:09,9.65
4/27/2026,17:53:10,9.57
4/27/2026,17:53:12,9.44
4/27/2026,17:53:13,9.44
4/27/2026,17:53:14,9.39
4/27/2026,17:53:15,9.69
4/27/2026,17:53:16,9.69
4/27/2026,17:53:17,9.23
4/27/2026,17:53:18,9.34
4/27/2026,17:53:19,9.34
4/27/2026,17:53:20,9.48
4/27/2026,17:53:21,9.25
4/27/2026,17:53:22,9.25
4/27/2026,17:53:23,9.34
4/27/2026,17:53:24,9.39
4/27/2026,17:53:25,9.39
4/27/2026,17:53:26,9.52
4/27/2026,17:53:27,9.46
4/27/2026,17:53:28,9.46
4/27/2026,17:53:29,9.67
4/27/2026,17:53:30,9.84
4/27/2026,17:53:31,9.84
4/27/2026,17:53:32,9.6
4/27/2026,17:53:33,9.13
4/27/2026,17:53:34,9.13
4/27/2026,17:53:35,9.57
4/27/2026,17:53:36,9.39
4/27/2026,17:53:37,9.39
4/27/2026,17:53:38,9.14
4/27/2026,17:53:38,12.54
4/27/2026,17:53:39,12.54
4/27/2026,17:53:40,12.54
4/27/2026,17:53:41,15.08
4/27/2026,17:53:42,14.84
4/27/2026,17:53:43,14.84
4/27/2026,17:53:44,15.16
4/27/2026,17:53:44,15.22
4/27/2026,17:53:45,15.22
4/27/2026,17:53:46,15.22
4/27/2026,17:53:47,15.1
4/27/2026,17:53:48,15.19
4/27/2026,17:53:49,15.19
4/27/2026,17:53:50,15.15
4/27/2026,17:53:51,14.78
4/27/2026,17:53:52,14.78
4/27/2026,17:53:53,15.09
4/27/2026,17:53:54,15.03
4/27/2026,17:53:55,15.03
4/27/2026,17:53:56,14.65
4/27/2026,17:53:57,15.3
4/27/2026,17:53:58,15.3
4/27/2026,17:53:59,15.15
4/27/2026,17:54:00,15.4
4/27/2026,17:54:01,15.4
4/27/2026,17:54:02,15.04
4/27/2026,17:54:03,15.44
4/27/2026,17:54:04,15.44
4/27/2026,17:54:05,15.2
4/27/2026,17:54:06,14.82
4/27/2026,17:54:07,14.82
4/27/2026,17:54:08,14.82
4/27/2026,17:54:09,15.59
4/27/2026,17:54:10,15.59
4/27/2026,17:54:11,15.28
4/27/2026,17:54:12,14.98
4/27/2026,17:54:13,14.98
4/27/2026,17:54:14,14.82
4/27/2026,17:54:15,14.83
4/27/2026,17:54:16,14.83
4/27/2026,17:54:17,14.53
4/27/2026,17:54:18,15.89
4/27/2026,17:54:19,15.89
4/27/2026,17:54:20,14.75
4/27/2026,17:54:21,15.22
4/27/2026,17:54:22,15.22
4/27/2026,17:54:23,14.66
4/27/2026,17:54:24,15.56
4/27/2026,17:54:25,15.56
4/27/2026,17:54:26,14.84
4/27/2026,17:54:27,15.1
4/27/2026,17:54:28,15.1
4/27/2026,17:54:29,14.68
4/27/2026,17:54:30,15.89
4/27/2026,17:54:31,15.89
4/27/2026,17:54:32,14.86
4/27/2026,17:54:33,15.57
4/27/2026,17:54:34,15.57
4/27/2026,17:54:35,15.08
4/27/2026,17:54:36,15.3
4/27/2026,17:54:37,15.3
4/27/2026,17:54:38,14.85
4/27/2026,17:54:38,13.27
4/27/2026,17:54:39,13.27
4/27/2026,17:54:40,13.27
4/27/2026,17:54:41,9.69
4/27/2026,17:54:42,9.31
4/27/2026,17:54:43,9.31
4/27/2026,17:54:43,9.22
4/27/2026,17:54:44,9.22
4/27/2026,17:54:45,9.69
4/27/2026,17:54:46,9.69
4/27/2026,17:54:47,9.39
4/27/2026,17:54:48,9.21
4/27/2026,17:54:49,9.21
4/27/2026,17:54:50,9.86
4/27/2026,17:54:51,9.31
4/27/2026,17:54:52,9.31
4/27/2026,17:54:53,9.33
4/27/2026,17:54:54,9.23
4/27/2026,17:54:55,9.23
4/27/2026,17:54:56,9.54
4/27/2026,17:54:57,9.21
4/27/2026,17:54:58,9.21
4/27/2026,17:54:59,9.41
4/27/2026,17:55:00,9.49
4/27/2026,17:55:01,9.49
4/27/2026,17:55:02,9.64
4/27/2026,17:55:02,11.71
4/27/2026,17:55:03,11.71
4/27/2026,17:55:04,11.71
4/27/2026,17:55:05,10.58
4/27/2026,17:55:06,9.45
4/27/2026,17:55:07,9.45
4/27/2026,17:55:08,9.34
4/27/2026,17:55:08,9.43
4/27/2026,17:55:09,9.43
4/27/2026,17:55:10,9.43
4/27/2026,17:55:11,10.22
4/27/2026,17:55:12,9.34
4/27/2026,17:55:13,9.34
4/27/2026,17:55:14,9.51
4/27/2026,17:55:15,9.27
4/27/2026,17:55:16,9.27
4/27/2026,17:55:17,9.28
4/27/2026,17:55:18,9.26
4/27/2026,17:55:19,9.26
4/27/2026,17:55:20,9.47
4/27/2026,17:55:21,9.47
4/27/2026,17:55:22,9.47
4/27/2026,17:55:23,9.29
4/27/2026,17:55:24,9.72
4/27/2026,17:55:25,9.72
4/27/2026,17:55:26,9.14
4/27/2026,17:55:27,9.3
4/27/2026,17:55:28,9.3
4/27/2026,17:55:29,9.8
4/27/2026,17:55:30,9.36
4/27/2026,17:55:31,9.36
4/27/2026,17:55:32,9.38
4/27/2026,17:55:33,9.53
4/27/2026,17:55:34,9.53
4/27/2026,17:55:34,10.67
4/27/2026,17:55:35,10.67
4/27/2026,17:55:36,10.27
4/27/2026,17:55:37,10.27
4/27/2026,17:55:38,10.51
4/27/2026,17:55:39,16.89
4/27/2026,17:55:40,16.89
4/27/2026,17:55:40,34.89
4/27/2026,17:55:41,34.89
4/27/2026,17:55:42,35.06
4/27/2026,17:55:43,35.06
4/27/2026,17:55:44,35.5
4/27/2026,17:55:45,35.48
4/27/2026,17:55:46,35.48
4/27/2026,17:55:47,35.31
4/27/2026,17:55:48,35.37
4/27/2026,17:55:49,35.37
4/27/2026,17:55:50,35.75
4/27/2026,17:55:51,35.37
4/27/2026,17:55:52,35.37
4/27/2026,17:55:53,35.41
4/27/2026,17:55:54,35.56
4/27/2026,17:55:55,35.56
4/27/2026,17:55:56,35.58
4/27/2026,17:55:57,35.4
4/27/2026,17:55:58,35.4
4/27/2026,17:55:59,35.93
4/27/2026,17:56:00,35.46
4/27/2026,17:56:01,35.46
4/27/2026,17:56:02,35.76
4/27/2026,17:56:03,35.95
4/27/2026,17:56:04,35.95
4/27/2026,17:56:05,36.02
4/27/2026,17:56:06,35.96
4/27/2026,17:56:07,35.96
4/27/2026,17:56:07,36.9
4/27/2026,17:56:08,36.9
4/27/2026,17:56:09,36.09
4/27/2026,17:56:10,36.09
4/27/2026,17:56:11,35.86
4/27/2026,17:56:12,36.12
4/27/2026,17:56:13,36.12
4/27/2026,17:56:14,35.86
4/27/2026,17:56:15,35.86
4/27/2026,17:56:16,35.74
4/27/2026,17:56:17,35.7
4/27/2026,17:56:18,35.7
4/27/2026,17:56:19,36.39
4/27/2026,17:56:20,35.75
4/27/2026,17:56:21,35.75
4/27/2026,17:56:22,36.02
4/27/2026,17:56:23,36.27
4/27/2026,17:56:24,36.27
4/27/2026,17:56:25,35.9
4/27/2026,17:56:26,35.78
4/27/2026,17:56:27,35.78
4/27/2026,17:56:28,36.3
4/27/2026,17:56:29,36.03
4/27/2026,17:56:30,36.03
4/27/2026,17:56:31,36.02
4/27/2026,17:56:32,35.82
4/27/2026,17:56:33,35.82
4/27/2026,17:56:34,36.49
4/27/2026,17:56:35,36.29
4/27/2026,17:56:36,36.29
4/27/2026,17:56:37,36.23
4/27/2026,17:56:38,15.81
4/27/2026,17:56:38,15.81
4/27/2026,17:56:39,15.81
4/27/2026,17:56:40,10.11
4/27/2026,17:56:41,9.67
4/27/2026,17:56:42,9.67
4/27/2026,17:56:43,9.64
4/27/2026,17:56:44,9.97
4/27/2026,17:56:44,9.97
4/27/2026,17:56:45,9.97
4/27/2026,17:56:47,9.52
4/27/2026,17:56:48,9.73
4/27/2026,17:56:49,9.73
4/27/2026,17:56:50,9.73
4/27/2026,17:56:51,9.37
4/27/2026,17:56:52,9.37
4/27/2026,17:56:53,9.33
4/27/2026,17:56:54,9.88
4/27/2026,17:56:55,9.88
4/27/2026,17:56:56,10.11
4/27/2026,17:56:57,9.35
4/27/2026,17:56:58,9.35
4/27/2026,17:56:59,9.31
4/27/2026,17:57:00,9.52
4/27/2026,17:57:01,9.52
4/27/2026,17:57:02,9.43
4/27/2026,17:57:03,9.24
4/27/2026,17:57:04,9.24
4/27/2026,17:57:05,9.8
4/27/2026,17:57:06,9.47
4/27/2026,17:57:07,9.47
4/27/2026,17:57:08,9.59
4/27/2026,17:57:09,9.78
4/27/2026,17:57:10,9.78
4/27/2026,17:57:11,9.96
4/27/2026,17:57:12,9.53
4/27/2026,17:57:13,9.53
4/27/2026,17:57:14,9.36
4/27/2026,17:57:15,9.75
4/27/2026,17:57:16,9.75
4/27/2026,17:57:17,9.28
4/27/2026,17:57:18,9.29
4/27/2026,17:57:19,9.29
4/27/2026,17:57:20,9.39
4/27/2026,17:57:21,9.44
4/27/2026,17:57:22,9.44
4/27/2026,17:57:23,9.12
4/27/2026,17:57:24,9.97
4/27/2026,17:57:25,9.97
4/27/2026,17:57:25,8.96
4/27/2026,17:57:26,8.96
4/27/2026,17:57:27,9.27
4/27/2026,17:57:28,9.27
4/27/2026,17:57:29,9.01
4/27/2026,17:57:30,9.79
4/27/2026,17:57:31,9.79
4/27/2026,17:57:32,9.1
4/27/2026,17:57:33,9.51
4/27/2026,17:57:34,9.51
4/27/2026,17:57:35,9.36
4/27/2026,17:57:36,9.72
4/27/2026,17:57:37,9.72
4/27/2026,17:57:38,9.25
4/27/2026,17:57:38,17.02
4/27/2026,17:57:39,17.02
4/27/2026,17:57:40,17.02
4/27/2026,17:57:41,37.77
4/27/2026,17:57:42,37.99
4/27/2026,17:57:43,37.99
4/27/2026,17:57:44,37.95
4/27/2026,17:57:44,38.13
4/27/2026,17:57:45,38.13
4/27/2026,17:57:46,38.13
4/27/2026,17:57:47,37.83
4/27/2026,17:57:48,38.26
4/27/2026,17:57:49,38.26
4/27/2026,17:57:50,38.22
4/27/2026,17:57:51,37.93
4/27/2026,17:57:52,37.93
4/27/2026,17:57:53,37.97
4/27/2026,17:57:54,38.4
4/27/2026,17:57:55,38.4
4/27/2026,17:57:56,37.98
4/27/2026,17:57:57,38.15
4/27/2026,17:57:58,38.15
4/27/2026,17:57:59,38.07
4/27/2026,17:58:00,38.75
4/27/2026,17:58:01,38.75
4/27/2026,17:58:02,38.41
4/27/2026,17:58:03,38.44
4/27/2026,17:58:04,38.44
4/27/2026,17:58:05,38.68
4/27/2026,17:58:06,38.64
4/27/2026,17:58:07,38.64
4/27/2026,17:58:08,38.3
4/27/2026,17:58:09,39.07
4/27/2026,17:58:10,39.07
4/27/2026,17:58:11,39.87
4/27/2026,17:58:12,38.84
4/27/2026,17:58:13,38.84
4/27/2026,17:58:14,38.54
4/27/2026,17:58:15,39.01
4/27/2026,17:58:16,39.01
4/27/2026,17:58:17,38.55
4/27/2026,17:58:18,38.55
4/27/2026,17:58:19,38.55
4/27/2026,17:58:20,39.12
4/27/2026,17:58:21,38.68
4/27/2026,17:58:22,38.68
4/27/2026,17:58:23,38.6
4/27/2026,17:58:24,38.51
4/27/2026,17:58:25,38.51
4/27/2026,17:58:26,38.85
4/27/2026,17:58:27,38.55
4/27/2026,17:58:28,38.55
4/27/2026,17:58:29,38.65
4/27/2026,17:58:30,38.95
4/27/2026,17:58:31,38.95
4/27/2026,17:58:32,38.79
4/27/2026,17:58:33,38.6
4/27/2026,17:58:34,38.6
4/27/2026,17:58:35,38.7
4/27/2026,17:58:36,39.25
4/27/2026,17:58:37,39.25
4/27/2026,17:58:38,38.72
4/27/2026,17:58:38,17.05
4/27/2026,17:58:39,17.05
4/27/2026,17:58:40,17.05
4/27/2026,17:58:41,10.26
4/27/2026,17:58:42,10.85
4/27/2026,17:58:43,10.85
4/27/2026,17:58:44,9.77
4/27/2026,17:58:44,9.87
4/27/2026,17:58:45,9.87
4/27/2026,17:58:46,9.87
4/27/2026,17:58:47,10.01
4/27/2026,17:58:48,9.85
4/27/2026,17:58:49,9.85
4/27/2026,17:58:50,10
4/27/2026,17:58:51,9.92
4/27/2026,17:58:52,9.92
4/27/2026,17:58:53,9.57
4/27/2026,17:58:54,10.01
4/27/2026,17:58:55,10.01
4/27/2026,17:58:56,9.38
4/27/2026,17:58:57,9.28
4/27/2026,17:58:58,9.28
4/27/2026,17:58:59,9.18
4/27/2026,17:59:00,9.61
4/27/2026,17:59:01,9.61
4/27/2026,17:59:02,9.42
4/27/2026,17:59:03,9.15
4/27/2026,17:59:04,9.15
4/27/2026,17:59:05,9.67
4/27/2026,17:59:06,9.18
4/27/2026,17:59:07,9.18
4/27/2026,17:59:08,9.22
4/27/2026,17:59:09,9.14
4/27/2026,17:59:10,9.14
4/27/2026,17:59:11,10.15
4/27/2026,17:59:12,9.51
4/27/2026,17:59:13,9.51
4/27/2026,17:59:14,9.57
4/27/2026,17:59:15,9.48
4/27/2026,17:59:16,9.48
4/27/2026,17:59:17,9.94
4/27/2026,17:59:18,9.19
4/27/2026,17:59:19,9.19
4/27/2026,17:59:20,9.52
4/27/2026,17:59:21,9.16
4/27/2026,17:59:22,9.16
4/27/2026,17:59:23,9.3
4/27/2026,17:59:24,9.19
4/27/2026,17:59:25,9.19
4/27/2026,17:59:26,9.56
4/27/2026,17:59:27,9.09
4/27/2026,17:59:28,9.09
4/27/2026,17:59:29,9.33
4/27/2026,17:59:30,9.3
4/27/2026,17:59:31,9.3
4/27/2026,17:59:32,9.29
4/27/2026,17:59:33,9.27
4/27/2026,17:59:34,9.27
4/27/2026,17:59:35,9.67
4/27/2026,17:59:36,10.06
4/27/2026,17:59:37,10.06
4/27/2026,17:59:38,9.45
4/27/2026,17:59:38,16.15
4/27/2026,17:59:39,16.15
4/27/2026,17:59:40,16.15
4/27/2026,17:59:41,34.65
4/27/2026,17:59:42,35.38
4/27/2026,17:59:43,35.38
4/27/2026,17:59:44,35.6
4/27/2026,17:59:44,34.98
4/27/2026,17:59:45,34.98
4/27/2026,17:59:46,34.98
4/27/2026,17:59:47,35.25
4/27/2026,17:59:48,35.52
4/27/2026,17:59:49,35.37
4/27/2026,17:59:50,35.37
4/27/2026,17:59:51,35.37
4/27/2026,17:59:52,35.11
4/27/2026,17:59:53,35.43
4/27/2026,17:59:54,35.43
4/27/2026,17:59:55,35.23
4/27/2026,17:59:56,35.25
4/27/2026,17:59:57,35.25
4/27/2026,17:59:58,35.29
4/27/2026,17:59:59,35.63
4/27/2026,18:00:00,35.63
4/27/2026,18:00:01,35.18
4/27/2026,18:00:02,35.37
4/27/2026,18:00:03,35.37
4/27/2026,18:00:04,35.66
4/27/2026,18:00:05,35.42
4/27/2026,18:00:06,35.42
4/27/2026,18:00:07,35.57
4/27/2026,18:00:08,36
4/27/2026,18:00:09,36
4/27/2026,18:00:10,36.77
4/27/2026,18:00:11,35.78
4/27/2026,18:00:12,35.78
4/27/2026,18:00:13,35.88
4/27/2026,18:00:14,36.05
4/27/2026,18:00:15,36.05
4/27/2026,18:00:16,35.72
4/27/2026,18:00:17,35.55
4/27/2026,18:00:18,35.55
4/27/2026,18:00:19,35.59
4/27/2026,18:00:20,36.3
4/27/2026,18:00:21,36.3
4/27/2026,18:00:22,35.62
4/27/2026,18:00:24,35.73
4/27/2026,18:00:25,35.73
4/27/2026,18:00:26,36.31
4/27/2026,18:00:27,35.69
4/27/2026,18:00:28,35.69
4/27/2026,18:00:29,35.72
4/27/2026,18:00:30,35.55
4/27/2026,18:00:31,35.55
4/27/2026,18:00:32,36.06
4/27/2026,18:00:33,35.72
4/27/2026,18:00:34,35.72
4/27/2026,18:00:35,35.83
4/27/2026,18:00:36,35.91
4/27/2026,18:00:37,35.91
4/27/2026,18:00:38,35.65
4/27/2026,18:00:38,16.7
4/27/2026,18:00:39,16.7
4/27/2026,18:00:40,16.7
4/27/2026,18:00:41,9.95
4/27/2026,18:00:42,9.99
4/27/2026,18:00:43,9.99
4/27/2026,18:00:44,9.84
4/27/2026,18:00:44,10.22
4/27/2026,18:00:45,10.22
4/27/2026,18:00:46,10.22
4/27/2026,18:00:47,9.81
4/27/2026,18:00:48,9.63
4/27/2026,18:00:49,9.63
4/27/2026,18:00:50,9.83
4/27/2026,18:00:51,9.37
4/27/2026,18:00:52,9.37
4/27/2026,18:00:53,9.56
4/27/2026,18:00:54,9.77
4/27/2026,18:00:55,9.77
4/27/2026,18:00:56,9.34
4/27/2026,18:00:57,9.89
4/27/2026,18:00:58,9.89
4/27/2026,18:00:58,9.14
4/27/2026,18:00:59,9.14
4/27/2026,18:01:00,9.58
4/27/2026,18:01:01,9.58
4/27/2026,18:01:02,9.17
4/27/2026,18:01:03,9.31
4/27/2026,18:01:04,9.31
4/27/2026,18:01:05,9.46
4/27/2026,18:01:06,9.43
4/27/2026,18:01:07,9.43
4/27/2026,18:01:08,9.05
4/27/2026,18:01:09,9.75
4/27/2026,18:01:10,9.75
4/27/2026,18:01:11,9.37
4/27/2026,18:01:12,9.54
4/27/2026,18:01:13,9.54
4/27/2026,18:01:14,9.25
4/27/2026,18:01:15,9.71
4/27/2026,18:01:16,9.71
4/27/2026,18:01:17,9.79
4/27/2026,18:01:18,9.42
4/27/2026,18:01:19,9.42
4/27/2026,18:01:20,9.4
4/27/2026,18:01:21,9.46
4/27/2026,18:01:22,9.46
4/27/2026,18:01:23,9.52
4/27/2026,18:01:24,9.53
4/27/2026,18:01:25,9.53
4/27/2026,18:01:26,9.3
4/27/2026,18:01:27,9.22
4/27/2026,18:01:28,9.22
4/27/2026,18:01:29,9.36
4/27/2026,18:01:30,9.79
4/27/2026,18:01:31,9.79
4/27/2026,18:01:32,9.31
4/27/2026,18:01:33,9.07
4/27/2026,18:01:34,9.07
4/27/2026,18:01:35,9.79
4/27/2026,18:01:36,9.57
4/27/2026,18:01:37,9.57
4/27/2026,18:01:38,9.31
4/27/2026,18:01:38,13.93
4/27/2026,18:01:39,13.93
4/27/2026,18:01:40,13.93
4/27/2026,18:01:41,25.77
4/27/2026,18:01:42,26.17
4/27/2026,18:01:43,26.17
4/27/2026,18:01:44,26.25
4/27/2026,18:01:44,26.3
4/27/2026,18:01:45,26.3
4/27/2026,18:01:46,26.3
4/27/2026,18:01:47,25.77
4/27/2026,18:01:48,26.17
4/27/2026,18:01:49,26.17
4/27/2026,18:01:50,25.78
4/27/2026,18:01:51,25.39
4/27/2026,18:01:52,25.39
4/27/2026,18:01:53,25.34
4/27/2026,18:01:54,25.73
4/27/2026,18:01:55,25.73
4/27/2026,18:01:56,25.38
4/27/2026,18:01:57,25.96
4/27/2026,18:01:58,25.96
4/27/2026,18:01:59,26.4
4/27/2026,18:02:00,26.35
4/27/2026,18:02:01,26.35
4/27/2026,18:02:02,25.78
4/27/2026,18:02:03,26.39
4/27/2026,18:02:04,26.39
4/27/2026,18:02:05,26.58
4/27/2026,18:02:06,26.2
4/27/2026,18:02:07,26.2
4/27/2026,18:02:08,26.48
4/27/2026,18:02:09,26.71
4/27/2026,18:02:10,26.71
4/27/2026,18:02:11,27.01
4/27/2026,18:02:12,26.36
4/27/2026,18:02:13,26.36
4/27/2026,18:02:14,25.99
4/27/2026,18:02:15,26.8
4/27/2026,18:02:16,26.8
4/27/2026,18:02:17,26.06
4/27/2026,18:02:18,26.53
4/27/2026,18:02:19,26.53
4/27/2026,18:02:20,26.56
4/27/2026,18:02:21,26.35
4/27/2026,18:02:22,26.35
4/27/2026,18:02:23,26.33
4/27/2026,18:02:24,26.15
4/27/2026,18:02:25,26.15
4/27/2026,18:02:26,26.74
4/27/2026,18:02:27,26.38
4/27/2026,18:02:28,26.38
4/27/2026,18:02:29,26.35
4/27/2026,18:02:30,26.18
4/27/2026,18:02:31,26.18
4/27/2026,18:02:32,26.33
4/27/2026,18:02:33,26.54
4/27/2026,18:02:34,26.54
4/27/2026,18:02:35,25.93
4/27/2026,18:02:36,26.47
4/27/2026,18:02:37,26.47
4/27/2026,18:02:38,26.49
4/27/2026,18:02:38,16.19
4/27/2026,18:02:39,16.19
4/27/2026,18:02:40,16.19
4/27/2026,18:02:41,10.44
4/27/2026,18:02:42,9.47
4/27/2026,18:02:43,9.47
4/27/2026,18:02:43,9.61
4/27/2026,18:02:44,9.61
4/27/2026,18:02:45,9.82
4/27/2026,18:02:46,9.82
4/27/2026,18:02:47,9.58
4/27/2026,18:02:48,9.39
4/27/2026,18:02:49,9.39
4/27/2026,18:02:50,9.91
4/27/2026,18:02:51,9.38
4/27/2026,18:02:52,9.38
4/27/2026,18:02:53,9.74
4/27/2026,18:02:54,9.06
4/27/2026,18:02:55,9.06
4/27/2026,18:02:56,9.69
4/27/2026,18:02:57,9.6
4/27/2026,18:02:58,9.6
4/27/2026,18:02:59,9.66
4/27/2026,18:03:00,9.5
4/27/2026,18:03:01,9.5
4/27/2026,18:03:02,9.46
4/27/2026,18:03:03,9.21
4/27/2026,18:03:04,9.21
4/27/2026,18:03:05,9.71
4/27/2026,18:03:06,9.26
4/27/2026,18:03:07,9.26
4/27/2026,18:03:08,9.53
4/27/2026,18:03:09,9.24
4/27/2026,18:03:10,9.24
4/27/2026,18:03:11,10.14
4/27/2026,18:03:12,9.32
4/27/2026,18:03:13,9.32
4/27/2026,18:03:14,9.48
4/27/2026,18:03:15,9.83
4/27/2026,18:03:16,9.83
4/27/2026,18:03:17,9.33
4/27/2026,18:03:18,9.43
4/27/2026,18:03:19,9.43
4/27/2026,18:03:20,9.45
4/27/2026,18:03:21,9.81
4/27/2026,18:03:22,9.81
4/27/2026,18:03:23,9.52
4/27/2026,18:03:24,9.4
4/27/2026,18:03:25,9.5
4/27/2026,18:03:26,9.28
4/27/2026,18:03:27,9.28
4/27/2026,18:03:28,9.66
4/27/2026,18:03:29,9.56
4/27/2026,18:03:30,9.56
4/27/2026,18:03:31,9.27
4/27/2026,18:03:32,9.24
4/27/2026,18:03:33,9.24
4/27/2026,18:03:34,9.51
4/27/2026,18:03:35,9.68
4/27/2026,18:03:36,9.68
4/27/2026,18:03:37,9.49
4/27/2026,18:03:38,13.58
4/27/2026,18:03:38,13.58
4/27/2026,18:03:39,13.58
4/27/2026,18:03:40,27.09
4/27/2026,18:03:41,26.5
4/27/2026,18:03:42,26.5
4/27/2026,18:03:43,26.8
4/27/2026,18:03:43,26.8
4/27/2026,18:03:44,26.97
4/27/2026,18:03:45,26.97
4/27/2026,18:03:46,26.99
4/27/2026,18:03:47,27.02
4/27/2026,18:03:48,27.02
4/27/2026,18:03:49,27.19
4/27/2026,18:03:50,27.15
4/27/2026,18:03:51,27.15
4/27/2026,18:03:52,27.76
4/27/2026,18:03:53,26.95
4/27/2026,18:03:54,26.95
4/27/2026,18:03:55,27.24
4/27/2026,18:03:57,26.71
4/27/2026,18:03:57,26.71
4/27/2026,18:03:59,26.65
4/27/2026,18:04:00,27.35
4/27/2026,18:04:01,27.35
4/27/2026,18:04:02,27.25
4/27/2026,18:04:03,27.41
4/27/2026,18:04:04,27.41
4/27/2026,18:04:05,27.71
4/27/2026,18:04:06,27.24
4/27/2026,18:04:07,27.24
4/27/2026,18:04:08,27.9
4/27/2026,18:04:09,27.62
4/27/2026,18:04:10,27.62
4/27/2026,18:04:10,28.34
4/27/2026,18:04:11,28.34
4/27/2026,18:04:12,27.82
4/27/2026,18:04:13,27.82
4/27/2026,18:04:14,27.34
4/27/2026,18:04:15,28
4/27/2026,18:04:16,28
4/27/2026,18:04:17,27.89
4/27/2026,18:04:18,27.87
4/27/2026,18:04:19,27.87
4/27/2026,18:04:20,27.88
4/27/2026,18:04:21,28.03
4/27/2026,18:04:22,28.03
4/27/2026,18:04:23,27.9
4/27/2026,18:04:24,28.18
4/27/2026,18:04:25,28.18
4/27/2026,18:04:26,28.23
4/27/2026,18:04:27,27.6
4/27/2026,18:04:28,27.6
4/27/2026,18:04:29,27.77
4/27/2026,18:04:30,28.18
4/27/2026,18:04:31,28.18
4/27/2026,18:04:32,28.02
4/27/2026,18:04:33,27.71
4/27/2026,18:04:34,27.71
4/27/2026,18:04:35,27.54
4/27/2026,18:04:36,28.41
4/27/2026,18:04:37,28.41
4/27/2026,18:04:38,27.82
4/27/2026,18:04:38,18.18
4/27/2026,18:04:39,18.18
4/27/2026,18:04:40,18.18
4/27/2026,18:04:41,9.71
4/27/2026,18:04:42,9.8
4/27/2026,18:04:43,9.8
4/27/2026,18:04:44,9.36
4/27/2026,18:04:44,10
4/27/2026,18:04:45,10
4/27/2026,18:04:46,10
4/27/2026,18:04:47,9.42
4/27/2026,18:04:48,9.75
4/27/2026,18:04:49,9.75
4/27/2026,18:04:50,9.55
4/27/2026,18:04:51,9.62
4/27/2026,18:04:52,9.62
4/27/2026,18:04:53,9.03
4/27/2026,18:04:54,9.83
4/27/2026,18:04:55,9.83
4/27/2026,18:04:56,9.51
4/27/2026,18:04:57,9.36
4/27/2026,18:04:58,9.36
4/27/2026,18:04:59,9.42
4/27/2026,18:05:00,9.6
4/27/2026,18:05:01,9.6
4/27/2026,18:05:02,9.61
4/27/2026,18:05:03,9.92
4/27/2026,18:05:04,9.92
4/27/2026,18:05:05,9.55
4/27/2026,18:05:06,9.28
4/27/2026,18:05:07,9.28
4/27/2026,18:05:08,9.36
4/27/2026,18:05:09,9.68
4/27/2026,18:05:10,9.68
4/27/2026,18:05:11,10.09
4/27/2026,18:05:12,9.21
4/27/2026,18:05:13,9.21
4/27/2026,18:05:14,9.54
4/27/2026,18:05:15,9.29
4/27/2026,18:05:16,9.29
4/27/2026,18:05:17,9.22
4/27/2026,18:05:18,9.46
4/27/2026,18:05:19,9.46
4/27/2026,18:05:20,9.3
4/27/2026,18:05:21,9.35
4/27/2026,18:05:22,9.35
4/27/2026,18:05:23,9.03
4/27/2026,18:05:24,9.75
4/27/2026,18:05:25,9.75
4/27/2026,18:05:26,9.55
4/27/2026,18:05:27,9.71
4/27/2026,18:05:28,9.71
4/27/2026,18:05:29,9.34
4/27/2026,18:05:30,9.33
4/27/2026,18:05:31,9.33
4/27/2026,18:05:32,9.12
4/27/2026,18:05:33,9.41
4/27/2026,18:05:34,9.41
4/27/2026,18:05:35,10.43
4/27/2026,18:05:36,9.97
4/27/2026,18:05:37,9.97
4/27/2026,18:05:38,9.11
4/27/2026,18:05:38,13.91
4/27/2026,18:05:39,13.91
4/27/2026,18:05:40,13.91
4/27/2026,18:05:41,26.08
4/27/2026,18:05:42,26.4
4/27/2026,18:05:43,26.4
4/27/2026,18:05:44,26.36
4/27/2026,18:05:44,25.93
4/27/2026,18:05:45,25.93
4/27/2026,18:05:46,25.93
4/27/2026,18:05:47,26.38
4/27/2026,18:05:48,26.69
4/27/2026,18:05:49,26.69
4/27/2026,18:05:50,26.35
4/27/2026,18:05:51,26.42
4/27/2026,18:05:52,26.42
4/27/2026,18:05:53,26.15
4/27/2026,18:05:54,26.36
4/27/2026,18:05:55,26.36
4/27/2026,18:05:56,25.78
4/27/2026,18:05:57,26.73
4/27/2026,18:05:58,26.73
4/27/2026,18:05:59,26.78
4/27/2026,18:06:00,26.18
4/27/2026,18:06:01,26.18
4/27/2026,18:06:02,26.32
4/27/2026,18:06:03,26.36
4/27/2026,18:06:04,26.36
4/27/2026,18:06:05,26.78
4/27/2026,18:06:06,26.55
4/27/2026,18:06:07,26.55
4/27/2026,18:06:08,26.33
4/27/2026,18:06:09,27.05
4/27/2026,18:06:10,27.05
4/27/2026,18:06:11,26.7
4/27/2026,18:06:12,26.38
4/27/2026,18:06:13,26.38
4/27/2026,18:06:14,26.67
4/27/2026,18:06:15,26.3
4/27/2026,18:06:16,26.3
4/27/2026,18:06:17,26.69
4/27/2026,18:06:18,26.61
4/27/2026,18:06:19,26.61
4/27/2026,18:06:20,27.04
4/27/2026,18:06:21,26.64
4/27/2026,18:06:22,26.64
4/27/2026,18:06:23,26.77
4/27/2026,18:06:24,26.89
4/27/2026,18:06:25,26.89
4/27/2026,18:06:26,26.81
4/27/2026,18:06:27,26.73
4/27/2026,18:06:28,26.73
4/27/2026,18:06:28,27.72
4/27/2026,18:06:29,27.72
4/27/2026,18:06:30,26.9
4/27/2026,18:06:31,26.9
4/27/2026,18:06:32,27.13
4/27/2026,18:06:33,26.8
4/27/2026,18:06:34,26.8
4/27/2026,18:06:35,27.27
4/27/2026,18:06:36,27
4/27/2026,18:06:37,27
4/27/2026,18:06:38,26.9
4/27/2026,18:06:38,17.19
4/27/2026,18:06:39,17.19
4/27/2026,18:06:40,17.19
4/27/2026,18:06:41,9.78
4/27/2026,18:06:42,9.43
4/27/2026,18:06:43,9.43
4/27/2026,18:06:44,9.56
4/27/2026,18:06:44,9.97
4/27/2026,18:06:45,9.97
4/27/2026,18:06:46,9.97
4/27/2026,18:06:47,9.34
4/27/2026,18:06:48,9.31
4/27/2026,18:06:49,9.31
4/27/2026,18:06:50,9.85
4/27/2026,18:06:51,9.44
4/27/2026,18:06:52,9.44
4/27/2026,18:06:53,9.42
4/27/2026,18:06:54,9.72
4/27/2026,18:06:55,9.72
4/27/2026,18:06:56,9.3
4/27/2026,18:06:57,9.43
4/27/2026,18:06:58,9.43
4/27/2026,18:06:59,9.95
4/27/2026,18:07:00,9.95
4/27/2026,18:07:01,9.4
4/27/2026,18:07:02,9.2
4/27/2026,18:07:03,9.2
4/27/2026,18:07:04,9.72
4/27/2026,18:07:05,9.42
4/27/2026,18:07:06,9.42
4/27/2026,18:07:07,9.39
4/27/2026,18:07:08,9.75
4/27/2026,18:07:09,9.75
4/27/2026,18:07:10,10.15
4/27/2026,18:07:11,9.31
4/27/2026,18:07:12,9.31
4/27/2026,18:07:13,9.54
4/27/2026,18:07:14,9.51
4/27/2026,18:07:15,9.51
4/27/2026,18:07:16,9.39
4/27/2026,18:07:17,9.18
4/27/2026,18:07:18,9.18
4/27/2026,18:07:19,9.55
4/27/2026,18:07:20,9.44
4/27/2026,18:07:21,9.44
4/27/2026,18:07:22,9.16
4/27/2026,18:07:23,9.26
4/27/2026,18:07:24,9.26
4/27/2026,18:07:25,9.58
4/27/2026,18:07:26,9.29
4/27/2026,18:07:27,9.29
4/27/2026,18:07:28,9.15
4/27/2026,18:07:29,9.85
4/27/2026,18:07:30,9.85
4/27/2026,18:07:32,9.44
4/27/2026,18:07:33,9.13
4/27/2026,18:07:34,9.13
4/27/2026,18:07:35,9.16
4/27/2026,18:07:36,9.86
4/27/2026,18:07:37,9.86
4/27/2026,18:07:38,9.12
4/27/2026,18:07:38,13.82
4/27/2026,18:07:39,13.82
4/27/2026,18:07:40,13.82
4/27/2026,18:07:41,33.25
4/27/2026,18:07:42,33.53
4/27/2026,18:07:43,33.53
4/27/2026,18:07:43,33.75
4/27/2026,18:07:44,33.75
4/27/2026,18:07:45,34.11
4/27/2026,18:07:46,34.11
4/27/2026,18:07:47,33.6
4/27/2026,18:07:48,34.05
4/27/2026,18:07:49,34.05
4/27/2026,18:07:50,33.71
4/27/2026,18:07:51,33.92
4/27/2026,18:07:52,33.92
4/27/2026,18:07:53,33.79
4/27/2026,18:07:54,33.92
4/27/2026,18:07:55,33.92
4/27/2026,18:07:56,34.31
4/27/2026,18:07:57,33.95
4/27/2026,18:07:58,33.95
4/27/2026,18:07:59,33.78
4/27/2026,18:08:00,34.4
4/27/2026,18:08:01,34.4
4/27/2026,18:08:02,34.27
4/27/2026,18:08:03,34.23
4/27/2026,18:08:04,34.23
4/27/2026,18:08:05,34.04
4/27/2026,18:08:06,34.31
4/27/2026,18:08:07,34.31
4/27/2026,18:08:08,33.87
4/27/2026,18:08:09,34.25
4/27/2026,18:08:10,34.25
4/27/2026,18:08:11,34.62
4/27/2026,18:08:12,34.52
4/27/2026,18:08:13,34.52
4/27/2026,18:08:14,34.13
4/27/2026,18:08:15,34.49
4/27/2026,18:08:16,34.49
4/27/2026,18:08:17,34.07
4/27/2026,18:08:18,34.47
4/27/2026,18:08:19,34.47
4/27/2026,18:08:20,34.29
4/27/2026,18:08:21,34.78
4/27/2026,18:08:22,34.78
4/27/2026,18:08:23,34.27
4/27/2026,18:08:24,34.35
4/27/2026,18:08:25,34.35
4/27/2026,18:08:26,34.48
4/27/2026,18:08:27,34.39
4/27/2026,18:08:28,34.39
4/27/2026,18:08:29,34.14
4/27/2026,18:08:30,34.6
4/27/2026,18:08:31,34.6
4/27/2026,18:08:32,34.59
4/27/2026,18:08:33,34.94
4/27/2026,18:08:34,34.94
4/27/2026,18:08:35,34.34
4/27/2026,18:08:36,34.75
4/27/2026,18:08:37,34.75
4/27/2026,18:08:38,34.43
4/27/2026,18:08:38,19.55
4/27/2026,18:08:39,19.55
4/27/2026,18:08:40,19.55
4/27/2026,18:08:41,9.94
4/27/2026,18:08:42,9.74
4/27/2026,18:08:43,9.74
4/27/2026,18:08:43,10.02
4/27/2026,18:08:44,10.02
4/27/2026,18:08:45,10.1
4/27/2026,18:08:46,10.1
4/27/2026,18:08:47,9.61
4/27/2026,18:08:48,9.53
4/27/2026,18:08:49,9.53
4/27/2026,18:08:50,9.73
4/27/2026,18:08:51,9.46
4/27/2026,18:08:52,9.46
4/27/2026,18:08:53,9.43
4/27/2026,18:08:54,9.67
4/27/2026,18:08:55,9.67
4/27/2026,18:08:56,9.41
4/27/2026,18:08:57,9.46
4/27/2026,18:08:58,9.46
4/27/2026,18:08:59,9.12
4/27/2026,18:09:00,9.79
4/27/2026,18:09:01,9.79
4/27/2026,18:09:02,9.14
4/27/2026,18:09:03,9.84
4/27/2026,18:09:04,9.84
4/27/2026,18:09:05,9.78
4/27/2026,18:09:06,9.77
4/27/2026,18:09:07,9.77
4/27/2026,18:09:08,9.18
4/27/2026,18:09:09,9.56
4/27/2026,18:09:10,9.56
4/27/2026,18:09:11,9.48
4/27/2026,18:09:12,9.45
4/27/2026,18:09:13,9.45
4/27/2026,18:09:14,9.32
4/27/2026,18:09:15,9.79
4/27/2026,18:09:16,9.79
4/27/2026,18:09:17,9.46
4/27/2026,18:09:18,9.33
4/27/2026,18:09:19,9.33
4/27/2026,18:09:20,9.43
4/27/2026,18:09:21,9.27
4/27/2026,18:09:22,9.27
4/27/2026,18:09:23,9.15
4/27/2026,18:09:24,9.14
4/27/2026,18:09:25,9.14
4/27/2026,18:09:26,9.48
4/27/2026,18:09:27,9.24
4/27/2026,18:09:28,9.24
4/27/2026,18:09:29,9.3
4/27/2026,18:09:30,9.42
4/27/2026,18:09:31,9.42
4/27/2026,18:09:32,9.59
4/27/2026,18:09:33,9.17
4/27/2026,18:09:34,9.17
4/27/2026,18:09:35,9.77
4/27/2026,18:09:36,9.75
4/27/2026,18:09:37,9.75
4/27/2026,18:09:38,9.26
4/27/2026,18:09:38,13.3
4/27/2026,18:09:39,13.3
4/27/2026,18:09:40,13.3
4/27/2026,18:09:41,34.15
4/27/2026,18:09:42,33.92
4/27/2026,18:09:43,33.92
4/27/2026,18:09:44,34.05
4/27/2026,18:09:44,34.56
4/27/2026,18:09:45,34.56
4/27/2026,18:09:46,34.56
4/27/2026,18:09:47,34.99
4/27/2026,18:09:48,34.97
4/27/2026,18:09:49,34.97
4/27/2026,18:09:50,35.07
4/27/2026,18:09:51,34.59
4/27/2026,18:09:52,34.59
4/27/2026,18:09:53,34.81
4/27/2026,18:09:54,34.69
4/27/2026,18:09:55,34.69
4/27/2026,18:09:56,35.08
4/27/2026,18:09:57,34.87
4/27/2026,18:09:58,34.87
4/27/2026,18:09:59,34.91
4/27/2026,18:10:00,35.21
4/27/2026,18:10:01,35.21
4/27/2026,18:10:02,35
4/27/2026,18:10:03,35.2
4/27/2026,18:10:04,35.2
4/27/2026,18:10:05,35.04
4/27/2026,18:10:06,35.57
4/27/2026,18:10:07,35.57
4/27/2026,18:10:08,35.25
4/27/2026,18:10:09,35.53
4/27/2026,18:10:10,35.53
4/27/2026,18:10:11,35.54
4/27/2026,18:10:12,35.24
4/27/2026,18:10:13,35.24
4/27/2026,18:10:14,35.35
4/27/2026,18:10:15,35.5
4/27/2026,18:10:16,35.5
4/27/2026,18:10:17,35.15
4/27/2026,18:10:18,35.63
4/27/2026,18:10:19,35.63
4/27/2026,18:10:20,34.9
4/27/2026,18:10:21,35.32
4/27/2026,18:10:22,35.32
4/27/2026,18:10:23,35.21
4/27/2026,18:10:24,35.98
4/27/2026,18:10:25,35.98
4/27/2026,18:10:26,35.12
4/27/2026,18:10:27,35.28
4/27/2026,18:10:28,35.28
4/27/2026,18:10:29,35.4
4/27/2026,18:10:30,35.29
4/27/2026,18:10:31,35.29
4/27/2026,18:10:32,35.29
4/27/2026,18:10:33,35.62
4/27/2026,18:10:34,35.66
4/27/2026,18:10:35,35.6
4/27/2026,18:10:36,35.6
4/27/2026,18:10:37,36.49
4/27/2026,18:10:37,36.49
4/27/2026,18:10:38,21.03
4/27/2026,18:10:39,21.03
4/27/2026,18:10:40,9.81
4/27/2026,18:10:41,10.37
4/27/2026,18:10:42,10.37
4/27/2026,18:10:42,10.37
4/27/2026,18:10:43,9.85
4/27/2026,18:10:44,9.76
4/27/2026,18:10:45,9.76
4/27/2026,18:10:46,9.9
4/27/2026,18:10:47,9.48
4/27/2026,18:10:48,9.48
4/27/2026,18:10:49,10.09
4/27/2026,18:10:50,9.36
4/27/2026,18:10:50,9.36
4/27/2026,18:10:51,9.36
4/27/2026,18:10:52,9.74
4/27/2026,18:10:53,9.31
4/27/2026,18:10:54,9.31
4/27/2026,18:10:55,9.68
4/27/2026,18:10:56,9.38
4/27/2026,18:10:57,9.38
4/27/2026,18:10:58,9.4
4/27/2026,18:10:59,9.51
4/27/2026,18:11:00,9.51
4/27/2026,18:11:01,9.47
4/27/2026,18:11:02,9.27
4/27/2026,18:11:03,9.27
4/27/2026,18:11:04,9.62
4/27/2026,18:11:06,9.55
4/27/2026,18:11:07,9.55
4/27/2026,18:11:08,9.18
4/27/2026,18:11:09,9.63
4/27/2026,18:11:10,9.63
4/27/2026,18:11:11,9.38
4/27/2026,18:11:12,9.74
4/27/2026,18:11:13,9.74
4/27/2026,18:11:14,9.33
4/27/2026,18:11:15,9.76
4/27/2026,18:11:16,9.76
4/27/2026,18:11:17,9.44
4/27/2026,18:11:18,9.51
4/27/2026,18:11:19,9.51
4/27/2026,18:11:20,9.21
4/27/2026,18:11:21,10.11
4/27/2026,18:11:22,10.11
4/27/2026,18:11:23,9.14
4/27/2026,18:11:24,9.53
4/27/2026,18:11:25,9.53
4/27/2026,18:11:26,9.29
4/27/2026,18:11:27,9.51
4/27/2026,18:11:28,9.51
4/27/2026,18:11:29,9.23
4/27/2026,18:11:30,9.5
4/27/2026,18:11:31,9.5
4/27/2026,18:11:32,9.35
4/27/2026,18:11:33,9.32
4/27/2026,18:11:34,9.32
4/27/2026,18:11:35,9.38
4/27/2026,18:11:36,10.13
4/27/2026,18:11:37,10.13
4/27/2026,18:11:38,9.14
4/27/2026,18:11:38,12.49
4/27/2026,18:11:39,12.49
4/27/2026,18:11:40,12.49
4/27/2026,18:11:41,30.96
4/27/2026,18:11:42,30.33
4/27/2026,18:11:43,30.33
4/27/2026,18:11:43,30.34
4/27/2026,18:11:44,30.34
4/27/2026,18:11:45,30.66
4/27/2026,18:11:46,30.66
4/27/2026,18:11:47,30.34
4/27/2026,18:11:48,30.73
4/27/2026,18:11:49,30.73
4/27/2026,18:11:50,30.47
4/27/2026,18:11:51,31.35
4/27/2026,18:11:52,31.35
4/27/2026,18:11:53,30.95
4/27/2026,18:11:54,30.64
4/27/2026,18:11:55,30.64
4/27/2026,18:11:56,31.06
4/27/2026,18:11:57,30.86
4/27/2026,18:11:58,30.86
4/27/2026,18:11:59,30.78
4/27/2026,18:12:00,31.04
4/27/2026,18:12:01,31.04
4/27/2026,18:12:02,30.64
4/27/2026,18:12:03,30.89
4/27/2026,18:12:04,30.89
4/27/2026,18:12:05,30.9
4/27/2026,18:12:05,33.9
4/27/2026,18:12:06,33.9
4/27/2026,18:12:07,33.9
4/27/2026,18:12:08,31.14
4/27/2026,18:12:09,30.95
4/27/2026,18:12:10,30.95
4/27/2026,18:12:10,31.95
4/27/2026,18:12:11,31.95
4/27/2026,18:12:12,30.99
4/27/2026,18:12:13,30.99
4/27/2026,18:12:14,31.12
4/27/2026,18:12:15,31.26
4/27/2026,18:12:16,31.26
4/27/2026,18:12:17,30.92
4/27/2026,18:12:18,30.97
4/27/2026,18:12:19,30.97
4/27/2026,18:12:20,30.93
4/27/2026,18:12:21,31.17
4/27/2026,18:12:22,31.17
4/27/2026,18:12:23,31.07
4/27/2026,18:12:24,31.21
4/27/2026,18:12:25,31.21
4/27/2026,18:12:26,31.2
4/27/2026,18:12:27,31.01
4/27/2026,18:12:28,31.01
4/27/2026,18:12:29,30.95
4/27/2026,18:12:30,31.36
4/27/2026,18:12:31,31.36
4/27/2026,18:12:32,31.16
4/27/2026,18:12:33,31.22
4/27/2026,18:12:34,31.22
4/27/2026,18:12:35,30.96
4/27/2026,18:12:36,32.29
4/27/2026,18:12:37,32.29
4/27/2026,18:12:38,30.96
4/27/2026,18:12:38,20.78
4/27/2026,18:12:39,20.78
4/27/2026,18:12:40,20.78
4/27/2026,18:12:41,9.78
4/27/2026,18:12:42,10.23
4/27/2026,18:12:43,10.23
4/27/2026,18:12:44,9.47
4/27/2026,18:12:44,9.95
4/27/2026,18:12:45,9.95
4/27/2026,18:12:46,9.95
4/27/2026,18:12:47,9.47
4/27/2026,18:12:48,9.63
4/27/2026,18:12:49,9.63
4/27/2026,18:12:50,9.73
4/27/2026,18:12:51,9.39
4/27/2026,18:12:52,9.39
4/27/2026,18:12:53,9.39
4/27/2026,18:12:54,9.25
4/27/2026,18:12:55,9.25
4/27/2026,18:12:56,9.8
4/27/2026,18:12:57,9.27
4/27/2026,18:12:58,9.27
4/27/2026,18:12:59,9.34
4/27/2026,18:13:00,9.31
4/27/2026,18:13:01,9.31
4/27/2026,18:13:02,9.51
4/27/2026,18:13:03,9.23
4/27/2026,18:13:04,9.23
4/27/2026,18:13:05,9.61
4/27/2026,18:13:06,9.26
4/27/2026,18:13:07,9.26
4/27/2026,18:13:08,9.4
4/27/2026,18:13:09,9.56
4/27/2026,18:13:10,9.56
4/27/2026,18:13:11,9.77
4/27/2026,18:13:12,9.29
4/27/2026,18:13:13,9.29
4/27/2026,18:13:14,9.5
4/27/2026,18:13:15,9.43
4/27/2026,18:13:16,9.43
4/27/2026,18:13:17,9.36
4/27/2026,18:13:18,9.21
4/27/2026,18:13:19,9.21
4/27/2026,18:13:20,9.53
4/27/2026,18:13:21,9.26
4/27/2026,18:13:22,9.26
4/27/2026,18:13:23,9.08
4/27/2026,18:13:24,9.28
4/27/2026,18:13:25,9.28
4/27/2026,18:13:26,9.49
4/27/2026,18:13:27,9.59
4/27/2026,18:13:28,9.59
4/27/2026,18:13:29,9.23
4/27/2026,18:13:30,9.46
4/27/2026,18:13:31,9.46
4/27/2026,18:13:32,9.27
4/27/2026,18:13:33,9.28
4/27/2026,18:13:34,9.28
4/27/2026,18:13:35,9.56
4/27/2026,18:13:36,9.65
4/27/2026,18:13:37,9.65
4/27/2026,18:13:38,9.19
4/27/2026,18:13:38,13.02
4/27/2026,18:13:39,13.02
4/27/2026,18:13:40,13.02
4/27/2026,18:13:41,36.2
4/27/2026,18:13:42,35.98
4/27/2026,18:13:43,35.98
4/27/2026,18:13:44,35.99
4/27/2026,18:13:44,36.59
4/27/2026,18:13:45,36.59
4/27/2026,18:13:46,36.59
4/27/2026,18:13:47,36.32
4/27/2026,18:13:48,36.5
4/27/2026,18:13:49,36.5
4/27/2026,18:13:50,36.35
4/27/2026,18:13:51,36.16
4/27/2026,18:13:52,36.16
4/27/2026,18:13:53,36.06
4/27/2026,18:13:54,36.15
4/27/2026,18:13:55,36.15
4/27/2026,18:13:56,36.52
4/27/2026,18:13:57,36.34
4/27/2026,18:13:58,36.34
4/27/2026,18:13:59,36.8
4/27/2026,18:14:00,36.67
4/27/2026,18:14:01,36.67
4/27/2026,18:14:02,36.49
4/27/2026,18:14:03,36.39
4/27/2026,18:14:04,36.39
4/27/2026,18:14:05,36.63
4/27/2026,18:14:06,36.84
4/27/2026,18:14:07,36.88
4/27/2026,18:14:08,36.6
4/27/2026,18:14:09,36.6
4/27/2026,18:14:10,37.93
4/27/2026,18:14:11,36.7
4/27/2026,18:14:12,36.7
4/27/2026,18:14:13,36.81
4/27/2026,18:14:14,36.95
4/27/2026,18:14:15,36.95
4/27/2026,18:14:16,37.12
4/27/2026,18:14:17,36.49
4/27/2026,18:14:18,36.49
4/27/2026,18:14:19,36.71
4/27/2026,18:14:20,36.94
4/27/2026,18:14:21,36.94
4/27/2026,18:14:22,36.73
4/27/2026,18:14:23,36.67
4/27/2026,18:14:24,36.67
4/27/2026,18:14:25,37.21
4/27/2026,18:14:26,36.73
4/27/2026,18:14:27,36.73
4/27/2026,18:14:28,36.82
4/27/2026,18:14:29,36.96
4/27/2026,18:14:30,36.96
4/27/2026,18:14:31,37.23
4/27/2026,18:14:32,36.71
4/27/2026,18:14:33,36.71
4/27/2026,18:14:34,37.23
4/27/2026,18:14:35,37.43
4/27/2026,18:14:36,37.43
4/27/2026,18:14:37,37.16
4/27/2026,18:14:38,22.86
4/27/2026,18:14:38,22.86
4/27/2026,18:14:39,22.86
4/27/2026,18:14:41,9.92
4/27/2026,18:14:42,9.54
4/27/2026,18:14:43,9.54
4/27/2026,18:14:44,9.55
4/27/2026,18:14:44,10.08
4/27/2026,18:14:45,10.08
4/27/2026,18:14:46,10.08
4/27/2026,18:14:47,9.89
4/27/2026,18:14:48,9.94
4/27/2026,18:14:49,9.94
4/27/2026,18:14:50,9.52
4/27/2026,18:14:51,9.94
4/27/2026,18:14:52,9.94
4/27/2026,18:14:53,9.36
4/27/2026,18:14:54,9.5
4/27/2026,18:14:55,9.5
4/27/2026,18:14:56,10.04
4/27/2026,18:14:57,9.46
4/27/2026,18:14:58,9.46
4/27/2026,18:14:59,9.29
4/27/2026,18:15:00,9.73
4/27/2026,18:15:01,9.73
4/27/2026,18:15:02,9.48
4/27/2026,18:15:03,9.51
4/27/2026,18:15:04,9.51
4/27/2026,18:15:05,9.35
4/27/2026,18:15:06,9.69
4/27/2026,18:15:07,9.69
4/27/2026,18:15:08,9.29
4/27/2026,18:15:09,9.3
4/27/2026,18:15:10,9.3
4/27/2026,18:15:11,9.56
4/27/2026,18:15:12,9.41
4/27/2026,18:15:13,9.41
4/27/2026,18:15:14,9.26
4/27/2026,18:15:15,9.5
4/27/2026,18:15:16,9.5
4/27/2026,18:15:17,9.55
4/27/2026,18:15:18,9.39
4/27/2026,18:15:19,9.39
4/27/2026,18:15:20,9.36
4/27/2026,18:15:21,9.85
4/27/2026,18:15:22,9.85
4/27/2026,18:15:23,9.32
4/27/2026,18:15:24,9.48
4/27/2026,18:15:25,9.48
4/27/2026,18:15:26,9.58
4/27/2026,18:15:27,9.44
4/27/2026,18:15:28,9.44
4/27/2026,18:15:29,9.25
4/27/2026,18:15:30,9.78
4/27/2026,18:15:31,9.78
4/27/2026,18:15:32,9.15
4/27/2026,18:15:33,9.59
4/27/2026,18:15:34,9.59
4/27/2026,18:15:35,9.13
4/27/2026,18:15:36,10
4/27/2026,18:15:37,10
4/27/2026,18:15:38,9.19
4/27/2026,18:15:38,11.96
4/27/2026,18:15:39,11.96
4/27/2026,18:15:40,11.96
4/27/2026,18:15:41,22.11
4/27/2026,18:15:42,21.85
4/27/2026,18:15:43,21.85
4/27/2026,18:15:44,21.16
4/27/2026,18:15:44,22.31
4/27/2026,18:15:45,22.31
4/27/2026,18:15:46,22.31
4/27/2026,18:15:47,21.82
4/27/2026,18:15:48,22.44
4/27/2026,18:15:49,22.44
4/27/2026,18:15:50,22.53
4/27/2026,18:15:51,22.85
4/27/2026,18:15:52,22.85
4/27/2026,18:15:53,22.63
4/27/2026,18:15:54,22.85
4/27/2026,18:15:55,22.85
4/27/2026,18:15:56,22.98
4/27/2026,18:15:57,22.97
4/27/2026,18:15:58,22.97
4/27/2026,18:15:59,21.92
4/27/2026,18:16:00,22.81
4/27/2026,18:16:01,22.81
4/27/2026,18:16:02,22.19
4/27/2026,18:16:03,22.8
4/27/2026,18:16:04,22.8
4/27/2026,18:16:05,22.84
4/27/2026,18:16:06,23.16
4/27/2026,18:16:07,23.16
4/27/2026,18:16:08,23.06
4/27/2026,18:16:08,23.54
4/27/2026,18:16:09,23.54
4/27/2026,18:16:10,23.54
4/27/2026,18:16:11,24.55
4/27/2026,18:16:12,24.29
4/27/2026,18:16:13,24.29
4/27/2026,18:16:14,23.87
4/27/2026,18:16:15,24.2
4/27/2026,18:16:16,24.2
4/27/2026,18:16:17,23.73
4/27/2026,18:16:18,23.5
4/27/2026,18:16:19,23.5
4/27/2026,18:16:20,23.01
4/27/2026,18:16:21,23.59
4/27/2026,18:16:22,23.59
4/27/2026,18:16:22,22.41
4/27/2026,18:16:23,22.41
4/27/2026,18:16:24,23.12
4/27/2026,18:16:25,23.12
4/27/2026,18:16:26,23.61
4/27/2026,18:16:27,23.58
4/27/2026,18:16:28,23.58
4/27/2026,18:16:28,23.72
4/27/2026,18:16:29,23.72
4/27/2026,18:16:30,24.28
4/27/2026,18:16:31,24.28
4/27/2026,18:16:32,24.22
4/27/2026,18:16:33,23.67
4/27/2026,18:16:34,23.67
4/27/2026,18:16:35,23.62
4/27/2026,18:16:36,23.25
4/27/2026,18:16:37,23.25
4/27/2026,18:16:37,22.57
4/27/2026,18:16:38,22.57
4/27/2026,18:16:39,18.73
4/27/2026,18:16:40,18.73
4/27/2026,18:16:41,9.88
4/27/2026,18:16:42,9.17
4/27/2026,18:16:43,9.17
4/27/2026,18:16:43,9.53
4/27/2026,18:16:44,9.53
4/27/2026,18:16:45,9.62
4/27/2026,18:16:46,9.62
4/27/2026,18:16:47,9.48
4/27/2026,18:16:48,9.2
4/27/2026,18:16:49,9.2
4/27/2026,18:16:50,9.69
4/27/2026,18:16:51,9.16
4/27/2026,18:16:52,9.16
4/27/2026,18:16:53,9.51
4/27/2026,18:16:54,9.29
4/27/2026,18:16:55,9.29
4/27/2026,18:16:56,9.5
4/27/2026,18:16:57,9.22
4/27/2026,18:16:58,9.22
4/27/2026,18:16:59,9.28
4/27/2026,18:17:00,9.69
4/27/2026,18:17:01,9.69
4/27/2026,18:17:02,9.24
4/27/2026,18:17:03,9.43
4/27/2026,18:17:04,9.43
4/27/2026,18:17:05,9.72
4/27/2026,18:17:06,9.68
4/27/2026,18:17:07,9.68
4/27/2026,18:17:08,9.3
4/27/2026,18:17:09,9.34
4/27/2026,18:17:10,9.34
4/27/2026,18:17:11,9.69
4/27/2026,18:17:12,9.38
4/27/2026,18:17:13,9.38
4/27/2026,18:17:14,9.23
4/27/2026,18:17:15,9.39
4/27/2026,18:17:16,9.39
4/27/2026,18:17:17,9.45
4/27/2026,18:17:18,9.19
4/27/2026,18:17:19,9.19
4/27/2026,18:17:20,9.51
4/27/2026,18:17:21,9.22
4/27/2026,18:17:22,9.22
4/27/2026,18:17:23,10.07
4/27/2026,18:17:24,9.25
4/27/2026,18:17:25,9.25
4/27/2026,18:17:26,9.57
4/27/2026,18:17:27,9.04
4/27/2026,18:17:28,9.04
4/27/2026,18:17:29,9.32
4/27/2026,18:17:30,9.38
4/27/2026,18:17:31,9.38
4/27/2026,18:17:32,9.44
4/27/2026,18:17:33,9.09
4/27/2026,18:17:34,9.09
4/27/2026,18:17:35,9.54
4/27/2026,18:17:36,9.59
4/27/2026,18:17:37,9.59
4/27/2026,18:17:38,9.22
4/27/2026,18:17:38,11.46
4/27/2026,18:17:39,11.46
4/27/2026,18:17:40,11.46
4/27/2026,18:17:41,25.25
4/27/2026,18:17:42,24.28
4/27/2026,18:17:43,24.99
4/27/2026,18:17:43,24.99
4/27/2026,18:17:44,25.56
4/27/2026,18:17:45,25.56
4/27/2026,18:17:46,25.55
4/27/2026,18:17:47,25.64
4/27/2026,18:17:48,25.64
4/27/2026,18:17:49,26.06
4/27/2026,18:17:50,25.57
4/27/2026,18:17:51,25.57
4/27/2026,18:17:52,25.93
4/27/2026,18:17:53,26.26
4/27/2026,18:17:54,26.26
4/27/2026,18:17:55,25.9
4/27/2026,18:17:56,24.98
4/27/2026,18:17:57,24.98
4/27/2026,18:17:58,24.9
4/27/2026,18:17:59,25.7
4/27/2026,18:18:00,25.7
4/27/2026,18:18:01,25.92
4/27/2026,18:18:02,25.92
4/27/2026,18:18:03,25.92
4/27/2026,18:18:04,26.26
4/27/2026,18:18:05,25.98
4/27/2026,18:18:06,25.98
4/27/2026,18:18:07,25.84
4/27/2026,18:18:08,25.81
4/27/2026,18:18:09,25.81
4/27/2026,18:18:10,26.72
4/27/2026,18:18:10,26.72
4/27/2026,18:18:11,25.5
4/27/2026,18:18:12,25.5
4/27/2026,18:18:13,25.25
4/27/2026,18:18:14,26.24
4/27/2026,18:18:16,26.24
4/27/2026,18:18:17,26.14
4/27/2026,18:18:18,26.21
4/27/2026,18:18:19,26.21
4/27/2026,18:18:20,26.3
4/27/2026,18:18:21,26.18
4/27/2026,18:18:22,26.18
4/27/2026,18:18:23,25.9
4/27/2026,18:18:24,25.96
4/27/2026,18:18:25,25.96
4/27/2026,18:18:26,26.79
4/27/2026,18:18:27,25.68
4/27/2026,18:18:28,25.68
4/27/2026,18:18:28,25.3
4/27/2026,18:18:29,25.3
4/27/2026,18:18:30,25.54
4/27/2026,18:18:31,25.54
4/27/2026,18:18:32,25.92
4/27/2026,18:18:33,26.21
4/27/2026,18:18:34,26.21
4/27/2026,18:18:35,26.22
4/27/2026,18:18:35,26.64
4/27/2026,18:18:36,26.64
4/27/2026,18:18:37,26.64
4/27/2026,18:18:38,25.86
4/27/2026,18:18:39,21.56
4/27/2026,18:18:40,21.56
4/27/2026,18:18:40,9.52
4/27/2026,18:18:41,9.52
4/27/2026,18:18:42,10.17
4/27/2026,18:18:43,10.17
4/27/2026,18:18:44,9.38
4/27/2026,18:18:45,9.6
4/27/2026,18:18:46,9.6
4/27/2026,18:18:47,9.33
4/27/2026,18:18:48,9.41
4/27/2026,18:18:49,9.41
4/27/2026,18:18:50,9.63
4/27/2026,18:18:51,9.58
4/27/2026,18:18:52,9.58
4/27/2026,18:18:53,9.3
4/27/2026,18:18:54,9.36
4/27/2026,18:18:55,9.36
4/27/2026,18:18:56,9.75
4/27/2026,18:18:57,9.51
4/27/2026,18:18:58,9.51
4/27/2026,18:18:59,9.54
4/27/2026,18:19:00,9.53
4/27/2026,18:19:01,9.53
4/27/2026,18:19:02,9.38
4/27/2026,18:19:03,9.33
4/27/2026,18:19:04,9.33
4/27/2026,18:19:05,9.47
4/27/2026,18:19:06,9.74
4/27/2026,18:19:07,9.74
4/27/2026,18:19:08,8.91
4/27/2026,18:19:09,9.56
4/27/2026,18:19:10,9.56
4/27/2026,18:19:11,9.53
4/27/2026,18:19:12,9.88
4/27/2026,18:19:13,9.88
4/27/2026,18:19:14,9.18
4/27/2026,18:19:15,9.67
4/27/2026,18:19:16,9.67
4/27/2026,18:19:17,9.26
4/27/2026,18:19:18,9.39
4/27/2026,18:19:19,9.39
4/27/2026,18:19:20,9.08
4/27/2026,18:19:21,9.69
4/27/2026,18:19:22,9.69
4/27/2026,18:19:23,9.21
4/27/2026,18:19:24,9.28
4/27/2026,18:19:25,9.28
4/27/2026,18:19:26,9.58
4/27/2026,18:19:27,9.87
4/27/2026,18:19:28,9.87
4/27/2026,18:19:29,9.22
4/27/2026,18:19:30,9.53
4/27/2026,18:19:31,9.53
4/27/2026,18:19:32,9.3
4/27/2026,18:19:33,9.43
4/27/2026,18:19:34,9.43
4/27/2026,18:19:35,9.37
4/27/2026,18:19:36,10.28
4/27/2026,18:19:37,10.28
4/27/2026,18:19:38,9.37
4/27/2026,18:19:38,11.41
4/27/2026,18:19:39,11.41
4/27/2026,18:19:40,11.41
4/27/2026,18:19:41,33.3
4/27/2026,18:19:42,32.57
4/27/2026,18:19:43,32.57
4/27/2026,18:19:44,33.66
4/27/2026,18:19:44,34.75
4/27/2026,18:19:45,34.75
4/27/2026,18:19:46,34.75
4/27/2026,18:19:47,34.41
4/27/2026,18:19:48,34.51
4/27/2026,18:19:49,34.51
4/27/2026,18:19:50,34.73
4/27/2026,18:19:51,34.21
4/27/2026,18:19:52,34.21
4/27/2026,18:19:53,34.04
4/27/2026,18:19:54,34.61
4/27/2026,18:19:55,34.61
4/27/2026,18:19:56,34.57
4/27/2026,18:19:57,34.62
4/27/2026,18:19:58,34.62
4/27/2026,18:19:59,35.19
4/27/2026,18:20:00,34.83
4/27/2026,18:20:01,34.83
4/27/2026,18:20:02,34.87
4/27/2026,18:20:03,34.68
4/27/2026,18:20:04,34.68
4/27/2026,18:20:05,34.13
4/27/2026,18:20:06,34.92
4/27/2026,18:20:07,34.92
4/27/2026,18:20:08,34.91
4/27/2026,18:20:09,34.93
4/27/2026,18:20:10,34.93
4/27/2026,18:20:11,35.32
4/27/2026,18:20:12,35.71
4/27/2026,18:20:13,35.71
4/27/2026,18:20:14,34.97
4/27/2026,18:20:15,35.2
4/27/2026,18:20:16,35.2
4/27/2026,18:20:17,35.19
4/27/2026,18:20:18,35.05
4/27/2026,18:20:19,35.05
4/27/2026,18:20:20,34.95
4/27/2026,18:20:21,34.95
4/27/2026,18:20:22,34.95
4/27/2026,18:20:23,35.28
4/27/2026,18:20:24,34.95
4/27/2026,18:20:25,34.95
4/27/2026,18:20:26,34.99
4/27/2026,18:20:27,35.24
4/27/2026,18:20:28,35.24
4/27/2026,18:20:29,35.02
4/27/2026,18:20:30,35.62
4/27/2026,18:20:31,35.62
4/27/2026,18:20:32,35.26
4/27/2026,18:20:33,35.1
4/27/2026,18:20:34,35.1
4/27/2026,18:20:35,35.03
4/27/2026,18:20:36,35.65
4/27/2026,18:20:37,35.65
4/27/2026,18:20:38,35.32
4/27/2026,18:20:38,27.69
4/27/2026,18:20:39,27.69
4/27/2026,18:20:40,27.69
4/27/2026,18:20:41,9.88
4/27/2026,18:20:42,9.89
4/27/2026,18:20:43,9.89
4/27/2026,18:20:44,9.64
4/27/2026,18:20:44,10
4/27/2026,18:20:45,10
4/27/2026,18:20:46,10
4/27/2026,18:20:47,9.69
4/27/2026,18:20:48,9.87
4/27/2026,18:20:49,9.87
4/27/2026,18:20:50,9.98
4/27/2026,18:20:51,9.54
4/27/2026,18:20:52,9.54
4/27/2026,18:20:53,9.53
4/27/2026,18:20:54,9.35
4/27/2026,18:20:55,9.35
4/27/2026,18:20:56,9.8
4/27/2026,18:20:57,9.22
4/27/2026,18:20:58,9.22
4/27/2026,18:20:59,9.42
4/27/2026,18:21:00,9.71
4/27/2026,18:21:01,9.71
4/27/2026,18:21:02,9.87
4/27/2026,18:21:03,9.15
4/27/2026,18:21:04,9.15
4/27/2026,18:21:05,9.78
4/27/2026,18:21:06,9.21
4/27/2026,18:21:07,9.21
4/27/2026,18:21:08,9.56
4/27/2026,18:21:09,9.2
4/27/2026,18:21:10,9.2
4/27/2026,18:21:11,10.2
4/27/2026,18:21:12,9.27
4/27/2026,18:21:13,9.27
4/27/2026,18:21:14,9.47
4/27/2026,18:21:15,9.48
4/27/2026,18:21:16,9.35
4/27/2026,18:21:17,9.41
4/27/2026,18:21:18,9.41
4/27/2026,18:21:19,9.47
4/27/2026,18:21:20,9.49
4/27/2026,18:21:21,9.49
4/27/2026,18:21:22,9.14
4/27/2026,18:21:23,9.3
4/27/2026,18:21:24,9.3
4/27/2026,18:21:25,9.54
4/27/2026,18:21:26,9.36
4/27/2026,18:21:27,9.36
4/27/2026,18:21:28,9.51
4/27/2026,18:21:29,9.6
4/27/2026,18:21:30,9.6
4/27/2026,18:21:31,9.5
4/27/2026,18:21:32,9.78
4/27/2026,18:21:33,9.78
4/27/2026,18:21:34,9.37
4/27/2026,18:21:35,9.92
4/27/2026,18:21:36,9.92
4/27/2026,18:21:37,9.18
4/27/2026,18:21:38,11.01
4/27/2026,18:21:38,11.01
4/27/2026,18:21:39,11.01
4/27/2026,18:21:40,32.84
4/27/2026,18:21:41,33.87
4/27/2026,18:21:42,33.87
4/27/2026,18:21:43,34.27
4/27/2026,18:21:44,34.46
4/27/2026,18:21:44,34.46
4/27/2026,18:21:45,34.46
4/27/2026,18:21:46,34.37
4/27/2026,18:21:47,34.53
4/27/2026,18:21:48,34.53
4/27/2026,18:21:50,34.37
4/27/2026,18:21:51,34.4
4/27/2026,18:21:52,34.4
4/27/2026,18:21:53,34.53
4/27/2026,18:21:54,34.38
4/27/2026,18:21:55,34.38
4/27/2026,18:21:56,34.37
4/27/2026,18:21:57,32.92
4/27/2026,18:21:58,32.92
4/27/2026,18:21:58,30.68
4/27/2026,18:21:59,30.68
4/27/2026,18:22:00,34.76
4/27/2026,18:22:01,34.76
4/27/2026,18:22:02,34.51
4/27/2026,18:22:03,35.24
4/27/2026,18:22:04,35.24
4/27/2026,18:22:04,34.81
4/27/2026,18:22:05,34.81
4/27/2026,18:22:06,35.01
4/27/2026,18:22:07,35.01
4/27/2026,18:22:08,34.79
4/27/2026,18:22:09,34.68
4/27/2026,18:22:10,34.68
4/27/2026,18:22:11,35.3
4/27/2026,18:22:12,34.9
4/27/2026,18:22:13,34.9
4/27/2026,18:22:14,34.77
4/27/2026,18:22:15,34.97
4/27/2026,18:22:16,34.97
4/27/2026,18:22:17,34.65
4/27/2026,18:22:18,34.74
4/27/2026,18:22:19,34.74
4/27/2026,18:22:20,34.86
4/27/2026,18:22:21,35.41
4/27/2026,18:22:22,35.41
4/27/2026,18:22:23,34.98
4/27/2026,18:22:24,34.84
4/27/2026,18:22:25,34.84
4/27/2026,18:22:26,35.08
4/27/2026,18:22:27,34.96
4/27/2026,18:22:28,34.96
4/27/2026,18:22:29,34.91
4/27/2026,18:22:30,35.15
4/27/2026,18:22:31,35.15
4/27/2026,18:22:32,34.96
4/27/2026,18:22:33,34.9
4/27/2026,18:22:34,34.9
4/27/2026,18:22:35,35.27
4/27/2026,18:22:36,35.57
4/27/2026,18:22:37,35.57
4/27/2026,18:22:38,34.87
4/27/2026,18:22:38,28.48
4/27/2026,18:22:39,28.48
4/27/2026,18:22:40,28.48
4/27/2026,18:22:41,10.09
4/27/2026,18:22:42,10.07
4/27/2026,18:22:43,10.07
4/27/2026,18:22:44,9.65
4/27/2026,18:22:44,10.2
4/27/2026,18:22:45,10.2
4/27/2026,18:22:46,10.2
4/27/2026,18:22:47,9.77
4/27/2026,18:22:48,9.9
4/27/2026,18:22:49,9.9
4/27/2026,18:22:50,9.53
4/27/2026,18:22:51,10.19
4/27/2026,18:22:52,10.19
4/27/2026,18:22:53,9.7
4/27/2026,18:22:54,9.8
4/27/2026,18:22:55,9.8
4/27/2026,18:22:56,9.49
4/27/2026,18:22:57,9.5
4/27/2026,18:22:58,9.5
4/27/2026,18:22:59,9.28
4/27/2026,18:23:00,9.78
4/27/2026,18:23:01,9.78
4/27/2026,18:23:01,9.12
4/27/2026,18:23:02,9.12
4/27/2026,18:23:03,9.37
4/27/2026,18:23:04,9.37
4/27/2026,18:23:05,9.31
4/27/2026,18:23:06,10.01
4/27/2026,18:23:07,10.01
4/27/2026,18:23:08,9.24
4/27/2026,18:23:09,9.37
4/27/2026,18:23:10,9.37
4/27/2026,18:23:11,9.42
4/27/2026,18:23:12,9.44
4/27/2026,18:23:13,9.44
4/27/2026,18:23:14,9.39
4/27/2026,18:23:15,9.64
4/27/2026,18:23:16,9.64
4/27/2026,18:23:17,9.54
4/27/2026,18:23:18,9.24
4/27/2026,18:23:19,9.24
4/27/2026,18:23:20,9.34
4/27/2026,18:23:21,9.46
4/27/2026,18:23:22,9.46
4/27/2026,18:23:23,9.44
4/27/2026,18:23:24,9.48
4/27/2026,18:23:25,9.48
4/27/2026,18:23:26,9.86
4/27/2026,18:23:27,9.48
4/27/2026,18:23:28,9.48
4/27/2026,18:23:29,9.56
4/27/2026,18:23:30,9.23
4/27/2026,18:23:31,9.23
4/27/2026,18:23:32,9.57
4/27/2026,18:23:33,9.46
4/27/2026,18:23:34,9.46
4/27/2026,18:23:35,9.23
4/27/2026,18:23:36,9.82
4/27/2026,18:23:37,9.82
4/27/2026,18:23:38,9.34
4/27/2026,18:23:39,10.09
4/27/2026,18:23:40,10.09
4/27/2026,18:23:40,13.21
4/27/2026,18:23:41,13.21
4/27/2026,18:23:42,13.6
4/27/2026,18:23:43,13.6
4/27/2026,18:23:44,13.24
4/27/2026,18:23:45,13.17
4/27/2026,18:23:46,13.17
4/27/2026,18:23:47,13.66
4/27/2026,18:23:48,13.29
4/27/2026,18:23:49,13.29
4/27/2026,18:23:50,12.67
4/27/2026,18:23:51,13.47
4/27/2026,18:23:52,13.47
4/27/2026,18:23:53,12.9
4/27/2026,18:23:54,12.91
4/27/2026,18:23:55,12.91
4/27/2026,18:23:56,13.63
4/27/2026,18:23:57,13.12
4/27/2026,18:23:58,13.12
4/27/2026,18:23:59,12.97
4/27/2026,18:24:00,13.08
4/27/2026,18:24:01,13.08
4/27/2026,18:24:02,13.47
4/27/2026,18:24:03,13.39
4/27/2026,18:24:04,13.39
4/27/2026,18:24:05,13.3
4/27/2026,18:24:06,13.61
4/27/2026,18:24:07,13.61
4/27/2026,18:24:08,13.2
4/27/2026,18:24:09,13.26
4/27/2026,18:24:10,13.26
4/27/2026,18:24:11,13.84
4/27/2026,18:24:12,13.58
4/27/2026,18:24:13,13.58
4/27/2026,18:24:14,13.09
4/27/2026,18:24:15,13.07
4/27/2026,18:24:16,13.07
4/27/2026,18:24:17,12.89
4/27/2026,18:24:18,13.4
4/27/2026,18:24:19,13.4
4/27/2026,18:24:20,13.42
4/27/2026,18:24:21,13.29
4/27/2026,18:24:22,13.29
4/27/2026,18:24:23,12.92
4/27/2026,18:24:24,13.37
4/27/2026,18:24:25,13.37
4/27/2026,18:24:26,13.25
4/27/2026,18:24:27,13.33
4/27/2026,18:24:28,13.33
4/27/2026,18:24:29,13.27
4/27/2026,18:24:30,13.09
4/27/2026,18:24:31,13.09
4/27/2026,18:24:32,13.53
4/27/2026,18:24:33,13.15
4/27/2026,18:24:34,13.15
4/27/2026,18:24:35,13.26
4/27/2026,18:24:36,13.91
4/27/2026,18:24:37,13.91
4/27/2026,18:24:38,13.38
4/27/2026,18:24:39,13.67
4/27/2026,18:24:40,13.67
4/27/2026,18:24:40,9.7
4/27/2026,18:24:41,9.7
4/27/2026,18:24:42,9.32
4/27/2026,18:24:43,9.32
4/27/2026,18:24:44,9.5
4/27/2026,18:24:45,9.47
4/27/2026,18:24:46,9.47
4/27/2026,18:24:47,9.48
4/27/2026,18:24:48,9.28
4/27/2026,18:24:49,9.28
4/27/2026,18:24:50,9.44
4/27/2026,18:24:51,9.24
4/27/2026,18:24:52,9.23
4/27/2026,18:24:53,9.21
4/27/2026,18:24:54,9.21
4/27/2026,18:24:55,9.6
4/27/2026,18:24:56,9.33
4/27/2026,18:24:57,9.33
4/27/2026,18:24:58,9.6
4/27/2026,18:24:59,9.54
4/27/2026,18:25:00,9.54
4/27/2026,18:25:01,9.61
4/27/2026,18:25:02,12.56
4/27/2026,18:25:02,12.56
4/27/2026,18:25:03,12.56
4/27/2026,18:25:04,9.8
4/27/2026,18:25:05,9.1
4/27/2026,18:25:06,9.1
4/27/2026,18:25:07,9.44
4/27/2026,18:25:08,9.48
4/27/2026,18:25:08,9.48
4/27/2026,18:25:09,9.48
4/27/2026,18:25:10,9.92
4/27/2026,18:25:11,9.94
4/27/2026,18:25:12,9.94
4/27/2026,18:25:13,9.17
4/27/2026,18:25:14,10.32
4/27/2026,18:25:15,10.32
4/27/2026,18:25:16,9.29
4/27/2026,18:25:17,9.65
4/27/2026,18:25:18,9.65
4/27/2026,18:25:19,9.48
4/27/2026,18:25:20,9.41
4/27/2026,18:25:21,9.41
4/27/2026,18:25:22,9.59
4/27/2026,18:25:23,9.27
4/27/2026,18:25:25,9.27
4/27/2026,18:25:26,9.17
4/27/2026,18:25:27,9.26
4/27/2026,18:25:28,9.26
4/27/2026,18:25:29,9.67
4/27/2026,18:25:30,9.49
4/27/2026,18:25:31,9.49
4/27/2026,18:25:32,9.47
4/27/2026,18:25:33,9.54
4/27/2026,18:25:34,9.54
4/27/2026,18:25:35,9.4
4/27/2026,18:25:36,9.52
4/27/2026,18:25:37,9.52
4/27/2026,18:25:38,9.49
4/27/2026,18:25:38,10.59
4/27/2026,18:25:39,10.59
4/27/2026,18:25:40,10.59
4/27/2026,18:25:41,23.57
4/27/2026,18:25:42,23.34
4/27/2026,18:25:43,23.34
4/27/2026,18:25:44,23.92
4/27/2026,18:25:44,24.61
4/27/2026,18:25:45,24.61
4/27/2026,18:25:46,24.61
4/27/2026,18:25:47,24.83
4/27/2026,18:25:48,25.12
4/27/2026,18:25:49,25.12
4/27/2026,18:25:50,24.67
4/27/2026,18:25:51,24.39
4/27/2026,18:25:52,24.39
4/27/2026,18:25:53,23.8
4/27/2026,18:25:54,23.72
4/27/2026,18:25:55,23.72
4/27/2026,18:25:56,24.53
4/27/2026,18:25:57,24.61
4/27/2026,18:25:58,24.61
4/27/2026,18:25:59,24.48
4/27/2026,18:26:00,23.81
4/27/2026,18:26:01,23.81
4/27/2026,18:26:02,24.4
4/27/2026,18:26:03,24.54
4/27/2026,18:26:04,24.54
4/27/2026,18:26:05,24.44
4/27/2026,18:26:06,24.46
4/27/2026,18:26:07,24.46
4/27/2026,18:26:08,24.78
4/27/2026,18:26:09,24.88
4/27/2026,18:26:10,24.88
4/27/2026,18:26:11,25.69
4/27/2026,18:26:12,25.19
4/27/2026,18:26:13,25.19
4/27/2026,18:26:14,25.15
4/27/2026,18:26:15,24.87
4/27/2026,18:26:16,24.87
4/27/2026,18:26:17,24.62
4/27/2026,18:26:18,24.83
4/27/2026,18:26:19,24.83
4/27/2026,18:26:20,24.11
4/27/2026,18:26:21,24.94
4/27/2026,18:26:22,24.94
4/27/2026,18:26:23,24.39
4/27/2026,18:26:24,24.55
4/27/2026,18:26:25,24.55
4/27/2026,18:26:26,24.53
4/27/2026,18:26:27,24.74
4/27/2026,18:26:28,24.74
4/27/2026,18:26:29,24.82
4/27/2026,18:26:30,24.66
4/27/2026,18:26:31,24.66
4/27/2026,18:26:32,24.68
4/27/2026,18:26:33,24.78
4/27/2026,18:26:34,24.78
4/27/2026,18:26:35,24.32
4/27/2026,18:26:36,25.31
4/27/2026,18:26:37,25.31
4/27/2026,18:26:38,24.5
4/27/2026,18:26:38,23.39
4/27/2026,18:26:39,23.39
4/27/2026,18:26:40,23.39
4/27/2026,18:26:41,9.97
4/27/2026,18:26:42,9.49
4/27/2026,18:26:43,9.49
4/27/2026,18:26:44,9.57
4/27/2026,18:26:44,9.82
4/27/2026,18:26:45,9.82
4/27/2026,18:26:46,9.82
4/27/2026,18:26:47,9.51
4/27/2026,18:26:48,9.15
4/27/2026,18:26:49,9.15
4/27/2026,18:26:50,9.31
4/27/2026,18:26:51,10.07
4/27/2026,18:26:52,10.07
4/27/2026,18:26:53,9.24
4/27/2026,18:26:54,9.52
4/27/2026,18:26:55,9.52
4/27/2026,18:26:56,9.46
4/27/2026,18:26:57,9.25
4/27/2026,18:26:58,9.25
4/27/2026,18:26:59,9.38
4/27/2026,18:27:00,9.35
4/27/2026,18:27:01,9.35
4/27/2026,18:27:02,9.54
4/27/2026,18:27:03,9.23
4/27/2026,18:27:04,9.23
4/27/2026,18:27:05,9.64
4/27/2026,18:27:06,9.37
4/27/2026,18:27:07,9.37
4/27/2026,18:27:08,9.75
4/27/2026,18:27:09,9.35
4/27/2026,18:27:10,9.35
4/27/2026,18:27:11,9.93
4/27/2026,18:27:12,9.52
4/27/2026,18:27:13,9.52
4/27/2026,18:27:14,9.56
4/27/2026,18:27:15,9.49
4/27/2026,18:27:16,9.49
4/27/2026,18:27:17,9.85
4/27/2026,18:27:18,9.33
4/27/2026,18:27:19,9.33
4/27/2026,18:27:20,9.23
4/27/2026,18:27:21,9.52
4/27/2026,18:27:22,9.52
4/27/2026,18:27:23,9.23
4/27/2026,18:27:24,9.33
4/27/2026,18:27:25,9.33
4/27/2026,18:27:26,9.66
4/27/2026,18:27:27,9.49
4/27/2026,18:27:28,9.49
4/27/2026,18:27:29,9.1
4/27/2026,18:27:30,9.34
4/27/2026,18:27:31,9.34
4/27/2026,18:27:32,9.46
4/27/2026,18:27:33,9.3
4/27/2026,18:27:34,9.3
4/27/2026,18:27:35,9.4
4/27/2026,18:27:36,9.4
4/27/2026,18:27:37,9.4
4/27/2026,18:27:38,9.37
4/27/2026,18:27:39,10.15
4/27/2026,18:27:40,10.15
4/27/2026,18:27:40,18.79
4/27/2026,18:27:41,18.79
4/27/2026,18:27:42,17.68
4/27/2026,18:27:43,17.68
4/27/2026,18:27:44,18.52
4/27/2026,18:27:45,18.16
4/27/2026,18:27:46,18.16
4/27/2026,18:27:47,19.2
4/27/2026,18:27:48,18.31
4/27/2026,18:27:49,18.31
4/27/2026,18:27:50,18.09
4/27/2026,18:27:51,19.05
4/27/2026,18:27:52,19.05
4/27/2026,18:27:53,18.98
4/27/2026,18:27:54,19.03
4/27/2026,18:27:55,19.03
4/27/2026,18:27:56,19.05
4/27/2026,18:27:57,18.46
4/27/2026,18:27:58,18.46
4/27/2026,18:27:59,18.73
4/27/2026,18:28:00,18.25
4/27/2026,18:28:01,18.25
4/27/2026,18:28:02,19.1
4/27/2026,18:28:02,17.57
4/27/2026,18:28:03,17.57
4/27/2026,18:28:04,17.57
4/27/2026,18:28:05,18
4/27/2026,18:28:06,18.49
4/27/2026,18:28:07,18.49
4/27/2026,18:28:08,19.12
4/27/2026,18:28:09,18.39
4/27/2026,18:28:10,18.39
4/27/2026,18:28:10,19.72
4/27/2026,18:28:11,19.72
4/27/2026,18:28:12,19.08
4/27/2026,18:28:13,19.08
4/27/2026,18:28:14,18.34
4/27/2026,18:28:15,17.74
4/27/2026,18:28:16,17.74
4/27/2026,18:28:17,19.51
4/27/2026,18:28:17,18.66
4/27/2026,18:28:18,18.66
4/27/2026,18:28:19,18.66
4/27/2026,18:28:20,19.01
4/27/2026,18:28:21,17.84
4/27/2026,18:28:22,17.84
4/27/2026,18:28:23,18.71
4/27/2026,18:28:24,18.5
4/27/2026,18:28:25,18.5
4/27/2026,18:28:26,18.62
4/27/2026,18:28:27,18.62
4/27/2026,18:28:28,18.8
4/27/2026,18:28:29,19.18
4/27/2026,18:28:30,19.18
4/27/2026,18:28:31,19.06
4/27/2026,18:28:32,18.63
4/27/2026,18:28:33,18.63
4/27/2026,18:28:34,18.9
4/27/2026,18:28:35,19.16
4/27/2026,18:28:36,19.16
4/27/2026,18:28:37,18.74
4/27/2026,18:28:38,19.07
4/27/2026,18:28:39,19.07
4/27/2026,18:28:40,9.63
4/27/2026,18:28:40,9.63
4/27/2026,18:28:41,9.77
4/27/2026,18:28:42,9.77
4/27/2026,18:28:43,9.3
4/27/2026,18:28:44,9.48
4/27/2026,18:28:45,9.48
4/27/2026,18:28:46,9.1
4/27/2026,18:28:47,9.55
4/27/2026,18:28:48,9.55
4/27/2026,18:28:49,9.42
4/27/2026,18:28:50,9.63
4/27/2026,18:28:51,9.63
4/27/2026,18:28:52,9.24
4/27/2026,18:28:53,9.64
4/27/2026,18:28:54,9.64
4/27/2026,18:28:55,9.51
4/27/2026,18:28:56,9.45
4/27/2026,18:28:57,9.45
4/27/2026,18:28:59,9.25
4/27/2026,18:29:00,9.49
4/27/2026,18:29:01,9.49
4/27/2026,18:29:02,9.37
4/27/2026,18:29:03,9.26
4/27/2026,18:29:04,9.26
4/27/2026,18:29:05,9.47
4/27/2026,18:29:06,9.4
4/27/2026,18:29:07,9.4
4/27/2026,18:29:08,9.32
4/27/2026,18:29:09,9.07
4/27/2026,18:29:10,9.07
4/27/2026,18:29:11,10.13
4/27/2026,18:29:12,9.63
4/27/2026,18:29:13,9.63
4/27/2026,18:29:14,9.92
4/27/2026,18:29:15,9.49
4/27/2026,18:29:16,9.49
4/27/2026,18:29:17,9.7
4/27/2026,18:29:18,9.08
4/27/2026,18:29:19,9.08
4/27/2026,18:29:20,9.54
4/27/2026,18:29:21,9.77
4/27/2026,18:29:22,9.77
4/27/2026,18:29:23,9.08
4/27/2026,18:29:24,9.48
4/27/2026,18:29:25,9.48
4/27/2026,18:29:26,9.24
4/27/2026,18:29:27,9.49
4/27/2026,18:29:28,9.49
4/27/2026,18:29:29,9.19
4/27/2026,18:29:30,9.62
4/27/2026,18:29:31,9.62
4/27/2026,18:29:32,9.19
4/27/2026,18:29:33,9.37
4/27/2026,18:29:34,9.37
4/27/2026,18:29:35,9.08
4/27/2026,18:29:36,10.07
4/27/2026,18:29:37,10.07
4/27/2026,18:29:38,9.14
4/27/2026,18:29:39,9.99
4/27/2026,18:29:40,9.99
4/27/2026,18:29:40,19.83
4/27/2026,18:29:41,19.83
4/27/2026,18:29:42,20.52
4/27/2026,18:29:43,20.52
4/27/2026,18:29:44,19.99
4/27/2026,18:29:45,21.03
4/27/2026,18:29:46,21.03
4/27/2026,18:29:47,20.72
4/27/2026,18:29:47,22.33
4/27/2026,18:29:48,22.33
4/27/2026,18:29:49,22.33
4/27/2026,18:29:50,22.33
4/27/2026,18:29:51,22.87
4/27/2026,18:29:52,22.87
4/27/2026,18:29:53,22.83
4/27/2026,18:29:54,23.07
4/27/2026,18:29:55,23.07
4/27/2026,18:29:56,23.22
4/27/2026,18:29:57,22.97
4/27/2026,18:29:58,22.97
4/27/2026,18:29:59,21.8
4/27/2026,18:30:00,21.83
4/27/2026,18:30:01,21.83
4/27/2026,18:30:01,20.93
4/27/2026,18:30:02,20.93
4/27/2026,18:30:03,21.06
4/27/2026,18:30:04,21.06
4/27/2026,18:30:05,21.55
4/27/2026,18:30:06,21.74
4/27/2026,18:30:07,21.74
4/27/2026,18:30:07,22.28
4/27/2026,18:30:08,22.28
4/27/2026,18:30:09,22.41
4/27/2026,18:30:10,22.41
4/27/2026,18:30:11,23.16
4/27/2026,18:30:12,22.47
4/27/2026,18:30:13,22.47
4/27/2026,18:30:14,22.07
4/27/2026,18:30:14,21.1
4/27/2026,18:30:15,21.1
4/27/2026,18:30:16,21.1
4/27/2026,18:30:17,20.56
4/27/2026,18:30:18,21.19
4/27/2026,18:30:19,21.19
4/27/2026,18:30:20,20.41
4/27/2026,18:30:21,21.01
4/27/2026,18:30:22,21.01
4/27/2026,18:30:23,21.16
4/27/2026,18:30:24,20.66
4/27/2026,18:30:25,20.66
4/27/2026,18:30:26,20.68
4/27/2026,18:30:27,20.64
4/27/2026,18:30:28,20.64
4/27/2026,18:30:29,20.59
4/27/2026,18:30:30,20.53
4/27/2026,18:30:31,20.53
4/27/2026,18:30:32,20.49
4/27/2026,18:30:33,21.02
4/27/2026,18:30:34,21.02
4/27/2026,18:30:35,20.29
4/27/2026,18:30:36,21.33
4/27/2026,18:30:37,21.33
4/27/2026,18:30:38,20.51
4/27/2026,18:30:39,20.99
4/27/2026,18:30:40,20.99
4/27/2026,18:30:40,9.67
4/27/2026,18:30:41,9.67
4/27/2026,18:30:42,9.32
4/27/2026,18:30:43,9.32
4/27/2026,18:30:44,9.45
4/27/2026,18:30:45,9.83
4/27/2026,18:30:46,9.83
4/27/2026,18:30:47,9.41
4/27/2026,18:30:48,9.41
4/27/2026,18:30:49,9.41
4/27/2026,18:30:50,9.72
4/27/2026,18:30:51,9.97
4/27/2026,18:30:52,9.97
4/27/2026,18:30:53,9.57
4/27/2026,18:30:54,9.81
4/27/2026,18:30:55,9.81
4/27/2026,18:30:56,9.49
4/27/2026,18:30:57,9.39
4/27/2026,18:30:58,9.39
4/27/2026,18:30:59,9.2
4/27/2026,18:31:00,9.69
4/27/2026,18:31:01,9.69
4/27/2026,18:31:02,9.23
4/27/2026,18:31:03,9.47
4/27/2026,18:31:04,9.47
4/27/2026,18:31:05,9.29
4/27/2026,18:31:06,9.55
4/27/2026,18:31:07,9.55
4/27/2026,18:31:08,9.5
4/27/2026,18:31:09,9.4
4/27/2026,18:31:10,9.4
4/27/2026,18:31:11,9.74
4/27/2026,18:31:12,9.41
4/27/2026,18:31:13,9.41
4/27/2026,18:31:14,9.14
4/27/2026,18:31:15,9.62
4/27/2026,18:31:16,9.62
4/27/2026,18:31:17,9.66
4/27/2026,18:31:18,9.24
4/27/2026,18:31:19,9.24
4/27/2026,18:31:20,9.24
4/27/2026,18:31:21,9.46
4/27/2026,18:31:22,9.46
4/27/2026,18:31:23,9.52
4/27/2026,18:31:24,9.29
4/27/2026,18:31:25,9.29
4/27/2026,18:31:26,9.96
4/27/2026,18:31:27,9.37
4/27/2026,18:31:28,9.37
4/27/2026,18:31:29,9.46
4/27/2026,18:31:30,9.15
4/27/2026,18:31:31,9.15
4/27/2026,18:31:32,9.63
4/27/2026,18:31:33,9.1
4/27/2026,18:31:34,9.1
4/27/2026,18:31:35,9.48
4/27/2026,18:31:36,9.5
4/27/2026,18:31:37,9.5
4/27/2026,18:31:38,9.27
4/27/2026,18:31:39,9.85
4/27/2026,18:31:40,9.85
4/27/2026,18:31:40,38.85
4/27/2026,18:31:41,38.85
4/27/2026,18:31:42,38.6
4/27/2026,18:31:43,38.6
4/27/2026,18:31:44,38.83
4/27/2026,18:31:45,38.44
4/27/2026,18:31:46,38.44
4/27/2026,18:31:47,38.98
4/27/2026,18:31:48,38.9
4/27/2026,18:31:49,38.9
4/27/2026,18:31:50,38.91
4/27/2026,18:31:51,38.96
4/27/2026,18:31:52,38.96
4/27/2026,18:31:53,38.92
4/27/2026,18:31:54,38.73
4/27/2026,18:31:55,38.73
4/27/2026,18:31:56,39.4
4/27/2026,18:31:57,39.02
4/27/2026,18:31:58,39.02
4/27/2026,18:31:59,38.88
4/27/2026,18:32:00,39.16
4/27/2026,18:32:01,39.74
4/27/2026,18:32:02,39.14
4/27/2026,18:32:03,39.14
4/27/2026,18:32:04,39.26
4/27/2026,18:32:05,39.5
4/27/2026,18:32:06,39.5
4/27/2026,18:32:07,39.32
4/27/2026,18:32:08,39.36
4/27/2026,18:32:09,39.36
4/27/2026,18:32:10,40.07
4/27/2026,18:32:11,39.51
4/27/2026,18:32:12,39.51
4/27/2026,18:32:13,39.35
4/27/2026,18:32:14,39.4
4/27/2026,18:32:15,39.4
4/27/2026,18:32:16,39.62
4/27/2026,18:32:17,39.32
4/27/2026,18:32:18,39.32
4/27/2026,18:32:19,39.69
4/27/2026,18:32:20,39.91
4/27/2026,18:32:21,39.91
4/27/2026,18:32:22,39.41
4/27/2026,18:32:23,39.46
4/27/2026,18:32:24,39.46
4/27/2026,18:32:25,39.9
4/27/2026,18:32:26,39.57
4/27/2026,18:32:27,39.57
4/27/2026,18:32:28,39.82
4/27/2026,18:32:29,39.6
4/27/2026,18:32:30,39.6
4/27/2026,18:32:31,39.79
4/27/2026,18:32:32,39.53
4/27/2026,18:32:33,39.53
4/27/2026,18:32:35,39.66
4/27/2026,18:32:36,40.33
4/27/2026,18:32:37,40.33
4/27/2026,18:32:38,39.85
4/27/2026,18:32:39,37.7
4/27/2026,18:32:40,37.7
4/27/2026,18:32:40,10.09
4/27/2026,18:32:41,10.09
4/27/2026,18:32:42,9.66
4/27/2026,18:32:43,9.66
4/27/2026,18:32:44,9.85
4/27/2026,18:32:45,9.93
4/27/2026,18:32:46,9.93
4/27/2026,18:32:47,9.79
4/27/2026,18:32:48,9.57
4/27/2026,18:32:49,9.57
4/27/2026,18:32:50,10.13
4/27/2026,18:32:51,9.56
4/27/2026,18:32:52,9.56
4/27/2026,18:32:53,9.4
4/27/2026,18:32:54,9.39
4/27/2026,18:32:55,9.39
4/27/2026,18:32:56,9.58
4/27/2026,18:32:57,9.52
4/27/2026,18:32:58,9.52
4/27/2026,18:32:59,9.67
4/27/2026,18:33:00,9.96
4/27/2026,18:33:01,9.96
4/27/2026,18:33:02,9.28
4/27/2026,18:33:03,9.3
4/27/2026,18:33:04,9.3
4/27/2026,18:33:05,9.4
4/27/2026,18:33:06,9.43
4/27/2026,18:33:07,9.43
4/27/2026,18:33:08,9.12
4/27/2026,18:33:09,9.41
4/27/2026,18:33:10,9.41
4/27/2026,18:33:11,9.65
4/27/2026,18:33:12,9.48
4/27/2026,18:33:13,9.48
4/27/2026,18:33:13,9.04
4/27/2026,18:33:14,9.04
4/27/2026,18:33:15,10.23
4/27/2026,18:33:16,10.23
4/27/2026,18:33:17,9.28
4/27/2026,18:33:18,9.71
4/27/2026,18:33:19,9.71
4/27/2026,18:33:20,9.12
4/27/2026,18:33:21,9.65
4/27/2026,18:33:22,9.65
4/27/2026,18:33:23,9.63
4/27/2026,18:33:24,9.32
4/27/2026,18:33:25,9.32
4/27/2026,18:33:26,9.32
4/27/2026,18:33:27,9.35
4/27/2026,18:33:28,9.35
4/27/2026,18:33:29,9.47
4/27/2026,18:33:30,9.8
4/27/2026,18:33:31,9.8
4/27/2026,18:33:32,9.2
4/27/2026,18:33:33,9.35
4/27/2026,18:33:34,9.35
4/27/2026,18:33:35,9.37
4/27/2026,18:33:36,9.76
4/27/2026,18:33:37,9.76
4/27/2026,18:33:38,9.32
4/27/2026,18:33:38,10.15
4/27/2026,18:33:39,10.15
4/27/2026,18:33:40,10.15
4/27/2026,18:33:41,37.63
4/27/2026,18:33:42,37.31
4/27/2026,18:33:43,37.31
4/27/2026,18:33:43,37.35
4/27/2026,18:33:44,37.35
4/27/2026,18:33:45,37.78
4/27/2026,18:33:46,37.78
4/27/2026,18:33:47,37.84
4/27/2026,18:33:48,37.92
4/27/2026,18:33:49,37.92
4/27/2026,18:33:50,37.66
4/27/2026,18:33:51,37.95
4/27/2026,18:33:52,37.95
4/27/2026,18:33:53,37.69
4/27/2026,18:33:54,37.93
4/27/2026,18:33:55,37.93
4/27/2026,18:33:56,38.09
4/27/2026,18:33:57,37.74
4/27/2026,18:33:58,37.74
4/27/2026,18:33:59,38.11
4/27/2026,18:34:00,38.24
4/27/2026,18:34:01,38.24
4/27/2026,18:34:02,38.36
4/27/2026,18:34:03,38.08
4/27/2026,18:34:04,38.08
4/27/2026,18:34:05,38.04
4/27/2026,18:34:06,38.39
4/27/2026,18:34:07,38.39
4/27/2026,18:34:08,38.17
4/27/2026,18:34:09,38.23
4/27/2026,18:34:10,38.23
4/27/2026,18:34:10,39.37
4/27/2026,18:34:11,39.37
4/27/2026,18:34:12,38.25
4/27/2026,18:34:13,38.25
4/27/2026,18:34:14,38.29
4/27/2026,18:34:15,38.67
4/27/2026,18:34:16,38.67
4/27/2026,18:34:17,38.66
4/27/2026,18:34:18,38.33
4/27/2026,18:34:19,38.33
4/27/2026,18:34:20,38.11
4/27/2026,18:34:21,38.71
4/27/2026,18:34:22,38.71
4/27/2026,18:34:23,38.17
4/27/2026,18:34:24,38.37
4/27/2026,18:34:25,38.37
4/27/2026,18:34:26,38.86
4/27/2026,18:34:27,38.27
4/27/2026,18:34:28,38.27
4/27/2026,18:34:29,38.21
4/27/2026,18:34:30,38.85
4/27/2026,18:34:31,38.85
4/27/2026,18:34:32,38.53
4/27/2026,18:34:33,38.43
4/27/2026,18:34:34,38.43
4/27/2026,18:34:35,38.29
4/27/2026,18:34:36,39.7
4/27/2026,18:34:37,39.7
4/27/2026,18:34:38,38.24
4/27/2026,18:34:38,36.99
4/27/2026,18:34:39,36.99
4/27/2026,18:34:40,36.99
4/27/2026,18:34:41,10.43
4/27/2026,18:34:42,10
4/27/2026,18:34:43,10
4/27/2026,18:34:43,9.45
4/27/2026,18:34:44,9.45
4/27/2026,18:34:45,10.08
4/27/2026,18:34:46,10.08
4/27/2026,18:34:47,9.7
4/27/2026,18:34:48,9.68
4/27/2026,18:34:49,9.68
4/27/2026,18:34:50,9.79
4/27/2026,18:34:51,9.66
4/27/2026,18:34:52,9.66
4/27/2026,18:34:53,9.59
4/27/2026,18:34:54,9.3
4/27/2026,18:34:55,9.3
4/27/2026,18:34:56,10.01
4/27/2026,18:34:57,9.53
4/27/2026,18:34:58,9.53
4/27/2026,18:34:59,9.67
4/27/2026,18:35:00,9.55
4/27/2026,18:35:01,9.55
4/27/2026,18:35:02,9.73
4/27/2026,18:35:03,9.65
4/27/2026,18:35:04,9.65
4/27/2026,18:35:05,9.32
4/27/2026,18:35:06,9.01
4/27/2026,18:35:07,9.01
4/27/2026,18:35:07,10.59
4/27/2026,18:35:08,10.59
4/27/2026,18:35:09,9.37
4/27/2026,18:35:10,9.37
4/27/2026,18:35:11,9.63
4/27/2026,18:35:12,9.62
4/27/2026,18:35:13,9.62
4/27/2026,18:35:14,9.88
4/27/2026,18:35:14,9.2
4/27/2026,18:35:15,9.2
4/27/2026,18:35:16,9.2
4/27/2026,18:35:17,9.55
4/27/2026,18:35:18,9.37
4/27/2026,18:35:19,9.37
4/27/2026,18:35:20,9.52
4/27/2026,18:35:21,9.17
4/27/2026,18:35:22,9.17
4/27/2026,18:35:23,9.63
4/27/2026,18:35:24,9.26
4/27/2026,18:35:25,9.26
4/27/2026,18:35:26,9.29
4/27/2026,18:35:27,9.41
4/27/2026,18:35:28,9.41
4/27/2026,18:35:29,9.94
4/27/2026,18:35:30,9.25
4/27/2026,18:35:31,9.25
4/27/2026,18:35:32,9.62
4/27/2026,18:35:33,9.62
4/27/2026,18:35:34,9.62
4/27/2026,18:35:35,9.58
4/27/2026,18:35:36,9.58
4/27/2026,18:35:37,9.63
4/27/2026,18:35:38,9.9
4/27/2026,18:35:39,9.9
4/27/2026,18:35:40,30.08
4/27/2026,18:35:40,30.08
4/27/2026,18:35:41,30.23
4/27/2026,18:35:42,30.23
4/27/2026,18:35:43,30.49
4/27/2026,18:35:44,30.24
4/27/2026,18:35:45,30.24
4/27/2026,18:35:46,30.18
4/27/2026,18:35:47,30.76
4/27/2026,18:35:48,30.76
4/27/2026,18:35:49,30.11
4/27/2026,18:35:50,30.36
4/27/2026,18:35:51,30.36
4/27/2026,18:35:52,30.58
4/27/2026,18:35:53,30.21
4/27/2026,18:35:54,30.21
4/27/2026,18:35:55,30.47
4/27/2026,18:35:56,30.33
4/27/2026,18:35:57,30.33
4/27/2026,18:35:58,30.71
4/27/2026,18:35:59,30.53
4/27/2026,18:36:00,30.53
4/27/2026,18:36:01,30.62
4/27/2026,18:36:02,30.97
4/27/2026,18:36:03,30.97
4/27/2026,18:36:04,30.72
4/27/2026,18:36:05,30.74
4/27/2026,18:36:06,30.74
4/27/2026,18:36:07,31.06
4/27/2026,18:36:09,30.54
4/27/2026,18:36:10,30.54
4/27/2026,18:36:11,31.08
4/27/2026,18:36:12,30.63
4/27/2026,18:36:13,30.63
4/27/2026,18:36:14,31.04
4/27/2026,18:36:15,30.64
4/27/2026,18:36:16,30.64
4/27/2026,18:36:17,30.74
4/27/2026,18:36:18,30.8
4/27/2026,18:36:19,30.8
4/27/2026,18:36:20,30.87
4/27/2026,18:36:21,30.94
4/27/2026,18:36:22,30.94
4/27/2026,18:36:23,31.15
4/27/2026,18:36:24,30.62
4/27/2026,18:36:25,30.62
4/27/2026,18:36:26,30.77
4/27/2026,18:36:27,30.58
4/27/2026,18:36:28,30.58
4/27/2026,18:36:29,31.1
4/27/2026,18:36:30,30.68
4/27/2026,18:36:31,30.68
4/27/2026,18:36:32,31.03
4/27/2026,18:36:33,30.94
4/27/2026,18:36:34,30.94
4/27/2026,18:36:35,31.16
4/27/2026,18:36:36,30.91
4/27/2026,18:36:37,30.91
4/27/2026,18:36:38,31.21
4/27/2026,18:36:39,30.45
4/27/2026,18:36:40,30.45
4/27/2026,18:36:40,10.18
4/27/2026,18:36:41,10.18
4/27/2026,18:36:42,9.87
4/27/2026,18:36:43,9.87
4/27/2026,18:36:44,9.44
4/27/2026,18:36:45,9.87
4/27/2026,18:36:46,9.87
4/27/2026,18:36:47,9.24
4/27/2026,18:36:48,9.59
4/27/2026,18:36:49,9.59
4/27/2026,18:36:49,9.16
4/27/2026,18:36:50,9.16
4/27/2026,18:36:51,10.03
4/27/2026,18:36:52,10.03
4/27/2026,18:36:53,9.4
4/27/2026,18:36:54,9.72
4/27/2026,18:36:55,9.72
4/27/2026,18:36:56,9.45
4/27/2026,18:36:57,9.5
4/27/2026,18:36:58,9.5
4/27/2026,18:36:59,9.09
4/27/2026,18:37:00,9.62
4/27/2026,18:37:01,9.62
4/27/2026,18:37:02,9.43
4/27/2026,18:37:03,9.39
4/27/2026,18:37:04,9.39
4/27/2026,18:37:05,9.56
4/27/2026,18:37:05,10.17
4/27/2026,18:37:06,10.17
4/27/2026,18:37:07,10.17
4/27/2026,18:37:08,9.53
4/27/2026,18:37:09,9.56
4/27/2026,18:37:10,9.56
4/27/2026,18:37:11,9.87
4/27/2026,18:37:12,9.59
4/27/2026,18:37:13,9.59
4/27/2026,18:37:14,9.45
4/27/2026,18:37:15,9.69
4/27/2026,18:37:16,9.69
4/27/2026,18:37:17,9.42
4/27/2026,18:37:17,9.16
4/27/2026,18:37:18,9.16
4/27/2026,18:37:19,9.16
4/27/2026,18:37:20,9.34
4/27/2026,18:37:21,9.65
4/27/2026,18:37:22,9.65
4/27/2026,18:37:23,9.38
4/27/2026,18:37:24,9.27
4/27/2026,18:37:25,9.27
4/27/2026,18:37:26,9.7
4/27/2026,18:37:27,9.42
4/27/2026,18:37:28,9.42
4/27/2026,18:37:29,9.16
4/27/2026,18:37:30,9.65
4/27/2026,18:37:31,9.65
4/27/2026,18:37:32,9.08
4/27/2026,18:37:33,9.73
4/27/2026,18:37:34,9.73
4/27/2026,18:37:35,9.26
4/27/2026,18:37:36,10.14
4/27/2026,18:37:37,10.14
4/27/2026,18:37:38,9.2
4/27/2026,18:37:39,9.8
4/27/2026,18:37:40,9.8
4/27/2026,18:37:40,20.62
4/27/2026,18:37:41,20.62
4/27/2026,18:37:42,20.83
4/27/2026,18:37:43,20.83
4/27/2026,18:37:44,20.48
4/27/2026,18:37:45,20.9
4/27/2026,18:37:46,20.9
4/27/2026,18:37:47,20.8
4/27/2026,18:37:48,20.99
4/27/2026,18:37:49,20.99
4/27/2026,18:37:50,20.74
4/27/2026,18:37:51,21.05
4/27/2026,18:37:52,21.05
4/27/2026,18:37:53,20.51
4/27/2026,18:37:54,20.76
4/27/2026,18:37:55,20.76
4/27/2026,18:37:56,20.76
4/27/2026,18:37:57,20.62
4/27/2026,18:37:58,20.62
4/27/2026,18:37:59,20.57
4/27/2026,18:38:00,21.22
4/27/2026,18:38:01,21.22
4/27/2026,18:38:02,20.68
4/27/2026,18:38:03,20.77
4/27/2026,18:38:04,20.77
4/27/2026,18:38:05,21.12
4/27/2026,18:38:06,21.16
4/27/2026,18:38:07,21.16
4/27/2026,18:38:08,20.61
4/27/2026,18:38:09,21.05
4/27/2026,18:38:10,21.05
4/27/2026,18:38:11,21.07
4/27/2026,18:38:12,20.89
4/27/2026,18:38:13,20.89
4/27/2026,18:38:14,20.72
4/27/2026,18:38:15,20.92
4/27/2026,18:38:16,20.92
4/27/2026,18:38:17,20.77
4/27/2026,18:38:18,20.93
4/27/2026,18:38:19,20.93
4/27/2026,18:38:20,20.84
4/27/2026,18:38:21,21.43
4/27/2026,18:38:22,21.43
4/27/2026,18:38:23,20.72
4/27/2026,18:38:24,20.85
4/27/2026,18:38:25,20.85
4/27/2026,18:38:26,21.01
4/27/2026,18:38:27,20.8
4/27/2026,18:38:28,20.8
4/27/2026,18:38:29,20.88
4/27/2026,18:38:30,20.78
4/27/2026,18:38:31,20.78
4/27/2026,18:38:32,21.11
4/27/2026,18:38:33,20.73
4/27/2026,18:38:34,20.73
4/27/2026,18:38:35,20.86
4/27/2026,18:38:36,21.51
4/27/2026,18:38:37,21.51
4/27/2026,18:38:38,21
4/27/2026,18:38:39,20.87
4/27/2026,18:38:40,20.87
4/27/2026,18:38:40,10.31
4/27/2026,18:38:41,10.31
4/27/2026,18:38:42,9.69
4/27/2026,18:38:43,9.69
4/27/2026,18:38:44,9.57
4/27/2026,18:38:45,9.47
4/27/2026,18:38:46,9.47
4/27/2026,18:38:47,9.5
4/27/2026,18:38:47,9.23
4/27/2026,18:38:48,9.23
4/27/2026,18:38:49,9.23
4/27/2026,18:38:50,9.73
4/27/2026,18:38:51,9.22
4/27/2026,18:38:52,9.22
4/27/2026,18:38:53,9.45
4/27/2026,18:38:54,9.23
4/27/2026,18:38:55,9.23
4/27/2026,18:38:56,9.69
4/27/2026,18:38:57,9.26
4/27/2026,18:38:58,9.26
4/27/2026,18:38:59,9.3
4/27/2026,18:39:00,9.42
4/27/2026,18:39:01,9.42
4/27/2026,18:39:02,9.66
4/27/2026,18:39:03,9.33
4/27/2026,18:39:04,9.33
4/27/2026,18:39:05,9.55
4/27/2026,18:39:06,9.28
4/27/2026,18:39:07,9.28
4/27/2026,18:39:08,9.49
4/27/2026,18:39:09,9.67
4/27/2026,18:39:10,9.8
4/27/2026,18:39:11,9.55
4/27/2026,18:39:12,9.55
4/27/2026,18:39:13,9.57
4/27/2026,18:39:14,9.55
4/27/2026,18:39:15,9.55
4/27/2026,18:39:16,9.38
4/27/2026,18:39:17,9.14
4/27/2026,18:39:18,9.14
4/27/2026,18:39:19,9.63
4/27/2026,18:39:20,9.09
4/27/2026,18:39:21,9.09
4/27/2026,18:39:22,9.64
4/27/2026,18:39:23,9.09
4/27/2026,18:39:24,9.09
4/27/2026,18:39:25,9.67
4/27/2026,18:39:26,9.15
4/27/2026,18:39:27,9.15
4/27/2026,18:39:28,9.37
4/27/2026,18:39:29,9.54
4/27/2026,18:39:30,9.54
4/27/2026,18:39:31,9.45
4/27/2026,18:39:32,8.97
4/27/2026,18:39:33,8.97
4/27/2026,18:39:34,9.18
4/27/2026,18:39:35,9.66
4/27/2026,18:39:36,9.66
4/27/2026,18:39:37,9.32
4/27/2026,18:39:38,9.32
4/27/2026,18:39:39,9.32
4/27/2026,18:39:40,21.72
4/27/2026,18:39:40,21.72
4/27/2026,18:39:41,21.31
4/27/2026,18:39:43,21.31
4/27/2026,18:39:44,21.21
4/27/2026,18:39:45,21.26
4/27/2026,18:39:46,21.26
4/27/2026,18:39:47,21.45
4/27/2026,18:39:48,21.17
4/27/2026,18:39:49,21.17
4/27/2026,18:39:50,21.2
4/27/2026,18:39:51,21.32
4/27/2026,18:39:52,21.32
4/27/2026,18:39:53,21.18
4/27/2026,18:39:54,21.61
4/27/2026,18:39:55,21.61
4/27/2026,18:39:56,21.18
4/27/2026,18:39:57,21.11
4/27/2026,18:39:58,21.11
4/27/2026,18:39:59,21.09
4/27/2026,18:40:00,21.51
4/27/2026,18:40:01,21.51
4/27/2026,18:40:02,21.63
4/27/2026,18:40:03,21.17
4/27/2026,18:40:04,21.17
4/27/2026,18:40:05,21.4
4/27/2026,18:40:06,21.36
4/27/2026,18:40:07,21.36
4/27/2026,18:40:08,21.23
4/27/2026,18:40:09,21.28
4/27/2026,18:40:10,21.28
4/27/2026,18:40:11,22.4
4/27/2026,18:40:12,21.56
4/27/2026,18:40:13,21.56
4/27/2026,18:40:14,21.58
4/27/2026,18:40:15,21.94
4/27/2026,18:40:16,21.94
4/27/2026,18:40:17,21.18
4/27/2026,18:40:18,21.55
4/27/2026,18:40:19,21.55
4/27/2026,18:40:20,21.45
4/27/2026,18:40:21,21.52
4/27/2026,18:40:22,21.52
4/27/2026,18:40:23,21.27
4/27/2026,18:40:24,21.33
4/27/2026,18:40:25,21.33
4/27/2026,18:40:26,21.59
4/27/2026,18:40:27,21.46
4/27/2026,18:40:28,21.46
4/27/2026,18:40:29,21.32
4/27/2026,18:40:30,21.77
4/27/2026,18:40:31,21.77
4/27/2026,18:40:32,21.17
4/27/2026,18:40:33,21.38
4/27/2026,18:40:34,21.38
4/27/2026,18:40:35,21.32
4/27/2026,18:40:36,21.84
4/27/2026,18:40:37,21.84
4/27/2026,18:40:38,21.33
4/27/2026,18:40:39,21.4
4/27/2026,18:40:40,21.4
4/27/2026,18:40:40,10.79
4/27/2026,18:40:41,10.79
4/27/2026,18:40:42,10.46
4/27/2026,18:40:43,10.46
4/27/2026,18:40:44,9.45
4/27/2026,18:40:45,9.9
4/27/2026,18:40:46,9.9
4/27/2026,18:40:47,10.03
4/27/2026,18:40:47,9.39
4/27/2026,18:40:48,9.39
4/27/2026,18:40:49,9.39
4/27/2026,18:40:50,9.59
4/27/2026,18:40:51,9.74
4/27/2026,18:40:52,9.74
4/27/2026,18:40:53,9.44
4/27/2026,18:40:54,9.19
4/27/2026,18:40:55,9.19
4/27/2026,18:40:56,9.6
4/27/2026,18:40:57,9.2
4/27/2026,18:40:58,9.2
4/27/2026,18:40:59,9.27
4/27/2026,18:41:00,9.68
4/27/2026,18:41:01,9.68
4/27/2026,18:41:02,9.37
4/27/2026,18:41:03,9.24
4/27/2026,18:41:04,9.24
4/27/2026,18:41:05,9.41
4/27/2026,18:41:06,9.6
4/27/2026,18:41:07,9.6
4/27/2026,18:41:08,9.23
4/27/2026,18:41:09,9.33
4/27/2026,18:41:10,9.33
4/27/2026,18:41:11,9.6
4/27/2026,18:41:12,9.74
4/27/2026,18:41:13,9.74
4/27/2026,18:41:14,10.02
4/27/2026,18:41:15,9.9
4/27/2026,18:41:16,9.9
4/27/2026,18:41:17,9.26
4/27/2026,18:41:18,9.87
4/27/2026,18:41:19,9.87
4/27/2026,18:41:20,9.26
4/27/2026,18:41:21,9.99
4/27/2026,18:41:22,9.99
4/27/2026,18:41:23,8.95
4/27/2026,18:41:24,9.3
4/27/2026,18:41:25,9.3
4/27/2026,18:41:26,9.43
4/27/2026,18:41:27,9.24
4/27/2026,18:41:28,9.24
4/27/2026,18:41:29,9.26
4/27/2026,18:41:30,9.35
4/27/2026,18:41:31,9.35
4/27/2026,18:41:32,9.39
4/27/2026,18:41:33,9.31
4/27/2026,18:41:34,9.31
4/27/2026,18:41:35,9.33
4/27/2026,18:41:36,9.85
4/27/2026,18:41:37,9.85
4/27/2026,18:41:38,9.19
4/27/2026,18:41:39,9.03
4/27/2026,18:41:40,9.03
4/27/2026,18:41:40,27.5
4/27/2026,18:41:41,27.5
4/27/2026,18:41:42,27.67
4/27/2026,18:41:43,27.67
4/27/2026,18:41:44,28.12
4/27/2026,18:41:45,28.61
4/27/2026,18:41:46,28.61
4/27/2026,18:41:47,28.57
4/27/2026,18:41:48,28.63
4/27/2026,18:41:49,28.63
4/27/2026,18:41:50,28.8
4/27/2026,18:41:51,28.62
4/27/2026,18:41:52,28.62
4/27/2026,18:41:53,28.5
4/27/2026,18:41:54,28.38
4/27/2026,18:41:55,28.38
4/27/2026,18:41:56,28.69
4/27/2026,18:41:57,28.72
4/27/2026,18:41:58,28.72
4/27/2026,18:41:59,28.56
4/27/2026,18:42:00,28.32
4/27/2026,18:42:01,28.32
4/27/2026,18:42:02,28.4
4/27/2026,18:42:03,28.11
4/27/2026,18:42:04,28.11
4/27/2026,18:42:05,28.25
4/27/2026,18:42:06,28.8
4/27/2026,18:42:07,28.8
4/27/2026,18:42:08,28.81
4/27/2026,18:42:09,28.79
4/27/2026,18:42:10,28.79
4/27/2026,18:42:10,29.88
4/27/2026,18:42:11,29.88
4/27/2026,18:42:12,28.71
4/27/2026,18:42:13,28.71
4/27/2026,18:42:14,28.65
4/27/2026,18:42:15,28.49
4/27/2026,18:42:16,28.49
4/27/2026,18:42:17,29.12
4/27/2026,18:42:18,28.91
4/27/2026,18:42:19,28.91
4/27/2026,18:42:20,28.77
4/27/2026,18:42:21,29.25
4/27/2026,18:42:22,29.25
4/27/2026,18:42:23,28.9
4/27/2026,18:42:24,28.61
4/27/2026,18:42:25,28.61
4/27/2026,18:42:26,29.14
4/27/2026,18:42:27,28.61
4/27/2026,18:42:28,28.61
4/27/2026,18:42:29,29.06
4/27/2026,18:42:30,28.77
4/27/2026,18:42:31,28.77
4/27/2026,18:42:32,29.44
4/27/2026,18:42:33,28.82
4/27/2026,18:42:34,28.82
4/27/2026,18:42:35,29
4/27/2026,18:42:36,29.26
4/27/2026,18:42:37,29.26
4/27/2026,18:42:38,28.82
4/27/2026,18:42:39,28.72
4/27/2026,18:42:40,28.72
4/27/2026,18:42:40,11.07
4/27/2026,18:42:41,11.07
4/27/2026,18:42:42,9.67
4/27/2026,18:42:43,9.58
4/27/2026,18:42:44,9.8
4/27/2026,18:42:45,9.8
4/27/2026,18:42:46,9.53
4/27/2026,18:42:46,9.53
4/27/2026,18:42:47,9.9
4/27/2026,18:42:48,9.9
4/27/2026,18:42:49,9.73
4/27/2026,18:42:50,9.62
4/27/2026,18:42:51,9.62
4/27/2026,18:42:52,9.64
4/27/2026,18:42:53,9.51
4/27/2026,18:42:54,9.51
4/27/2026,18:42:55,9.69
4/27/2026,18:42:56,9.15
4/27/2026,18:42:57,9.15
4/27/2026,18:42:58,9.39
4/27/2026,18:42:59,9.47
4/27/2026,18:43:00,9.47
4/27/2026,18:43:01,9.39
4/27/2026,18:43:02,9.13
4/27/2026,18:43:03,9.13
4/27/2026,18:43:04,9.77
4/27/2026,18:43:05,9.4
4/27/2026,18:43:06,9.4
4/27/2026,18:43:07,9.54
4/27/2026,18:43:08,9.18
4/27/2026,18:43:09,9.18
4/27/2026,18:43:10,10.52
4/27/2026,18:43:11,9.47
4/27/2026,18:43:12,9.47
4/27/2026,18:43:13,9.28
4/27/2026,18:43:14,9.36
4/27/2026,18:43:16,9.36
4/27/2026,18:43:17,9.56
4/27/2026,18:43:18,9.48
4/27/2026,18:43:19,9.48
4/27/2026,18:43:20,9.87
4/27/2026,18:43:21,9.35
4/27/2026,18:43:22,9.35
4/27/2026,18:43:23,9.51
4/27/2026,18:43:24,9.46
4/27/2026,18:43:25,9.46
4/27/2026,18:43:26,9.44
4/27/2026,18:43:27,9.34
4/27/2026,18:43:28,9.34
4/27/2026,18:43:29,9.19
4/27/2026,18:43:30,9.7
4/27/2026,18:43:31,9.7
4/27/2026,18:43:32,9.22
4/27/2026,18:43:33,9.32
4/27/2026,18:43:34,9.32
4/27/2026,18:43:35,9.3
4/27/2026,18:43:36,9.97
4/27/2026,18:43:37,9.97
4/27/2026,18:43:38,9.2
4/27/2026,18:43:39,9.43
4/27/2026,18:43:40,9.43
4/27/2026,18:43:40,26.87
4/27/2026,18:43:41,26.87
4/27/2026,18:43:42,29.51
4/27/2026,18:43:43,29.51
4/27/2026,18:43:44,29.33
4/27/2026,18:43:45,29.73
4/27/2026,18:43:45,29.73
4/27/2026,18:43:46,29.73
4/27/2026,18:43:47,29.37
4/27/2026,18:43:48,29.71
4/27/2026,18:43:49,29.71
4/27/2026,18:43:50,29.86
4/27/2026,18:43:51,30.7
4/27/2026,18:43:52,30.7
4/27/2026,18:43:53,29.48
4/27/2026,18:43:54,29.88
4/27/2026,18:43:55,29.88
4/27/2026,18:43:56,29.66
4/27/2026,18:43:57,29.61
4/27/2026,18:43:58,29.61
4/27/2026,18:43:59,29.6
4/27/2026,18:44:00,30.05
4/27/2026,18:44:01,30.05
4/27/2026,18:44:02,29.57
4/27/2026,18:44:03,29.71
4/27/2026,18:44:04,29.71
4/27/2026,18:44:05,29.71
4/27/2026,18:44:06,30.12
4/27/2026,18:44:07,30.12
4/27/2026,18:44:08,29.73
4/27/2026,18:44:09,29.81
4/27/2026,18:44:10,29.81
4/27/2026,18:44:11,30.48
4/27/2026,18:44:12,29.93
4/27/2026,18:44:13,29.93
4/27/2026,18:44:14,29.83
4/27/2026,18:44:15,30.13
4/27/2026,18:44:16,30.13
4/27/2026,18:44:17,30.18
4/27/2026,18:44:18,29.93
4/27/2026,18:44:19,29.93
4/27/2026,18:44:20,29.84
4/27/2026,18:44:21,30.47
4/27/2026,18:44:22,30.47
4/27/2026,18:44:23,30.05
4/27/2026,18:44:24,29.89
4/27/2026,18:44:25,29.89
4/27/2026,18:44:26,30.47
4/27/2026,18:44:27,29.81
4/27/2026,18:44:28,29.81
4/27/2026,18:44:29,29.92
4/27/2026,18:44:30,30.19
4/27/2026,18:44:31,30.19
4/27/2026,18:44:32,30.07
4/27/2026,18:44:33,29.92
4/27/2026,18:44:34,29.92
4/27/2026,18:44:35,29.94
4/27/2026,18:44:36,30.5
4/27/2026,18:44:37,30.5
4/27/2026,18:44:38,29.95
4/27/2026,18:44:39,30.05
4/27/2026,18:44:40,30.05
4/27/2026,18:44:40,11.25
4/27/2026,18:44:41,11.25
4/27/2026,18:44:42,9.74
4/27/2026,18:44:43,9.74
4/27/2026,18:44:44,9.7
4/27/2026,18:44:45,9.93
4/27/2026,18:44:45,9.93
4/27/2026,18:44:46,9.93
4/27/2026,18:44:47,9.53
4/27/2026,18:44:48,9.8
4/27/2026,18:44:49,9.8
4/27/2026,18:44:50,9.29
4/27/2026,18:44:51,9.98
4/27/2026,18:44:52,9.98
4/27/2026,18:44:53,9.76
4/27/2026,18:44:54,9.55
4/27/2026,18:44:55,9.55
4/27/2026,18:44:56,9.52
4/27/2026,18:44:57,9.51
4/27/2026,18:44:58,9.51
4/27/2026,18:44:59,9
4/27/2026,18:45:00,9.58
4/27/2026,18:45:01,9.58
4/27/2026,18:45:02,9.3
4/27/2026,18:45:03,9.4
4/27/2026,18:45:04,9.4
4/27/2026,18:45:05,9.39
4/27/2026,18:45:06,9.15
4/27/2026,18:45:07,9.15
4/27/2026,18:45:08,9.47
4/27/2026,18:45:09,9.33
4/27/2026,18:45:10,9.33
4/27/2026,18:45:11,9.81
4/27/2026,18:45:12,9.56
4/27/2026,18:45:13,9.56
4/27/2026,18:45:14,9.9
4/27/2026,18:45:15,9.36
4/27/2026,18:45:16,9.36
4/27/2026,18:45:17,9.36
4/27/2026,18:45:18,9.46
4/27/2026,18:45:19,9.46
4/27/2026,18:45:20,9.66
4/27/2026,18:45:21,9.2
4/27/2026,18:45:22,9.2
4/27/2026,18:45:23,9.53
4/27/2026,18:45:24,9.35
4/27/2026,18:45:25,9.35
4/27/2026,18:45:26,9.39
4/27/2026,18:45:27,9.52
4/27/2026,18:45:28,9.52
4/27/2026,18:45:29,9.97
4/27/2026,18:45:30,9.17
4/27/2026,18:45:31,9.17
4/27/2026,18:45:32,9.44
4/27/2026,18:45:33,9.42
4/27/2026,18:45:34,9.42
4/27/2026,18:45:35,9.27
4/27/2026,18:45:36,9.72
4/27/2026,18:45:37,9.72
4/27/2026,18:45:38,9.7
4/27/2026,18:45:39,9.33
4/27/2026,18:45:40,9.33
4/27/2026,18:45:40,11.78
4/27/2026,18:45:41,11.78
4/27/2026,18:45:42,12.16
4/27/2026,18:45:43,12.16
4/27/2026,18:45:44,12.51
4/27/2026,18:45:45,11.9
4/27/2026,18:45:46,11.9
4/27/2026,18:45:47,11.77
4/27/2026,18:45:48,12.27
4/27/2026,18:45:49,12.27
4/27/2026,18:45:50,11.83
4/27/2026,18:45:51,12.67
4/27/2026,18:45:52,12.67
4/27/2026,18:45:53,12.16
4/27/2026,18:45:54,12.09
4/27/2026,18:45:55,12.09
4/27/2026,18:45:56,11.87
4/27/2026,18:45:57,11.77
4/27/2026,18:45:58,11.77
4/27/2026,18:45:59,12.75
4/27/2026,18:46:00,12.31
4/27/2026,18:46:01,12.31
4/27/2026,18:46:02,12.26
4/27/2026,18:46:03,12.08
4/27/2026,18:46:04,12.08
4/27/2026,18:46:05,12.33
4/27/2026,18:46:06,12.26
4/27/2026,18:46:07,12.26
4/27/2026,18:46:08,12.02
4/27/2026,18:46:09,12.1
4/27/2026,18:46:10,12.1
4/27/2026,18:46:11,12.18
4/27/2026,18:46:12,12.28
4/27/2026,18:46:13,12.28
4/27/2026,18:46:14,12.07
4/27/2026,18:46:15,12.11
4/27/2026,18:46:16,12.11
4/27/2026,18:46:17,11.99
4/27/2026,18:46:18,12.01
4/27/2026,18:46:19,12.24
4/27/2026,18:46:20,11.6
4/27/2026,18:46:21,11.6
4/27/2026,18:46:22,11.74
4/27/2026,18:46:23,12.14
4/27/2026,18:46:24,12.14
4/27/2026,18:46:25,11.76
4/27/2026,18:46:26,12.41
4/27/2026,18:46:27,12.41
4/27/2026,18:46:28,12.15
4/27/2026,18:46:29,11.92
4/27/2026,18:46:30,11.92
4/27/2026,18:46:31,12.21
4/27/2026,18:46:32,11.91
4/27/2026,18:46:33,11.91
4/27/2026,18:46:34,12.85
4/27/2026,18:46:34,12.85
4/27/2026,18:46:35,12.24
4/27/2026,18:46:36,12.24
4/27/2026,18:46:37,11.89
4/27/2026,18:46:38,12.06
4/27/2026,18:46:39,12.06
4/27/2026,18:46:40,10.71
4/27/2026,18:46:40,10.71
4/27/2026,18:46:41,9.01
4/27/2026,18:46:42,9.01
4/27/2026,18:46:43,9.33
4/27/2026,18:46:44,9.39
4/27/2026,18:46:45,9.39
4/27/2026,18:46:46,9.23
4/27/2026,18:46:46,9.23
4/27/2026,18:46:47,9.31
4/27/2026,18:46:48,9.31
4/27/2026,18:46:50,9.23
4/27/2026,18:46:51,9.33
4/27/2026,18:46:52,9.33
4/27/2026,18:46:53,9.43
4/27/2026,18:46:54,9.21
4/27/2026,18:46:55,9.21
4/27/2026,18:46:56,9.9
4/27/2026,18:46:57,9.41
4/27/2026,18:46:58,9.41
4/27/2026,18:46:59,9.66
4/27/2026,18:47:00,9.49
