command,cpu_utilization,date,time,cpu_percent,mem_percent,power_watts
stress-ng --cpu 8 --cpu-load 4 --timeout 60s --quiet,1,5/14/2026,21:42:19,3.14,2.2,106
stress-ng --cpu 8 --cpu-load 4 --timeout 60s --quiet,1,5/14/2026,21:42:20,0.12,2.2,117
stress-ng --cpu 8 --cpu-load 4 --timeout 60s --quiet,1,5/14/2026,21:42:21,0.12,2.2,127
stress-ng --cpu 8 --cpu-load 4 --timeout 60s --quiet,1,5/14/2026,21:42:22,2.5,2.2,109
stress-ng --cpu 8 --cpu-load 4 --timeout 60s --quiet,1,5/14/2026,21:42:23,0.15,2.2,147
stress-ng --cpu 8 --cpu-load 4 --timeout 60s --quiet,1,5/14/2026,21:42:24,1.2,2.19,112
stress-ng --cpu 8 --cpu-load 4 --timeout 60s --quiet,1,5/14/2026,21:42:25,1.29,2.2,123
stress-ng --cpu 8 --cpu-load 4 --timeout 60s --quiet,1,5/14/2026,21:42:26,1.32,2.18,118
stress-ng --cpu 8 --cpu-load 4 --timeout 60s --quiet,1,5/14/2026,21:42:27,1.33,2.18,139
stress-ng --cpu 8 --cpu-load 4 --timeout 60s --quiet,1,5/14/2026,21:42:28,1.48,2.19,142
stress-ng --cpu 8 --cpu-load 4 --timeout 60s --quiet,1,5/14/2026,21:42:29,1.42,2.19,147
stress-ng --cpu 8 --cpu-load 4 --timeout 60s --quiet,1,5/14/2026,21:42:30,0.18,2.19,109
stress-ng --cpu 8 --cpu-load 4 --timeout 60s --quiet,1,5/14/2026,21:42:31,1.23,2.19,129
stress-ng --cpu 8 --cpu-load 4 --timeout 60s --quiet,1,5/14/2026,21:42:32,1.2,2.19,136
stress-ng --cpu 8 --cpu-load 4 --timeout 60s --quiet,1,5/14/2026,21:42:33,1.29,2.19,153
stress-ng --cpu 8 --cpu-load 4 --timeout 60s --quiet,1,5/14/2026,21:42:34,1.29,2.19,120
stress-ng --cpu 8 --cpu-load 4 --timeout 60s --quiet,1,5/14/2026,21:42:35,0.99,2.19,144
stress-ng --cpu 8 --cpu-load 4 --timeout 60s --quiet,1,5/14/2026,21:42:36,0.77,2.19,134
stress-ng --cpu 8 --cpu-load 4 --timeout 60s --quiet,1,5/14/2026,21:42:37,0.55,2.19,152
stress-ng --cpu 8 --cpu-load 4 --timeout 60s --quiet,1,5/14/2026,21:42:38,1.97,2.19,137
stress-ng --cpu 8 --cpu-load 4 --timeout 60s --quiet,1,5/14/2026,21:42:39,0.99,2.19,120
stress-ng --cpu 8 --cpu-load 4 --timeout 60s --quiet,1,5/14/2026,21:42:40,1.36,2.19,157
stress-ng --cpu 8 --cpu-load 4 --timeout 60s --quiet,1,5/14/2026,21:42:41,0.71,2.19,142
stress-ng --cpu 8 --cpu-load 4 --timeout 60s --quiet,1,5/14/2026,21:42:42,1.79,2.2,125
stress-ng --cpu 8 --cpu-load 4 --timeout 60s --quiet,1,5/14/2026,21:42:43,0.52,2.2,108
stress-ng --cpu 8 --cpu-load 4 --timeout 60s --quiet,1,5/14/2026,21:42:44,1.14,2.2,128
stress-ng --cpu 8 --cpu-load 4 --timeout 60s --quiet,1,5/14/2026,21:42:45,1.2,2.19,124
stress-ng --cpu 8 --cpu-load 4 --timeout 60s --quiet,1,5/14/2026,21:42:46,1.11,2.2,110
stress-ng --cpu 8 --cpu-load 4 --timeout 60s --quiet,1,5/14/2026,21:42:47,1.45,2.19,141
stress-ng --cpu 8 --cpu-load 4 --timeout 60s --quiet,1,5/14/2026,21:42:48,0.95,2.2,125
stress-ng --cpu 8 --cpu-load 4 --timeout 60s --quiet,1,5/14/2026,21:42:49,1.6,2.2,158
stress-ng --cpu 8 --cpu-load 4 --timeout 60s --quiet,1,5/14/2026,21:42:50,0.46,2.2,123
stress-ng --cpu 8 --cpu-load 4 --timeout 60s --quiet,1,5/14/2026,21:42:51,1.78,2.2,104
stress-ng --cpu 8 --cpu-load 4 --timeout 60s --quiet,1,5/14/2026,21:42:52,0.95,2.22,166
stress-ng --cpu 8 --cpu-load 4 --timeout 60s --quiet,1,5/14/2026,21:42:53,0.89,2.21,111
stress-ng --cpu 8 --cpu-load 4 --timeout 60s --quiet,1,5/14/2026,21:42:54,1.57,2.21,139
stress-ng --cpu 8 --cpu-load 4 --timeout 60s --quiet,1,5/14/2026,21:42:55,0.89,2.22,123
stress-ng --cpu 8 --cpu-load 4 --timeout 60s --quiet,1,5/14/2026,21:42:56,0.92,2.22,133
stress-ng --cpu 8 --cpu-load 4 --timeout 60s --quiet,1,5/14/2026,21:42:57,1.97,2.22,104
stress-ng --cpu 8 --cpu-load 4 --timeout 60s --quiet,1,5/14/2026,21:42:58,0.62,2.22,170
stress-ng --cpu 8 --cpu-load 4 --timeout 60s --quiet,1,5/14/2026,21:42:59,0.99,2.21,126
stress-ng --cpu 8 --cpu-load 4 --timeout 60s --quiet,1,5/14/2026,21:43:00,1.66,2.21,119
stress-ng --cpu 8 --cpu-load 4 --timeout 60s --quiet,1,5/14/2026,21:43:01,0.99,2.2,123
stress-ng --cpu 8 --cpu-load 4 --timeout 60s --quiet,1,5/14/2026,21:43:02,1.29,2.2,108
stress-ng --cpu 8 --cpu-load 4 --timeout 60s --quiet,1,5/14/2026,21:43:03,0.71,2.2,142
stress-ng --cpu 8 --cpu-load 4 --timeout 60s --quiet,1,5/14/2026,21:43:04,2.03,2.2,109
stress-ng --cpu 8 --cpu-load 4 --timeout 60s --quiet,1,5/14/2026,21:43:05,0.43,2.2,122
stress-ng --cpu 8 --cpu-load 4 --timeout 60s --quiet,1,5/14/2026,21:43:06,2.16,2.19,151
stress-ng --cpu 8 --cpu-load 4 --timeout 60s --quiet,1,5/14/2026,21:43:07,0.43,2.19,129
stress-ng --cpu 8 --cpu-load 4 --timeout 60s --quiet,1,5/14/2026,21:43:08,0.99,2.19,113
stress-ng --cpu 8 --cpu-load 4 --timeout 60s --quiet,1,5/14/2026,21:43:09,1.63,2.19,118
stress-ng --cpu 8 --cpu-load 4 --timeout 60s --quiet,1,5/14/2026,21:43:10,0.96,2.19,123
stress-ng --cpu 8 --cpu-load 4 --timeout 60s --quiet,1,5/14/2026,21:43:11,1.26,2.19,146
stress-ng --cpu 8 --cpu-load 4 --timeout 60s --quiet,1,5/14/2026,21:43:12,0.68,2.19,108
stress-ng --cpu 8 --cpu-load 4 --timeout 60s --quiet,1,5/14/2026,21:43:13,1.76,2.2,131
stress-ng --cpu 8 --cpu-load 4 --timeout 60s --quiet,1,5/14/2026,21:43:14,0.59,2.2,151
stress-ng --cpu 8 --cpu-load 4 --timeout 60s --quiet,1,5/14/2026,21:43:15,1.57,2.19,125
stress-ng --cpu 8 --cpu-load 4 --timeout 60s --quiet,1,5/14/2026,21:43:16,0.59,2.19,132
stress-ng --cpu 8 --cpu-load 4 --timeout 60s --quiet,1,5/14/2026,21:43:17,2.22,2.19,118
stress-ng --cpu 8 --cpu-load 4 --timeout 60s --quiet,1,5/14/2026,21:43:18,0.52,2.19,181
stress-ng --cpu 8 --cpu-load 4 --timeout 60s --quiet,1,5/14/2026,21:43:19,0.89,2.19,125
stress-ng --cpu 8 --cpu-load 4 --timeout 60s --quiet,1,5/14/2026,21:43:20,0.22,2.13,120
stress-ng --cpu 8 --cpu-load 4 --timeout 60s --quiet,1,5/15/2026,11:46:15,3.17,2.26,126
stress-ng --cpu 8 --cpu-load 4 --timeout 60s --quiet,1,5/15/2026,11:46:16,0.15,2.26,130
stress-ng --cpu 8 --cpu-load 4 --timeout 60s --quiet,1,5/15/2026,11:46:17,0.15,2.27,114
stress-ng --cpu 8 --cpu-load 4 --timeout 60s --quiet,1,5/15/2026,11:46:18,2.62,2.26,135
stress-ng --cpu 8 --cpu-load 4 --timeout 60s --quiet,1,5/15/2026,11:46:19,0.22,2.26,104
stress-ng --cpu 8 --cpu-load 4 --timeout 60s --quiet,1,5/15/2026,11:46:20,0.89,2.26,160
stress-ng --cpu 8 --cpu-load 4 --timeout 60s --quiet,1,5/15/2026,11:46:21,1.63,2.24,143.5
stress-ng --cpu 8 --cpu-load 4 --timeout 60s --quiet,1,5/15/2026,11:46:22,1.17,2.24,127
stress-ng --cpu 8 --cpu-load 4 --timeout 60s --quiet,1,5/15/2026,11:46:23,1.76,2.24,120
stress-ng --cpu 8 --cpu-load 4 --timeout 60s --quiet,1,5/15/2026,11:46:24,0.71,2.24,179
stress-ng --cpu 8 --cpu-load 4 --timeout 60s --quiet,1,5/15/2026,11:46:25,0.86,2.24,110
stress-ng --cpu 8 --cpu-load 4 --timeout 60s --quiet,1,5/15/2026,11:46:26,1.48,2.24,130
stress-ng --cpu 8 --cpu-load 4 --timeout 60s --quiet,1,5/15/2026,11:46:27,1.23,2.24,115
stress-ng --cpu 8 --cpu-load 4 --timeout 60s --quiet,1,5/15/2026,11:46:28,1.17,2.24,128
stress-ng --cpu 8 --cpu-load 4 --timeout 60s --quiet,1,5/15/2026,11:46:29,1.36,2.23,129
stress-ng --cpu 8 --cpu-load 4 --timeout 60s --quiet,1,5/15/2026,11:46:30,1.29,2.24,122
stress-ng --cpu 8 --cpu-load 4 --timeout 60s --quiet,1,5/15/2026,11:46:31,0.74,2.24,128
stress-ng --cpu 8 --cpu-load 4 --timeout 60s --quiet,1,5/15/2026,11:46:32,0.62,2.24,134
stress-ng --cpu 8 --cpu-load 4 --timeout 60s --quiet,1,5/15/2026,11:46:33,2,2.24,129
stress-ng --cpu 8 --cpu-load 4 --timeout 60s --quiet,1,5/15/2026,11:46:34,1.26,2.24,150
stress-ng --cpu 8 --cpu-load 4 --timeout 60s --quiet,1,5/15/2026,11:46:35,1.11,2.24,109
stress-ng --cpu 8 --cpu-load 4 --timeout 60s --quiet,1,5/15/2026,11:46:36,1.02,2.24,145
stress-ng --cpu 8 --cpu-load 4 --timeout 60s --quiet,1,5/15/2026,11:46:37,1.08,2.24,143
stress-ng --cpu 8 --cpu-load 4 --timeout 60s --quiet,1,5/15/2026,11:46:38,0.92,2.24,117
stress-ng --cpu 8 --cpu-load 4 --timeout 60s --quiet,1,5/15/2026,11:46:39,1.51,2.24,129
stress-ng --cpu 8 --cpu-load 4 --timeout 60s --quiet,1,5/15/2026,11:46:40,1.08,2.24,139
stress-ng --cpu 8 --cpu-load 4 --timeout 60s --quiet,1,5/15/2026,11:46:41,1.45,2.24,162
stress-ng --cpu 8 --cpu-load 4 --timeout 60s --quiet,1,5/15/2026,11:46:42,0.99,2.24,149
stress-ng --cpu 8 --cpu-load 4 --timeout 60s --quiet,1,5/15/2026,11:46:43,1.29,2.24,150
stress-ng --cpu 8 --cpu-load 4 --timeout 60s --quiet,1,5/15/2026,11:46:44,1.45,2.24,138
stress-ng --cpu 8 --cpu-load 4 --timeout 60s --quiet,1,5/15/2026,11:46:45,0.8,2.25,146
stress-ng --cpu 8 --cpu-load 4 --timeout 60s --quiet,1,5/15/2026,11:46:46,1.32,2.25,162
stress-ng --cpu 8 --cpu-load 4 --timeout 60s --quiet,1,5/15/2026,11:46:47,1.26,2.25,146
stress-ng --cpu 8 --cpu-load 4 --timeout 60s --quiet,1,5/15/2026,11:46:48,1.32,2.25,135
stress-ng --cpu 8 --cpu-load 4 --timeout 60s --quiet,1,5/15/2026,11:46:49,0.95,2.24,152
stress-ng --cpu 8 --cpu-load 4 --timeout 60s --quiet,1,5/15/2026,11:46:50,1.29,2.23,156
stress-ng --cpu 8 --cpu-load 4 --timeout 60s --quiet,1,5/15/2026,11:46:51,0.8,2.23,153
stress-ng --cpu 8 --cpu-load 4 --timeout 60s --quiet,1,5/15/2026,11:46:52,1.23,2.225,126
stress-ng --cpu 8 --cpu-load 4 --timeout 60s --quiet,1,5/15/2026,11:46:53,1.66,2.22,141
stress-ng --cpu 8 --cpu-load 4 --timeout 60s --quiet,1,5/15/2026,11:46:54,1.11,2.23,139
stress-ng --cpu 8 --cpu-load 4 --timeout 60s --quiet,1,5/15/2026,11:46:55,1.42,2.22,121
stress-ng --cpu 8 --cpu-load 4 --timeout 60s --quiet,1,5/15/2026,11:46:56,1.02,2.22,106
stress-ng --cpu 8 --cpu-load 4 --timeout 60s --quiet,1,5/15/2026,11:46:57,0.96,2.22,155
stress-ng --cpu 8 --cpu-load 4 --timeout 60s --quiet,1,5/15/2026,11:46:58,1.2,2.22,128
stress-ng --cpu 8 --cpu-load 4 --timeout 60s --quiet,1,5/15/2026,11:46:59,1.05,2.23,130
stress-ng --cpu 8 --cpu-load 4 --timeout 60s --quiet,1,5/15/2026,11:47:00,1.45,2.22,153
stress-ng --cpu 8 --cpu-load 4 --timeout 60s --quiet,1,5/15/2026,11:47:01,0.96,2.22,145
stress-ng --cpu 8 --cpu-load 4 --timeout 60s --quiet,1,5/15/2026,11:47:02,1.72,2.23,137
stress-ng --cpu 8 --cpu-load 4 --timeout 60s --quiet,1,5/15/2026,11:47:03,1.02,2.22,161
stress-ng --cpu 8 --cpu-load 4 --timeout 60s --quiet,1,5/15/2026,11:47:04,1.72,2.23,127
stress-ng --cpu 8 --cpu-load 4 --timeout 60s --quiet,1,5/15/2026,11:47:05,0.89,2.23,157
stress-ng --cpu 8 --cpu-load 4 --timeout 60s --quiet,1,5/15/2026,11:47:06,1.36,2.23,146
stress-ng --cpu 8 --cpu-load 4 --timeout 60s --quiet,1,5/15/2026,11:47:07,0.89,2.24,142
stress-ng --cpu 8 --cpu-load 4 --timeout 60s --quiet,1,5/15/2026,11:47:08,1.02,2.23,147
stress-ng --cpu 8 --cpu-load 4 --timeout 60s --quiet,1,5/15/2026,11:47:09,1.36,2.23,148
stress-ng --cpu 8 --cpu-load 4 --timeout 60s --quiet,1,5/15/2026,11:47:10,0.95,2.23,154
stress-ng --cpu 8 --cpu-load 4 --timeout 60s --quiet,1,5/15/2026,11:47:11,1.26,2.24,150
stress-ng --cpu 8 --cpu-load 4 --timeout 60s --quiet,1,5/15/2026,11:47:12,1.26,2.23,113
stress-ng --cpu 8 --cpu-load 4 --timeout 60s --quiet,1,5/15/2026,11:47:13,1.26,2.24,158
stress-ng --cpu 8 --cpu-load 4 --timeout 60s --quiet,1,5/15/2026,11:47:14,0.95,2.23,111
stress-ng --cpu 8 --cpu-load 4 --timeout 60s --quiet,1,5/15/2026,11:47:15,1.42,2.17,162
stress-ng --cpu 8 --cpu-load 4 --timeout 60s --quiet,1,5/15/2026,20:21:26,0.18,2.15,126
stress-ng --cpu 8 --cpu-load 4 --timeout 60s --quiet,1,5/15/2026,20:21:27,3.3,2.24,130
stress-ng --cpu 8 --cpu-load 4 --timeout 60s --quiet,1,5/15/2026,20:21:28,0.22,2.24,125
stress-ng --cpu 8 --cpu-load 4 --timeout 60s --quiet,1,5/15/2026,20:21:29,0.18,2.24,126
stress-ng --cpu 8 --cpu-load 4 --timeout 60s --quiet,1,5/15/2026,20:21:30,2.53,2.24,115
stress-ng --cpu 8 --cpu-load 4 --timeout 60s --quiet,1,5/15/2026,20:21:31,0.18,2.24,164
stress-ng --cpu 8 --cpu-load 4 --timeout 60s --quiet,1,5/15/2026,20:21:32,0.92,2.23,128
stress-ng --cpu 8 --cpu-load 4 --timeout 60s --quiet,1,5/15/2026,20:21:33,1.72,2.23,144
stress-ng --cpu 8 --cpu-load 4 --timeout 60s --quiet,1,5/15/2026,20:21:34,1.02,2.23,127
stress-ng --cpu 8 --cpu-load 4 --timeout 60s --quiet,1,5/15/2026,20:21:35,1.79,2.23,126
stress-ng --cpu 8 --cpu-load 4 --timeout 60s --quiet,1,5/15/2026,20:21:36,1.02,2.23,127
stress-ng --cpu 8 --cpu-load 4 --timeout 60s --quiet,1,5/15/2026,20:21:37,0.43,2.24,164
stress-ng --cpu 8 --cpu-load 4 --timeout 60s --quiet,1,5/15/2026,20:21:38,1.51,2.24,124
stress-ng --cpu 8 --cpu-load 4 --timeout 60s --quiet,1,5/15/2026,20:21:39,1.17,2.24,118
stress-ng --cpu 8 --cpu-load 4 --timeout 60s --quiet,1,5/15/2026,20:21:40,0.15,2.24,136
stress-ng --cpu 8 --cpu-load 4 --timeout 60s --quiet,1,5/15/2026,20:21:41,2.31,2.24,109
stress-ng --cpu 8 --cpu-load 4 --timeout 60s --quiet,1,5/15/2026,20:21:42,0.15,2.24,151
stress-ng --cpu 8 --cpu-load 4 --timeout 60s --quiet,1,5/15/2026,20:21:43,1.94,2.23,138
stress-ng --cpu 8 --cpu-load 4 --timeout 60s --quiet,1,5/15/2026,20:21:44,0.34,2.24,139
stress-ng --cpu 8 --cpu-load 4 --timeout 60s --quiet,1,5/15/2026,20:21:45,2,2.23,146
stress-ng --cpu 8 --cpu-load 4 --timeout 60s --quiet,1,5/15/2026,20:21:46,0.22,2.23,154
stress-ng --cpu 8 --cpu-load 4 --timeout 60s --quiet,1,5/15/2026,20:21:47,2.34,2.23,147
stress-ng --cpu 8 --cpu-load 4 --timeout 60s --quiet,1,5/15/2026,20:21:48,0.09,2.23,146.5
stress-ng --cpu 8 --cpu-load 4 --timeout 60s --quiet,1,5/15/2026,20:21:49,2.16,2.23,146
stress-ng --cpu 8 --cpu-load 4 --timeout 60s --quiet,1,5/15/2026,20:21:50,0.4,2.22,125
stress-ng --cpu 8 --cpu-load 4 --timeout 60s --quiet,1,5/15/2026,20:21:51,1.88,2.23,122
stress-ng --cpu 8 --cpu-load 4 --timeout 60s --quiet,1,5/15/2026,20:21:52,0.52,2.23,187
stress-ng --cpu 8 --cpu-load 4 --timeout 60s --quiet,1,5/15/2026,20:21:53,0.68,2.23,111
stress-ng --cpu 8 --cpu-load 4 --timeout 60s --quiet,1,5/15/2026,20:21:54,1.88,2.23,144
stress-ng --cpu 8 --cpu-load 4 --timeout 60s --quiet,1,5/15/2026,20:21:55,0.55,2.23,126
stress-ng --cpu 8 --cpu-load 4 --timeout 60s --quiet,1,5/15/2026,20:21:56,2.09,2.23,131
stress-ng --cpu 8 --cpu-load 4 --timeout 60s --quiet,1,5/15/2026,20:21:57,0.15,2.22,157
stress-ng --cpu 8 --cpu-load 4 --timeout 60s --quiet,1,5/15/2026,20:21:58,2.09,2.22,113
stress-ng --cpu 8 --cpu-load 4 --timeout 60s --quiet,1,5/15/2026,20:21:59,0.37,2.22,167
stress-ng --cpu 8 --cpu-load 4 --timeout 60s --quiet,1,5/15/2026,20:22:00,1.08,2.22,108
stress-ng --cpu 8 --cpu-load 4 --timeout 60s --quiet,1,5/15/2026,20:22:01,1.42,2.23,109
stress-ng --cpu 8 --cpu-load 4 --timeout 60s --quiet,1,5/15/2026,20:22:02,0.55,2.23,110
stress-ng --cpu 8 --cpu-load 4 --timeout 60s --quiet,1,5/15/2026,20:22:03,1.63,2.22,138
stress-ng --cpu 8 --cpu-load 4 --timeout 60s --quiet,1,5/15/2026,20:22:04,1.29,2.22,168
stress-ng --cpu 8 --cpu-load 4 --timeout 60s --quiet,1,5/15/2026,20:22:05,1.02,2.22,157
stress-ng --cpu 8 --cpu-load 4 --timeout 60s --quiet,1,5/15/2026,20:22:06,0.95,2.22,121
stress-ng --cpu 8 --cpu-load 4 --timeout 60s --quiet,1,5/15/2026,20:22:07,1.54,2.23,156
stress-ng --cpu 8 --cpu-load 4 --timeout 60s --quiet,1,5/15/2026,20:22:08,0.71,2.23,110
stress-ng --cpu 8 --cpu-load 4 --timeout 60s --quiet,1,5/15/2026,20:22:09,1.82,2.23,153
stress-ng --cpu 8 --cpu-load 4 --timeout 60s --quiet,1,5/15/2026,20:22:10,0.4,2.24,118
stress-ng --cpu 8 --cpu-load 4 --timeout 60s --quiet,1,5/15/2026,20:22:11,1.235,2.24,133
stress-ng --cpu 8 --cpu-load 4 --timeout 60s --quiet,1,5/15/2026,20:22:12,2.07,2.24,117
stress-ng --cpu 8 --cpu-load 4 --timeout 60s --quiet,1,5/15/2026,20:22:13,0.4,2.24,128
stress-ng --cpu 8 --cpu-load 4 --timeout 60s --quiet,1,5/15/2026,20:22:14,2.06,2.24,139
stress-ng --cpu 8 --cpu-load 4 --timeout 60s --quiet,1,5/15/2026,20:22:15,0.34,2.24,150
stress-ng --cpu 8 --cpu-load 4 --timeout 60s --quiet,1,5/15/2026,20:22:16,1.17,2.25,109
stress-ng --cpu 8 --cpu-load 4 --timeout 60s --quiet,1,5/15/2026,20:22:17,1.32,2.25,150
stress-ng --cpu 8 --cpu-load 4 --timeout 60s --quiet,1,5/15/2026,20:22:18,0.92,2.25,124
stress-ng --cpu 8 --cpu-load 4 --timeout 60s --quiet,1,5/15/2026,20:22:19,1.57,2.25,151
stress-ng --cpu 8 --cpu-load 4 --timeout 60s --quiet,1,5/15/2026,20:22:20,0.92,2.25,125
stress-ng --cpu 8 --cpu-load 4 --timeout 60s --quiet,1,5/15/2026,20:22:21,1.51,2.24,113
stress-ng --cpu 8 --cpu-load 4 --timeout 60s --quiet,1,5/15/2026,20:22:22,0.62,2.23,156
stress-ng --cpu 8 --cpu-load 4 --timeout 60s --quiet,1,5/15/2026,20:22:23,1.51,2.23,119
stress-ng --cpu 8 --cpu-load 4 --timeout 60s --quiet,1,5/15/2026,20:22:24,0.8,2.23,154
stress-ng --cpu 8 --cpu-load 4 --timeout 60s --quiet,1,5/15/2026,20:22:25,0.83,2.23,153
stress-ng --cpu 8 --cpu-load 4 --timeout 60s --quiet,1,5/15/2026,20:22:26,1.6,2.23,108
stress-ng --cpu 8 --cpu-load 4 --timeout 60s --quiet,1,5/15/2026,20:22:27,0.83,2.23,130
stress-ng --cpu 8 --cpu-load 8 --timeout 60s --quiet,2,5/14/2026,19:48:02,0.12,2.1,129
stress-ng --cpu 8 --cpu-load 8 --timeout 60s --quiet,2,5/14/2026,19:48:03,3.14,2.19,191
stress-ng --cpu 8 --cpu-load 8 --timeout 60s --quiet,2,5/14/2026,19:48:04,1.63,2.2,157
stress-ng --cpu 8 --cpu-load 8 --timeout 60s --quiet,2,5/14/2026,19:48:05,2.09,2.2,141.5
stress-ng --cpu 8 --cpu-load 8 --timeout 60s --quiet,2,5/14/2026,19:48:06,2.59,2.2,126
stress-ng --cpu 8 --cpu-load 8 --timeout 60s --quiet,2,5/14/2026,19:48:07,1.85,2.2,121
stress-ng --cpu 8 --cpu-load 8 --timeout 60s --quiet,2,5/14/2026,19:48:08,2.77,2.21,106
stress-ng --cpu 8 --cpu-load 8 --timeout 60s --quiet,2,5/14/2026,19:48:09,1.08,2.21,116
stress-ng --cpu 8 --cpu-load 8 --timeout 60s --quiet,2,5/14/2026,19:48:10,2.49,2.21,122
stress-ng --cpu 8 --cpu-load 8 --timeout 60s --quiet,2,5/14/2026,19:48:11,2.28,2.21,163
stress-ng --cpu 8 --cpu-load 8 --timeout 60s --quiet,2,5/14/2026,19:48:12,2.03,2.21,160
stress-ng --cpu 8 --cpu-load 8 --timeout 60s --quiet,2,5/14/2026,19:48:13,2.49,2.21,138
stress-ng --cpu 8 --cpu-load 8 --timeout 60s --quiet,2,5/14/2026,19:48:14,2.34,2.2,171
stress-ng --cpu 8 --cpu-load 8 --timeout 60s --quiet,2,5/14/2026,19:48:15,1.51,2.2,168
stress-ng --cpu 8 --cpu-load 8 --timeout 60s --quiet,2,5/14/2026,19:48:16,2.22,2.2,173
stress-ng --cpu 8 --cpu-load 8 --timeout 60s --quiet,2,5/14/2026,19:48:17,2.28,2.2,173
stress-ng --cpu 8 --cpu-load 8 --timeout 60s --quiet,2,5/14/2026,19:48:18,1.72,2.19,163
stress-ng --cpu 8 --cpu-load 8 --timeout 60s --quiet,2,5/14/2026,19:48:19,2.4,2.19,158
stress-ng --cpu 8 --cpu-load 8 --timeout 60s --quiet,2,5/14/2026,19:48:20,2.19,2.19,146
stress-ng --cpu 8 --cpu-load 8 --timeout 60s --quiet,2,5/14/2026,19:48:21,1.97,2.19,135
stress-ng --cpu 8 --cpu-load 8 --timeout 60s --quiet,2,5/14/2026,19:48:22,2.4,2.19,154
stress-ng --cpu 8 --cpu-load 8 --timeout 60s --quiet,2,5/14/2026,19:48:23,2.09,2.19,146
stress-ng --cpu 8 --cpu-load 8 --timeout 60s --quiet,2,5/14/2026,19:48:24,2.43,2.19,143
stress-ng --cpu 8 --cpu-load 8 --timeout 60s --quiet,2,5/14/2026,19:48:25,1.48,2.18,158
stress-ng --cpu 8 --cpu-load 8 --timeout 60s --quiet,2,5/14/2026,19:48:26,2.31,2.19,165
stress-ng --cpu 8 --cpu-load 8 --timeout 60s --quiet,2,5/14/2026,19:48:27,2.37,2.19,154
stress-ng --cpu 8 --cpu-load 8 --timeout 60s --quiet,2,5/14/2026,19:48:28,2,2.19,145
stress-ng --cpu 8 --cpu-load 8 --timeout 60s --quiet,2,5/14/2026,19:48:29,1.91,2.19,123
stress-ng --cpu 8 --cpu-load 8 --timeout 60s --quiet,2,5/14/2026,19:48:30,2.22,2.19,152
stress-ng --cpu 8 --cpu-load 8 --timeout 60s --quiet,2,5/14/2026,19:48:31,2.15,2.19,158
stress-ng --cpu 8 --cpu-load 8 --timeout 60s --quiet,2,5/14/2026,19:48:32,2.19,2.19,145
stress-ng --cpu 8 --cpu-load 8 --timeout 60s --quiet,2,5/14/2026,19:48:33,2.28,2.19,130
stress-ng --cpu 8 --cpu-load 8 --timeout 60s --quiet,2,5/14/2026,19:48:34,2.34,2.19,156
stress-ng --cpu 8 --cpu-load 8 --timeout 60s --quiet,2,5/14/2026,19:48:35,2.16,2.19,145
stress-ng --cpu 8 --cpu-load 8 --timeout 60s --quiet,2,5/14/2026,19:48:36,2.28,2.19,150
stress-ng --cpu 8 --cpu-load 8 --timeout 60s --quiet,2,5/14/2026,19:48:37,1.63,2.18,155
stress-ng --cpu 8 --cpu-load 8 --timeout 60s --quiet,2,5/14/2026,19:48:38,2.37,2.18,153
stress-ng --cpu 8 --cpu-load 8 --timeout 60s --quiet,2,5/14/2026,19:48:39,2.03,2.18,148
stress-ng --cpu 8 --cpu-load 8 --timeout 60s --quiet,2,5/14/2026,19:48:40,1.78,2.18,147
stress-ng --cpu 8 --cpu-load 8 --timeout 60s --quiet,2,5/14/2026,19:48:41,2.49,2.18,153
stress-ng --cpu 8 --cpu-load 8 --timeout 60s --quiet,2,5/14/2026,19:48:42,1.75,2.18,143
stress-ng --cpu 8 --cpu-load 8 --timeout 60s --quiet,2,5/14/2026,19:48:43,2.37,2.18,159
stress-ng --cpu 8 --cpu-load 8 --timeout 60s --quiet,2,5/14/2026,19:48:44,2.56,2.18,122
stress-ng --cpu 8 --cpu-load 8 --timeout 60s --quiet,2,5/14/2026,19:48:45,2.37,2.18,141
stress-ng --cpu 8 --cpu-load 8 --timeout 60s --quiet,2,5/14/2026,19:48:46,2.49,2.18,160
stress-ng --cpu 8 --cpu-load 8 --timeout 60s --quiet,2,5/14/2026,19:48:47,1.57,2.18,157
stress-ng --cpu 8 --cpu-load 8 --timeout 60s --quiet,2,5/14/2026,19:48:48,2.31,2.19,154
stress-ng --cpu 8 --cpu-load 8 --timeout 60s --quiet,2,5/14/2026,19:48:49,2.22,2.19,143
stress-ng --cpu 8 --cpu-load 8 --timeout 60s --quiet,2,5/14/2026,19:48:50,2.11,2.19,158
stress-ng --cpu 8 --cpu-load 8 --timeout 60s --quiet,2,5/14/2026,19:48:51,2,2.19,138
stress-ng --cpu 8 --cpu-load 8 --timeout 60s --quiet,2,5/14/2026,19:48:52,2.84,2.19,145
stress-ng --cpu 8 --cpu-load 8 --timeout 60s --quiet,2,5/14/2026,19:48:53,1.2,2.19,156
stress-ng --cpu 8 --cpu-load 8 --timeout 60s --quiet,2,5/14/2026,19:48:54,2.55,2.19,132
stress-ng --cpu 8 --cpu-load 8 --timeout 60s --quiet,2,5/14/2026,19:48:55,1.23,2.19,144
stress-ng --cpu 8 --cpu-load 8 --timeout 60s --quiet,2,5/14/2026,19:48:56,2.43,2.19,193
stress-ng --cpu 8 --cpu-load 8 --timeout 60s --quiet,2,5/14/2026,19:48:57,2.43,2.19,107
stress-ng --cpu 8 --cpu-load 8 --timeout 60s --quiet,2,5/14/2026,19:48:58,2.59,2.19,136
stress-ng --cpu 8 --cpu-load 8 --timeout 60s --quiet,2,5/14/2026,19:48:59,2.53,2.19,133
stress-ng --cpu 8 --cpu-load 8 --timeout 60s --quiet,2,5/14/2026,19:49:00,2.06,2.19,137
stress-ng --cpu 8 --cpu-load 8 --timeout 60s --quiet,2,5/14/2026,19:49:01,1.17,2.19,188
stress-ng --cpu 8 --cpu-load 8 --timeout 60s --quiet,2,5/14/2026,19:49:02,2.71,2.19,129
stress-ng --cpu 8 --cpu-load 8 --timeout 60s --quiet,2,5/14/2026,19:49:03,1.11,2.17,134
stress-ng --cpu 8 --cpu-load 8 --timeout 60s --quiet,2,5/15/2026,5:55:25,3.05,2.26,129
stress-ng --cpu 8 --cpu-load 8 --timeout 60s --quiet,2,5/15/2026,5:55:26,2.52,2.26,183
stress-ng --cpu 8 --cpu-load 8 --timeout 60s --quiet,2,5/15/2026,5:55:27,1.32,2.26,103
stress-ng --cpu 8 --cpu-load 8 --timeout 60s --quiet,2,5/15/2026,5:55:28,2.55,2.25,140
stress-ng --cpu 8 --cpu-load 8 --timeout 60s --quiet,2,5/15/2026,5:55:29,1.51,2.25,117
stress-ng --cpu 8 --cpu-load 8 --timeout 60s --quiet,2,5/15/2026,5:55:30,2.14,2.25,106
stress-ng --cpu 8 --cpu-load 8 --timeout 60s --quiet,2,5/15/2026,5:55:31,2.77,2.25,109
stress-ng --cpu 8 --cpu-load 8 --timeout 60s --quiet,2,5/15/2026,5:55:32,1.32,2.25,131
stress-ng --cpu 8 --cpu-load 8 --timeout 60s --quiet,2,5/15/2026,5:55:33,2.28,2.25,159
stress-ng --cpu 8 --cpu-load 8 --timeout 60s --quiet,2,5/15/2026,5:55:34,2.25,2.25,143
stress-ng --cpu 8 --cpu-load 8 --timeout 60s --quiet,2,5/15/2026,5:55:35,2.4,2.25,165
stress-ng --cpu 8 --cpu-load 8 --timeout 60s --quiet,2,5/15/2026,5:55:36,2.37,2.25,123
stress-ng --cpu 8 --cpu-load 8 --timeout 60s --quiet,2,5/15/2026,5:55:37,1.51,2.25,132
stress-ng --cpu 8 --cpu-load 8 --timeout 60s --quiet,2,5/15/2026,5:55:38,2.5,2.25,124
stress-ng --cpu 8 --cpu-load 8 --timeout 60s --quiet,2,5/15/2026,5:55:39,2.43,2.24,138.5
stress-ng --cpu 8 --cpu-load 8 --timeout 60s --quiet,2,5/15/2026,5:55:40,2.46,2.24,153
stress-ng --cpu 8 --cpu-load 8 --timeout 60s --quiet,2,5/15/2026,5:55:41,1.35,2.24,163
stress-ng --cpu 8 --cpu-load 8 --timeout 60s --quiet,2,5/15/2026,5:55:42,2,2.24,146
stress-ng --cpu 8 --cpu-load 8 --timeout 60s --quiet,2,5/15/2026,5:55:43,2,2.24,171
stress-ng --cpu 8 --cpu-load 8 --timeout 60s --quiet,2,5/15/2026,5:55:44,1.94,2.24,158
stress-ng --cpu 8 --cpu-load 8 --timeout 60s --quiet,2,5/15/2026,5:55:45,2.43,2.24,132
stress-ng --cpu 8 --cpu-load 8 --timeout 60s --quiet,2,5/15/2026,5:55:46,2.22,2.24,145
stress-ng --cpu 8 --cpu-load 8 --timeout 60s --quiet,2,5/15/2026,5:55:47,2.34,2.24,126
stress-ng --cpu 8 --cpu-load 8 --timeout 60s --quiet,2,5/15/2026,5:55:48,2.37,2.23,137
stress-ng --cpu 8 --cpu-load 8 --timeout 60s --quiet,2,5/15/2026,5:55:49,2.37,2.23,152
stress-ng --cpu 8 --cpu-load 8 --timeout 60s --quiet,2,5/15/2026,5:55:50,2.37,2.24,154
stress-ng --cpu 8 --cpu-load 8 --timeout 60s --quiet,2,5/15/2026,5:55:51,1.14,2.24,166
stress-ng --cpu 8 --cpu-load 8 --timeout 60s --quiet,2,5/15/2026,5:55:52,2.34,2.24,175
stress-ng --cpu 8 --cpu-load 8 --timeout 60s --quiet,2,5/15/2026,5:55:53,1.88,2.24,125
stress-ng --cpu 8 --cpu-load 8 --timeout 60s --quiet,2,5/15/2026,5:55:54,1.97,2.23,161
stress-ng --cpu 8 --cpu-load 8 --timeout 60s --quiet,2,5/15/2026,5:55:55,2.43,2.23,128
stress-ng --cpu 8 --cpu-load 8 --timeout 60s --quiet,2,5/15/2026,5:55:56,2.31,2.24,134
stress-ng --cpu 8 --cpu-load 8 --timeout 60s --quiet,2,5/15/2026,5:55:57,2.31,2.24,182
stress-ng --cpu 8 --cpu-load 8 --timeout 60s --quiet,2,5/15/2026,5:55:58,2.28,2.24,139
stress-ng --cpu 8 --cpu-load 8 --timeout 60s --quiet,2,5/15/2026,5:55:59,2.4,2.23,125
stress-ng --cpu 8 --cpu-load 8 --timeout 60s --quiet,2,5/15/2026,5:56:00,2.37,2.24,118
stress-ng --cpu 8 --cpu-load 8 --timeout 60s --quiet,2,5/15/2026,5:56:01,1.11,2.23,171
stress-ng --cpu 8 --cpu-load 8 --timeout 60s --quiet,2,5/15/2026,5:56:02,2.31,2.22,171
stress-ng --cpu 8 --cpu-load 8 --timeout 60s --quiet,2,5/15/2026,5:56:03,2.37,2.22,121
stress-ng --cpu 8 --cpu-load 8 --timeout 60s --quiet,2,5/15/2026,5:56:04,1.82,2.22,160
stress-ng --cpu 8 --cpu-load 8 --timeout 60s --quiet,2,5/15/2026,5:56:05,2.12,2.22,160
stress-ng --cpu 8 --cpu-load 8 --timeout 60s --quiet,2,5/15/2026,5:56:06,2.44,2.22,142
stress-ng --cpu 8 --cpu-load 8 --timeout 60s --quiet,2,5/15/2026,5:56:07,2.12,2.22,132
stress-ng --cpu 8 --cpu-load 8 --timeout 60s --quiet,2,5/15/2026,5:56:08,2.34,2.22,171
stress-ng --cpu 8 --cpu-load 8 --timeout 60s --quiet,2,5/15/2026,5:56:09,2.4,2.21,137
stress-ng --cpu 8 --cpu-load 8 --timeout 60s --quiet,2,5/15/2026,5:56:10,2.06,2.21,124
stress-ng --cpu 8 --cpu-load 8 --timeout 60s --quiet,2,5/15/2026,5:56:11,1.66,2.21,123
stress-ng --cpu 8 --cpu-load 8 --timeout 60s --quiet,2,5/15/2026,5:56:12,2.31,2.22,121
stress-ng --cpu 8 --cpu-load 8 --timeout 60s --quiet,2,5/15/2026,5:56:13,2.49,2.21,148
stress-ng --cpu 8 --cpu-load 8 --timeout 60s --quiet,2,5/15/2026,5:56:14,1.23,2.21,165
stress-ng --cpu 8 --cpu-load 8 --timeout 60s --quiet,2,5/15/2026,5:56:15,2.59,2.22,143
stress-ng --cpu 8 --cpu-load 8 --timeout 60s --quiet,2,5/15/2026,5:56:16,2.34,2.22,121
stress-ng --cpu 8 --cpu-load 8 --timeout 60s --quiet,2,5/15/2026,5:56:17,2.37,2.2,141
stress-ng --cpu 8 --cpu-load 8 --timeout 60s --quiet,2,5/15/2026,5:56:18,2.46,2.2,138
stress-ng --cpu 8 --cpu-load 8 --timeout 60s --quiet,2,5/15/2026,5:56:19,1.69,2.2,149
stress-ng --cpu 8 --cpu-load 8 --timeout 60s --quiet,2,5/15/2026,5:56:20,1.75,2.2,174
stress-ng --cpu 8 --cpu-load 8 --timeout 60s --quiet,2,5/15/2026,5:56:21,2.46,2.2,149
stress-ng --cpu 8 --cpu-load 8 --timeout 60s --quiet,2,5/15/2026,5:56:22,2.28,2.2,136
stress-ng --cpu 8 --cpu-load 8 --timeout 60s --quiet,2,5/15/2026,5:56:23,2.09,2.2,123
stress-ng --cpu 8 --cpu-load 8 --timeout 60s --quiet,2,5/15/2026,5:56:24,1.79,2.2,126
stress-ng --cpu 8 --cpu-load 8 --timeout 60s --quiet,2,5/15/2026,5:56:25,1.57,2.2,147
stress-ng --cpu 8 --cpu-load 8 --timeout 60s --quiet,2,5/15/2026,5:56:26,0.15,2.15,161
stress-ng --cpu 8 --cpu-load 8 --timeout 60s --quiet,2,5/15/2026,15:46:48,0.18,2.16,139
stress-ng --cpu 8 --cpu-load 8 --timeout 60s --quiet,2,5/15/2026,15:46:49,3.14,2.25,194
stress-ng --cpu 8 --cpu-load 8 --timeout 60s --quiet,2,5/15/2026,15:46:50,2.59,2.25,128
stress-ng --cpu 8 --cpu-load 8 --timeout 60s --quiet,2,5/15/2026,15:46:51,1.75,2.25,132
stress-ng --cpu 8 --cpu-load 8 --timeout 60s --quiet,2,5/15/2026,15:46:52,1.79,2.25,121
stress-ng --cpu 8 --cpu-load 8 --timeout 60s --quiet,2,5/15/2026,15:46:53,2.74,2.25,140
stress-ng --cpu 8 --cpu-load 8 --timeout 60s --quiet,2,5/15/2026,15:46:54,2.65,2.25,133
stress-ng --cpu 8 --cpu-load 8 --timeout 60s --quiet,2,5/15/2026,15:46:55,1.02,2.25,134
stress-ng --cpu 8 --cpu-load 8 --timeout 60s --quiet,2,5/15/2026,15:46:56,2.12,2.25,141
stress-ng --cpu 8 --cpu-load 8 --timeout 60s --quiet,2,5/15/2026,15:46:57,3.2,2.25,157
stress-ng --cpu 8 --cpu-load 8 --timeout 60s --quiet,2,5/15/2026,15:46:58,1.32,2.25,128
stress-ng --cpu 8 --cpu-load 8 --timeout 60s --quiet,2,5/15/2026,15:46:59,2.59,2.25,152
stress-ng --cpu 8 --cpu-load 8 --timeout 60s --quiet,2,5/15/2026,15:47:00,2.4,2.25,163
stress-ng --cpu 8 --cpu-load 8 --timeout 60s --quiet,2,5/15/2026,15:47:01,1.38,2.23,145
stress-ng --cpu 8 --cpu-load 8 --timeout 60s --quiet,2,5/15/2026,15:47:02,2.5,2.23,152
stress-ng --cpu 8 --cpu-load 8 --timeout 60s --quiet,2,5/15/2026,15:47:03,2.62,2.23,161.5
stress-ng --cpu 8 --cpu-load 8 --timeout 60s --quiet,2,5/15/2026,15:47:04,2.28,2.23,171
stress-ng --cpu 8 --cpu-load 8 --timeout 60s --quiet,2,5/15/2026,15:47:05,2.25,2.23,140
stress-ng --cpu 8 --cpu-load 8 --timeout 60s --quiet,2,5/15/2026,15:47:06,1.17,2.23,133
stress-ng --cpu 8 --cpu-load 8 --timeout 60s --quiet,2,5/15/2026,15:47:07,2.92,2.23,188
stress-ng --cpu 8 --cpu-load 8 --timeout 60s --quiet,2,5/15/2026,15:47:08,1.35,2.23,162
stress-ng --cpu 8 --cpu-load 8 --timeout 60s --quiet,2,5/15/2026,15:47:09,2.22,2.22,119
stress-ng --cpu 8 --cpu-load 8 --timeout 60s --quiet,2,5/15/2026,15:47:10,2.31,2.22,164
stress-ng --cpu 8 --cpu-load 8 --timeout 60s --quiet,2,5/15/2026,15:47:11,2.4,2.22,163
stress-ng --cpu 8 --cpu-load 8 --timeout 60s --quiet,2,5/15/2026,15:47:12,2.37,2.23,142
stress-ng --cpu 8 --cpu-load 8 --timeout 60s --quiet,2,5/15/2026,15:47:13,2.43,2.23,144
stress-ng --cpu 8 --cpu-load 8 --timeout 60s --quiet,2,5/15/2026,15:47:14,2.28,2.23,128
stress-ng --cpu 8 --cpu-load 8 --timeout 60s --quiet,2,5/15/2026,15:47:15,2.25,2.23,158
stress-ng --cpu 8 --cpu-load 8 --timeout 60s --quiet,2,5/15/2026,15:47:16,1.66,2.23,120
stress-ng --cpu 8 --cpu-load 8 --timeout 60s --quiet,2,5/15/2026,15:47:17,2.19,2.23,145
stress-ng --cpu 8 --cpu-load 8 --timeout 60s --quiet,2,5/15/2026,15:47:18,1.57,2.23,145
stress-ng --cpu 8 --cpu-load 8 --timeout 60s --quiet,2,5/15/2026,15:47:19,2.22,2.23,131
stress-ng --cpu 8 --cpu-load 8 --timeout 60s --quiet,2,5/15/2026,15:47:20,2.22,2.22,174
stress-ng --cpu 8 --cpu-load 8 --timeout 60s --quiet,2,5/15/2026,15:47:21,2.56,2.23,138
stress-ng --cpu 8 --cpu-load 8 --timeout 60s --quiet,2,5/15/2026,15:47:22,2.49,2.22,148
stress-ng --cpu 8 --cpu-load 8 --timeout 60s --quiet,2,5/15/2026,15:47:23,2.07,2.22,149
stress-ng --cpu 8 --cpu-load 8 --timeout 60s --quiet,2,5/15/2026,15:47:24,2.46,2.22,158
stress-ng --cpu 8 --cpu-load 8 --timeout 60s --quiet,2,5/15/2026,15:47:25,1.6,2.23,153
stress-ng --cpu 8 --cpu-load 8 --timeout 60s --quiet,2,5/15/2026,15:47:26,2.43,2.23,171
stress-ng --cpu 8 --cpu-load 8 --timeout 60s --quiet,2,5/15/2026,15:47:27,2.31,2.22,131
stress-ng --cpu 8 --cpu-load 8 --timeout 60s --quiet,2,5/15/2026,15:47:28,1.42,2.21,171
stress-ng --cpu 8 --cpu-load 8 --timeout 60s --quiet,2,5/15/2026,15:47:29,2.34,2.2,136
stress-ng --cpu 8 --cpu-load 8 --timeout 60s --quiet,2,5/15/2026,15:47:30,2.34,2.2,171
stress-ng --cpu 8 --cpu-load 8 --timeout 60s --quiet,2,5/15/2026,15:47:31,2.56,2.21,161
stress-ng --cpu 8 --cpu-load 8 --timeout 60s --quiet,2,5/15/2026,15:47:32,2.46,2.21,162
stress-ng --cpu 8 --cpu-load 8 --timeout 60s --quiet,2,5/15/2026,15:47:33,2.43,2.21,157
stress-ng --cpu 8 --cpu-load 8 --timeout 60s --quiet,2,5/15/2026,15:47:34,1.75,2.2,149
stress-ng --cpu 8 --cpu-load 8 --timeout 60s --quiet,2,5/15/2026,15:47:35,1.82,2.21,138
stress-ng --cpu 8 --cpu-load 8 --timeout 60s --quiet,2,5/15/2026,15:47:36,1.88,2.2,120
stress-ng --cpu 8 --cpu-load 8 --timeout 60s --quiet,2,5/15/2026,15:47:37,2.28,2.2,173
stress-ng --cpu 8 --cpu-load 8 --timeout 60s --quiet,2,5/15/2026,15:47:38,2.25,2.2,173
stress-ng --cpu 8 --cpu-load 8 --timeout 60s --quiet,2,5/15/2026,15:47:39,2.34,2.2,136
stress-ng --cpu 8 --cpu-load 8 --timeout 60s --quiet,2,5/15/2026,15:47:40,1.88,2.2,164
stress-ng --cpu 8 --cpu-load 8 --timeout 60s --quiet,2,5/15/2026,15:47:41,2.43,2.2,159.5
stress-ng --cpu 8 --cpu-load 8 --timeout 60s --quiet,2,5/15/2026,15:47:42,2.34,2.2,155
stress-ng --cpu 8 --cpu-load 8 --timeout 60s --quiet,2,5/15/2026,15:47:43,2.31,2.2,153
stress-ng --cpu 8 --cpu-load 8 --timeout 60s --quiet,2,5/15/2026,15:47:44,1.88,2.2,143
stress-ng --cpu 8 --cpu-load 8 --timeout 60s --quiet,2,5/15/2026,15:47:45,2.53,2.2,137
stress-ng --cpu 8 --cpu-load 8 --timeout 60s --quiet,2,5/15/2026,15:47:46,1.42,2.2,158
stress-ng --cpu 8 --cpu-load 8 --timeout 60s --quiet,2,5/15/2026,15:47:47,2.59,2.2,152
stress-ng --cpu 8 --cpu-load 8 --timeout 60s --quiet,2,5/15/2026,15:47:48,2.12,2.2,165
stress-ng --cpu 8 --cpu-load 12 --timeout 60s --quiet,3,5/15/2026,2:02:52,0.65,2.1,120
stress-ng --cpu 8 --cpu-load 12 --timeout 60s --quiet,3,5/15/2026,2:02:53,3.08,2.21,156
stress-ng --cpu 8 --cpu-load 12 --timeout 60s --quiet,3,5/15/2026,2:02:54,3.57,2.21,119
stress-ng --cpu 8 --cpu-load 12 --timeout 60s --quiet,3,5/15/2026,2:02:55,2.74,2.19,154
stress-ng --cpu 8 --cpu-load 12 --timeout 60s --quiet,3,5/15/2026,2:02:56,3.02,2.2,145
stress-ng --cpu 8 --cpu-load 12 --timeout 60s --quiet,3,5/15/2026,2:02:57,3.14,2.2,129
stress-ng --cpu 8 --cpu-load 12 --timeout 60s --quiet,3,5/15/2026,2:02:58,4.06,2.19,145
stress-ng --cpu 8 --cpu-load 12 --timeout 60s --quiet,3,5/15/2026,2:02:59,2.31,2.19,128
stress-ng --cpu 8 --cpu-load 12 --timeout 60s --quiet,3,5/15/2026,2:03:00,3.76,2.19,133
stress-ng --cpu 8 --cpu-load 12 --timeout 60s --quiet,3,5/15/2026,2:03:01,2.59,2.19,145
stress-ng --cpu 8 --cpu-load 12 --timeout 60s --quiet,3,5/15/2026,2:03:02,2.86,2.19,155
stress-ng --cpu 8 --cpu-load 12 --timeout 60s --quiet,3,5/15/2026,2:03:03,4.59,2.19,159
stress-ng --cpu 8 --cpu-load 12 --timeout 60s --quiet,3,5/15/2026,2:03:04,3.05,2.18,128
stress-ng --cpu 8 --cpu-load 12 --timeout 60s --quiet,3,5/15/2026,2:03:05,2.52,2.18,178
stress-ng --cpu 8 --cpu-load 12 --timeout 60s --quiet,3,5/15/2026,2:03:06,3.79,2.17,148
stress-ng --cpu 8 --cpu-load 12 --timeout 60s --quiet,3,5/15/2026,2:03:07,2.56,2.17,182
stress-ng --cpu 8 --cpu-load 12 --timeout 60s --quiet,3,5/15/2026,2:03:08,2.43,2.17,137
stress-ng --cpu 8 --cpu-load 12 --timeout 60s --quiet,3,5/15/2026,2:03:09,4.1,2.17,128
stress-ng --cpu 8 --cpu-load 12 --timeout 60s --quiet,3,5/15/2026,2:03:10,3.6,2.16,186
stress-ng --cpu 8 --cpu-load 12 --timeout 60s --quiet,3,5/15/2026,2:03:11,2.62,2.16,118
stress-ng --cpu 8 --cpu-load 12 --timeout 60s --quiet,3,5/15/2026,2:03:12,3.45,2.16,161
stress-ng --cpu 8 --cpu-load 12 --timeout 60s --quiet,3,5/15/2026,2:03:13,2.71,2.16,117
stress-ng --cpu 8 --cpu-load 12 --timeout 60s --quiet,3,5/15/2026,2:03:14,2.89,2.15,163
stress-ng --cpu 8 --cpu-load 12 --timeout 60s --quiet,3,5/15/2026,2:03:15,3.2,2.15,168
stress-ng --cpu 8 --cpu-load 12 --timeout 60s --quiet,3,5/15/2026,2:03:16,3.88,2.16,131
stress-ng --cpu 8 --cpu-load 12 --timeout 60s --quiet,3,5/15/2026,2:03:17,2.65,2.16,158
stress-ng --cpu 8 --cpu-load 12 --timeout 60s --quiet,3,5/15/2026,2:03:18,3.39,2.16,142
stress-ng --cpu 8 --cpu-load 12 --timeout 60s --quiet,3,5/15/2026,2:03:19,2.8,2.16,164
stress-ng --cpu 8 --cpu-load 12 --timeout 60s --quiet,3,5/15/2026,2:03:20,3.66,2.16,158
stress-ng --cpu 8 --cpu-load 12 --timeout 60s --quiet,3,5/15/2026,2:03:21,2.93,2.17,137
stress-ng --cpu 8 --cpu-load 12 --timeout 60s --quiet,3,5/15/2026,2:03:22,2.56,2.17,161.5
stress-ng --cpu 8 --cpu-load 12 --timeout 60s --quiet,3,5/15/2026,2:03:23,2.96,2.17,186
stress-ng --cpu 8 --cpu-load 12 --timeout 60s --quiet,3,5/15/2026,2:03:24,3.36,2.17,176
stress-ng --cpu 8 --cpu-load 12 --timeout 60s --quiet,3,5/15/2026,2:03:25,4.06,2.17,111
stress-ng --cpu 8 --cpu-load 12 --timeout 60s --quiet,3,5/15/2026,2:03:26,2.22,2.16,151
stress-ng --cpu 8 --cpu-load 12 --timeout 60s --quiet,3,5/15/2026,2:03:27,3.91,2.16,151
stress-ng --cpu 8 --cpu-load 12 --timeout 60s --quiet,3,5/15/2026,2:03:28,2.52,2.16,176
stress-ng --cpu 8 --cpu-load 12 --timeout 60s --quiet,3,5/15/2026,2:03:29,2.62,2.16,150
stress-ng --cpu 8 --cpu-load 12 --timeout 60s --quiet,3,5/15/2026,2:03:30,4,2.16,108
stress-ng --cpu 8 --cpu-load 12 --timeout 60s --quiet,3,5/15/2026,2:03:31,2.59,2.16,196
stress-ng --cpu 8 --cpu-load 12 --timeout 60s --quiet,3,5/15/2026,2:03:32,3.35,2.16,147
stress-ng --cpu 8 --cpu-load 12 --timeout 60s --quiet,3,5/15/2026,2:03:33,3.69,2.16,130
stress-ng --cpu 8 --cpu-load 12 --timeout 60s --quiet,3,5/15/2026,2:03:34,2.59,2.17,140
stress-ng --cpu 8 --cpu-load 12 --timeout 60s --quiet,3,5/15/2026,2:03:35,2.74,2.17,106
stress-ng --cpu 8 --cpu-load 12 --timeout 60s --quiet,3,5/15/2026,2:03:36,3.76,2.17,169
stress-ng --cpu 8 --cpu-load 12 --timeout 60s --quiet,3,5/15/2026,2:03:37,2.99,2.17,137
stress-ng --cpu 8 --cpu-load 12 --timeout 60s --quiet,3,5/15/2026,2:03:38,3.08,2.17,171
stress-ng --cpu 8 --cpu-load 12 --timeout 60s --quiet,3,5/15/2026,2:03:39,3.02,2.17,167
stress-ng --cpu 8 --cpu-load 12 --timeout 60s --quiet,3,5/15/2026,2:03:40,3.48,2.17,147
stress-ng --cpu 8 --cpu-load 12 --timeout 60s --quiet,3,5/15/2026,2:03:41,2.47,2.17,122
stress-ng --cpu 8 --cpu-load 12 --timeout 60s --quiet,3,5/15/2026,2:03:42,4.09,2.17,144
stress-ng --cpu 8 --cpu-load 12 --timeout 60s --quiet,3,5/15/2026,2:03:43,3.02,2.18,177
stress-ng --cpu 8 --cpu-load 12 --timeout 60s --quiet,3,5/15/2026,2:03:44,2.46,2.18,158
stress-ng --cpu 8 --cpu-load 12 --timeout 60s --quiet,3,5/15/2026,2:03:45,3.48,2.18,110
stress-ng --cpu 8 --cpu-load 12 --timeout 60s --quiet,3,5/15/2026,2:03:46,2.86,2.18,159
stress-ng --cpu 8 --cpu-load 12 --timeout 60s --quiet,3,5/15/2026,2:03:47,3.02,2.18,175
stress-ng --cpu 8 --cpu-load 12 --timeout 60s --quiet,3,5/15/2026,2:03:48,3.88,2.18,179
stress-ng --cpu 8 --cpu-load 12 --timeout 60s --quiet,3,5/15/2026,2:03:49,2.86,2.17,162
stress-ng --cpu 8 --cpu-load 12 --timeout 60s --quiet,3,5/15/2026,2:03:50,2.74,2.17,152
stress-ng --cpu 8 --cpu-load 12 --timeout 60s --quiet,3,5/15/2026,2:03:51,3.85,2.17,182
stress-ng --cpu 8 --cpu-load 12 --timeout 60s --quiet,3,5/15/2026,2:03:52,2.93,2.17,128
stress-ng --cpu 8 --cpu-load 12 --timeout 60s --quiet,3,5/15/2026,2:03:53,1.91,2.11,141
stress-ng --cpu 8 --cpu-load 12 --timeout 60s --quiet,3,5/15/2026,12:42:22,0.18,2.13,134
stress-ng --cpu 8 --cpu-load 12 --timeout 60s --quiet,3,5/15/2026,12:42:23,3.17,2.24,195
stress-ng --cpu 8 --cpu-load 12 --timeout 60s --quiet,3,5/15/2026,12:42:24,2.71,2.24,158
stress-ng --cpu 8 --cpu-load 12 --timeout 60s --quiet,3,5/15/2026,12:42:25,3.91,2.24,121
stress-ng --cpu 8 --cpu-load 12 --timeout 60s --quiet,3,5/15/2026,12:42:26,2.92,2.24,148
stress-ng --cpu 8 --cpu-load 12 --timeout 60s --quiet,3,5/15/2026,12:42:27,2.86,2.24,149
stress-ng --cpu 8 --cpu-load 12 --timeout 60s --quiet,3,5/15/2026,12:42:28,4.34,2.24,139
stress-ng --cpu 8 --cpu-load 12 --timeout 60s --quiet,3,5/15/2026,12:42:29,2.83,2.25,144
stress-ng --cpu 8 --cpu-load 12 --timeout 60s --quiet,3,5/15/2026,12:42:30,2.84,2.25,156
stress-ng --cpu 8 --cpu-load 12 --timeout 60s --quiet,3,5/15/2026,12:42:31,3.51,2.24,148
stress-ng --cpu 8 --cpu-load 12 --timeout 60s --quiet,3,5/15/2026,12:42:32,2.83,2.24,147
stress-ng --cpu 8 --cpu-load 12 --timeout 60s --quiet,3,5/15/2026,12:42:33,2.74,2.25,145
stress-ng --cpu 8 --cpu-load 12 --timeout 60s --quiet,3,5/15/2026,12:42:34,4.34,2.24,144
stress-ng --cpu 8 --cpu-load 12 --timeout 60s --quiet,3,5/15/2026,12:42:35,2.8,2.24,155
stress-ng --cpu 8 --cpu-load 12 --timeout 60s --quiet,3,5/15/2026,12:42:36,3.91,2.22,120
stress-ng --cpu 8 --cpu-load 12 --timeout 60s --quiet,3,5/15/2026,12:42:37,2.4,2.22,155
stress-ng --cpu 8 --cpu-load 12 --timeout 60s --quiet,3,5/15/2026,12:42:38,2.77,2.22,130
stress-ng --cpu 8 --cpu-load 12 --timeout 60s --quiet,3,5/15/2026,12:42:39,3.91,2.22,145
stress-ng --cpu 8 --cpu-load 12 --timeout 60s --quiet,3,5/15/2026,12:42:40,2.53,2.22,157
stress-ng --cpu 8 --cpu-load 12 --timeout 60s --quiet,3,5/15/2026,12:42:41,3.94,2.22,123
stress-ng --cpu 8 --cpu-load 12 --timeout 60s --quiet,3,5/15/2026,12:42:42,3.48,2.22,131
stress-ng --cpu 8 --cpu-load 12 --timeout 60s --quiet,3,5/15/2026,12:42:43,2.59,2.22,146
stress-ng --cpu 8 --cpu-load 12 --timeout 60s --quiet,3,5/15/2026,12:42:44,2.8,2.22,171
stress-ng --cpu 8 --cpu-load 12 --timeout 60s --quiet,3,5/15/2026,12:42:45,3.42,2.22,136
stress-ng --cpu 8 --cpu-load 12 --timeout 60s --quiet,3,5/15/2026,12:42:46,3.32,2.22,138
stress-ng --cpu 8 --cpu-load 12 --timeout 60s --quiet,3,5/15/2026,12:42:47,3.2,2.22,140
stress-ng --cpu 8 --cpu-load 12 --timeout 60s --quiet,3,5/15/2026,12:42:48,3.33,2.22,158.5
stress-ng --cpu 8 --cpu-load 12 --timeout 60s --quiet,3,5/15/2026,12:42:49,2.46,2.22,177
stress-ng --cpu 8 --cpu-load 12 --timeout 60s --quiet,3,5/15/2026,12:42:50,3.02,2.22,166
stress-ng --cpu 8 --cpu-load 12 --timeout 60s --quiet,3,5/15/2026,12:42:51,5.05,2.23,116
stress-ng --cpu 8 --cpu-load 12 --timeout 60s --quiet,3,5/15/2026,12:42:52,2.34,2.24,177
stress-ng --cpu 8 --cpu-load 12 --timeout 60s --quiet,3,5/15/2026,12:42:53,2.8,2.24,139
stress-ng --cpu 8 --cpu-load 12 --timeout 60s --quiet,3,5/15/2026,12:42:54,3.18,2.24,133
stress-ng --cpu 8 --cpu-load 12 --timeout 60s --quiet,3,5/15/2026,12:42:55,3.2,2.23,169
stress-ng --cpu 8 --cpu-load 12 --timeout 60s --quiet,3,5/15/2026,12:42:56,2.92,2.24,136
stress-ng --cpu 8 --cpu-load 12 --timeout 60s --quiet,3,5/15/2026,12:42:57,3.54,2.24,164
stress-ng --cpu 8 --cpu-load 12 --timeout 60s --quiet,3,5/15/2026,12:42:58,4,2.24,134
stress-ng --cpu 8 --cpu-load 12 --timeout 60s --quiet,3,5/15/2026,12:42:59,2.46,2.24,177
stress-ng --cpu 8 --cpu-load 12 --timeout 60s --quiet,3,5/15/2026,12:43:00,2.705,2.245,177
stress-ng --cpu 8 --cpu-load 12 --timeout 60s --quiet,3,5/15/2026,12:43:01,2.95,2.25,128
stress-ng --cpu 8 --cpu-load 12 --timeout 60s --quiet,3,5/15/2026,12:43:02,3.33,2.25,177
stress-ng --cpu 8 --cpu-load 12 --timeout 60s --quiet,3,5/15/2026,12:43:03,3.45,2.25,145
stress-ng --cpu 8 --cpu-load 12 --timeout 60s --quiet,3,5/15/2026,12:43:04,3.45,2.24,163
stress-ng --cpu 8 --cpu-load 12 --timeout 60s --quiet,3,5/15/2026,12:43:05,2.83,2.23,162
stress-ng --cpu 8 --cpu-load 12 --timeout 60s --quiet,3,5/15/2026,12:43:06,3.32,2.23,167
stress-ng --cpu 8 --cpu-load 12 --timeout 60s --quiet,3,5/15/2026,12:43:07,3.3,2.23,155
stress-ng --cpu 8 --cpu-load 12 --timeout 60s --quiet,3,5/15/2026,12:43:08,3.36,2.23,158
stress-ng --cpu 8 --cpu-load 12 --timeout 60s --quiet,3,5/15/2026,12:43:09,2.74,2.23,123
stress-ng --cpu 8 --cpu-load 12 --timeout 60s --quiet,3,5/15/2026,12:43:10,3.63,2.24,137
stress-ng --cpu 8 --cpu-load 12 --timeout 60s --quiet,3,5/15/2026,12:43:11,2.77,2.23,151
stress-ng --cpu 8 --cpu-load 12 --timeout 60s --quiet,3,5/15/2026,12:43:12,3.75,2.23,174
stress-ng --cpu 8 --cpu-load 12 --timeout 60s --quiet,3,5/15/2026,12:43:13,3.26,2.23,197
stress-ng --cpu 8 --cpu-load 12 --timeout 60s --quiet,3,5/15/2026,12:43:14,2.93,2.22,153
stress-ng --cpu 8 --cpu-load 12 --timeout 60s --quiet,3,5/15/2026,12:43:15,2.95,2.22,149
stress-ng --cpu 8 --cpu-load 12 --timeout 60s --quiet,3,5/15/2026,12:43:16,3.38,2.22,164
stress-ng --cpu 8 --cpu-load 12 --timeout 60s --quiet,3,5/15/2026,12:43:17,3.05,2.22,179
stress-ng --cpu 8 --cpu-load 12 --timeout 60s --quiet,3,5/15/2026,12:43:18,3.79,2.21,182
stress-ng --cpu 8 --cpu-load 12 --timeout 60s --quiet,3,5/15/2026,12:43:19,2.68,2.22,147
stress-ng --cpu 8 --cpu-load 12 --timeout 60s --quiet,3,5/15/2026,12:43:20,3.11,2.21,136
stress-ng --cpu 8 --cpu-load 12 --timeout 60s --quiet,3,5/15/2026,12:43:21,3.79,2.21,154
stress-ng --cpu 8 --cpu-load 12 --timeout 60s --quiet,3,5/15/2026,12:43:22,2.86,2.21,180
stress-ng --cpu 8 --cpu-load 12 --timeout 60s --quiet,3,5/15/2026,18:21:09,3.36,2.19,140
stress-ng --cpu 8 --cpu-load 12 --timeout 60s --quiet,3,5/15/2026,18:21:10,2.62,2.2,133
stress-ng --cpu 8 --cpu-load 12 --timeout 60s --quiet,3,5/15/2026,18:21:11,3.88,2.2,105
stress-ng --cpu 8 --cpu-load 12 --timeout 60s --quiet,3,5/15/2026,18:21:12,2.86,2.2,163
stress-ng --cpu 8 --cpu-load 12 --timeout 60s --quiet,3,5/15/2026,18:21:13,2.83,2.19,149
stress-ng --cpu 8 --cpu-load 12 --timeout 60s --quiet,3,5/15/2026,18:21:14,3.85,2.2,138
stress-ng --cpu 8 --cpu-load 12 --timeout 60s --quiet,3,5/15/2026,18:21:15,3.26,2.2,158
stress-ng --cpu 8 --cpu-load 12 --timeout 60s --quiet,3,5/15/2026,18:21:16,2.68,2.2,157
stress-ng --cpu 8 --cpu-load 12 --timeout 60s --quiet,3,5/15/2026,18:21:17,2.58,2.2,132
stress-ng --cpu 8 --cpu-load 12 --timeout 60s --quiet,3,5/15/2026,18:21:18,3.97,2.2,107
stress-ng --cpu 8 --cpu-load 12 --timeout 60s --quiet,3,5/15/2026,18:21:19,3.36,2.2,146.5
stress-ng --cpu 8 --cpu-load 12 --timeout 60s --quiet,3,5/15/2026,18:21:20,2.91,2.2,186
stress-ng --cpu 8 --cpu-load 12 --timeout 60s --quiet,3,5/15/2026,18:21:21,2.46,2.2,122
stress-ng --cpu 8 --cpu-load 12 --timeout 60s --quiet,3,5/15/2026,18:21:22,2.9,2.21,163
stress-ng --cpu 8 --cpu-load 12 --timeout 60s --quiet,3,5/15/2026,18:21:23,3.78,2.21,187
stress-ng --cpu 8 --cpu-load 12 --timeout 60s --quiet,3,5/15/2026,18:21:24,2.86,2.21,170
stress-ng --cpu 8 --cpu-load 12 --timeout 60s --quiet,3,5/15/2026,18:21:25,4,2.21,172
stress-ng --cpu 8 --cpu-load 12 --timeout 60s --quiet,3,5/15/2026,18:21:26,2.77,2.21,155
stress-ng --cpu 8 --cpu-load 12 --timeout 60s --quiet,3,5/15/2026,18:21:27,2.77,2.2,176
stress-ng --cpu 8 --cpu-load 12 --timeout 60s --quiet,3,5/15/2026,18:21:28,3.63,2.2,134
stress-ng --cpu 8 --cpu-load 12 --timeout 60s --quiet,3,5/15/2026,18:21:29,3.2,2.21,174
stress-ng --cpu 8 --cpu-load 12 --timeout 60s --quiet,3,5/15/2026,18:21:30,2.46,2.21,160
stress-ng --cpu 8 --cpu-load 12 --timeout 60s --quiet,3,5/15/2026,18:21:31,4.25,2.2,130
stress-ng --cpu 8 --cpu-load 12 --timeout 60s --quiet,3,5/15/2026,18:21:32,2.62,2.19,153
stress-ng --cpu 8 --cpu-load 12 --timeout 60s --quiet,3,5/15/2026,18:21:33,2.68,2.19,168
stress-ng --cpu 8 --cpu-load 12 --timeout 60s --quiet,3,5/15/2026,18:21:34,4.22,2.19,193
stress-ng --cpu 8 --cpu-load 12 --timeout 60s --quiet,3,5/15/2026,18:21:35,2.61,2.19,140
stress-ng --cpu 8 --cpu-load 12 --timeout 60s --quiet,3,5/15/2026,18:21:36,2.89,2.2,119
stress-ng --cpu 8 --cpu-load 12 --timeout 60s --quiet,3,5/15/2026,18:21:37,3.73,2.2,148
stress-ng --cpu 8 --cpu-load 12 --timeout 60s --quiet,3,5/15/2026,18:21:38,2.47,2.2,183
stress-ng --cpu 8 --cpu-load 12 --timeout 60s --quiet,3,5/15/2026,18:21:39,3.33,2.2,169
stress-ng --cpu 8 --cpu-load 12 --timeout 60s --quiet,3,5/15/2026,18:21:40,3.88,2.18,176
stress-ng --cpu 8 --cpu-load 12 --timeout 60s --quiet,3,5/15/2026,18:21:41,2.49,2.18,153
stress-ng --cpu 8 --cpu-load 12 --timeout 60s --quiet,3,5/15/2026,18:21:42,3.39,2.17,182
stress-ng --cpu 8 --cpu-load 12 --timeout 60s --quiet,3,5/15/2026,18:21:43,3.33,2.17,144
stress-ng --cpu 8 --cpu-load 12 --timeout 60s --quiet,3,5/15/2026,18:21:44,3.3,2.17,145
stress-ng --cpu 8 --cpu-load 12 --timeout 60s --quiet,3,5/15/2026,18:21:45,2.8,2.17,154
stress-ng --cpu 8 --cpu-load 12 --timeout 60s --quiet,3,5/15/2026,18:21:46,3.57,2.18,148
stress-ng --cpu 8 --cpu-load 12 --timeout 60s --quiet,3,5/15/2026,18:21:47,3.45,2.18,139
stress-ng --cpu 8 --cpu-load 12 --timeout 60s --quiet,3,5/15/2026,18:21:48,2.58,2.17,114
stress-ng --cpu 8 --cpu-load 12 --timeout 60s --quiet,3,5/15/2026,18:21:49,2.53,2.18,159
stress-ng --cpu 8 --cpu-load 12 --timeout 60s --quiet,3,5/15/2026,18:21:50,4.06,2.18,170
stress-ng --cpu 8 --cpu-load 12 --timeout 60s --quiet,3,5/15/2026,18:21:51,2.77,2.18,184
stress-ng --cpu 8 --cpu-load 12 --timeout 60s --quiet,3,5/15/2026,18:21:52,3.45,2.18,129
stress-ng --cpu 8 --cpu-load 12 --timeout 60s --quiet,3,5/15/2026,18:21:53,2.71,2.18,146.5
stress-ng --cpu 8 --cpu-load 12 --timeout 60s --quiet,3,5/15/2026,18:21:54,3.57,2.18,164
stress-ng --cpu 8 --cpu-load 12 --timeout 60s --quiet,3,5/15/2026,18:21:55,3.69,2.18,145
stress-ng --cpu 8 --cpu-load 12 --timeout 60s --quiet,3,5/15/2026,18:21:56,2.37,2.18,150
stress-ng --cpu 8 --cpu-load 12 --timeout 60s --quiet,3,5/15/2026,18:21:57,3.2,2.18,139
stress-ng --cpu 8 --cpu-load 12 --timeout 60s --quiet,3,5/15/2026,18:21:58,3.82,2.18,155
stress-ng --cpu 8 --cpu-load 12 --timeout 60s --quiet,3,5/15/2026,18:21:59,2.59,2.18,133
stress-ng --cpu 8 --cpu-load 12 --timeout 60s --quiet,3,5/15/2026,18:22:00,2.8,2.18,171
stress-ng --cpu 8 --cpu-load 12 --timeout 60s --quiet,3,5/15/2026,18:22:01,3.33,2.19,147
stress-ng --cpu 8 --cpu-load 12 --timeout 60s --quiet,3,5/15/2026,18:22:02,3.14,2.19,164
stress-ng --cpu 8 --cpu-load 12 --timeout 60s --quiet,3,5/15/2026,18:22:03,3.82,2.19,121
stress-ng --cpu 8 --cpu-load 12 --timeout 60s --quiet,3,5/15/2026,18:22:04,2.55,2.2,144
stress-ng --cpu 8 --cpu-load 12 --timeout 60s --quiet,3,5/15/2026,18:22:05,3.14,2.19,170
stress-ng --cpu 8 --cpu-load 12 --timeout 60s --quiet,3,5/15/2026,18:22:06,3.61,2.19,167
stress-ng --cpu 8 --cpu-load 12 --timeout 60s --quiet,3,5/15/2026,18:22:07,2.83,2.2,144
stress-ng --cpu 8 --cpu-load 12 --timeout 60s --quiet,3,5/15/2026,18:22:08,2.77,2.19,136
stress-ng --cpu 8 --cpu-load 12 --timeout 60s --quiet,3,5/15/2026,18:22:09,2.16,2.14,169
stress-ng --cpu 8 --cpu-load 16 --timeout 60s --quiet,4,5/15/2026,0:42:42,0.09,2.11,108
stress-ng --cpu 8 --cpu-load 16 --timeout 60s --quiet,4,5/15/2026,0:42:43,3.39,2.21,129
stress-ng --cpu 8 --cpu-load 16 --timeout 60s --quiet,4,5/15/2026,0:42:44,4.9,2.21,150
stress-ng --cpu 8 --cpu-load 16 --timeout 60s --quiet,4,5/15/2026,0:42:45,3.78,2.21,161
stress-ng --cpu 8 --cpu-load 16 --timeout 60s --quiet,4,5/15/2026,0:42:46,4.47,2.2,141
stress-ng --cpu 8 --cpu-load 16 --timeout 60s --quiet,4,5/15/2026,0:42:47,3.33,2.2,155
stress-ng --cpu 8 --cpu-load 16 --timeout 60s --quiet,4,5/15/2026,0:42:48,4.84,2.2,149
stress-ng --cpu 8 --cpu-load 16 --timeout 60s --quiet,4,5/15/2026,0:42:49,4.71,2.21,140
stress-ng --cpu 8 --cpu-load 16 --timeout 60s --quiet,4,5/15/2026,0:42:50,3.05,2.21,148
stress-ng --cpu 8 --cpu-load 16 --timeout 60s --quiet,4,5/15/2026,0:42:51,5.15,2.21,128
stress-ng --cpu 8 --cpu-load 16 --timeout 60s --quiet,4,5/15/2026,0:42:52,3.82,2.22,130
stress-ng --cpu 8 --cpu-load 16 --timeout 60s --quiet,4,5/15/2026,0:42:53,4.13,2.21,149
stress-ng --cpu 8 --cpu-load 16 --timeout 60s --quiet,4,5/15/2026,0:42:54,4.16,2.21,170
stress-ng --cpu 8 --cpu-load 16 --timeout 60s --quiet,4,5/15/2026,0:42:55,4.19,2.2,184
stress-ng --cpu 8 --cpu-load 16 --timeout 60s --quiet,4,5/15/2026,0:42:56,4.37,2.2,142
stress-ng --cpu 8 --cpu-load 16 --timeout 60s --quiet,4,5/15/2026,0:42:57,4.53,2.19,154
stress-ng --cpu 8 --cpu-load 16 --timeout 60s --quiet,4,5/15/2026,0:42:58,4.25,2.18,186
stress-ng --cpu 8 --cpu-load 16 --timeout 60s --quiet,4,5/15/2026,0:42:59,2.83,2.18,174
stress-ng --cpu 8 --cpu-load 16 --timeout 60s --quiet,4,5/15/2026,0:43:00,4.62,2.17,169
stress-ng --cpu 8 --cpu-load 16 --timeout 60s --quiet,4,5/15/2026,0:43:01,4.5,2.17,153
stress-ng --cpu 8 --cpu-load 16 --timeout 60s --quiet,4,5/15/2026,0:43:02,4.03,2.17,143
stress-ng --cpu 8 --cpu-load 16 --timeout 60s --quiet,4,5/15/2026,0:43:03,4.46,2.17,174
stress-ng --cpu 8 --cpu-load 16 --timeout 60s --quiet,4,5/15/2026,0:43:04,3.91,2.17,172
stress-ng --cpu 8 --cpu-load 16 --timeout 60s --quiet,4,5/15/2026,0:43:05,3.73,2.17,117
stress-ng --cpu 8 --cpu-load 16 --timeout 60s --quiet,4,5/15/2026,0:43:06,4.8,2.17,142
stress-ng --cpu 8 --cpu-load 16 --timeout 60s --quiet,4,5/15/2026,0:43:07,3.79,2.17,142
stress-ng --cpu 8 --cpu-load 16 --timeout 60s --quiet,4,5/15/2026,0:43:08,4.12,2.17,168
stress-ng --cpu 8 --cpu-load 16 --timeout 60s --quiet,4,5/15/2026,0:43:09,3.91,2.17,166.3333333
stress-ng --cpu 8 --cpu-load 16 --timeout 60s --quiet,4,5/15/2026,0:43:10,4.56,2.18,164.6666667
stress-ng --cpu 8 --cpu-load 16 --timeout 60s --quiet,4,5/15/2026,0:43:11,3.94,2.17,163
stress-ng --cpu 8 --cpu-load 16 --timeout 60s --quiet,4,5/15/2026,0:43:12,4.46,2.17,164
stress-ng --cpu 8 --cpu-load 16 --timeout 60s --quiet,4,5/15/2026,0:43:13,4.16,2.16,147
stress-ng --cpu 8 --cpu-load 16 --timeout 60s --quiet,4,5/15/2026,0:43:14,4.34,2.16,182
stress-ng --cpu 8 --cpu-load 16 --timeout 60s --quiet,4,5/15/2026,0:43:15,3.39,2.16,190
stress-ng --cpu 8 --cpu-load 16 --timeout 60s --quiet,4,5/15/2026,0:43:16,4.16,2.16,165
stress-ng --cpu 8 --cpu-load 16 --timeout 60s --quiet,4,5/15/2026,0:43:17,4.4,2.16,162
stress-ng --cpu 8 --cpu-load 16 --timeout 60s --quiet,4,5/15/2026,0:43:18,3.57,2.16,179
stress-ng --cpu 8 --cpu-load 16 --timeout 60s --quiet,4,5/15/2026,0:43:19,4.46,2.16,127
stress-ng --cpu 8 --cpu-load 16 --timeout 60s --quiet,4,5/15/2026,0:43:20,4.53,2.16,167
stress-ng --cpu 8 --cpu-load 16 --timeout 60s --quiet,4,5/15/2026,0:43:21,4.22,2.16,189
stress-ng --cpu 8 --cpu-load 16 --timeout 60s --quiet,4,5/15/2026,0:43:22,3.33,2.16,156
stress-ng --cpu 8 --cpu-load 16 --timeout 60s --quiet,4,5/15/2026,0:43:23,4.47,2.16,169
stress-ng --cpu 8 --cpu-load 16 --timeout 60s --quiet,4,5/15/2026,0:43:24,4.25,2.15,171.5
stress-ng --cpu 8 --cpu-load 16 --timeout 60s --quiet,4,5/15/2026,0:43:25,3.91,2.14,174
stress-ng --cpu 8 --cpu-load 16 --timeout 60s --quiet,4,5/15/2026,0:43:26,4.49,2.14,185
stress-ng --cpu 8 --cpu-load 16 --timeout 60s --quiet,4,5/15/2026,0:43:27,4.62,2.14,149
stress-ng --cpu 8 --cpu-load 16 --timeout 60s --quiet,4,5/15/2026,0:43:28,3.88,2.14,133
stress-ng --cpu 8 --cpu-load 16 --timeout 60s --quiet,4,5/15/2026,0:43:29,3.98,2.15,187
stress-ng --cpu 8 --cpu-load 16 --timeout 60s --quiet,4,5/15/2026,0:43:30,4.1,2.15,147
stress-ng --cpu 8 --cpu-load 16 --timeout 60s --quiet,4,5/15/2026,0:43:31,3.7,2.15,172
stress-ng --cpu 8 --cpu-load 16 --timeout 60s --quiet,4,5/15/2026,0:43:32,4.49,2.16,160
stress-ng --cpu 8 --cpu-load 16 --timeout 60s --quiet,4,5/15/2026,0:43:33,4.83,2.15,181
stress-ng --cpu 8 --cpu-load 16 --timeout 60s --quiet,4,5/15/2026,0:43:34,3.48,2.15,186
stress-ng --cpu 8 --cpu-load 16 --timeout 60s --quiet,4,5/15/2026,0:43:35,3.7,2.15,208
stress-ng --cpu 8 --cpu-load 16 --timeout 60s --quiet,4,5/15/2026,0:43:36,4.83,2.15,182
stress-ng --cpu 8 --cpu-load 16 --timeout 60s --quiet,4,5/15/2026,0:43:37,3.85,2.15,127
stress-ng --cpu 8 --cpu-load 16 --timeout 60s --quiet,4,5/15/2026,0:43:38,3.76,2.15,147
stress-ng --cpu 8 --cpu-load 16 --timeout 60s --quiet,4,5/15/2026,0:43:39,4.8,2.15,171
stress-ng --cpu 8 --cpu-load 16 --timeout 60s --quiet,4,5/15/2026,0:43:40,4.13,2.15,159
stress-ng --cpu 8 --cpu-load 16 --timeout 60s --quiet,4,5/15/2026,0:43:41,3.88,2.15,166
stress-ng --cpu 8 --cpu-load 16 --timeout 60s --quiet,4,5/15/2026,0:43:42,3.63,2.15,166
stress-ng --cpu 8 --cpu-load 16 --timeout 60s --quiet,4,5/15/2026,6:57:34,3.94,2.19,130
stress-ng --cpu 8 --cpu-load 16 --timeout 60s --quiet,4,5/15/2026,6:57:35,4.74,2.19,163
stress-ng --cpu 8 --cpu-load 16 --timeout 60s --quiet,4,5/15/2026,6:57:36,3.11,2.19,130
stress-ng --cpu 8 --cpu-load 16 --timeout 60s --quiet,4,5/15/2026,6:57:37,5.21,2.19,125
stress-ng --cpu 8 --cpu-load 16 --timeout 60s --quiet,4,5/15/2026,6:57:38,3.27,2.19,120
stress-ng --cpu 8 --cpu-load 16 --timeout 60s --quiet,4,5/15/2026,6:57:39,4.74,2.19,158
stress-ng --cpu 8 --cpu-load 16 --timeout 60s --quiet,4,5/15/2026,6:57:40,4.99,2.19,144
stress-ng --cpu 8 --cpu-load 16 --timeout 60s --quiet,4,5/15/2026,6:57:41,2.62,2.19,118
stress-ng --cpu 8 --cpu-load 16 --timeout 60s --quiet,4,5/15/2026,6:57:42,4.93,2.19,127
stress-ng --cpu 8 --cpu-load 16 --timeout 60s --quiet,4,5/15/2026,6:57:43,4.435,2.185,143
stress-ng --cpu 8 --cpu-load 16 --timeout 60s --quiet,4,5/15/2026,6:57:44,3.94,2.18,160
stress-ng --cpu 8 --cpu-load 16 --timeout 60s --quiet,4,5/15/2026,6:57:45,4.47,2.18,169
stress-ng --cpu 8 --cpu-load 16 --timeout 60s --quiet,4,5/15/2026,6:57:46,3.82,2.18,165
stress-ng --cpu 8 --cpu-load 16 --timeout 60s --quiet,4,5/15/2026,6:57:47,4.53,2.18,180
stress-ng --cpu 8 --cpu-load 16 --timeout 60s --quiet,4,5/15/2026,6:57:48,3.91,2.18,162
stress-ng --cpu 8 --cpu-load 16 --timeout 60s --quiet,4,5/15/2026,6:57:49,3.82,2.19,147
stress-ng --cpu 8 --cpu-load 16 --timeout 60s --quiet,4,5/15/2026,6:57:50,3.79,2.19,177
stress-ng --cpu 8 --cpu-load 16 --timeout 60s --quiet,4,5/15/2026,6:57:51,4.71,2.19,182.5
stress-ng --cpu 8 --cpu-load 16 --timeout 60s --quiet,4,5/15/2026,6:57:52,4.81,2.19,188
stress-ng --cpu 8 --cpu-load 16 --timeout 60s --quiet,4,5/15/2026,6:57:53,2.8,2.19,189
stress-ng --cpu 8 --cpu-load 16 --timeout 60s --quiet,4,5/15/2026,6:57:54,4.92,2.19,172
stress-ng --cpu 8 --cpu-load 16 --timeout 60s --quiet,4,5/15/2026,6:57:55,4.25,2.19,180
stress-ng --cpu 8 --cpu-load 16 --timeout 60s --quiet,4,5/15/2026,6:57:56,4.28,2.19,151
stress-ng --cpu 8 --cpu-load 16 --timeout 60s --quiet,4,5/15/2026,6:57:57,3.54,2.19,147
stress-ng --cpu 8 --cpu-load 16 --timeout 60s --quiet,4,5/15/2026,6:57:58,4.41,2.19,184
stress-ng --cpu 8 --cpu-load 16 --timeout 60s --quiet,4,5/15/2026,6:57:59,4.67,2.19,189
stress-ng --cpu 8 --cpu-load 16 --timeout 60s --quiet,4,5/15/2026,6:58:00,2.96,2.19,167
stress-ng --cpu 8 --cpu-load 16 --timeout 60s --quiet,4,5/15/2026,6:58:01,4.22,2.19,162
stress-ng --cpu 8 --cpu-load 16 --timeout 60s --quiet,4,5/15/2026,6:58:02,4.74,2.19,150
stress-ng --cpu 8 --cpu-load 16 --timeout 60s --quiet,4,5/15/2026,6:58:03,5.33,2.21,125
stress-ng --cpu 8 --cpu-load 16 --timeout 60s --quiet,4,5/15/2026,6:58:04,3.82,2.19,134
stress-ng --cpu 8 --cpu-load 16 --timeout 60s --quiet,4,5/15/2026,6:58:05,3.57,2.19,160
stress-ng --cpu 8 --cpu-load 16 --timeout 60s --quiet,4,5/15/2026,6:58:06,4.46,2.19,186
stress-ng --cpu 8 --cpu-load 16 --timeout 60s --quiet,4,5/15/2026,6:58:07,5.05,2.19,150
stress-ng --cpu 8 --cpu-load 16 --timeout 60s --quiet,4,5/15/2026,6:58:08,3.11,2.19,128
stress-ng --cpu 8 --cpu-load 16 --timeout 60s --quiet,4,5/15/2026,6:58:09,5.05,2.2,160
stress-ng --cpu 8 --cpu-load 16 --timeout 60s --quiet,4,5/15/2026,6:58:10,3.78,2.19,166
stress-ng --cpu 8 --cpu-load 16 --timeout 60s --quiet,4,5/15/2026,6:58:11,3.81,2.19,118
stress-ng --cpu 8 --cpu-load 16 --timeout 60s --quiet,4,5/15/2026,6:58:12,4.07,2.2,146
stress-ng --cpu 8 --cpu-load 16 --timeout 60s --quiet,4,5/15/2026,6:58:13,5.24,2.21,171
stress-ng --cpu 8 --cpu-load 16 --timeout 60s --quiet,4,5/15/2026,6:58:14,3.48,2.21,170
stress-ng --cpu 8 --cpu-load 16 --timeout 60s --quiet,4,5/15/2026,6:58:15,4.62,2.21,132
stress-ng --cpu 8 --cpu-load 16 --timeout 60s --quiet,4,5/15/2026,6:58:16,3.85,2.21,160
stress-ng --cpu 8 --cpu-load 16 --timeout 60s --quiet,4,5/15/2026,6:58:17,4.72,2.21,148
stress-ng --cpu 8 --cpu-load 16 --timeout 60s --quiet,4,5/15/2026,6:58:18,3.57,2.21,149.5
stress-ng --cpu 8 --cpu-load 16 --timeout 60s --quiet,4,5/15/2026,6:58:19,4.56,2.22,151
stress-ng --cpu 8 --cpu-load 16 --timeout 60s --quiet,4,5/15/2026,6:58:20,4.59,2.21,163
stress-ng --cpu 8 --cpu-load 16 --timeout 60s --quiet,4,5/15/2026,6:58:21,3.17,2.2,136
stress-ng --cpu 8 --cpu-load 16 --timeout 60s --quiet,4,5/15/2026,6:58:22,4.1,2.21,139
stress-ng --cpu 8 --cpu-load 16 --timeout 60s --quiet,4,5/15/2026,6:58:23,4.84,2.21,168
stress-ng --cpu 8 --cpu-load 16 --timeout 60s --quiet,4,5/15/2026,6:58:24,4.37,2.19,172
stress-ng --cpu 8 --cpu-load 16 --timeout 60s --quiet,4,5/15/2026,6:58:25,3.6,2.19,175
stress-ng --cpu 8 --cpu-load 16 --timeout 60s --quiet,4,5/15/2026,6:58:26,4.4,2.2,165
stress-ng --cpu 8 --cpu-load 16 --timeout 60s --quiet,4,5/15/2026,6:58:27,3.91,2.19,153
stress-ng --cpu 8 --cpu-load 16 --timeout 60s --quiet,4,5/15/2026,6:58:28,4.59,2.2,169
stress-ng --cpu 8 --cpu-load 16 --timeout 60s --quiet,4,5/15/2026,6:58:29,3.17,2.19,153
stress-ng --cpu 8 --cpu-load 16 --timeout 60s --quiet,4,5/15/2026,6:58:30,4.68,2.19,167
stress-ng --cpu 8 --cpu-load 16 --timeout 60s --quiet,4,5/15/2026,6:58:31,4.65,2.19,188
stress-ng --cpu 8 --cpu-load 16 --timeout 60s --quiet,4,5/15/2026,6:58:32,4.04,2.19,161
stress-ng --cpu 8 --cpu-load 16 --timeout 60s --quiet,4,5/15/2026,6:58:33,3.64,2.19,152
stress-ng --cpu 8 --cpu-load 16 --timeout 60s --quiet,4,5/15/2026,6:58:34,1.66,2.14,166
stress-ng --cpu 8 --cpu-load 16 --timeout 60s --quiet,4,5/15/2026,22:31:45,3.14,2.26,109
stress-ng --cpu 8 --cpu-load 16 --timeout 60s --quiet,4,5/15/2026,22:31:46,3.26,2.27,185
stress-ng --cpu 8 --cpu-load 16 --timeout 60s --quiet,4,5/15/2026,22:31:47,4.4,2.27,175
stress-ng --cpu 8 --cpu-load 16 --timeout 60s --quiet,4,5/15/2026,22:31:48,3.63,2.26,135
stress-ng --cpu 8 --cpu-load 16 --timeout 60s --quiet,4,5/15/2026,22:31:49,4.78,2.27,114
stress-ng --cpu 8 --cpu-load 16 --timeout 60s --quiet,4,5/15/2026,22:31:50,3.57,2.26,135
stress-ng --cpu 8 --cpu-load 16 --timeout 60s --quiet,4,5/15/2026,22:31:51,4.78,2.27,137
stress-ng --cpu 8 --cpu-load 16 --timeout 60s --quiet,4,5/15/2026,22:31:52,2.74,2.27,115
stress-ng --cpu 8 --cpu-load 16 --timeout 60s --quiet,4,5/15/2026,22:31:53,5.23,2.27,116
stress-ng --cpu 8 --cpu-load 16 --timeout 60s --quiet,4,5/15/2026,22:31:54,3.36,2.27,131
stress-ng --cpu 8 --cpu-load 16 --timeout 60s --quiet,4,5/15/2026,22:31:55,4.74,2.27,142
stress-ng --cpu 8 --cpu-load 16 --timeout 60s --quiet,4,5/15/2026,22:31:56,4.16,2.27,153
stress-ng --cpu 8 --cpu-load 16 --timeout 60s --quiet,4,5/15/2026,22:31:57,4,2.27,176
stress-ng --cpu 8 --cpu-load 16 --timeout 60s --quiet,4,5/15/2026,22:31:58,4.4,2.26,173
stress-ng --cpu 8 --cpu-load 16 --timeout 60s --quiet,4,5/15/2026,22:31:59,3.36,2.26,167
stress-ng --cpu 8 --cpu-load 16 --timeout 60s --quiet,4,5/15/2026,22:32:00,4.56,2.26,150
stress-ng --cpu 8 --cpu-load 16 --timeout 60s --quiet,4,5/15/2026,22:32:01,4.28,2.25,139
stress-ng --cpu 8 --cpu-load 16 --timeout 60s --quiet,4,5/15/2026,22:32:02,4.47,2.25,157
stress-ng --cpu 8 --cpu-load 16 --timeout 60s --quiet,4,5/15/2026,22:32:03,3.97,2.24,166
stress-ng --cpu 8 --cpu-load 16 --timeout 60s --quiet,4,5/15/2026,22:32:04,3.82,2.24,175
stress-ng --cpu 8 --cpu-load 16 --timeout 60s --quiet,4,5/15/2026,22:32:05,4.18,2.24,157
stress-ng --cpu 8 --cpu-load 16 --timeout 60s --quiet,4,5/15/2026,22:32:06,4.28,2.24,154
stress-ng --cpu 8 --cpu-load 16 --timeout 60s --quiet,4,5/15/2026,22:32:07,4.35,2.24,188
stress-ng --cpu 8 --cpu-load 16 --timeout 60s --quiet,4,5/15/2026,22:32:08,4.28,2.24,177
stress-ng --cpu 8 --cpu-load 16 --timeout 60s --quiet,4,5/15/2026,22:32:09,3.91,2.24,163
stress-ng --cpu 8 --cpu-load 16 --timeout 60s --quiet,4,5/15/2026,22:32:10,3.97,2.22,161
stress-ng --cpu 8 --cpu-load 16 --timeout 60s --quiet,4,5/15/2026,22:32:11,4.31,2.22,169
stress-ng --cpu 8 --cpu-load 16 --timeout 60s --quiet,4,5/15/2026,22:32:12,4.25,2.22,187
stress-ng --cpu 8 --cpu-load 16 --timeout 60s --quiet,4,5/15/2026,22:32:13,4.19,2.22,186
stress-ng --cpu 8 --cpu-load 16 --timeout 60s --quiet,4,5/15/2026,22:32:14,4.07,2.22,177
stress-ng --cpu 8 --cpu-load 16 --timeout 60s --quiet,4,5/15/2026,22:32:15,3.91,2.22,158
stress-ng --cpu 8 --cpu-load 16 --timeout 60s --quiet,4,5/15/2026,22:32:16,4.25,2.21,160
stress-ng --cpu 8 --cpu-load 16 --timeout 60s --quiet,4,5/15/2026,22:32:17,4.46,2.22,166
stress-ng --cpu 8 --cpu-load 16 --timeout 60s --quiet,4,5/15/2026,22:32:18,4.22,2.22,169
stress-ng --cpu 8 --cpu-load 16 --timeout 60s --quiet,4,5/15/2026,22:32:19,4.59,2.22,165
stress-ng --cpu 8 --cpu-load 16 --timeout 60s --quiet,4,5/15/2026,22:32:20,3.11,2.22,172
stress-ng --cpu 8 --cpu-load 16 --timeout 60s --quiet,4,5/15/2026,22:32:21,4.09,2.22,181
stress-ng --cpu 8 --cpu-load 16 --timeout 60s --quiet,4,5/15/2026,22:32:22,5.11,2.22,157
stress-ng --cpu 8 --cpu-load 16 --timeout 60s --quiet,4,5/15/2026,22:32:23,3.39,2.22,124
stress-ng --cpu 8 --cpu-load 16 --timeout 60s --quiet,4,5/15/2026,22:32:24,4.86,2.21,127
stress-ng --cpu 8 --cpu-load 16 --timeout 60s --quiet,4,5/15/2026,22:32:25,2.99,2.21,190
stress-ng --cpu 8 --cpu-load 16 --timeout 60s --quiet,4,5/15/2026,22:32:26,4.49,2.21,156
stress-ng --cpu 8 --cpu-load 16 --timeout 60s --quiet,4,5/15/2026,22:32:27,4.755,2.21,172
stress-ng --cpu 8 --cpu-load 16 --timeout 60s --quiet,4,5/15/2026,22:32:28,5.02,2.21,141
stress-ng --cpu 8 --cpu-load 16 --timeout 60s --quiet,4,5/15/2026,22:32:29,3.36,2.21,149
stress-ng --cpu 8 --cpu-load 16 --timeout 60s --quiet,4,5/15/2026,22:32:30,4.9,2.21,146
stress-ng --cpu 8 --cpu-load 16 --timeout 60s --quiet,4,5/15/2026,22:32:31,3.48,2.21,165
stress-ng --cpu 8 --cpu-load 16 --timeout 60s --quiet,4,5/15/2026,22:32:32,4.25,2.21,184
stress-ng --cpu 8 --cpu-load 16 --timeout 60s --quiet,4,5/15/2026,22:32:33,4.28,2.21,161
stress-ng --cpu 8 --cpu-load 16 --timeout 60s --quiet,4,5/15/2026,22:32:34,4,2.22,168
stress-ng --cpu 8 --cpu-load 16 --timeout 60s --quiet,4,5/15/2026,22:32:35,4.07,2.22,158
stress-ng --cpu 8 --cpu-load 16 --timeout 60s --quiet,4,5/15/2026,22:32:36,4.43,2.22,169
stress-ng --cpu 8 --cpu-load 16 --timeout 60s --quiet,4,5/15/2026,22:32:37,4.03,2.22,179
stress-ng --cpu 8 --cpu-load 16 --timeout 60s --quiet,4,5/15/2026,22:32:38,4.62,2.22,186
stress-ng --cpu 8 --cpu-load 16 --timeout 60s --quiet,4,5/15/2026,22:32:39,3.72,2.22,135
stress-ng --cpu 8 --cpu-load 16 --timeout 60s --quiet,4,5/15/2026,22:32:40,3.63,2.22,128
stress-ng --cpu 8 --cpu-load 16 --timeout 60s --quiet,4,5/15/2026,22:32:41,4.46,2.22,188
stress-ng --cpu 8 --cpu-load 16 --timeout 60s --quiet,4,5/15/2026,22:32:42,4.59,2.21,180
stress-ng --cpu 8 --cpu-load 16 --timeout 60s --quiet,4,5/15/2026,22:32:43,3.94,2.22,182
stress-ng --cpu 8 --cpu-load 16 --timeout 60s --quiet,4,5/15/2026,22:32:44,4.37,2.22,162
stress-ng --cpu 8 --cpu-load 16 --timeout 60s --quiet,4,5/15/2026,22:32:45,3.42,2.21,163
stress-ng --cpu 8 --cpu-load 20 --timeout 60s --quiet,5,5/15/2026,4:21:12,0.71,2.15,113
stress-ng --cpu 8 --cpu-load 20 --timeout 60s --quiet,5,5/15/2026,4:21:13,5.48,2.17,191
stress-ng --cpu 8 --cpu-load 20 --timeout 60s --quiet,5,5/15/2026,4:21:14,6.01,2.18,157
stress-ng --cpu 8 --cpu-load 20 --timeout 60s --quiet,5,5/15/2026,4:21:15,5.29,2.18,140
stress-ng --cpu 8 --cpu-load 20 --timeout 60s --quiet,5,5/15/2026,4:21:16,4.53,2.18,162
stress-ng --cpu 8 --cpu-load 20 --timeout 60s --quiet,5,5/15/2026,4:21:17,5.82,2.18,147
stress-ng --cpu 8 --cpu-load 20 --timeout 60s --quiet,5,5/15/2026,4:21:18,5.48,2.18,163
stress-ng --cpu 8 --cpu-load 20 --timeout 60s --quiet,5,5/15/2026,4:21:19,5.33,2.19,166
stress-ng --cpu 8 --cpu-load 20 --timeout 60s --quiet,5,5/15/2026,4:21:20,4.13,2.18,175
stress-ng --cpu 8 --cpu-load 20 --timeout 60s --quiet,5,5/15/2026,4:21:21,6.22,2.18,149
stress-ng --cpu 8 --cpu-load 20 --timeout 60s --quiet,5,5/15/2026,4:21:22,4.37,2.18,162
stress-ng --cpu 8 --cpu-load 20 --timeout 60s --quiet,5,5/15/2026,4:21:23,4.68,2.18,166
stress-ng --cpu 8 --cpu-load 20 --timeout 60s --quiet,5,5/15/2026,4:21:24,5.29,2.19,170
stress-ng --cpu 8 --cpu-load 20 --timeout 60s --quiet,5,5/15/2026,4:21:25,5.48,2.17,158
stress-ng --cpu 8 --cpu-load 20 --timeout 60s --quiet,5,5/15/2026,4:21:26,4.77,2.15,172
stress-ng --cpu 8 --cpu-load 20 --timeout 60s --quiet,5,5/15/2026,4:21:27,5.27,2.15,182
stress-ng --cpu 8 --cpu-load 20 --timeout 60s --quiet,5,5/15/2026,4:21:28,5.42,2.15,147
stress-ng --cpu 8 --cpu-load 20 --timeout 60s --quiet,5,5/15/2026,4:21:29,5.52,2.16,190
stress-ng --cpu 8 --cpu-load 20 --timeout 60s --quiet,5,5/15/2026,4:21:30,4.81,2.15,163
stress-ng --cpu 8 --cpu-load 20 --timeout 60s --quiet,5,5/15/2026,4:21:31,5.05,2.16,160
stress-ng --cpu 8 --cpu-load 20 --timeout 60s --quiet,5,5/15/2026,4:21:32,4.99,2.15,172
stress-ng --cpu 8 --cpu-load 20 --timeout 60s --quiet,5,5/15/2026,4:21:33,5.42,2.15,179
stress-ng --cpu 8 --cpu-load 20 --timeout 60s --quiet,5,5/15/2026,4:21:34,4.96,2.15,156
stress-ng --cpu 8 --cpu-load 20 --timeout 60s --quiet,5,5/15/2026,4:21:35,5.61,2.14,178
stress-ng --cpu 8 --cpu-load 20 --timeout 60s --quiet,5,5/15/2026,4:21:36,5.3,2.15,160
stress-ng --cpu 8 --cpu-load 20 --timeout 60s --quiet,5,5/15/2026,4:21:37,5.16,2.15,180
stress-ng --cpu 8 --cpu-load 20 --timeout 60s --quiet,5,5/15/2026,4:21:38,5.02,2.15,163
stress-ng --cpu 8 --cpu-load 20 --timeout 60s --quiet,5,5/15/2026,4:21:39,4.59,2.15,186
stress-ng --cpu 8 --cpu-load 20 --timeout 60s --quiet,5,5/15/2026,4:21:40,5.77,2.14,182
stress-ng --cpu 8 --cpu-load 20 --timeout 60s --quiet,5,5/15/2026,4:21:41,5.78,2.15,158
stress-ng --cpu 8 --cpu-load 20 --timeout 60s --quiet,5,5/15/2026,4:21:42,4.99,2.14,174
stress-ng --cpu 8 --cpu-load 20 --timeout 60s --quiet,5,5/15/2026,4:21:43,5.02,2.14,125
stress-ng --cpu 8 --cpu-load 20 --timeout 60s --quiet,5,5/15/2026,4:21:44,4.53,2.15,183
stress-ng --cpu 8 --cpu-load 20 --timeout 60s --quiet,5,5/15/2026,4:21:45,5.55,2.14,175
stress-ng --cpu 8 --cpu-load 20 --timeout 60s --quiet,5,5/15/2026,4:21:46,5.26,2.15,184
stress-ng --cpu 8 --cpu-load 20 --timeout 60s --quiet,5,5/15/2026,4:21:47,4.84,2.14,185
stress-ng --cpu 8 --cpu-load 20 --timeout 60s --quiet,5,5/15/2026,4:21:48,4.77,2.15,180
stress-ng --cpu 8 --cpu-load 20 --timeout 60s --quiet,5,5/15/2026,4:21:49,5.36,2.14,149
stress-ng --cpu 8 --cpu-load 20 --timeout 60s --quiet,5,5/15/2026,4:21:50,5.79,2.14,172
stress-ng --cpu 8 --cpu-load 20 --timeout 60s --quiet,5,5/15/2026,4:21:51,4.87,2.14,136
stress-ng --cpu 8 --cpu-load 20 --timeout 60s --quiet,5,5/15/2026,4:21:52,4.86,2.14,195
stress-ng --cpu 8 --cpu-load 20 --timeout 60s --quiet,5,5/15/2026,4:21:53,4.96,2.14,194
stress-ng --cpu 8 --cpu-load 20 --timeout 60s --quiet,5,5/15/2026,4:21:54,5.57,2.13,169
stress-ng --cpu 8 --cpu-load 20 --timeout 60s --quiet,5,5/15/2026,4:21:55,5.05,2.14,160
stress-ng --cpu 8 --cpu-load 20 --timeout 60s --quiet,5,5/15/2026,4:21:56,4.71,2.13,159
stress-ng --cpu 8 --cpu-load 20 --timeout 60s --quiet,5,5/15/2026,4:21:57,5.72,2.13,184
stress-ng --cpu 8 --cpu-load 20 --timeout 60s --quiet,5,5/15/2026,4:21:58,5.69,2.14,169
stress-ng --cpu 8 --cpu-load 20 --timeout 60s --quiet,5,5/15/2026,4:21:59,4.93,2.14,177
stress-ng --cpu 8 --cpu-load 20 --timeout 60s --quiet,5,5/15/2026,4:22:00,4.28,2.13,185
stress-ng --cpu 8 --cpu-load 20 --timeout 60s --quiet,5,5/15/2026,4:22:01,5.82,2.14,192
stress-ng --cpu 8 --cpu-load 20 --timeout 60s --quiet,5,5/15/2026,4:22:02,5.12,2.14,172
stress-ng --cpu 8 --cpu-load 20 --timeout 60s --quiet,5,5/15/2026,4:22:03,5.17,2.14,166
stress-ng --cpu 8 --cpu-load 20 --timeout 60s --quiet,5,5/15/2026,4:22:04,4.96,2.15,190
stress-ng --cpu 8 --cpu-load 20 --timeout 60s --quiet,5,5/15/2026,4:22:05,5.24,2.15,151
stress-ng --cpu 8 --cpu-load 20 --timeout 60s --quiet,5,5/15/2026,4:22:06,5.17,2.15,183
stress-ng --cpu 8 --cpu-load 20 --timeout 60s --quiet,5,5/15/2026,4:22:07,4.96,2.15,169
stress-ng --cpu 8 --cpu-load 20 --timeout 60s --quiet,5,5/15/2026,4:22:08,5.24,2.15,181
stress-ng --cpu 8 --cpu-load 20 --timeout 60s --quiet,5,5/15/2026,4:22:09,5.82,2.14,166
stress-ng --cpu 8 --cpu-load 20 --timeout 60s --quiet,5,5/15/2026,4:22:10,5.02,2.14,176
stress-ng --cpu 8 --cpu-load 20 --timeout 60s --quiet,5,5/15/2026,4:22:11,4.98,2.14,161
stress-ng --cpu 8 --cpu-load 20 --timeout 60s --quiet,5,5/15/2026,4:22:12,4.87,2.14,188
stress-ng --cpu 8 --cpu-load 20 --timeout 60s --quiet,5,5/15/2026,10:52:06,0.12,2.13,127
stress-ng --cpu 8 --cpu-load 20 --timeout 60s --quiet,5,5/15/2026,10:52:07,4.62,2.23,112
stress-ng --cpu 8 --cpu-load 20 --timeout 60s --quiet,5,5/15/2026,10:52:08,4.5,2.23,167
stress-ng --cpu 8 --cpu-load 20 --timeout 60s --quiet,5,5/15/2026,10:52:09,5.35,2.2,141
stress-ng --cpu 8 --cpu-load 20 --timeout 60s --quiet,5,5/15/2026,10:52:10,5.6,2.2,134
stress-ng --cpu 8 --cpu-load 20 --timeout 60s --quiet,5,5/15/2026,10:52:11,5.08,2.2,147
stress-ng --cpu 8 --cpu-load 20 --timeout 60s --quiet,5,5/15/2026,10:52:12,5.18,2.19,162
stress-ng --cpu 8 --cpu-load 20 --timeout 60s --quiet,5,5/15/2026,10:52:13,5.24,2.19,163
stress-ng --cpu 8 --cpu-load 20 --timeout 60s --quiet,5,5/15/2026,10:52:14,5.33,2.19,181
stress-ng --cpu 8 --cpu-load 20 --timeout 60s --quiet,5,5/15/2026,10:52:15,5.3,2.19,116
stress-ng --cpu 8 --cpu-load 20 --timeout 60s --quiet,5,5/15/2026,10:52:16,5.3,2.2,180
stress-ng --cpu 8 --cpu-load 20 --timeout 60s --quiet,5,5/15/2026,10:52:17,5.2,2.19,151
stress-ng --cpu 8 --cpu-load 20 --timeout 60s --quiet,5,5/15/2026,10:52:18,5.08,2.19,122
stress-ng --cpu 8 --cpu-load 20 --timeout 60s --quiet,5,5/15/2026,10:52:19,4.31,2.19,149
stress-ng --cpu 8 --cpu-load 20 --timeout 60s --quiet,5,5/15/2026,10:52:20,6.31,2.19,183
stress-ng --cpu 8 --cpu-load 20 --timeout 60s --quiet,5,5/15/2026,10:52:21,4.87,2.18,167
stress-ng --cpu 8 --cpu-load 20 --timeout 60s --quiet,5,5/15/2026,10:52:22,4.56,2.18,177
stress-ng --cpu 8 --cpu-load 20 --timeout 60s --quiet,5,5/15/2026,10:52:23,4.89,2.18,124
stress-ng --cpu 8 --cpu-load 20 --timeout 60s --quiet,5,5/15/2026,10:52:24,5.88,2.18,172
stress-ng --cpu 8 --cpu-load 20 --timeout 60s --quiet,5,5/15/2026,10:52:25,5.08,2.18,160
stress-ng --cpu 8 --cpu-load 20 --timeout 60s --quiet,5,5/15/2026,10:52:26,4.74,2.18,181
stress-ng --cpu 8 --cpu-load 20 --timeout 60s --quiet,5,5/15/2026,10:52:27,4.87,2.17,194
stress-ng --cpu 8 --cpu-load 20 --timeout 60s --quiet,5,5/15/2026,10:52:28,5.76,2.18,158
stress-ng --cpu 8 --cpu-load 20 --timeout 60s --quiet,5,5/15/2026,10:52:29,4.93,2.18,185
stress-ng --cpu 8 --cpu-load 20 --timeout 60s --quiet,5,5/15/2026,10:52:30,4.89,2.18,180
stress-ng --cpu 8 --cpu-load 20 --timeout 60s --quiet,5,5/15/2026,10:52:31,5.14,2.19,162
stress-ng --cpu 8 --cpu-load 20 --timeout 60s --quiet,5,5/15/2026,10:52:32,5.51,2.19,176.5
stress-ng --cpu 8 --cpu-load 20 --timeout 60s --quiet,5,5/15/2026,10:52:33,5.21,2.19,191
stress-ng --cpu 8 --cpu-load 20 --timeout 60s --quiet,5,5/15/2026,10:52:34,5.02,2.18,193
stress-ng --cpu 8 --cpu-load 20 --timeout 60s --quiet,5,5/15/2026,10:52:35,4.96,2.19,199
stress-ng --cpu 8 --cpu-load 20 --timeout 60s --quiet,5,5/15/2026,10:52:36,5.48,2.19,171
stress-ng --cpu 8 --cpu-load 20 --timeout 60s --quiet,5,5/15/2026,10:52:37,5.29,2.18,166
stress-ng --cpu 8 --cpu-load 20 --timeout 60s --quiet,5,5/15/2026,10:52:38,4.98,2.18,189
stress-ng --cpu 8 --cpu-load 20 --timeout 60s --quiet,5,5/15/2026,10:52:39,4.68,2.17,167
stress-ng --cpu 8 --cpu-load 20 --timeout 60s --quiet,5,5/15/2026,10:52:40,6,2.16,160
stress-ng --cpu 8 --cpu-load 20 --timeout 60s --quiet,5,5/15/2026,10:52:41,5.325,2.165,180
stress-ng --cpu 8 --cpu-load 20 --timeout 60s --quiet,5,5/15/2026,10:52:42,4.65,2.17,175
stress-ng --cpu 8 --cpu-load 20 --timeout 60s --quiet,5,5/15/2026,10:52:43,5.12,2.17,183
stress-ng --cpu 8 --cpu-load 20 --timeout 60s --quiet,5,5/15/2026,10:52:44,4.8,2.17,200
stress-ng --cpu 8 --cpu-load 20 --timeout 60s --quiet,5,5/15/2026,10:52:45,5.95,2.17,172
stress-ng --cpu 8 --cpu-load 20 --timeout 60s --quiet,5,5/15/2026,10:52:46,4.56,2.17,182
stress-ng --cpu 8 --cpu-load 20 --timeout 60s --quiet,5,5/15/2026,10:52:47,5.08,2.18,174
stress-ng --cpu 8 --cpu-load 20 --timeout 60s --quiet,5,5/15/2026,10:52:48,5.05,2.18,202
stress-ng --cpu 8 --cpu-load 20 --timeout 60s --quiet,5,5/15/2026,10:52:49,5.51,2.18,189
stress-ng --cpu 8 --cpu-load 20 --timeout 60s --quiet,5,5/15/2026,10:52:50,5.11,2.18,184
stress-ng --cpu 8 --cpu-load 20 --timeout 60s --quiet,5,5/15/2026,10:52:51,5.2,2.18,178
stress-ng --cpu 8 --cpu-load 20 --timeout 60s --quiet,5,5/15/2026,10:52:52,5.18,2.18,200
stress-ng --cpu 8 --cpu-load 20 --timeout 60s --quiet,5,5/15/2026,10:52:53,5.42,2.18,179
stress-ng --cpu 8 --cpu-load 20 --timeout 60s --quiet,5,5/15/2026,10:52:54,5.23,2.17,186
stress-ng --cpu 8 --cpu-load 20 --timeout 60s --quiet,5,5/15/2026,10:52:55,4.9,2.17,178
stress-ng --cpu 8 --cpu-load 20 --timeout 60s --quiet,5,5/15/2026,10:52:56,5.05,2.18,171
stress-ng --cpu 8 --cpu-load 20 --timeout 60s --quiet,5,5/15/2026,10:52:57,5.38,2.18,184
stress-ng --cpu 8 --cpu-load 20 --timeout 60s --quiet,5,5/15/2026,10:52:58,5.21,2.18,170
stress-ng --cpu 8 --cpu-load 20 --timeout 60s --quiet,5,5/15/2026,10:52:59,4.86,2.17,190
stress-ng --cpu 8 --cpu-load 20 --timeout 60s --quiet,5,5/15/2026,10:53:00,5.54,2.17,173
stress-ng --cpu 8 --cpu-load 20 --timeout 60s --quiet,5,5/15/2026,10:53:01,4.71,2.18,182
stress-ng --cpu 8 --cpu-load 20 --timeout 60s --quiet,5,5/15/2026,10:53:02,5.32,2.18,175
stress-ng --cpu 8 --cpu-load 20 --timeout 60s --quiet,5,5/15/2026,10:53:03,5.39,2.18,194
stress-ng --cpu 8 --cpu-load 20 --timeout 60s --quiet,5,5/15/2026,10:53:04,5.32,2.19,189
stress-ng --cpu 8 --cpu-load 20 --timeout 60s --quiet,5,5/15/2026,10:53:05,4.56,2.16,184
stress-ng --cpu 8 --cpu-load 20 --timeout 60s --quiet,5,5/15/2026,10:53:06,5.69,2.16,150
stress-ng --cpu 8 --cpu-load 20 --timeout 60s --quiet,5,5/15/2026,20:19:26,0.15,2.18,135
stress-ng --cpu 8 --cpu-load 20 --timeout 60s --quiet,5,5/15/2026,20:19:27,5.21,2.26,162
stress-ng --cpu 8 --cpu-load 20 --timeout 60s --quiet,5,5/15/2026,20:19:28,4.52,2.27,135
stress-ng --cpu 8 --cpu-load 20 --timeout 60s --quiet,5,5/15/2026,20:19:29,4.9,2.27,142
stress-ng --cpu 8 --cpu-load 20 --timeout 60s --quiet,5,5/15/2026,20:19:30,5.67,2.26,149
stress-ng --cpu 8 --cpu-load 20 --timeout 60s --quiet,5,5/15/2026,20:19:31,4.9,2.26,153
stress-ng --cpu 8 --cpu-load 20 --timeout 60s --quiet,5,5/15/2026,20:19:32,5.17,2.26,171
stress-ng --cpu 8 --cpu-load 20 --timeout 60s --quiet,5,5/15/2026,20:19:33,5.11,2.26,152
stress-ng --cpu 8 --cpu-load 20 --timeout 60s --quiet,5,5/15/2026,20:19:34,5.7,2.26,183
stress-ng --cpu 8 --cpu-load 20 --timeout 60s --quiet,5,5/15/2026,20:19:35,4.68,2.26,154
stress-ng --cpu 8 --cpu-load 20 --timeout 60s --quiet,5,5/15/2026,20:19:36,5.11,2.26,152
stress-ng --cpu 8 --cpu-load 20 --timeout 60s --quiet,5,5/15/2026,20:19:37,4.89,2.25,140
stress-ng --cpu 8 --cpu-load 20 --timeout 60s --quiet,5,5/15/2026,20:19:38,5.45,2.25,178
stress-ng --cpu 8 --cpu-load 20 --timeout 60s --quiet,5,5/15/2026,20:19:39,5.17,2.25,173
stress-ng --cpu 8 --cpu-load 20 --timeout 60s --quiet,5,5/15/2026,20:19:40,5.21,2.24,187
stress-ng --cpu 8 --cpu-load 20 --timeout 60s --quiet,5,5/15/2026,20:19:41,5.01,2.23,201
stress-ng --cpu 8 --cpu-load 20 --timeout 60s --quiet,5,5/15/2026,20:19:42,5.42,2.23,163
stress-ng --cpu 8 --cpu-load 20 --timeout 60s --quiet,5,5/15/2026,20:19:43,4.83,2.23,198
stress-ng --cpu 8 --cpu-load 20 --timeout 60s --quiet,5,5/15/2026,20:19:44,5.36,2.23,190
stress-ng --cpu 8 --cpu-load 20 --timeout 60s --quiet,5,5/15/2026,20:19:45,5.29,2.22,182
stress-ng --cpu 8 --cpu-load 20 --timeout 60s --quiet,5,5/15/2026,20:19:46,5.08,2.22,187
stress-ng --cpu 8 --cpu-load 20 --timeout 60s --quiet,5,5/15/2026,20:19:47,5.02,2.22,172
stress-ng --cpu 8 --cpu-load 20 --timeout 60s --quiet,5,5/15/2026,20:19:48,4.8,2.22,182
stress-ng --cpu 8 --cpu-load 20 --timeout 60s --quiet,5,5/15/2026,20:19:49,4.99,2.22,185
stress-ng --cpu 8 --cpu-load 20 --timeout 60s --quiet,5,5/15/2026,20:19:50,5.57,2.23,164
stress-ng --cpu 8 --cpu-load 20 --timeout 60s --quiet,5,5/15/2026,20:19:51,5.17,2.23,178
stress-ng --cpu 8 --cpu-load 20 --timeout 60s --quiet,5,5/15/2026,20:19:52,5.79,2.23,178
stress-ng --cpu 8 --cpu-load 20 --timeout 60s --quiet,5,5/15/2026,20:19:53,4.92,2.22,177
stress-ng --cpu 8 --cpu-load 20 --timeout 60s --quiet,5,5/15/2026,20:19:54,5.48,2.22,171
stress-ng --cpu 8 --cpu-load 20 --timeout 60s --quiet,5,5/15/2026,20:19:55,4.62,2.21,151
stress-ng --cpu 8 --cpu-load 20 --timeout 60s --quiet,5,5/15/2026,20:19:56,4.77,2.215,170
stress-ng --cpu 8 --cpu-load 20 --timeout 60s --quiet,5,5/15/2026,20:19:57,4.92,2.22,184
stress-ng --cpu 8 --cpu-load 20 --timeout 60s --quiet,5,5/15/2026,20:19:58,5.84,2.22,172
stress-ng --cpu 8 --cpu-load 20 --timeout 60s --quiet,5,5/15/2026,20:19:59,4.8,2.22,186
stress-ng --cpu 8 --cpu-load 20 --timeout 60s --quiet,5,5/15/2026,20:20:00,5.14,2.22,192
stress-ng --cpu 8 --cpu-load 20 --timeout 60s --quiet,5,5/15/2026,20:20:01,5.44,2.21,172
stress-ng --cpu 8 --cpu-load 20 --timeout 60s --quiet,5,5/15/2026,20:20:02,5.05,2.22,183
stress-ng --cpu 8 --cpu-load 20 --timeout 60s --quiet,5,5/15/2026,20:20:03,5.17,2.22,191
stress-ng --cpu 8 --cpu-load 20 --timeout 60s --quiet,5,5/15/2026,20:20:04,5.72,2.22,187
stress-ng --cpu 8 --cpu-load 20 --timeout 60s --quiet,5,5/15/2026,20:20:05,5.26,2.21,178
stress-ng --cpu 8 --cpu-load 20 --timeout 60s --quiet,5,5/15/2026,20:20:06,5.07,2.21,179
stress-ng --cpu 8 --cpu-load 20 --timeout 60s --quiet,5,5/15/2026,20:20:07,4.93,2.21,166
stress-ng --cpu 8 --cpu-load 20 --timeout 60s --quiet,5,5/15/2026,20:20:08,5.08,2.22,153
stress-ng --cpu 8 --cpu-load 20 --timeout 60s --quiet,5,5/15/2026,20:20:09,5.11,2.21,175
stress-ng --cpu 8 --cpu-load 20 --timeout 60s --quiet,5,5/15/2026,20:20:10,5.14,2.21,207
stress-ng --cpu 8 --cpu-load 20 --timeout 60s --quiet,5,5/15/2026,20:20:11,4.99,2.22,167
stress-ng --cpu 8 --cpu-load 20 --timeout 60s --quiet,5,5/15/2026,20:20:12,5.2,2.22,184
stress-ng --cpu 8 --cpu-load 20 --timeout 60s --quiet,5,5/15/2026,20:20:13,5.14,2.22,196
stress-ng --cpu 8 --cpu-load 20 --timeout 60s --quiet,5,5/15/2026,20:20:14,6.22,2.22,158
stress-ng --cpu 8 --cpu-load 20 --timeout 60s --quiet,5,5/15/2026,20:20:15,4.65,2.22,171
stress-ng --cpu 8 --cpu-load 20 --timeout 60s --quiet,5,5/15/2026,20:20:16,4.95,2.21,156
stress-ng --cpu 8 --cpu-load 20 --timeout 60s --quiet,5,5/15/2026,20:20:17,4.8,2.22,148
stress-ng --cpu 8 --cpu-load 20 --timeout 60s --quiet,5,5/15/2026,20:20:18,5.84,2.22,162
stress-ng --cpu 8 --cpu-load 20 --timeout 60s --quiet,5,5/15/2026,20:20:19,5.17,2.23,190
stress-ng --cpu 8 --cpu-load 20 --timeout 60s --quiet,5,5/15/2026,20:20:20,4.65,2.22,183
stress-ng --cpu 8 --cpu-load 20 --timeout 60s --quiet,5,5/15/2026,20:20:21,5.36,2.23,161
stress-ng --cpu 8 --cpu-load 20 --timeout 60s --quiet,5,5/15/2026,20:20:22,5.48,2.22,184
stress-ng --cpu 8 --cpu-load 20 --timeout 60s --quiet,5,5/15/2026,20:20:23,4.98,2.21,188
stress-ng --cpu 8 --cpu-load 20 --timeout 60s --quiet,5,5/15/2026,20:20:24,5.45,2.21,188
stress-ng --cpu 8 --cpu-load 20 --timeout 60s --quiet,5,5/15/2026,20:20:25,5.02,2.2,182
stress-ng --cpu 8 --cpu-load 20 --timeout 60s --quiet,5,5/15/2026,20:20:26,5.02,2.2,174
stress-ng --cpu 8 --cpu-load 24 --timeout 60s --quiet,6,5/15/2026,2:44:59,0.12,2.07,131
stress-ng --cpu 8 --cpu-load 24 --timeout 60s --quiet,6,5/15/2026,2:45:00,3.11,2.17,167
stress-ng --cpu 8 --cpu-load 24 --timeout 60s --quiet,6,5/15/2026,2:45:01,6.78,2.18,161
stress-ng --cpu 8 --cpu-load 24 --timeout 60s --quiet,6,5/15/2026,2:45:02,6.86,2.18,151
stress-ng --cpu 8 --cpu-load 24 --timeout 60s --quiet,6,5/15/2026,2:45:03,5.24,2.18,183
stress-ng --cpu 8 --cpu-load 24 --timeout 60s --quiet,6,5/15/2026,2:45:04,6.16,2.16,170
stress-ng --cpu 8 --cpu-load 24 --timeout 60s --quiet,6,5/15/2026,2:45:05,7.21,2.16,164
stress-ng --cpu 8 --cpu-load 24 --timeout 60s --quiet,6,5/15/2026,2:45:06,6.12,2.16,158
stress-ng --cpu 8 --cpu-load 24 --timeout 60s --quiet,6,5/15/2026,2:45:07,4.9,2.16,173
stress-ng --cpu 8 --cpu-load 24 --timeout 60s --quiet,6,5/15/2026,2:45:08,6.87,2.16,174
stress-ng --cpu 8 --cpu-load 24 --timeout 60s --quiet,6,5/15/2026,2:45:09,6.62,2.16,170
stress-ng --cpu 8 --cpu-load 24 --timeout 60s --quiet,6,5/15/2026,2:45:10,5.55,2.16,174
stress-ng --cpu 8 --cpu-load 24 --timeout 60s --quiet,6,5/15/2026,2:45:11,5.91,2.17,164
stress-ng --cpu 8 --cpu-load 24 --timeout 60s --quiet,6,5/15/2026,2:45:12,7.1,2.17,189
stress-ng --cpu 8 --cpu-load 24 --timeout 60s --quiet,6,5/15/2026,2:45:13,5.79,2.16,152
stress-ng --cpu 8 --cpu-load 24 --timeout 60s --quiet,6,5/15/2026,2:45:14,5.6,2.16,165
stress-ng --cpu 8 --cpu-load 24 --timeout 60s --quiet,6,5/15/2026,2:45:15,6.68,2.16,191
stress-ng --cpu 8 --cpu-load 24 --timeout 60s --quiet,6,5/15/2026,2:45:16,5.91,2.16,174
stress-ng --cpu 8 --cpu-load 24 --timeout 60s --quiet,6,5/15/2026,2:45:17,6.1,2.15,189
stress-ng --cpu 8 --cpu-load 24 --timeout 60s --quiet,6,5/15/2026,2:45:18,5.66,2.15,182
stress-ng --cpu 8 --cpu-load 24 --timeout 60s --quiet,6,5/15/2026,2:45:19,6.84,2.15,156
stress-ng --cpu 8 --cpu-load 24 --timeout 60s --quiet,6,5/15/2026,2:45:20,5.67,2.15,172
stress-ng --cpu 8 --cpu-load 24 --timeout 60s --quiet,6,5/15/2026,2:45:21,6.21,2.15,165
stress-ng --cpu 8 --cpu-load 24 --timeout 60s --quiet,6,5/15/2026,2:45:22,6.43,2.15,185
stress-ng --cpu 8 --cpu-load 24 --timeout 60s --quiet,6,5/15/2026,2:45:23,5.94,2.15,164
stress-ng --cpu 8 --cpu-load 24 --timeout 60s --quiet,6,5/15/2026,2:45:24,6.13,2.16,161
stress-ng --cpu 8 --cpu-load 24 --timeout 60s --quiet,6,5/15/2026,2:45:25,6.75,2.16,191
stress-ng --cpu 8 --cpu-load 24 --timeout 60s --quiet,6,5/15/2026,2:45:26,6.65,2.15,179
stress-ng --cpu 8 --cpu-load 24 --timeout 60s --quiet,6,5/15/2026,2:45:27,4.74,2.15,185
stress-ng --cpu 8 --cpu-load 24 --timeout 60s --quiet,6,5/15/2026,2:45:28,6.71,2.14,154
stress-ng --cpu 8 --cpu-load 24 --timeout 60s --quiet,6,5/15/2026,2:45:29,6.59,2.14,184
stress-ng --cpu 8 --cpu-load 24 --timeout 60s --quiet,6,5/15/2026,2:45:30,5.91,2.14,174
stress-ng --cpu 8 --cpu-load 24 --timeout 60s --quiet,6,5/15/2026,2:45:31,5.97,2.14,180
stress-ng --cpu 8 --cpu-load 24 --timeout 60s --quiet,6,5/15/2026,2:45:32,6.31,2.14,186
stress-ng --cpu 8 --cpu-load 24 --timeout 60s --quiet,6,5/15/2026,2:45:33,6.28,2.14,151
stress-ng --cpu 8 --cpu-load 24 --timeout 60s --quiet,6,5/15/2026,2:45:34,5.39,2.14,187
stress-ng --cpu 8 --cpu-load 24 --timeout 60s --quiet,6,5/15/2026,2:45:35,6.96,2.14,157
stress-ng --cpu 8 --cpu-load 24 --timeout 60s --quiet,6,5/15/2026,2:45:36,5.76,2.14,183
stress-ng --cpu 8 --cpu-load 24 --timeout 60s --quiet,6,5/15/2026,2:45:37,6.25,2.14,161
stress-ng --cpu 8 --cpu-load 24 --timeout 60s --quiet,6,5/15/2026,2:45:38,5.36,2.15,165
stress-ng --cpu 8 --cpu-load 24 --timeout 60s --quiet,6,5/15/2026,2:45:39,6.81,2.13,156
stress-ng --cpu 8 --cpu-load 24 --timeout 60s --quiet,6,5/15/2026,2:45:40,6.06,2.13,153
stress-ng --cpu 8 --cpu-load 24 --timeout 60s --quiet,6,5/15/2026,2:45:41,5.79,2.13,174
stress-ng --cpu 8 --cpu-load 24 --timeout 60s --quiet,6,5/15/2026,2:45:42,6.89,2.14,174
stress-ng --cpu 8 --cpu-load 24 --timeout 60s --quiet,6,5/15/2026,2:45:43,5.73,2.14,168
stress-ng --cpu 8 --cpu-load 24 --timeout 60s --quiet,6,5/15/2026,2:45:44,5.94,2.13,152
stress-ng --cpu 8 --cpu-load 24 --timeout 60s --quiet,6,5/15/2026,2:45:45,6.34,2.13,152
stress-ng --cpu 8 --cpu-load 24 --timeout 60s --quiet,6,5/15/2026,2:45:46,6,2.13,193
stress-ng --cpu 8 --cpu-load 24 --timeout 60s --quiet,6,5/15/2026,2:45:47,6.16,2.13,190
stress-ng --cpu 8 --cpu-load 24 --timeout 60s --quiet,6,5/15/2026,2:45:48,6.65,2.14,187
stress-ng --cpu 8 --cpu-load 24 --timeout 60s --quiet,6,5/15/2026,2:45:49,5.87,2.14,179
stress-ng --cpu 8 --cpu-load 24 --timeout 60s --quiet,6,5/15/2026,2:45:50,6.13,2.14,158
stress-ng --cpu 8 --cpu-load 24 --timeout 60s --quiet,6,5/15/2026,2:45:51,6.52,2.14,199
stress-ng --cpu 8 --cpu-load 24 --timeout 60s --quiet,6,5/15/2026,2:45:52,5.87,2.14,177
stress-ng --cpu 8 --cpu-load 24 --timeout 60s --quiet,6,5/15/2026,2:45:53,5.82,2.14,190
stress-ng --cpu 8 --cpu-load 24 --timeout 60s --quiet,6,5/15/2026,2:45:54,6.1,2.14,192
stress-ng --cpu 8 --cpu-load 24 --timeout 60s --quiet,6,5/15/2026,2:45:55,7.01,2.15,192
stress-ng --cpu 8 --cpu-load 24 --timeout 60s --quiet,6,5/15/2026,2:45:56,5.2,2.15,199.5
stress-ng --cpu 8 --cpu-load 24 --timeout 60s --quiet,6,5/15/2026,2:45:57,6.68,2.14,207
stress-ng --cpu 8 --cpu-load 24 --timeout 60s --quiet,6,5/15/2026,2:45:58,6,2.14,182
stress-ng --cpu 8 --cpu-load 24 --timeout 60s --quiet,6,5/15/2026,2:45:59,4.43,2.1,205
stress-ng --cpu 8 --cpu-load 24 --timeout 60s --quiet,6,5/15/2026,4:47:15,0.15,2.11,113
stress-ng --cpu 8 --cpu-load 24 --timeout 60s --quiet,6,5/15/2026,4:47:16,3.14,2.21,140
stress-ng --cpu 8 --cpu-load 24 --timeout 60s --quiet,6,5/15/2026,4:47:17,6.04,2.21,165
stress-ng --cpu 8 --cpu-load 24 --timeout 60s --quiet,6,5/15/2026,4:47:18,6.77,2.21,155
stress-ng --cpu 8 --cpu-load 24 --timeout 60s --quiet,6,5/15/2026,4:47:19,5.32,2.21,164
stress-ng --cpu 8 --cpu-load 24 --timeout 60s --quiet,6,5/15/2026,4:47:20,7.01,2.22,182
stress-ng --cpu 8 --cpu-load 24 --timeout 60s --quiet,6,5/15/2026,4:47:21,5.91,2.22,186
stress-ng --cpu 8 --cpu-load 24 --timeout 60s --quiet,6,5/15/2026,4:47:22,5.57,2.22,167
stress-ng --cpu 8 --cpu-load 24 --timeout 60s --quiet,6,5/15/2026,4:47:23,6.53,2.22,156
stress-ng --cpu 8 --cpu-load 24 --timeout 60s --quiet,6,5/15/2026,4:47:24,5.61,2.22,196
stress-ng --cpu 8 --cpu-load 24 --timeout 60s --quiet,6,5/15/2026,4:47:25,7.54,2.22,183
stress-ng --cpu 8 --cpu-load 24 --timeout 60s --quiet,6,5/15/2026,4:47:26,4.92,2.22,189
stress-ng --cpu 8 --cpu-load 24 --timeout 60s --quiet,6,5/15/2026,4:47:27,6.96,2.22,158
stress-ng --cpu 8 --cpu-load 24 --timeout 60s --quiet,6,5/15/2026,4:47:28,5.54,2.22,198
stress-ng --cpu 8 --cpu-load 24 --timeout 60s --quiet,6,5/15/2026,4:47:29,6.8,2.22,178
stress-ng --cpu 8 --cpu-load 24 --timeout 60s --quiet,6,5/15/2026,4:47:30,5.73,2.22,174
stress-ng --cpu 8 --cpu-load 24 --timeout 60s --quiet,6,5/15/2026,4:47:31,6.5,2.22,190
stress-ng --cpu 8 --cpu-load 24 --timeout 60s --quiet,6,5/15/2026,4:47:32,5.72,2.21,169
stress-ng --cpu 8 --cpu-load 24 --timeout 60s --quiet,6,5/15/2026,4:47:33,6.28,2.22,182
stress-ng --cpu 8 --cpu-load 24 --timeout 60s --quiet,6,5/15/2026,4:47:34,6.41,2.21,194
stress-ng --cpu 8 --cpu-load 24 --timeout 60s --quiet,6,5/15/2026,4:47:35,6.1,2.2,178
stress-ng --cpu 8 --cpu-load 24 --timeout 60s --quiet,6,5/15/2026,4:47:36,6.16,2.2,198
stress-ng --cpu 8 --cpu-load 24 --timeout 60s --quiet,6,5/15/2026,4:47:37,5.6,2.2,190
stress-ng --cpu 8 --cpu-load 24 --timeout 60s --quiet,6,5/15/2026,4:47:38,6.77,2.18,187
stress-ng --cpu 8 --cpu-load 24 --timeout 60s --quiet,6,5/15/2026,4:47:39,6.1,2.17,194
stress-ng --cpu 8 --cpu-load 24 --timeout 60s --quiet,6,5/15/2026,4:47:40,6.22,2.17,171
stress-ng --cpu 8 --cpu-load 24 --timeout 60s --quiet,6,5/15/2026,4:47:41,5.6,2.16,170
stress-ng --cpu 8 --cpu-load 24 --timeout 60s --quiet,6,5/15/2026,4:47:42,7.09,2.16,194
stress-ng --cpu 8 --cpu-load 24 --timeout 60s --quiet,6,5/15/2026,4:47:43,5.18,2.16,187
stress-ng --cpu 8 --cpu-load 24 --timeout 60s --quiet,6,5/15/2026,4:47:44,6.74,2.16,183
stress-ng --cpu 8 --cpu-load 24 --timeout 60s --quiet,6,5/15/2026,4:47:45,5.95,2.17,161
stress-ng --cpu 8 --cpu-load 24 --timeout 60s --quiet,6,5/15/2026,4:47:46,6.5,2.17,179
stress-ng --cpu 8 --cpu-load 24 --timeout 60s --quiet,6,5/15/2026,4:47:47,5.94,2.17,173
stress-ng --cpu 8 --cpu-load 24 --timeout 60s --quiet,6,5/15/2026,4:47:48,6.74,2.15,179
stress-ng --cpu 8 --cpu-load 24 --timeout 60s --quiet,6,5/15/2026,4:47:49,5.11,2.15,181
stress-ng --cpu 8 --cpu-load 24 --timeout 60s --quiet,6,5/15/2026,4:47:50,6.61,2.15,179
stress-ng --cpu 8 --cpu-load 24 --timeout 60s --quiet,6,5/15/2026,4:47:51,5.82,2.15,177
stress-ng --cpu 8 --cpu-load 24 --timeout 60s --quiet,6,5/15/2026,4:47:52,6.38,2.15,183
stress-ng --cpu 8 --cpu-load 24 --timeout 60s --quiet,6,5/15/2026,4:47:53,5.87,2.15,174
stress-ng --cpu 8 --cpu-load 24 --timeout 60s --quiet,6,5/15/2026,4:47:54,6.5,2.14,199
stress-ng --cpu 8 --cpu-load 24 --timeout 60s --quiet,6,5/15/2026,4:47:55,6.06,2.14,186
stress-ng --cpu 8 --cpu-load 24 --timeout 60s --quiet,6,5/15/2026,4:47:56,6.19,2.14,190
stress-ng --cpu 8 --cpu-load 24 --timeout 60s --quiet,6,5/15/2026,4:47:57,5.88,2.14,182
stress-ng --cpu 8 --cpu-load 24 --timeout 60s --quiet,6,5/15/2026,4:47:58,6.77,2.15,186
stress-ng --cpu 8 --cpu-load 24 --timeout 60s --quiet,6,5/15/2026,4:47:59,5.91,2.15,180
stress-ng --cpu 8 --cpu-load 24 --timeout 60s --quiet,6,5/15/2026,4:48:00,5.51,2.15,176
stress-ng --cpu 8 --cpu-load 24 --timeout 60s --quiet,6,5/15/2026,4:48:01,6.79,2.15,177
stress-ng --cpu 8 --cpu-load 24 --timeout 60s --quiet,6,5/15/2026,4:48:02,5.67,2.16,181
stress-ng --cpu 8 --cpu-load 24 --timeout 60s --quiet,6,5/15/2026,4:48:03,6.96,2.15,162
stress-ng --cpu 8 --cpu-load 24 --timeout 60s --quiet,6,5/15/2026,4:48:04,5.97,2.15,190
stress-ng --cpu 8 --cpu-load 24 --timeout 60s --quiet,6,5/15/2026,4:48:05,5.88,2.15,188.5
stress-ng --cpu 8 --cpu-load 24 --timeout 60s --quiet,6,5/15/2026,4:48:06,6.16,2.15,187
stress-ng --cpu 8 --cpu-load 24 --timeout 60s --quiet,6,5/15/2026,4:48:07,5.82,2.15,178
stress-ng --cpu 8 --cpu-load 24 --timeout 60s --quiet,6,5/15/2026,4:48:08,6.98,2.15,176
stress-ng --cpu 8 --cpu-load 24 --timeout 60s --quiet,6,5/15/2026,4:48:09,5.98,2.16,151
stress-ng --cpu 8 --cpu-load 24 --timeout 60s --quiet,6,5/15/2026,4:48:10,5.91,2.15,201
stress-ng --cpu 8 --cpu-load 24 --timeout 60s --quiet,6,5/15/2026,4:48:11,6.13,2.15,193
stress-ng --cpu 8 --cpu-load 24 --timeout 60s --quiet,6,5/15/2026,4:48:12,6.89,2.15,197
stress-ng --cpu 8 --cpu-load 24 --timeout 60s --quiet,6,5/15/2026,4:48:13,5.36,2.15,194
stress-ng --cpu 8 --cpu-load 24 --timeout 60s --quiet,6,5/15/2026,4:48:14,5.99,2.15,172
stress-ng --cpu 8 --cpu-load 24 --timeout 60s --quiet,6,5/15/2026,4:48:15,6.62,2.15,183
stress-ng --cpu 8 --cpu-load 24 --timeout 60s --quiet,6,5/15/2026,17:39:02,0.34,2.16,122
stress-ng --cpu 8 --cpu-load 24 --timeout 60s --quiet,6,5/15/2026,17:39:03,7.68,2.21,126
stress-ng --cpu 8 --cpu-load 24 --timeout 60s --quiet,6,5/15/2026,17:39:04,5.66,2.21,160
stress-ng --cpu 8 --cpu-load 24 --timeout 60s --quiet,6,5/15/2026,17:39:05,5.51,2.21,176
stress-ng --cpu 8 --cpu-load 24 --timeout 60s --quiet,6,5/15/2026,17:39:06,6.62,2.21,176
stress-ng --cpu 8 --cpu-load 24 --timeout 60s --quiet,6,5/15/2026,17:39:07,7.17,2.21,180
stress-ng --cpu 8 --cpu-load 24 --timeout 60s --quiet,6,5/15/2026,17:39:08,5.24,2.21,155
stress-ng --cpu 8 --cpu-load 24 --timeout 60s --quiet,6,5/15/2026,17:39:09,6.77,2.21,183
stress-ng --cpu 8 --cpu-load 24 --timeout 60s --quiet,6,5/15/2026,17:39:10,6.28,2.21,176
stress-ng --cpu 8 --cpu-load 24 --timeout 60s --quiet,6,5/15/2026,17:39:11,5.79,2.21,156
stress-ng --cpu 8 --cpu-load 24 --timeout 60s --quiet,6,5/15/2026,17:39:12,6.07,2.21,169
stress-ng --cpu 8 --cpu-load 24 --timeout 60s --quiet,6,5/15/2026,17:39:13,5.49,2.21,182
stress-ng --cpu 8 --cpu-load 24 --timeout 60s --quiet,6,5/15/2026,17:39:14,6.89,2.21,169
stress-ng --cpu 8 --cpu-load 24 --timeout 60s --quiet,6,5/15/2026,17:39:15,5.94,2.21,176
stress-ng --cpu 8 --cpu-load 24 --timeout 60s --quiet,6,5/15/2026,17:39:16,5.63,2.21,167
stress-ng --cpu 8 --cpu-load 24 --timeout 60s --quiet,6,5/15/2026,17:39:17,6.83,2.21,147
stress-ng --cpu 8 --cpu-load 24 --timeout 60s --quiet,6,5/15/2026,17:39:18,6.19,2.21,189
stress-ng --cpu 8 --cpu-load 24 --timeout 60s --quiet,6,5/15/2026,17:39:19,5.63,2.21,170
stress-ng --cpu 8 --cpu-load 24 --timeout 60s --quiet,6,5/15/2026,17:39:20,6.47,2.22,169
stress-ng --cpu 8 --cpu-load 24 --timeout 60s --quiet,6,5/15/2026,17:39:21,6.96,2.21,173
stress-ng --cpu 8 --cpu-load 24 --timeout 60s --quiet,6,5/15/2026,17:39:22,4.95,2.21,159
stress-ng --cpu 8 --cpu-load 24 --timeout 60s --quiet,6,5/15/2026,17:39:23,6.56,2.21,164
stress-ng --cpu 8 --cpu-load 24 --timeout 60s --quiet,6,5/15/2026,17:39:24,6.68,2.21,188
stress-ng --cpu 8 --cpu-load 24 --timeout 60s --quiet,6,5/15/2026,17:39:25,5.54,2.2,178
stress-ng --cpu 8 --cpu-load 24 --timeout 60s --quiet,6,5/15/2026,17:39:26,6,2.2,175
stress-ng --cpu 8 --cpu-load 24 --timeout 60s --quiet,6,5/15/2026,17:39:27,6.58,2.2,186
stress-ng --cpu 8 --cpu-load 24 --timeout 60s --quiet,6,5/15/2026,17:39:28,6.88,2.21,188
stress-ng --cpu 8 --cpu-load 24 --timeout 60s --quiet,6,5/15/2026,17:39:29,5.08,2.21,190
stress-ng --cpu 8 --cpu-load 24 --timeout 60s --quiet,6,5/15/2026,17:39:30,6.56,2.21,179
stress-ng --cpu 8 --cpu-load 24 --timeout 60s --quiet,6,5/15/2026,17:39:31,6.59,2.2,182
stress-ng --cpu 8 --cpu-load 24 --timeout 60s --quiet,6,5/15/2026,17:39:32,4.96,2.2,171
stress-ng --cpu 8 --cpu-load 24 --timeout 60s --quiet,6,5/15/2026,17:39:33,6.77,2.2,167
stress-ng --cpu 8 --cpu-load 24 --timeout 60s --quiet,6,5/15/2026,17:39:34,6.43,2.2,180
stress-ng --cpu 8 --cpu-load 24 --timeout 60s --quiet,6,5/15/2026,17:39:35,5.67,2.2,174
stress-ng --cpu 8 --cpu-load 24 --timeout 60s --quiet,6,5/15/2026,17:39:36,6.09,2.2,158
stress-ng --cpu 8 --cpu-load 24 --timeout 60s --quiet,6,5/15/2026,17:39:37,7.05,2.2,161
stress-ng --cpu 8 --cpu-load 24 --timeout 60s --quiet,6,5/15/2026,17:39:38,5.05,2.2,149
stress-ng --cpu 8 --cpu-load 24 --timeout 60s --quiet,6,5/15/2026,17:39:39,7.05,2.2,174
stress-ng --cpu 8 --cpu-load 24 --timeout 60s --quiet,6,5/15/2026,17:39:40,5.76,2.19,186
stress-ng --cpu 8 --cpu-load 24 --timeout 60s --quiet,6,5/15/2026,17:39:41,6.5,2.19,178
stress-ng --cpu 8 --cpu-load 24 --timeout 60s --quiet,6,5/15/2026,17:39:42,5.72,2.19,173
stress-ng --cpu 8 --cpu-load 24 --timeout 60s --quiet,6,5/15/2026,17:39:43,6.03,2.19,198
stress-ng --cpu 8 --cpu-load 24 --timeout 60s --quiet,6,5/15/2026,17:39:44,6.78,2.19,135
stress-ng --cpu 8 --cpu-load 24 --timeout 60s --quiet,6,5/15/2026,17:39:45,5.23,2.19,182
stress-ng --cpu 8 --cpu-load 24 --timeout 60s --quiet,6,5/15/2026,17:39:46,6.31,2.19,161
stress-ng --cpu 8 --cpu-load 24 --timeout 60s --quiet,6,5/15/2026,17:39:47,6.53,2.18,184
stress-ng --cpu 8 --cpu-load 24 --timeout 60s --quiet,6,5/15/2026,17:39:48,6.43,2.18,165
stress-ng --cpu 8 --cpu-load 24 --timeout 60s --quiet,6,5/15/2026,17:39:49,5.3,2.18,193
stress-ng --cpu 8 --cpu-load 24 --timeout 60s --quiet,6,5/15/2026,17:39:50,6.69,2.18,166
stress-ng --cpu 8 --cpu-load 24 --timeout 60s --quiet,6,5/15/2026,17:39:51,6.56,2.18,174
stress-ng --cpu 8 --cpu-load 24 --timeout 60s --quiet,6,5/15/2026,17:39:52,5.38,2.17,175
stress-ng --cpu 8 --cpu-load 24 --timeout 60s --quiet,6,5/15/2026,17:39:53,6.59,2.17,152
stress-ng --cpu 8 --cpu-load 24 --timeout 60s --quiet,6,5/15/2026,17:39:54,5.88,2.17,178
stress-ng --cpu 8 --cpu-load 24 --timeout 60s --quiet,6,5/15/2026,17:39:55,6.92,2.18,183
stress-ng --cpu 8 --cpu-load 24 --timeout 60s --quiet,6,5/15/2026,17:39:56,5.11,2.18,195
stress-ng --cpu 8 --cpu-load 24 --timeout 60s --quiet,6,5/15/2026,17:39:57,7.14,2.18,158
stress-ng --cpu 8 --cpu-load 24 --timeout 60s --quiet,6,5/15/2026,17:39:58,6.4,2.18,179
stress-ng --cpu 8 --cpu-load 24 --timeout 60s --quiet,6,5/15/2026,17:39:59,5.39,2.18,155
stress-ng --cpu 8 --cpu-load 24 --timeout 60s --quiet,6,5/15/2026,17:40:00,5.85,2.18,164
stress-ng --cpu 8 --cpu-load 24 --timeout 60s --quiet,6,5/15/2026,17:40:01,6.74,2.18,172.5
stress-ng --cpu 8 --cpu-load 24 --timeout 60s --quiet,6,5/15/2026,17:40:02,5.73,2.18,181
stress-ng --cpu 8 --cpu-load 28 --timeout 60s --quiet,7,5/14/2026,20:48:10,0.15,2.09,130
stress-ng --cpu 8 --cpu-load 28 --timeout 60s --quiet,7,5/14/2026,20:48:11,6.29,2.17,122
stress-ng --cpu 8 --cpu-load 28 --timeout 60s --quiet,7,5/14/2026,20:48:12,8.01,2.17,181
stress-ng --cpu 8 --cpu-load 28 --timeout 60s --quiet,7,5/14/2026,20:48:13,6.13,2.16,180
stress-ng --cpu 8 --cpu-load 28 --timeout 60s --quiet,7,5/14/2026,20:48:14,6.95,2.16,157
stress-ng --cpu 8 --cpu-load 28 --timeout 60s --quiet,7,5/14/2026,20:48:15,7.66,2.17,179
stress-ng --cpu 8 --cpu-load 28 --timeout 60s --quiet,7,5/14/2026,20:48:16,7.54,2.17,166
stress-ng --cpu 8 --cpu-load 28 --timeout 60s --quiet,7,5/14/2026,20:48:17,6.93,2.17,180
stress-ng --cpu 8 --cpu-load 28 --timeout 60s --quiet,7,5/14/2026,20:48:18,6.8,2.16,165
stress-ng --cpu 8 --cpu-load 28 --timeout 60s --quiet,7,5/14/2026,20:48:19,7.09,2.17,151
stress-ng --cpu 8 --cpu-load 28 --timeout 60s --quiet,7,5/14/2026,20:48:20,7,2.17,212
stress-ng --cpu 8 --cpu-load 28 --timeout 60s --quiet,7,5/14/2026,20:48:21,7.12,2.17,186
stress-ng --cpu 8 --cpu-load 28 --timeout 60s --quiet,7,5/14/2026,20:48:22,7.14,2.17,190
stress-ng --cpu 8 --cpu-load 28 --timeout 60s --quiet,7,5/14/2026,20:48:23,7.51,2.17,183
stress-ng --cpu 8 --cpu-load 28 --timeout 60s --quiet,7,5/14/2026,20:48:24,6.74,2.17,184
stress-ng --cpu 8 --cpu-load 28 --timeout 60s --quiet,7,5/14/2026,20:48:25,7.85,2.17,191
stress-ng --cpu 8 --cpu-load 28 --timeout 60s --quiet,7,5/14/2026,20:48:26,7.15,2.17,166
stress-ng --cpu 8 --cpu-load 28 --timeout 60s --quiet,7,5/14/2026,20:48:27,7.38,2.17,184
stress-ng --cpu 8 --cpu-load 28 --timeout 60s --quiet,7,5/14/2026,20:48:28,6.3,2.17,178
stress-ng --cpu 8 --cpu-load 28 --timeout 60s --quiet,7,5/14/2026,20:48:29,6.73,2.17,169
stress-ng --cpu 8 --cpu-load 28 --timeout 60s --quiet,7,5/14/2026,20:48:30,7.16,2.17,178
stress-ng --cpu 8 --cpu-load 28 --timeout 60s --quiet,7,5/14/2026,20:48:31,7.94,2.17,181
stress-ng --cpu 8 --cpu-load 28 --timeout 60s --quiet,7,5/14/2026,20:48:32,7.3,2.17,154
stress-ng --cpu 8 --cpu-load 28 --timeout 60s --quiet,7,5/14/2026,20:48:33,6.5,2.18,166
stress-ng --cpu 8 --cpu-load 28 --timeout 60s --quiet,7,5/14/2026,20:48:34,6.8,2.18,188
stress-ng --cpu 8 --cpu-load 28 --timeout 60s --quiet,7,5/14/2026,20:48:35,7.95,2.18,191
stress-ng --cpu 8 --cpu-load 28 --timeout 60s --quiet,7,5/14/2026,20:48:36,7.57,2.17,167
stress-ng --cpu 8 --cpu-load 28 --timeout 60s --quiet,7,5/14/2026,20:48:37,7.4,2.16,205
stress-ng --cpu 8 --cpu-load 28 --timeout 60s --quiet,7,5/14/2026,20:48:38,6.03,2.16,189
stress-ng --cpu 8 --cpu-load 28 --timeout 60s --quiet,7,5/14/2026,20:48:39,7.76,2.16,170
stress-ng --cpu 8 --cpu-load 28 --timeout 60s --quiet,7,5/14/2026,20:48:40,6.62,2.15,181
stress-ng --cpu 8 --cpu-load 28 --timeout 60s --quiet,7,5/14/2026,20:48:41,7.21,2.16,185
stress-ng --cpu 8 --cpu-load 28 --timeout 60s --quiet,7,5/14/2026,20:48:42,7.54,2.16,181
stress-ng --cpu 8 --cpu-load 28 --timeout 60s --quiet,7,5/14/2026,20:48:43,7.2,2.17,178
stress-ng --cpu 8 --cpu-load 28 --timeout 60s --quiet,7,5/14/2026,20:48:44,7.03,2.17,191
stress-ng --cpu 8 --cpu-load 28 --timeout 60s --quiet,7,5/14/2026,20:48:45,6.75,2.17,191
stress-ng --cpu 8 --cpu-load 28 --timeout 60s --quiet,7,5/14/2026,20:48:46,7.09,2.17,184
stress-ng --cpu 8 --cpu-load 28 --timeout 60s --quiet,7,5/14/2026,20:48:47,6.99,2.16,165
stress-ng --cpu 8 --cpu-load 28 --timeout 60s --quiet,7,5/14/2026,20:48:48,7.98,2.16,181
stress-ng --cpu 8 --cpu-load 28 --timeout 60s --quiet,7,5/14/2026,20:48:49,7.08,2.16,189
stress-ng --cpu 8 --cpu-load 28 --timeout 60s --quiet,7,5/14/2026,20:48:50,7.48,2.15,197
stress-ng --cpu 8 --cpu-load 28 --timeout 60s --quiet,7,5/14/2026,20:48:51,6.13,2.16,180
stress-ng --cpu 8 --cpu-load 28 --timeout 60s --quiet,7,5/14/2026,20:48:52,8.1,2.16,192
stress-ng --cpu 8 --cpu-load 28 --timeout 60s --quiet,7,5/14/2026,20:48:53,7.11,2.16,183
stress-ng --cpu 8 --cpu-load 28 --timeout 60s --quiet,7,5/14/2026,20:48:54,7.33,2.16,191
stress-ng --cpu 8 --cpu-load 28 --timeout 60s --quiet,7,5/14/2026,20:48:55,6.81,2.17,187
stress-ng --cpu 8 --cpu-load 28 --timeout 60s --quiet,7,5/14/2026,20:48:56,7.27,2.17,192
stress-ng --cpu 8 --cpu-load 28 --timeout 60s --quiet,7,5/14/2026,20:48:57,6.93,2.17,196
stress-ng --cpu 8 --cpu-load 28 --timeout 60s --quiet,7,5/14/2026,20:48:58,6.87,2.17,168
stress-ng --cpu 8 --cpu-load 28 --timeout 60s --quiet,7,5/14/2026,20:48:59,7.36,2.16,187
stress-ng --cpu 8 --cpu-load 28 --timeout 60s --quiet,7,5/14/2026,20:49:00,7.75,2.16,186
stress-ng --cpu 8 --cpu-load 28 --timeout 60s --quiet,7,5/14/2026,20:49:01,7.11,2.16,177
stress-ng --cpu 8 --cpu-load 28 --timeout 60s --quiet,7,5/14/2026,20:49:02,7.51,2.16,185
stress-ng --cpu 8 --cpu-load 28 --timeout 60s --quiet,7,5/14/2026,20:49:03,6.38,2.16,157
stress-ng --cpu 8 --cpu-load 28 --timeout 60s --quiet,7,5/14/2026,20:49:04,7.94,2.16,183
stress-ng --cpu 8 --cpu-load 28 --timeout 60s --quiet,7,5/14/2026,20:49:05,7.46,2.15,208
stress-ng --cpu 8 --cpu-load 28 --timeout 60s --quiet,7,5/14/2026,20:49:06,6.77,2.16,186
stress-ng --cpu 8 --cpu-load 28 --timeout 60s --quiet,7,5/14/2026,20:49:07,7.14,2.15,193
stress-ng --cpu 8 --cpu-load 28 --timeout 60s --quiet,7,5/14/2026,20:49:08,6.9,2.15,190
stress-ng --cpu 8 --cpu-load 28 --timeout 60s --quiet,7,5/14/2026,20:49:09,7.67,2.16,196
stress-ng --cpu 8 --cpu-load 28 --timeout 60s --quiet,7,5/14/2026,20:49:10,7.14,2.15,183
stress-ng --cpu 8 --cpu-load 28 --timeout 60s --quiet,7,5/14/2026,20:49:11,2.56,2.11,181
stress-ng --cpu 8 --cpu-load 28 --timeout 60s --quiet,7,5/15/2026,6:53:33,0.18,2.14,116
stress-ng --cpu 8 --cpu-load 28 --timeout 60s --quiet,7,5/15/2026,6:53:34,3.08,2.25,146
stress-ng --cpu 8 --cpu-load 28 --timeout 60s --quiet,7,5/15/2026,6:53:35,7.68,2.25,174
stress-ng --cpu 8 --cpu-load 28 --timeout 60s --quiet,7,5/15/2026,6:53:36,6.31,2.24,186
stress-ng --cpu 8 --cpu-load 28 --timeout 60s --quiet,7,5/15/2026,6:53:37,8.07,2.24,204
stress-ng --cpu 8 --cpu-load 28 --timeout 60s --quiet,7,5/15/2026,6:53:38,7.67,2.24,173
stress-ng --cpu 8 --cpu-load 28 --timeout 60s --quiet,7,5/15/2026,6:53:39,5.98,2.24,171
stress-ng --cpu 8 --cpu-load 28 --timeout 60s --quiet,7,5/15/2026,6:53:40,7.07,2.24,170
stress-ng --cpu 8 --cpu-load 28 --timeout 60s --quiet,7,5/15/2026,6:53:41,7.52,2.24,180
stress-ng --cpu 8 --cpu-load 28 --timeout 60s --quiet,7,5/15/2026,6:53:42,7.6,2.24,178
stress-ng --cpu 8 --cpu-load 28 --timeout 60s --quiet,7,5/15/2026,6:53:43,6.87,2.24,163
stress-ng --cpu 8 --cpu-load 28 --timeout 60s --quiet,7,5/15/2026,6:53:44,6.93,2.23,178
stress-ng --cpu 8 --cpu-load 28 --timeout 60s --quiet,7,5/15/2026,6:53:45,7.21,2.23,180
stress-ng --cpu 8 --cpu-load 28 --timeout 60s --quiet,7,5/15/2026,6:53:46,7.08,2.23,174
stress-ng --cpu 8 --cpu-load 28 --timeout 60s --quiet,7,5/15/2026,6:53:47,7.14,2.23,160
stress-ng --cpu 8 --cpu-load 28 --timeout 60s --quiet,7,5/15/2026,6:53:48,7.17,2.22,159
stress-ng --cpu 8 --cpu-load 28 --timeout 60s --quiet,7,5/15/2026,6:53:49,7.64,2.22,198
stress-ng --cpu 8 --cpu-load 28 --timeout 60s --quiet,7,5/15/2026,6:53:50,6.4,2.22,186
stress-ng --cpu 8 --cpu-load 28 --timeout 60s --quiet,7,5/15/2026,6:53:51,7.21,2.21,166
stress-ng --cpu 8 --cpu-load 28 --timeout 60s --quiet,7,5/15/2026,6:53:52,7.21,2.21,189
stress-ng --cpu 8 --cpu-load 28 --timeout 60s --quiet,7,5/15/2026,6:53:53,7.61,2.21,182
stress-ng --cpu 8 --cpu-load 28 --timeout 60s --quiet,7,5/15/2026,6:53:54,7.17,2.21,184
stress-ng --cpu 8 --cpu-load 28 --timeout 60s --quiet,7,5/15/2026,6:53:55,7.33,2.2,186
stress-ng --cpu 8 --cpu-load 28 --timeout 60s --quiet,7,5/15/2026,6:53:56,7.14,2.19,194
stress-ng --cpu 8 --cpu-load 28 --timeout 60s --quiet,7,5/15/2026,6:53:57,6.87,2.19,200.5
stress-ng --cpu 8 --cpu-load 28 --timeout 60s --quiet,7,5/15/2026,6:53:58,7.63,2.19,207
stress-ng --cpu 8 --cpu-load 28 --timeout 60s --quiet,7,5/15/2026,6:53:59,6.99,2.19,187
stress-ng --cpu 8 --cpu-load 28 --timeout 60s --quiet,7,5/15/2026,6:54:00,6.68,2.19,199
stress-ng --cpu 8 --cpu-load 28 --timeout 60s --quiet,7,5/15/2026,6:54:01,7.27,2.19,181
stress-ng --cpu 8 --cpu-load 28 --timeout 60s --quiet,7,5/15/2026,6:54:02,7.27,2.2,200
stress-ng --cpu 8 --cpu-load 28 --timeout 60s --quiet,7,5/15/2026,6:54:03,7.85,2.19,200
stress-ng --cpu 8 --cpu-load 28 --timeout 60s --quiet,7,5/15/2026,6:54:04,6.99,2.19,200
stress-ng --cpu 8 --cpu-load 28 --timeout 60s --quiet,7,5/15/2026,6:54:05,7.02,2.19,197
stress-ng --cpu 8 --cpu-load 28 --timeout 60s --quiet,7,5/15/2026,6:54:06,6.84,2.19,180
stress-ng --cpu 8 --cpu-load 28 --timeout 60s --quiet,7,5/15/2026,6:54:07,7.3,2.2,200
stress-ng --cpu 8 --cpu-load 28 --timeout 60s --quiet,7,5/15/2026,6:54:08,6.99,2.19,207
stress-ng --cpu 8 --cpu-load 28 --timeout 60s --quiet,7,5/15/2026,6:54:09,7.14,2.19,196
stress-ng --cpu 8 --cpu-load 28 --timeout 60s --quiet,7,5/15/2026,6:54:10,7.51,2.19,206
stress-ng --cpu 8 --cpu-load 28 --timeout 60s --quiet,7,5/15/2026,6:54:11,7.11,2.18,190
stress-ng --cpu 8 --cpu-load 28 --timeout 60s --quiet,7,5/15/2026,6:54:12,6.9,2.18,188
stress-ng --cpu 8 --cpu-load 28 --timeout 60s --quiet,7,5/15/2026,6:54:13,7.21,2.18,186
stress-ng --cpu 8 --cpu-load 28 --timeout 60s --quiet,7,5/15/2026,6:54:14,7.09,2.18,174
stress-ng --cpu 8 --cpu-load 28 --timeout 60s --quiet,7,5/15/2026,6:54:15,7.33,2.18,179
stress-ng --cpu 8 --cpu-load 28 --timeout 60s --quiet,7,5/15/2026,6:54:16,7.36,2.18,177
stress-ng --cpu 8 --cpu-load 28 --timeout 60s --quiet,7,5/15/2026,6:54:17,6.89,2.18,189
stress-ng --cpu 8 --cpu-load 28 --timeout 60s --quiet,7,5/15/2026,6:54:18,6.89,2.18,198
stress-ng --cpu 8 --cpu-load 28 --timeout 60s --quiet,7,5/15/2026,6:54:19,7.27,2.18,200
stress-ng --cpu 8 --cpu-load 28 --timeout 60s --quiet,7,5/15/2026,6:54:20,7.8,2.17,207
stress-ng --cpu 8 --cpu-load 28 --timeout 60s --quiet,7,5/15/2026,6:54:21,6.83,2.18,203
stress-ng --cpu 8 --cpu-load 28 --timeout 60s --quiet,7,5/15/2026,6:54:22,7.27,2.18,186
stress-ng --cpu 8 --cpu-load 28 --timeout 60s --quiet,7,5/15/2026,6:54:23,6.99,2.18,189
stress-ng --cpu 8 --cpu-load 28 --timeout 60s --quiet,7,5/15/2026,6:54:24,7.33,2.18,189
stress-ng --cpu 8 --cpu-load 28 --timeout 60s --quiet,7,5/15/2026,6:54:25,7.63,2.18,183
stress-ng --cpu 8 --cpu-load 28 --timeout 60s --quiet,7,5/15/2026,6:54:26,7.05,2.17,179
stress-ng --cpu 8 --cpu-load 28 --timeout 60s --quiet,7,5/15/2026,6:54:27,7.48,2.17,189
stress-ng --cpu 8 --cpu-load 28 --timeout 60s --quiet,7,5/15/2026,6:54:28,6.74,2.18,178
stress-ng --cpu 8 --cpu-load 28 --timeout 60s --quiet,7,5/15/2026,6:54:29,7.3,2.18,176
stress-ng --cpu 8 --cpu-load 28 --timeout 60s --quiet,7,5/15/2026,6:54:30,7.29,2.18,199
stress-ng --cpu 8 --cpu-load 28 --timeout 60s --quiet,7,5/15/2026,6:54:31,6.13,2.18,179
stress-ng --cpu 8 --cpu-load 28 --timeout 60s --quiet,7,5/15/2026,6:54:32,7.84,2.18,179
stress-ng --cpu 8 --cpu-load 28 --timeout 60s --quiet,7,5/15/2026,6:54:33,5.67,2.12,179
stress-ng --cpu 8 --cpu-load 28 --timeout 60s --quiet,7,5/15/2026,19:53:22,0.12,2.17,134
stress-ng --cpu 8 --cpu-load 28 --timeout 60s --quiet,7,5/15/2026,19:53:23,5.73,2.26,126
stress-ng --cpu 8 --cpu-load 28 --timeout 60s --quiet,7,5/15/2026,19:53:24,8.19,2.26,159
stress-ng --cpu 8 --cpu-load 28 --timeout 60s --quiet,7,5/15/2026,19:53:25,6.4,2.26,172
stress-ng --cpu 8 --cpu-load 28 --timeout 60s --quiet,7,5/15/2026,19:53:26,7.6,2.26,167
stress-ng --cpu 8 --cpu-load 28 --timeout 60s --quiet,7,5/15/2026,19:53:27,7.36,2.26,195
stress-ng --cpu 8 --cpu-load 28 --timeout 60s --quiet,7,5/15/2026,19:53:28,6.56,2.26,173
stress-ng --cpu 8 --cpu-load 28 --timeout 60s --quiet,7,5/15/2026,19:53:29,7.33,2.27,162
stress-ng --cpu 8 --cpu-load 28 --timeout 60s --quiet,7,5/15/2026,19:53:30,7.27,2.27,193
stress-ng --cpu 8 --cpu-load 28 --timeout 60s --quiet,7,5/15/2026,19:53:31,7.6,2.27,170
stress-ng --cpu 8 --cpu-load 28 --timeout 60s --quiet,7,5/15/2026,19:53:32,7.18,2.26,185
stress-ng --cpu 8 --cpu-load 28 --timeout 60s --quiet,7,5/15/2026,19:53:33,7.02,2.25,167
stress-ng --cpu 8 --cpu-load 28 --timeout 60s --quiet,7,5/15/2026,19:53:34,6.34,2.25,169
stress-ng --cpu 8 --cpu-load 28 --timeout 60s --quiet,7,5/15/2026,19:53:35,7.52,2.24,211
stress-ng --cpu 8 --cpu-load 28 --timeout 60s --quiet,7,5/15/2026,19:53:36,7.14,2.24,186
stress-ng --cpu 8 --cpu-load 28 --timeout 60s --quiet,7,5/15/2026,19:53:37,6.99,2.24,180
stress-ng --cpu 8 --cpu-load 28 --timeout 60s --quiet,7,5/15/2026,19:53:38,7.55,2.24,178
stress-ng --cpu 8 --cpu-load 28 --timeout 60s --quiet,7,5/15/2026,19:53:39,7.14,2.24,190
stress-ng --cpu 8 --cpu-load 28 --timeout 60s --quiet,7,5/15/2026,19:53:40,7.11,2.23,190
stress-ng --cpu 8 --cpu-load 28 --timeout 60s --quiet,7,5/15/2026,19:53:41,6.93,2.23,186
stress-ng --cpu 8 --cpu-load 28 --timeout 60s --quiet,7,5/15/2026,19:53:42,7.11,2.22,193
stress-ng --cpu 8 --cpu-load 28 --timeout 60s --quiet,7,5/15/2026,19:53:43,7.42,2.22,206
stress-ng --cpu 8 --cpu-load 28 --timeout 60s --quiet,7,5/15/2026,19:53:44,7.42,2.2,201
stress-ng --cpu 8 --cpu-load 28 --timeout 60s --quiet,7,5/15/2026,19:53:45,6.78,2.2,200
stress-ng --cpu 8 --cpu-load 28 --timeout 60s --quiet,7,5/15/2026,19:53:46,6.84,2.2,207
stress-ng --cpu 8 --cpu-load 28 --timeout 60s --quiet,7,5/15/2026,19:53:47,7.09,2.2,188
stress-ng --cpu 8 --cpu-load 28 --timeout 60s --quiet,7,5/15/2026,19:53:48,7.26,2.2,194
stress-ng --cpu 8 --cpu-load 28 --timeout 60s --quiet,7,5/15/2026,19:53:49,7.6,2.19,168
stress-ng --cpu 8 --cpu-load 28 --timeout 60s --quiet,7,5/15/2026,19:53:50,7.08,2.19,172
stress-ng --cpu 8 --cpu-load 28 --timeout 60s --quiet,7,5/15/2026,19:53:51,6.83,2.19,199
stress-ng --cpu 8 --cpu-load 28 --timeout 60s --quiet,7,5/15/2026,19:53:52,6.89,2.17,193
stress-ng --cpu 8 --cpu-load 28 --timeout 60s --quiet,7,5/15/2026,19:53:53,7.01,2.165,188.5
stress-ng --cpu 8 --cpu-load 28 --timeout 60s --quiet,7,5/15/2026,19:53:54,7.13,2.16,184
stress-ng --cpu 8 --cpu-load 28 --timeout 60s --quiet,7,5/15/2026,19:53:55,8.02,2.17,163
stress-ng --cpu 8 --cpu-load 28 --timeout 60s --quiet,7,5/15/2026,19:53:56,7.05,2.16,191
stress-ng --cpu 8 --cpu-load 28 --timeout 60s --quiet,7,5/15/2026,19:53:57,7.26,2.17,181
stress-ng --cpu 8 --cpu-load 28 --timeout 60s --quiet,7,5/15/2026,19:53:58,6.87,2.17,183
stress-ng --cpu 8 --cpu-load 28 --timeout 60s --quiet,7,5/15/2026,19:53:59,6.99,2.17,202
stress-ng --cpu 8 --cpu-load 28 --timeout 60s --quiet,7,5/15/2026,19:54:00,7.21,2.17,165
stress-ng --cpu 8 --cpu-load 28 --timeout 60s --quiet,7,5/15/2026,19:54:01,7.73,2.18,186
stress-ng --cpu 8 --cpu-load 28 --timeout 60s --quiet,7,5/15/2026,19:54:02,6.99,2.18,194
stress-ng --cpu 8 --cpu-load 28 --timeout 60s --quiet,7,5/15/2026,19:54:03,6.74,2.18,187
stress-ng --cpu 8 --cpu-load 28 --timeout 60s --quiet,7,5/15/2026,19:54:04,7.39,2.18,204
stress-ng --cpu 8 --cpu-load 28 --timeout 60s --quiet,7,5/15/2026,19:54:05,7.15,2.18,197
stress-ng --cpu 8 --cpu-load 28 --timeout 60s --quiet,7,5/15/2026,19:54:06,7.64,2.17,202
stress-ng --cpu 8 --cpu-load 28 --timeout 60s --quiet,7,5/15/2026,19:54:07,7.04,2.17,197
stress-ng --cpu 8 --cpu-load 28 --timeout 60s --quiet,7,5/15/2026,19:54:08,7.12,2.18,200
stress-ng --cpu 8 --cpu-load 28 --timeout 60s --quiet,7,5/15/2026,19:54:09,6.8,2.18,209
stress-ng --cpu 8 --cpu-load 28 --timeout 60s --quiet,7,5/15/2026,19:54:10,7.05,2.18,180
stress-ng --cpu 8 --cpu-load 28 --timeout 60s --quiet,7,5/15/2026,19:54:11,7.42,2.18,196
stress-ng --cpu 8 --cpu-load 28 --timeout 60s --quiet,7,5/15/2026,19:54:12,7.85,2.18,188
stress-ng --cpu 8 --cpu-load 28 --timeout 60s --quiet,7,5/15/2026,19:54:13,6.99,2.19,179
stress-ng --cpu 8 --cpu-load 28 --timeout 60s --quiet,7,5/15/2026,19:54:14,7.26,2.18,182.5
stress-ng --cpu 8 --cpu-load 28 --timeout 60s --quiet,7,5/15/2026,19:54:15,6.28,2.18,186
stress-ng --cpu 8 --cpu-load 28 --timeout 60s --quiet,7,5/15/2026,19:54:16,7.33,2.19,180
stress-ng --cpu 8 --cpu-load 28 --timeout 60s --quiet,7,5/15/2026,19:54:17,7.1,2.19,171
stress-ng --cpu 8 --cpu-load 28 --timeout 60s --quiet,7,5/15/2026,19:54:18,7.41,2.19,187
stress-ng --cpu 8 --cpu-load 28 --timeout 60s --quiet,7,5/15/2026,19:54:19,7.6,2.19,177
stress-ng --cpu 8 --cpu-load 28 --timeout 60s --quiet,7,5/15/2026,19:54:20,6.65,2.19,163
stress-ng --cpu 8 --cpu-load 28 --timeout 60s --quiet,7,5/15/2026,19:54:21,6.93,2.18,185
stress-ng --cpu 8 --cpu-load 28 --timeout 60s --quiet,7,5/15/2026,19:54:22,6.9,2.19,182
stress-ng --cpu 8 --cpu-load 32 --timeout 60s --quiet,8,5/15/2026,3:55:09,0.12,2.14,124
stress-ng --cpu 8 --cpu-load 32 --timeout 60s --quiet,8,5/15/2026,3:55:10,3.14,2.23,111
stress-ng --cpu 8 --cpu-load 32 --timeout 60s --quiet,8,5/15/2026,3:55:11,8.37,2.23,142.5
stress-ng --cpu 8 --cpu-load 32 --timeout 60s --quiet,8,5/15/2026,3:55:12,7.73,2.23,174
stress-ng --cpu 8 --cpu-load 32 --timeout 60s --quiet,8,5/15/2026,3:55:13,9.18,2.23,198
stress-ng --cpu 8 --cpu-load 32 --timeout 60s --quiet,8,5/15/2026,3:55:14,7.82,2.24,175
stress-ng --cpu 8 --cpu-load 32 --timeout 60s --quiet,8,5/15/2026,3:55:15,8.77,2.24,159
stress-ng --cpu 8 --cpu-load 32 --timeout 60s --quiet,8,5/15/2026,3:55:16,7.49,2.23,178
stress-ng --cpu 8 --cpu-load 32 --timeout 60s --quiet,8,5/15/2026,3:55:17,8.38,2.23,187
stress-ng --cpu 8 --cpu-load 32 --timeout 60s --quiet,8,5/15/2026,3:55:18,8.09,2.23,177
stress-ng --cpu 8 --cpu-load 32 --timeout 60s --quiet,8,5/15/2026,3:55:19,7.95,2.22,185
stress-ng --cpu 8 --cpu-load 32 --timeout 60s --quiet,8,5/15/2026,3:55:20,8.23,2.22,178
stress-ng --cpu 8 --cpu-load 32 --timeout 60s --quiet,8,5/15/2026,3:55:21,7.85,2.22,190
stress-ng --cpu 8 --cpu-load 32 --timeout 60s --quiet,8,5/15/2026,3:55:22,9.04,2.22,193
stress-ng --cpu 8 --cpu-load 32 --timeout 60s --quiet,8,5/15/2026,3:55:23,8.58,2.21,203
stress-ng --cpu 8 --cpu-load 32 --timeout 60s --quiet,8,5/15/2026,3:55:24,7.42,2.21,185
stress-ng --cpu 8 --cpu-load 32 --timeout 60s --quiet,8,5/15/2026,3:55:25,7.94,2.21,194
stress-ng --cpu 8 --cpu-load 32 --timeout 60s --quiet,8,5/15/2026,3:55:26,8.22,2.2,196
stress-ng --cpu 8 --cpu-load 32 --timeout 60s --quiet,8,5/15/2026,3:55:27,8.19,2.2,187
stress-ng --cpu 8 --cpu-load 32 --timeout 60s --quiet,8,5/15/2026,3:55:28,8.81,2.2,209
stress-ng --cpu 8 --cpu-load 32 --timeout 60s --quiet,8,5/15/2026,3:55:29,7.73,2.18,194
stress-ng --cpu 8 --cpu-load 32 --timeout 60s --quiet,8,5/15/2026,3:55:30,8.1,2.18,202
stress-ng --cpu 8 --cpu-load 32 --timeout 60s --quiet,8,5/15/2026,3:55:31,8.58,2.17,199
stress-ng --cpu 8 --cpu-load 32 --timeout 60s --quiet,8,5/15/2026,3:55:32,8.18,2.17,198
stress-ng --cpu 8 --cpu-load 32 --timeout 60s --quiet,8,5/15/2026,3:55:33,8.04,2.17,205
stress-ng --cpu 8 --cpu-load 32 --timeout 60s --quiet,8,5/15/2026,3:55:34,8.09,2.17,202
stress-ng --cpu 8 --cpu-load 32 --timeout 60s --quiet,8,5/15/2026,3:55:35,8.18,2.17,198
stress-ng --cpu 8 --cpu-load 32 --timeout 60s --quiet,8,5/15/2026,3:55:36,8.65,2.17,193
stress-ng --cpu 8 --cpu-load 32 --timeout 60s --quiet,8,5/15/2026,3:55:37,7.94,2.17,192
stress-ng --cpu 8 --cpu-load 32 --timeout 60s --quiet,8,5/15/2026,3:55:38,7.94,2.17,205
stress-ng --cpu 8 --cpu-load 32 --timeout 60s --quiet,8,5/15/2026,3:55:39,8.12,2.17,187
stress-ng --cpu 8 --cpu-load 32 --timeout 60s --quiet,8,5/15/2026,3:55:40,8.25,2.17,193
stress-ng --cpu 8 --cpu-load 32 --timeout 60s --quiet,8,5/15/2026,3:55:41,8.28,2.18,198
stress-ng --cpu 8 --cpu-load 32 --timeout 60s --quiet,8,5/15/2026,3:55:42,8.34,2.18,188.5
stress-ng --cpu 8 --cpu-load 32 --timeout 60s --quiet,8,5/15/2026,3:55:43,8.35,2.18,179
stress-ng --cpu 8 --cpu-load 32 --timeout 60s --quiet,8,5/15/2026,3:55:44,7.64,2.18,198
stress-ng --cpu 8 --cpu-load 32 --timeout 60s --quiet,8,5/15/2026,3:55:45,8.16,2.18,180
stress-ng --cpu 8 --cpu-load 32 --timeout 60s --quiet,8,5/15/2026,3:55:46,9.14,2.18,183
stress-ng --cpu 8 --cpu-load 32 --timeout 60s --quiet,8,5/15/2026,3:55:47,7.54,2.19,177
stress-ng --cpu 8 --cpu-load 32 --timeout 60s --quiet,8,5/15/2026,3:55:48,8.16,2.18,178
stress-ng --cpu 8 --cpu-load 32 --timeout 60s --quiet,8,5/15/2026,3:55:49,8.28,2.18,192
stress-ng --cpu 8 --cpu-load 32 --timeout 60s --quiet,8,5/15/2026,3:55:50,8.09,2.18,202
stress-ng --cpu 8 --cpu-load 32 --timeout 60s --quiet,8,5/15/2026,3:55:51,7.9,2.18,200
stress-ng --cpu 8 --cpu-load 32 --timeout 60s --quiet,8,5/15/2026,3:55:52,8.28,2.19,198
stress-ng --cpu 8 --cpu-load 32 --timeout 60s --quiet,8,5/15/2026,3:55:53,8.68,2.19,197
stress-ng --cpu 8 --cpu-load 32 --timeout 60s --quiet,8,5/15/2026,3:55:54,8.03,2.19,198
stress-ng --cpu 8 --cpu-load 32 --timeout 60s --quiet,8,5/15/2026,3:55:55,7.91,2.19,203
stress-ng --cpu 8 --cpu-load 32 --timeout 60s --quiet,8,5/15/2026,3:55:56,8.15,2.19,189
stress-ng --cpu 8 --cpu-load 32 --timeout 60s --quiet,8,5/15/2026,3:55:57,8.19,2.19,176
stress-ng --cpu 8 --cpu-load 32 --timeout 60s --quiet,8,5/15/2026,3:55:58,8.49,2.19,204
stress-ng --cpu 8 --cpu-load 32 --timeout 60s --quiet,8,5/15/2026,3:55:59,8.21,2.19,178
stress-ng --cpu 8 --cpu-load 32 --timeout 60s --quiet,8,5/15/2026,3:56:00,7.94,2.19,184
stress-ng --cpu 8 --cpu-load 32 --timeout 60s --quiet,8,5/15/2026,3:56:01,7.67,2.19,178
stress-ng --cpu 8 --cpu-load 32 --timeout 60s --quiet,8,5/15/2026,3:56:02,8.77,2.19,189
stress-ng --cpu 8 --cpu-load 32 --timeout 60s --quiet,8,5/15/2026,3:56:03,7.82,2.18,194
stress-ng --cpu 8 --cpu-load 32 --timeout 60s --quiet,8,5/15/2026,3:56:04,8.79,2.19,190
stress-ng --cpu 8 --cpu-load 32 --timeout 60s --quiet,8,5/15/2026,3:56:05,7.57,2.19,201
stress-ng --cpu 8 --cpu-load 32 --timeout 60s --quiet,8,5/15/2026,3:56:06,8.31,2.19,186
stress-ng --cpu 8 --cpu-load 32 --timeout 60s --quiet,8,5/15/2026,3:56:07,8.84,2.18,198
stress-ng --cpu 8 --cpu-load 32 --timeout 60s --quiet,8,5/15/2026,3:56:08,7.73,2.18,181
stress-ng --cpu 8 --cpu-load 32 --timeout 60s --quiet,8,5/15/2026,3:56:09,7.97,2.18,195
stress-ng --cpu 8 --cpu-load 32 --timeout 60s --quiet,8,5/15/2026,3:56:10,6.99,2.14,167
stress-ng --cpu 8 --cpu-load 32 --timeout 60s --quiet,8,5/15/2026,5:03:17,3.17,2.21,116
stress-ng --cpu 8 --cpu-load 32 --timeout 60s --quiet,8,5/15/2026,5:03:18,8.63,2.21,170
stress-ng --cpu 8 --cpu-load 32 --timeout 60s --quiet,8,5/15/2026,5:03:19,8.35,2.21,188
stress-ng --cpu 8 --cpu-load 32 --timeout 60s --quiet,8,5/15/2026,5:03:20,7.54,2.2,172
stress-ng --cpu 8 --cpu-load 32 --timeout 60s --quiet,8,5/15/2026,5:03:21,8.74,2.2,195
stress-ng --cpu 8 --cpu-load 32 --timeout 60s --quiet,8,5/15/2026,5:03:22,8.34,2.2,184
stress-ng --cpu 8 --cpu-load 32 --timeout 60s --quiet,8,5/15/2026,5:03:23,8.15,2.19,183
stress-ng --cpu 8 --cpu-load 32 --timeout 60s --quiet,8,5/15/2026,5:03:24,8.25,2.19,201
stress-ng --cpu 8 --cpu-load 32 --timeout 60s --quiet,8,5/15/2026,5:03:25,8.065,2.19,191
stress-ng --cpu 8 --cpu-load 32 --timeout 60s --quiet,8,5/15/2026,5:03:26,7.88,2.19,196
stress-ng --cpu 8 --cpu-load 32 --timeout 60s --quiet,8,5/15/2026,5:03:27,8.13,2.19,199
stress-ng --cpu 8 --cpu-load 32 --timeout 60s --quiet,8,5/15/2026,5:03:28,8.74,2.19,170
stress-ng --cpu 8 --cpu-load 32 --timeout 60s --quiet,8,5/15/2026,5:03:29,7.48,2.18,191
stress-ng --cpu 8 --cpu-load 32 --timeout 60s --quiet,8,5/15/2026,5:03:30,8.38,2.19,194
stress-ng --cpu 8 --cpu-load 32 --timeout 60s --quiet,8,5/15/2026,5:03:31,8.28,2.19,184
stress-ng --cpu 8 --cpu-load 32 --timeout 60s --quiet,8,5/15/2026,5:03:32,8.56,2.19,189
stress-ng --cpu 8 --cpu-load 32 --timeout 60s --quiet,8,5/15/2026,5:03:33,7.23,2.19,183
stress-ng --cpu 8 --cpu-load 32 --timeout 60s --quiet,8,5/15/2026,5:03:34,9.18,2.19,184.5
stress-ng --cpu 8 --cpu-load 32 --timeout 60s --quiet,8,5/15/2026,5:03:35,7.54,2.18,186
stress-ng --cpu 8 --cpu-load 32 --timeout 60s --quiet,8,5/15/2026,5:03:36,7.66,2.18,184
stress-ng --cpu 8 --cpu-load 32 --timeout 60s --quiet,8,5/15/2026,5:03:37,8.89,2.19,194
stress-ng --cpu 8 --cpu-load 32 --timeout 60s --quiet,8,5/15/2026,5:03:38,8.43,2.19,193
stress-ng --cpu 8 --cpu-load 32 --timeout 60s --quiet,8,5/15/2026,5:03:39,7.69,2.19,198
stress-ng --cpu 8 --cpu-load 32 --timeout 60s --quiet,8,5/15/2026,5:03:40,8.4,2.19,192
stress-ng --cpu 8 --cpu-load 32 --timeout 60s --quiet,8,5/15/2026,5:03:41,8.24,2.19,195
stress-ng --cpu 8 --cpu-load 32 --timeout 60s --quiet,8,5/15/2026,5:03:42,7.97,2.19,194
stress-ng --cpu 8 --cpu-load 32 --timeout 60s --quiet,8,5/15/2026,5:03:43,8.93,2.19,171
stress-ng --cpu 8 --cpu-load 32 --timeout 60s --quiet,8,5/15/2026,5:03:44,7.24,2.19,201
stress-ng --cpu 8 --cpu-load 32 --timeout 60s --quiet,8,5/15/2026,5:03:45,8.47,2.19,200
stress-ng --cpu 8 --cpu-load 32 --timeout 60s --quiet,8,5/15/2026,5:03:46,8.37,2.2,195
stress-ng --cpu 8 --cpu-load 32 --timeout 60s --quiet,8,5/15/2026,5:03:47,7.94,2.2,206
stress-ng --cpu 8 --cpu-load 32 --timeout 60s --quiet,8,5/15/2026,5:03:48,8.34,2.2,194
stress-ng --cpu 8 --cpu-load 32 --timeout 60s --quiet,8,5/15/2026,5:03:49,8.58,2.19,193
stress-ng --cpu 8 --cpu-load 32 --timeout 60s --quiet,8,5/15/2026,5:03:50,7.35,2.19,192
stress-ng --cpu 8 --cpu-load 32 --timeout 60s --quiet,8,5/15/2026,5:03:51,9.11,2.19,205
stress-ng --cpu 8 --cpu-load 32 --timeout 60s --quiet,8,5/15/2026,5:03:52,7.23,2.18,183
stress-ng --cpu 8 --cpu-load 32 --timeout 60s --quiet,8,5/15/2026,5:03:53,8.43,2.19,208
stress-ng --cpu 8 --cpu-load 32 --timeout 60s --quiet,8,5/15/2026,5:03:54,8.35,2.18,175
stress-ng --cpu 8 --cpu-load 32 --timeout 60s --quiet,8,5/15/2026,5:03:55,8.34,2.19,177
stress-ng --cpu 8 --cpu-load 32 --timeout 60s --quiet,8,5/15/2026,5:03:56,8,2.18,190
stress-ng --cpu 8 --cpu-load 32 --timeout 60s --quiet,8,5/15/2026,5:03:57,8.31,2.18,193
stress-ng --cpu 8 --cpu-load 32 --timeout 60s --quiet,8,5/15/2026,5:03:58,7.88,2.18,202
stress-ng --cpu 8 --cpu-load 32 --timeout 60s --quiet,8,5/15/2026,5:03:59,8.89,2.18,201
stress-ng --cpu 8 --cpu-load 32 --timeout 60s --quiet,8,5/15/2026,5:04:00,7.76,2.18,167
stress-ng --cpu 8 --cpu-load 32 --timeout 60s --quiet,8,5/15/2026,5:04:01,8.22,2.17,188
stress-ng --cpu 8 --cpu-load 32 --timeout 60s --quiet,8,5/15/2026,5:04:02,8.28,2.17,186
stress-ng --cpu 8 --cpu-load 32 --timeout 60s --quiet,8,5/15/2026,5:04:03,8,2.17,215
stress-ng --cpu 8 --cpu-load 32 --timeout 60s --quiet,8,5/15/2026,5:04:04,7.95,2.17,201.5
stress-ng --cpu 8 --cpu-load 32 --timeout 60s --quiet,8,5/15/2026,5:04:05,8.3,2.17,188
stress-ng --cpu 8 --cpu-load 32 --timeout 60s --quiet,8,5/15/2026,5:04:06,8.28,2.17,209
stress-ng --cpu 8 --cpu-load 32 --timeout 60s --quiet,8,5/15/2026,5:04:07,8.49,2.18,215
stress-ng --cpu 8 --cpu-load 32 --timeout 60s --quiet,8,5/15/2026,5:04:08,8.25,2.17,183
stress-ng --cpu 8 --cpu-load 32 --timeout 60s --quiet,8,5/15/2026,5:04:09,7.21,2.17,204
stress-ng --cpu 8 --cpu-load 32 --timeout 60s --quiet,8,5/15/2026,5:04:10,8.81,2.17,189
stress-ng --cpu 8 --cpu-load 32 --timeout 60s --quiet,8,5/15/2026,5:04:11,8.22,2.17,208
stress-ng --cpu 8 --cpu-load 32 --timeout 60s --quiet,8,5/15/2026,5:04:12,7.57,2.17,211
stress-ng --cpu 8 --cpu-load 32 --timeout 60s --quiet,8,5/15/2026,5:04:13,8.65,2.17,204
stress-ng --cpu 8 --cpu-load 32 --timeout 60s --quiet,8,5/15/2026,5:04:14,8.37,2.17,216
stress-ng --cpu 8 --cpu-load 32 --timeout 60s --quiet,8,5/15/2026,5:04:15,7.69,2.17,184
stress-ng --cpu 8 --cpu-load 32 --timeout 60s --quiet,8,5/15/2026,5:04:16,8.55,2.17,185
stress-ng --cpu 8 --cpu-load 32 --timeout 60s --quiet,8,5/15/2026,5:04:17,6.37,2.11,185
stress-ng --cpu 8 --cpu-load 32 --timeout 60s --quiet,8,5/15/2026,20:51:31,0.15,2.14,112
stress-ng --cpu 8 --cpu-load 32 --timeout 60s --quiet,8,5/15/2026,20:51:32,7.98,2.23,123
stress-ng --cpu 8 --cpu-load 32 --timeout 60s --quiet,8,5/15/2026,20:51:33,8.28,2.22,193
stress-ng --cpu 8 --cpu-load 32 --timeout 60s --quiet,8,5/15/2026,20:51:34,7.45,2.22,193
stress-ng --cpu 8 --cpu-load 32 --timeout 60s --quiet,8,5/15/2026,20:51:35,8.98,2.21,188
stress-ng --cpu 8 --cpu-load 32 --timeout 60s --quiet,8,5/15/2026,20:51:36,7.91,2.22,183
stress-ng --cpu 8 --cpu-load 32 --timeout 60s --quiet,8,5/15/2026,20:51:37,7.94,2.22,180
stress-ng --cpu 8 --cpu-load 32 --timeout 60s --quiet,8,5/15/2026,20:51:38,8.92,2.22,193
stress-ng --cpu 8 --cpu-load 32 --timeout 60s --quiet,8,5/15/2026,20:51:39,6.9,2.22,176
stress-ng --cpu 8 --cpu-load 32 --timeout 60s --quiet,8,5/15/2026,20:51:40,8.41,2.22,170
stress-ng --cpu 8 --cpu-load 32 --timeout 60s --quiet,8,5/15/2026,20:51:41,8.56,2.22,180
stress-ng --cpu 8 --cpu-load 32 --timeout 60s --quiet,8,5/15/2026,20:51:42,7.91,2.21,187
stress-ng --cpu 8 --cpu-load 32 --timeout 60s --quiet,8,5/15/2026,20:51:43,8.65,2.21,185
stress-ng --cpu 8 --cpu-load 32 --timeout 60s --quiet,8,5/15/2026,20:51:44,8.46,2.21,175
stress-ng --cpu 8 --cpu-load 32 --timeout 60s --quiet,8,5/15/2026,20:51:45,7.17,2.21,186
stress-ng --cpu 8 --cpu-load 32 --timeout 60s --quiet,8,5/15/2026,20:51:46,8.53,2.21,212
stress-ng --cpu 8 --cpu-load 32 --timeout 60s --quiet,8,5/15/2026,20:51:47,7.95,2.21,200
stress-ng --cpu 8 --cpu-load 32 --timeout 60s --quiet,8,5/15/2026,20:51:48,8.14,2.21,202
stress-ng --cpu 8 --cpu-load 32 --timeout 60s --quiet,8,5/15/2026,20:51:49,8.65,2.21,205
stress-ng --cpu 8 --cpu-load 32 --timeout 60s --quiet,8,5/15/2026,20:51:50,8.08,2.21,208
stress-ng --cpu 8 --cpu-load 32 --timeout 60s --quiet,8,5/15/2026,20:51:51,7.51,2.21,200
stress-ng --cpu 8 --cpu-load 32 --timeout 60s --quiet,8,5/15/2026,20:51:52,8.43,2.21,176
stress-ng --cpu 8 --cpu-load 32 --timeout 60s --quiet,8,5/15/2026,20:51:53,8.59,2.21,185
stress-ng --cpu 8 --cpu-load 32 --timeout 60s --quiet,8,5/15/2026,20:51:54,7.75,2.2,199
stress-ng --cpu 8 --cpu-load 32 --timeout 60s --quiet,8,5/15/2026,20:51:55,8.37,2.19,193
stress-ng --cpu 8 --cpu-load 32 --timeout 60s --quiet,8,5/15/2026,20:51:56,7.91,2.2,183
stress-ng --cpu 8 --cpu-load 32 --timeout 60s --quiet,8,5/15/2026,20:51:57,7.97,2.19,196
stress-ng --cpu 8 --cpu-load 32 --timeout 60s --quiet,8,5/15/2026,20:51:58,8.81,2.19,185
stress-ng --cpu 8 --cpu-load 32 --timeout 60s --quiet,8,5/15/2026,20:51:59,8,2.19,194.5
stress-ng --cpu 8 --cpu-load 32 --timeout 60s --quiet,8,5/15/2026,20:52:00,7.54,2.19,204
stress-ng --cpu 8 --cpu-load 32 --timeout 60s --quiet,8,5/15/2026,20:52:01,8.44,2.19,205
stress-ng --cpu 8 --cpu-load 32 --timeout 60s --quiet,8,5/15/2026,20:52:02,7.82,2.19,207
stress-ng --cpu 8 --cpu-load 32 --timeout 60s --quiet,8,5/15/2026,20:52:03,8.29,2.19,201
stress-ng --cpu 8 --cpu-load 32 --timeout 60s --quiet,8,5/15/2026,20:52:04,8.03,2.2,205
stress-ng --cpu 8 --cpu-load 32 --timeout 60s --quiet,8,5/15/2026,20:52:05,8.81,2.19,209
stress-ng --cpu 8 --cpu-load 32 --timeout 60s --quiet,8,5/15/2026,20:52:06,7.64,2.19,209
stress-ng --cpu 8 --cpu-load 32 --timeout 60s --quiet,8,5/15/2026,20:52:07,8.25,2.19,208
stress-ng --cpu 8 --cpu-load 32 --timeout 60s --quiet,8,5/15/2026,20:52:08,8.41,2.19,209
stress-ng --cpu 8 --cpu-load 32 --timeout 60s --quiet,8,5/15/2026,20:52:09,8.41,2.19,207
stress-ng --cpu 8 --cpu-load 32 --timeout 60s --quiet,8,5/15/2026,20:52:10,7.2,2.19,201
stress-ng --cpu 8 --cpu-load 32 --timeout 60s --quiet,8,5/15/2026,20:52:11,8.53,2.19,181
stress-ng --cpu 8 --cpu-load 32 --timeout 60s --quiet,8,5/15/2026,20:52:12,7.89,2.19,201
stress-ng --cpu 8 --cpu-load 32 --timeout 60s --quiet,8,5/15/2026,20:52:13,9.3,2.2,184
stress-ng --cpu 8 --cpu-load 32 --timeout 60s --quiet,8,5/15/2026,20:52:14,7.42,2.18,197
stress-ng --cpu 8 --cpu-load 32 --timeout 60s --quiet,8,5/15/2026,20:52:15,8.57,2.18,194
stress-ng --cpu 8 --cpu-load 32 --timeout 60s --quiet,8,5/15/2026,20:52:16,8.25,2.18,203
stress-ng --cpu 8 --cpu-load 32 --timeout 60s --quiet,8,5/15/2026,20:52:17,8.06,2.18,208
stress-ng --cpu 8 --cpu-load 32 --timeout 60s --quiet,8,5/15/2026,20:52:18,7.6,2.17,204
stress-ng --cpu 8 --cpu-load 32 --timeout 60s --quiet,8,5/15/2026,20:52:19,8.37,2.18,207
stress-ng --cpu 8 --cpu-load 32 --timeout 60s --quiet,8,5/15/2026,20:52:20,8.19,2.17,210
stress-ng --cpu 8 --cpu-load 32 --timeout 60s --quiet,8,5/15/2026,20:52:21,8.21,2.17,213
stress-ng --cpu 8 --cpu-load 32 --timeout 60s --quiet,8,5/15/2026,20:52:22,8.25,2.17,212
stress-ng --cpu 8 --cpu-load 32 --timeout 60s --quiet,8,5/15/2026,20:52:23,8.31,2.16,219
stress-ng --cpu 8 --cpu-load 32 --timeout 60s --quiet,8,5/15/2026,20:52:24,7.47,2.16,201
stress-ng --cpu 8 --cpu-load 32 --timeout 60s --quiet,8,5/15/2026,20:52:25,8.8,2.17,204
stress-ng --cpu 8 --cpu-load 32 --timeout 60s --quiet,8,5/15/2026,20:52:26,7.79,2.16,200
stress-ng --cpu 8 --cpu-load 32 --timeout 60s --quiet,8,5/15/2026,20:52:27,8.31,2.16,202
stress-ng --cpu 8 --cpu-load 32 --timeout 60s --quiet,8,5/15/2026,20:52:28,7.94,2.16,200
stress-ng --cpu 8 --cpu-load 32 --timeout 60s --quiet,8,5/15/2026,20:52:29,8.81,2.16,200
stress-ng --cpu 8 --cpu-load 32 --timeout 60s --quiet,8,5/15/2026,20:52:30,7.48,2.17,198
stress-ng --cpu 8 --cpu-load 32 --timeout 60s --quiet,8,5/15/2026,20:52:31,8.55,2.16,203
stress-ng --cpu 8 --cpu-load 32 --timeout 60s --quiet,8,5/15/2026,20:52:32,2.28,2.1,194
stress-ng --cpu 8 --cpu-load 36 --timeout 60s --quiet,9,5/14/2026,19:44:01,0.15,2.09,130
stress-ng --cpu 8 --cpu-load 36 --timeout 60s --quiet,9,5/14/2026,19:44:02,6.59,2.19,125
stress-ng --cpu 8 --cpu-load 36 --timeout 60s --quiet,9,5/14/2026,19:44:03,9.33,2.19,194
stress-ng --cpu 8 --cpu-load 36 --timeout 60s --quiet,9,5/14/2026,19:44:04,9.26,2.17,190
stress-ng --cpu 8 --cpu-load 36 --timeout 60s --quiet,9,5/14/2026,19:44:05,9.03,2.18,196
stress-ng --cpu 8 --cpu-load 36 --timeout 60s --quiet,9,5/14/2026,19:44:06,9.51,2.17,202
stress-ng --cpu 8 --cpu-load 36 --timeout 60s --quiet,9,5/14/2026,19:44:07,8.62,2.17,214
stress-ng --cpu 8 --cpu-load 36 --timeout 60s --quiet,9,5/14/2026,19:44:08,9.52,2.17,200
stress-ng --cpu 8 --cpu-load 36 --timeout 60s --quiet,9,5/14/2026,19:44:09,9.55,2.17,186
stress-ng --cpu 8 --cpu-load 36 --timeout 60s --quiet,9,5/14/2026,19:44:10,8.32,2.17,199
stress-ng --cpu 8 --cpu-load 36 --timeout 60s --quiet,9,5/14/2026,19:44:11,9.71,2.17,189
stress-ng --cpu 8 --cpu-load 36 --timeout 60s --quiet,9,5/14/2026,19:44:12,8.74,2.16,196
stress-ng --cpu 8 --cpu-load 36 --timeout 60s --quiet,9,5/14/2026,19:44:13,8.95,2.16,208
stress-ng --cpu 8 --cpu-load 36 --timeout 60s --quiet,9,5/14/2026,19:44:14,9.7,2.16,194
stress-ng --cpu 8 --cpu-load 36 --timeout 60s --quiet,9,5/14/2026,19:44:15,8.99,2.15,202
stress-ng --cpu 8 --cpu-load 36 --timeout 60s --quiet,9,5/14/2026,19:44:16,8.97,2.16,179
stress-ng --cpu 8 --cpu-load 36 --timeout 60s --quiet,9,5/14/2026,19:44:17,9.78,2.16,185
stress-ng --cpu 8 --cpu-load 36 --timeout 60s --quiet,9,5/14/2026,19:44:18,9.03,2.16,188.3333333
stress-ng --cpu 8 --cpu-load 36 --timeout 60s --quiet,9,5/14/2026,19:44:19,8.91,2.16,191.6666667
stress-ng --cpu 8 --cpu-load 36 --timeout 60s --quiet,9,5/14/2026,19:44:20,9.49,2.15,195
stress-ng --cpu 8 --cpu-load 36 --timeout 60s --quiet,9,5/14/2026,19:44:21,8.87,2.15,200
stress-ng --cpu 8 --cpu-load 36 --timeout 60s --quiet,9,5/14/2026,19:44:22,9.27,2.15,213
stress-ng --cpu 8 --cpu-load 36 --timeout 60s --quiet,9,5/14/2026,19:44:23,9.075,2.145,188
stress-ng --cpu 8 --cpu-load 36 --timeout 60s --quiet,9,5/14/2026,19:44:24,8.88,2.14,198
stress-ng --cpu 8 --cpu-load 36 --timeout 60s --quiet,9,5/14/2026,19:44:25,9.58,2.14,208
stress-ng --cpu 8 --cpu-load 36 --timeout 60s --quiet,9,5/14/2026,19:44:26,8.81,2.14,204
stress-ng --cpu 8 --cpu-load 36 --timeout 60s --quiet,9,5/14/2026,19:44:27,9.21,2.15,203
stress-ng --cpu 8 --cpu-load 36 --timeout 60s --quiet,9,5/14/2026,19:44:28,9.05,2.14,204
stress-ng --cpu 8 --cpu-load 36 --timeout 60s --quiet,9,5/14/2026,19:44:29,9.03,2.14,202
stress-ng --cpu 8 --cpu-load 36 --timeout 60s --quiet,9,5/14/2026,19:44:30,9.39,2.14,177
stress-ng --cpu 8 --cpu-load 36 --timeout 60s --quiet,9,5/14/2026,19:44:31,9.24,2.14,206
stress-ng --cpu 8 --cpu-load 36 --timeout 60s --quiet,9,5/14/2026,19:44:32,8.89,2.14,195
stress-ng --cpu 8 --cpu-load 36 --timeout 60s --quiet,9,5/14/2026,19:44:33,9.21,2.14,197
stress-ng --cpu 8 --cpu-load 36 --timeout 60s --quiet,9,5/14/2026,19:44:34,9.82,2.13,209
stress-ng --cpu 8 --cpu-load 36 --timeout 60s --quiet,9,5/14/2026,19:44:35,9.15,2.13,214
stress-ng --cpu 8 --cpu-load 36 --timeout 60s --quiet,9,5/14/2026,19:44:36,9.3,2.14,203
stress-ng --cpu 8 --cpu-load 36 --timeout 60s --quiet,9,5/14/2026,19:44:37,8.74,2.13,184
stress-ng --cpu 8 --cpu-load 36 --timeout 60s --quiet,9,5/14/2026,19:44:38,9.21,2.14,183
stress-ng --cpu 8 --cpu-load 36 --timeout 60s --quiet,9,5/14/2026,19:44:39,8.62,2.13,180
stress-ng --cpu 8 --cpu-load 36 --timeout 60s --quiet,9,5/14/2026,19:44:40,9.89,2.13,182
stress-ng --cpu 8 --cpu-load 36 --timeout 60s --quiet,9,5/14/2026,19:44:41,8.51,2.13,199
stress-ng --cpu 8 --cpu-load 36 --timeout 60s --quiet,9,5/14/2026,19:44:42,9.48,2.13,188.5
stress-ng --cpu 8 --cpu-load 36 --timeout 60s --quiet,9,5/14/2026,19:44:43,8.69,2.13,178
stress-ng --cpu 8 --cpu-load 36 --timeout 60s --quiet,9,5/14/2026,19:44:44,9.15,2.13,208
stress-ng --cpu 8 --cpu-load 36 --timeout 60s --quiet,9,5/14/2026,19:44:45,9.06,2.12,199
stress-ng --cpu 8 --cpu-load 36 --timeout 60s --quiet,9,5/14/2026,19:44:46,9.14,2.12,194
stress-ng --cpu 8 --cpu-load 36 --timeout 60s --quiet,9,5/14/2026,19:44:47,9.83,2.12,187
stress-ng --cpu 8 --cpu-load 36 --timeout 60s --quiet,9,5/14/2026,19:44:48,8.81,2.12,204
stress-ng --cpu 8 --cpu-load 36 --timeout 60s --quiet,9,5/14/2026,19:44:49,8.81,2.11,202
stress-ng --cpu 8 --cpu-load 36 --timeout 60s --quiet,9,5/14/2026,19:44:50,9.48,2.12,191
stress-ng --cpu 8 --cpu-load 36 --timeout 60s --quiet,9,5/14/2026,19:44:51,8.83,2.12,212
stress-ng --cpu 8 --cpu-load 36 --timeout 60s --quiet,9,5/14/2026,19:44:52,9.57,2.1,218
stress-ng --cpu 8 --cpu-load 36 --timeout 60s --quiet,9,5/14/2026,19:44:53,8.96,2.1,181
stress-ng --cpu 8 --cpu-load 36 --timeout 60s --quiet,9,5/14/2026,19:44:54,9.49,2.11,209
stress-ng --cpu 8 --cpu-load 36 --timeout 60s --quiet,9,5/14/2026,19:44:55,8.68,2.1,208
stress-ng --cpu 8 --cpu-load 36 --timeout 60s --quiet,9,5/14/2026,19:44:56,9.29,2.1,208
stress-ng --cpu 8 --cpu-load 36 --timeout 60s --quiet,9,5/14/2026,19:44:57,9.32,2.11,205
stress-ng --cpu 8 --cpu-load 36 --timeout 60s --quiet,9,5/14/2026,19:44:58,9.03,2.11,202
stress-ng --cpu 8 --cpu-load 36 --timeout 60s --quiet,9,5/14/2026,19:44:59,9.36,2.11,201
stress-ng --cpu 8 --cpu-load 36 --timeout 60s --quiet,9,5/14/2026,19:45:00,9.58,2.11,197
stress-ng --cpu 8 --cpu-load 36 --timeout 60s --quiet,9,5/14/2026,19:45:01,9.06,2.1,191
stress-ng --cpu 8 --cpu-load 36 --timeout 60s --quiet,9,5/14/2026,19:45:02,3.76,2.06,179
stress-ng --cpu 8 --cpu-load 36 --timeout 60s --quiet,9,5/15/2026,7:13:36,7.99,2.18,130
stress-ng --cpu 8 --cpu-load 36 --timeout 60s --quiet,9,5/15/2026,7:13:37,8.96,2.19,183
stress-ng --cpu 8 --cpu-load 36 --timeout 60s --quiet,9,5/15/2026,7:13:38,8.83,2.19,189
stress-ng --cpu 8 --cpu-load 36 --timeout 60s --quiet,9,5/15/2026,7:13:39,9.61,2.19,194
stress-ng --cpu 8 --cpu-load 36 --timeout 60s --quiet,9,5/15/2026,7:13:40,8.72,2.19,189
stress-ng --cpu 8 --cpu-load 36 --timeout 60s --quiet,9,5/15/2026,7:13:41,9.1,2.19,185
stress-ng --cpu 8 --cpu-load 36 --timeout 60s --quiet,9,5/15/2026,7:13:42,9.05,2.19,201
stress-ng --cpu 8 --cpu-load 36 --timeout 60s --quiet,9,5/15/2026,7:13:43,9.55,2.19,192.5
stress-ng --cpu 8 --cpu-load 36 --timeout 60s --quiet,9,5/15/2026,7:13:44,9.085,2.19,184
stress-ng --cpu 8 --cpu-load 36 --timeout 60s --quiet,9,5/15/2026,7:13:45,8.62,2.19,195
stress-ng --cpu 8 --cpu-load 36 --timeout 60s --quiet,9,5/15/2026,7:13:46,9.48,2.18,191
stress-ng --cpu 8 --cpu-load 36 --timeout 60s --quiet,9,5/15/2026,7:13:47,9.26,2.16,199
stress-ng --cpu 8 --cpu-load 36 --timeout 60s --quiet,9,5/15/2026,7:13:48,8.72,2.16,213
stress-ng --cpu 8 --cpu-load 36 --timeout 60s --quiet,9,5/15/2026,7:13:49,9.58,2.16,206
stress-ng --cpu 8 --cpu-load 36 --timeout 60s --quiet,9,5/15/2026,7:13:50,8.68,2.16,193
stress-ng --cpu 8 --cpu-load 36 --timeout 60s --quiet,9,5/15/2026,7:13:51,9.42,2.16,213
stress-ng --cpu 8 --cpu-load 36 --timeout 60s --quiet,9,5/15/2026,7:13:52,9.29,2.16,203
stress-ng --cpu 8 --cpu-load 36 --timeout 60s --quiet,9,5/15/2026,7:13:53,9.37,2.16,214
stress-ng --cpu 8 --cpu-load 36 --timeout 60s --quiet,9,5/15/2026,7:13:54,9.02,2.16,197
stress-ng --cpu 8 --cpu-load 36 --timeout 60s --quiet,9,5/15/2026,7:13:55,8.63,2.16,194
stress-ng --cpu 8 --cpu-load 36 --timeout 60s --quiet,9,5/15/2026,7:13:56,9.02,2.16,187
stress-ng --cpu 8 --cpu-load 36 --timeout 60s --quiet,9,5/15/2026,7:13:57,9.88,2.16,186
stress-ng --cpu 8 --cpu-load 36 --timeout 60s --quiet,9,5/15/2026,7:13:58,8.44,2.16,207
stress-ng --cpu 8 --cpu-load 36 --timeout 60s --quiet,9,5/15/2026,7:13:59,9.54,2.16,191
stress-ng --cpu 8 --cpu-load 36 --timeout 60s --quiet,9,5/15/2026,7:14:00,9.09,2.16,193
stress-ng --cpu 8 --cpu-load 36 --timeout 60s --quiet,9,5/15/2026,7:14:01,8.86,2.16,196
stress-ng --cpu 8 --cpu-load 36 --timeout 60s --quiet,9,5/15/2026,7:14:02,9.79,2.16,177
stress-ng --cpu 8 --cpu-load 36 --timeout 60s --quiet,9,5/15/2026,7:14:03,8.53,2.16,207
stress-ng --cpu 8 --cpu-load 36 --timeout 60s --quiet,9,5/15/2026,7:14:04,9.95,2.16,183
stress-ng --cpu 8 --cpu-load 36 --timeout 60s --quiet,9,5/15/2026,7:14:05,8.53,2.15,197
stress-ng --cpu 8 --cpu-load 36 --timeout 60s --quiet,9,5/15/2026,7:14:06,9.52,2.16,188
stress-ng --cpu 8 --cpu-load 36 --timeout 60s --quiet,9,5/15/2026,7:14:07,8.9,2.16,193
stress-ng --cpu 8 --cpu-load 36 --timeout 60s --quiet,9,5/15/2026,7:14:08,9.45,2.16,191
stress-ng --cpu 8 --cpu-load 36 --timeout 60s --quiet,9,5/15/2026,7:14:09,9.27,2.15,195
stress-ng --cpu 8 --cpu-load 36 --timeout 60s --quiet,9,5/15/2026,7:14:10,8.51,2.15,211
stress-ng --cpu 8 --cpu-load 36 --timeout 60s --quiet,9,5/15/2026,7:14:11,9.27,2.16,205
stress-ng --cpu 8 --cpu-load 36 --timeout 60s --quiet,9,5/15/2026,7:14:12,9.52,2.16,197
stress-ng --cpu 8 --cpu-load 36 --timeout 60s --quiet,9,5/15/2026,7:14:13,8.83,2.16,205
stress-ng --cpu 8 --cpu-load 36 --timeout 60s --quiet,9,5/15/2026,7:14:14,9.19,2.16,209
stress-ng --cpu 8 --cpu-load 36 --timeout 60s --quiet,9,5/15/2026,7:14:15,9.43,2.16,207
stress-ng --cpu 8 --cpu-load 36 --timeout 60s --quiet,9,5/15/2026,7:14:16,8.87,2.16,209.5
stress-ng --cpu 8 --cpu-load 36 --timeout 60s --quiet,9,5/15/2026,7:14:17,9.24,2.16,212
stress-ng --cpu 8 --cpu-load 36 --timeout 60s --quiet,9,5/15/2026,7:14:18,9.09,2.15,201
stress-ng --cpu 8 --cpu-load 36 --timeout 60s --quiet,9,5/15/2026,7:14:19,9.45,2.15,189
stress-ng --cpu 8 --cpu-load 36 --timeout 60s --quiet,9,5/15/2026,7:14:20,9.17,2.15,208
stress-ng --cpu 8 --cpu-load 36 --timeout 60s --quiet,9,5/15/2026,7:14:21,8.72,2.15,198
stress-ng --cpu 8 --cpu-load 36 --timeout 60s --quiet,9,5/15/2026,7:14:22,9.36,2.15,205
stress-ng --cpu 8 --cpu-load 36 --timeout 60s --quiet,9,5/15/2026,7:14:23,9.24,2.16,209
stress-ng --cpu 8 --cpu-load 36 --timeout 60s --quiet,9,5/15/2026,7:14:24,9.04,2.16,215
stress-ng --cpu 8 --cpu-load 36 --timeout 60s --quiet,9,5/15/2026,7:14:25,9.33,2.16,192
stress-ng --cpu 8 --cpu-load 36 --timeout 60s --quiet,9,5/15/2026,7:14:26,8.69,2.15,209
stress-ng --cpu 8 --cpu-load 36 --timeout 60s --quiet,9,5/15/2026,7:14:27,9.46,2.15,208
stress-ng --cpu 8 --cpu-load 36 --timeout 60s --quiet,9,5/15/2026,7:14:28,9.21,2.15,215
stress-ng --cpu 8 --cpu-load 36 --timeout 60s --quiet,9,5/15/2026,7:14:29,8.77,2.15,208
stress-ng --cpu 8 --cpu-load 36 --timeout 60s --quiet,9,5/15/2026,7:14:30,8.99,2.15,225
stress-ng --cpu 8 --cpu-load 36 --timeout 60s --quiet,9,5/15/2026,7:14:31,9.71,2.15,207
stress-ng --cpu 8 --cpu-load 36 --timeout 60s --quiet,9,5/15/2026,7:14:32,8.86,2.15,218
stress-ng --cpu 8 --cpu-load 36 --timeout 60s --quiet,9,5/15/2026,7:14:33,9.48,2.15,216
stress-ng --cpu 8 --cpu-load 36 --timeout 60s --quiet,9,5/15/2026,7:14:34,8.74,2.16,214
stress-ng --cpu 8 --cpu-load 36 --timeout 60s --quiet,9,5/15/2026,7:14:35,9.17,2.16,223
stress-ng --cpu 8 --cpu-load 36 --timeout 60s --quiet,9,5/15/2026,7:14:36,4.31,2.12,191
stress-ng --cpu 8 --cpu-load 36 --timeout 60s --quiet,9,5/15/2026,20:59:32,0.15,2.13,124
stress-ng --cpu 8 --cpu-load 36 --timeout 60s --quiet,9,5/15/2026,20:59:33,3.17,2.2,124
stress-ng --cpu 8 --cpu-load 36 --timeout 60s --quiet,9,5/15/2026,20:59:34,8.56,2.2,120
stress-ng --cpu 8 --cpu-load 36 --timeout 60s --quiet,9,5/15/2026,20:59:35,9.39,2.2,178
stress-ng --cpu 8 --cpu-load 36 --timeout 60s --quiet,9,5/15/2026,20:59:36,8.81,2.21,205
stress-ng --cpu 8 --cpu-load 36 --timeout 60s --quiet,9,5/15/2026,20:59:37,9.15,2.2,187
stress-ng --cpu 8 --cpu-load 36 --timeout 60s --quiet,9,5/15/2026,20:59:38,9.45,2.2,206
stress-ng --cpu 8 --cpu-load 36 --timeout 60s --quiet,9,5/15/2026,20:59:39,9.14,2.2,196
stress-ng --cpu 8 --cpu-load 36 --timeout 60s --quiet,9,5/15/2026,20:59:40,9.53,2.19,213
stress-ng --cpu 8 --cpu-load 36 --timeout 60s --quiet,9,5/15/2026,20:59:41,8.65,2.19,212
stress-ng --cpu 8 --cpu-load 36 --timeout 60s --quiet,9,5/15/2026,20:59:42,8.87,2.19,205
stress-ng --cpu 8 --cpu-load 36 --timeout 60s --quiet,9,5/15/2026,20:59:43,9.2,2.19,195
stress-ng --cpu 8 --cpu-load 36 --timeout 60s --quiet,9,5/15/2026,20:59:44,9.2,2.2,173
stress-ng --cpu 8 --cpu-load 36 --timeout 60s --quiet,9,5/15/2026,20:59:45,9.86,2.2,204
stress-ng --cpu 8 --cpu-load 36 --timeout 60s --quiet,9,5/15/2026,20:59:46,8.68,2.2,200
stress-ng --cpu 8 --cpu-load 36 --timeout 60s --quiet,9,5/15/2026,20:59:47,9.21,2.2,192
stress-ng --cpu 8 --cpu-load 36 --timeout 60s --quiet,9,5/15/2026,20:59:48,9.23,2.19,211
stress-ng --cpu 8 --cpu-load 36 --timeout 60s --quiet,9,5/15/2026,20:59:49,9.29,2.19,200
stress-ng --cpu 8 --cpu-load 36 --timeout 60s --quiet,9,5/15/2026,20:59:50,8.9,2.18,200
stress-ng --cpu 8 --cpu-load 36 --timeout 60s --quiet,9,5/15/2026,20:59:51,9.05,2.18,200
stress-ng --cpu 8 --cpu-load 36 --timeout 60s --quiet,9,5/15/2026,20:59:52,9.11,2.17,200
stress-ng --cpu 8 --cpu-load 36 --timeout 60s --quiet,9,5/15/2026,20:59:53,9.13,2.17,200
stress-ng --cpu 8 --cpu-load 36 --timeout 60s --quiet,9,5/15/2026,20:59:54,9.08,2.17,200
stress-ng --cpu 8 --cpu-load 36 --timeout 60s --quiet,9,5/15/2026,20:59:55,8.96,2.17,200
stress-ng --cpu 8 --cpu-load 36 --timeout 60s --quiet,9,5/15/2026,20:59:56,9.42,2.15,200
stress-ng --cpu 8 --cpu-load 36 --timeout 60s --quiet,9,5/15/2026,20:59:57,9.2,2.15,203.8
stress-ng --cpu 8 --cpu-load 36 --timeout 60s --quiet,9,5/15/2026,20:59:58,8.95,2.15,207.6
stress-ng --cpu 8 --cpu-load 36 --timeout 60s --quiet,9,5/15/2026,20:59:59,8.9,2.15,211.4
stress-ng --cpu 8 --cpu-load 36 --timeout 60s --quiet,9,5/15/2026,21:00:00,9.01,2.14,215.2
stress-ng --cpu 8 --cpu-load 36 --timeout 60s --quiet,9,5/15/2026,21:00:01,9.1,2.14,219
stress-ng --cpu 8 --cpu-load 36 --timeout 60s --quiet,9,5/15/2026,21:00:02,9.2,2.14,213
stress-ng --cpu 8 --cpu-load 36 --timeout 60s --quiet,9,5/15/2026,21:00:03,9.02,2.14,220
stress-ng --cpu 8 --cpu-load 36 --timeout 60s --quiet,9,5/15/2026,21:00:04,9.17,2.14,216
stress-ng --cpu 8 --cpu-load 36 --timeout 60s --quiet,9,5/15/2026,21:00:05,9.33,2.14,200
stress-ng --cpu 8 --cpu-load 36 --timeout 60s --quiet,9,5/15/2026,21:00:06,9.14,2.14,198
stress-ng --cpu 8 --cpu-load 36 --timeout 60s --quiet,9,5/15/2026,21:00:07,9.71,2.14,208
stress-ng --cpu 8 --cpu-load 36 --timeout 60s --quiet,9,5/15/2026,21:00:08,9.14,2.14,205
stress-ng --cpu 8 --cpu-load 36 --timeout 60s --quiet,9,5/15/2026,21:00:09,9.11,2.14,213
stress-ng --cpu 8 --cpu-load 36 --timeout 60s --quiet,9,5/15/2026,21:00:10,9.39,2.15,212
stress-ng --cpu 8 --cpu-load 36 --timeout 60s --quiet,9,5/15/2026,21:00:11,9.12,2.15,201
stress-ng --cpu 8 --cpu-load 36 --timeout 60s --quiet,9,5/15/2026,21:00:12,9.24,2.15,188
stress-ng --cpu 8 --cpu-load 36 --timeout 60s --quiet,9,5/15/2026,21:00:13,9.17,2.15,185
stress-ng --cpu 8 --cpu-load 36 --timeout 60s --quiet,9,5/15/2026,21:00:14,8.97,2.15,214
stress-ng --cpu 8 --cpu-load 36 --timeout 60s --quiet,9,5/15/2026,21:00:15,9.09,2.14,216
stress-ng --cpu 8 --cpu-load 36 --timeout 60s --quiet,9,5/15/2026,21:00:16,9.15,2.15,212
stress-ng --cpu 8 --cpu-load 36 --timeout 60s --quiet,9,5/15/2026,21:00:17,8.84,2.15,198
stress-ng --cpu 8 --cpu-load 36 --timeout 60s --quiet,9,5/15/2026,21:00:18,9.33,2.15,212
stress-ng --cpu 8 --cpu-load 36 --timeout 60s --quiet,9,5/15/2026,21:00:19,9.05,2.15,215
stress-ng --cpu 8 --cpu-load 36 --timeout 60s --quiet,9,5/15/2026,21:00:20,9.21,2.15,208
stress-ng --cpu 8 --cpu-load 36 --timeout 60s --quiet,9,5/15/2026,21:00:21,9.32,2.16,202
stress-ng --cpu 8 --cpu-load 36 --timeout 60s --quiet,9,5/15/2026,21:00:22,9.24,2.15,196
stress-ng --cpu 8 --cpu-load 36 --timeout 60s --quiet,9,5/15/2026,21:00:23,9.16,2.15,204
stress-ng --cpu 8 --cpu-load 36 --timeout 60s --quiet,9,5/15/2026,21:00:24,9.15,2.15,217
stress-ng --cpu 8 --cpu-load 36 --timeout 60s --quiet,9,5/15/2026,21:00:25,9.14,2.15,217
stress-ng --cpu 8 --cpu-load 36 --timeout 60s --quiet,9,5/15/2026,21:00:26,9.51,2.16,211
stress-ng --cpu 8 --cpu-load 36 --timeout 60s --quiet,9,5/15/2026,21:00:27,9.35,2.15,215
stress-ng --cpu 8 --cpu-load 36 --timeout 60s --quiet,9,5/15/2026,21:00:28,9,2.16,215
stress-ng --cpu 8 --cpu-load 36 --timeout 60s --quiet,9,5/15/2026,21:00:29,9.49,2.16,215
stress-ng --cpu 8 --cpu-load 36 --timeout 60s --quiet,9,5/15/2026,21:00:30,8.97,2.16,217.5
stress-ng --cpu 8 --cpu-load 36 --timeout 60s --quiet,9,5/15/2026,21:00:31,9.35,2.16,220
stress-ng --cpu 8 --cpu-load 36 --timeout 60s --quiet,9,5/15/2026,21:00:32,9.35,2.16,207
stress-ng --cpu 8 --cpu-load 36 --timeout 60s --quiet,9,5/15/2026,21:00:33,7.95,2.15,221
stress-ng --cpu 8 --cpu-load 40 --timeout 60s --quiet,10,5/15/2026,1:30:48,3.17,2.19,133
stress-ng --cpu 8 --cpu-load 40 --timeout 60s --quiet,10,5/15/2026,1:30:49,9.42,2.19,199
stress-ng --cpu 8 --cpu-load 40 --timeout 60s --quiet,10,5/15/2026,1:30:50,10.65,2.19,204
stress-ng --cpu 8 --cpu-load 40 --timeout 60s --quiet,10,5/15/2026,1:30:51,10.23,2.19,189
stress-ng --cpu 8 --cpu-load 40 --timeout 60s --quiet,10,5/15/2026,1:30:52,9.82,2.19,181
stress-ng --cpu 8 --cpu-load 40 --timeout 60s --quiet,10,5/15/2026,1:30:53,10.04,2.18,196
stress-ng --cpu 8 --cpu-load 40 --timeout 60s --quiet,10,5/15/2026,1:30:54,10.07,2.18,212
stress-ng --cpu 8 --cpu-load 40 --timeout 60s --quiet,10,5/15/2026,1:30:55,10.22,2.18,185
stress-ng --cpu 8 --cpu-load 40 --timeout 60s --quiet,10,5/15/2026,1:30:56,10.22,2.18,202
stress-ng --cpu 8 --cpu-load 40 --timeout 60s --quiet,10,5/15/2026,1:30:57,10.23,2.18,192
stress-ng --cpu 8 --cpu-load 40 --timeout 60s --quiet,10,5/15/2026,1:30:58,10.23,2.18,208
stress-ng --cpu 8 --cpu-load 40 --timeout 60s --quiet,10,5/15/2026,1:30:59,10.31,2.18,211
stress-ng --cpu 8 --cpu-load 40 --timeout 60s --quiet,10,5/15/2026,1:31:00,10.34,2.17,205
stress-ng --cpu 8 --cpu-load 40 --timeout 60s --quiet,10,5/15/2026,1:31:01,9.95,2.17,199
stress-ng --cpu 8 --cpu-load 40 --timeout 60s --quiet,10,5/15/2026,1:31:02,10.44,2.17,204
stress-ng --cpu 8 --cpu-load 40 --timeout 60s --quiet,10,5/15/2026,1:31:03,10.32,2.17,202.6666667
stress-ng --cpu 8 --cpu-load 40 --timeout 60s --quiet,10,5/15/2026,1:31:04,10.03,2.16,201.3333333
stress-ng --cpu 8 --cpu-load 40 --timeout 60s --quiet,10,5/15/2026,1:31:05,9.55,2.16,200
stress-ng --cpu 8 --cpu-load 40 --timeout 60s --quiet,10,5/15/2026,1:31:06,10.95,2.15,194.5
stress-ng --cpu 8 --cpu-load 40 --timeout 60s --quiet,10,5/15/2026,1:31:07,10.14,2.15,189
stress-ng --cpu 8 --cpu-load 40 --timeout 60s --quiet,10,5/15/2026,1:31:08,10.01,2.15,189
stress-ng --cpu 8 --cpu-load 40 --timeout 60s --quiet,10,5/15/2026,1:31:09,10.22,2.15,213
stress-ng --cpu 8 --cpu-load 40 --timeout 60s --quiet,10,5/15/2026,1:31:10,10.09,2.14,217
stress-ng --cpu 8 --cpu-load 40 --timeout 60s --quiet,10,5/15/2026,1:31:11,9.67,2.14,209
stress-ng --cpu 8 --cpu-load 40 --timeout 60s --quiet,10,5/15/2026,1:31:12,10.115,2.145,218
stress-ng --cpu 8 --cpu-load 40 --timeout 60s --quiet,10,5/15/2026,1:31:13,10.56,2.15,209
stress-ng --cpu 8 --cpu-load 40 --timeout 60s --quiet,10,5/15/2026,1:31:14,10.62,2.14,173
stress-ng --cpu 8 --cpu-load 40 --timeout 60s --quiet,10,5/15/2026,1:31:15,10.1,2.14,218
stress-ng --cpu 8 --cpu-load 40 --timeout 60s --quiet,10,5/15/2026,1:31:16,9.85,2.14,216
stress-ng --cpu 8 --cpu-load 40 --timeout 60s --quiet,10,5/15/2026,1:31:17,10.13,2.14,208
stress-ng --cpu 8 --cpu-load 40 --timeout 60s --quiet,10,5/15/2026,1:31:18,10.41,2.14,213
stress-ng --cpu 8 --cpu-load 40 --timeout 60s --quiet,10,5/15/2026,1:31:19,9.85,2.14,205
stress-ng --cpu 8 --cpu-load 40 --timeout 60s --quiet,10,5/15/2026,1:31:20,10.35,2.15,194
stress-ng --cpu 8 --cpu-load 40 --timeout 60s --quiet,10,5/15/2026,1:31:21,10.44,2.15,217
stress-ng --cpu 8 --cpu-load 40 --timeout 60s --quiet,10,5/15/2026,1:31:22,10,2.16,219
stress-ng --cpu 8 --cpu-load 40 --timeout 60s --quiet,10,5/15/2026,1:31:23,10.31,2.16,204
stress-ng --cpu 8 --cpu-load 40 --timeout 60s --quiet,10,5/15/2026,1:31:24,10.49,2.16,208
stress-ng --cpu 8 --cpu-load 40 --timeout 60s --quiet,10,5/15/2026,1:31:25,10.18,2.15,213
stress-ng --cpu 8 --cpu-load 40 --timeout 60s --quiet,10,5/15/2026,1:31:26,10.32,2.15,212
stress-ng --cpu 8 --cpu-load 40 --timeout 60s --quiet,10,5/15/2026,1:31:27,10.37,2.14,214
stress-ng --cpu 8 --cpu-load 40 --timeout 60s --quiet,10,5/15/2026,1:31:28,10.01,2.12,201
stress-ng --cpu 8 --cpu-load 40 --timeout 60s --quiet,10,5/15/2026,1:31:29,10.19,2.12,201
stress-ng --cpu 8 --cpu-load 40 --timeout 60s --quiet,10,5/15/2026,1:31:30,10.37,2.12,210
stress-ng --cpu 8 --cpu-load 40 --timeout 60s --quiet,10,5/15/2026,1:31:31,10.17,2.12,214
stress-ng --cpu 8 --cpu-load 40 --timeout 60s --quiet,10,5/15/2026,1:31:32,10.07,2.12,212
stress-ng --cpu 8 --cpu-load 40 --timeout 60s --quiet,10,5/15/2026,1:31:33,10.47,2.12,215
stress-ng --cpu 8 --cpu-load 40 --timeout 60s --quiet,10,5/15/2026,1:31:34,9.85,2.12,206
stress-ng --cpu 8 --cpu-load 40 --timeout 60s --quiet,10,5/15/2026,1:31:35,10.01,2.12,210
stress-ng --cpu 8 --cpu-load 40 --timeout 60s --quiet,10,5/15/2026,1:31:36,10.36,2.12,203
stress-ng --cpu 8 --cpu-load 40 --timeout 60s --quiet,10,5/15/2026,1:31:37,10.37,2.12,210
stress-ng --cpu 8 --cpu-load 40 --timeout 60s --quiet,10,5/15/2026,1:31:38,10.43,2.12,213
stress-ng --cpu 8 --cpu-load 40 --timeout 60s --quiet,10,5/15/2026,1:31:39,10.19,2.12,208
stress-ng --cpu 8 --cpu-load 40 --timeout 60s --quiet,10,5/15/2026,1:31:40,10.25,2.12,212
stress-ng --cpu 8 --cpu-load 40 --timeout 60s --quiet,10,5/15/2026,1:31:41,9.74,2.12,220
stress-ng --cpu 8 --cpu-load 40 --timeout 60s --quiet,10,5/15/2026,1:31:42,10.04,2.13,222
stress-ng --cpu 8 --cpu-load 40 --timeout 60s --quiet,10,5/15/2026,1:31:43,10.31,2.13,218
stress-ng --cpu 8 --cpu-load 40 --timeout 60s --quiet,10,5/15/2026,1:31:44,10.38,2.13,215
stress-ng --cpu 8 --cpu-load 40 --timeout 60s --quiet,10,5/15/2026,1:31:45,9.82,2.13,218.5
stress-ng --cpu 8 --cpu-load 40 --timeout 60s --quiet,10,5/15/2026,1:31:46,10.02,2.13,222
stress-ng --cpu 8 --cpu-load 40 --timeout 60s --quiet,10,5/15/2026,1:31:47,10.44,2.13,183
stress-ng --cpu 8 --cpu-load 40 --timeout 60s --quiet,10,5/15/2026,1:31:48,9.7,2.13,206
stress-ng --cpu 8 --cpu-load 40 --timeout 60s --quiet,10,5/15/2026,11:24:11,0.15,2.11,121
stress-ng --cpu 8 --cpu-load 40 --timeout 60s --quiet,10,5/15/2026,11:24:12,8.08,2.21,121
stress-ng --cpu 8 --cpu-load 40 --timeout 60s --quiet,10,5/15/2026,11:24:13,9.92,2.21,174
stress-ng --cpu 8 --cpu-load 40 --timeout 60s --quiet,10,5/15/2026,11:24:14,10.06,2.21,215
stress-ng --cpu 8 --cpu-load 40 --timeout 60s --quiet,10,5/15/2026,11:24:15,10.32,2.21,218
stress-ng --cpu 8 --cpu-load 40 --timeout 60s --quiet,10,5/15/2026,11:24:16,10,2.21,204
stress-ng --cpu 8 --cpu-load 40 --timeout 60s --quiet,10,5/15/2026,11:24:17,10.38,2.21,225
stress-ng --cpu 8 --cpu-load 40 --timeout 60s --quiet,10,5/15/2026,11:24:18,9.85,2.2,186
stress-ng --cpu 8 --cpu-load 40 --timeout 60s --quiet,10,5/15/2026,11:24:19,10.68,2.2,203
stress-ng --cpu 8 --cpu-load 40 --timeout 60s --quiet,10,5/15/2026,11:24:20,9.9,2.19,202
stress-ng --cpu 8 --cpu-load 40 --timeout 60s --quiet,10,5/15/2026,11:24:21,10.51,2.19,210
stress-ng --cpu 8 --cpu-load 40 --timeout 60s --quiet,10,5/15/2026,11:24:22,9.76,2.19,195
stress-ng --cpu 8 --cpu-load 40 --timeout 60s --quiet,10,5/15/2026,11:24:23,10.45,2.2,213
stress-ng --cpu 8 --cpu-load 40 --timeout 60s --quiet,10,5/15/2026,11:24:24,10.39,2.19,192
stress-ng --cpu 8 --cpu-load 40 --timeout 60s --quiet,10,5/15/2026,11:24:25,9.98,2.19,215
stress-ng --cpu 8 --cpu-load 40 --timeout 60s --quiet,10,5/15/2026,11:24:26,10.59,2.19,218
stress-ng --cpu 8 --cpu-load 40 --timeout 60s --quiet,10,5/15/2026,11:24:27,9.8,2.19,214
stress-ng --cpu 8 --cpu-load 40 --timeout 60s --quiet,10,5/15/2026,11:24:28,10.89,2.19,196
stress-ng --cpu 8 --cpu-load 40 --timeout 60s --quiet,10,5/15/2026,11:24:29,9.48,2.19,205
stress-ng --cpu 8 --cpu-load 40 --timeout 60s --quiet,10,5/15/2026,11:24:30,10.63,2.19,206
stress-ng --cpu 8 --cpu-load 40 --timeout 60s --quiet,10,5/15/2026,11:24:31,9.95,2.19,197
stress-ng --cpu 8 --cpu-load 40 --timeout 60s --quiet,10,5/15/2026,11:24:32,10.15,2.18,208
stress-ng --cpu 8 --cpu-load 40 --timeout 60s --quiet,10,5/15/2026,11:24:33,10.63,2.18,211
stress-ng --cpu 8 --cpu-load 40 --timeout 60s --quiet,10,5/15/2026,11:24:34,9.73,2.18,199
stress-ng --cpu 8 --cpu-load 40 --timeout 60s --quiet,10,5/15/2026,11:24:35,10.44,2.18,204
stress-ng --cpu 8 --cpu-load 40 --timeout 60s --quiet,10,5/15/2026,11:24:36,10.23,2.18,208
stress-ng --cpu 8 --cpu-load 40 --timeout 60s --quiet,10,5/15/2026,11:24:37,9.74,2.18,183
stress-ng --cpu 8 --cpu-load 40 --timeout 60s --quiet,10,5/15/2026,11:24:38,10.15,2.18,221
stress-ng --cpu 8 --cpu-load 40 --timeout 60s --quiet,10,5/15/2026,11:24:39,10.56,2.18,183
stress-ng --cpu 8 --cpu-load 40 --timeout 60s --quiet,10,5/15/2026,11:24:40,10.13,2.18,213
stress-ng --cpu 8 --cpu-load 40 --timeout 60s --quiet,10,5/15/2026,11:24:41,10.75,2.18,198
stress-ng --cpu 8 --cpu-load 40 --timeout 60s --quiet,10,5/15/2026,11:24:42,9.67,2.18,183
stress-ng --cpu 8 --cpu-load 40 --timeout 60s --quiet,10,5/15/2026,11:24:43,10.16,2.18,200
stress-ng --cpu 8 --cpu-load 40 --timeout 60s --quiet,10,5/15/2026,11:24:44,10.46,2.18,217
stress-ng --cpu 8 --cpu-load 40 --timeout 60s --quiet,10,5/15/2026,11:24:45,10.19,2.19,220
stress-ng --cpu 8 --cpu-load 40 --timeout 60s --quiet,10,5/15/2026,11:24:46,10.04,2.19,221
stress-ng --cpu 8 --cpu-load 40 --timeout 60s --quiet,10,5/15/2026,11:24:47,10.43,2.19,207
stress-ng --cpu 8 --cpu-load 40 --timeout 60s --quiet,10,5/15/2026,11:24:48,9.86,2.19,216.5
stress-ng --cpu 8 --cpu-load 40 --timeout 60s --quiet,10,5/15/2026,11:24:49,10.69,2.19,226
stress-ng --cpu 8 --cpu-load 40 --timeout 60s --quiet,10,5/15/2026,11:24:50,9.48,2.19,208
stress-ng --cpu 8 --cpu-load 40 --timeout 60s --quiet,10,5/15/2026,11:24:51,10.43,2.19,206
stress-ng --cpu 8 --cpu-load 40 --timeout 60s --quiet,10,5/15/2026,11:24:52,10.44,2.19,224
stress-ng --cpu 8 --cpu-load 40 --timeout 60s --quiet,10,5/15/2026,11:24:53,9.72,2.19,212
stress-ng --cpu 8 --cpu-load 40 --timeout 60s --quiet,10,5/15/2026,11:24:54,10.76,2.19,223
stress-ng --cpu 8 --cpu-load 40 --timeout 60s --quiet,10,5/15/2026,11:24:55,9.82,2.19,200
stress-ng --cpu 8 --cpu-load 40 --timeout 60s --quiet,10,5/15/2026,11:24:56,10.47,2.2,206
stress-ng --cpu 8 --cpu-load 40 --timeout 60s --quiet,10,5/15/2026,11:24:57,10.01,2.2,212
stress-ng --cpu 8 --cpu-load 40 --timeout 60s --quiet,10,5/15/2026,11:24:58,10.28,2.2,224
stress-ng --cpu 8 --cpu-load 40 --timeout 60s --quiet,10,5/15/2026,11:24:59,10.28,2.2,219
stress-ng --cpu 8 --cpu-load 40 --timeout 60s --quiet,10,5/15/2026,11:25:00,9.92,2.2,224
stress-ng --cpu 8 --cpu-load 40 --timeout 60s --quiet,10,5/15/2026,11:25:01,11.53,2.2,222
stress-ng --cpu 8 --cpu-load 40 --timeout 60s --quiet,10,5/15/2026,11:25:02,13.67,2.23,244
stress-ng --cpu 8 --cpu-load 40 --timeout 60s --quiet,10,5/15/2026,11:25:03,9.98,2.23,243
stress-ng --cpu 8 --cpu-load 40 --timeout 60s --quiet,10,5/15/2026,11:25:04,10.61,2.23,218
stress-ng --cpu 8 --cpu-load 40 --timeout 60s --quiet,10,5/15/2026,11:25:05,9.94,2.22,183
stress-ng --cpu 8 --cpu-load 40 --timeout 60s --quiet,10,5/15/2026,11:25:06,10.47,2.22,225
stress-ng --cpu 8 --cpu-load 40 --timeout 60s --quiet,10,5/15/2026,11:25:07,9.98,2.21,227
stress-ng --cpu 8 --cpu-load 40 --timeout 60s --quiet,10,5/15/2026,11:25:08,10.34,2.21,208
stress-ng --cpu 8 --cpu-load 40 --timeout 60s --quiet,10,5/15/2026,11:25:09,10.1,2.22,220
stress-ng --cpu 8 --cpu-load 40 --timeout 60s --quiet,10,5/15/2026,11:25:10,10.34,2.22,220
stress-ng --cpu 8 --cpu-load 40 --timeout 60s --quiet,10,5/15/2026,11:25:11,10.28,2.22,225
stress-ng --cpu 8 --cpu-load 40 --timeout 60s --quiet,10,5/15/2026,11:25:12,5.27,2.16,214
stress-ng --cpu 8 --cpu-load 40 --timeout 60s --quiet,10,5/15/2026,22:11:41,0.15,2.13,141
stress-ng --cpu 8 --cpu-load 40 --timeout 60s --quiet,10,5/15/2026,22:11:42,8.16,2.21,191
stress-ng --cpu 8 --cpu-load 40 --timeout 60s --quiet,10,5/15/2026,22:11:43,10.25,2.22,193
stress-ng --cpu 8 --cpu-load 40 --timeout 60s --quiet,10,5/15/2026,22:11:44,10.03,2.22,200
stress-ng --cpu 8 --cpu-load 40 --timeout 60s --quiet,10,5/15/2026,22:11:45,9.95,2.22,193.5
stress-ng --cpu 8 --cpu-load 40 --timeout 60s --quiet,10,5/15/2026,22:11:46,10.25,2.22,187
stress-ng --cpu 8 --cpu-load 40 --timeout 60s --quiet,10,5/15/2026,22:11:47,10.12,2.21,180
stress-ng --cpu 8 --cpu-load 40 --timeout 60s --quiet,10,5/15/2026,22:11:48,10.44,2.21,187
stress-ng --cpu 8 --cpu-load 40 --timeout 60s --quiet,10,5/15/2026,22:11:49,10.06,2.22,207
stress-ng --cpu 8 --cpu-load 40 --timeout 60s --quiet,10,5/15/2026,22:11:50,10.71,2.22,208
stress-ng --cpu 8 --cpu-load 40 --timeout 60s --quiet,10,5/15/2026,22:11:51,9.85,2.21,197
stress-ng --cpu 8 --cpu-load 40 --timeout 60s --quiet,10,5/15/2026,22:11:52,10.26,2.21,190
stress-ng --cpu 8 --cpu-load 40 --timeout 60s --quiet,10,5/15/2026,22:11:53,10.01,2.21,194
stress-ng --cpu 8 --cpu-load 40 --timeout 60s --quiet,10,5/15/2026,22:11:54,10.14,2.21,222
stress-ng --cpu 8 --cpu-load 40 --timeout 60s --quiet,10,5/15/2026,22:11:55,10.19,2.21,220
stress-ng --cpu 8 --cpu-load 40 --timeout 60s --quiet,10,5/15/2026,22:11:56,9.7,2.21,200
stress-ng --cpu 8 --cpu-load 40 --timeout 60s --quiet,10,5/15/2026,22:11:57,10.62,2.21,207
stress-ng --cpu 8 --cpu-load 40 --timeout 60s --quiet,10,5/15/2026,22:11:58,9.59,2.2,193
stress-ng --cpu 8 --cpu-load 40 --timeout 60s --quiet,10,5/15/2026,22:11:59,10.78,2.2,214
stress-ng --cpu 8 --cpu-load 40 --timeout 60s --quiet,10,5/15/2026,22:12:00,9.64,2.2,171
stress-ng --cpu 8 --cpu-load 40 --timeout 60s --quiet,10,5/15/2026,22:12:01,10.155,2.205,200
stress-ng --cpu 8 --cpu-load 40 --timeout 60s --quiet,10,5/15/2026,22:12:02,10.67,2.21,203
stress-ng --cpu 8 --cpu-load 40 --timeout 60s --quiet,10,5/15/2026,22:12:03,10.1,2.2,209
stress-ng --cpu 8 --cpu-load 40 --timeout 60s --quiet,10,5/15/2026,22:12:04,10.71,2.2,215
stress-ng --cpu 8 --cpu-load 40 --timeout 60s --quiet,10,5/15/2026,22:12:05,9.51,2.2,200
stress-ng --cpu 8 --cpu-load 40 --timeout 60s --quiet,10,5/15/2026,22:12:06,10.41,2.2,208
stress-ng --cpu 8 --cpu-load 40 --timeout 60s --quiet,10,5/15/2026,22:12:07,9.75,2.2,209
stress-ng --cpu 8 --cpu-load 40 --timeout 60s --quiet,10,5/15/2026,22:12:08,10.68,2.19,212
stress-ng --cpu 8 --cpu-load 40 --timeout 60s --quiet,10,5/15/2026,22:12:09,9.74,2.19,203
stress-ng --cpu 8 --cpu-load 40 --timeout 60s --quiet,10,5/15/2026,22:12:10,10.47,2.19,202
stress-ng --cpu 8 --cpu-load 40 --timeout 60s --quiet,10,5/15/2026,22:12:11,9.91,2.2,202
stress-ng --cpu 8 --cpu-load 40 --timeout 60s --quiet,10,5/15/2026,22:12:12,10.5,2.19,213
stress-ng --cpu 8 --cpu-load 40 --timeout 60s --quiet,10,5/15/2026,22:12:13,9.98,2.19,226
stress-ng --cpu 8 --cpu-load 40 --timeout 60s --quiet,10,5/15/2026,22:12:14,10.26,2.19,190
stress-ng --cpu 8 --cpu-load 40 --timeout 60s --quiet,10,5/15/2026,22:12:15,10.31,2.19,210
stress-ng --cpu 8 --cpu-load 40 --timeout 60s --quiet,10,5/15/2026,22:12:16,9.76,2.19,215
stress-ng --cpu 8 --cpu-load 40 --timeout 60s --quiet,10,5/15/2026,22:12:17,10.77,2.19,215
stress-ng --cpu 8 --cpu-load 40 --timeout 60s --quiet,10,5/15/2026,22:12:18,9.79,2.19,206
stress-ng --cpu 8 --cpu-load 40 --timeout 60s --quiet,10,5/15/2026,22:12:19,10.16,2.19,195
stress-ng --cpu 8 --cpu-load 40 --timeout 60s --quiet,10,5/15/2026,22:12:20,10.55,2.19,211
stress-ng --cpu 8 --cpu-load 40 --timeout 60s --quiet,10,5/15/2026,22:12:21,10.01,2.19,198
stress-ng --cpu 8 --cpu-load 40 --timeout 60s --quiet,10,5/15/2026,22:12:22,9.98,2.18,204
stress-ng --cpu 8 --cpu-load 40 --timeout 60s --quiet,10,5/15/2026,22:12:23,10.22,2.19,206
stress-ng --cpu 8 --cpu-load 40 --timeout 60s --quiet,10,5/15/2026,22:12:24,9.83,2.18,216
stress-ng --cpu 8 --cpu-load 40 --timeout 60s --quiet,10,5/15/2026,22:12:25,10.55,2.19,216
stress-ng --cpu 8 --cpu-load 40 --timeout 60s --quiet,10,5/15/2026,22:12:26,10.29,2.19,186
stress-ng --cpu 8 --cpu-load 40 --timeout 60s --quiet,10,5/15/2026,22:12:27,10.15,2.17,208
stress-ng --cpu 8 --cpu-load 40 --timeout 60s --quiet,10,5/15/2026,22:12:28,9.79,2.17,209
stress-ng --cpu 8 --cpu-load 40 --timeout 60s --quiet,10,5/15/2026,22:12:29,9.91,2.17,187
stress-ng --cpu 8 --cpu-load 40 --timeout 60s --quiet,10,5/15/2026,22:12:30,11.07,2.18,205
stress-ng --cpu 8 --cpu-load 40 --timeout 60s --quiet,10,5/15/2026,22:12:31,9.94,2.17,209
stress-ng --cpu 8 --cpu-load 40 --timeout 60s --quiet,10,5/15/2026,22:12:32,9.98,2.17,206
stress-ng --cpu 8 --cpu-load 40 --timeout 60s --quiet,10,5/15/2026,22:12:33,10.13,2.17,203
stress-ng --cpu 8 --cpu-load 40 --timeout 60s --quiet,10,5/15/2026,22:12:34,9.94,2.18,214
stress-ng --cpu 8 --cpu-load 40 --timeout 60s --quiet,10,5/15/2026,22:12:35,10.71,2.16,183
stress-ng --cpu 8 --cpu-load 40 --timeout 60s --quiet,10,5/15/2026,22:12:36,10.01,2.16,194.5
stress-ng --cpu 8 --cpu-load 40 --timeout 60s --quiet,10,5/15/2026,22:12:37,10.74,2.16,206
stress-ng --cpu 8 --cpu-load 40 --timeout 60s --quiet,10,5/15/2026,22:12:38,9.54,2.17,204
stress-ng --cpu 8 --cpu-load 40 --timeout 60s --quiet,10,5/15/2026,22:12:39,10.16,2.17,172
stress-ng --cpu 8 --cpu-load 40 --timeout 60s --quiet,10,5/15/2026,22:12:40,10.29,2.16,213
stress-ng --cpu 8 --cpu-load 40 --timeout 60s --quiet,10,5/15/2026,22:12:41,9.97,2.17,215
stress-ng --cpu 8 --cpu-load 40 --timeout 60s --quiet,10,5/15/2026,22:12:42,4.43,2.12,184
stress-ng --cpu 8 --cpu-load 44 --timeout 60s --quiet,11,5/15/2026,2:26:56,0.12,2.11,107
stress-ng --cpu 8 --cpu-load 44 --timeout 60s --quiet,11,5/15/2026,2:26:57,3.42,2.18,119
stress-ng --cpu 8 --cpu-load 44 --timeout 60s --quiet,11,5/15/2026,2:26:58,10.78,2.18,176
stress-ng --cpu 8 --cpu-load 44 --timeout 60s --quiet,11,5/15/2026,2:26:59,11.07,2.18,195
stress-ng --cpu 8 --cpu-load 44 --timeout 60s --quiet,11,5/15/2026,2:27:00,11.23,2.19,210
stress-ng --cpu 8 --cpu-load 44 --timeout 60s --quiet,11,5/15/2026,2:27:01,12.12,2.19,164
stress-ng --cpu 8 --cpu-load 44 --timeout 60s --quiet,11,5/15/2026,2:27:02,10.95,2.18,181
stress-ng --cpu 8 --cpu-load 44 --timeout 60s --quiet,11,5/15/2026,2:27:03,10.93,2.19,209
stress-ng --cpu 8 --cpu-load 44 --timeout 60s --quiet,11,5/15/2026,2:27:04,10.96,2.18,205
stress-ng --cpu 8 --cpu-load 44 --timeout 60s --quiet,11,5/15/2026,2:27:05,11.52,2.18,188
stress-ng --cpu 8 --cpu-load 44 --timeout 60s --quiet,11,5/15/2026,2:27:06,11.17,2.18,194.5
stress-ng --cpu 8 --cpu-load 44 --timeout 60s --quiet,11,5/15/2026,2:27:07,11.48,2.18,201
stress-ng --cpu 8 --cpu-load 44 --timeout 60s --quiet,11,5/15/2026,2:27:08,10.71,2.16,177
stress-ng --cpu 8 --cpu-load 44 --timeout 60s --quiet,11,5/15/2026,2:27:09,11.14,2.16,214
stress-ng --cpu 8 --cpu-load 44 --timeout 60s --quiet,11,5/15/2026,2:27:10,11.63,2.17,204
stress-ng --cpu 8 --cpu-load 44 --timeout 60s --quiet,11,5/15/2026,2:27:11,10.5,2.17,215
stress-ng --cpu 8 --cpu-load 44 --timeout 60s --quiet,11,5/15/2026,2:27:12,11.6,2.16,216
stress-ng --cpu 8 --cpu-load 44 --timeout 60s --quiet,11,5/15/2026,2:27:13,10.86,2.17,212
stress-ng --cpu 8 --cpu-load 44 --timeout 60s --quiet,11,5/15/2026,2:27:14,11.5,2.15,184
stress-ng --cpu 8 --cpu-load 44 --timeout 60s --quiet,11,5/15/2026,2:27:15,11.29,2.16,189
stress-ng --cpu 8 --cpu-load 44 --timeout 60s --quiet,11,5/15/2026,2:27:16,11.09,2.16,209
stress-ng --cpu 8 --cpu-load 44 --timeout 60s --quiet,11,5/15/2026,2:27:17,11.2,2.16,215
stress-ng --cpu 8 --cpu-load 44 --timeout 60s --quiet,11,5/15/2026,2:27:18,11.39,2.16,221
stress-ng --cpu 8 --cpu-load 44 --timeout 60s --quiet,11,5/15/2026,2:27:19,11.23,2.16,217
stress-ng --cpu 8 --cpu-load 44 --timeout 60s --quiet,11,5/15/2026,2:27:20,11.01,2.15,215
stress-ng --cpu 8 --cpu-load 44 --timeout 60s --quiet,11,5/15/2026,2:27:21,11.34,2.15,223
stress-ng --cpu 8 --cpu-load 44 --timeout 60s --quiet,11,5/15/2026,2:27:22,11.27,2.15,224
stress-ng --cpu 8 --cpu-load 44 --timeout 60s --quiet,11,5/15/2026,2:27:23,11.2,2.15,220
stress-ng --cpu 8 --cpu-load 44 --timeout 60s --quiet,11,5/15/2026,2:27:24,11.36,2.15,217
stress-ng --cpu 8 --cpu-load 44 --timeout 60s --quiet,11,5/15/2026,2:27:25,10.9,2.14,216
stress-ng --cpu 8 --cpu-load 44 --timeout 60s --quiet,11,5/15/2026,2:27:26,11.2,2.14,215
stress-ng --cpu 8 --cpu-load 44 --timeout 60s --quiet,11,5/15/2026,2:27:27,11.13,2.14,226
stress-ng --cpu 8 --cpu-load 44 --timeout 60s --quiet,11,5/15/2026,2:27:28,11.08,2.14,230
stress-ng --cpu 8 --cpu-load 44 --timeout 60s --quiet,11,5/15/2026,2:27:29,11.23,2.14,223
stress-ng --cpu 8 --cpu-load 44 --timeout 60s --quiet,11,5/15/2026,2:27:30,11.24,2.14,226
stress-ng --cpu 8 --cpu-load 44 --timeout 60s --quiet,11,5/15/2026,2:27:31,11.35,2.14,225
stress-ng --cpu 8 --cpu-load 44 --timeout 60s --quiet,11,5/15/2026,2:27:32,11.23,2.14,213
stress-ng --cpu 8 --cpu-load 44 --timeout 60s --quiet,11,5/15/2026,2:27:33,11.05,2.14,211
stress-ng --cpu 8 --cpu-load 44 --timeout 60s --quiet,11,5/15/2026,2:27:34,11.06,2.14,197
stress-ng --cpu 8 --cpu-load 44 --timeout 60s --quiet,11,5/15/2026,2:27:35,11.05,2.14,211
stress-ng --cpu 8 --cpu-load 44 --timeout 60s --quiet,11,5/15/2026,2:27:36,11.03,2.14,224
stress-ng --cpu 8 --cpu-load 44 --timeout 60s --quiet,11,5/15/2026,2:27:37,11.02,2.14,220
stress-ng --cpu 8 --cpu-load 44 --timeout 60s --quiet,11,5/15/2026,2:27:38,11.38,2.14,230
stress-ng --cpu 8 --cpu-load 44 --timeout 60s --quiet,11,5/15/2026,2:27:39,11.25,2.14,217
stress-ng --cpu 8 --cpu-load 44 --timeout 60s --quiet,11,5/15/2026,2:27:40,11.08,2.14,216
stress-ng --cpu 8 --cpu-load 44 --timeout 60s --quiet,11,5/15/2026,2:27:41,11.28,2.14,217.5
stress-ng --cpu 8 --cpu-load 44 --timeout 60s --quiet,11,5/15/2026,2:27:42,11.34,2.14,219
stress-ng --cpu 8 --cpu-load 44 --timeout 60s --quiet,11,5/15/2026,2:27:43,11.2,2.14,226
stress-ng --cpu 8 --cpu-load 44 --timeout 60s --quiet,11,5/15/2026,2:27:44,11.23,2.14,210
stress-ng --cpu 8 --cpu-load 44 --timeout 60s --quiet,11,5/15/2026,2:27:45,11.05,2.14,224
stress-ng --cpu 8 --cpu-load 44 --timeout 60s --quiet,11,5/15/2026,2:27:46,11.135,2.14,219
stress-ng --cpu 8 --cpu-load 44 --timeout 60s --quiet,11,5/15/2026,2:27:47,11.22,2.14,215
stress-ng --cpu 8 --cpu-load 44 --timeout 60s --quiet,11,5/15/2026,2:27:48,10.99,2.14,214
stress-ng --cpu 8 --cpu-load 44 --timeout 60s --quiet,11,5/15/2026,2:27:49,11.09,2.14,209
stress-ng --cpu 8 --cpu-load 44 --timeout 60s --quiet,11,5/15/2026,2:27:50,11.3,2.14,220
stress-ng --cpu 8 --cpu-load 44 --timeout 60s --quiet,11,5/15/2026,2:27:51,10.99,2.14,228
stress-ng --cpu 8 --cpu-load 44 --timeout 60s --quiet,11,5/15/2026,2:27:52,11.28,2.14,219
stress-ng --cpu 8 --cpu-load 44 --timeout 60s --quiet,11,5/15/2026,2:27:53,11.21,2.15,233
stress-ng --cpu 8 --cpu-load 44 --timeout 60s --quiet,11,5/15/2026,2:27:54,11.33,2.15,225
stress-ng --cpu 8 --cpu-load 44 --timeout 60s --quiet,11,5/15/2026,2:27:55,11.24,2.15,212
stress-ng --cpu 8 --cpu-load 44 --timeout 60s --quiet,11,5/15/2026,2:27:56,11.06,2.15,230
stress-ng --cpu 8 --cpu-load 44 --timeout 60s --quiet,11,5/15/2026,2:27:57,10.59,2.14,223
stress-ng --cpu 8 --cpu-load 44 --timeout 60s --quiet,11,5/15/2026,5:01:17,0.28,2.13,131
stress-ng --cpu 8 --cpu-load 44 --timeout 60s --quiet,11,5/15/2026,5:01:18,8.94,2.23,166
stress-ng --cpu 8 --cpu-load 44 --timeout 60s --quiet,11,5/15/2026,5:01:19,10.97,2.23,176
stress-ng --cpu 8 --cpu-load 44 --timeout 60s --quiet,11,5/15/2026,5:01:20,11.6,2.22,214
stress-ng --cpu 8 --cpu-load 44 --timeout 60s --quiet,11,5/15/2026,5:01:21,11.03,2.22,205
stress-ng --cpu 8 --cpu-load 44 --timeout 60s --quiet,11,5/15/2026,5:01:22,11.6,2.23,193
stress-ng --cpu 8 --cpu-load 44 --timeout 60s --quiet,11,5/15/2026,5:01:23,10.9,2.21,181
stress-ng --cpu 8 --cpu-load 44 --timeout 60s --quiet,11,5/15/2026,5:01:24,11.11,2.22,209
stress-ng --cpu 8 --cpu-load 44 --timeout 60s --quiet,11,5/15/2026,5:01:25,10.99,2.22,210
stress-ng --cpu 8 --cpu-load 44 --timeout 60s --quiet,11,5/15/2026,5:01:26,11.73,2.21,179
stress-ng --cpu 8 --cpu-load 44 --timeout 60s --quiet,11,5/15/2026,5:01:27,11.49,2.21,182
stress-ng --cpu 8 --cpu-load 44 --timeout 60s --quiet,11,5/15/2026,5:01:28,10.46,2.21,196
stress-ng --cpu 8 --cpu-load 44 --timeout 60s --quiet,11,5/15/2026,5:01:29,11.3,2.2,199
stress-ng --cpu 8 --cpu-load 44 --timeout 60s --quiet,11,5/15/2026,5:01:30,11.64,2.2,202
stress-ng --cpu 8 --cpu-load 44 --timeout 60s --quiet,11,5/15/2026,5:01:31,11.09,2.2,218
stress-ng --cpu 8 --cpu-load 44 --timeout 60s --quiet,11,5/15/2026,5:01:32,10.65,2.21,209
stress-ng --cpu 8 --cpu-load 44 --timeout 60s --quiet,11,5/15/2026,5:01:33,11.8,2.21,215
stress-ng --cpu 8 --cpu-load 44 --timeout 60s --quiet,11,5/15/2026,5:01:34,10.72,2.21,221
stress-ng --cpu 8 --cpu-load 44 --timeout 60s --quiet,11,5/15/2026,5:01:35,11,2.2,207
stress-ng --cpu 8 --cpu-load 44 --timeout 60s --quiet,11,5/15/2026,5:01:36,11.43,2.2,201
stress-ng --cpu 8 --cpu-load 44 --timeout 60s --quiet,11,5/15/2026,5:01:37,10.98,2.21,224
stress-ng --cpu 8 --cpu-load 44 --timeout 60s --quiet,11,5/15/2026,5:01:38,11.24,2.19,214
stress-ng --cpu 8 --cpu-load 44 --timeout 60s --quiet,11,5/15/2026,5:01:39,10.8,2.19,212
stress-ng --cpu 8 --cpu-load 44 --timeout 60s --quiet,11,5/15/2026,5:01:40,11.34,2.18,208
stress-ng --cpu 8 --cpu-load 44 --timeout 60s --quiet,11,5/15/2026,5:01:41,11.03,2.18,207
stress-ng --cpu 8 --cpu-load 44 --timeout 60s --quiet,11,5/15/2026,5:01:42,10.81,2.18,214
stress-ng --cpu 8 --cpu-load 44 --timeout 60s --quiet,11,5/15/2026,5:01:43,11.46,2.18,193
stress-ng --cpu 8 --cpu-load 44 --timeout 60s --quiet,11,5/15/2026,5:01:44,11.14,2.18,211
stress-ng --cpu 8 --cpu-load 44 --timeout 60s --quiet,11,5/15/2026,5:01:45,10.94,2.18,211
stress-ng --cpu 8 --cpu-load 44 --timeout 60s --quiet,11,5/15/2026,5:01:46,11.6,2.18,211
stress-ng --cpu 8 --cpu-load 44 --timeout 60s --quiet,11,5/15/2026,5:01:47,11.32,2.18,198
stress-ng --cpu 8 --cpu-load 44 --timeout 60s --quiet,11,5/15/2026,5:01:48,10.79,2.18,211
stress-ng --cpu 8 --cpu-load 44 --timeout 60s --quiet,11,5/15/2026,5:01:49,11.49,2.18,193
stress-ng --cpu 8 --cpu-load 44 --timeout 60s --quiet,11,5/15/2026,5:01:50,11.03,2.18,190
stress-ng --cpu 8 --cpu-load 44 --timeout 60s --quiet,11,5/15/2026,5:01:51,11.34,2.18,231
stress-ng --cpu 8 --cpu-load 44 --timeout 60s --quiet,11,5/15/2026,5:01:52,10.87,2.18,225
stress-ng --cpu 8 --cpu-load 44 --timeout 60s --quiet,11,5/15/2026,5:01:53,11.11,2.18,219
stress-ng --cpu 8 --cpu-load 44 --timeout 60s --quiet,11,5/15/2026,5:01:54,11.36,2.18,213
stress-ng --cpu 8 --cpu-load 44 --timeout 60s --quiet,11,5/15/2026,5:01:55,10.59,2.18,216
stress-ng --cpu 8 --cpu-load 44 --timeout 60s --quiet,11,5/15/2026,5:01:56,12.06,2.18,214
stress-ng --cpu 8 --cpu-load 44 --timeout 60s --quiet,11,5/15/2026,5:01:57,10.99,2.17,222
stress-ng --cpu 8 --cpu-load 44 --timeout 60s --quiet,11,5/15/2026,5:01:58,11.09,2.17,230
stress-ng --cpu 8 --cpu-load 44 --timeout 60s --quiet,11,5/15/2026,5:01:59,11.5,2.17,185
stress-ng --cpu 8 --cpu-load 44 --timeout 60s --quiet,11,5/15/2026,5:02:00,10.18,2.17,212
stress-ng --cpu 8 --cpu-load 44 --timeout 60s --quiet,11,5/15/2026,5:02:01,11.63,2.17,192
stress-ng --cpu 8 --cpu-load 44 --timeout 60s --quiet,11,5/15/2026,5:02:02,10.92,2.17,199
stress-ng --cpu 8 --cpu-load 44 --timeout 60s --quiet,11,5/15/2026,5:02:03,11.29,2.17,216
stress-ng --cpu 8 --cpu-load 44 --timeout 60s --quiet,11,5/15/2026,5:02:04,11.3,2.17,202
stress-ng --cpu 8 --cpu-load 44 --timeout 60s --quiet,11,5/15/2026,5:02:05,11.45,2.17,202
stress-ng --cpu 8 --cpu-load 44 --timeout 60s --quiet,11,5/15/2026,5:02:06,11.02,2.17,200
stress-ng --cpu 8 --cpu-load 44 --timeout 60s --quiet,11,5/15/2026,5:02:07,11.35,2.16,205
stress-ng --cpu 8 --cpu-load 44 --timeout 60s --quiet,11,5/15/2026,5:02:08,10.86,2.16,212
stress-ng --cpu 8 --cpu-load 44 --timeout 60s --quiet,11,5/15/2026,5:02:09,10.78,2.16,187
stress-ng --cpu 8 --cpu-load 44 --timeout 60s --quiet,11,5/15/2026,5:02:10,11.44,2.16,215
stress-ng --cpu 8 --cpu-load 44 --timeout 60s --quiet,11,5/15/2026,5:02:11,10.97,2.16,211
stress-ng --cpu 8 --cpu-load 44 --timeout 60s --quiet,11,5/15/2026,5:02:12,11.61,2.16,225
stress-ng --cpu 8 --cpu-load 44 --timeout 60s --quiet,11,5/15/2026,5:02:13,10.84,2.16,225
stress-ng --cpu 8 --cpu-load 44 --timeout 60s --quiet,11,5/15/2026,5:02:14,11.14,2.16,212
stress-ng --cpu 8 --cpu-load 44 --timeout 60s --quiet,11,5/15/2026,5:02:15,11.24,2.15,228
stress-ng --cpu 8 --cpu-load 44 --timeout 60s --quiet,11,5/15/2026,5:02:16,11.23,2.15,225
stress-ng --cpu 8 --cpu-load 44 --timeout 60s --quiet,11,5/15/2026,5:02:17,11.23,2.15,226
stress-ng --cpu 8 --cpu-load 44 --timeout 60s --quiet,11,5/15/2026,14:52:41,0.15,2.12,130
stress-ng --cpu 8 --cpu-load 44 --timeout 60s --quiet,11,5/15/2026,14:52:42,8.45,2.23,188
stress-ng --cpu 8 --cpu-load 44 --timeout 60s --quiet,11,5/15/2026,14:52:43,11.39,2.23,205
stress-ng --cpu 8 --cpu-load 44 --timeout 60s --quiet,11,5/15/2026,14:52:44,10.74,2.22,175
stress-ng --cpu 8 --cpu-load 44 --timeout 60s --quiet,11,5/15/2026,14:52:45,11.88,2.23,194
stress-ng --cpu 8 --cpu-load 44 --timeout 60s --quiet,11,5/15/2026,14:52:46,10.95,2.23,204
stress-ng --cpu 8 --cpu-load 44 --timeout 60s --quiet,11,5/15/2026,14:52:47,11.47,2.23,199
stress-ng --cpu 8 --cpu-load 44 --timeout 60s --quiet,11,5/15/2026,14:52:48,10.98,2.23,208
stress-ng --cpu 8 --cpu-load 44 --timeout 60s --quiet,11,5/15/2026,14:52:49,11.79,2.23,206
stress-ng --cpu 8 --cpu-load 44 --timeout 60s --quiet,11,5/15/2026,14:52:50,11.04,2.23,219
stress-ng --cpu 8 --cpu-load 44 --timeout 60s --quiet,11,5/15/2026,14:52:51,10.75,2.22,216.5
stress-ng --cpu 8 --cpu-load 44 --timeout 60s --quiet,11,5/15/2026,14:52:52,12.23,2.23,214
stress-ng --cpu 8 --cpu-load 44 --timeout 60s --quiet,11,5/15/2026,14:52:53,10.65,2.23,215
stress-ng --cpu 8 --cpu-load 44 --timeout 60s --quiet,11,5/15/2026,14:52:54,11.36,2.23,218
stress-ng --cpu 8 --cpu-load 44 --timeout 60s --quiet,11,5/15/2026,14:52:55,11.08,2.23,221
stress-ng --cpu 8 --cpu-load 44 --timeout 60s --quiet,11,5/15/2026,14:52:56,10.96,2.22,221
stress-ng --cpu 8 --cpu-load 44 --timeout 60s --quiet,11,5/15/2026,14:52:57,11.57,2.21,223
stress-ng --cpu 8 --cpu-load 44 --timeout 60s --quiet,11,5/15/2026,14:52:58,11.08,2.21,211
stress-ng --cpu 8 --cpu-load 44 --timeout 60s --quiet,11,5/15/2026,14:52:59,11.7,2.21,204
stress-ng --cpu 8 --cpu-load 44 --timeout 60s --quiet,11,5/15/2026,14:53:00,11.15,2.21,213
stress-ng --cpu 8 --cpu-load 44 --timeout 60s --quiet,11,5/15/2026,14:53:01,11.2,2.21,216
stress-ng --cpu 8 --cpu-load 44 --timeout 60s --quiet,11,5/15/2026,14:53:02,11.12,2.21,219
stress-ng --cpu 8 --cpu-load 44 --timeout 60s --quiet,11,5/15/2026,14:53:03,11.2,2.21,224
stress-ng --cpu 8 --cpu-load 44 --timeout 60s --quiet,11,5/15/2026,14:53:04,11.09,2.21,222
stress-ng --cpu 8 --cpu-load 44 --timeout 60s --quiet,11,5/15/2026,14:53:05,11.44,2.21,213
stress-ng --cpu 8 --cpu-load 44 --timeout 60s --quiet,11,5/15/2026,14:53:06,11.05,2.21,214
stress-ng --cpu 8 --cpu-load 44 --timeout 60s --quiet,11,5/15/2026,14:53:07,11.39,2.21,220
stress-ng --cpu 8 --cpu-load 44 --timeout 60s --quiet,11,5/15/2026,14:53:08,11.1,2.21,223
stress-ng --cpu 8 --cpu-load 44 --timeout 60s --quiet,11,5/15/2026,14:53:09,11.4,2.21,220
stress-ng --cpu 8 --cpu-load 44 --timeout 60s --quiet,11,5/15/2026,14:53:10,11.08,2.21,205
stress-ng --cpu 8 --cpu-load 44 --timeout 60s --quiet,11,5/15/2026,14:53:11,11.55,2.21,212
stress-ng --cpu 8 --cpu-load 44 --timeout 60s --quiet,11,5/15/2026,14:53:12,11.12,2.21,224
stress-ng --cpu 8 --cpu-load 44 --timeout 60s --quiet,11,5/15/2026,14:53:13,11.06,2.21,224.5
stress-ng --cpu 8 --cpu-load 44 --timeout 60s --quiet,11,5/15/2026,14:53:14,11.32,2.21,225
stress-ng --cpu 8 --cpu-load 44 --timeout 60s --quiet,11,5/15/2026,14:53:15,11.15,2.21,225
stress-ng --cpu 8 --cpu-load 44 --timeout 60s --quiet,11,5/15/2026,14:53:16,10.87,2.2,213
stress-ng --cpu 8 --cpu-load 44 --timeout 60s --quiet,11,5/15/2026,14:53:17,11.68,2.2,205
stress-ng --cpu 8 --cpu-load 44 --timeout 60s --quiet,11,5/15/2026,14:53:18,11.15,2.2,210
stress-ng --cpu 8 --cpu-load 44 --timeout 60s --quiet,11,5/15/2026,14:53:19,10.99,2.2,214
stress-ng --cpu 8 --cpu-load 44 --timeout 60s --quiet,11,5/15/2026,14:53:20,11.23,2.21,199
stress-ng --cpu 8 --cpu-load 44 --timeout 60s --quiet,11,5/15/2026,14:53:21,11.34,2.21,206
stress-ng --cpu 8 --cpu-load 44 --timeout 60s --quiet,11,5/15/2026,14:53:22,10.85,2.2,210
stress-ng --cpu 8 --cpu-load 44 --timeout 60s --quiet,11,5/15/2026,14:53:23,11.29,2.2,189
stress-ng --cpu 8 --cpu-load 44 --timeout 60s --quiet,11,5/15/2026,14:53:24,11.57,2.2,184
stress-ng --cpu 8 --cpu-load 44 --timeout 60s --quiet,11,5/15/2026,14:53:25,10.84,2.2,182
stress-ng --cpu 8 --cpu-load 44 --timeout 60s --quiet,11,5/15/2026,14:53:26,11.17,2.2,222
stress-ng --cpu 8 --cpu-load 44 --timeout 60s --quiet,11,5/15/2026,14:53:27,11.77,2.2,220
stress-ng --cpu 8 --cpu-load 44 --timeout 60s --quiet,11,5/15/2026,14:53:28,10.78,2.2,216
stress-ng --cpu 8 --cpu-load 44 --timeout 60s --quiet,11,5/15/2026,14:53:29,11.49,2.21,202
stress-ng --cpu 8 --cpu-load 44 --timeout 60s --quiet,11,5/15/2026,14:53:30,10.86,2.2,212
stress-ng --cpu 8 --cpu-load 44 --timeout 60s --quiet,11,5/15/2026,14:53:31,11.35,2.2,211
stress-ng --cpu 8 --cpu-load 44 --timeout 60s --quiet,11,5/15/2026,14:53:32,11.4,2.2,212
stress-ng --cpu 8 --cpu-load 44 --timeout 60s --quiet,11,5/15/2026,14:53:33,10.83,2.2,180
stress-ng --cpu 8 --cpu-load 44 --timeout 60s --quiet,11,5/15/2026,14:53:34,11.86,2.2,209
stress-ng --cpu 8 --cpu-load 44 --timeout 60s --quiet,11,5/15/2026,14:53:35,10.99,2.21,207
stress-ng --cpu 8 --cpu-load 44 --timeout 60s --quiet,11,5/15/2026,14:53:36,10.78,2.21,188
stress-ng --cpu 8 --cpu-load 44 --timeout 60s --quiet,11,5/15/2026,14:53:37,11.49,2.21,209
stress-ng --cpu 8 --cpu-load 44 --timeout 60s --quiet,11,5/15/2026,14:53:38,11.22,2.21,211
stress-ng --cpu 8 --cpu-load 44 --timeout 60s --quiet,11,5/15/2026,14:53:39,11.24,2.2,217
stress-ng --cpu 8 --cpu-load 44 --timeout 60s --quiet,11,5/15/2026,14:53:40,11.58,2.21,209
stress-ng --cpu 8 --cpu-load 44 --timeout 60s --quiet,11,5/15/2026,14:53:41,4.99,2.16,213
stress-ng --cpu 8 --cpu-load 48 --timeout 60s --quiet,12,5/14/2026,22:16:25,9.73,2.2,109
stress-ng --cpu 8 --cpu-load 48 --timeout 60s --quiet,12,5/14/2026,22:16:26,12.03,2.2,109
stress-ng --cpu 8 --cpu-load 48 --timeout 60s --quiet,12,5/14/2026,22:16:27,12.41,2.2,203
stress-ng --cpu 8 --cpu-load 48 --timeout 60s --quiet,12,5/14/2026,22:16:28,11.86,2.2,209
stress-ng --cpu 8 --cpu-load 48 --timeout 60s --quiet,12,5/14/2026,22:16:29,11.975,2.2,215
stress-ng --cpu 8 --cpu-load 48 --timeout 60s --quiet,12,5/14/2026,22:16:30,12.09,2.2,223
stress-ng --cpu 8 --cpu-load 48 --timeout 60s --quiet,12,5/14/2026,22:16:31,12.38,2.19,217
stress-ng --cpu 8 --cpu-load 48 --timeout 60s --quiet,12,5/14/2026,22:16:32,12.14,2.19,224
stress-ng --cpu 8 --cpu-load 48 --timeout 60s --quiet,12,5/14/2026,22:16:33,12.38,2.19,228
stress-ng --cpu 8 --cpu-load 48 --timeout 60s --quiet,12,5/14/2026,22:16:34,11.69,2.19,228
stress-ng --cpu 8 --cpu-load 48 --timeout 60s --quiet,12,5/14/2026,22:16:35,12.13,2.19,231
stress-ng --cpu 8 --cpu-load 48 --timeout 60s --quiet,12,5/14/2026,22:16:36,12.17,2.18,204
stress-ng --cpu 8 --cpu-load 48 --timeout 60s --quiet,12,5/14/2026,22:16:37,12.25,2.18,220
stress-ng --cpu 8 --cpu-load 48 --timeout 60s --quiet,12,5/14/2026,22:16:38,12.32,2.18,222
stress-ng --cpu 8 --cpu-load 48 --timeout 60s --quiet,12,5/14/2026,22:16:39,12.17,2.19,217
stress-ng --cpu 8 --cpu-load 48 --timeout 60s --quiet,12,5/14/2026,22:16:40,12.4,2.18,218
stress-ng --cpu 8 --cpu-load 48 --timeout 60s --quiet,12,5/14/2026,22:16:41,11.7,2.18,214
stress-ng --cpu 8 --cpu-load 48 --timeout 60s --quiet,12,5/14/2026,22:16:42,12.38,2.18,220
stress-ng --cpu 8 --cpu-load 48 --timeout 60s --quiet,12,5/14/2026,22:16:43,12.34,2.17,214
stress-ng --cpu 8 --cpu-load 48 --timeout 60s --quiet,12,5/14/2026,22:16:44,11.85,2.18,221
stress-ng --cpu 8 --cpu-load 48 --timeout 60s --quiet,12,5/14/2026,22:16:45,12.17,2.17,225
stress-ng --cpu 8 --cpu-load 48 --timeout 60s --quiet,12,5/14/2026,22:16:46,12.13,2.16,225
stress-ng --cpu 8 --cpu-load 48 --timeout 60s --quiet,12,5/14/2026,22:16:47,12.38,2.16,227
stress-ng --cpu 8 --cpu-load 48 --timeout 60s --quiet,12,5/14/2026,22:16:48,12.47,2.16,221.5
stress-ng --cpu 8 --cpu-load 48 --timeout 60s --quiet,12,5/14/2026,22:16:49,11.68,2.16,216
stress-ng --cpu 8 --cpu-load 48 --timeout 60s --quiet,12,5/14/2026,22:16:50,12.19,2.16,222
stress-ng --cpu 8 --cpu-load 48 --timeout 60s --quiet,12,5/14/2026,22:16:51,11.95,2.15,228
stress-ng --cpu 8 --cpu-load 48 --timeout 60s --quiet,12,5/14/2026,22:16:52,12.37,2.15,227
stress-ng --cpu 8 --cpu-load 48 --timeout 60s --quiet,12,5/14/2026,22:16:53,12.22,2.15,228
stress-ng --cpu 8 --cpu-load 48 --timeout 60s --quiet,12,5/14/2026,22:16:54,11.88,2.15,229
stress-ng --cpu 8 --cpu-load 48 --timeout 60s --quiet,12,5/14/2026,22:16:55,12.65,2.15,191
stress-ng --cpu 8 --cpu-load 48 --timeout 60s --quiet,12,5/14/2026,22:16:56,11.78,2.15,209
stress-ng --cpu 8 --cpu-load 48 --timeout 60s --quiet,12,5/14/2026,22:16:57,12.53,2.15,221
stress-ng --cpu 8 --cpu-load 48 --timeout 60s --quiet,12,5/14/2026,22:16:58,12.03,2.15,220
stress-ng --cpu 8 --cpu-load 48 --timeout 60s --quiet,12,5/14/2026,22:16:59,11.97,2.14,217
stress-ng --cpu 8 --cpu-load 48 --timeout 60s --quiet,12,5/14/2026,22:17:00,12.56,2.13,222
stress-ng --cpu 8 --cpu-load 48 --timeout 60s --quiet,12,5/14/2026,22:17:01,12.56,2.16,207
stress-ng --cpu 8 --cpu-load 48 --timeout 60s --quiet,12,5/14/2026,22:17:02,12.73,2.17,222
stress-ng --cpu 8 --cpu-load 48 --timeout 60s --quiet,12,5/14/2026,22:17:03,17.27,2.29,210
stress-ng --cpu 8 --cpu-load 48 --timeout 60s --quiet,12,5/14/2026,22:17:04,14.92,2.28,256
stress-ng --cpu 8 --cpu-load 48 --timeout 60s --quiet,12,5/14/2026,22:17:05,15.67,2.34,236
stress-ng --cpu 8 --cpu-load 48 --timeout 60s --quiet,12,5/14/2026,22:17:06,14.98,2.38,230
stress-ng --cpu 8 --cpu-load 48 --timeout 60s --quiet,12,5/14/2026,22:17:07,15.84,2.31,230
stress-ng --cpu 8 --cpu-load 48 --timeout 60s --quiet,12,5/14/2026,22:17:08,15.06,2.3,223
stress-ng --cpu 8 --cpu-load 48 --timeout 60s --quiet,12,5/14/2026,22:17:09,12.16,2.26,223
stress-ng --cpu 8 --cpu-load 48 --timeout 60s --quiet,12,5/14/2026,22:17:10,12.15,2.26,228
stress-ng --cpu 8 --cpu-load 48 --timeout 60s --quiet,12,5/14/2026,22:17:11,12.22,2.25,213
stress-ng --cpu 8 --cpu-load 48 --timeout 60s --quiet,12,5/14/2026,22:17:12,11.92,2.25,219
stress-ng --cpu 8 --cpu-load 48 --timeout 60s --quiet,12,5/14/2026,22:17:13,12.22,2.24,223
stress-ng --cpu 8 --cpu-load 48 --timeout 60s --quiet,12,5/14/2026,22:17:14,12.53,2.24,215
stress-ng --cpu 8 --cpu-load 48 --timeout 60s --quiet,12,5/14/2026,22:17:15,12.39,2.24,215
stress-ng --cpu 8 --cpu-load 48 --timeout 60s --quiet,12,5/14/2026,22:17:16,11.6,2.23,200
stress-ng --cpu 8 --cpu-load 48 --timeout 60s --quiet,12,5/14/2026,22:17:17,12.7,2.22,219
stress-ng --cpu 8 --cpu-load 48 --timeout 60s --quiet,12,5/14/2026,22:17:18,11.61,2.22,226
stress-ng --cpu 8 --cpu-load 48 --timeout 60s --quiet,12,5/14/2026,22:17:19,12.38,2.21,229
stress-ng --cpu 8 --cpu-load 48 --timeout 60s --quiet,12,5/14/2026,22:17:20,12.41,2.21,236
stress-ng --cpu 8 --cpu-load 48 --timeout 60s --quiet,12,5/14/2026,22:17:21,11.63,2.21,227
stress-ng --cpu 8 --cpu-load 48 --timeout 60s --quiet,12,5/14/2026,22:17:22,12.68,2.21,231
stress-ng --cpu 8 --cpu-load 48 --timeout 60s --quiet,12,5/14/2026,22:17:23,11.64,2.21,235
stress-ng --cpu 8 --cpu-load 48 --timeout 60s --quiet,12,5/14/2026,22:17:24,12.6,2.2,224
stress-ng --cpu 8 --cpu-load 48 --timeout 60s --quiet,12,5/14/2026,22:17:25,3.7,2.15,228
stress-ng --cpu 8 --cpu-load 48 --timeout 60s --quiet,12,5/15/2026,7:19:36,0.15,2.14,115
stress-ng --cpu 8 --cpu-load 48 --timeout 60s --quiet,12,5/15/2026,7:19:37,7.12,2.23,127
stress-ng --cpu 8 --cpu-load 48 --timeout 60s --quiet,12,5/15/2026,7:19:38,11.91,2.23,137
stress-ng --cpu 8 --cpu-load 48 --timeout 60s --quiet,12,5/15/2026,7:19:39,12.16,2.24,214
stress-ng --cpu 8 --cpu-load 48 --timeout 60s --quiet,12,5/15/2026,7:19:40,12.37,2.24,216
stress-ng --cpu 8 --cpu-load 48 --timeout 60s --quiet,12,5/15/2026,7:19:41,12.12,2.24,204
stress-ng --cpu 8 --cpu-load 48 --timeout 60s --quiet,12,5/15/2026,7:19:42,12.09,2.23,223
stress-ng --cpu 8 --cpu-load 48 --timeout 60s --quiet,12,5/15/2026,7:19:43,12.4,2.23,207
stress-ng --cpu 8 --cpu-load 48 --timeout 60s --quiet,12,5/15/2026,7:19:44,12.43,2.24,204
stress-ng --cpu 8 --cpu-load 48 --timeout 60s --quiet,12,5/15/2026,7:19:45,12.25,2.23,210
stress-ng --cpu 8 --cpu-load 48 --timeout 60s --quiet,12,5/15/2026,7:19:46,12.13,2.21,195
stress-ng --cpu 8 --cpu-load 48 --timeout 60s --quiet,12,5/15/2026,7:19:47,11.72,2.2,208
stress-ng --cpu 8 --cpu-load 48 --timeout 60s --quiet,12,5/15/2026,7:19:48,12.65,2.2,202
stress-ng --cpu 8 --cpu-load 48 --timeout 60s --quiet,12,5/15/2026,7:19:49,12.07,2.2,210
stress-ng --cpu 8 --cpu-load 48 --timeout 60s --quiet,12,5/15/2026,7:19:50,11.97,2.19,221
stress-ng --cpu 8 --cpu-load 48 --timeout 60s --quiet,12,5/15/2026,7:19:51,12.39,2.18,203
stress-ng --cpu 8 --cpu-load 48 --timeout 60s --quiet,12,5/15/2026,7:19:52,12.43,2.17,216
stress-ng --cpu 8 --cpu-load 48 --timeout 60s --quiet,12,5/15/2026,7:19:53,11.96,2.17,219
stress-ng --cpu 8 --cpu-load 48 --timeout 60s --quiet,12,5/15/2026,7:19:54,12.26,2.17,209
stress-ng --cpu 8 --cpu-load 48 --timeout 60s --quiet,12,5/15/2026,7:19:55,12.61,2.16,229
stress-ng --cpu 8 --cpu-load 48 --timeout 60s --quiet,12,5/15/2026,7:19:56,11.32,2.16,220
stress-ng --cpu 8 --cpu-load 48 --timeout 60s --quiet,12,5/15/2026,7:19:57,12.76,2.16,208
stress-ng --cpu 8 --cpu-load 48 --timeout 60s --quiet,12,5/15/2026,7:19:58,11.85,2.16,215
stress-ng --cpu 8 --cpu-load 48 --timeout 60s --quiet,12,5/15/2026,7:19:59,12.12,2.16,187
stress-ng --cpu 8 --cpu-load 48 --timeout 60s --quiet,12,5/15/2026,7:20:00,12.24,2.17,204
stress-ng --cpu 8 --cpu-load 48 --timeout 60s --quiet,12,5/15/2026,7:20:01,12.58,2.17,225
stress-ng --cpu 8 --cpu-load 48 --timeout 60s --quiet,12,5/15/2026,7:20:02,12.19,2.16,216.5
stress-ng --cpu 8 --cpu-load 48 --timeout 60s --quiet,12,5/15/2026,7:20:03,11.92,2.16,208
stress-ng --cpu 8 --cpu-load 48 --timeout 60s --quiet,12,5/15/2026,7:20:04,12.53,2.16,229
stress-ng --cpu 8 --cpu-load 48 --timeout 60s --quiet,12,5/15/2026,7:20:05,12.16,2.17,217
stress-ng --cpu 8 --cpu-load 48 --timeout 60s --quiet,12,5/15/2026,7:20:06,12.15,2.16,234
stress-ng --cpu 8 --cpu-load 48 --timeout 60s --quiet,12,5/15/2026,7:20:07,12.02,2.16,215
stress-ng --cpu 8 --cpu-load 48 --timeout 60s --quiet,12,5/15/2026,7:20:08,12.01,2.16,225
stress-ng --cpu 8 --cpu-load 48 --timeout 60s --quiet,12,5/15/2026,7:20:09,11.99,2.16,228
stress-ng --cpu 8 --cpu-load 48 --timeout 60s --quiet,12,5/15/2026,7:20:10,12.47,2.16,217
stress-ng --cpu 8 --cpu-load 48 --timeout 60s --quiet,12,5/15/2026,7:20:11,11.79,2.16,231
stress-ng --cpu 8 --cpu-load 48 --timeout 60s --quiet,12,5/15/2026,7:20:12,12.86,2.16,229
stress-ng --cpu 8 --cpu-load 48 --timeout 60s --quiet,12,5/15/2026,7:20:13,11.92,2.16,215
stress-ng --cpu 8 --cpu-load 48 --timeout 60s --quiet,12,5/15/2026,7:20:14,11.99,2.165,224
stress-ng --cpu 8 --cpu-load 48 --timeout 60s --quiet,12,5/15/2026,7:20:15,12.06,2.17,222
stress-ng --cpu 8 --cpu-load 48 --timeout 60s --quiet,12,5/15/2026,7:20:16,11.87,2.16,222
stress-ng --cpu 8 --cpu-load 48 --timeout 60s --quiet,12,5/15/2026,7:20:17,12.44,2.17,204
stress-ng --cpu 8 --cpu-load 48 --timeout 60s --quiet,12,5/15/2026,7:20:18,12.4,2.17,208
stress-ng --cpu 8 --cpu-load 48 --timeout 60s --quiet,12,5/15/2026,7:20:19,12.51,2.17,214
stress-ng --cpu 8 --cpu-load 48 --timeout 60s --quiet,12,5/15/2026,7:20:20,11.77,2.18,214
stress-ng --cpu 8 --cpu-load 48 --timeout 60s --quiet,12,5/15/2026,7:20:21,12.47,2.18,208
stress-ng --cpu 8 --cpu-load 48 --timeout 60s --quiet,12,5/15/2026,7:20:22,12.19,2.18,225
stress-ng --cpu 8 --cpu-load 48 --timeout 60s --quiet,12,5/15/2026,7:20:23,11.98,2.17,211
stress-ng --cpu 8 --cpu-load 48 --timeout 60s --quiet,12,5/15/2026,7:20:24,12.6,2.17,223
stress-ng --cpu 8 --cpu-load 48 --timeout 60s --quiet,12,5/15/2026,7:20:25,11.91,2.17,225
stress-ng --cpu 8 --cpu-load 48 --timeout 60s --quiet,12,5/15/2026,7:20:26,11.99,2.17,219
stress-ng --cpu 8 --cpu-load 48 --timeout 60s --quiet,12,5/15/2026,7:20:27,12.56,2.17,231
stress-ng --cpu 8 --cpu-load 48 --timeout 60s --quiet,12,5/15/2026,7:20:28,12.1,2.15,217
stress-ng --cpu 8 --cpu-load 48 --timeout 60s --quiet,12,5/15/2026,7:20:29,11.89,2.16,231
stress-ng --cpu 8 --cpu-load 48 --timeout 60s --quiet,12,5/15/2026,7:20:30,12.04,2.16,222
stress-ng --cpu 8 --cpu-load 48 --timeout 60s --quiet,12,5/15/2026,7:20:31,12.59,2.16,215
stress-ng --cpu 8 --cpu-load 48 --timeout 60s --quiet,12,5/15/2026,7:20:32,11.98,2.16,219
stress-ng --cpu 8 --cpu-load 48 --timeout 60s --quiet,12,5/15/2026,7:20:33,12.49,2.16,228
stress-ng --cpu 8 --cpu-load 48 --timeout 60s --quiet,12,5/15/2026,7:20:34,12.04,2.16,225
stress-ng --cpu 8 --cpu-load 48 --timeout 60s --quiet,12,5/15/2026,7:20:35,11.77,2.17,218
stress-ng --cpu 8 --cpu-load 48 --timeout 60s --quiet,12,5/15/2026,7:20:36,12.26,2.17,229
stress-ng --cpu 8 --cpu-load 48 --timeout 60s --quiet,12,5/15/2026,7:20:37,7.45,2.14,180
stress-ng --cpu 8 --cpu-load 48 --timeout 60s --quiet,12,5/15/2026,13:56:32,0.34,2.14,141
stress-ng --cpu 8 --cpu-load 48 --timeout 60s --quiet,12,5/15/2026,13:56:33,12.32,2.21,105
stress-ng --cpu 8 --cpu-load 48 --timeout 60s --quiet,12,5/15/2026,13:56:34,12.42,2.21,202
stress-ng --cpu 8 --cpu-load 48 --timeout 60s --quiet,12,5/15/2026,13:56:35,12.3,2.21,193
stress-ng --cpu 8 --cpu-load 48 --timeout 60s --quiet,12,5/15/2026,13:56:36,12.21,2.21,187
stress-ng --cpu 8 --cpu-load 48 --timeout 60s --quiet,12,5/15/2026,13:56:37,12.19,2.21,197.5
stress-ng --cpu 8 --cpu-load 48 --timeout 60s --quiet,12,5/15/2026,13:56:38,12.03,2.21,208
stress-ng --cpu 8 --cpu-load 48 --timeout 60s --quiet,12,5/15/2026,13:56:39,12.25,2.21,220
stress-ng --cpu 8 --cpu-load 48 --timeout 60s --quiet,12,5/15/2026,13:56:40,11.99,2.21,212
stress-ng --cpu 8 --cpu-load 48 --timeout 60s --quiet,12,5/15/2026,13:56:41,12.68,2.2,219
stress-ng --cpu 8 --cpu-load 48 --timeout 60s --quiet,12,5/15/2026,13:56:42,11.32,2.2,211
stress-ng --cpu 8 --cpu-load 48 --timeout 60s --quiet,12,5/15/2026,13:56:43,12.78,2.2,212
stress-ng --cpu 8 --cpu-load 48 --timeout 60s --quiet,12,5/15/2026,13:56:44,12.48,2.19,213
stress-ng --cpu 8 --cpu-load 48 --timeout 60s --quiet,12,5/15/2026,13:56:45,11.9,2.2,213
stress-ng --cpu 8 --cpu-load 48 --timeout 60s --quiet,12,5/15/2026,13:56:46,12.65,2.19,213
stress-ng --cpu 8 --cpu-load 48 --timeout 60s --quiet,12,5/15/2026,13:56:47,11.51,2.19,207
stress-ng --cpu 8 --cpu-load 48 --timeout 60s --quiet,12,5/15/2026,13:56:48,12.28,2.19,220
stress-ng --cpu 8 --cpu-load 48 --timeout 60s --quiet,12,5/15/2026,13:56:49,12.22,2.19,217
stress-ng --cpu 8 --cpu-load 48 --timeout 60s --quiet,12,5/15/2026,13:56:50,12.11,2.19,223
stress-ng --cpu 8 --cpu-load 48 --timeout 60s --quiet,12,5/15/2026,13:56:51,12.58,2.19,215
stress-ng --cpu 8 --cpu-load 48 --timeout 60s --quiet,12,5/15/2026,13:56:52,11.77,2.19,228
stress-ng --cpu 8 --cpu-load 48 --timeout 60s --quiet,12,5/15/2026,13:56:53,12.58,2.19,222
stress-ng --cpu 8 --cpu-load 48 --timeout 60s --quiet,12,5/15/2026,13:56:54,12.33,2.19,210
stress-ng --cpu 8 --cpu-load 48 --timeout 60s --quiet,12,5/15/2026,13:56:55,12.08,2.19,221
stress-ng --cpu 8 --cpu-load 48 --timeout 60s --quiet,12,5/15/2026,13:56:56,12.43,2.19,221
stress-ng --cpu 8 --cpu-load 48 --timeout 60s --quiet,12,5/15/2026,13:56:57,12.27,2.19,205
stress-ng --cpu 8 --cpu-load 48 --timeout 60s --quiet,12,5/15/2026,13:56:58,12.65,2.19,223
stress-ng --cpu 8 --cpu-load 48 --timeout 60s --quiet,12,5/15/2026,13:56:59,11.5,2.19,215
stress-ng --cpu 8 --cpu-load 48 --timeout 60s --quiet,12,5/15/2026,13:57:00,12.29,2.19,223
stress-ng --cpu 8 --cpu-load 48 --timeout 60s --quiet,12,5/15/2026,13:57:01,12.11,2.19,218
stress-ng --cpu 8 --cpu-load 48 --timeout 60s --quiet,12,5/15/2026,13:57:02,12.71,2.19,215
stress-ng --cpu 8 --cpu-load 48 --timeout 60s --quiet,12,5/15/2026,13:57:03,12.22,2.19,218
stress-ng --cpu 8 --cpu-load 48 --timeout 60s --quiet,12,5/15/2026,13:57:04,11.79,2.19,213
stress-ng --cpu 8 --cpu-load 48 --timeout 60s --quiet,12,5/15/2026,13:57:05,12.47,2.19,218
stress-ng --cpu 8 --cpu-load 48 --timeout 60s --quiet,12,5/15/2026,13:57:06,11.87,2.19,220
stress-ng --cpu 8 --cpu-load 48 --timeout 60s --quiet,12,5/15/2026,13:57:07,12.55,2.18,221
stress-ng --cpu 8 --cpu-load 48 --timeout 60s --quiet,12,5/15/2026,13:57:08,12.05,2.19,225
stress-ng --cpu 8 --cpu-load 48 --timeout 60s --quiet,12,5/15/2026,13:57:09,12.23,2.18,225
stress-ng --cpu 8 --cpu-load 48 --timeout 60s --quiet,12,5/15/2026,13:57:10,12.16,2.18,213
stress-ng --cpu 8 --cpu-load 48 --timeout 60s --quiet,12,5/15/2026,13:57:11,11.93,2.19,220
stress-ng --cpu 8 --cpu-load 48 --timeout 60s --quiet,12,5/15/2026,13:57:12,13.06,2.19,188
stress-ng --cpu 8 --cpu-load 48 --timeout 60s --quiet,12,5/15/2026,13:57:13,12.405,2.19,193.5
stress-ng --cpu 8 --cpu-load 48 --timeout 60s --quiet,12,5/15/2026,13:57:14,11.75,2.19,199
stress-ng --cpu 8 --cpu-load 48 --timeout 60s --quiet,12,5/15/2026,13:57:15,12.09,2.19,212
stress-ng --cpu 8 --cpu-load 48 --timeout 60s --quiet,12,5/15/2026,13:57:16,12,2.19,189
stress-ng --cpu 8 --cpu-load 48 --timeout 60s --quiet,12,5/15/2026,13:57:17,12.53,2.18,212
stress-ng --cpu 8 --cpu-load 48 --timeout 60s --quiet,12,5/15/2026,13:57:18,12.13,2.19,209
stress-ng --cpu 8 --cpu-load 48 --timeout 60s --quiet,12,5/15/2026,13:57:19,11.87,2.19,221
stress-ng --cpu 8 --cpu-load 48 --timeout 60s --quiet,12,5/15/2026,13:57:20,12.72,2.19,200
stress-ng --cpu 8 --cpu-load 48 --timeout 60s --quiet,12,5/15/2026,13:57:21,11.7,2.19,219
stress-ng --cpu 8 --cpu-load 48 --timeout 60s --quiet,12,5/15/2026,13:57:22,12.69,2.19,220
stress-ng --cpu 8 --cpu-load 48 --timeout 60s --quiet,12,5/15/2026,13:57:23,12.17,2.19,225
stress-ng --cpu 8 --cpu-load 48 --timeout 60s --quiet,12,5/15/2026,13:57:24,12.07,2.19,233
stress-ng --cpu 8 --cpu-load 48 --timeout 60s --quiet,12,5/15/2026,13:57:25,12.8,2.19,210
stress-ng --cpu 8 --cpu-load 48 --timeout 60s --quiet,12,5/15/2026,13:57:26,11.27,2.19,212
stress-ng --cpu 8 --cpu-load 48 --timeout 60s --quiet,12,5/15/2026,13:57:27,12.88,2.19,212.5
stress-ng --cpu 8 --cpu-load 48 --timeout 60s --quiet,12,5/15/2026,13:57:28,12.18,2.2,213
stress-ng --cpu 8 --cpu-load 48 --timeout 60s --quiet,12,5/15/2026,13:57:29,11.78,2.2,178
stress-ng --cpu 8 --cpu-load 48 --timeout 60s --quiet,12,5/15/2026,13:57:30,12.83,2.2,173
stress-ng --cpu 8 --cpu-load 48 --timeout 60s --quiet,12,5/15/2026,13:57:31,11.87,2.2,205
stress-ng --cpu 8 --cpu-load 48 --timeout 60s --quiet,12,5/15/2026,13:57:32,12.09,2.2,218
stress-ng --cpu 8 --cpu-load 52 --timeout 60s --quiet,13,5/15/2026,0:04:38,9.4,2.2,131
stress-ng --cpu 8 --cpu-load 52 --timeout 60s --quiet,13,5/15/2026,0:04:39,9.4,2.2,126
stress-ng --cpu 8 --cpu-load 52 --timeout 60s --quiet,13,5/15/2026,0:04:40,13.26,2.2,186
stress-ng --cpu 8 --cpu-load 52 --timeout 60s --quiet,13,5/15/2026,0:04:41,13.06,2.21,207
stress-ng --cpu 8 --cpu-load 52 --timeout 60s --quiet,13,5/15/2026,0:04:42,13.23,2.21,204
stress-ng --cpu 8 --cpu-load 52 --timeout 60s --quiet,13,5/15/2026,0:04:43,13.11,2.2,200
stress-ng --cpu 8 --cpu-load 52 --timeout 60s --quiet,13,5/15/2026,0:04:44,13.18,2.21,191
stress-ng --cpu 8 --cpu-load 52 --timeout 60s --quiet,13,5/15/2026,0:04:45,13.09,2.2,218
stress-ng --cpu 8 --cpu-load 52 --timeout 60s --quiet,13,5/15/2026,0:04:46,13.24,2.2,216
stress-ng --cpu 8 --cpu-load 52 --timeout 60s --quiet,13,5/15/2026,0:04:47,13.05,2.2,207
stress-ng --cpu 8 --cpu-load 52 --timeout 60s --quiet,13,5/15/2026,0:04:48,13.67,2.2,220
stress-ng --cpu 8 --cpu-load 52 --timeout 60s --quiet,13,5/15/2026,0:04:49,12.66,2.2,221
stress-ng --cpu 8 --cpu-load 52 --timeout 60s --quiet,13,5/15/2026,0:04:50,13.34,2.19,226
stress-ng --cpu 8 --cpu-load 52 --timeout 60s --quiet,13,5/15/2026,0:04:51,12.98,2.19,222
stress-ng --cpu 8 --cpu-load 52 --timeout 60s --quiet,13,5/15/2026,0:04:52,13.15,2.19,218
stress-ng --cpu 8 --cpu-load 52 --timeout 60s --quiet,13,5/15/2026,0:04:53,12.87,2.19,223
stress-ng --cpu 8 --cpu-load 52 --timeout 60s --quiet,13,5/15/2026,0:04:54,13.58,2.19,220
stress-ng --cpu 8 --cpu-load 52 --timeout 60s --quiet,13,5/15/2026,0:04:55,13.07,2.19,219
stress-ng --cpu 8 --cpu-load 52 --timeout 60s --quiet,13,5/15/2026,0:04:56,13.52,2.19,219
stress-ng --cpu 8 --cpu-load 52 --timeout 60s --quiet,13,5/15/2026,0:04:57,13.09,2.19,214
stress-ng --cpu 8 --cpu-load 52 --timeout 60s --quiet,13,5/15/2026,0:04:58,12.87,2.18,195
stress-ng --cpu 8 --cpu-load 52 --timeout 60s --quiet,13,5/15/2026,0:04:59,13,2.19,213
stress-ng --cpu 8 --cpu-load 52 --timeout 60s --quiet,13,5/15/2026,0:05:00,13.08,2.18,226
stress-ng --cpu 8 --cpu-load 52 --timeout 60s --quiet,13,5/15/2026,0:05:01,13.69,2.19,221
stress-ng --cpu 8 --cpu-load 52 --timeout 60s --quiet,13,5/15/2026,0:05:02,13.06,2.19,216
stress-ng --cpu 8 --cpu-load 52 --timeout 60s --quiet,13,5/15/2026,0:05:03,12.72,2.17,233
stress-ng --cpu 8 --cpu-load 52 --timeout 60s --quiet,13,5/15/2026,0:05:04,13.18,2.18,222
stress-ng --cpu 8 --cpu-load 52 --timeout 60s --quiet,13,5/15/2026,0:05:05,13.46,2.18,220
stress-ng --cpu 8 --cpu-load 52 --timeout 60s --quiet,13,5/15/2026,0:05:06,13.26,2.18,222
stress-ng --cpu 8 --cpu-load 52 --timeout 60s --quiet,13,5/15/2026,0:05:07,12.91,2.18,213
stress-ng --cpu 8 --cpu-load 52 --timeout 60s --quiet,13,5/15/2026,0:05:08,13.77,2.17,219
stress-ng --cpu 8 --cpu-load 52 --timeout 60s --quiet,13,5/15/2026,0:05:09,12.81,2.17,210
stress-ng --cpu 8 --cpu-load 52 --timeout 60s --quiet,13,5/15/2026,0:05:10,13.2,2.17,227
stress-ng --cpu 8 --cpu-load 52 --timeout 60s --quiet,13,5/15/2026,0:05:11,13.48,2.15,227
stress-ng --cpu 8 --cpu-load 52 --timeout 60s --quiet,13,5/15/2026,0:05:12,12.65,2.15,218
stress-ng --cpu 8 --cpu-load 52 --timeout 60s --quiet,13,5/15/2026,0:05:13,13.16,2.15,233
stress-ng --cpu 8 --cpu-load 52 --timeout 60s --quiet,13,5/15/2026,0:05:14,13.22,2.15,231
stress-ng --cpu 8 --cpu-load 52 --timeout 60s --quiet,13,5/15/2026,0:05:15,13.24,2.15,214
stress-ng --cpu 8 --cpu-load 52 --timeout 60s --quiet,13,5/15/2026,0:05:16,12.78,2.15,224
stress-ng --cpu 8 --cpu-load 52 --timeout 60s --quiet,13,5/15/2026,0:05:17,13.62,2.15,214
stress-ng --cpu 8 --cpu-load 52 --timeout 60s --quiet,13,5/15/2026,0:05:18,12.88,2.15,219
stress-ng --cpu 8 --cpu-load 52 --timeout 60s --quiet,13,5/15/2026,0:05:19,13.15,2.15,225
stress-ng --cpu 8 --cpu-load 52 --timeout 60s --quiet,13,5/15/2026,0:05:20,13.3,2.16,214
stress-ng --cpu 8 --cpu-load 52 --timeout 60s --quiet,13,5/15/2026,0:05:21,13.4,2.15,222
stress-ng --cpu 8 --cpu-load 52 --timeout 60s --quiet,13,5/15/2026,0:05:22,13.05,2.16,206
stress-ng --cpu 8 --cpu-load 52 --timeout 60s --quiet,13,5/15/2026,0:05:23,12.79,2.16,226
stress-ng --cpu 8 --cpu-load 52 --timeout 60s --quiet,13,5/15/2026,0:05:24,13.31,2.16,214
stress-ng --cpu 8 --cpu-load 52 --timeout 60s --quiet,13,5/15/2026,0:05:25,13.3,2.16,209
stress-ng --cpu 8 --cpu-load 52 --timeout 60s --quiet,13,5/15/2026,0:05:26,13.67,2.16,211
stress-ng --cpu 8 --cpu-load 52 --timeout 60s --quiet,13,5/15/2026,0:05:27,13.03,2.16,219
stress-ng --cpu 8 --cpu-load 52 --timeout 60s --quiet,13,5/15/2026,0:05:28,12.56,2.15,226
stress-ng --cpu 8 --cpu-load 52 --timeout 60s --quiet,13,5/15/2026,0:05:29,13.47,2.15,220
stress-ng --cpu 8 --cpu-load 52 --timeout 60s --quiet,13,5/15/2026,0:05:30,13.02,2.16,216
stress-ng --cpu 8 --cpu-load 52 --timeout 60s --quiet,13,5/15/2026,0:05:31,12.87,2.16,227
stress-ng --cpu 8 --cpu-load 52 --timeout 60s --quiet,13,5/15/2026,0:05:32,13.58,2.16,219
stress-ng --cpu 8 --cpu-load 52 --timeout 60s --quiet,13,5/15/2026,0:05:33,12.74,2.16,225
stress-ng --cpu 8 --cpu-load 52 --timeout 60s --quiet,13,5/15/2026,0:05:34,13.51,2.16,233
stress-ng --cpu 8 --cpu-load 52 --timeout 60s --quiet,13,5/15/2026,0:05:35,12.93,2.15,225
stress-ng --cpu 8 --cpu-load 52 --timeout 60s --quiet,13,5/15/2026,0:05:36,13.44,2.15,227.5
stress-ng --cpu 8 --cpu-load 52 --timeout 60s --quiet,13,5/15/2026,0:05:37,13.12,2.15,230
stress-ng --cpu 8 --cpu-load 52 --timeout 60s --quiet,13,5/15/2026,0:05:38,5.54,2.08,240
stress-ng --cpu 8 --cpu-load 52 --timeout 60s --quiet,13,5/15/2026,7:07:35,0.12,2.11,113
stress-ng --cpu 8 --cpu-load 52 --timeout 60s --quiet,13,5/15/2026,7:07:36,9.83,2.2,191
stress-ng --cpu 8 --cpu-load 52 --timeout 60s --quiet,13,5/15/2026,7:07:37,13.5,2.2,218
stress-ng --cpu 8 --cpu-load 52 --timeout 60s --quiet,13,5/15/2026,7:07:38,13.02,2.21,220
stress-ng --cpu 8 --cpu-load 52 --timeout 60s --quiet,13,5/15/2026,7:07:39,12.73,2.22,211
stress-ng --cpu 8 --cpu-load 52 --timeout 60s --quiet,13,5/15/2026,7:07:40,13.52,2.2,216
stress-ng --cpu 8 --cpu-load 52 --timeout 60s --quiet,13,5/15/2026,7:07:41,13.18,2.2,222
stress-ng --cpu 8 --cpu-load 52 --timeout 60s --quiet,13,5/15/2026,7:07:42,13.43,2.2,219
stress-ng --cpu 8 --cpu-load 52 --timeout 60s --quiet,13,5/15/2026,7:07:43,13.12,2.2,212
stress-ng --cpu 8 --cpu-load 52 --timeout 60s --quiet,13,5/15/2026,7:07:44,13.57,2.2,222
stress-ng --cpu 8 --cpu-load 52 --timeout 60s --quiet,13,5/15/2026,7:07:45,13.03,2.19,206
stress-ng --cpu 8 --cpu-load 52 --timeout 60s --quiet,13,5/15/2026,7:07:46,13.24,2.19,190
stress-ng --cpu 8 --cpu-load 52 --timeout 60s --quiet,13,5/15/2026,7:07:47,13.1,2.18,228
stress-ng --cpu 8 --cpu-load 52 --timeout 60s --quiet,13,5/15/2026,7:07:48,13.38,2.18,223
stress-ng --cpu 8 --cpu-load 52 --timeout 60s --quiet,13,5/15/2026,7:07:49,13.02,2.18,220
stress-ng --cpu 8 --cpu-load 52 --timeout 60s --quiet,13,5/15/2026,7:07:50,13.02,2.18,236
stress-ng --cpu 8 --cpu-load 52 --timeout 60s --quiet,13,5/15/2026,7:07:51,13.34,2.18,226
stress-ng --cpu 8 --cpu-load 52 --timeout 60s --quiet,13,5/15/2026,7:07:52,13.11,2.18,228
stress-ng --cpu 8 --cpu-load 52 --timeout 60s --quiet,13,5/15/2026,7:07:53,13.51,2.18,230
stress-ng --cpu 8 --cpu-load 52 --timeout 60s --quiet,13,5/15/2026,7:07:54,13.24,2.18,236
stress-ng --cpu 8 --cpu-load 52 --timeout 60s --quiet,13,5/15/2026,7:07:55,13.05,2.17,225
stress-ng --cpu 8 --cpu-load 52 --timeout 60s --quiet,13,5/15/2026,7:07:56,13.12,2.16,233
stress-ng --cpu 8 --cpu-load 52 --timeout 60s --quiet,13,5/15/2026,7:07:57,13.14,2.16,231
stress-ng --cpu 8 --cpu-load 52 --timeout 60s --quiet,13,5/15/2026,7:07:58,12.96,2.16,235
stress-ng --cpu 8 --cpu-load 52 --timeout 60s --quiet,13,5/15/2026,7:07:59,13.49,2.17,233
stress-ng --cpu 8 --cpu-load 52 --timeout 60s --quiet,13,5/15/2026,7:08:00,13.4,2.17,237
stress-ng --cpu 8 --cpu-load 52 --timeout 60s --quiet,13,5/15/2026,7:08:01,13.27,2.17,234
stress-ng --cpu 8 --cpu-load 52 --timeout 60s --quiet,13,5/15/2026,7:08:02,13.19,2.17,238
stress-ng --cpu 8 --cpu-load 52 --timeout 60s --quiet,13,5/15/2026,7:08:03,13.27,2.17,233
stress-ng --cpu 8 --cpu-load 52 --timeout 60s --quiet,13,5/15/2026,7:08:04,13.19,2.17,233
stress-ng --cpu 8 --cpu-load 52 --timeout 60s --quiet,13,5/15/2026,7:08:05,13.44,2.17,235
stress-ng --cpu 8 --cpu-load 52 --timeout 60s --quiet,13,5/15/2026,7:08:06,13.07,2.16,237
stress-ng --cpu 8 --cpu-load 52 --timeout 60s --quiet,13,5/15/2026,7:08:07,13.37,2.16,232
stress-ng --cpu 8 --cpu-load 52 --timeout 60s --quiet,13,5/15/2026,7:08:08,13.27,2.16,237
stress-ng --cpu 8 --cpu-load 52 --timeout 60s --quiet,13,5/15/2026,7:08:09,13.21,2.18,233
stress-ng --cpu 8 --cpu-load 52 --timeout 60s --quiet,13,5/15/2026,7:08:10,13.16,2.18,232
stress-ng --cpu 8 --cpu-load 52 --timeout 60s --quiet,13,5/15/2026,7:08:11,13.06,2.18,226
stress-ng --cpu 8 --cpu-load 52 --timeout 60s --quiet,13,5/15/2026,7:08:12,13.08,2.18,227
stress-ng --cpu 8 --cpu-load 52 --timeout 60s --quiet,13,5/15/2026,7:08:13,13.41,2.19,236
stress-ng --cpu 8 --cpu-load 52 --timeout 60s --quiet,13,5/15/2026,7:08:14,12.99,2.19,231
stress-ng --cpu 8 --cpu-load 52 --timeout 60s --quiet,13,5/15/2026,7:08:15,13.57,2.19,234
stress-ng --cpu 8 --cpu-load 52 --timeout 60s --quiet,13,5/15/2026,7:08:16,13.23,2.19,234
stress-ng --cpu 8 --cpu-load 52 --timeout 60s --quiet,13,5/15/2026,7:08:17,12.82,2.19,230
stress-ng --cpu 8 --cpu-load 52 --timeout 60s --quiet,13,5/15/2026,7:08:18,13.13,2.19,226
stress-ng --cpu 8 --cpu-load 52 --timeout 60s --quiet,13,5/15/2026,7:08:19,13.33,2.19,236
stress-ng --cpu 8 --cpu-load 52 --timeout 60s --quiet,13,5/15/2026,7:08:20,12.92,2.18,238
stress-ng --cpu 8 --cpu-load 52 --timeout 60s --quiet,13,5/15/2026,7:08:21,13.64,2.19,224
stress-ng --cpu 8 --cpu-load 52 --timeout 60s --quiet,13,5/15/2026,7:08:22,13.285,2.185,236
stress-ng --cpu 8 --cpu-load 52 --timeout 60s --quiet,13,5/15/2026,7:08:23,12.93,2.18,236
stress-ng --cpu 8 --cpu-load 52 --timeout 60s --quiet,13,5/15/2026,7:08:24,13.45,2.17,231
stress-ng --cpu 8 --cpu-load 52 --timeout 60s --quiet,13,5/15/2026,7:08:25,12.8,2.16,228
stress-ng --cpu 8 --cpu-load 52 --timeout 60s --quiet,13,5/15/2026,7:08:26,13.34,2.16,234
stress-ng --cpu 8 --cpu-load 52 --timeout 60s --quiet,13,5/15/2026,7:08:27,13.15,2.16,209
stress-ng --cpu 8 --cpu-load 52 --timeout 60s --quiet,13,5/15/2026,7:08:28,12.9,2.17,221
stress-ng --cpu 8 --cpu-load 52 --timeout 60s --quiet,13,5/15/2026,7:08:29,13.7,2.17,226
stress-ng --cpu 8 --cpu-load 52 --timeout 60s --quiet,13,5/15/2026,7:08:30,13.03,2.17,226.5
stress-ng --cpu 8 --cpu-load 52 --timeout 60s --quiet,13,5/15/2026,7:08:31,13.17,2.17,227
stress-ng --cpu 8 --cpu-load 52 --timeout 60s --quiet,13,5/15/2026,7:08:32,13.08,2.17,234
stress-ng --cpu 8 --cpu-load 52 --timeout 60s --quiet,13,5/15/2026,7:08:33,13.4,2.17,234
stress-ng --cpu 8 --cpu-load 52 --timeout 60s --quiet,13,5/15/2026,7:08:34,12.83,2.17,238
stress-ng --cpu 8 --cpu-load 52 --timeout 60s --quiet,13,5/15/2026,7:08:35,13.52,2.17,231
stress-ng --cpu 8 --cpu-load 52 --timeout 60s --quiet,13,5/15/2026,22:01:40,0.15,2.1,138
stress-ng --cpu 8 --cpu-load 52 --timeout 60s --quiet,13,5/15/2026,22:01:41,8.91,2.2,128
stress-ng --cpu 8 --cpu-load 52 --timeout 60s --quiet,13,5/15/2026,22:01:42,13.15,2.2,205
stress-ng --cpu 8 --cpu-load 52 --timeout 60s --quiet,13,5/15/2026,22:01:43,13.39,2.2,208
stress-ng --cpu 8 --cpu-load 52 --timeout 60s --quiet,13,5/15/2026,22:01:44,13.16,2.2,209
stress-ng --cpu 8 --cpu-load 52 --timeout 60s --quiet,13,5/15/2026,22:01:45,13.42,2.2,227
stress-ng --cpu 8 --cpu-load 52 --timeout 60s --quiet,13,5/15/2026,22:01:46,12.93,2.2,208
stress-ng --cpu 8 --cpu-load 52 --timeout 60s --quiet,13,5/15/2026,22:01:47,13.55,2.18,210
stress-ng --cpu 8 --cpu-load 52 --timeout 60s --quiet,13,5/15/2026,22:01:48,13.04,2.19,200
stress-ng --cpu 8 --cpu-load 52 --timeout 60s --quiet,13,5/15/2026,22:01:49,13.08,2.19,207
stress-ng --cpu 8 --cpu-load 52 --timeout 60s --quiet,13,5/15/2026,22:01:50,13.15,2.19,223
stress-ng --cpu 8 --cpu-load 52 --timeout 60s --quiet,13,5/15/2026,22:01:51,13.01,2.19,221
stress-ng --cpu 8 --cpu-load 52 --timeout 60s --quiet,13,5/15/2026,22:01:52,13.23,2.18,218
stress-ng --cpu 8 --cpu-load 52 --timeout 60s --quiet,13,5/15/2026,22:01:53,13.17,2.19,213
stress-ng --cpu 8 --cpu-load 52 --timeout 60s --quiet,13,5/15/2026,22:01:54,13.29,2.19,211.5
stress-ng --cpu 8 --cpu-load 52 --timeout 60s --quiet,13,5/15/2026,22:01:55,12.93,2.19,210
stress-ng --cpu 8 --cpu-load 52 --timeout 60s --quiet,13,5/15/2026,22:01:56,13.03,2.18,216
stress-ng --cpu 8 --cpu-load 52 --timeout 60s --quiet,13,5/15/2026,22:01:57,12.92,2.18,220
stress-ng --cpu 8 --cpu-load 52 --timeout 60s --quiet,13,5/15/2026,22:01:58,13.54,2.18,221
stress-ng --cpu 8 --cpu-load 52 --timeout 60s --quiet,13,5/15/2026,22:01:59,12.87,2.18,219
stress-ng --cpu 8 --cpu-load 52 --timeout 60s --quiet,13,5/15/2026,22:02:00,13.67,2.18,220
stress-ng --cpu 8 --cpu-load 52 --timeout 60s --quiet,13,5/15/2026,22:02:01,13.17,2.17,218
stress-ng --cpu 8 --cpu-load 52 --timeout 60s --quiet,13,5/15/2026,22:02:02,12.77,2.18,217
stress-ng --cpu 8 --cpu-load 52 --timeout 60s --quiet,13,5/15/2026,22:02:03,13.43,2.18,225
stress-ng --cpu 8 --cpu-load 52 --timeout 60s --quiet,13,5/15/2026,22:02:04,12.74,2.17,209
stress-ng --cpu 8 --cpu-load 52 --timeout 60s --quiet,13,5/15/2026,22:02:05,13.21,2.17,236
stress-ng --cpu 8 --cpu-load 52 --timeout 60s --quiet,13,5/15/2026,22:02:06,13.46,2.17,201
stress-ng --cpu 8 --cpu-load 52 --timeout 60s --quiet,13,5/15/2026,22:02:07,13.21,2.17,237
stress-ng --cpu 8 --cpu-load 52 --timeout 60s --quiet,13,5/15/2026,22:02:08,13.02,2.17,236
stress-ng --cpu 8 --cpu-load 52 --timeout 60s --quiet,13,5/15/2026,22:02:09,13.38,2.17,232
stress-ng --cpu 8 --cpu-load 52 --timeout 60s --quiet,13,5/15/2026,22:02:10,13.1,2.17,230
stress-ng --cpu 8 --cpu-load 52 --timeout 60s --quiet,13,5/15/2026,22:02:11,13.08,2.17,213
stress-ng --cpu 8 --cpu-load 52 --timeout 60s --quiet,13,5/15/2026,22:02:12,13.27,2.17,214
stress-ng --cpu 8 --cpu-load 52 --timeout 60s --quiet,13,5/15/2026,22:02:13,13.21,2.17,226
stress-ng --cpu 8 --cpu-load 52 --timeout 60s --quiet,13,5/15/2026,22:02:14,13.46,2.17,202
stress-ng --cpu 8 --cpu-load 52 --timeout 60s --quiet,13,5/15/2026,22:02:15,12.47,2.17,233
stress-ng --cpu 8 --cpu-load 52 --timeout 60s --quiet,13,5/15/2026,22:02:16,13.22,2.17,198
stress-ng --cpu 8 --cpu-load 52 --timeout 60s --quiet,13,5/15/2026,22:02:17,13.3,2.17,224
stress-ng --cpu 8 --cpu-load 52 --timeout 60s --quiet,13,5/15/2026,22:02:18,13.52,2.17,222
stress-ng --cpu 8 --cpu-load 52 --timeout 60s --quiet,13,5/15/2026,22:02:19,12.89,2.16,231
stress-ng --cpu 8 --cpu-load 52 --timeout 60s --quiet,13,5/15/2026,22:02:20,13.24,2.15,230
stress-ng --cpu 8 --cpu-load 52 --timeout 60s --quiet,13,5/15/2026,22:02:21,13.17,2.15,229.5
stress-ng --cpu 8 --cpu-load 52 --timeout 60s --quiet,13,5/15/2026,22:02:22,13.48,2.15,229
stress-ng --cpu 8 --cpu-load 52 --timeout 60s --quiet,13,5/15/2026,22:02:23,13.25,2.16,228
stress-ng --cpu 8 --cpu-load 52 --timeout 60s --quiet,13,5/15/2026,22:02:24,12.52,2.16,209
stress-ng --cpu 8 --cpu-load 52 --timeout 60s --quiet,13,5/15/2026,22:02:25,13.63,2.16,219
stress-ng --cpu 8 --cpu-load 52 --timeout 60s --quiet,13,5/15/2026,22:02:26,13,2.16,229
stress-ng --cpu 8 --cpu-load 52 --timeout 60s --quiet,13,5/15/2026,22:02:27,12.92,2.16,206
stress-ng --cpu 8 --cpu-load 52 --timeout 60s --quiet,13,5/15/2026,22:02:28,13.4,2.16,232
stress-ng --cpu 8 --cpu-load 52 --timeout 60s --quiet,13,5/15/2026,22:02:29,13.24,2.16,222
stress-ng --cpu 8 --cpu-load 52 --timeout 60s --quiet,13,5/15/2026,22:02:30,12.93,2.16,226
stress-ng --cpu 8 --cpu-load 52 --timeout 60s --quiet,13,5/15/2026,22:02:31,13.37,2.16,226
stress-ng --cpu 8 --cpu-load 52 --timeout 60s --quiet,13,5/15/2026,22:02:32,12.84,2.16,218
stress-ng --cpu 8 --cpu-load 52 --timeout 60s --quiet,13,5/15/2026,22:02:33,13.4,2.16,235
stress-ng --cpu 8 --cpu-load 52 --timeout 60s --quiet,13,5/15/2026,22:02:34,12.99,2.16,238
stress-ng --cpu 8 --cpu-load 52 --timeout 60s --quiet,13,5/15/2026,22:02:35,13.5,2.16,235
stress-ng --cpu 8 --cpu-load 52 --timeout 60s --quiet,13,5/15/2026,22:02:36,13.26,2.16,224
stress-ng --cpu 8 --cpu-load 52 --timeout 60s --quiet,13,5/15/2026,22:02:37,13.02,2.16,234
stress-ng --cpu 8 --cpu-load 52 --timeout 60s --quiet,13,5/15/2026,22:02:38,13.39,2.16,236
stress-ng --cpu 8 --cpu-load 52 --timeout 60s --quiet,13,5/15/2026,22:02:39,13.32,2.16,234
stress-ng --cpu 8 --cpu-load 52 --timeout 60s --quiet,13,5/15/2026,22:02:40,12.91,2.16,234
stress-ng --cpu 8 --cpu-load 56 --timeout 60s --quiet,14,5/15/2026,3:43:07,0.12,2.08,129
stress-ng --cpu 8 --cpu-load 56 --timeout 60s --quiet,14,5/15/2026,3:43:08,3.73,2.17,208
stress-ng --cpu 8 --cpu-load 56 --timeout 60s --quiet,14,5/15/2026,3:43:09,14.29,2.17,232
stress-ng --cpu 8 --cpu-load 56 --timeout 60s --quiet,14,5/15/2026,3:43:10,14.51,2.17,231
stress-ng --cpu 8 --cpu-load 56 --timeout 60s --quiet,14,5/15/2026,3:43:11,14.09,2.17,231
stress-ng --cpu 8 --cpu-load 56 --timeout 60s --quiet,14,5/15/2026,3:43:12,13.9,2.17,229
stress-ng --cpu 8 --cpu-load 56 --timeout 60s --quiet,14,5/15/2026,3:43:13,14.31,2.16,226
stress-ng --cpu 8 --cpu-load 56 --timeout 60s --quiet,14,5/15/2026,3:43:14,14,2.16,223
stress-ng --cpu 8 --cpu-load 56 --timeout 60s --quiet,14,5/15/2026,3:43:15,14.5,2.16,220
stress-ng --cpu 8 --cpu-load 56 --timeout 60s --quiet,14,5/15/2026,3:43:16,14.16,2.16,220
stress-ng --cpu 8 --cpu-load 56 --timeout 60s --quiet,14,5/15/2026,3:43:17,13.74,2.16,222
stress-ng --cpu 8 --cpu-load 56 --timeout 60s --quiet,14,5/15/2026,3:43:18,14.34,2.16,224
stress-ng --cpu 8 --cpu-load 56 --timeout 60s --quiet,14,5/15/2026,3:43:19,14.12,2.17,212
stress-ng --cpu 8 --cpu-load 56 --timeout 60s --quiet,14,5/15/2026,3:43:20,14.49,2.17,216
stress-ng --cpu 8 --cpu-load 56 --timeout 60s --quiet,14,5/15/2026,3:43:21,14.28,2.16,226
stress-ng --cpu 8 --cpu-load 56 --timeout 60s --quiet,14,5/15/2026,3:43:22,13.8,2.17,228
stress-ng --cpu 8 --cpu-load 56 --timeout 60s --quiet,14,5/15/2026,3:43:23,14.06,2.16,218
stress-ng --cpu 8 --cpu-load 56 --timeout 60s --quiet,14,5/15/2026,3:43:24,14.72,2.17,227
stress-ng --cpu 8 --cpu-load 56 --timeout 60s --quiet,14,5/15/2026,3:43:25,13.95,2.17,228
stress-ng --cpu 8 --cpu-load 56 --timeout 60s --quiet,14,5/15/2026,3:43:26,14.01,2.16,222
stress-ng --cpu 8 --cpu-load 56 --timeout 60s --quiet,14,5/15/2026,3:43:27,14.42,2.16,226
stress-ng --cpu 8 --cpu-load 56 --timeout 60s --quiet,14,5/15/2026,3:43:28,13.96,2.15,210
stress-ng --cpu 8 --cpu-load 56 --timeout 60s --quiet,14,5/15/2026,3:43:29,14.04,2.15,218
stress-ng --cpu 8 --cpu-load 56 --timeout 60s --quiet,14,5/15/2026,3:43:30,14.29,2.15,223
stress-ng --cpu 8 --cpu-load 56 --timeout 60s --quiet,14,5/15/2026,3:43:31,14.13,2.15,231
stress-ng --cpu 8 --cpu-load 56 --timeout 60s --quiet,14,5/15/2026,3:43:32,14.31,2.15,231
stress-ng --cpu 8 --cpu-load 56 --timeout 60s --quiet,14,5/15/2026,3:43:33,14.06,2.15,229
stress-ng --cpu 8 --cpu-load 56 --timeout 60s --quiet,14,5/15/2026,3:43:34,13.86,2.15,236
stress-ng --cpu 8 --cpu-load 56 --timeout 60s --quiet,14,5/15/2026,3:43:35,14.24,2.15,227
stress-ng --cpu 8 --cpu-load 56 --timeout 60s --quiet,14,5/15/2026,3:43:36,14.28,2.14,231
stress-ng --cpu 8 --cpu-load 56 --timeout 60s --quiet,14,5/15/2026,3:43:37,13.99,2.14,231
stress-ng --cpu 8 --cpu-load 56 --timeout 60s --quiet,14,5/15/2026,3:43:38,14.39,2.14,228
stress-ng --cpu 8 --cpu-load 56 --timeout 60s --quiet,14,5/15/2026,3:43:39,14.13,2.14,225
stress-ng --cpu 8 --cpu-load 56 --timeout 60s --quiet,14,5/15/2026,3:43:40,13.95,2.14,234
stress-ng --cpu 8 --cpu-load 56 --timeout 60s --quiet,14,5/15/2026,3:43:41,14.28,2.13,243
stress-ng --cpu 8 --cpu-load 56 --timeout 60s --quiet,14,5/15/2026,3:43:42,14.01,2.13,230.5
stress-ng --cpu 8 --cpu-load 56 --timeout 60s --quiet,14,5/15/2026,3:43:43,13.98,2.13,218
stress-ng --cpu 8 --cpu-load 56 --timeout 60s --quiet,14,5/15/2026,3:43:44,14.51,2.13,227
stress-ng --cpu 8 --cpu-load 56 --timeout 60s --quiet,14,5/15/2026,3:43:45,14.32,2.13,236
stress-ng --cpu 8 --cpu-load 56 --timeout 60s --quiet,14,5/15/2026,3:43:46,13.61,2.13,229
stress-ng --cpu 8 --cpu-load 56 --timeout 60s --quiet,14,5/15/2026,3:43:47,14.99,2.12,206
stress-ng --cpu 8 --cpu-load 56 --timeout 60s --quiet,14,5/15/2026,3:43:48,13.6,2.12,208
stress-ng --cpu 8 --cpu-load 56 --timeout 60s --quiet,14,5/15/2026,3:43:49,14.83,2.13,228
stress-ng --cpu 8 --cpu-load 56 --timeout 60s --quiet,14,5/15/2026,3:43:50,14.07,2.13,228
stress-ng --cpu 8 --cpu-load 56 --timeout 60s --quiet,14,5/15/2026,3:43:51,14.14,2.13,213
stress-ng --cpu 8 --cpu-load 56 --timeout 60s --quiet,14,5/15/2026,3:43:52,14.03,2.12,207
stress-ng --cpu 8 --cpu-load 56 --timeout 60s --quiet,14,5/15/2026,3:43:53,14.04,2.12,218
stress-ng --cpu 8 --cpu-load 56 --timeout 60s --quiet,14,5/15/2026,3:43:54,14.23,2.12,226
stress-ng --cpu 8 --cpu-load 56 --timeout 60s --quiet,14,5/15/2026,3:43:55,14.16,2.11,230
stress-ng --cpu 8 --cpu-load 56 --timeout 60s --quiet,14,5/15/2026,3:43:56,14.1,2.12,213
stress-ng --cpu 8 --cpu-load 56 --timeout 60s --quiet,14,5/15/2026,3:43:57,14.53,2.12,219
stress-ng --cpu 8 --cpu-load 56 --timeout 60s --quiet,14,5/15/2026,3:43:58,13.85,2.11,220
stress-ng --cpu 8 --cpu-load 56 --timeout 60s --quiet,14,5/15/2026,3:43:59,14.6,2.11,223
stress-ng --cpu 8 --cpu-load 56 --timeout 60s --quiet,14,5/15/2026,3:44:00,13.67,2.12,227
stress-ng --cpu 8 --cpu-load 56 --timeout 60s --quiet,14,5/15/2026,3:44:01,14.7,2.12,226
stress-ng --cpu 8 --cpu-load 56 --timeout 60s --quiet,14,5/15/2026,3:44:02,13.8,2.12,221
stress-ng --cpu 8 --cpu-load 56 --timeout 60s --quiet,14,5/15/2026,3:44:03,14.62,2.12,222
stress-ng --cpu 8 --cpu-load 56 --timeout 60s --quiet,14,5/15/2026,3:44:04,14.09,2.12,226
stress-ng --cpu 8 --cpu-load 56 --timeout 60s --quiet,14,5/15/2026,3:44:05,13.67,2.12,221.5
stress-ng --cpu 8 --cpu-load 56 --timeout 60s --quiet,14,5/15/2026,3:44:06,14.23,2.11,217
stress-ng --cpu 8 --cpu-load 56 --timeout 60s --quiet,14,5/15/2026,3:44:07,12.23,2.07,229
stress-ng --cpu 8 --cpu-load 56 --timeout 60s --quiet,14,5/15/2026,13:28:28,3.17,2.21,111
stress-ng --cpu 8 --cpu-load 56 --timeout 60s --quiet,14,5/15/2026,13:28:29,13.57,2.22,146
stress-ng --cpu 8 --cpu-load 56 --timeout 60s --quiet,14,5/15/2026,13:28:30,14.55,2.22,213
stress-ng --cpu 8 --cpu-load 56 --timeout 60s --quiet,14,5/15/2026,13:28:31,14.4,2.22,221
stress-ng --cpu 8 --cpu-load 56 --timeout 60s --quiet,14,5/15/2026,13:28:32,13.95,2.22,218
stress-ng --cpu 8 --cpu-load 56 --timeout 60s --quiet,14,5/15/2026,13:28:33,14.38,2.22,219
stress-ng --cpu 8 --cpu-load 56 --timeout 60s --quiet,14,5/15/2026,13:28:34,14.42,2.22,221
stress-ng --cpu 8 --cpu-load 56 --timeout 60s --quiet,14,5/15/2026,13:28:35,14.3,2.22,219
stress-ng --cpu 8 --cpu-load 56 --timeout 60s --quiet,14,5/15/2026,13:28:36,14.26,2.22,218
stress-ng --cpu 8 --cpu-load 56 --timeout 60s --quiet,14,5/15/2026,13:28:37,13.97,2.22,227
stress-ng --cpu 8 --cpu-load 56 --timeout 60s --quiet,14,5/15/2026,13:28:38,14.36,2.21,226
stress-ng --cpu 8 --cpu-load 56 --timeout 60s --quiet,14,5/15/2026,13:28:39,14.18,2.21,231
stress-ng --cpu 8 --cpu-load 56 --timeout 60s --quiet,14,5/15/2026,13:28:40,14.24,2.21,228
stress-ng --cpu 8 --cpu-load 56 --timeout 60s --quiet,14,5/15/2026,13:28:41,14.185,2.21,225
stress-ng --cpu 8 --cpu-load 56 --timeout 60s --quiet,14,5/15/2026,13:28:42,14.13,2.21,223
stress-ng --cpu 8 --cpu-load 56 --timeout 60s --quiet,14,5/15/2026,13:28:43,14.3,2.2,229
stress-ng --cpu 8 --cpu-load 56 --timeout 60s --quiet,14,5/15/2026,13:28:44,14.04,2.21,231
stress-ng --cpu 8 --cpu-load 56 --timeout 60s --quiet,14,5/15/2026,13:28:45,14.59,2.21,226
stress-ng --cpu 8 --cpu-load 56 --timeout 60s --quiet,14,5/15/2026,13:28:46,14.05,2.2,231
stress-ng --cpu 8 --cpu-load 56 --timeout 60s --quiet,14,5/15/2026,13:28:47,14.11,2.21,233
stress-ng --cpu 8 --cpu-load 56 --timeout 60s --quiet,14,5/15/2026,13:28:48,14.66,2.21,230
stress-ng --cpu 8 --cpu-load 56 --timeout 60s --quiet,14,5/15/2026,13:28:49,13.83,2.2,227
stress-ng --cpu 8 --cpu-load 56 --timeout 60s --quiet,14,5/15/2026,13:28:50,14.03,2.2,224
stress-ng --cpu 8 --cpu-load 56 --timeout 60s --quiet,14,5/15/2026,13:28:51,14.68,2.21,224
stress-ng --cpu 8 --cpu-load 56 --timeout 60s --quiet,14,5/15/2026,13:28:52,14.02,2.21,221
stress-ng --cpu 8 --cpu-load 56 --timeout 60s --quiet,14,5/15/2026,13:28:53,14.38,2.21,222
stress-ng --cpu 8 --cpu-load 56 --timeout 60s --quiet,14,5/15/2026,13:28:54,14.23,2.21,214
stress-ng --cpu 8 --cpu-load 56 --timeout 60s --quiet,14,5/15/2026,13:28:55,14.41,2.2,227
stress-ng --cpu 8 --cpu-load 56 --timeout 60s --quiet,14,5/15/2026,13:28:56,14.01,2.2,223
stress-ng --cpu 8 --cpu-load 56 --timeout 60s --quiet,14,5/15/2026,13:28:57,14.09,2.2,228
stress-ng --cpu 8 --cpu-load 56 --timeout 60s --quiet,14,5/15/2026,13:28:58,14.29,2.21,233
stress-ng --cpu 8 --cpu-load 56 --timeout 60s --quiet,14,5/15/2026,13:28:59,14.23,2.21,225
stress-ng --cpu 8 --cpu-load 56 --timeout 60s --quiet,14,5/15/2026,13:29:00,14.25,2.21,222
stress-ng --cpu 8 --cpu-load 56 --timeout 60s --quiet,14,5/15/2026,13:29:01,14.28,2.21,219
stress-ng --cpu 8 --cpu-load 56 --timeout 60s --quiet,14,5/15/2026,13:29:02,13.71,2.2,217
stress-ng --cpu 8 --cpu-load 56 --timeout 60s --quiet,14,5/15/2026,13:29:03,14.7,2.2,231
stress-ng --cpu 8 --cpu-load 56 --timeout 60s --quiet,14,5/15/2026,13:29:04,14.37,2.2,227
stress-ng --cpu 8 --cpu-load 56 --timeout 60s --quiet,14,5/15/2026,13:29:05,14.04,2.2,231
stress-ng --cpu 8 --cpu-load 56 --timeout 60s --quiet,14,5/15/2026,13:29:06,14.25,2.2,224
stress-ng --cpu 8 --cpu-load 56 --timeout 60s --quiet,14,5/15/2026,13:29:07,14.25,2.2,232
stress-ng --cpu 8 --cpu-load 56 --timeout 60s --quiet,14,5/15/2026,13:29:08,14.36,2.2,227
stress-ng --cpu 8 --cpu-load 56 --timeout 60s --quiet,14,5/15/2026,13:29:09,13.92,2.2,226
stress-ng --cpu 8 --cpu-load 56 --timeout 60s --quiet,14,5/15/2026,13:29:10,14.38,2.2,218
stress-ng --cpu 8 --cpu-load 56 --timeout 60s --quiet,14,5/15/2026,13:29:11,14.19,2.2,219
stress-ng --cpu 8 --cpu-load 56 --timeout 60s --quiet,14,5/15/2026,13:29:12,14.15,2.2,224
stress-ng --cpu 8 --cpu-load 56 --timeout 60s --quiet,14,5/15/2026,13:29:13,14.31,2.2,222
stress-ng --cpu 8 --cpu-load 56 --timeout 60s --quiet,14,5/15/2026,13:29:14,14.16,2.2,215
stress-ng --cpu 8 --cpu-load 56 --timeout 60s --quiet,14,5/15/2026,13:29:15,14.03,2.2,229
stress-ng --cpu 8 --cpu-load 56 --timeout 60s --quiet,14,5/15/2026,13:29:16,14.29,2.2,228
stress-ng --cpu 8 --cpu-load 56 --timeout 60s --quiet,14,5/15/2026,13:29:17,14.06,2.2,232
stress-ng --cpu 8 --cpu-load 56 --timeout 60s --quiet,14,5/15/2026,13:29:18,14.22,2.19,226
stress-ng --cpu 8 --cpu-load 56 --timeout 60s --quiet,14,5/15/2026,13:29:19,14.44,2.17,225
stress-ng --cpu 8 --cpu-load 56 --timeout 60s --quiet,14,5/15/2026,13:29:20,14,2.17,225
stress-ng --cpu 8 --cpu-load 56 --timeout 60s --quiet,14,5/15/2026,13:29:21,14.44,2.18,230
stress-ng --cpu 8 --cpu-load 56 --timeout 60s --quiet,14,5/15/2026,13:29:22,14.15,2.18,226
stress-ng --cpu 8 --cpu-load 56 --timeout 60s --quiet,14,5/15/2026,13:29:23,14.22,2.18,230
stress-ng --cpu 8 --cpu-load 56 --timeout 60s --quiet,14,5/15/2026,13:29:24,14.21,2.18,224
stress-ng --cpu 8 --cpu-load 56 --timeout 60s --quiet,14,5/15/2026,13:29:25,14.56,2.18,227
stress-ng --cpu 8 --cpu-load 56 --timeout 60s --quiet,14,5/15/2026,13:29:26,13.8,2.18,230
stress-ng --cpu 8 --cpu-load 56 --timeout 60s --quiet,14,5/15/2026,13:29:27,14.23,2.18,232
stress-ng --cpu 8 --cpu-load 56 --timeout 60s --quiet,14,5/15/2026,13:29:28,13.35,2.1,233
stress-ng --cpu 8 --cpu-load 56 --timeout 60s --quiet,14,5/15/2026,17:29:00,0.09,2.17,122
stress-ng --cpu 8 --cpu-load 56 --timeout 60s --quiet,14,5/15/2026,17:29:01,9.34,2.25,131
stress-ng --cpu 8 --cpu-load 56 --timeout 60s --quiet,14,5/15/2026,17:29:02,14.52,2.25,220
stress-ng --cpu 8 --cpu-load 56 --timeout 60s --quiet,14,5/15/2026,17:29:03,14.25,2.25,199
stress-ng --cpu 8 --cpu-load 56 --timeout 60s --quiet,14,5/15/2026,17:29:04,13.89,2.25,196
stress-ng --cpu 8 --cpu-load 56 --timeout 60s --quiet,14,5/15/2026,17:29:05,14.32,2.25,201
stress-ng --cpu 8 --cpu-load 56 --timeout 60s --quiet,14,5/15/2026,17:29:06,14.25,2.25,206.5
stress-ng --cpu 8 --cpu-load 56 --timeout 60s --quiet,14,5/15/2026,17:29:07,14.04,2.24,212
stress-ng --cpu 8 --cpu-load 56 --timeout 60s --quiet,14,5/15/2026,17:29:08,14.47,2.25,224
stress-ng --cpu 8 --cpu-load 56 --timeout 60s --quiet,14,5/15/2026,17:29:09,14.03,2.24,211
stress-ng --cpu 8 --cpu-load 56 --timeout 60s --quiet,14,5/15/2026,17:29:10,13.99,2.24,225
stress-ng --cpu 8 --cpu-load 56 --timeout 60s --quiet,14,5/15/2026,17:29:11,14.78,2.25,230
stress-ng --cpu 8 --cpu-load 56 --timeout 60s --quiet,14,5/15/2026,17:29:12,13.76,2.24,219
stress-ng --cpu 8 --cpu-load 56 --timeout 60s --quiet,14,5/15/2026,17:29:13,14.48,2.24,221
stress-ng --cpu 8 --cpu-load 56 --timeout 60s --quiet,14,5/15/2026,17:29:14,14.29,2.24,231
stress-ng --cpu 8 --cpu-load 56 --timeout 60s --quiet,14,5/15/2026,17:29:15,14.05,2.24,234
stress-ng --cpu 8 --cpu-load 56 --timeout 60s --quiet,14,5/15/2026,17:29:16,14.06,2.24,237
stress-ng --cpu 8 --cpu-load 56 --timeout 60s --quiet,14,5/15/2026,17:29:17,14.18,2.24,240
stress-ng --cpu 8 --cpu-load 56 --timeout 60s --quiet,14,5/15/2026,17:29:18,14.33,2.24,237
stress-ng --cpu 8 --cpu-load 56 --timeout 60s --quiet,14,5/15/2026,17:29:19,14.04,2.23,231
stress-ng --cpu 8 --cpu-load 56 --timeout 60s --quiet,14,5/15/2026,17:29:20,14.23,2.22,230
stress-ng --cpu 8 --cpu-load 56 --timeout 60s --quiet,14,5/15/2026,17:29:21,14.25,2.23,241
stress-ng --cpu 8 --cpu-load 56 --timeout 60s --quiet,14,5/15/2026,17:29:22,14.35,2.23,238
stress-ng --cpu 8 --cpu-load 56 --timeout 60s --quiet,14,5/15/2026,17:29:23,14.17,2.23,241
stress-ng --cpu 8 --cpu-load 56 --timeout 60s --quiet,14,5/15/2026,17:29:24,14.24,2.23,235
stress-ng --cpu 8 --cpu-load 56 --timeout 60s --quiet,14,5/15/2026,17:29:25,14.29,2.22,232
stress-ng --cpu 8 --cpu-load 56 --timeout 60s --quiet,14,5/15/2026,17:29:26,14.225,2.22,230
stress-ng --cpu 8 --cpu-load 56 --timeout 60s --quiet,14,5/15/2026,17:29:27,14.16,2.22,234
stress-ng --cpu 8 --cpu-load 56 --timeout 60s --quiet,14,5/15/2026,17:29:28,14.34,2.22,237
stress-ng --cpu 8 --cpu-load 56 --timeout 60s --quiet,14,5/15/2026,17:29:29,13.67,2.22,232
stress-ng --cpu 8 --cpu-load 56 --timeout 60s --quiet,14,5/15/2026,17:29:30,14.38,2.22,227
stress-ng --cpu 8 --cpu-load 56 --timeout 60s --quiet,14,5/15/2026,17:29:31,14.41,2.21,219
stress-ng --cpu 8 --cpu-load 56 --timeout 60s --quiet,14,5/15/2026,17:29:32,13.91,2.2,236
stress-ng --cpu 8 --cpu-load 56 --timeout 60s --quiet,14,5/15/2026,17:29:33,14.13,2.2,227
stress-ng --cpu 8 --cpu-load 56 --timeout 60s --quiet,14,5/15/2026,17:29:34,14.31,2.2,231
stress-ng --cpu 8 --cpu-load 56 --timeout 60s --quiet,14,5/15/2026,17:29:35,14.38,2.2,230
stress-ng --cpu 8 --cpu-load 56 --timeout 60s --quiet,14,5/15/2026,17:29:36,14.25,2.2,229
stress-ng --cpu 8 --cpu-load 56 --timeout 60s --quiet,14,5/15/2026,17:29:37,13.99,2.21,238
stress-ng --cpu 8 --cpu-load 56 --timeout 60s --quiet,14,5/15/2026,17:29:38,14.13,2.21,236
stress-ng --cpu 8 --cpu-load 56 --timeout 60s --quiet,14,5/15/2026,17:29:39,14.4,2.22,237
stress-ng --cpu 8 --cpu-load 56 --timeout 60s --quiet,14,5/15/2026,17:29:40,14.45,2.22,240
stress-ng --cpu 8 --cpu-load 56 --timeout 60s --quiet,14,5/15/2026,17:29:41,14.48,2.22,231
stress-ng --cpu 8 --cpu-load 56 --timeout 60s --quiet,14,5/15/2026,17:29:42,14.36,2.22,236
stress-ng --cpu 8 --cpu-load 56 --timeout 60s --quiet,14,5/15/2026,17:29:43,14.21,2.21,233
stress-ng --cpu 8 --cpu-load 56 --timeout 60s --quiet,14,5/15/2026,17:29:44,13.99,2.22,230
stress-ng --cpu 8 --cpu-load 56 --timeout 60s --quiet,14,5/15/2026,17:29:45,14.17,2.21,222
stress-ng --cpu 8 --cpu-load 56 --timeout 60s --quiet,14,5/15/2026,17:29:46,14.5,2.2,227
stress-ng --cpu 8 --cpu-load 56 --timeout 60s --quiet,14,5/15/2026,17:29:47,14.02,2.2,229
stress-ng --cpu 8 --cpu-load 56 --timeout 60s --quiet,14,5/15/2026,17:29:48,14.39,2.2,231
stress-ng --cpu 8 --cpu-load 56 --timeout 60s --quiet,14,5/15/2026,17:29:49,14.3,2.2,229
stress-ng --cpu 8 --cpu-load 56 --timeout 60s --quiet,14,5/15/2026,17:29:50,14.76,2.2,222
stress-ng --cpu 8 --cpu-load 56 --timeout 60s --quiet,14,5/15/2026,17:29:51,14.22,2.2,232
stress-ng --cpu 8 --cpu-load 56 --timeout 60s --quiet,14,5/15/2026,17:29:52,14.12,2.19,223
stress-ng --cpu 8 --cpu-load 56 --timeout 60s --quiet,14,5/15/2026,17:29:53,13.8,2.19,226
stress-ng --cpu 8 --cpu-load 56 --timeout 60s --quiet,14,5/15/2026,17:29:54,14.68,2.19,232
stress-ng --cpu 8 --cpu-load 56 --timeout 60s --quiet,14,5/15/2026,17:29:55,14.14,2.19,226
stress-ng --cpu 8 --cpu-load 56 --timeout 60s --quiet,14,5/15/2026,17:29:56,13.91,2.18,241
stress-ng --cpu 8 --cpu-load 56 --timeout 60s --quiet,14,5/15/2026,17:29:57,13.9,2.18,240
stress-ng --cpu 8 --cpu-load 56 --timeout 60s --quiet,14,5/15/2026,17:29:58,14.26,2.17,237
stress-ng --cpu 8 --cpu-load 56 --timeout 60s --quiet,14,5/15/2026,17:29:59,14.74,2.17,231
stress-ng --cpu 8 --cpu-load 56 --timeout 60s --quiet,14,5/15/2026,17:30:00,13.84,2.18,222
stress-ng --cpu 8 --cpu-load 56 --timeout 60s --quiet,14,5/15/2026,17:30:01,6.93,2.13,134
stress-ng --cpu 8 --cpu-load 60 --timeout 60s --quiet,15,5/14/2026,22:20:25,0.89,2.18,110
stress-ng --cpu 8 --cpu-load 60 --timeout 60s --quiet,15,5/14/2026,22:20:26,15.86,2.2,130
stress-ng --cpu 8 --cpu-load 60 --timeout 60s --quiet,15,5/14/2026,22:20:27,15.27,2.2,207
stress-ng --cpu 8 --cpu-load 60 --timeout 60s --quiet,15,5/14/2026,22:20:28,15.06,2.2,201
stress-ng --cpu 8 --cpu-load 60 --timeout 60s --quiet,15,5/14/2026,22:20:29,15.17,2.2,209
stress-ng --cpu 8 --cpu-load 60 --timeout 60s --quiet,15,5/14/2026,22:20:30,15.12,2.2,217
stress-ng --cpu 8 --cpu-load 60 --timeout 60s --quiet,15,5/14/2026,22:20:31,15.29,2.19,200
stress-ng --cpu 8 --cpu-load 60 --timeout 60s --quiet,15,5/14/2026,22:20:32,15.1,2.19,217
stress-ng --cpu 8 --cpu-load 60 --timeout 60s --quiet,15,5/14/2026,22:20:33,15.4,2.19,205
stress-ng --cpu 8 --cpu-load 60 --timeout 60s --quiet,15,5/14/2026,22:20:34,15.16,2.19,218
stress-ng --cpu 8 --cpu-load 60 --timeout 60s --quiet,15,5/14/2026,22:20:35,15.15,2.17,203
stress-ng --cpu 8 --cpu-load 60 --timeout 60s --quiet,15,5/14/2026,22:20:36,15.06,2.17,218
stress-ng --cpu 8 --cpu-load 60 --timeout 60s --quiet,15,5/14/2026,22:20:37,15.26,2.16,220
stress-ng --cpu 8 --cpu-load 60 --timeout 60s --quiet,15,5/14/2026,22:20:38,15.15,2.17,205
stress-ng --cpu 8 --cpu-load 60 --timeout 60s --quiet,15,5/14/2026,22:20:39,15.14,2.17,223
stress-ng --cpu 8 --cpu-load 60 --timeout 60s --quiet,15,5/14/2026,22:20:40,15.28,2.16,212
stress-ng --cpu 8 --cpu-load 60 --timeout 60s --quiet,15,5/14/2026,22:20:41,14.9,2.16,227
stress-ng --cpu 8 --cpu-load 60 --timeout 60s --quiet,15,5/14/2026,22:20:42,15.12,2.16,212
stress-ng --cpu 8 --cpu-load 60 --timeout 60s --quiet,15,5/14/2026,22:20:43,15.26,2.16,223
stress-ng --cpu 8 --cpu-load 60 --timeout 60s --quiet,15,5/14/2026,22:20:44,15.45,2.16,228
stress-ng --cpu 8 --cpu-load 60 --timeout 60s --quiet,15,5/14/2026,22:20:45,14.92,2.16,228
stress-ng --cpu 8 --cpu-load 60 --timeout 60s --quiet,15,5/14/2026,22:20:46,15.04,2.16,225
stress-ng --cpu 8 --cpu-load 60 --timeout 60s --quiet,15,5/14/2026,22:20:47,15.38,2.17,227
stress-ng --cpu 8 --cpu-load 60 --timeout 60s --quiet,15,5/14/2026,22:20:48,15.25,2.16,203
stress-ng --cpu 8 --cpu-load 60 --timeout 60s --quiet,15,5/14/2026,22:20:49,15.2,2.16,212
stress-ng --cpu 8 --cpu-load 60 --timeout 60s --quiet,15,5/14/2026,22:20:50,15.3,2.17,221
stress-ng --cpu 8 --cpu-load 60 --timeout 60s --quiet,15,5/14/2026,22:20:51,15.02,2.16,219
stress-ng --cpu 8 --cpu-load 60 --timeout 60s --quiet,15,5/14/2026,22:20:52,14.99,2.16,221
stress-ng --cpu 8 --cpu-load 60 --timeout 60s --quiet,15,5/14/2026,22:20:53,15.33,2.16,224
stress-ng --cpu 8 --cpu-load 60 --timeout 60s --quiet,15,5/14/2026,22:20:54,15.06,2.16,222
stress-ng --cpu 8 --cpu-load 60 --timeout 60s --quiet,15,5/14/2026,22:20:55,15.14,2.16,224
stress-ng --cpu 8 --cpu-load 60 --timeout 60s --quiet,15,5/14/2026,22:20:56,15.12,2.165,222
stress-ng --cpu 8 --cpu-load 60 --timeout 60s --quiet,15,5/14/2026,22:20:57,15.1,2.17,222
stress-ng --cpu 8 --cpu-load 60 --timeout 60s --quiet,15,5/14/2026,22:20:58,15.16,2.16,216
stress-ng --cpu 8 --cpu-load 60 --timeout 60s --quiet,15,5/14/2026,22:20:59,15.35,2.17,224
stress-ng --cpu 8 --cpu-load 60 --timeout 60s --quiet,15,5/14/2026,22:21:00,15.58,2.17,215
stress-ng --cpu 8 --cpu-load 60 --timeout 60s --quiet,15,5/14/2026,22:21:01,15.08,2.16,222
stress-ng --cpu 8 --cpu-load 60 --timeout 60s --quiet,15,5/14/2026,22:21:02,15.03,2.16,216
stress-ng --cpu 8 --cpu-load 60 --timeout 60s --quiet,15,5/14/2026,22:21:03,15.42,2.16,221
stress-ng --cpu 8 --cpu-load 60 --timeout 60s --quiet,15,5/14/2026,22:21:04,15.35,2.17,226
stress-ng --cpu 8 --cpu-load 60 --timeout 60s --quiet,15,5/14/2026,22:21:05,14.75,2.17,226
stress-ng --cpu 8 --cpu-load 60 --timeout 60s --quiet,15,5/14/2026,22:21:06,15.11,2.17,231
stress-ng --cpu 8 --cpu-load 60 --timeout 60s --quiet,15,5/14/2026,22:21:07,15.4,2.16,223
stress-ng --cpu 8 --cpu-load 60 --timeout 60s --quiet,15,5/14/2026,22:21:08,15.24,2.16,229
stress-ng --cpu 8 --cpu-load 60 --timeout 60s --quiet,15,5/14/2026,22:21:09,15.1,2.16,228
stress-ng --cpu 8 --cpu-load 60 --timeout 60s --quiet,15,5/14/2026,22:21:10,15.27,2.16,217
stress-ng --cpu 8 --cpu-load 60 --timeout 60s --quiet,15,5/14/2026,22:21:11,14.9,2.16,230
stress-ng --cpu 8 --cpu-load 60 --timeout 60s --quiet,15,5/14/2026,22:21:12,15.25,2.16,222
stress-ng --cpu 8 --cpu-load 60 --timeout 60s --quiet,15,5/14/2026,22:21:13,15.42,2.16,231
stress-ng --cpu 8 --cpu-load 60 --timeout 60s --quiet,15,5/14/2026,22:21:14,14.87,2.15,227
stress-ng --cpu 8 --cpu-load 60 --timeout 60s --quiet,15,5/14/2026,22:21:15,15.24,2.15,229
stress-ng --cpu 8 --cpu-load 60 --timeout 60s --quiet,15,5/14/2026,22:21:16,15.27,2.16,231
stress-ng --cpu 8 --cpu-load 60 --timeout 60s --quiet,15,5/14/2026,22:21:17,15.14,2.16,225
stress-ng --cpu 8 --cpu-load 60 --timeout 60s --quiet,15,5/14/2026,22:21:18,15.4,2.16,225.5
stress-ng --cpu 8 --cpu-load 60 --timeout 60s --quiet,15,5/14/2026,22:21:19,14.98,2.16,226
stress-ng --cpu 8 --cpu-load 60 --timeout 60s --quiet,15,5/14/2026,22:21:20,15.27,2.16,226
stress-ng --cpu 8 --cpu-load 60 --timeout 60s --quiet,15,5/14/2026,22:21:21,15.31,2.17,232
stress-ng --cpu 8 --cpu-load 60 --timeout 60s --quiet,15,5/14/2026,22:21:22,15.15,2.17,225
stress-ng --cpu 8 --cpu-load 60 --timeout 60s --quiet,15,5/14/2026,22:21:23,15.33,2.17,230
stress-ng --cpu 8 --cpu-load 60 --timeout 60s --quiet,15,5/14/2026,22:21:24,15.04,2.17,221
stress-ng --cpu 8 --cpu-load 60 --timeout 60s --quiet,15,5/14/2026,22:21:25,15.33,2.17,234
stress-ng --cpu 8 --cpu-load 60 --timeout 60s --quiet,15,5/15/2026,6:31:30,0.12,2.11,124
stress-ng --cpu 8 --cpu-load 60 --timeout 60s --quiet,15,5/15/2026,6:31:31,7.12,2.2,124
stress-ng --cpu 8 --cpu-load 60 --timeout 60s --quiet,15,5/15/2026,6:31:32,15.18,2.2,221
stress-ng --cpu 8 --cpu-load 60 --timeout 60s --quiet,15,5/15/2026,6:31:33,15.15,2.2,227
stress-ng --cpu 8 --cpu-load 60 --timeout 60s --quiet,15,5/15/2026,6:31:34,15.22,2.2,221
stress-ng --cpu 8 --cpu-load 60 --timeout 60s --quiet,15,5/15/2026,6:31:35,14.99,2.2,214
stress-ng --cpu 8 --cpu-load 60 --timeout 60s --quiet,15,5/15/2026,6:31:36,15.83,2.19,227
stress-ng --cpu 8 --cpu-load 60 --timeout 60s --quiet,15,5/15/2026,6:31:37,14.96,2.19,208
stress-ng --cpu 8 --cpu-load 60 --timeout 60s --quiet,15,5/15/2026,6:31:38,14.7,2.19,220
stress-ng --cpu 8 --cpu-load 60 --timeout 60s --quiet,15,5/15/2026,6:31:39,15.18,2.19,223
stress-ng --cpu 8 --cpu-load 60 --timeout 60s --quiet,15,5/15/2026,6:31:40,15.37,2.17,224
stress-ng --cpu 8 --cpu-load 60 --timeout 60s --quiet,15,5/15/2026,6:31:41,15.06,2.17,228
stress-ng --cpu 8 --cpu-load 60 --timeout 60s --quiet,15,5/15/2026,6:31:42,15.11,2.17,229
stress-ng --cpu 8 --cpu-load 60 --timeout 60s --quiet,15,5/15/2026,6:31:43,15.45,2.17,235
stress-ng --cpu 8 --cpu-load 60 --timeout 60s --quiet,15,5/15/2026,6:31:44,14.93,2.17,239
stress-ng --cpu 8 --cpu-load 60 --timeout 60s --quiet,15,5/15/2026,6:31:45,15.24,2.17,236
stress-ng --cpu 8 --cpu-load 60 --timeout 60s --quiet,15,5/15/2026,6:31:46,14.84,2.16,235
stress-ng --cpu 8 --cpu-load 60 --timeout 60s --quiet,15,5/15/2026,6:31:47,15.27,2.17,237
stress-ng --cpu 8 --cpu-load 60 --timeout 60s --quiet,15,5/15/2026,6:31:48,15.27,2.17,235
stress-ng --cpu 8 --cpu-load 60 --timeout 60s --quiet,15,5/15/2026,6:31:49,15.24,2.17,237
stress-ng --cpu 8 --cpu-load 60 --timeout 60s --quiet,15,5/15/2026,6:31:50,15.09,2.17,237
stress-ng --cpu 8 --cpu-load 60 --timeout 60s --quiet,15,5/15/2026,6:31:51,15.2,2.17,229
stress-ng --cpu 8 --cpu-load 60 --timeout 60s --quiet,15,5/15/2026,6:31:52,15.4,2.17,221
stress-ng --cpu 8 --cpu-load 60 --timeout 60s --quiet,15,5/15/2026,6:31:53,14.91,2.17,234
stress-ng --cpu 8 --cpu-load 60 --timeout 60s --quiet,15,5/15/2026,6:31:54,15.25,2.17,240
stress-ng --cpu 8 --cpu-load 60 --timeout 60s --quiet,15,5/15/2026,6:31:55,15.56,2.17,240
stress-ng --cpu 8 --cpu-load 60 --timeout 60s --quiet,15,5/15/2026,6:31:56,14.91,2.17,240
stress-ng --cpu 8 --cpu-load 60 --timeout 60s --quiet,15,5/15/2026,6:31:57,15.22,2.16,241
stress-ng --cpu 8 --cpu-load 60 --timeout 60s --quiet,15,5/15/2026,6:31:58,14.84,2.16,237.5
stress-ng --cpu 8 --cpu-load 60 --timeout 60s --quiet,15,5/15/2026,6:31:59,15.36,2.16,234
stress-ng --cpu 8 --cpu-load 60 --timeout 60s --quiet,15,5/15/2026,6:32:00,15.19,2.17,232
stress-ng --cpu 8 --cpu-load 60 --timeout 60s --quiet,15,5/15/2026,6:32:01,15.54,2.15,231
stress-ng --cpu 8 --cpu-load 60 --timeout 60s --quiet,15,5/15/2026,6:32:02,15.07,2.15,239
stress-ng --cpu 8 --cpu-load 60 --timeout 60s --quiet,15,5/15/2026,6:32:03,15.33,2.15,236
stress-ng --cpu 8 --cpu-load 60 --timeout 60s --quiet,15,5/15/2026,6:32:04,15.01,2.16,242
stress-ng --cpu 8 --cpu-load 60 --timeout 60s --quiet,15,5/15/2026,6:32:05,15.23,2.16,240
stress-ng --cpu 8 --cpu-load 60 --timeout 60s --quiet,15,5/15/2026,6:32:06,15.29,2.16,233
stress-ng --cpu 8 --cpu-load 60 --timeout 60s --quiet,15,5/15/2026,6:32:07,15.24,2.16,232
stress-ng --cpu 8 --cpu-load 60 --timeout 60s --quiet,15,5/15/2026,6:32:08,14.9,2.16,232
stress-ng --cpu 8 --cpu-load 60 --timeout 60s --quiet,15,5/15/2026,6:32:09,15.33,2.16,232
stress-ng --cpu 8 --cpu-load 60 --timeout 60s --quiet,15,5/15/2026,6:32:10,15.12,2.16,235
stress-ng --cpu 8 --cpu-load 60 --timeout 60s --quiet,15,5/15/2026,6:32:11,15.3,2.16,239
stress-ng --cpu 8 --cpu-load 60 --timeout 60s --quiet,15,5/15/2026,6:32:12,15.25,2.16,237
stress-ng --cpu 8 --cpu-load 60 --timeout 60s --quiet,15,5/15/2026,6:32:13,15.08,2.16,235
stress-ng --cpu 8 --cpu-load 60 --timeout 60s --quiet,15,5/15/2026,6:32:14,15.115,2.155,234
stress-ng --cpu 8 --cpu-load 60 --timeout 60s --quiet,15,5/15/2026,6:32:15,15.15,2.15,240
stress-ng --cpu 8 --cpu-load 60 --timeout 60s --quiet,15,5/15/2026,6:32:16,15.29,2.15,236
stress-ng --cpu 8 --cpu-load 60 --timeout 60s --quiet,15,5/15/2026,6:32:17,15.52,2.15,239
stress-ng --cpu 8 --cpu-load 60 --timeout 60s --quiet,15,5/15/2026,6:32:18,15.1,2.15,237
stress-ng --cpu 8 --cpu-load 60 --timeout 60s --quiet,15,5/15/2026,6:32:19,15.31,2.15,234
stress-ng --cpu 8 --cpu-load 60 --timeout 60s --quiet,15,5/15/2026,6:32:20,15.24,2.15,238
stress-ng --cpu 8 --cpu-load 60 --timeout 60s --quiet,15,5/15/2026,6:32:21,15.06,2.15,238
stress-ng --cpu 8 --cpu-load 60 --timeout 60s --quiet,15,5/15/2026,6:32:22,15.12,2.16,245
stress-ng --cpu 8 --cpu-load 60 --timeout 60s --quiet,15,5/15/2026,6:32:23,15.22,2.16,235
stress-ng --cpu 8 --cpu-load 60 --timeout 60s --quiet,15,5/15/2026,6:32:24,15.5,2.15,242
stress-ng --cpu 8 --cpu-load 60 --timeout 60s --quiet,15,5/15/2026,6:32:25,15.1,2.15,241
stress-ng --cpu 8 --cpu-load 60 --timeout 60s --quiet,15,5/15/2026,6:32:26,15.01,2.15,236
stress-ng --cpu 8 --cpu-load 60 --timeout 60s --quiet,15,5/15/2026,6:32:27,15.42,2.15,237
stress-ng --cpu 8 --cpu-load 60 --timeout 60s --quiet,15,5/15/2026,6:32:28,15.18,2.14,237
stress-ng --cpu 8 --cpu-load 60 --timeout 60s --quiet,15,5/15/2026,6:32:29,15.1,2.14,239
stress-ng --cpu 8 --cpu-load 60 --timeout 60s --quiet,15,5/15/2026,6:32:30,15.4,2.13,239
stress-ng --cpu 8 --cpu-load 60 --timeout 60s --quiet,15,5/15/2026,16:54:57,12.82,2.24,119
stress-ng --cpu 8 --cpu-load 60 --timeout 60s --quiet,15,5/15/2026,16:54:58,13.935,2.24,150
stress-ng --cpu 8 --cpu-load 60 --timeout 60s --quiet,15,5/15/2026,16:54:59,15.05,2.24,220
stress-ng --cpu 8 --cpu-load 60 --timeout 60s --quiet,15,5/15/2026,16:55:00,15.27,2.24,211
stress-ng --cpu 8 --cpu-load 60 --timeout 60s --quiet,15,5/15/2026,16:55:01,15.77,2.25,218
stress-ng --cpu 8 --cpu-load 60 --timeout 60s --quiet,15,5/15/2026,16:55:02,18.51,2.23,247
stress-ng --cpu 8 --cpu-load 60 --timeout 60s --quiet,15,5/15/2026,16:55:03,15.54,2.23,223
stress-ng --cpu 8 --cpu-load 60 --timeout 60s --quiet,15,5/15/2026,16:55:04,15.12,2.23,202
stress-ng --cpu 8 --cpu-load 60 --timeout 60s --quiet,15,5/15/2026,16:55:05,14.91,2.22,220
stress-ng --cpu 8 --cpu-load 60 --timeout 60s --quiet,15,5/15/2026,16:55:06,15.7,2.23,208
stress-ng --cpu 8 --cpu-load 60 --timeout 60s --quiet,15,5/15/2026,16:55:07,15.37,2.22,207
stress-ng --cpu 8 --cpu-load 60 --timeout 60s --quiet,15,5/15/2026,16:55:08,14.81,2.22,207
stress-ng --cpu 8 --cpu-load 60 --timeout 60s --quiet,15,5/15/2026,16:55:09,15.23,2.22,226
stress-ng --cpu 8 --cpu-load 60 --timeout 60s --quiet,15,5/15/2026,16:55:10,14.95,2.22,237
stress-ng --cpu 8 --cpu-load 60 --timeout 60s --quiet,15,5/15/2026,16:55:11,16.28,2.22,226
stress-ng --cpu 8 --cpu-load 60 --timeout 60s --quiet,15,5/15/2026,16:55:12,15.09,2.22,225
stress-ng --cpu 8 --cpu-load 60 --timeout 60s --quiet,15,5/15/2026,16:55:13,14.71,2.22,219
stress-ng --cpu 8 --cpu-load 60 --timeout 60s --quiet,15,5/15/2026,16:55:14,15.9,2.22,223
stress-ng --cpu 8 --cpu-load 60 --timeout 60s --quiet,15,5/15/2026,16:55:15,15.2,2.22,214
stress-ng --cpu 8 --cpu-load 60 --timeout 60s --quiet,15,5/15/2026,16:55:16,14.67,2.23,216
stress-ng --cpu 8 --cpu-load 60 --timeout 60s --quiet,15,5/15/2026,16:55:17,15.72,2.21,224
stress-ng --cpu 8 --cpu-load 60 --timeout 60s --quiet,15,5/15/2026,16:55:18,15.17,2.22,229
stress-ng --cpu 8 --cpu-load 60 --timeout 60s --quiet,15,5/15/2026,16:55:19,14.67,2.22,234
stress-ng --cpu 8 --cpu-load 60 --timeout 60s --quiet,15,5/15/2026,16:55:20,15.48,2.22,212
stress-ng --cpu 8 --cpu-load 60 --timeout 60s --quiet,15,5/15/2026,16:55:21,15.28,2.22,229
stress-ng --cpu 8 --cpu-load 60 --timeout 60s --quiet,15,5/15/2026,16:55:22,14.98,2.21,226
stress-ng --cpu 8 --cpu-load 60 --timeout 60s --quiet,15,5/15/2026,16:55:23,14.84,2.21,223
stress-ng --cpu 8 --cpu-load 60 --timeout 60s --quiet,15,5/15/2026,16:55:24,15.69,2.21,215
stress-ng --cpu 8 --cpu-load 60 --timeout 60s --quiet,15,5/15/2026,16:55:25,14.95,2.21,222
stress-ng --cpu 8 --cpu-load 60 --timeout 60s --quiet,15,5/15/2026,16:55:26,15.02,2.21,235
stress-ng --cpu 8 --cpu-load 60 --timeout 60s --quiet,15,5/15/2026,16:55:27,15.15,2.21,234
stress-ng --cpu 8 --cpu-load 60 --timeout 60s --quiet,15,5/15/2026,16:55:28,15.49,2.21,242
stress-ng --cpu 8 --cpu-load 60 --timeout 60s --quiet,15,5/15/2026,16:55:29,15.09,2.22,235
stress-ng --cpu 8 --cpu-load 60 --timeout 60s --quiet,15,5/15/2026,16:55:30,14.96,2.22,224
stress-ng --cpu 8 --cpu-load 60 --timeout 60s --quiet,15,5/15/2026,16:55:31,15.26,2.21,232
stress-ng --cpu 8 --cpu-load 60 --timeout 60s --quiet,15,5/15/2026,16:55:32,15.55,2.21,213
stress-ng --cpu 8 --cpu-load 60 --timeout 60s --quiet,15,5/15/2026,16:55:33,15.05,2.21,226
stress-ng --cpu 8 --cpu-load 60 --timeout 60s --quiet,15,5/15/2026,16:55:34,14.86,2.21,217
stress-ng --cpu 8 --cpu-load 60 --timeout 60s --quiet,15,5/15/2026,16:55:35,15.24,2.21,218
stress-ng --cpu 8 --cpu-load 60 --timeout 60s --quiet,15,5/15/2026,16:55:36,15.45,2.21,235
stress-ng --cpu 8 --cpu-load 60 --timeout 60s --quiet,15,5/15/2026,16:55:37,15.35,2.21,226
stress-ng --cpu 8 --cpu-load 60 --timeout 60s --quiet,15,5/15/2026,16:55:38,14.98,2.21,223
stress-ng --cpu 8 --cpu-load 60 --timeout 60s --quiet,15,5/15/2026,16:55:39,14.9,2.21,221
stress-ng --cpu 8 --cpu-load 60 --timeout 60s --quiet,15,5/15/2026,16:55:40,15.45,2.21,225
stress-ng --cpu 8 --cpu-load 60 --timeout 60s --quiet,15,5/15/2026,16:55:41,15.2,2.21,227
stress-ng --cpu 8 --cpu-load 60 --timeout 60s --quiet,15,5/15/2026,16:55:42,14.91,2.21,222
stress-ng --cpu 8 --cpu-load 60 --timeout 60s --quiet,15,5/15/2026,16:55:43,15.07,2.21,220
stress-ng --cpu 8 --cpu-load 60 --timeout 60s --quiet,15,5/15/2026,16:55:44,15.57,2.21,232
stress-ng --cpu 8 --cpu-load 60 --timeout 60s --quiet,15,5/15/2026,16:55:45,14.88,2.21,241
stress-ng --cpu 8 --cpu-load 60 --timeout 60s --quiet,15,5/15/2026,16:55:46,15.3,2.21,230
stress-ng --cpu 8 --cpu-load 60 --timeout 60s --quiet,15,5/15/2026,16:55:47,15.54,2.21,230
stress-ng --cpu 8 --cpu-load 60 --timeout 60s --quiet,15,5/15/2026,16:55:48,15.05,2.22,236
stress-ng --cpu 8 --cpu-load 60 --timeout 60s --quiet,15,5/15/2026,16:55:49,15.36,2.21,235
stress-ng --cpu 8 --cpu-load 60 --timeout 60s --quiet,15,5/15/2026,16:55:50,15.27,2.21,238
stress-ng --cpu 8 --cpu-load 60 --timeout 60s --quiet,15,5/15/2026,16:55:51,15.18,2.21,235
stress-ng --cpu 8 --cpu-load 60 --timeout 60s --quiet,15,5/15/2026,16:55:52,15.08,2.21,235
stress-ng --cpu 8 --cpu-load 60 --timeout 60s --quiet,15,5/15/2026,16:55:53,15.2,2.21,235
stress-ng --cpu 8 --cpu-load 60 --timeout 60s --quiet,15,5/15/2026,16:55:54,15.01,2.21,235
stress-ng --cpu 8 --cpu-load 60 --timeout 60s --quiet,15,5/15/2026,16:55:55,15.32,2.2,231
stress-ng --cpu 8 --cpu-load 60 --timeout 60s --quiet,15,5/15/2026,16:55:56,14.98,2.21,237
stress-ng --cpu 8 --cpu-load 60 --timeout 60s --quiet,15,5/15/2026,16:55:57,4.62,2.15,237
stress-ng --cpu 8 --cpu-load 64 --timeout 60s --quiet,16,5/15/2026,4:03:11,6.06,2.18,134
stress-ng --cpu 8 --cpu-load 64 --timeout 60s --quiet,16,5/15/2026,4:03:12,16.27,2.18,174
stress-ng --cpu 8 --cpu-load 64 --timeout 60s --quiet,16,5/15/2026,4:03:13,16.05,2.18,214
stress-ng --cpu 8 --cpu-load 64 --timeout 60s --quiet,16,5/15/2026,4:03:14,16.29,2.18,213
stress-ng --cpu 8 --cpu-load 64 --timeout 60s --quiet,16,5/15/2026,4:03:15,16.4,2.17,223
stress-ng --cpu 8 --cpu-load 64 --timeout 60s --quiet,16,5/15/2026,4:03:16,16.02,2.18,218.5
stress-ng --cpu 8 --cpu-load 64 --timeout 60s --quiet,16,5/15/2026,4:03:17,16.22,2.18,214
stress-ng --cpu 8 --cpu-load 64 --timeout 60s --quiet,16,5/15/2026,4:03:18,16.09,2.18,204
stress-ng --cpu 8 --cpu-load 64 --timeout 60s --quiet,16,5/15/2026,4:03:19,16.5,2.16,223.5
stress-ng --cpu 8 --cpu-load 64 --timeout 60s --quiet,16,5/15/2026,4:03:20,16.27,2.16,243
stress-ng --cpu 8 --cpu-load 64 --timeout 60s --quiet,16,5/15/2026,4:03:21,16.14,2.15,223
stress-ng --cpu 8 --cpu-load 64 --timeout 60s --quiet,16,5/15/2026,4:03:22,16.17,2.16,233
stress-ng --cpu 8 --cpu-load 64 --timeout 60s --quiet,16,5/15/2026,4:03:23,16.37,2.15,242
stress-ng --cpu 8 --cpu-load 64 --timeout 60s --quiet,16,5/15/2026,4:03:24,15.66,2.15,244
stress-ng --cpu 8 --cpu-load 64 --timeout 60s --quiet,16,5/15/2026,4:03:25,16.27,2.16,225
stress-ng --cpu 8 --cpu-load 64 --timeout 60s --quiet,16,5/15/2026,4:03:26,16.42,2.15,237
stress-ng --cpu 8 --cpu-load 64 --timeout 60s --quiet,16,5/15/2026,4:03:27,16.21,2.14,234
stress-ng --cpu 8 --cpu-load 64 --timeout 60s --quiet,16,5/15/2026,4:03:28,16.09,2.15,246
stress-ng --cpu 8 --cpu-load 64 --timeout 60s --quiet,16,5/15/2026,4:03:29,16.37,2.15,238
stress-ng --cpu 8 --cpu-load 64 --timeout 60s --quiet,16,5/15/2026,4:03:30,16.33,2.15,236
stress-ng --cpu 8 --cpu-load 64 --timeout 60s --quiet,16,5/15/2026,4:03:31,16.42,2.15,228
stress-ng --cpu 8 --cpu-load 64 --timeout 60s --quiet,16,5/15/2026,4:03:32,15.88,2.14,236
stress-ng --cpu 8 --cpu-load 64 --timeout 60s --quiet,16,5/15/2026,4:03:33,16.28,2.14,240
stress-ng --cpu 8 --cpu-load 64 --timeout 60s --quiet,16,5/15/2026,4:03:34,16.34,2.15,241
stress-ng --cpu 8 --cpu-load 64 --timeout 60s --quiet,16,5/15/2026,4:03:35,15.95,2.15,245
stress-ng --cpu 8 --cpu-load 64 --timeout 60s --quiet,16,5/15/2026,4:03:36,16.13,2.15,240
stress-ng --cpu 8 --cpu-load 64 --timeout 60s --quiet,16,5/15/2026,4:03:37,16.18,2.15,240
stress-ng --cpu 8 --cpu-load 64 --timeout 60s --quiet,16,5/15/2026,4:03:38,16.345,2.145,238
stress-ng --cpu 8 --cpu-load 64 --timeout 60s --quiet,16,5/15/2026,4:03:39,16.51,2.14,241
stress-ng --cpu 8 --cpu-load 64 --timeout 60s --quiet,16,5/15/2026,4:03:40,16.19,2.14,248
stress-ng --cpu 8 --cpu-load 64 --timeout 60s --quiet,16,5/15/2026,4:03:41,16.09,2.15,233
stress-ng --cpu 8 --cpu-load 64 --timeout 60s --quiet,16,5/15/2026,4:03:42,15.9,2.15,238
stress-ng --cpu 8 --cpu-load 64 --timeout 60s --quiet,16,5/15/2026,4:03:43,16.57,2.15,244
stress-ng --cpu 8 --cpu-load 64 --timeout 60s --quiet,16,5/15/2026,4:03:44,15.82,2.15,240
stress-ng --cpu 8 --cpu-load 64 --timeout 60s --quiet,16,5/15/2026,4:03:45,16.13,2.15,236
stress-ng --cpu 8 --cpu-load 64 --timeout 60s --quiet,16,5/15/2026,4:03:46,16.72,2.15,244
stress-ng --cpu 8 --cpu-load 64 --timeout 60s --quiet,16,5/15/2026,4:03:47,16.17,2.15,236
stress-ng --cpu 8 --cpu-load 64 --timeout 60s --quiet,16,5/15/2026,4:03:48,15.91,2.16,222
stress-ng --cpu 8 --cpu-load 64 --timeout 60s --quiet,16,5/15/2026,4:03:49,16.37,2.16,244
stress-ng --cpu 8 --cpu-load 64 --timeout 60s --quiet,16,5/15/2026,4:03:50,16.34,2.16,242
stress-ng --cpu 8 --cpu-load 64 --timeout 60s --quiet,16,5/15/2026,4:03:51,16.25,2.16,241
stress-ng --cpu 8 --cpu-load 64 --timeout 60s --quiet,16,5/15/2026,4:03:52,16.36,2.16,239
stress-ng --cpu 8 --cpu-load 64 --timeout 60s --quiet,16,5/15/2026,4:03:53,15.73,2.16,239
stress-ng --cpu 8 --cpu-load 64 --timeout 60s --quiet,16,5/15/2026,4:03:54,16.28,2.16,238
stress-ng --cpu 8 --cpu-load 64 --timeout 60s --quiet,16,5/15/2026,4:03:55,16.24,2.16,238
stress-ng --cpu 8 --cpu-load 64 --timeout 60s --quiet,16,5/15/2026,4:03:56,16.04,2.16,236
stress-ng --cpu 8 --cpu-load 64 --timeout 60s --quiet,16,5/15/2026,4:03:57,16.21,2.17,242
stress-ng --cpu 8 --cpu-load 64 --timeout 60s --quiet,16,5/15/2026,4:03:58,16.04,2.17,236
stress-ng --cpu 8 --cpu-load 64 --timeout 60s --quiet,16,5/15/2026,4:03:59,16.46,2.17,239
stress-ng --cpu 8 --cpu-load 64 --timeout 60s --quiet,16,5/15/2026,4:04:00,16.36,2.16,245
stress-ng --cpu 8 --cpu-load 64 --timeout 60s --quiet,16,5/15/2026,4:04:01,16.11,2.16,245
stress-ng --cpu 8 --cpu-load 64 --timeout 60s --quiet,16,5/15/2026,4:04:02,16.19,2.16,238
stress-ng --cpu 8 --cpu-load 64 --timeout 60s --quiet,16,5/15/2026,4:04:03,15.91,2.16,244
stress-ng --cpu 8 --cpu-load 64 --timeout 60s --quiet,16,5/15/2026,4:04:04,16.27,2.17,247
stress-ng --cpu 8 --cpu-load 64 --timeout 60s --quiet,16,5/15/2026,4:04:05,16.54,2.17,238
stress-ng --cpu 8 --cpu-load 64 --timeout 60s --quiet,16,5/15/2026,4:04:06,16.19,2.17,226
stress-ng --cpu 8 --cpu-load 64 --timeout 60s --quiet,16,5/15/2026,4:04:07,16,2.18,249
stress-ng --cpu 8 --cpu-load 64 --timeout 60s --quiet,16,5/15/2026,4:04:08,16.04,2.17,246
stress-ng --cpu 8 --cpu-load 64 --timeout 60s --quiet,16,5/15/2026,4:04:09,16.15,2.17,237
stress-ng --cpu 8 --cpu-load 64 --timeout 60s --quiet,16,5/15/2026,4:04:10,16.31,2.18,251
stress-ng --cpu 8 --cpu-load 64 --timeout 60s --quiet,16,5/15/2026,4:04:11,12.12,2.12,242
stress-ng --cpu 8 --cpu-load 64 --timeout 60s --quiet,16,5/15/2026,13:34:28,0.12,2.11,119
stress-ng --cpu 8 --cpu-load 64 --timeout 60s --quiet,16,5/15/2026,13:34:29,3.91,2.2,146
stress-ng --cpu 8 --cpu-load 64 --timeout 60s --quiet,16,5/15/2026,13:34:30,16.11,2.2,237
stress-ng --cpu 8 --cpu-load 64 --timeout 60s --quiet,16,5/15/2026,13:34:31,16.26,2.2,214
stress-ng --cpu 8 --cpu-load 64 --timeout 60s --quiet,16,5/15/2026,13:34:32,16.33,2.2,217
stress-ng --cpu 8 --cpu-load 64 --timeout 60s --quiet,16,5/15/2026,13:34:33,16.24,2.2,220
stress-ng --cpu 8 --cpu-load 64 --timeout 60s --quiet,16,5/15/2026,13:34:34,16.2,2.2,215
stress-ng --cpu 8 --cpu-load 64 --timeout 60s --quiet,16,5/15/2026,13:34:35,15.97,2.2,231
stress-ng --cpu 8 --cpu-load 64 --timeout 60s --quiet,16,5/15/2026,13:34:36,16.23,2.2,228
stress-ng --cpu 8 --cpu-load 64 --timeout 60s --quiet,16,5/15/2026,13:34:37,16.15,2.19,226
stress-ng --cpu 8 --cpu-load 64 --timeout 60s --quiet,16,5/15/2026,13:34:38,16.29,2.19,219
stress-ng --cpu 8 --cpu-load 64 --timeout 60s --quiet,16,5/15/2026,13:34:39,16.1,2.19,229
stress-ng --cpu 8 --cpu-load 64 --timeout 60s --quiet,16,5/15/2026,13:34:40,16.53,2.19,228
stress-ng --cpu 8 --cpu-load 64 --timeout 60s --quiet,16,5/15/2026,13:34:41,15.83,2.19,236
stress-ng --cpu 8 --cpu-load 64 --timeout 60s --quiet,16,5/15/2026,13:34:42,16.16,2.19,233
stress-ng --cpu 8 --cpu-load 64 --timeout 60s --quiet,16,5/15/2026,13:34:43,15.94,2.19,237
stress-ng --cpu 8 --cpu-load 64 --timeout 60s --quiet,16,5/15/2026,13:34:44,16.29,2.18,242
stress-ng --cpu 8 --cpu-load 64 --timeout 60s --quiet,16,5/15/2026,13:34:45,16.19,2.19,245
stress-ng --cpu 8 --cpu-load 64 --timeout 60s --quiet,16,5/15/2026,13:34:46,16.4,2.18,243
stress-ng --cpu 8 --cpu-load 64 --timeout 60s --quiet,16,5/15/2026,13:34:47,16.3,2.17,244
stress-ng --cpu 8 --cpu-load 64 --timeout 60s --quiet,16,5/15/2026,13:34:48,16,2.17,248
stress-ng --cpu 8 --cpu-load 64 --timeout 60s --quiet,16,5/15/2026,13:34:49,15.97,2.17,237
stress-ng --cpu 8 --cpu-load 64 --timeout 60s --quiet,16,5/15/2026,13:34:50,16.53,2.17,240
stress-ng --cpu 8 --cpu-load 64 --timeout 60s --quiet,16,5/15/2026,13:34:51,15.88,2.16,237
stress-ng --cpu 8 --cpu-load 64 --timeout 60s --quiet,16,5/15/2026,13:34:52,16.24,2.16,230
stress-ng --cpu 8 --cpu-load 64 --timeout 60s --quiet,16,5/15/2026,13:34:53,16.48,2.16,236
stress-ng --cpu 8 --cpu-load 64 --timeout 60s --quiet,16,5/15/2026,13:34:54,15.72,2.16,234
stress-ng --cpu 8 --cpu-load 64 --timeout 60s --quiet,16,5/15/2026,13:34:55,16.23,2.16,235
stress-ng --cpu 8 --cpu-load 64 --timeout 60s --quiet,16,5/15/2026,13:34:56,16.38,2.16,237
stress-ng --cpu 8 --cpu-load 64 --timeout 60s --quiet,16,5/15/2026,13:34:57,16.05,2.15,224
stress-ng --cpu 8 --cpu-load 64 --timeout 60s --quiet,16,5/15/2026,13:34:58,16.01,2.15,221
stress-ng --cpu 8 --cpu-load 64 --timeout 60s --quiet,16,5/15/2026,13:34:59,16.43,2.15,223
stress-ng --cpu 8 --cpu-load 64 --timeout 60s --quiet,16,5/15/2026,13:35:00,16.03,2.15,225
stress-ng --cpu 8 --cpu-load 64 --timeout 60s --quiet,16,5/15/2026,13:35:01,16.21,2.14,228
stress-ng --cpu 8 --cpu-load 64 --timeout 60s --quiet,16,5/15/2026,13:35:02,16.3,2.15,237
stress-ng --cpu 8 --cpu-load 64 --timeout 60s --quiet,16,5/15/2026,13:35:03,16.44,2.14,237
stress-ng --cpu 8 --cpu-load 64 --timeout 60s --quiet,16,5/15/2026,13:35:04,16.27,2.15,236
stress-ng --cpu 8 --cpu-load 64 --timeout 60s --quiet,16,5/15/2026,13:35:05,16,2.15,233
stress-ng --cpu 8 --cpu-load 64 --timeout 60s --quiet,16,5/15/2026,13:35:06,16.22,2.15,233
stress-ng --cpu 8 --cpu-load 64 --timeout 60s --quiet,16,5/15/2026,13:35:07,16.35,2.15,243
stress-ng --cpu 8 --cpu-load 64 --timeout 60s --quiet,16,5/15/2026,13:35:08,16.22,2.15,244
stress-ng --cpu 8 --cpu-load 64 --timeout 60s --quiet,16,5/15/2026,13:35:09,15.98,2.15,242
stress-ng --cpu 8 --cpu-load 64 --timeout 60s --quiet,16,5/15/2026,13:35:10,15.92,2.15,250
stress-ng --cpu 8 --cpu-load 64 --timeout 60s --quiet,16,5/15/2026,13:35:11,16.28,2.15,243
stress-ng --cpu 8 --cpu-load 64 --timeout 60s --quiet,16,5/15/2026,13:35:12,16.41,2.15,239
stress-ng --cpu 8 --cpu-load 64 --timeout 60s --quiet,16,5/15/2026,13:35:13,15.87,2.15,239
stress-ng --cpu 8 --cpu-load 64 --timeout 60s --quiet,16,5/15/2026,13:35:14,16.16,2.15,247
stress-ng --cpu 8 --cpu-load 64 --timeout 60s --quiet,16,5/15/2026,13:35:15,16.13,2.15,236
stress-ng --cpu 8 --cpu-load 64 --timeout 60s --quiet,16,5/15/2026,13:35:16,16.33,2.15,247
stress-ng --cpu 8 --cpu-load 64 --timeout 60s --quiet,16,5/15/2026,13:35:17,16.295,2.15,247
stress-ng --cpu 8 --cpu-load 64 --timeout 60s --quiet,16,5/15/2026,13:35:18,16.26,2.15,257
stress-ng --cpu 8 --cpu-load 64 --timeout 60s --quiet,16,5/15/2026,13:35:19,16.27,2.15,256
stress-ng --cpu 8 --cpu-load 64 --timeout 60s --quiet,16,5/15/2026,13:35:20,16,2.15,245
stress-ng --cpu 8 --cpu-load 64 --timeout 60s --quiet,16,5/15/2026,13:35:21,15.86,2.16,246
stress-ng --cpu 8 --cpu-load 64 --timeout 60s --quiet,16,5/15/2026,13:35:22,16.19,2.16,257
stress-ng --cpu 8 --cpu-load 64 --timeout 60s --quiet,16,5/15/2026,13:35:23,16.33,2.15,250
stress-ng --cpu 8 --cpu-load 64 --timeout 60s --quiet,16,5/15/2026,13:35:24,16.3,2.16,245
stress-ng --cpu 8 --cpu-load 64 --timeout 60s --quiet,16,5/15/2026,13:35:25,16.3,2.15,249
stress-ng --cpu 8 --cpu-load 64 --timeout 60s --quiet,16,5/15/2026,13:35:26,15.83,2.15,253
stress-ng --cpu 8 --cpu-load 64 --timeout 60s --quiet,16,5/15/2026,13:35:27,16.1,2.16,249
stress-ng --cpu 8 --cpu-load 64 --timeout 60s --quiet,16,5/15/2026,13:35:28,16.25,2.16,242
stress-ng --cpu 8 --cpu-load 64 --timeout 60s --quiet,16,5/15/2026,13:35:29,14.3,2.11,240
stress-ng --cpu 8 --cpu-load 64 --timeout 60s --quiet,16,5/15/2026,19:39:20,0.12,2.11,121
stress-ng --cpu 8 --cpu-load 64 --timeout 60s --quiet,16,5/15/2026,19:39:21,8.32,2.21,111
stress-ng --cpu 8 --cpu-load 64 --timeout 60s --quiet,16,5/15/2026,19:39:22,15.97,2.21,231
stress-ng --cpu 8 --cpu-load 64 --timeout 60s --quiet,16,5/15/2026,19:39:23,16.35,2.21,238
stress-ng --cpu 8 --cpu-load 64 --timeout 60s --quiet,16,5/15/2026,19:39:24,16.47,2.21,237
stress-ng --cpu 8 --cpu-load 64 --timeout 60s --quiet,16,5/15/2026,19:39:25,16.27,2.2,235
stress-ng --cpu 8 --cpu-load 64 --timeout 60s --quiet,16,5/15/2026,19:39:26,15.8,2.2,234
stress-ng --cpu 8 --cpu-load 64 --timeout 60s --quiet,16,5/15/2026,19:39:27,16.47,2.2,243
stress-ng --cpu 8 --cpu-load 64 --timeout 60s --quiet,16,5/15/2026,19:39:28,16.46,2.19,247
stress-ng --cpu 8 --cpu-load 64 --timeout 60s --quiet,16,5/15/2026,19:39:29,16.16,2.18,241
stress-ng --cpu 8 --cpu-load 64 --timeout 60s --quiet,16,5/15/2026,19:39:30,15.92,2.18,235
stress-ng --cpu 8 --cpu-load 64 --timeout 60s --quiet,16,5/15/2026,19:39:31,16.03,2.17,232
stress-ng --cpu 8 --cpu-load 64 --timeout 60s --quiet,16,5/15/2026,19:39:32,16.54,2.17,235
stress-ng --cpu 8 --cpu-load 64 --timeout 60s --quiet,16,5/15/2026,19:39:33,16.15,2.17,238
stress-ng --cpu 8 --cpu-load 64 --timeout 60s --quiet,16,5/15/2026,19:39:34,16.23,2.18,232
stress-ng --cpu 8 --cpu-load 64 --timeout 60s --quiet,16,5/15/2026,19:39:35,16.03,2.18,237
stress-ng --cpu 8 --cpu-load 64 --timeout 60s --quiet,16,5/15/2026,19:39:36,16.46,2.18,240
stress-ng --cpu 8 --cpu-load 64 --timeout 60s --quiet,16,5/15/2026,19:39:37,16.05,2.18,234
stress-ng --cpu 8 --cpu-load 64 --timeout 60s --quiet,16,5/15/2026,19:39:38,16.03,2.18,240
stress-ng --cpu 8 --cpu-load 64 --timeout 60s --quiet,16,5/15/2026,19:39:39,16.29,2.18,242
stress-ng --cpu 8 --cpu-load 64 --timeout 60s --quiet,16,5/15/2026,19:39:40,16.09,2.18,237
stress-ng --cpu 8 --cpu-load 64 --timeout 60s --quiet,16,5/15/2026,19:39:41,16.5,2.18,238
stress-ng --cpu 8 --cpu-load 64 --timeout 60s --quiet,16,5/15/2026,19:39:42,16.31,2.18,244
stress-ng --cpu 8 --cpu-load 64 --timeout 60s --quiet,16,5/15/2026,19:39:43,15.82,2.18,236
stress-ng --cpu 8 --cpu-load 64 --timeout 60s --quiet,16,5/15/2026,19:39:44,16.12,2.18,241
stress-ng --cpu 8 --cpu-load 64 --timeout 60s --quiet,16,5/15/2026,19:39:45,16.42,2.17,244
stress-ng --cpu 8 --cpu-load 64 --timeout 60s --quiet,16,5/15/2026,19:39:46,16.05,2.16,237
stress-ng --cpu 8 --cpu-load 64 --timeout 60s --quiet,16,5/15/2026,19:39:47,16.37,2.17,233
stress-ng --cpu 8 --cpu-load 64 --timeout 60s --quiet,16,5/15/2026,19:39:48,16.05,2.16,236
stress-ng --cpu 8 --cpu-load 64 --timeout 60s --quiet,16,5/15/2026,19:39:49,16.33,2.16,238
stress-ng --cpu 8 --cpu-load 64 --timeout 60s --quiet,16,5/15/2026,19:39:50,15.99,2.16,234
stress-ng --cpu 8 --cpu-load 64 --timeout 60s --quiet,16,5/15/2026,19:39:51,16.23,2.16,243
stress-ng --cpu 8 --cpu-load 64 --timeout 60s --quiet,16,5/15/2026,19:39:52,16.38,2.15,242
stress-ng --cpu 8 --cpu-load 64 --timeout 60s --quiet,16,5/15/2026,19:39:53,16.25,2.15,239.5
stress-ng --cpu 8 --cpu-load 64 --timeout 60s --quiet,16,5/15/2026,19:39:54,16.12,2.16,237
stress-ng --cpu 8 --cpu-load 64 --timeout 60s --quiet,16,5/15/2026,19:39:55,15.92,2.16,238
stress-ng --cpu 8 --cpu-load 64 --timeout 60s --quiet,16,5/15/2026,19:39:56,16.18,2.16,232
stress-ng --cpu 8 --cpu-load 64 --timeout 60s --quiet,16,5/15/2026,19:39:57,16.36,2.16,230
stress-ng --cpu 8 --cpu-load 64 --timeout 60s --quiet,16,5/15/2026,19:39:58,16.35,2.16,230
stress-ng --cpu 8 --cpu-load 64 --timeout 60s --quiet,16,5/15/2026,19:39:59,16.15,2.16,240
stress-ng --cpu 8 --cpu-load 64 --timeout 60s --quiet,16,5/15/2026,19:40:00,16.31,2.16,238
stress-ng --cpu 8 --cpu-load 64 --timeout 60s --quiet,16,5/15/2026,19:40:01,16,2.16,239
stress-ng --cpu 8 --cpu-load 64 --timeout 60s --quiet,16,5/15/2026,19:40:02,16.16,2.17,243
stress-ng --cpu 8 --cpu-load 64 --timeout 60s --quiet,16,5/15/2026,19:40:03,16.34,2.15,240
stress-ng --cpu 8 --cpu-load 64 --timeout 60s --quiet,16,5/15/2026,19:40:04,16.28,2.15,239
stress-ng --cpu 8 --cpu-load 64 --timeout 60s --quiet,16,5/15/2026,19:40:05,16.16,2.15,234
stress-ng --cpu 8 --cpu-load 64 --timeout 60s --quiet,16,5/15/2026,19:40:06,16.14,2.15,236
stress-ng --cpu 8 --cpu-load 64 --timeout 60s --quiet,16,5/15/2026,19:40:07,16.04,2.15,238
stress-ng --cpu 8 --cpu-load 64 --timeout 60s --quiet,16,5/15/2026,19:40:08,16.28,2.16,242
stress-ng --cpu 8 --cpu-load 64 --timeout 60s --quiet,16,5/15/2026,19:40:09,16.05,2.16,238
stress-ng --cpu 8 --cpu-load 64 --timeout 60s --quiet,16,5/15/2026,19:40:10,16.45,2.16,241
stress-ng --cpu 8 --cpu-load 64 --timeout 60s --quiet,16,5/15/2026,19:40:11,16.16,2.15,240
stress-ng --cpu 8 --cpu-load 64 --timeout 60s --quiet,16,5/15/2026,19:40:12,16.01,2.16,246
stress-ng --cpu 8 --cpu-load 64 --timeout 60s --quiet,16,5/15/2026,19:40:13,16.31,2.16,244
stress-ng --cpu 8 --cpu-load 64 --timeout 60s --quiet,16,5/15/2026,19:40:14,16.14,2.16,237
stress-ng --cpu 8 --cpu-load 64 --timeout 60s --quiet,16,5/15/2026,19:40:15,16.33,2.17,244
stress-ng --cpu 8 --cpu-load 64 --timeout 60s --quiet,16,5/15/2026,19:40:16,16.29,2.17,243
stress-ng --cpu 8 --cpu-load 64 --timeout 60s --quiet,16,5/15/2026,19:40:17,16.25,2.17,247
stress-ng --cpu 8 --cpu-load 64 --timeout 60s --quiet,16,5/15/2026,19:40:18,16.24,2.17,246
stress-ng --cpu 8 --cpu-load 64 --timeout 60s --quiet,16,5/15/2026,19:40:19,16.13,2.17,244
stress-ng --cpu 8 --cpu-load 64 --timeout 60s --quiet,16,5/15/2026,19:40:20,16.33,2.17,244
stress-ng --cpu 8 --cpu-load 68 --timeout 60s --quiet,17,5/14/2026,22:54:29,0.09,2.1,117
stress-ng --cpu 8 --cpu-load 68 --timeout 60s --quiet,17,5/14/2026,22:54:30,8.57,2.21,117
stress-ng --cpu 8 --cpu-load 68 --timeout 60s --quiet,17,5/14/2026,22:54:31,17.28,2.21,219
stress-ng --cpu 8 --cpu-load 68 --timeout 60s --quiet,17,5/14/2026,22:54:32,17.07,2.21,247
stress-ng --cpu 8 --cpu-load 68 --timeout 60s --quiet,17,5/14/2026,22:54:33,17.3,2.21,247
stress-ng --cpu 8 --cpu-load 68 --timeout 60s --quiet,17,5/14/2026,22:54:34,16.86,2.21,245
stress-ng --cpu 8 --cpu-load 68 --timeout 60s --quiet,17,5/14/2026,22:54:35,17.46,2.21,254
stress-ng --cpu 8 --cpu-load 68 --timeout 60s --quiet,17,5/14/2026,22:54:36,17.07,2.21,242
stress-ng --cpu 8 --cpu-load 68 --timeout 60s --quiet,17,5/14/2026,22:54:37,16.92,2.2,245
stress-ng --cpu 8 --cpu-load 68 --timeout 60s --quiet,17,5/14/2026,22:54:38,17.64,2.2,250
stress-ng --cpu 8 --cpu-load 68 --timeout 60s --quiet,17,5/14/2026,22:54:39,16.87,2.2,241
stress-ng --cpu 8 --cpu-load 68 --timeout 60s --quiet,17,5/14/2026,22:54:40,17.33,2.19,244
stress-ng --cpu 8 --cpu-load 68 --timeout 60s --quiet,17,5/14/2026,22:54:41,17.04,2.19,245
stress-ng --cpu 8 --cpu-load 68 --timeout 60s --quiet,17,5/14/2026,22:54:42,17.04,2.19,258
stress-ng --cpu 8 --cpu-load 68 --timeout 60s --quiet,17,5/14/2026,22:54:43,17.58,2.19,260
stress-ng --cpu 8 --cpu-load 68 --timeout 60s --quiet,17,5/14/2026,22:54:44,16.91,2.19,248
stress-ng --cpu 8 --cpu-load 68 --timeout 60s --quiet,17,5/14/2026,22:54:45,17.02,2.19,251
stress-ng --cpu 8 --cpu-load 68 --timeout 60s --quiet,17,5/14/2026,22:54:46,17.34,2.18,257
stress-ng --cpu 8 --cpu-load 68 --timeout 60s --quiet,17,5/14/2026,22:54:47,17.15,2.18,249
stress-ng --cpu 8 --cpu-load 68 --timeout 60s --quiet,17,5/14/2026,22:54:48,17.23,2.16,254
stress-ng --cpu 8 --cpu-load 68 --timeout 60s --quiet,17,5/14/2026,22:54:49,17.18,2.16,253
stress-ng --cpu 8 --cpu-load 68 --timeout 60s --quiet,17,5/14/2026,22:54:50,17.29,2.16,252
stress-ng --cpu 8 --cpu-load 68 --timeout 60s --quiet,17,5/14/2026,22:54:51,17.02,2.17,255
stress-ng --cpu 8 --cpu-load 68 --timeout 60s --quiet,17,5/14/2026,22:54:52,17.17,2.17,252
stress-ng --cpu 8 --cpu-load 68 --timeout 60s --quiet,17,5/14/2026,22:54:53,17.22,2.17,253.5
stress-ng --cpu 8 --cpu-load 68 --timeout 60s --quiet,17,5/14/2026,22:54:54,17.04,2.17,255
stress-ng --cpu 8 --cpu-load 68 --timeout 60s --quiet,17,5/14/2026,22:54:55,17.52,2.16,240
stress-ng --cpu 8 --cpu-load 68 --timeout 60s --quiet,17,5/14/2026,22:54:56,16.93,2.16,256
stress-ng --cpu 8 --cpu-load 68 --timeout 60s --quiet,17,5/14/2026,22:54:57,17.32,2.17,253
stress-ng --cpu 8 --cpu-load 68 --timeout 60s --quiet,17,5/14/2026,22:54:58,17.26,2.17,245
stress-ng --cpu 8 --cpu-load 68 --timeout 60s --quiet,17,5/14/2026,22:54:59,16.8,2.17,240
stress-ng --cpu 8 --cpu-load 68 --timeout 60s --quiet,17,5/14/2026,22:55:00,17.41,2.17,258
stress-ng --cpu 8 --cpu-load 68 --timeout 60s --quiet,17,5/14/2026,22:55:01,17.02,2.16,243
stress-ng --cpu 8 --cpu-load 68 --timeout 60s --quiet,17,5/14/2026,22:55:02,18.99,2.18,241
stress-ng --cpu 8 --cpu-load 68 --timeout 60s --quiet,17,5/14/2026,22:55:03,19.74,2.19,255
stress-ng --cpu 8 --cpu-load 68 --timeout 60s --quiet,17,5/14/2026,22:55:04,16.82,2.19,240
stress-ng --cpu 8 --cpu-load 68 --timeout 60s --quiet,17,5/14/2026,22:55:05,17.51,2.19,251
stress-ng --cpu 8 --cpu-load 68 --timeout 60s --quiet,17,5/14/2026,22:55:06,17.01,2.19,260
stress-ng --cpu 8 --cpu-load 68 --timeout 60s --quiet,17,5/14/2026,22:55:07,17.13,2.18,253.5
stress-ng --cpu 8 --cpu-load 68 --timeout 60s --quiet,17,5/14/2026,22:55:08,17.4,2.18,247
stress-ng --cpu 8 --cpu-load 68 --timeout 60s --quiet,17,5/14/2026,22:55:09,16.94,2.18,247
stress-ng --cpu 8 --cpu-load 68 --timeout 60s --quiet,17,5/14/2026,22:55:10,17.37,2.18,245
stress-ng --cpu 8 --cpu-load 68 --timeout 60s --quiet,17,5/14/2026,22:55:11,17.155,2.175,247
stress-ng --cpu 8 --cpu-load 68 --timeout 60s --quiet,17,5/14/2026,22:55:12,16.94,2.17,256
stress-ng --cpu 8 --cpu-load 68 --timeout 60s --quiet,17,5/14/2026,22:55:13,17.96,2.18,248
stress-ng --cpu 8 --cpu-load 68 --timeout 60s --quiet,17,5/14/2026,22:55:14,17.08,2.19,256
stress-ng --cpu 8 --cpu-load 68 --timeout 60s --quiet,17,5/14/2026,22:55:15,17.45,2.18,248
stress-ng --cpu 8 --cpu-load 68 --timeout 60s --quiet,17,5/14/2026,22:55:16,16.87,2.18,254
stress-ng --cpu 8 --cpu-load 68 --timeout 60s --quiet,17,5/14/2026,22:55:17,17.58,2.19,249
stress-ng --cpu 8 --cpu-load 68 --timeout 60s --quiet,17,5/14/2026,22:55:18,16.84,2.19,247
stress-ng --cpu 8 --cpu-load 68 --timeout 60s --quiet,17,5/14/2026,22:55:19,17.35,2.19,255
stress-ng --cpu 8 --cpu-load 68 --timeout 60s --quiet,17,5/14/2026,22:55:20,17.05,2.19,250
stress-ng --cpu 8 --cpu-load 68 --timeout 60s --quiet,17,5/14/2026,22:55:21,17.28,2.19,252
stress-ng --cpu 8 --cpu-load 68 --timeout 60s --quiet,17,5/14/2026,22:55:22,17.11,2.19,248
stress-ng --cpu 8 --cpu-load 68 --timeout 60s --quiet,17,5/14/2026,22:55:23,17.12,2.18,248
stress-ng --cpu 8 --cpu-load 68 --timeout 60s --quiet,17,5/14/2026,22:55:24,17.15,2.17,258
stress-ng --cpu 8 --cpu-load 68 --timeout 60s --quiet,17,5/14/2026,22:55:25,17.31,2.17,250
stress-ng --cpu 8 --cpu-load 68 --timeout 60s --quiet,17,5/14/2026,22:55:26,17.12,2.18,255
stress-ng --cpu 8 --cpu-load 68 --timeout 60s --quiet,17,5/14/2026,22:55:27,16.99,2.18,259
stress-ng --cpu 8 --cpu-load 68 --timeout 60s --quiet,17,5/14/2026,22:55:28,17.27,2.17,253
stress-ng --cpu 8 --cpu-load 68 --timeout 60s --quiet,17,5/14/2026,22:55:29,17.13,2.17,263
stress-ng --cpu 8 --cpu-load 68 --timeout 60s --quiet,17,5/15/2026,13:44:31,3.05,2.2,119
stress-ng --cpu 8 --cpu-load 68 --timeout 60s --quiet,17,5/15/2026,13:44:32,17.06,2.18,227
stress-ng --cpu 8 --cpu-load 68 --timeout 60s --quiet,17,5/15/2026,13:44:33,17.51,2.19,237
stress-ng --cpu 8 --cpu-load 68 --timeout 60s --quiet,17,5/15/2026,13:44:34,17.26,2.18,228
stress-ng --cpu 8 --cpu-load 68 --timeout 60s --quiet,17,5/15/2026,13:44:35,17.29,2.17,233
stress-ng --cpu 8 --cpu-load 68 --timeout 60s --quiet,17,5/15/2026,13:44:36,16.86,2.17,225
stress-ng --cpu 8 --cpu-load 68 --timeout 60s --quiet,17,5/15/2026,13:44:37,17.73,2.17,232
stress-ng --cpu 8 --cpu-load 68 --timeout 60s --quiet,17,5/15/2026,13:44:38,16.94,2.17,229
stress-ng --cpu 8 --cpu-load 68 --timeout 60s --quiet,17,5/15/2026,13:44:39,17.04,2.17,223
stress-ng --cpu 8 --cpu-load 68 --timeout 60s --quiet,17,5/15/2026,13:44:40,17.21,2.17,230
stress-ng --cpu 8 --cpu-load 68 --timeout 60s --quiet,17,5/15/2026,13:44:41,17.17,2.16,225
stress-ng --cpu 8 --cpu-load 68 --timeout 60s --quiet,17,5/15/2026,13:44:42,17.25,2.16,228
stress-ng --cpu 8 --cpu-load 68 --timeout 60s --quiet,17,5/15/2026,13:44:43,17.24,2.16,233
stress-ng --cpu 8 --cpu-load 68 --timeout 60s --quiet,17,5/15/2026,13:44:44,17.28,2.17,238.5
stress-ng --cpu 8 --cpu-load 68 --timeout 60s --quiet,17,5/15/2026,13:44:45,16.72,2.17,244
stress-ng --cpu 8 --cpu-load 68 --timeout 60s --quiet,17,5/15/2026,13:44:46,17.63,2.17,245
stress-ng --cpu 8 --cpu-load 68 --timeout 60s --quiet,17,5/15/2026,13:44:47,16.77,2.17,239
stress-ng --cpu 8 --cpu-load 68 --timeout 60s --quiet,17,5/15/2026,13:44:48,17.34,2.17,246
stress-ng --cpu 8 --cpu-load 68 --timeout 60s --quiet,17,5/15/2026,13:44:49,17.27,2.17,251
stress-ng --cpu 8 --cpu-load 68 --timeout 60s --quiet,17,5/15/2026,13:44:50,17,2.17,236
stress-ng --cpu 8 --cpu-load 68 --timeout 60s --quiet,17,5/15/2026,13:44:51,17.32,2.17,246
stress-ng --cpu 8 --cpu-load 68 --timeout 60s --quiet,17,5/15/2026,13:44:52,17.16,2.17,251
stress-ng --cpu 8 --cpu-load 68 --timeout 60s --quiet,17,5/15/2026,13:44:53,17.27,2.16,244
stress-ng --cpu 8 --cpu-load 68 --timeout 60s --quiet,17,5/15/2026,13:44:54,17.04,2.16,246
stress-ng --cpu 8 --cpu-load 68 --timeout 60s --quiet,17,5/15/2026,13:44:55,17.25,2.17,250
stress-ng --cpu 8 --cpu-load 68 --timeout 60s --quiet,17,5/15/2026,13:44:56,17.16,2.17,247
stress-ng --cpu 8 --cpu-load 68 --timeout 60s --quiet,17,5/15/2026,13:44:57,17.22,2.17,250
stress-ng --cpu 8 --cpu-load 68 --timeout 60s --quiet,17,5/15/2026,13:44:58,16.82,2.17,249
stress-ng --cpu 8 --cpu-load 68 --timeout 60s --quiet,17,5/15/2026,13:44:59,17.65,2.16,242
stress-ng --cpu 8 --cpu-load 68 --timeout 60s --quiet,17,5/15/2026,13:45:00,16.92,2.17,246
stress-ng --cpu 8 --cpu-load 68 --timeout 60s --quiet,17,5/15/2026,13:45:01,17.03,2.16,244
stress-ng --cpu 8 --cpu-load 68 --timeout 60s --quiet,17,5/15/2026,13:45:02,17.39,2.17,244
stress-ng --cpu 8 --cpu-load 68 --timeout 60s --quiet,17,5/15/2026,13:45:03,17.14,2.17,245
stress-ng --cpu 8 --cpu-load 68 --timeout 60s --quiet,17,5/15/2026,13:45:04,17.28,2.16,252
stress-ng --cpu 8 --cpu-load 68 --timeout 60s --quiet,17,5/15/2026,13:45:05,17,2.16,247
stress-ng --cpu 8 --cpu-load 68 --timeout 60s --quiet,17,5/15/2026,13:45:06,17.36,2.16,246
stress-ng --cpu 8 --cpu-load 68 --timeout 60s --quiet,17,5/15/2026,13:45:07,17.13,2.16,251
stress-ng --cpu 8 --cpu-load 68 --timeout 60s --quiet,17,5/15/2026,13:45:08,17.11,2.16,244
stress-ng --cpu 8 --cpu-load 68 --timeout 60s --quiet,17,5/15/2026,13:45:09,17.09,2.16,245
stress-ng --cpu 8 --cpu-load 68 --timeout 60s --quiet,17,5/15/2026,13:45:10,17.23,2.16,248
stress-ng --cpu 8 --cpu-load 68 --timeout 60s --quiet,17,5/15/2026,13:45:11,17.31,2.16,250
stress-ng --cpu 8 --cpu-load 68 --timeout 60s --quiet,17,5/15/2026,13:45:12,16.99,2.16,248
stress-ng --cpu 8 --cpu-load 68 --timeout 60s --quiet,17,5/15/2026,13:45:13,17.2,2.16,236
stress-ng --cpu 8 --cpu-load 68 --timeout 60s --quiet,17,5/15/2026,13:45:14,17.24,2.17,247
stress-ng --cpu 8 --cpu-load 68 --timeout 60s --quiet,17,5/15/2026,13:45:15,16.83,2.17,230
stress-ng --cpu 8 --cpu-load 68 --timeout 60s --quiet,17,5/15/2026,13:45:16,17.57,2.17,237.5
stress-ng --cpu 8 --cpu-load 68 --timeout 60s --quiet,17,5/15/2026,13:45:17,17.12,2.17,245
stress-ng --cpu 8 --cpu-load 68 --timeout 60s --quiet,17,5/15/2026,13:45:18,17.24,2.17,247
stress-ng --cpu 8 --cpu-load 68 --timeout 60s --quiet,17,5/15/2026,13:45:19,16.98,2.17,251
stress-ng --cpu 8 --cpu-load 68 --timeout 60s --quiet,17,5/15/2026,13:45:20,17.38,2.18,247
stress-ng --cpu 8 --cpu-load 68 --timeout 60s --quiet,17,5/15/2026,13:45:21,16.99,2.18,243
stress-ng --cpu 8 --cpu-load 68 --timeout 60s --quiet,17,5/15/2026,13:45:22,17.72,2.18,249
stress-ng --cpu 8 --cpu-load 68 --timeout 60s --quiet,17,5/15/2026,13:45:23,16.76,2.18,241
stress-ng --cpu 8 --cpu-load 68 --timeout 60s --quiet,17,5/15/2026,13:45:24,17.21,2.19,235
stress-ng --cpu 8 --cpu-load 68 --timeout 60s --quiet,17,5/15/2026,13:45:25,17.34,2.18,249
stress-ng --cpu 8 --cpu-load 68 --timeout 60s --quiet,17,5/15/2026,13:45:26,16.75,2.19,246
stress-ng --cpu 8 --cpu-load 68 --timeout 60s --quiet,17,5/15/2026,13:45:27,17.67,2.19,248
stress-ng --cpu 8 --cpu-load 68 --timeout 60s --quiet,17,5/15/2026,13:45:28,16.73,2.19,258
stress-ng --cpu 8 --cpu-load 68 --timeout 60s --quiet,17,5/15/2026,13:45:29,17.26,2.19,248
stress-ng --cpu 8 --cpu-load 68 --timeout 60s --quiet,17,5/15/2026,13:45:30,17.21,2.19,251
stress-ng --cpu 8 --cpu-load 68 --timeout 60s --quiet,17,5/15/2026,13:45:31,15.86,2.14,251
stress-ng --cpu 8 --cpu-load 68 --timeout 60s --quiet,17,5/15/2026,14:46:39,0.12,2.13,118
stress-ng --cpu 8 --cpu-load 68 --timeout 60s --quiet,17,5/15/2026,14:46:40,9.19,2.22,118
stress-ng --cpu 8 --cpu-load 68 --timeout 60s --quiet,17,5/15/2026,14:46:41,17.12,2.22,190
stress-ng --cpu 8 --cpu-load 68 --timeout 60s --quiet,17,5/15/2026,14:46:42,17.11,2.22,225
stress-ng --cpu 8 --cpu-load 68 --timeout 60s --quiet,17,5/15/2026,14:46:43,17.63,2.22,234
stress-ng --cpu 8 --cpu-load 68 --timeout 60s --quiet,17,5/15/2026,14:46:44,16.96,2.22,225
stress-ng --cpu 8 --cpu-load 68 --timeout 60s --quiet,17,5/15/2026,14:46:45,17.05,2.22,231
stress-ng --cpu 8 --cpu-load 68 --timeout 60s --quiet,17,5/15/2026,14:46:46,17.52,2.21,239
stress-ng --cpu 8 --cpu-load 68 --timeout 60s --quiet,17,5/15/2026,14:46:47,16.93,2.21,227
stress-ng --cpu 8 --cpu-load 68 --timeout 60s --quiet,17,5/15/2026,14:46:48,17.18,2.21,233
stress-ng --cpu 8 --cpu-load 68 --timeout 60s --quiet,17,5/15/2026,14:46:49,17.71,2.2,234
stress-ng --cpu 8 --cpu-load 68 --timeout 60s --quiet,17,5/15/2026,14:46:50,16.97,2.2,221
stress-ng --cpu 8 --cpu-load 68 --timeout 60s --quiet,17,5/15/2026,14:46:51,17.4,2.2,233
stress-ng --cpu 8 --cpu-load 68 --timeout 60s --quiet,17,5/15/2026,14:46:52,17.41,2.2,240
stress-ng --cpu 8 --cpu-load 68 --timeout 60s --quiet,17,5/15/2026,14:46:53,16.76,2.2,233
stress-ng --cpu 8 --cpu-load 68 --timeout 60s --quiet,17,5/15/2026,14:46:54,17.21,2.2,238
stress-ng --cpu 8 --cpu-load 68 --timeout 60s --quiet,17,5/15/2026,14:46:55,17.67,2.19,243
stress-ng --cpu 8 --cpu-load 68 --timeout 60s --quiet,17,5/15/2026,14:46:56,16.96,2.19,239
stress-ng --cpu 8 --cpu-load 68 --timeout 60s --quiet,17,5/15/2026,14:46:57,17.57,2.19,230
stress-ng --cpu 8 --cpu-load 68 --timeout 60s --quiet,17,5/15/2026,14:46:58,16.92,2.18,244
stress-ng --cpu 8 --cpu-load 68 --timeout 60s --quiet,17,5/15/2026,14:46:59,17.22,2.18,247
stress-ng --cpu 8 --cpu-load 68 --timeout 60s --quiet,17,5/15/2026,14:47:00,17.5,2.19,240
stress-ng --cpu 8 --cpu-load 68 --timeout 60s --quiet,17,5/15/2026,14:47:01,17.05,2.18,232
stress-ng --cpu 8 --cpu-load 68 --timeout 60s --quiet,17,5/15/2026,14:47:02,17.04,2.18,244
stress-ng --cpu 8 --cpu-load 68 --timeout 60s --quiet,17,5/15/2026,14:47:03,17.38,2.18,238
stress-ng --cpu 8 --cpu-load 68 --timeout 60s --quiet,17,5/15/2026,14:47:04,16.96,2.18,235
stress-ng --cpu 8 --cpu-load 68 --timeout 60s --quiet,17,5/15/2026,14:47:05,17.51,2.18,246
stress-ng --cpu 8 --cpu-load 68 --timeout 60s --quiet,17,5/15/2026,14:47:06,17.08,2.18,242
stress-ng --cpu 8 --cpu-load 68 --timeout 60s --quiet,17,5/15/2026,14:47:07,17.09,2.18,247
stress-ng --cpu 8 --cpu-load 68 --timeout 60s --quiet,17,5/15/2026,14:47:08,17.19,2.18,251
stress-ng --cpu 8 --cpu-load 68 --timeout 60s --quiet,17,5/15/2026,14:47:09,17.285,2.18,248
stress-ng --cpu 8 --cpu-load 68 --timeout 60s --quiet,17,5/15/2026,14:47:10,17.38,2.18,238
stress-ng --cpu 8 --cpu-load 68 --timeout 60s --quiet,17,5/15/2026,14:47:11,16.97,2.18,246
stress-ng --cpu 8 --cpu-load 68 --timeout 60s --quiet,17,5/15/2026,14:47:12,17.61,2.18,245
stress-ng --cpu 8 --cpu-load 68 --timeout 60s --quiet,17,5/15/2026,14:47:13,17.21,2.17,250
stress-ng --cpu 8 --cpu-load 68 --timeout 60s --quiet,17,5/15/2026,14:47:14,16.96,2.17,241
stress-ng --cpu 8 --cpu-load 68 --timeout 60s --quiet,17,5/15/2026,14:47:15,17.26,2.18,248
stress-ng --cpu 8 --cpu-load 68 --timeout 60s --quiet,17,5/15/2026,14:47:16,17.35,2.17,245
stress-ng --cpu 8 --cpu-load 68 --timeout 60s --quiet,17,5/15/2026,14:47:17,17.01,2.18,235
stress-ng --cpu 8 --cpu-load 68 --timeout 60s --quiet,17,5/15/2026,14:47:18,17.5,2.17,239
stress-ng --cpu 8 --cpu-load 68 --timeout 60s --quiet,17,5/15/2026,14:47:19,16.78,2.17,235
stress-ng --cpu 8 --cpu-load 68 --timeout 60s --quiet,17,5/15/2026,14:47:20,17.59,2.17,242.5
stress-ng --cpu 8 --cpu-load 68 --timeout 60s --quiet,17,5/15/2026,14:47:21,17.09,2.17,250
stress-ng --cpu 8 --cpu-load 68 --timeout 60s --quiet,17,5/15/2026,14:47:22,17.03,2.17,251
stress-ng --cpu 8 --cpu-load 68 --timeout 60s --quiet,17,5/15/2026,14:47:23,17.3,2.16,248
stress-ng --cpu 8 --cpu-load 68 --timeout 60s --quiet,17,5/15/2026,14:47:24,17.5,2.16,245
stress-ng --cpu 8 --cpu-load 68 --timeout 60s --quiet,17,5/15/2026,14:47:25,17.12,2.16,249
stress-ng --cpu 8 --cpu-load 68 --timeout 60s --quiet,17,5/15/2026,14:47:26,17.35,2.16,247
stress-ng --cpu 8 --cpu-load 68 --timeout 60s --quiet,17,5/15/2026,14:47:27,17.27,2.16,245
stress-ng --cpu 8 --cpu-load 68 --timeout 60s --quiet,17,5/15/2026,14:47:28,17.06,2.16,244
stress-ng --cpu 8 --cpu-load 68 --timeout 60s --quiet,17,5/15/2026,14:47:29,17.08,2.15,245
stress-ng --cpu 8 --cpu-load 68 --timeout 60s --quiet,17,5/15/2026,14:47:30,17.39,2.15,247
stress-ng --cpu 8 --cpu-load 68 --timeout 60s --quiet,17,5/15/2026,14:47:31,16.96,2.15,250
stress-ng --cpu 8 --cpu-load 68 --timeout 60s --quiet,17,5/15/2026,14:47:32,17.35,2.16,239
stress-ng --cpu 8 --cpu-load 68 --timeout 60s --quiet,17,5/15/2026,14:47:33,17.56,2.15,249
stress-ng --cpu 8 --cpu-load 68 --timeout 60s --quiet,17,5/15/2026,14:47:34,16.97,2.15,256
stress-ng --cpu 8 --cpu-load 68 --timeout 60s --quiet,17,5/15/2026,14:47:35,17.26,2.16,244
stress-ng --cpu 8 --cpu-load 68 --timeout 60s --quiet,17,5/15/2026,14:47:36,17.44,2.16,238
stress-ng --cpu 8 --cpu-load 68 --timeout 60s --quiet,17,5/15/2026,14:47:37,17.3,2.16,248
stress-ng --cpu 8 --cpu-load 68 --timeout 60s --quiet,17,5/15/2026,14:47:38,17.43,2.15,242
stress-ng --cpu 8 --cpu-load 68 --timeout 60s --quiet,17,5/15/2026,14:47:39,16.82,2.15,246
stress-ng --cpu 8 --cpu-load 68 --timeout 60s --quiet,17,5/15/2026,14:47:40,10.18,2.1,248
stress-ng --cpu 8 --cpu-load 72 --timeout 60s --quiet,18,5/15/2026,4:05:11,0.55,2.2,120
stress-ng --cpu 8 --cpu-load 72 --timeout 60s --quiet,18,5/15/2026,4:05:12,18.56,2.22,125
stress-ng --cpu 8 --cpu-load 72 --timeout 60s --quiet,18,5/15/2026,4:05:13,17.97,2.22,230
stress-ng --cpu 8 --cpu-load 72 --timeout 60s --quiet,18,5/15/2026,4:05:14,18.6,2.23,228
stress-ng --cpu 8 --cpu-load 72 --timeout 60s --quiet,18,5/15/2026,4:05:15,18.32,2.23,240
stress-ng --cpu 8 --cpu-load 72 --timeout 60s --quiet,18,5/15/2026,4:05:16,18.12,2.22,234
stress-ng --cpu 8 --cpu-load 72 --timeout 60s --quiet,18,5/15/2026,4:05:17,18.4,2.22,232
stress-ng --cpu 8 --cpu-load 72 --timeout 60s --quiet,18,5/15/2026,4:05:18,18.26,2.22,230
stress-ng --cpu 8 --cpu-load 72 --timeout 60s --quiet,18,5/15/2026,4:05:19,18.46,2.22,231
stress-ng --cpu 8 --cpu-load 72 --timeout 60s --quiet,18,5/15/2026,4:05:20,18.04,2.22,241
stress-ng --cpu 8 --cpu-load 72 --timeout 60s --quiet,18,5/15/2026,4:05:21,18.13,2.22,244
stress-ng --cpu 8 --cpu-load 72 --timeout 60s --quiet,18,5/15/2026,4:05:22,18.28,2.21,242
stress-ng --cpu 8 --cpu-load 72 --timeout 60s --quiet,18,5/15/2026,4:05:23,18.02,2.21,241
stress-ng --cpu 8 --cpu-load 72 --timeout 60s --quiet,18,5/15/2026,4:05:24,18.2,2.21,242
stress-ng --cpu 8 --cpu-load 72 --timeout 60s --quiet,18,5/15/2026,4:05:25,18.33,2.2,246
stress-ng --cpu 8 --cpu-load 72 --timeout 60s --quiet,18,5/15/2026,4:05:26,18.04,2.2,244
stress-ng --cpu 8 --cpu-load 72 --timeout 60s --quiet,18,5/15/2026,4:05:27,18.27,2.19,241
stress-ng --cpu 8 --cpu-load 72 --timeout 60s --quiet,18,5/15/2026,4:05:28,18.1,2.2,245
stress-ng --cpu 8 --cpu-load 72 --timeout 60s --quiet,18,5/15/2026,4:05:29,18.11,2.19,244
stress-ng --cpu 8 --cpu-load 72 --timeout 60s --quiet,18,5/15/2026,4:05:30,18.25,2.19,244
stress-ng --cpu 8 --cpu-load 72 --timeout 60s --quiet,18,5/15/2026,4:05:31,18.15,2.19,247
stress-ng --cpu 8 --cpu-load 72 --timeout 60s --quiet,18,5/15/2026,4:05:32,18.07,2.19,249
stress-ng --cpu 8 --cpu-load 72 --timeout 60s --quiet,18,5/15/2026,4:05:33,18.11,2.19,248
stress-ng --cpu 8 --cpu-load 72 --timeout 60s --quiet,18,5/15/2026,4:05:34,18.18,2.18,243
stress-ng --cpu 8 --cpu-load 72 --timeout 60s --quiet,18,5/15/2026,4:05:35,18.17,2.18,245
stress-ng --cpu 8 --cpu-load 72 --timeout 60s --quiet,18,5/15/2026,4:05:36,18.32,2.18,244
stress-ng --cpu 8 --cpu-load 72 --timeout 60s --quiet,18,5/15/2026,4:05:37,18.16,2.18,244
stress-ng --cpu 8 --cpu-load 72 --timeout 60s --quiet,18,5/15/2026,4:05:38,18.24,2.18,249
stress-ng --cpu 8 --cpu-load 72 --timeout 60s --quiet,18,5/15/2026,4:05:39,18.15,2.18,246
stress-ng --cpu 8 --cpu-load 72 --timeout 60s --quiet,18,5/15/2026,4:05:40,18.39,2.19,245.5
stress-ng --cpu 8 --cpu-load 72 --timeout 60s --quiet,18,5/15/2026,4:05:41,18.09,2.19,245
stress-ng --cpu 8 --cpu-load 72 --timeout 60s --quiet,18,5/15/2026,4:05:42,18.05,2.19,245
stress-ng --cpu 8 --cpu-load 72 --timeout 60s --quiet,18,5/15/2026,4:05:43,18.41,2.18,249
stress-ng --cpu 8 --cpu-load 72 --timeout 60s --quiet,18,5/15/2026,4:05:44,18.24,2.18,248
stress-ng --cpu 8 --cpu-load 72 --timeout 60s --quiet,18,5/15/2026,4:05:45,18.17,2.18,251
stress-ng --cpu 8 --cpu-load 72 --timeout 60s --quiet,18,5/15/2026,4:05:46,18.28,2.18,249
stress-ng --cpu 8 --cpu-load 72 --timeout 60s --quiet,18,5/15/2026,4:05:47,18.04,2.17,245
stress-ng --cpu 8 --cpu-load 72 --timeout 60s --quiet,18,5/15/2026,4:05:48,18.32,2.16,244
stress-ng --cpu 8 --cpu-load 72 --timeout 60s --quiet,18,5/15/2026,4:05:49,18.19,2.16,244
stress-ng --cpu 8 --cpu-load 72 --timeout 60s --quiet,18,5/15/2026,4:05:50,18.22,2.16,242
stress-ng --cpu 8 --cpu-load 72 --timeout 60s --quiet,18,5/15/2026,4:05:51,18.12,2.16,244
stress-ng --cpu 8 --cpu-load 72 --timeout 60s --quiet,18,5/15/2026,4:05:52,18.02,2.16,247
stress-ng --cpu 8 --cpu-load 72 --timeout 60s --quiet,18,5/15/2026,4:05:53,18.28,2.15,242
stress-ng --cpu 8 --cpu-load 72 --timeout 60s --quiet,18,5/15/2026,4:05:54,18.13,2.16,242
stress-ng --cpu 8 --cpu-load 72 --timeout 60s --quiet,18,5/15/2026,4:05:55,18.2,2.16,242
stress-ng --cpu 8 --cpu-load 72 --timeout 60s --quiet,18,5/15/2026,4:05:56,18.03,2.16,247
stress-ng --cpu 8 --cpu-load 72 --timeout 60s --quiet,18,5/15/2026,4:05:57,18.47,2.16,248
stress-ng --cpu 8 --cpu-load 72 --timeout 60s --quiet,18,5/15/2026,4:05:58,18.08,2.16,245
stress-ng --cpu 8 --cpu-load 72 --timeout 60s --quiet,18,5/15/2026,4:05:59,18.18,2.14,246
stress-ng --cpu 8 --cpu-load 72 --timeout 60s --quiet,18,5/15/2026,4:06:00,18.07,2.14,246
stress-ng --cpu 8 --cpu-load 72 --timeout 60s --quiet,18,5/15/2026,4:06:01,18.14,2.14,246
stress-ng --cpu 8 --cpu-load 72 --timeout 60s --quiet,18,5/15/2026,4:06:02,18.18,2.14,248
stress-ng --cpu 8 --cpu-load 72 --timeout 60s --quiet,18,5/15/2026,4:06:03,18.04,2.14,250
stress-ng --cpu 8 --cpu-load 72 --timeout 60s --quiet,18,5/15/2026,4:06:04,18.43,2.14,254
stress-ng --cpu 8 --cpu-load 72 --timeout 60s --quiet,18,5/15/2026,4:06:05,18.22,2.14,255
stress-ng --cpu 8 --cpu-load 72 --timeout 60s --quiet,18,5/15/2026,4:06:06,18.16,2.14,252
stress-ng --cpu 8 --cpu-load 72 --timeout 60s --quiet,18,5/15/2026,4:06:07,18.07,2.14,250
stress-ng --cpu 8 --cpu-load 72 --timeout 60s --quiet,18,5/15/2026,4:06:08,18.15,2.14,249
stress-ng --cpu 8 --cpu-load 72 --timeout 60s --quiet,18,5/15/2026,4:06:09,18.17,2.14,250
stress-ng --cpu 8 --cpu-load 72 --timeout 60s --quiet,18,5/15/2026,4:06:10,18.2,2.13,250
stress-ng --cpu 8 --cpu-load 72 --timeout 60s --quiet,18,5/15/2026,4:06:11,18.16,2.13,250
stress-ng --cpu 8 --cpu-load 72 --timeout 60s --quiet,18,5/15/2026,12:12:19,1.72,2.16,125
stress-ng --cpu 8 --cpu-load 72 --timeout 60s --quiet,18,5/15/2026,12:12:20,17.88,2.17,112
stress-ng --cpu 8 --cpu-load 72 --timeout 60s --quiet,18,5/15/2026,12:12:21,18.44,2.17,245
stress-ng --cpu 8 --cpu-load 72 --timeout 60s --quiet,18,5/15/2026,12:12:22,18.14,2.17,247
stress-ng --cpu 8 --cpu-load 72 --timeout 60s --quiet,18,5/15/2026,12:12:23,18.35,2.17,241
stress-ng --cpu 8 --cpu-load 72 --timeout 60s --quiet,18,5/15/2026,12:12:24,18.18,2.17,239
stress-ng --cpu 8 --cpu-load 72 --timeout 60s --quiet,18,5/15/2026,12:12:25,18.47,2.17,239
stress-ng --cpu 8 --cpu-load 72 --timeout 60s --quiet,18,5/15/2026,12:12:26,18.11,2.17,243
stress-ng --cpu 8 --cpu-load 72 --timeout 60s --quiet,18,5/15/2026,12:12:27,17.85,2.17,248
stress-ng --cpu 8 --cpu-load 72 --timeout 60s --quiet,18,5/15/2026,12:12:28,18.32,2.17,238
stress-ng --cpu 8 --cpu-load 72 --timeout 60s --quiet,18,5/15/2026,12:12:29,18.35,2.17,245
stress-ng --cpu 8 --cpu-load 72 --timeout 60s --quiet,18,5/15/2026,12:12:30,18.15,2.17,251
stress-ng --cpu 8 --cpu-load 72 --timeout 60s --quiet,18,5/15/2026,12:12:31,18.17,2.16,250
stress-ng --cpu 8 --cpu-load 72 --timeout 60s --quiet,18,5/15/2026,12:12:32,18.11,2.16,248
stress-ng --cpu 8 --cpu-load 72 --timeout 60s --quiet,18,5/15/2026,12:12:33,18.11,2.15,253
stress-ng --cpu 8 --cpu-load 72 --timeout 60s --quiet,18,5/15/2026,12:12:34,18.17,2.16,250
stress-ng --cpu 8 --cpu-load 72 --timeout 60s --quiet,18,5/15/2026,12:12:35,18.2,2.16,254
stress-ng --cpu 8 --cpu-load 72 --timeout 60s --quiet,18,5/15/2026,12:12:36,18.24,2.15,248
stress-ng --cpu 8 --cpu-load 72 --timeout 60s --quiet,18,5/15/2026,12:12:37,18.21,2.15,250
stress-ng --cpu 8 --cpu-load 72 --timeout 60s --quiet,18,5/15/2026,12:12:38,18.1,2.15,252
stress-ng --cpu 8 --cpu-load 72 --timeout 60s --quiet,18,5/15/2026,12:12:39,17.99,2.16,253
stress-ng --cpu 8 --cpu-load 72 --timeout 60s --quiet,18,5/15/2026,12:12:40,18.27,2.15,254
stress-ng --cpu 8 --cpu-load 72 --timeout 60s --quiet,18,5/15/2026,12:12:41,18.24,2.15,251
stress-ng --cpu 8 --cpu-load 72 --timeout 60s --quiet,18,5/15/2026,12:12:42,18.15,2.15,251
stress-ng --cpu 8 --cpu-load 72 --timeout 60s --quiet,18,5/15/2026,12:12:43,18.13,2.15,251
stress-ng --cpu 8 --cpu-load 72 --timeout 60s --quiet,18,5/15/2026,12:12:44,18.02,2.15,250
stress-ng --cpu 8 --cpu-load 72 --timeout 60s --quiet,18,5/15/2026,12:12:45,18.33,2.15,251
stress-ng --cpu 8 --cpu-load 72 --timeout 60s --quiet,18,5/15/2026,12:12:46,18.48,2.15,259
stress-ng --cpu 8 --cpu-load 72 --timeout 60s --quiet,18,5/15/2026,12:12:47,18.23,2.15,252
stress-ng --cpu 8 --cpu-load 72 --timeout 60s --quiet,18,5/15/2026,12:12:48,18.04,2.15,252
stress-ng --cpu 8 --cpu-load 72 --timeout 60s --quiet,18,5/15/2026,12:12:49,18.24,2.15,254
stress-ng --cpu 8 --cpu-load 72 --timeout 60s --quiet,18,5/15/2026,12:12:50,18.26,2.15,253
stress-ng --cpu 8 --cpu-load 72 --timeout 60s --quiet,18,5/15/2026,12:12:51,18.28,2.15,245
stress-ng --cpu 8 --cpu-load 72 --timeout 60s --quiet,18,5/15/2026,12:12:52,18.54,2.16,254
stress-ng --cpu 8 --cpu-load 72 --timeout 60s --quiet,18,5/15/2026,12:12:53,18.05,2.16,256
stress-ng --cpu 8 --cpu-load 72 --timeout 60s --quiet,18,5/15/2026,12:12:54,18.39,2.15,258
stress-ng --cpu 8 --cpu-load 72 --timeout 60s --quiet,18,5/15/2026,12:12:55,17.93,2.15,253
stress-ng --cpu 8 --cpu-load 72 --timeout 60s --quiet,18,5/15/2026,12:12:56,18.1,2.15,247
stress-ng --cpu 8 --cpu-load 72 --timeout 60s --quiet,18,5/15/2026,12:12:57,18.33,2.15,250
stress-ng --cpu 8 --cpu-load 72 --timeout 60s --quiet,18,5/15/2026,12:12:58,18.24,2.15,244
stress-ng --cpu 8 --cpu-load 72 --timeout 60s --quiet,18,5/15/2026,12:12:59,18.29,2.15,257
stress-ng --cpu 8 --cpu-load 72 --timeout 60s --quiet,18,5/15/2026,12:13:00,18.29,2.15,248
stress-ng --cpu 8 --cpu-load 72 --timeout 60s --quiet,18,5/15/2026,12:13:01,18.01,2.15,247
stress-ng --cpu 8 --cpu-load 72 --timeout 60s --quiet,18,5/15/2026,12:13:02,17.96,2.15,248
stress-ng --cpu 8 --cpu-load 72 --timeout 60s --quiet,18,5/15/2026,12:13:03,18.37,2.15,251
stress-ng --cpu 8 --cpu-load 72 --timeout 60s --quiet,18,5/15/2026,12:13:04,18.12,2.16,249
stress-ng --cpu 8 --cpu-load 72 --timeout 60s --quiet,18,5/15/2026,12:13:05,18.3,2.16,256
stress-ng --cpu 8 --cpu-load 72 --timeout 60s --quiet,18,5/15/2026,12:13:06,18.21,2.16,250
stress-ng --cpu 8 --cpu-load 72 --timeout 60s --quiet,18,5/15/2026,12:13:07,18.23,2.16,249.5
stress-ng --cpu 8 --cpu-load 72 --timeout 60s --quiet,18,5/15/2026,12:13:08,18.39,2.16,249
stress-ng --cpu 8 --cpu-load 72 --timeout 60s --quiet,18,5/15/2026,12:13:09,18.17,2.17,258
stress-ng --cpu 8 --cpu-load 72 --timeout 60s --quiet,18,5/15/2026,12:13:10,18.29,2.17,254
stress-ng --cpu 8 --cpu-load 72 --timeout 60s --quiet,18,5/15/2026,12:13:11,18.01,2.17,242
stress-ng --cpu 8 --cpu-load 72 --timeout 60s --quiet,18,5/15/2026,12:13:12,17.99,2.17,247
stress-ng --cpu 8 --cpu-load 72 --timeout 60s --quiet,18,5/15/2026,12:13:13,18.32,2.17,256
stress-ng --cpu 8 --cpu-load 72 --timeout 60s --quiet,18,5/15/2026,12:13:14,18.225,2.17,258
stress-ng --cpu 8 --cpu-load 72 --timeout 60s --quiet,18,5/15/2026,12:13:15,18.13,2.17,255
stress-ng --cpu 8 --cpu-load 72 --timeout 60s --quiet,18,5/15/2026,12:13:16,18.44,2.16,255
stress-ng --cpu 8 --cpu-load 72 --timeout 60s --quiet,18,5/15/2026,12:13:17,18.28,2.16,254
stress-ng --cpu 8 --cpu-load 72 --timeout 60s --quiet,18,5/15/2026,12:13:18,18.29,2.17,260
stress-ng --cpu 8 --cpu-load 72 --timeout 60s --quiet,18,5/15/2026,12:13:19,17.89,2.17,258
stress-ng --cpu 8 --cpu-load 72 --timeout 60s --quiet,18,5/15/2026,18:23:09,4.83,2.23,109
stress-ng --cpu 8 --cpu-load 72 --timeout 60s --quiet,18,5/15/2026,18:23:10,18,2.23,234
stress-ng --cpu 8 --cpu-load 72 --timeout 60s --quiet,18,5/15/2026,18:23:11,18,2.23,230
stress-ng --cpu 8 --cpu-load 72 --timeout 60s --quiet,18,5/15/2026,18:23:12,18.43,2.22,229
stress-ng --cpu 8 --cpu-load 72 --timeout 60s --quiet,18,5/15/2026,18:23:13,17.99,2.22,238
stress-ng --cpu 8 --cpu-load 72 --timeout 60s --quiet,18,5/15/2026,18:23:14,18.49,2.2,238
stress-ng --cpu 8 --cpu-load 72 --timeout 60s --quiet,18,5/15/2026,18:23:15,18.36,2.2,245
stress-ng --cpu 8 --cpu-load 72 --timeout 60s --quiet,18,5/15/2026,18:23:16,18.2,2.2,228
stress-ng --cpu 8 --cpu-load 72 --timeout 60s --quiet,18,5/15/2026,18:23:17,18.56,2.2,229
stress-ng --cpu 8 --cpu-load 72 --timeout 60s --quiet,18,5/15/2026,18:23:18,18.43,2.2,227
stress-ng --cpu 8 --cpu-load 72 --timeout 60s --quiet,18,5/15/2026,18:23:19,18.15,2.2,231
stress-ng --cpu 8 --cpu-load 72 --timeout 60s --quiet,18,5/15/2026,18:23:20,18.04,2.2,241
stress-ng --cpu 8 --cpu-load 72 --timeout 60s --quiet,18,5/15/2026,18:23:21,18.33,2.2,242.5
stress-ng --cpu 8 --cpu-load 72 --timeout 60s --quiet,18,5/15/2026,18:23:22,18.18,2.2,244
stress-ng --cpu 8 --cpu-load 72 --timeout 60s --quiet,18,5/15/2026,18:23:23,18.36,2.19,250
stress-ng --cpu 8 --cpu-load 72 --timeout 60s --quiet,18,5/15/2026,18:23:24,18.01,2.19,240
stress-ng --cpu 8 --cpu-load 72 --timeout 60s --quiet,18,5/15/2026,18:23:25,18.44,2.19,236
stress-ng --cpu 8 --cpu-load 72 --timeout 60s --quiet,18,5/15/2026,18:23:26,17.8,2.19,231
stress-ng --cpu 8 --cpu-load 72 --timeout 60s --quiet,18,5/15/2026,18:23:27,18.44,2.19,234
stress-ng --cpu 8 --cpu-load 72 --timeout 60s --quiet,18,5/15/2026,18:23:28,18.03,2.19,221
stress-ng --cpu 8 --cpu-load 72 --timeout 60s --quiet,18,5/15/2026,18:23:29,18.18,2.2,232
stress-ng --cpu 8 --cpu-load 72 --timeout 60s --quiet,18,5/15/2026,18:23:30,18.37,2.19,239
stress-ng --cpu 8 --cpu-load 72 --timeout 60s --quiet,18,5/15/2026,18:23:31,17.97,2.19,242
stress-ng --cpu 8 --cpu-load 72 --timeout 60s --quiet,18,5/15/2026,18:23:32,18.11,2.195,242
stress-ng --cpu 8 --cpu-load 72 --timeout 60s --quiet,18,5/15/2026,18:23:33,18.25,2.2,239
stress-ng --cpu 8 --cpu-load 72 --timeout 60s --quiet,18,5/15/2026,18:23:34,18.36,2.2,243
stress-ng --cpu 8 --cpu-load 72 --timeout 60s --quiet,18,5/15/2026,18:23:35,17.98,2.2,234
stress-ng --cpu 8 --cpu-load 72 --timeout 60s --quiet,18,5/15/2026,18:23:36,18.38,2.2,240
stress-ng --cpu 8 --cpu-load 72 --timeout 60s --quiet,18,5/15/2026,18:23:37,18.24,2.2,239
stress-ng --cpu 8 --cpu-load 72 --timeout 60s --quiet,18,5/15/2026,18:23:38,18.41,2.2,242
stress-ng --cpu 8 --cpu-load 72 --timeout 60s --quiet,18,5/15/2026,18:23:39,18.02,2.2,239
stress-ng --cpu 8 --cpu-load 72 --timeout 60s --quiet,18,5/15/2026,18:23:40,18.39,2.19,244
stress-ng --cpu 8 --cpu-load 72 --timeout 60s --quiet,18,5/15/2026,18:23:41,18.08,2.19,249
stress-ng --cpu 8 --cpu-load 72 --timeout 60s --quiet,18,5/15/2026,18:23:42,18.19,2.19,244.5
stress-ng --cpu 8 --cpu-load 72 --timeout 60s --quiet,18,5/15/2026,18:23:43,18.49,2.18,240
stress-ng --cpu 8 --cpu-load 72 --timeout 60s --quiet,18,5/15/2026,18:23:44,18.21,2.17,241
stress-ng --cpu 8 --cpu-load 72 --timeout 60s --quiet,18,5/15/2026,18:23:45,18.24,2.18,252
stress-ng --cpu 8 --cpu-load 72 --timeout 60s --quiet,18,5/15/2026,18:23:46,18.23,2.18,252
stress-ng --cpu 8 --cpu-load 72 --timeout 60s --quiet,18,5/15/2026,18:23:47,18.39,2.17,239
stress-ng --cpu 8 --cpu-load 72 --timeout 60s --quiet,18,5/15/2026,18:23:48,17.97,2.17,239
stress-ng --cpu 8 --cpu-load 72 --timeout 60s --quiet,18,5/15/2026,18:23:49,18.29,2.18,241
stress-ng --cpu 8 --cpu-load 72 --timeout 60s --quiet,18,5/15/2026,18:23:50,18.14,2.18,242
stress-ng --cpu 8 --cpu-load 72 --timeout 60s --quiet,18,5/15/2026,18:23:51,18.52,2.18,244
stress-ng --cpu 8 --cpu-load 72 --timeout 60s --quiet,18,5/15/2026,18:23:52,18.12,2.18,244
stress-ng --cpu 8 --cpu-load 72 --timeout 60s --quiet,18,5/15/2026,18:23:53,18.3,2.18,246
stress-ng --cpu 8 --cpu-load 72 --timeout 60s --quiet,18,5/15/2026,18:23:54,18.27,2.17,243
stress-ng --cpu 8 --cpu-load 72 --timeout 60s --quiet,18,5/15/2026,18:23:55,18.11,2.17,241
stress-ng --cpu 8 --cpu-load 72 --timeout 60s --quiet,18,5/15/2026,18:23:56,18.56,2.16,243
stress-ng --cpu 8 --cpu-load 72 --timeout 60s --quiet,18,5/15/2026,18:23:57,18.17,2.16,246
stress-ng --cpu 8 --cpu-load 72 --timeout 60s --quiet,18,5/15/2026,18:23:58,18.08,2.16,247
stress-ng --cpu 8 --cpu-load 72 --timeout 60s --quiet,18,5/15/2026,18:23:59,18.43,2.16,247
stress-ng --cpu 8 --cpu-load 72 --timeout 60s --quiet,18,5/15/2026,18:24:00,17.96,2.16,249
stress-ng --cpu 8 --cpu-load 72 --timeout 60s --quiet,18,5/15/2026,18:24:01,18.05,2.17,244
stress-ng --cpu 8 --cpu-load 72 --timeout 60s --quiet,18,5/15/2026,18:24:02,18.46,2.17,243
stress-ng --cpu 8 --cpu-load 72 --timeout 60s --quiet,18,5/15/2026,18:24:03,18.11,2.16,247
stress-ng --cpu 8 --cpu-load 72 --timeout 60s --quiet,18,5/15/2026,18:24:04,18.39,2.16,248
stress-ng --cpu 8 --cpu-load 72 --timeout 60s --quiet,18,5/15/2026,18:24:05,18.09,2.16,253
stress-ng --cpu 8 --cpu-load 72 --timeout 60s --quiet,18,5/15/2026,18:24:06,18.54,2.16,249.5
stress-ng --cpu 8 --cpu-load 72 --timeout 60s --quiet,18,5/15/2026,18:24:07,17.99,2.16,246
stress-ng --cpu 8 --cpu-load 72 --timeout 60s --quiet,18,5/15/2026,18:24:08,18.39,2.16,246
stress-ng --cpu 8 --cpu-load 72 --timeout 60s --quiet,18,5/15/2026,18:24:09,14.9,2.11,246
stress-ng --cpu 8 --cpu-load 76 --timeout 60s --quiet,19,5/14/2026,21:58:22,11.36,2.21,136
stress-ng --cpu 8 --cpu-load 76 --timeout 60s --quiet,19,5/14/2026,21:58:23,18.85,2.22,233
stress-ng --cpu 8 --cpu-load 76 --timeout 60s --quiet,19,5/14/2026,21:58:24,19.52,2.21,228
stress-ng --cpu 8 --cpu-load 76 --timeout 60s --quiet,19,5/14/2026,21:58:25,18.99,2.21,239
stress-ng --cpu 8 --cpu-load 76 --timeout 60s --quiet,19,5/14/2026,21:58:26,19.19,2.2,249
stress-ng --cpu 8 --cpu-load 76 --timeout 60s --quiet,19,5/14/2026,21:58:27,19.42,2.2,221
stress-ng --cpu 8 --cpu-load 76 --timeout 60s --quiet,19,5/14/2026,21:58:28,19.18,2.2,227
stress-ng --cpu 8 --cpu-load 76 --timeout 60s --quiet,19,5/14/2026,21:58:29,19.38,2.19,244
stress-ng --cpu 8 --cpu-load 76 --timeout 60s --quiet,19,5/14/2026,21:58:30,19.2,2.19,246
stress-ng --cpu 8 --cpu-load 76 --timeout 60s --quiet,19,5/14/2026,21:58:31,19.29,2.18,247
stress-ng --cpu 8 --cpu-load 76 --timeout 60s --quiet,19,5/14/2026,21:58:32,19.21,2.18,249
stress-ng --cpu 8 --cpu-load 76 --timeout 60s --quiet,19,5/14/2026,21:58:33,19.08,2.18,257
stress-ng --cpu 8 --cpu-load 76 --timeout 60s --quiet,19,5/14/2026,21:58:34,19.21,2.18,256
stress-ng --cpu 8 --cpu-load 76 --timeout 60s --quiet,19,5/14/2026,21:58:35,19.21,2.18,255
stress-ng --cpu 8 --cpu-load 76 --timeout 60s --quiet,19,5/14/2026,21:58:36,19,2.18,258
stress-ng --cpu 8 --cpu-load 76 --timeout 60s --quiet,19,5/14/2026,21:58:37,19.11,2.18,253
stress-ng --cpu 8 --cpu-load 76 --timeout 60s --quiet,19,5/14/2026,21:58:38,19.22,2.18,260
stress-ng --cpu 8 --cpu-load 76 --timeout 60s --quiet,19,5/14/2026,21:58:39,19.18,2.18,256
stress-ng --cpu 8 --cpu-load 76 --timeout 60s --quiet,19,5/14/2026,21:58:40,19.18,2.18,256
stress-ng --cpu 8 --cpu-load 76 --timeout 60s --quiet,19,5/14/2026,21:58:41,19.19,2.18,256
stress-ng --cpu 8 --cpu-load 76 --timeout 60s --quiet,19,5/14/2026,21:58:42,19.33,2.16,260
stress-ng --cpu 8 --cpu-load 76 --timeout 60s --quiet,19,5/14/2026,21:58:43,19,2.17,256
stress-ng --cpu 8 --cpu-load 76 --timeout 60s --quiet,19,5/14/2026,21:58:44,19.26,2.16,257
stress-ng --cpu 8 --cpu-load 76 --timeout 60s --quiet,19,5/14/2026,21:58:45,19.19,2.16,258
stress-ng --cpu 8 --cpu-load 76 --timeout 60s --quiet,19,5/14/2026,21:58:46,19.03,2.16,262
stress-ng --cpu 8 --cpu-load 76 --timeout 60s --quiet,19,5/14/2026,21:58:47,19.37,2.16,265
stress-ng --cpu 8 --cpu-load 76 --timeout 60s --quiet,19,5/14/2026,21:58:48,19.1,2.16,266
stress-ng --cpu 8 --cpu-load 76 --timeout 60s --quiet,19,5/14/2026,21:58:49,19.24,2.16,260
stress-ng --cpu 8 --cpu-load 76 --timeout 60s --quiet,19,5/14/2026,21:58:50,19.12,2.16,259
stress-ng --cpu 8 --cpu-load 76 --timeout 60s --quiet,19,5/14/2026,21:58:51,19.21,2.16,258
stress-ng --cpu 8 --cpu-load 76 --timeout 60s --quiet,19,5/14/2026,21:58:52,19.17,2.16,259
stress-ng --cpu 8 --cpu-load 76 --timeout 60s --quiet,19,5/14/2026,21:58:53,19.14,2.16,259
stress-ng --cpu 8 --cpu-load 76 --timeout 60s --quiet,19,5/14/2026,21:58:54,19.17,2.16,260
stress-ng --cpu 8 --cpu-load 76 --timeout 60s --quiet,19,5/14/2026,21:58:55,19.18,2.16,258
stress-ng --cpu 8 --cpu-load 76 --timeout 60s --quiet,19,5/14/2026,21:58:56,19.17,2.16,261
stress-ng --cpu 8 --cpu-load 76 --timeout 60s --quiet,19,5/14/2026,21:58:57,19.19,2.15,258
stress-ng --cpu 8 --cpu-load 76 --timeout 60s --quiet,19,5/14/2026,21:58:58,19.07,2.16,258
stress-ng --cpu 8 --cpu-load 76 --timeout 60s --quiet,19,5/14/2026,21:58:59,19.35,2.16,259
stress-ng --cpu 8 --cpu-load 76 --timeout 60s --quiet,19,5/14/2026,21:59:00,19.35,2.16,258
stress-ng --cpu 8 --cpu-load 76 --timeout 60s --quiet,19,5/14/2026,21:59:01,19.16,2.16,257
stress-ng --cpu 8 --cpu-load 76 --timeout 60s --quiet,19,5/14/2026,21:59:02,19.27,2.16,258
stress-ng --cpu 8 --cpu-load 76 --timeout 60s --quiet,19,5/14/2026,21:59:03,19.22,2.16,259
stress-ng --cpu 8 --cpu-load 76 --timeout 60s --quiet,19,5/14/2026,21:59:04,19.54,2.16,254
stress-ng --cpu 8 --cpu-load 76 --timeout 60s --quiet,19,5/14/2026,21:59:05,19.3,2.16,255
stress-ng --cpu 8 --cpu-load 76 --timeout 60s --quiet,19,5/14/2026,21:59:06,19.38,2.17,257
stress-ng --cpu 8 --cpu-load 76 --timeout 60s --quiet,19,5/14/2026,21:59:07,19.28,2.17,254
stress-ng --cpu 8 --cpu-load 76 --timeout 60s --quiet,19,5/14/2026,21:59:08,19.22,2.17,254
stress-ng --cpu 8 --cpu-load 76 --timeout 60s --quiet,19,5/14/2026,21:59:09,19.31,2.17,254
stress-ng --cpu 8 --cpu-load 76 --timeout 60s --quiet,19,5/14/2026,21:59:10,19.31,2.17,257
stress-ng --cpu 8 --cpu-load 76 --timeout 60s --quiet,19,5/14/2026,21:59:11,19.13,2.16,257
stress-ng --cpu 8 --cpu-load 76 --timeout 60s --quiet,19,5/14/2026,21:59:12,19.26,2.16,258
stress-ng --cpu 8 --cpu-load 76 --timeout 60s --quiet,19,5/14/2026,21:59:13,19.02,2.15,259
stress-ng --cpu 8 --cpu-load 76 --timeout 60s --quiet,19,5/14/2026,21:59:14,19.39,2.15,256
stress-ng --cpu 8 --cpu-load 76 --timeout 60s --quiet,19,5/14/2026,21:59:15,19.29,2.15,261
stress-ng --cpu 8 --cpu-load 76 --timeout 60s --quiet,19,5/14/2026,21:59:16,19.26,2.15,258
stress-ng --cpu 8 --cpu-load 76 --timeout 60s --quiet,19,5/14/2026,21:59:17,19.21,2.15,255
stress-ng --cpu 8 --cpu-load 76 --timeout 60s --quiet,19,5/14/2026,21:59:18,19.27,2.16,255
stress-ng --cpu 8 --cpu-load 76 --timeout 60s --quiet,19,5/14/2026,21:59:19,19.22,2.16,255
stress-ng --cpu 8 --cpu-load 76 --timeout 60s --quiet,19,5/14/2026,21:59:20,18.95,2.16,255
stress-ng --cpu 8 --cpu-load 76 --timeout 60s --quiet,19,5/14/2026,21:59:21,19.18,2.16,264
stress-ng --cpu 8 --cpu-load 76 --timeout 60s --quiet,19,5/14/2026,21:59:22,9.76,2.1,261
stress-ng --cpu 8 --cpu-load 76 --timeout 60s --quiet,19,5/15/2026,7:31:38,8.6,2.18,112
stress-ng --cpu 8 --cpu-load 76 --timeout 60s --quiet,19,5/15/2026,7:31:39,18.97,2.19,217
stress-ng --cpu 8 --cpu-load 76 --timeout 60s --quiet,19,5/15/2026,7:31:40,19.45,2.18,233
stress-ng --cpu 8 --cpu-load 76 --timeout 60s --quiet,19,5/15/2026,7:31:41,19.15,2.18,233
stress-ng --cpu 8 --cpu-load 76 --timeout 60s --quiet,19,5/15/2026,7:31:42,19.4,2.18,236
stress-ng --cpu 8 --cpu-load 76 --timeout 60s --quiet,19,5/15/2026,7:31:43,19.49,2.18,239
stress-ng --cpu 8 --cpu-load 76 --timeout 60s --quiet,19,5/15/2026,7:31:44,19.03,2.17,236
stress-ng --cpu 8 --cpu-load 76 --timeout 60s --quiet,19,5/15/2026,7:31:45,19.42,2.16,238.5
stress-ng --cpu 8 --cpu-load 76 --timeout 60s --quiet,19,5/15/2026,7:31:46,19.16,2.15,241
stress-ng --cpu 8 --cpu-load 76 --timeout 60s --quiet,19,5/15/2026,7:31:47,19.06,2.14,242
stress-ng --cpu 8 --cpu-load 76 --timeout 60s --quiet,19,5/15/2026,7:31:48,19.08,2.13,234
stress-ng --cpu 8 --cpu-load 76 --timeout 60s --quiet,19,5/15/2026,7:31:49,19.43,2.13,240
stress-ng --cpu 8 --cpu-load 76 --timeout 60s --quiet,19,5/15/2026,7:31:50,19.32,2.13,242
stress-ng --cpu 8 --cpu-load 76 --timeout 60s --quiet,19,5/15/2026,7:31:51,19.01,2.12,244
stress-ng --cpu 8 --cpu-load 76 --timeout 60s --quiet,19,5/15/2026,7:31:52,19.2,2.12,243
stress-ng --cpu 8 --cpu-load 76 --timeout 60s --quiet,19,5/15/2026,7:31:53,19.32,2.12,242
stress-ng --cpu 8 --cpu-load 76 --timeout 60s --quiet,19,5/15/2026,7:31:54,19.27,2.12,242
stress-ng --cpu 8 --cpu-load 76 --timeout 60s --quiet,19,5/15/2026,7:31:55,19.2,2.11,245
stress-ng --cpu 8 --cpu-load 76 --timeout 60s --quiet,19,5/15/2026,7:31:56,19.22,2.11,247
stress-ng --cpu 8 --cpu-load 76 --timeout 60s --quiet,19,5/15/2026,7:31:57,19.17,2.11,243
stress-ng --cpu 8 --cpu-load 76 --timeout 60s --quiet,19,5/15/2026,7:31:58,19.23,2.11,247
stress-ng --cpu 8 --cpu-load 76 --timeout 60s --quiet,19,5/15/2026,7:31:59,19.08,2.11,246
stress-ng --cpu 8 --cpu-load 76 --timeout 60s --quiet,19,5/15/2026,7:32:00,19.23,2.11,245
stress-ng --cpu 8 --cpu-load 76 --timeout 60s --quiet,19,5/15/2026,7:32:01,19.14,2.11,245
stress-ng --cpu 8 --cpu-load 76 --timeout 60s --quiet,19,5/15/2026,7:32:02,19.21,2.11,247
stress-ng --cpu 8 --cpu-load 76 --timeout 60s --quiet,19,5/15/2026,7:32:03,19.36,2.11,245
stress-ng --cpu 8 --cpu-load 76 --timeout 60s --quiet,19,5/15/2026,7:32:04,19.14,2.11,243
stress-ng --cpu 8 --cpu-load 76 --timeout 60s --quiet,19,5/15/2026,7:32:05,19.28,2.11,243
stress-ng --cpu 8 --cpu-load 76 --timeout 60s --quiet,19,5/15/2026,7:32:06,19.21,2.11,249
stress-ng --cpu 8 --cpu-load 76 --timeout 60s --quiet,19,5/15/2026,7:32:07,19.14,2.11,244
stress-ng --cpu 8 --cpu-load 76 --timeout 60s --quiet,19,5/15/2026,7:32:08,19.18,2.11,250
stress-ng --cpu 8 --cpu-load 76 --timeout 60s --quiet,19,5/15/2026,7:32:09,19.27,2.1,243
stress-ng --cpu 8 --cpu-load 76 --timeout 60s --quiet,19,5/15/2026,7:32:10,19.1,2.1,244
stress-ng --cpu 8 --cpu-load 76 --timeout 60s --quiet,19,5/15/2026,7:32:11,19.24,2.11,243
stress-ng --cpu 8 --cpu-load 76 --timeout 60s --quiet,19,5/15/2026,7:32:12,19.17,2.11,251
stress-ng --cpu 8 --cpu-load 76 --timeout 60s --quiet,19,5/15/2026,7:32:13,19.28,2.11,249
stress-ng --cpu 8 --cpu-load 76 --timeout 60s --quiet,19,5/15/2026,7:32:14,19.13,2.11,251
stress-ng --cpu 8 --cpu-load 76 --timeout 60s --quiet,19,5/15/2026,7:32:15,19.13,2.11,255
stress-ng --cpu 8 --cpu-load 76 --timeout 60s --quiet,19,5/15/2026,7:32:16,19.04,2.12,251
stress-ng --cpu 8 --cpu-load 76 --timeout 60s --quiet,19,5/15/2026,7:32:17,19.18,2.12,249
stress-ng --cpu 8 --cpu-load 76 --timeout 60s --quiet,19,5/15/2026,7:32:18,19.3,2.12,249
stress-ng --cpu 8 --cpu-load 76 --timeout 60s --quiet,19,5/15/2026,7:32:19,19.07,2.12,249
stress-ng --cpu 8 --cpu-load 76 --timeout 60s --quiet,19,5/15/2026,7:32:20,19.05,2.12,255
stress-ng --cpu 8 --cpu-load 76 --timeout 60s --quiet,19,5/15/2026,7:32:21,19.46,2.12,247
stress-ng --cpu 8 --cpu-load 76 --timeout 60s --quiet,19,5/15/2026,7:32:22,18.95,2.12,252
stress-ng --cpu 8 --cpu-load 76 --timeout 60s --quiet,19,5/15/2026,7:32:23,19.06,2.12,247
stress-ng --cpu 8 --cpu-load 76 --timeout 60s --quiet,19,5/15/2026,7:32:24,19.27,2.12,254
stress-ng --cpu 8 --cpu-load 76 --timeout 60s --quiet,19,5/15/2026,7:32:25,19.06,2.13,250
stress-ng --cpu 8 --cpu-load 76 --timeout 60s --quiet,19,5/15/2026,7:32:26,19.31,2.13,251
stress-ng --cpu 8 --cpu-load 76 --timeout 60s --quiet,19,5/15/2026,7:32:27,19.21,2.13,250
stress-ng --cpu 8 --cpu-load 76 --timeout 60s --quiet,19,5/15/2026,7:32:28,19.13,2.13,249
stress-ng --cpu 8 --cpu-load 76 --timeout 60s --quiet,19,5/15/2026,7:32:29,19.07,2.14,249
stress-ng --cpu 8 --cpu-load 76 --timeout 60s --quiet,19,5/15/2026,7:32:30,19.21,2.14,247
stress-ng --cpu 8 --cpu-load 76 --timeout 60s --quiet,19,5/15/2026,7:32:31,19.21,2.14,248
stress-ng --cpu 8 --cpu-load 76 --timeout 60s --quiet,19,5/15/2026,7:32:32,19.1,2.13,248
stress-ng --cpu 8 --cpu-load 76 --timeout 60s --quiet,19,5/15/2026,7:32:33,19.37,2.13,247
stress-ng --cpu 8 --cpu-load 76 --timeout 60s --quiet,19,5/15/2026,7:32:34,18.93,2.14,247
stress-ng --cpu 8 --cpu-load 76 --timeout 60s --quiet,19,5/15/2026,7:32:35,19.19,2.13,248
stress-ng --cpu 8 --cpu-load 76 --timeout 60s --quiet,19,5/15/2026,7:32:36,19.16,2.13,249
stress-ng --cpu 8 --cpu-load 76 --timeout 60s --quiet,19,5/15/2026,7:32:37,19.1,2.13,250
stress-ng --cpu 8 --cpu-load 76 --timeout 60s --quiet,19,5/15/2026,7:32:38,12.81,2.08,253
stress-ng --cpu 8 --cpu-load 76 --timeout 60s --quiet,19,5/15/2026,17:16:59,6.25,2.2,142
stress-ng --cpu 8 --cpu-load 76 --timeout 60s --quiet,19,5/15/2026,17:17:00,19.3,2.2,140
stress-ng --cpu 8 --cpu-load 76 --timeout 60s --quiet,19,5/15/2026,17:17:01,19.15,2.2,225
stress-ng --cpu 8 --cpu-load 76 --timeout 60s --quiet,19,5/15/2026,17:17:02,20.45,2.23,242
stress-ng --cpu 8 --cpu-load 76 --timeout 60s --quiet,19,5/15/2026,17:17:03,19.55,2.23,247
stress-ng --cpu 8 --cpu-load 76 --timeout 60s --quiet,19,5/15/2026,17:17:04,20.85,2.3,253
stress-ng --cpu 8 --cpu-load 76 --timeout 60s --quiet,19,5/15/2026,17:17:05,25.4,2.35,264
stress-ng --cpu 8 --cpu-load 76 --timeout 60s --quiet,19,5/15/2026,17:17:06,22.73,2.35,256
stress-ng --cpu 8 --cpu-load 76 --timeout 60s --quiet,19,5/15/2026,17:17:07,22.55,2.41,249
stress-ng --cpu 8 --cpu-load 76 --timeout 60s --quiet,19,5/15/2026,17:17:08,22.41,2.46,259
stress-ng --cpu 8 --cpu-load 76 --timeout 60s --quiet,19,5/15/2026,17:17:09,22.46,2.5,255
stress-ng --cpu 8 --cpu-load 76 --timeout 60s --quiet,19,5/15/2026,17:17:10,22.32,2.52,264
stress-ng --cpu 8 --cpu-load 76 --timeout 60s --quiet,19,5/15/2026,17:17:11,22.53,2.54,259
stress-ng --cpu 8 --cpu-load 76 --timeout 60s --quiet,19,5/15/2026,17:17:12,22.52,2.43,255
stress-ng --cpu 8 --cpu-load 76 --timeout 60s --quiet,19,5/15/2026,17:17:13,22.39,2.46,252
stress-ng --cpu 8 --cpu-load 76 --timeout 60s --quiet,19,5/15/2026,17:17:14,22.44,2.5,257
stress-ng --cpu 8 --cpu-load 76 --timeout 60s --quiet,19,5/15/2026,17:17:15,22.34,2.44,256
stress-ng --cpu 8 --cpu-load 76 --timeout 60s --quiet,19,5/15/2026,17:17:16,22.5,2.43,257
stress-ng --cpu 8 --cpu-load 76 --timeout 60s --quiet,19,5/15/2026,17:17:17,22.16,2.46,254
stress-ng --cpu 8 --cpu-load 76 --timeout 60s --quiet,19,5/15/2026,17:17:18,21.69,2.37,262
stress-ng --cpu 8 --cpu-load 76 --timeout 60s --quiet,19,5/15/2026,17:17:19,19.04,2.37,249
stress-ng --cpu 8 --cpu-load 76 --timeout 60s --quiet,19,5/15/2026,17:17:20,19.52,2.36,249
stress-ng --cpu 8 --cpu-load 76 --timeout 60s --quiet,19,5/15/2026,17:17:21,19.05,2.35,249
stress-ng --cpu 8 --cpu-load 76 --timeout 60s --quiet,19,5/15/2026,17:17:22,19.27,2.34,254
stress-ng --cpu 8 --cpu-load 76 --timeout 60s --quiet,19,5/15/2026,17:17:23,19.03,2.34,241
stress-ng --cpu 8 --cpu-load 76 --timeout 60s --quiet,19,5/15/2026,17:17:24,19.28,2.33,248
stress-ng --cpu 8 --cpu-load 76 --timeout 60s --quiet,19,5/15/2026,17:17:25,19.22,2.32,244
stress-ng --cpu 8 --cpu-load 76 --timeout 60s --quiet,19,5/15/2026,17:17:26,19.3,2.32,245
stress-ng --cpu 8 --cpu-load 76 --timeout 60s --quiet,19,5/15/2026,17:17:27,18.95,2.31,250
stress-ng --cpu 8 --cpu-load 76 --timeout 60s --quiet,19,5/15/2026,17:17:28,19.54,2.3,246
stress-ng --cpu 8 --cpu-load 76 --timeout 60s --quiet,19,5/15/2026,17:17:29,19.22,2.29,250
stress-ng --cpu 8 --cpu-load 76 --timeout 60s --quiet,19,5/15/2026,17:17:30,19.22,2.29,246
stress-ng --cpu 8 --cpu-load 76 --timeout 60s --quiet,19,5/15/2026,17:17:31,19.29,2.29,248
stress-ng --cpu 8 --cpu-load 76 --timeout 60s --quiet,19,5/15/2026,17:17:32,19.09,2.27,247
stress-ng --cpu 8 --cpu-load 76 --timeout 60s --quiet,19,5/15/2026,17:17:33,19.32,2.27,245
stress-ng --cpu 8 --cpu-load 76 --timeout 60s --quiet,19,5/15/2026,17:17:34,19.2,2.27,245
stress-ng --cpu 8 --cpu-load 76 --timeout 60s --quiet,19,5/15/2026,17:17:35,19.11,2.26,262
stress-ng --cpu 8 --cpu-load 76 --timeout 60s --quiet,19,5/15/2026,17:17:36,19.16,2.26,263
stress-ng --cpu 8 --cpu-load 76 --timeout 60s --quiet,19,5/15/2026,17:17:37,19.21,2.26,259
stress-ng --cpu 8 --cpu-load 76 --timeout 60s --quiet,19,5/15/2026,17:17:38,19.37,2.26,263
stress-ng --cpu 8 --cpu-load 76 --timeout 60s --quiet,19,5/15/2026,17:17:39,19,2.26,259
stress-ng --cpu 8 --cpu-load 76 --timeout 60s --quiet,19,5/15/2026,17:17:40,19.38,2.26,266
stress-ng --cpu 8 --cpu-load 76 --timeout 60s --quiet,19,5/15/2026,17:17:41,18.92,2.25,257
stress-ng --cpu 8 --cpu-load 76 --timeout 60s --quiet,19,5/15/2026,17:17:42,19.35,2.25,266
stress-ng --cpu 8 --cpu-load 76 --timeout 60s --quiet,19,5/15/2026,17:17:43,19.17,2.25,263
stress-ng --cpu 8 --cpu-load 76 --timeout 60s --quiet,19,5/15/2026,17:17:44,19.14,2.26,263
stress-ng --cpu 8 --cpu-load 76 --timeout 60s --quiet,19,5/15/2026,17:17:45,19.29,2.26,266
stress-ng --cpu 8 --cpu-load 76 --timeout 60s --quiet,19,5/15/2026,17:17:46,19.06,2.25,260
stress-ng --cpu 8 --cpu-load 76 --timeout 60s --quiet,19,5/15/2026,17:17:47,19.11,2.25,263
stress-ng --cpu 8 --cpu-load 76 --timeout 60s --quiet,19,5/15/2026,17:17:48,19.51,2.26,262
stress-ng --cpu 8 --cpu-load 76 --timeout 60s --quiet,19,5/15/2026,17:17:49,19.11,2.26,261
stress-ng --cpu 8 --cpu-load 76 --timeout 60s --quiet,19,5/15/2026,17:17:50,19.38,2.26,265
stress-ng --cpu 8 --cpu-load 76 --timeout 60s --quiet,19,5/15/2026,17:17:51,19.11,2.26,265
stress-ng --cpu 8 --cpu-load 76 --timeout 60s --quiet,19,5/15/2026,17:17:52,19.14,2.26,266
stress-ng --cpu 8 --cpu-load 76 --timeout 60s --quiet,19,5/15/2026,17:17:53,19.35,2.26,264
stress-ng --cpu 8 --cpu-load 76 --timeout 60s --quiet,19,5/15/2026,17:17:54,19.28,2.26,264
stress-ng --cpu 8 --cpu-load 76 --timeout 60s --quiet,19,5/15/2026,17:17:55,18.94,2.26,263
stress-ng --cpu 8 --cpu-load 76 --timeout 60s --quiet,19,5/15/2026,17:17:56,19.38,2.25,267
stress-ng --cpu 8 --cpu-load 76 --timeout 60s --quiet,19,5/15/2026,17:17:57,19.07,2.25,263
stress-ng --cpu 8 --cpu-load 76 --timeout 60s --quiet,19,5/15/2026,17:17:58,19.14,2.25,263
stress-ng --cpu 8 --cpu-load 76 --timeout 60s --quiet,19,5/15/2026,17:17:59,14.44,2.2,263
stress-ng --cpu 8 --cpu-load 80 --timeout 60s --quiet,20,5/14/2026,22:12:24,0.15,2.17,124
stress-ng --cpu 8 --cpu-load 80 --timeout 60s --quiet,20,5/14/2026,22:12:25,10.22,2.24,135
stress-ng --cpu 8 --cpu-load 80 --timeout 60s --quiet,20,5/14/2026,22:12:26,20.12,2.25,240
stress-ng --cpu 8 --cpu-load 80 --timeout 60s --quiet,20,5/14/2026,22:12:27,20.28,2.25,253
stress-ng --cpu 8 --cpu-load 80 --timeout 60s --quiet,20,5/14/2026,22:12:28,20.17,2.25,253
stress-ng --cpu 8 --cpu-load 80 --timeout 60s --quiet,20,5/14/2026,22:12:29,20.18,2.25,239
stress-ng --cpu 8 --cpu-load 80 --timeout 60s --quiet,20,5/14/2026,22:12:30,20.47,2.25,234
stress-ng --cpu 8 --cpu-load 80 --timeout 60s --quiet,20,5/14/2026,22:12:31,20.09,2.24,239
stress-ng --cpu 8 --cpu-load 80 --timeout 60s --quiet,20,5/14/2026,22:12:32,20.01,2.24,246
stress-ng --cpu 8 --cpu-load 80 --timeout 60s --quiet,20,5/14/2026,22:12:33,20.5,2.24,242
stress-ng --cpu 8 --cpu-load 80 --timeout 60s --quiet,20,5/14/2026,22:12:34,20.11,2.23,238
stress-ng --cpu 8 --cpu-load 80 --timeout 60s --quiet,20,5/14/2026,22:12:35,20.11,2.23,240
stress-ng --cpu 8 --cpu-load 80 --timeout 60s --quiet,20,5/14/2026,22:12:36,20.18,2.22,240
stress-ng --cpu 8 --cpu-load 80 --timeout 60s --quiet,20,5/14/2026,22:12:37,20.25,2.22,240
stress-ng --cpu 8 --cpu-load 80 --timeout 60s --quiet,20,5/14/2026,22:12:38,20.22,2.22,245
stress-ng --cpu 8 --cpu-load 80 --timeout 60s --quiet,20,5/14/2026,22:12:39,20.17,2.22,247
stress-ng --cpu 8 --cpu-load 80 --timeout 60s --quiet,20,5/14/2026,22:12:40,20.16,2.22,247
stress-ng --cpu 8 --cpu-load 80 --timeout 60s --quiet,20,5/14/2026,22:12:41,20.12,2.21,244
stress-ng --cpu 8 --cpu-load 80 --timeout 60s --quiet,20,5/14/2026,22:12:42,20.22,2.21,255
stress-ng --cpu 8 --cpu-load 80 --timeout 60s --quiet,20,5/14/2026,22:12:43,20.18,2.21,256
stress-ng --cpu 8 --cpu-load 80 --timeout 60s --quiet,20,5/14/2026,22:12:44,20.18,2.21,254
stress-ng --cpu 8 --cpu-load 80 --timeout 60s --quiet,20,5/14/2026,22:12:45,20.17,2.21,259
stress-ng --cpu 8 --cpu-load 80 --timeout 60s --quiet,20,5/14/2026,22:12:46,20.14,2.21,258
stress-ng --cpu 8 --cpu-load 80 --timeout 60s --quiet,20,5/14/2026,22:12:47,20.11,2.21,260
stress-ng --cpu 8 --cpu-load 80 --timeout 60s --quiet,20,5/14/2026,22:12:48,20.18,2.2,256
stress-ng --cpu 8 --cpu-load 80 --timeout 60s --quiet,20,5/14/2026,22:12:49,20.26,2.2,257
stress-ng --cpu 8 --cpu-load 80 --timeout 60s --quiet,20,5/14/2026,22:12:50,20.21,2.2,258
stress-ng --cpu 8 --cpu-load 80 --timeout 60s --quiet,20,5/14/2026,22:12:51,20.19,2.19,258
stress-ng --cpu 8 --cpu-load 80 --timeout 60s --quiet,20,5/14/2026,22:12:52,20.54,2.19,261
stress-ng --cpu 8 --cpu-load 80 --timeout 60s --quiet,20,5/14/2026,22:12:53,20.15,2.2,257
stress-ng --cpu 8 --cpu-load 80 --timeout 60s --quiet,20,5/14/2026,22:12:54,20.12,2.2,257
stress-ng --cpu 8 --cpu-load 80 --timeout 60s --quiet,20,5/14/2026,22:12:55,20.21,2.19,262
stress-ng --cpu 8 --cpu-load 80 --timeout 60s --quiet,20,5/14/2026,22:12:56,20.12,2.19,258
stress-ng --cpu 8 --cpu-load 80 --timeout 60s --quiet,20,5/14/2026,22:12:57,20.14,2.19,262
stress-ng --cpu 8 --cpu-load 80 --timeout 60s --quiet,20,5/14/2026,22:12:58,20.14,2.19,258
stress-ng --cpu 8 --cpu-load 80 --timeout 60s --quiet,20,5/14/2026,22:12:59,20.17,2.19,261
stress-ng --cpu 8 --cpu-load 80 --timeout 60s --quiet,20,5/14/2026,22:13:00,20.21,2.2,262
stress-ng --cpu 8 --cpu-load 80 --timeout 60s --quiet,20,5/14/2026,22:13:01,20.18,2.2,261
stress-ng --cpu 8 --cpu-load 80 --timeout 60s --quiet,20,5/14/2026,22:13:02,20.1,2.2,260
stress-ng --cpu 8 --cpu-load 80 --timeout 60s --quiet,20,5/14/2026,22:13:03,20.28,2.2,259
stress-ng --cpu 8 --cpu-load 80 --timeout 60s --quiet,20,5/14/2026,22:13:04,20.33,2.2,255
stress-ng --cpu 8 --cpu-load 80 --timeout 60s --quiet,20,5/14/2026,22:13:05,20.41,2.2,257
stress-ng --cpu 8 --cpu-load 80 --timeout 60s --quiet,20,5/14/2026,22:13:06,20.13,2.21,258.5
stress-ng --cpu 8 --cpu-load 80 --timeout 60s --quiet,20,5/14/2026,22:13:07,20.11,2.2,260
stress-ng --cpu 8 --cpu-load 80 --timeout 60s --quiet,20,5/14/2026,22:13:08,20.14,2.19,264
stress-ng --cpu 8 --cpu-load 80 --timeout 60s --quiet,20,5/14/2026,22:13:09,20.14,2.19,265
stress-ng --cpu 8 --cpu-load 80 --timeout 60s --quiet,20,5/14/2026,22:13:10,20.29,2.19,263
stress-ng --cpu 8 --cpu-load 80 --timeout 60s --quiet,20,5/14/2026,22:13:11,20.13,2.19,256
stress-ng --cpu 8 --cpu-load 80 --timeout 60s --quiet,20,5/14/2026,22:13:12,20.29,2.19,253
stress-ng --cpu 8 --cpu-load 80 --timeout 60s --quiet,20,5/14/2026,22:13:13,20.45,2.19,255
stress-ng --cpu 8 --cpu-load 80 --timeout 60s --quiet,20,5/14/2026,22:13:14,20.28,2.2,256
stress-ng --cpu 8 --cpu-load 80 --timeout 60s --quiet,20,5/14/2026,22:13:15,20.38,2.2,257
stress-ng --cpu 8 --cpu-load 80 --timeout 60s --quiet,20,5/14/2026,22:13:16,20.17,2.2,262
stress-ng --cpu 8 --cpu-load 80 --timeout 60s --quiet,20,5/14/2026,22:13:17,20.19,2.19,265
stress-ng --cpu 8 --cpu-load 80 --timeout 60s --quiet,20,5/14/2026,22:13:18,20.15,2.19,266
stress-ng --cpu 8 --cpu-load 80 --timeout 60s --quiet,20,5/14/2026,22:13:19,20.17,2.18,264
stress-ng --cpu 8 --cpu-load 80 --timeout 60s --quiet,20,5/14/2026,22:13:20,20.34,2.19,262
stress-ng --cpu 8 --cpu-load 80 --timeout 60s --quiet,20,5/14/2026,22:13:21,20.29,2.19,267
stress-ng --cpu 8 --cpu-load 80 --timeout 60s --quiet,20,5/14/2026,22:13:22,20.22,2.19,261
stress-ng --cpu 8 --cpu-load 80 --timeout 60s --quiet,20,5/14/2026,22:13:23,20.12,2.19,266
stress-ng --cpu 8 --cpu-load 80 --timeout 60s --quiet,20,5/14/2026,22:13:24,20.14,2.17,266
stress-ng --cpu 8 --cpu-load 80 --timeout 60s --quiet,20,5/15/2026,5:29:20,0.12,2.09,131
stress-ng --cpu 8 --cpu-load 80 --timeout 60s --quiet,20,5/15/2026,5:29:21,10.64,2.19,114
stress-ng --cpu 8 --cpu-load 80 --timeout 60s --quiet,20,5/15/2026,5:29:22,19.99,2.19,238
stress-ng --cpu 8 --cpu-load 80 --timeout 60s --quiet,20,5/15/2026,5:29:23,20.19,2.19,249
stress-ng --cpu 8 --cpu-load 80 --timeout 60s --quiet,20,5/15/2026,5:29:24,20.32,2.18,242
stress-ng --cpu 8 --cpu-load 80 --timeout 60s --quiet,20,5/15/2026,5:29:25,20.1,2.18,248
stress-ng --cpu 8 --cpu-load 80 --timeout 60s --quiet,20,5/15/2026,5:29:26,20.04,2.17,245
stress-ng --cpu 8 --cpu-load 80 --timeout 60s --quiet,20,5/15/2026,5:29:27,20.3,2.17,238
stress-ng --cpu 8 --cpu-load 80 --timeout 60s --quiet,20,5/15/2026,5:29:28,20.12,2.17,241
stress-ng --cpu 8 --cpu-load 80 --timeout 60s --quiet,20,5/15/2026,5:29:29,20.2,2.17,245
stress-ng --cpu 8 --cpu-load 80 --timeout 60s --quiet,20,5/15/2026,5:29:30,20.22,2.17,257
stress-ng --cpu 8 --cpu-load 80 --timeout 60s --quiet,20,5/15/2026,5:29:31,20.21,2.17,250
stress-ng --cpu 8 --cpu-load 80 --timeout 60s --quiet,20,5/15/2026,5:29:32,20.01,2.18,253
stress-ng --cpu 8 --cpu-load 80 --timeout 60s --quiet,20,5/15/2026,5:29:33,20.19,2.18,251
stress-ng --cpu 8 --cpu-load 80 --timeout 60s --quiet,20,5/15/2026,5:29:34,20.28,2.17,255
stress-ng --cpu 8 --cpu-load 80 --timeout 60s --quiet,20,5/15/2026,5:29:35,20.3,2.17,259
stress-ng --cpu 8 --cpu-load 80 --timeout 60s --quiet,20,5/15/2026,5:29:36,20.16,2.18,255
stress-ng --cpu 8 --cpu-load 80 --timeout 60s --quiet,20,5/15/2026,5:29:37,20.26,2.17,262
stress-ng --cpu 8 --cpu-load 80 --timeout 60s --quiet,20,5/15/2026,5:29:38,20.17,2.18,254
stress-ng --cpu 8 --cpu-load 80 --timeout 60s --quiet,20,5/15/2026,5:29:39,20.35,2.18,263
stress-ng --cpu 8 --cpu-load 80 --timeout 60s --quiet,20,5/15/2026,5:29:40,20.33,2.18,261
stress-ng --cpu 8 --cpu-load 80 --timeout 60s --quiet,20,5/15/2026,5:29:41,20.14,2.17,253
stress-ng --cpu 8 --cpu-load 80 --timeout 60s --quiet,20,5/15/2026,5:29:42,20.26,2.16,257
stress-ng --cpu 8 --cpu-load 80 --timeout 60s --quiet,20,5/15/2026,5:29:43,20.31,2.16,260
stress-ng --cpu 8 --cpu-load 80 --timeout 60s --quiet,20,5/15/2026,5:29:44,20.04,2.16,266
stress-ng --cpu 8 --cpu-load 80 --timeout 60s --quiet,20,5/15/2026,5:29:45,20.26,2.16,264.5
stress-ng --cpu 8 --cpu-load 80 --timeout 60s --quiet,20,5/15/2026,5:29:46,20.18,2.16,263
stress-ng --cpu 8 --cpu-load 80 --timeout 60s --quiet,20,5/15/2026,5:29:47,20.2,2.16,256
stress-ng --cpu 8 --cpu-load 80 --timeout 60s --quiet,20,5/15/2026,5:29:48,20.09,2.17,256
stress-ng --cpu 8 --cpu-load 80 --timeout 60s --quiet,20,5/15/2026,5:29:49,20.13,2.17,258
stress-ng --cpu 8 --cpu-load 80 --timeout 60s --quiet,20,5/15/2026,5:29:50,20.21,2.17,268
stress-ng --cpu 8 --cpu-load 80 --timeout 60s --quiet,20,5/15/2026,5:29:51,20.23,2.17,259
stress-ng --cpu 8 --cpu-load 80 --timeout 60s --quiet,20,5/15/2026,5:29:52,20.26,2.17,260
stress-ng --cpu 8 --cpu-load 80 --timeout 60s --quiet,20,5/15/2026,5:29:53,20.22,2.17,267
stress-ng --cpu 8 --cpu-load 80 --timeout 60s --quiet,20,5/15/2026,5:29:54,20.19,2.175,261
stress-ng --cpu 8 --cpu-load 80 --timeout 60s --quiet,20,5/15/2026,5:29:55,20.16,2.18,268
stress-ng --cpu 8 --cpu-load 80 --timeout 60s --quiet,20,5/15/2026,5:29:56,20.14,2.18,265
stress-ng --cpu 8 --cpu-load 80 --timeout 60s --quiet,20,5/15/2026,5:29:57,20.13,2.18,261
stress-ng --cpu 8 --cpu-load 80 --timeout 60s --quiet,20,5/15/2026,5:29:58,20.14,2.18,267
stress-ng --cpu 8 --cpu-load 80 --timeout 60s --quiet,20,5/15/2026,5:29:59,20.2,2.18,263
stress-ng --cpu 8 --cpu-load 80 --timeout 60s --quiet,20,5/15/2026,5:30:00,20.15,2.17,268
stress-ng --cpu 8 --cpu-load 80 --timeout 60s --quiet,20,5/15/2026,5:30:01,20.17,2.17,273
stress-ng --cpu 8 --cpu-load 80 --timeout 60s --quiet,20,5/15/2026,5:30:02,20.17,2.17,272
stress-ng --cpu 8 --cpu-load 80 --timeout 60s --quiet,20,5/15/2026,5:30:03,20.18,2.17,273
stress-ng --cpu 8 --cpu-load 80 --timeout 60s --quiet,20,5/15/2026,5:30:04,20.36,2.17,269
stress-ng --cpu 8 --cpu-load 80 --timeout 60s --quiet,20,5/15/2026,5:30:05,20.2,2.17,274
stress-ng --cpu 8 --cpu-load 80 --timeout 60s --quiet,20,5/15/2026,5:30:06,20.14,2.17,269
stress-ng --cpu 8 --cpu-load 80 --timeout 60s --quiet,20,5/15/2026,5:30:07,20.14,2.17,266
stress-ng --cpu 8 --cpu-load 80 --timeout 60s --quiet,20,5/15/2026,5:30:08,20.15,2.17,270
stress-ng --cpu 8 --cpu-load 80 --timeout 60s --quiet,20,5/15/2026,5:30:09,20.22,2.17,267
stress-ng --cpu 8 --cpu-load 80 --timeout 60s --quiet,20,5/15/2026,5:30:10,20.13,2.17,270
stress-ng --cpu 8 --cpu-load 80 --timeout 60s --quiet,20,5/15/2026,5:30:11,20.15,2.17,271
stress-ng --cpu 8 --cpu-load 80 --timeout 60s --quiet,20,5/15/2026,5:30:12,20.2,2.17,273
stress-ng --cpu 8 --cpu-load 80 --timeout 60s --quiet,20,5/15/2026,5:30:13,20.2,2.17,270
stress-ng --cpu 8 --cpu-load 80 --timeout 60s --quiet,20,5/15/2026,5:30:14,20.23,2.17,270
stress-ng --cpu 8 --cpu-load 80 --timeout 60s --quiet,20,5/15/2026,5:30:15,20.17,2.17,272
stress-ng --cpu 8 --cpu-load 80 --timeout 60s --quiet,20,5/15/2026,5:30:16,20.18,2.17,269
stress-ng --cpu 8 --cpu-load 80 --timeout 60s --quiet,20,5/15/2026,5:30:17,20.15,2.17,270
stress-ng --cpu 8 --cpu-load 80 --timeout 60s --quiet,20,5/15/2026,5:30:18,20.14,2.17,273
stress-ng --cpu 8 --cpu-load 80 --timeout 60s --quiet,20,5/15/2026,5:30:19,20.14,2.17,268
stress-ng --cpu 8 --cpu-load 80 --timeout 60s --quiet,20,5/15/2026,5:30:20,20.14,2.17,279
stress-ng --cpu 8 --cpu-load 80 --timeout 60s --quiet,20,5/15/2026,5:30:21,11.56,2.12,272
stress-ng --cpu 8 --cpu-load 80 --timeout 60s --quiet,20,5/15/2026,20:53:32,7.91,2.22,137
stress-ng --cpu 8 --cpu-load 80 --timeout 60s --quiet,20,5/15/2026,20:53:33,20.09,2.22,181
stress-ng --cpu 8 --cpu-load 80 --timeout 60s --quiet,20,5/15/2026,20:53:34,20.53,2.22,234
stress-ng --cpu 8 --cpu-load 80 --timeout 60s --quiet,20,5/15/2026,20:53:35,20.26,2.22,230
stress-ng --cpu 8 --cpu-load 80 --timeout 60s --quiet,20,5/15/2026,20:53:36,20.44,2.22,239
stress-ng --cpu 8 --cpu-load 80 --timeout 60s --quiet,20,5/15/2026,20:53:37,20.12,2.21,233
stress-ng --cpu 8 --cpu-load 80 --timeout 60s --quiet,20,5/15/2026,20:53:38,20.17,2.21,234
stress-ng --cpu 8 --cpu-load 80 --timeout 60s --quiet,20,5/15/2026,20:53:39,20.46,2.21,241
stress-ng --cpu 8 --cpu-load 80 --timeout 60s --quiet,20,5/15/2026,20:53:40,20.44,2.21,238
stress-ng --cpu 8 --cpu-load 80 --timeout 60s --quiet,20,5/15/2026,20:53:41,20.07,2.21,239
stress-ng --cpu 8 --cpu-load 80 --timeout 60s --quiet,20,5/15/2026,20:53:42,20.12,2.21,240
stress-ng --cpu 8 --cpu-load 80 --timeout 60s --quiet,20,5/15/2026,20:53:43,20.24,2.21,241
stress-ng --cpu 8 --cpu-load 80 --timeout 60s --quiet,20,5/15/2026,20:53:44,20.18,2.2,247
stress-ng --cpu 8 --cpu-load 80 --timeout 60s --quiet,20,5/15/2026,20:53:45,20.34,2.21,243
stress-ng --cpu 8 --cpu-load 80 --timeout 60s --quiet,20,5/15/2026,20:53:46,20.42,2.21,245
stress-ng --cpu 8 --cpu-load 80 --timeout 60s --quiet,20,5/15/2026,20:53:47,20.12,2.21,248
stress-ng --cpu 8 --cpu-load 80 --timeout 60s --quiet,20,5/15/2026,20:53:48,20.3,2.21,245
stress-ng --cpu 8 --cpu-load 80 --timeout 60s --quiet,20,5/15/2026,20:53:49,20.18,2.2,246
stress-ng --cpu 8 --cpu-load 80 --timeout 60s --quiet,20,5/15/2026,20:53:50,20.33,2.2,245
stress-ng --cpu 8 --cpu-load 80 --timeout 60s --quiet,20,5/15/2026,20:53:51,20.28,2.2,246
stress-ng --cpu 8 --cpu-load 80 --timeout 60s --quiet,20,5/15/2026,20:53:52,20.42,2.2,246.5
stress-ng --cpu 8 --cpu-load 80 --timeout 60s --quiet,20,5/15/2026,20:53:53,20.17,2.2,247
stress-ng --cpu 8 --cpu-load 80 --timeout 60s --quiet,20,5/15/2026,20:53:54,20.18,2.19,249
stress-ng --cpu 8 --cpu-load 80 --timeout 60s --quiet,20,5/15/2026,20:53:55,20.22,2.17,255
stress-ng --cpu 8 --cpu-load 80 --timeout 60s --quiet,20,5/15/2026,20:53:56,20.22,2.18,251
stress-ng --cpu 8 --cpu-load 80 --timeout 60s --quiet,20,5/15/2026,20:53:57,20.09,2.18,251
stress-ng --cpu 8 --cpu-load 80 --timeout 60s --quiet,20,5/15/2026,20:53:58,20.14,2.18,244
stress-ng --cpu 8 --cpu-load 80 --timeout 60s --quiet,20,5/15/2026,20:53:59,20.25,2.17,243
stress-ng --cpu 8 --cpu-load 80 --timeout 60s --quiet,20,5/15/2026,20:54:00,20.23,2.18,245
stress-ng --cpu 8 --cpu-load 80 --timeout 60s --quiet,20,5/15/2026,20:54:01,20.19,2.18,251
stress-ng --cpu 8 --cpu-load 80 --timeout 60s --quiet,20,5/15/2026,20:54:02,20.325,2.175,246
stress-ng --cpu 8 --cpu-load 80 --timeout 60s --quiet,20,5/15/2026,20:54:03,20.46,2.17,247
stress-ng --cpu 8 --cpu-load 80 --timeout 60s --quiet,20,5/15/2026,20:54:04,20.28,2.18,248
stress-ng --cpu 8 --cpu-load 80 --timeout 60s --quiet,20,5/15/2026,20:54:05,20.12,2.18,248
stress-ng --cpu 8 --cpu-load 80 --timeout 60s --quiet,20,5/15/2026,20:54:06,20.1,2.18,247
stress-ng --cpu 8 --cpu-load 80 --timeout 60s --quiet,20,5/15/2026,20:54:07,20.11,2.17,246
stress-ng --cpu 8 --cpu-load 80 --timeout 60s --quiet,20,5/15/2026,20:54:08,20.33,2.18,247
stress-ng --cpu 8 --cpu-load 80 --timeout 60s --quiet,20,5/15/2026,20:54:09,20.28,2.18,247
stress-ng --cpu 8 --cpu-load 80 --timeout 60s --quiet,20,5/15/2026,20:54:10,20.17,2.16,246
stress-ng --cpu 8 --cpu-load 80 --timeout 60s --quiet,20,5/15/2026,20:54:11,20.2,2.16,242
stress-ng --cpu 8 --cpu-load 80 --timeout 60s --quiet,20,5/15/2026,20:54:12,20.23,2.16,244
stress-ng --cpu 8 --cpu-load 80 --timeout 60s --quiet,20,5/15/2026,20:54:13,19.97,2.16,244
stress-ng --cpu 8 --cpu-load 80 --timeout 60s --quiet,20,5/15/2026,20:54:14,20.18,2.16,243
stress-ng --cpu 8 --cpu-load 80 --timeout 60s --quiet,20,5/15/2026,20:54:15,20.22,2.16,247
stress-ng --cpu 8 --cpu-load 80 --timeout 60s --quiet,20,5/15/2026,20:54:16,20.17,2.16,242
stress-ng --cpu 8 --cpu-load 80 --timeout 60s --quiet,20,5/15/2026,20:54:17,20.16,2.16,239
stress-ng --cpu 8 --cpu-load 80 --timeout 60s --quiet,20,5/15/2026,20:54:18,20.18,2.16,240
stress-ng --cpu 8 --cpu-load 80 --timeout 60s --quiet,20,5/15/2026,20:54:19,20.22,2.16,241
stress-ng --cpu 8 --cpu-load 80 --timeout 60s --quiet,20,5/15/2026,20:54:20,20.15,2.16,241
stress-ng --cpu 8 --cpu-load 80 --timeout 60s --quiet,20,5/15/2026,20:54:21,20.25,2.15,242
stress-ng --cpu 8 --cpu-load 80 --timeout 60s --quiet,20,5/15/2026,20:54:22,20.33,2.15,252
stress-ng --cpu 8 --cpu-load 80 --timeout 60s --quiet,20,5/15/2026,20:54:23,20.23,2.14,253
stress-ng --cpu 8 --cpu-load 80 --timeout 60s --quiet,20,5/15/2026,20:54:24,20.26,2.14,254
stress-ng --cpu 8 --cpu-load 80 --timeout 60s --quiet,20,5/15/2026,20:54:25,20.08,2.15,255
stress-ng --cpu 8 --cpu-load 80 --timeout 60s --quiet,20,5/15/2026,20:54:26,20.09,2.14,259
stress-ng --cpu 8 --cpu-load 80 --timeout 60s --quiet,20,5/15/2026,20:54:27,20.24,2.15,258
stress-ng --cpu 8 --cpu-load 80 --timeout 60s --quiet,20,5/15/2026,20:54:28,20.21,2.14,263
stress-ng --cpu 8 --cpu-load 80 --timeout 60s --quiet,20,5/15/2026,20:54:29,20.17,2.14,250
stress-ng --cpu 8 --cpu-load 80 --timeout 60s --quiet,20,5/15/2026,20:54:30,20.16,2.14,248
stress-ng --cpu 8 --cpu-load 80 --timeout 60s --quiet,20,5/15/2026,20:54:31,20.23,2.14,250
stress-ng --cpu 8 --cpu-load 80 --timeout 60s --quiet,20,5/15/2026,20:54:32,14.7,2.1,250
stress-ng --cpu 8 --cpu-load 84 --timeout 60s --quiet,21,5/15/2026,4:07:11,0.12,2.1,114
stress-ng --cpu 8 --cpu-load 84 --timeout 60s --quiet,21,5/15/2026,4:07:12,14.94,2.2,127
stress-ng --cpu 8 --cpu-load 84 --timeout 60s --quiet,21,5/15/2026,4:07:13,21.27,2.21,233
stress-ng --cpu 8 --cpu-load 84 --timeout 60s --quiet,21,5/15/2026,4:07:14,21.06,2.21,238
stress-ng --cpu 8 --cpu-load 84 --timeout 60s --quiet,21,5/15/2026,4:07:15,21.32,2.21,254
stress-ng --cpu 8 --cpu-load 84 --timeout 60s --quiet,21,5/15/2026,4:07:16,21.18,2.21,252
stress-ng --cpu 8 --cpu-load 84 --timeout 60s --quiet,21,5/15/2026,4:07:17,21.21,2.2,257
stress-ng --cpu 8 --cpu-load 84 --timeout 60s --quiet,21,5/15/2026,4:07:18,21.14,2.2,255
stress-ng --cpu 8 --cpu-load 84 --timeout 60s --quiet,21,5/15/2026,4:07:19,21.2,2.2,256
stress-ng --cpu 8 --cpu-load 84 --timeout 60s --quiet,21,5/15/2026,4:07:20,21.03,2.19,254
stress-ng --cpu 8 --cpu-load 84 --timeout 60s --quiet,21,5/15/2026,4:07:21,21.34,2.19,250
stress-ng --cpu 8 --cpu-load 84 --timeout 60s --quiet,21,5/15/2026,4:07:22,21.06,2.19,256
stress-ng --cpu 8 --cpu-load 84 --timeout 60s --quiet,21,5/15/2026,4:07:23,21.26,2.19,262
stress-ng --cpu 8 --cpu-load 84 --timeout 60s --quiet,21,5/15/2026,4:07:24,21.14,2.19,264
stress-ng --cpu 8 --cpu-load 84 --timeout 60s --quiet,21,5/15/2026,4:07:25,21.12,2.18,261
stress-ng --cpu 8 --cpu-load 84 --timeout 60s --quiet,21,5/15/2026,4:07:26,21.31,2.18,261
stress-ng --cpu 8 --cpu-load 84 --timeout 60s --quiet,21,5/15/2026,4:07:27,21.1,2.19,261
stress-ng --cpu 8 --cpu-load 84 --timeout 60s --quiet,21,5/15/2026,4:07:28,21.21,2.18,266
stress-ng --cpu 8 --cpu-load 84 --timeout 60s --quiet,21,5/15/2026,4:07:29,21.13,2.18,264
stress-ng --cpu 8 --cpu-load 84 --timeout 60s --quiet,21,5/15/2026,4:07:30,21.18,2.18,262
stress-ng --cpu 8 --cpu-load 84 --timeout 60s --quiet,21,5/15/2026,4:07:31,21.14,2.18,267
stress-ng --cpu 8 --cpu-load 84 --timeout 60s --quiet,21,5/15/2026,4:07:32,21.18,2.19,258
stress-ng --cpu 8 --cpu-load 84 --timeout 60s --quiet,21,5/15/2026,4:07:33,21.13,2.18,266
stress-ng --cpu 8 --cpu-load 84 --timeout 60s --quiet,21,5/15/2026,4:07:34,21.2,2.18,265
stress-ng --cpu 8 --cpu-load 84 --timeout 60s --quiet,21,5/15/2026,4:07:35,21.24,2.18,264
stress-ng --cpu 8 --cpu-load 84 --timeout 60s --quiet,21,5/15/2026,4:07:36,21.08,2.18,266
stress-ng --cpu 8 --cpu-load 84 --timeout 60s --quiet,21,5/15/2026,4:07:37,21.22,2.17,263
stress-ng --cpu 8 --cpu-load 84 --timeout 60s --quiet,21,5/15/2026,4:07:38,21.07,2.17,264
stress-ng --cpu 8 --cpu-load 84 --timeout 60s --quiet,21,5/15/2026,4:07:39,21.27,2.17,264
stress-ng --cpu 8 --cpu-load 84 --timeout 60s --quiet,21,5/15/2026,4:07:40,21.26,2.17,267
stress-ng --cpu 8 --cpu-load 84 --timeout 60s --quiet,21,5/15/2026,4:07:41,21.28,2.18,262.5
stress-ng --cpu 8 --cpu-load 84 --timeout 60s --quiet,21,5/15/2026,4:07:42,21.28,2.17,258
stress-ng --cpu 8 --cpu-load 84 --timeout 60s --quiet,21,5/15/2026,4:07:43,21.27,2.17,259
stress-ng --cpu 8 --cpu-load 84 --timeout 60s --quiet,21,5/15/2026,4:07:44,21.36,2.17,255
stress-ng --cpu 8 --cpu-load 84 --timeout 60s --quiet,21,5/15/2026,4:07:45,21.06,2.16,257
stress-ng --cpu 8 --cpu-load 84 --timeout 60s --quiet,21,5/15/2026,4:07:46,21.15,2.16,262
stress-ng --cpu 8 --cpu-load 84 --timeout 60s --quiet,21,5/15/2026,4:07:47,21.3,2.17,269
stress-ng --cpu 8 --cpu-load 84 --timeout 60s --quiet,21,5/15/2026,4:07:48,21.03,2.17,263
stress-ng --cpu 8 --cpu-load 84 --timeout 60s --quiet,21,5/15/2026,4:07:49,21.29,2.17,265
stress-ng --cpu 8 --cpu-load 84 --timeout 60s --quiet,21,5/15/2026,4:07:50,21.12,2.17,266
stress-ng --cpu 8 --cpu-load 84 --timeout 60s --quiet,21,5/15/2026,4:07:51,21.31,2.17,267
stress-ng --cpu 8 --cpu-load 84 --timeout 60s --quiet,21,5/15/2026,4:07:52,21.17,2.17,266
stress-ng --cpu 8 --cpu-load 84 --timeout 60s --quiet,21,5/15/2026,4:07:53,21.08,2.17,270
stress-ng --cpu 8 --cpu-load 84 --timeout 60s --quiet,21,5/15/2026,4:07:54,21.25,2.17,265
stress-ng --cpu 8 --cpu-load 84 --timeout 60s --quiet,21,5/15/2026,4:07:55,21.2,2.17,266
stress-ng --cpu 8 --cpu-load 84 --timeout 60s --quiet,21,5/15/2026,4:07:56,21.32,2.17,269
stress-ng --cpu 8 --cpu-load 84 --timeout 60s --quiet,21,5/15/2026,4:07:57,21.08,2.17,271
stress-ng --cpu 8 --cpu-load 84 --timeout 60s --quiet,21,5/15/2026,4:07:58,21.35,2.17,268
stress-ng --cpu 8 --cpu-load 84 --timeout 60s --quiet,21,5/15/2026,4:07:59,21.3,2.17,265
stress-ng --cpu 8 --cpu-load 84 --timeout 60s --quiet,21,5/15/2026,4:08:00,20.98,2.17,269
stress-ng --cpu 8 --cpu-load 84 --timeout 60s --quiet,21,5/15/2026,4:08:01,21.17,2.17,268
stress-ng --cpu 8 --cpu-load 84 --timeout 60s --quiet,21,5/15/2026,4:08:02,21.36,2.17,269
stress-ng --cpu 8 --cpu-load 84 --timeout 60s --quiet,21,5/15/2026,4:08:03,21.14,2.16,268
stress-ng --cpu 8 --cpu-load 84 --timeout 60s --quiet,21,5/15/2026,4:08:04,21.27,2.17,271
stress-ng --cpu 8 --cpu-load 84 --timeout 60s --quiet,21,5/15/2026,4:08:05,21.1,2.17,270
stress-ng --cpu 8 --cpu-load 84 --timeout 60s --quiet,21,5/15/2026,4:08:06,21.29,2.17,269
stress-ng --cpu 8 --cpu-load 84 --timeout 60s --quiet,21,5/15/2026,4:08:07,21.02,2.17,269
stress-ng --cpu 8 --cpu-load 84 --timeout 60s --quiet,21,5/15/2026,4:08:08,21.14,2.17,268
stress-ng --cpu 8 --cpu-load 84 --timeout 60s --quiet,21,5/15/2026,4:08:09,21.3,2.17,270
stress-ng --cpu 8 --cpu-load 84 --timeout 60s --quiet,21,5/15/2026,4:08:10,21.13,2.17,272
stress-ng --cpu 8 --cpu-load 84 --timeout 60s --quiet,21,5/15/2026,4:08:11,21.11,2.17,269
stress-ng --cpu 8 --cpu-load 84 --timeout 60s --quiet,21,5/15/2026,4:53:16,0.06,2.12,217
stress-ng --cpu 8 --cpu-load 84 --timeout 60s --quiet,21,5/15/2026,4:53:17,19.3,2.21,217
stress-ng --cpu 8 --cpu-load 84 --timeout 60s --quiet,21,5/15/2026,4:53:18,21.12,2.21,223.6
stress-ng --cpu 8 --cpu-load 84 --timeout 60s --quiet,21,5/15/2026,4:53:19,21.27,2.21,230.2
stress-ng --cpu 8 --cpu-load 84 --timeout 60s --quiet,21,5/15/2026,4:53:20,21.19,2.2,236.8
stress-ng --cpu 8 --cpu-load 84 --timeout 60s --quiet,21,5/15/2026,4:53:21,21.11,2.2,243.4
stress-ng --cpu 8 --cpu-load 84 --timeout 60s --quiet,21,5/15/2026,4:53:22,21.16,2.19,250
stress-ng --cpu 8 --cpu-load 84 --timeout 60s --quiet,21,5/15/2026,4:53:23,21.18,2.19,255
stress-ng --cpu 8 --cpu-load 84 --timeout 60s --quiet,21,5/15/2026,4:53:24,21.24,2.19,253
stress-ng --cpu 8 --cpu-load 84 --timeout 60s --quiet,21,5/15/2026,4:53:25,21.2,2.19,250
stress-ng --cpu 8 --cpu-load 84 --timeout 60s --quiet,21,5/15/2026,4:53:26,21.13,2.19,258
stress-ng --cpu 8 --cpu-load 84 --timeout 60s --quiet,21,5/15/2026,4:53:27,21.3,2.19,256
stress-ng --cpu 8 --cpu-load 84 --timeout 60s --quiet,21,5/15/2026,4:53:28,21.1,2.19,254
stress-ng --cpu 8 --cpu-load 84 --timeout 60s --quiet,21,5/15/2026,4:53:29,21.25,2.19,256
stress-ng --cpu 8 --cpu-load 84 --timeout 60s --quiet,21,5/15/2026,4:53:30,21.16,2.19,253
stress-ng --cpu 8 --cpu-load 84 --timeout 60s --quiet,21,5/15/2026,4:53:31,21.17,2.19,257
stress-ng --cpu 8 --cpu-load 84 --timeout 60s --quiet,21,5/15/2026,4:53:32,21.2,2.18,256
stress-ng --cpu 8 --cpu-load 84 --timeout 60s --quiet,21,5/15/2026,4:53:33,21.44,2.18,256
stress-ng --cpu 8 --cpu-load 84 --timeout 60s --quiet,21,5/15/2026,4:53:34,21.14,2.18,259
stress-ng --cpu 8 --cpu-load 84 --timeout 60s --quiet,21,5/15/2026,4:53:35,21.38,2.18,257
stress-ng --cpu 8 --cpu-load 84 --timeout 60s --quiet,21,5/15/2026,4:53:36,21.19,2.18,261
stress-ng --cpu 8 --cpu-load 84 --timeout 60s --quiet,21,5/15/2026,4:53:37,21.21,2.18,264
stress-ng --cpu 8 --cpu-load 84 --timeout 60s --quiet,21,5/15/2026,4:53:38,21.38,2.18,263
stress-ng --cpu 8 --cpu-load 84 --timeout 60s --quiet,21,5/15/2026,4:53:39,21.13,2.18,262
stress-ng --cpu 8 --cpu-load 84 --timeout 60s --quiet,21,5/15/2026,4:53:40,21.255,2.18,258
stress-ng --cpu 8 --cpu-load 84 --timeout 60s --quiet,21,5/15/2026,4:53:41,21.38,2.18,255
stress-ng --cpu 8 --cpu-load 84 --timeout 60s --quiet,21,5/15/2026,4:53:42,21.29,2.18,256
stress-ng --cpu 8 --cpu-load 84 --timeout 60s --quiet,21,5/15/2026,4:53:43,21.44,2.18,257
stress-ng --cpu 8 --cpu-load 84 --timeout 60s --quiet,21,5/15/2026,4:53:44,21.05,2.18,259
stress-ng --cpu 8 --cpu-load 84 --timeout 60s --quiet,21,5/15/2026,4:53:45,21.22,2.18,258
stress-ng --cpu 8 --cpu-load 84 --timeout 60s --quiet,21,5/15/2026,4:53:46,21.4,2.18,257
stress-ng --cpu 8 --cpu-load 84 --timeout 60s --quiet,21,5/15/2026,4:53:47,21.02,2.18,260
stress-ng --cpu 8 --cpu-load 84 --timeout 60s --quiet,21,5/15/2026,4:53:48,21.35,2.18,260
stress-ng --cpu 8 --cpu-load 84 --timeout 60s --quiet,21,5/15/2026,4:53:49,21.13,2.18,261
stress-ng --cpu 8 --cpu-load 84 --timeout 60s --quiet,21,5/15/2026,4:53:50,21.11,2.18,258
stress-ng --cpu 8 --cpu-load 84 --timeout 60s --quiet,21,5/15/2026,4:53:51,21.42,2.19,262
stress-ng --cpu 8 --cpu-load 84 --timeout 60s --quiet,21,5/15/2026,4:53:52,20.98,2.17,254
stress-ng --cpu 8 --cpu-load 84 --timeout 60s --quiet,21,5/15/2026,4:53:53,21.53,2.18,260
stress-ng --cpu 8 --cpu-load 84 --timeout 60s --quiet,21,5/15/2026,4:53:54,21.18,2.17,259
stress-ng --cpu 8 --cpu-load 84 --timeout 60s --quiet,21,5/15/2026,4:53:55,21.21,2.18,258
stress-ng --cpu 8 --cpu-load 84 --timeout 60s --quiet,21,5/15/2026,4:53:56,21.21,2.18,257
stress-ng --cpu 8 --cpu-load 84 --timeout 60s --quiet,21,5/15/2026,4:53:57,21.36,2.18,262
stress-ng --cpu 8 --cpu-load 84 --timeout 60s --quiet,21,5/15/2026,4:53:58,21.02,2.18,255
stress-ng --cpu 8 --cpu-load 84 --timeout 60s --quiet,21,5/15/2026,4:53:59,21.41,2.18,263
stress-ng --cpu 8 --cpu-load 84 --timeout 60s --quiet,21,5/15/2026,4:54:00,21.25,2.17,259
stress-ng --cpu 8 --cpu-load 84 --timeout 60s --quiet,21,5/15/2026,4:54:01,21.31,2.17,261
stress-ng --cpu 8 --cpu-load 84 --timeout 60s --quiet,21,5/15/2026,4:54:02,21.13,2.16,265
stress-ng --cpu 8 --cpu-load 84 --timeout 60s --quiet,21,5/15/2026,4:54:03,21.52,2.16,264.5
stress-ng --cpu 8 --cpu-load 84 --timeout 60s --quiet,21,5/15/2026,4:54:04,20.96,2.16,264
stress-ng --cpu 8 --cpu-load 84 --timeout 60s --quiet,21,5/15/2026,4:54:05,21.25,2.16,265
stress-ng --cpu 8 --cpu-load 84 --timeout 60s --quiet,21,5/15/2026,4:54:06,21.11,2.16,266
stress-ng --cpu 8 --cpu-load 84 --timeout 60s --quiet,21,5/15/2026,4:54:07,21.2,2.15,257
stress-ng --cpu 8 --cpu-load 84 --timeout 60s --quiet,21,5/15/2026,4:54:08,21.37,2.15,259
stress-ng --cpu 8 --cpu-load 84 --timeout 60s --quiet,21,5/15/2026,4:54:09,21.13,2.15,258
stress-ng --cpu 8 --cpu-load 84 --timeout 60s --quiet,21,5/15/2026,4:54:10,21.32,2.15,258
stress-ng --cpu 8 --cpu-load 84 --timeout 60s --quiet,21,5/15/2026,4:54:11,21.28,2.15,258
stress-ng --cpu 8 --cpu-load 84 --timeout 60s --quiet,21,5/15/2026,4:54:12,21.26,2.16,261
stress-ng --cpu 8 --cpu-load 84 --timeout 60s --quiet,21,5/15/2026,4:54:13,21.36,2.16,260
stress-ng --cpu 8 --cpu-load 84 --timeout 60s --quiet,21,5/15/2026,4:54:14,21.05,2.15,258
stress-ng --cpu 8 --cpu-load 84 --timeout 60s --quiet,21,5/15/2026,4:54:15,21.4,2.14,262
stress-ng --cpu 8 --cpu-load 84 --timeout 60s --quiet,21,5/15/2026,4:54:16,21.24,2.14,260
stress-ng --cpu 8 --cpu-load 84 --timeout 60s --quiet,21,5/15/2026,14:54:41,5.91,2.27,125
stress-ng --cpu 8 --cpu-load 84 --timeout 60s --quiet,21,5/15/2026,14:54:42,21.44,2.28,252
stress-ng --cpu 8 --cpu-load 84 --timeout 60s --quiet,21,5/15/2026,14:54:43,21.25,2.28,258
stress-ng --cpu 8 --cpu-load 84 --timeout 60s --quiet,21,5/15/2026,14:54:44,21.08,2.27,256
stress-ng --cpu 8 --cpu-load 84 --timeout 60s --quiet,21,5/15/2026,14:54:45,21.32,2.27,258
stress-ng --cpu 8 --cpu-load 84 --timeout 60s --quiet,21,5/15/2026,14:54:46,21.49,2.27,260
stress-ng --cpu 8 --cpu-load 84 --timeout 60s --quiet,21,5/15/2026,14:54:47,20.99,2.27,251
stress-ng --cpu 8 --cpu-load 84 --timeout 60s --quiet,21,5/15/2026,14:54:48,21.16,2.27,260
stress-ng --cpu 8 --cpu-load 84 --timeout 60s --quiet,21,5/15/2026,14:54:49,21.33,2.27,258
stress-ng --cpu 8 --cpu-load 84 --timeout 60s --quiet,21,5/15/2026,14:54:50,21.36,2.28,258
stress-ng --cpu 8 --cpu-load 84 --timeout 60s --quiet,21,5/15/2026,14:54:51,20.99,2.28,264
stress-ng --cpu 8 --cpu-load 84 --timeout 60s --quiet,21,5/15/2026,14:54:52,21.36,2.28,257
stress-ng --cpu 8 --cpu-load 84 --timeout 60s --quiet,21,5/15/2026,14:54:53,21.48,2.28,259
stress-ng --cpu 8 --cpu-load 84 --timeout 60s --quiet,21,5/15/2026,14:54:54,21.06,2.28,265
stress-ng --cpu 8 --cpu-load 84 --timeout 60s --quiet,21,5/15/2026,14:54:55,21.32,2.28,261
stress-ng --cpu 8 --cpu-load 84 --timeout 60s --quiet,21,5/15/2026,14:54:56,21.24,2.28,262
stress-ng --cpu 8 --cpu-load 84 --timeout 60s --quiet,21,5/15/2026,14:54:57,21.31,2.28,258
stress-ng --cpu 8 --cpu-load 84 --timeout 60s --quiet,21,5/15/2026,14:54:58,21.1,2.28,263
stress-ng --cpu 8 --cpu-load 84 --timeout 60s --quiet,21,5/15/2026,14:54:59,21.22,2.28,263
stress-ng --cpu 8 --cpu-load 84 --timeout 60s --quiet,21,5/15/2026,14:55:00,21.34,2.27,262
stress-ng --cpu 8 --cpu-load 84 --timeout 60s --quiet,21,5/15/2026,14:55:01,23.78,2.26,259
stress-ng --cpu 8 --cpu-load 84 --timeout 60s --quiet,21,5/15/2026,14:55:02,22.93,2.25,261
stress-ng --cpu 8 --cpu-load 84 --timeout 60s --quiet,21,5/15/2026,14:55:03,21.18,2.25,262
stress-ng --cpu 8 --cpu-load 84 --timeout 60s --quiet,21,5/15/2026,14:55:04,21.54,2.25,261.5
stress-ng --cpu 8 --cpu-load 84 --timeout 60s --quiet,21,5/15/2026,14:55:05,21.21,2.25,261
stress-ng --cpu 8 --cpu-load 84 --timeout 60s --quiet,21,5/15/2026,14:55:06,21.24,2.24,264
stress-ng --cpu 8 --cpu-load 84 --timeout 60s --quiet,21,5/15/2026,14:55:07,21.25,2.24,257
stress-ng --cpu 8 --cpu-load 84 --timeout 60s --quiet,21,5/15/2026,14:55:08,21.46,2.23,261
stress-ng --cpu 8 --cpu-load 84 --timeout 60s --quiet,21,5/15/2026,14:55:09,21.29,2.22,257
stress-ng --cpu 8 --cpu-load 84 --timeout 60s --quiet,21,5/15/2026,14:55:10,21.13,2.22,261
stress-ng --cpu 8 --cpu-load 84 --timeout 60s --quiet,21,5/15/2026,14:55:11,22.08,2.23,263
stress-ng --cpu 8 --cpu-load 84 --timeout 60s --quiet,21,5/15/2026,14:55:12,21.33,2.23,259
stress-ng --cpu 8 --cpu-load 84 --timeout 60s --quiet,21,5/15/2026,14:55:13,21.66,2.23,257
stress-ng --cpu 8 --cpu-load 84 --timeout 60s --quiet,21,5/15/2026,14:55:14,21.3,2.22,256
stress-ng --cpu 8 --cpu-load 84 --timeout 60s --quiet,21,5/15/2026,14:55:15,21.47,2.22,256
stress-ng --cpu 8 --cpu-load 84 --timeout 60s --quiet,21,5/15/2026,14:55:16,21.36,2.22,257
stress-ng --cpu 8 --cpu-load 84 --timeout 60s --quiet,21,5/15/2026,14:55:17,21.13,2.22,257
stress-ng --cpu 8 --cpu-load 84 --timeout 60s --quiet,21,5/15/2026,14:55:18,21.63,2.2,254
stress-ng --cpu 8 --cpu-load 84 --timeout 60s --quiet,21,5/15/2026,14:55:19,21.15,2.2,260
stress-ng --cpu 8 --cpu-load 84 --timeout 60s --quiet,21,5/15/2026,14:55:20,21.27,2.2,260
stress-ng --cpu 8 --cpu-load 84 --timeout 60s --quiet,21,5/15/2026,14:55:21,21.27,2.2,259
stress-ng --cpu 8 --cpu-load 84 --timeout 60s --quiet,21,5/15/2026,14:55:22,21.35,2.19,257
stress-ng --cpu 8 --cpu-load 84 --timeout 60s --quiet,21,5/15/2026,14:55:23,21.3,2.2,260
stress-ng --cpu 8 --cpu-load 84 --timeout 60s --quiet,21,5/15/2026,14:55:24,21.06,2.19,261
stress-ng --cpu 8 --cpu-load 84 --timeout 60s --quiet,21,5/15/2026,14:55:25,21.45,2.19,258
stress-ng --cpu 8 --cpu-load 84 --timeout 60s --quiet,21,5/15/2026,14:55:26,21.4,2.19,261
stress-ng --cpu 8 --cpu-load 84 --timeout 60s --quiet,21,5/15/2026,14:55:27,21.19,2.19,263.5
stress-ng --cpu 8 --cpu-load 84 --timeout 60s --quiet,21,5/15/2026,14:55:28,21.26,2.19,266
stress-ng --cpu 8 --cpu-load 84 --timeout 60s --quiet,21,5/15/2026,14:55:29,21.29,2.19,267
stress-ng --cpu 8 --cpu-load 84 --timeout 60s --quiet,21,5/15/2026,14:55:30,21.18,2.19,266
stress-ng --cpu 8 --cpu-load 84 --timeout 60s --quiet,21,5/15/2026,14:55:31,21.18,2.19,271
stress-ng --cpu 8 --cpu-load 84 --timeout 60s --quiet,21,5/15/2026,14:55:32,21.28,2.19,267
stress-ng --cpu 8 --cpu-load 84 --timeout 60s --quiet,21,5/15/2026,14:55:33,21.22,2.19,265
stress-ng --cpu 8 --cpu-load 84 --timeout 60s --quiet,21,5/15/2026,14:55:34,21.31,2.19,271
stress-ng --cpu 8 --cpu-load 84 --timeout 60s --quiet,21,5/15/2026,14:55:35,21.37,2.19,272
stress-ng --cpu 8 --cpu-load 84 --timeout 60s --quiet,21,5/15/2026,14:55:36,21.34,2.19,269
stress-ng --cpu 8 --cpu-load 84 --timeout 60s --quiet,21,5/15/2026,14:55:37,21.23,2.19,267
stress-ng --cpu 8 --cpu-load 84 --timeout 60s --quiet,21,5/15/2026,14:55:38,21.11,2.19,270
stress-ng --cpu 8 --cpu-load 84 --timeout 60s --quiet,21,5/15/2026,14:55:39,21.47,2.2,270
stress-ng --cpu 8 --cpu-load 84 --timeout 60s --quiet,21,5/15/2026,14:55:40,21.34,2.19,264
stress-ng --cpu 8 --cpu-load 84 --timeout 60s --quiet,21,5/15/2026,14:55:41,16.56,2.13,272
stress-ng --cpu 8 --cpu-load 88 --timeout 60s --quiet,22,5/15/2026,0:28:40,0.12,2.11,134
stress-ng --cpu 8 --cpu-load 88 --timeout 60s --quiet,22,5/15/2026,0:28:41,18.06,2.2,134
stress-ng --cpu 8 --cpu-load 88 --timeout 60s --quiet,22,5/15/2026,0:28:42,22.25,2.2,113
stress-ng --cpu 8 --cpu-load 88 --timeout 60s --quiet,22,5/15/2026,0:28:43,22.14,2.2,263
stress-ng --cpu 8 --cpu-load 88 --timeout 60s --quiet,22,5/15/2026,0:28:44,22.19,2.2,267
stress-ng --cpu 8 --cpu-load 88 --timeout 60s --quiet,22,5/15/2026,0:28:45,22.2,2.2,270
stress-ng --cpu 8 --cpu-load 88 --timeout 60s --quiet,22,5/15/2026,0:28:46,22.47,2.2,258
stress-ng --cpu 8 --cpu-load 88 --timeout 60s --quiet,22,5/15/2026,0:28:47,22.17,2.2,262
stress-ng --cpu 8 --cpu-load 88 --timeout 60s --quiet,22,5/15/2026,0:28:48,22.25,2.2,257
stress-ng --cpu 8 --cpu-load 88 --timeout 60s --quiet,22,5/15/2026,0:28:49,22.205,2.2,262
stress-ng --cpu 8 --cpu-load 88 --timeout 60s --quiet,22,5/15/2026,0:28:50,22.16,2.2,267
stress-ng --cpu 8 --cpu-load 88 --timeout 60s --quiet,22,5/15/2026,0:28:51,22.36,2.21,260
stress-ng --cpu 8 --cpu-load 88 --timeout 60s --quiet,22,5/15/2026,0:28:52,22.58,2.21,256
stress-ng --cpu 8 --cpu-load 88 --timeout 60s --quiet,22,5/15/2026,0:28:53,22.32,2.21,260
stress-ng --cpu 8 --cpu-load 88 --timeout 60s --quiet,22,5/15/2026,0:28:54,22.39,2.21,263
stress-ng --cpu 8 --cpu-load 88 --timeout 60s --quiet,22,5/15/2026,0:28:55,22.16,2.2,273
stress-ng --cpu 8 --cpu-load 88 --timeout 60s --quiet,22,5/15/2026,0:28:56,22.13,2.2,277
stress-ng --cpu 8 --cpu-load 88 --timeout 60s --quiet,22,5/15/2026,0:28:57,22.12,2.19,273
stress-ng --cpu 8 --cpu-load 88 --timeout 60s --quiet,22,5/15/2026,0:28:58,22.24,2.19,272
stress-ng --cpu 8 --cpu-load 88 --timeout 60s --quiet,22,5/15/2026,0:28:59,22.15,2.19,273
stress-ng --cpu 8 --cpu-load 88 --timeout 60s --quiet,22,5/15/2026,0:29:00,22.13,2.19,267
stress-ng --cpu 8 --cpu-load 88 --timeout 60s --quiet,22,5/15/2026,0:29:01,22.27,2.19,276
stress-ng --cpu 8 --cpu-load 88 --timeout 60s --quiet,22,5/15/2026,0:29:02,22.27,2.18,267
stress-ng --cpu 8 --cpu-load 88 --timeout 60s --quiet,22,5/15/2026,0:29:03,22.16,2.18,269
stress-ng --cpu 8 --cpu-load 88 --timeout 60s --quiet,22,5/15/2026,0:29:04,22.49,2.18,270
stress-ng --cpu 8 --cpu-load 88 --timeout 60s --quiet,22,5/15/2026,0:29:05,22.18,2.19,270
stress-ng --cpu 8 --cpu-load 88 --timeout 60s --quiet,22,5/15/2026,0:29:06,22.15,2.19,271
stress-ng --cpu 8 --cpu-load 88 --timeout 60s --quiet,22,5/15/2026,0:29:07,22.26,2.18,273
stress-ng --cpu 8 --cpu-load 88 --timeout 60s --quiet,22,5/15/2026,0:29:08,22.36,2.18,271
stress-ng --cpu 8 --cpu-load 88 --timeout 60s --quiet,22,5/15/2026,0:29:09,22.12,2.18,269
stress-ng --cpu 8 --cpu-load 88 --timeout 60s --quiet,22,5/15/2026,0:29:10,22.26,2.17,267
stress-ng --cpu 8 --cpu-load 88 --timeout 60s --quiet,22,5/15/2026,0:29:11,22.24,2.18,264
stress-ng --cpu 8 --cpu-load 88 --timeout 60s --quiet,22,5/15/2026,0:29:12,22.31,2.18,272
stress-ng --cpu 8 --cpu-load 88 --timeout 60s --quiet,22,5/15/2026,0:29:13,22.17,2.18,270
stress-ng --cpu 8 --cpu-load 88 --timeout 60s --quiet,22,5/15/2026,0:29:14,22.13,2.16,262
stress-ng --cpu 8 --cpu-load 88 --timeout 60s --quiet,22,5/15/2026,0:29:15,22.31,2.16,273
stress-ng --cpu 8 --cpu-load 88 --timeout 60s --quiet,22,5/15/2026,0:29:16,22.11,2.16,278
stress-ng --cpu 8 --cpu-load 88 --timeout 60s --quiet,22,5/15/2026,0:29:17,22.14,2.16,283
stress-ng --cpu 8 --cpu-load 88 --timeout 60s --quiet,22,5/15/2026,0:29:18,22.18,2.16,276
stress-ng --cpu 8 --cpu-load 88 --timeout 60s --quiet,22,5/15/2026,0:29:19,22.33,2.16,284
stress-ng --cpu 8 --cpu-load 88 --timeout 60s --quiet,22,5/15/2026,0:29:20,22.2,2.16,281
stress-ng --cpu 8 --cpu-load 88 --timeout 60s --quiet,22,5/15/2026,0:29:21,22.1,2.16,282
stress-ng --cpu 8 --cpu-load 88 --timeout 60s --quiet,22,5/15/2026,0:29:22,22.15,2.16,279
stress-ng --cpu 8 --cpu-load 88 --timeout 60s --quiet,22,5/15/2026,0:29:23,22.19,2.15,278
stress-ng --cpu 8 --cpu-load 88 --timeout 60s --quiet,22,5/15/2026,0:29:24,22.2,2.15,280
stress-ng --cpu 8 --cpu-load 88 --timeout 60s --quiet,22,5/15/2026,0:29:25,22.15,2.15,282
stress-ng --cpu 8 --cpu-load 88 --timeout 60s --quiet,22,5/15/2026,0:29:26,22.16,2.15,277
stress-ng --cpu 8 --cpu-load 88 --timeout 60s --quiet,22,5/15/2026,0:29:27,22.18,2.14,283
stress-ng --cpu 8 --cpu-load 88 --timeout 60s --quiet,22,5/15/2026,0:29:28,22.16,2.14,277
stress-ng --cpu 8 --cpu-load 88 --timeout 60s --quiet,22,5/15/2026,0:29:29,22.12,2.14,276
stress-ng --cpu 8 --cpu-load 88 --timeout 60s --quiet,22,5/15/2026,0:29:30,22.2,2.14,282
stress-ng --cpu 8 --cpu-load 88 --timeout 60s --quiet,22,5/15/2026,0:29:31,22.25,2.14,283
stress-ng --cpu 8 --cpu-load 88 --timeout 60s --quiet,22,5/15/2026,0:29:32,22.08,2.14,290
stress-ng --cpu 8 --cpu-load 88 --timeout 60s --quiet,22,5/15/2026,0:29:33,22.15,2.14,282
stress-ng --cpu 8 --cpu-load 88 --timeout 60s --quiet,22,5/15/2026,0:29:34,22.2,2.14,292
stress-ng --cpu 8 --cpu-load 88 --timeout 60s --quiet,22,5/15/2026,0:29:35,22.25,2.13,283
stress-ng --cpu 8 --cpu-load 88 --timeout 60s --quiet,22,5/15/2026,0:29:36,22.11,2.14,280
stress-ng --cpu 8 --cpu-load 88 --timeout 60s --quiet,22,5/15/2026,0:29:37,22.16,2.14,284
stress-ng --cpu 8 --cpu-load 88 --timeout 60s --quiet,22,5/15/2026,0:29:38,22.12,2.14,286
stress-ng --cpu 8 --cpu-load 88 --timeout 60s --quiet,22,5/15/2026,0:29:39,22.1,2.14,279
stress-ng --cpu 8 --cpu-load 88 --timeout 60s --quiet,22,5/15/2026,0:29:40,22.22,2.14,286
stress-ng --cpu 8 --cpu-load 88 --timeout 60s --quiet,22,5/15/2026,0:29:41,5.17,2.09,281
stress-ng --cpu 8 --cpu-load 88 --timeout 60s --quiet,22,5/15/2026,6:17:28,0.15,2.23,130
stress-ng --cpu 8 --cpu-load 88 --timeout 60s --quiet,22,5/15/2026,6:17:29,11.33,2.29,130
stress-ng --cpu 8 --cpu-load 88 --timeout 60s --quiet,22,5/15/2026,6:17:30,22.24,2.29,254
stress-ng --cpu 8 --cpu-load 88 --timeout 60s --quiet,22,5/15/2026,6:17:31,22.35,2.29,263
stress-ng --cpu 8 --cpu-load 88 --timeout 60s --quiet,22,5/15/2026,6:17:32,22.23,2.28,260
stress-ng --cpu 8 --cpu-load 88 --timeout 60s --quiet,22,5/15/2026,6:17:33,22.06,2.28,266
stress-ng --cpu 8 --cpu-load 88 --timeout 60s --quiet,22,5/15/2026,6:17:34,22.32,2.28,260
stress-ng --cpu 8 --cpu-load 88 --timeout 60s --quiet,22,5/15/2026,6:17:35,22.34,2.27,258
stress-ng --cpu 8 --cpu-load 88 --timeout 60s --quiet,22,5/15/2026,6:17:36,22.32,2.26,265
stress-ng --cpu 8 --cpu-load 88 --timeout 60s --quiet,22,5/15/2026,6:17:37,22.15,2.25,263
stress-ng --cpu 8 --cpu-load 88 --timeout 60s --quiet,22,5/15/2026,6:17:38,22.15,2.25,262
stress-ng --cpu 8 --cpu-load 88 --timeout 60s --quiet,22,5/15/2026,6:17:39,22.22,2.25,264
stress-ng --cpu 8 --cpu-load 88 --timeout 60s --quiet,22,5/15/2026,6:17:40,22.26,2.25,262
stress-ng --cpu 8 --cpu-load 88 --timeout 60s --quiet,22,5/15/2026,6:17:41,22.15,2.23,265
stress-ng --cpu 8 --cpu-load 88 --timeout 60s --quiet,22,5/15/2026,6:17:42,22.26,2.23,260
stress-ng --cpu 8 --cpu-load 88 --timeout 60s --quiet,22,5/15/2026,6:17:43,22.17,2.23,263
stress-ng --cpu 8 --cpu-load 88 --timeout 60s --quiet,22,5/15/2026,6:17:44,22.31,2.22,266
stress-ng --cpu 8 --cpu-load 88 --timeout 60s --quiet,22,5/15/2026,6:17:45,22.18,2.22,264
stress-ng --cpu 8 --cpu-load 88 --timeout 60s --quiet,22,5/15/2026,6:17:46,22.13,2.21,263
stress-ng --cpu 8 --cpu-load 88 --timeout 60s --quiet,22,5/15/2026,6:17:47,22.15,2.21,263
stress-ng --cpu 8 --cpu-load 88 --timeout 60s --quiet,22,5/15/2026,6:17:48,22.16,2.21,269
stress-ng --cpu 8 --cpu-load 88 --timeout 60s --quiet,22,5/15/2026,6:17:49,22.27,2.21,264
stress-ng --cpu 8 --cpu-load 88 --timeout 60s --quiet,22,5/15/2026,6:17:50,22.3,2.22,269
stress-ng --cpu 8 --cpu-load 88 --timeout 60s --quiet,22,5/15/2026,6:17:51,22.15,2.22,273
stress-ng --cpu 8 --cpu-load 88 --timeout 60s --quiet,22,5/15/2026,6:17:52,22.22,2.22,272
stress-ng --cpu 8 --cpu-load 88 --timeout 60s --quiet,22,5/15/2026,6:17:53,22.18,2.21,271
stress-ng --cpu 8 --cpu-load 88 --timeout 60s --quiet,22,5/15/2026,6:17:54,22.26,2.21,275
stress-ng --cpu 8 --cpu-load 88 --timeout 60s --quiet,22,5/15/2026,6:17:55,22.31,2.21,272
stress-ng --cpu 8 --cpu-load 88 --timeout 60s --quiet,22,5/15/2026,6:17:56,22.18,2.21,268
stress-ng --cpu 8 --cpu-load 88 --timeout 60s --quiet,22,5/15/2026,6:17:57,22.18,2.21,265
stress-ng --cpu 8 --cpu-load 88 --timeout 60s --quiet,22,5/15/2026,6:17:58,22.25,2.21,266
stress-ng --cpu 8 --cpu-load 88 --timeout 60s --quiet,22,5/15/2026,6:17:59,22.28,2.21,266
stress-ng --cpu 8 --cpu-load 88 --timeout 60s --quiet,22,5/15/2026,6:18:00,22.37,2.21,264
stress-ng --cpu 8 --cpu-load 88 --timeout 60s --quiet,22,5/15/2026,6:18:01,22.09,2.21,266
stress-ng --cpu 8 --cpu-load 88 --timeout 60s --quiet,22,5/15/2026,6:18:02,22.26,2.2,266
stress-ng --cpu 8 --cpu-load 88 --timeout 60s --quiet,22,5/15/2026,6:18:03,22.34,2.2,266
stress-ng --cpu 8 --cpu-load 88 --timeout 60s --quiet,22,5/15/2026,6:18:04,22.33,2.2,270
stress-ng --cpu 8 --cpu-load 88 --timeout 60s --quiet,22,5/15/2026,6:18:05,22.25,2.2,267
stress-ng --cpu 8 --cpu-load 88 --timeout 60s --quiet,22,5/15/2026,6:18:06,22.22,2.19,269
stress-ng --cpu 8 --cpu-load 88 --timeout 60s --quiet,22,5/15/2026,6:18:07,22.15,2.2,268
stress-ng --cpu 8 --cpu-load 88 --timeout 60s --quiet,22,5/15/2026,6:18:08,22.5,2.2,266
stress-ng --cpu 8 --cpu-load 88 --timeout 60s --quiet,22,5/15/2026,6:18:09,22.17,2.2,267
stress-ng --cpu 8 --cpu-load 88 --timeout 60s --quiet,22,5/15/2026,6:18:10,22.13,2.2,269
stress-ng --cpu 8 --cpu-load 88 --timeout 60s --quiet,22,5/15/2026,6:18:11,22.3,2.2,267
stress-ng --cpu 8 --cpu-load 88 --timeout 60s --quiet,22,5/15/2026,6:18:12,22.25,2.2,269
stress-ng --cpu 8 --cpu-load 88 --timeout 60s --quiet,22,5/15/2026,6:18:13,22.18,2.2,265
stress-ng --cpu 8 --cpu-load 88 --timeout 60s --quiet,22,5/15/2026,6:18:14,22.31,2.2,268
stress-ng --cpu 8 --cpu-load 88 --timeout 60s --quiet,22,5/15/2026,6:18:15,22.245,2.2,265
stress-ng --cpu 8 --cpu-load 88 --timeout 60s --quiet,22,5/15/2026,6:18:16,22.18,2.2,266
stress-ng --cpu 8 --cpu-load 88 --timeout 60s --quiet,22,5/15/2026,6:18:17,22.22,2.21,266
stress-ng --cpu 8 --cpu-load 88 --timeout 60s --quiet,22,5/15/2026,6:18:18,22.3,2.19,265
stress-ng --cpu 8 --cpu-load 88 --timeout 60s --quiet,22,5/15/2026,6:18:19,22.17,2.19,267
stress-ng --cpu 8 --cpu-load 88 --timeout 60s --quiet,22,5/15/2026,6:18:20,22.15,2.19,269
stress-ng --cpu 8 --cpu-load 88 --timeout 60s --quiet,22,5/15/2026,6:18:21,22.4,2.19,268
stress-ng --cpu 8 --cpu-load 88 --timeout 60s --quiet,22,5/15/2026,6:18:22,22.28,2.19,270
stress-ng --cpu 8 --cpu-load 88 --timeout 60s --quiet,22,5/15/2026,6:18:23,22.19,2.19,269
stress-ng --cpu 8 --cpu-load 88 --timeout 60s --quiet,22,5/15/2026,6:18:24,22.19,2.19,270
stress-ng --cpu 8 --cpu-load 88 --timeout 60s --quiet,22,5/15/2026,6:18:25,22.43,2.19,272
stress-ng --cpu 8 --cpu-load 88 --timeout 60s --quiet,22,5/15/2026,6:18:26,22.32,2.19,270
stress-ng --cpu 8 --cpu-load 88 --timeout 60s --quiet,22,5/15/2026,6:18:27,22.09,2.19,269
stress-ng --cpu 8 --cpu-load 88 --timeout 60s --quiet,22,5/15/2026,6:18:28,22.19,2.19,273
stress-ng --cpu 8 --cpu-load 88 --timeout 60s --quiet,22,5/15/2026,16:18:53,20.03,2.25,105
stress-ng --cpu 8 --cpu-load 88 --timeout 60s --quiet,22,5/15/2026,16:18:54,20.03,2.25,264
stress-ng --cpu 8 --cpu-load 88 --timeout 60s --quiet,22,5/15/2026,16:18:55,22.09,2.25,269
stress-ng --cpu 8 --cpu-load 88 --timeout 60s --quiet,22,5/15/2026,16:18:56,22.1,2.25,266
stress-ng --cpu 8 --cpu-load 88 --timeout 60s --quiet,22,5/15/2026,16:18:57,22.27,2.25,263
stress-ng --cpu 8 --cpu-load 88 --timeout 60s --quiet,22,5/15/2026,16:18:58,22.25,2.25,264
stress-ng --cpu 8 --cpu-load 88 --timeout 60s --quiet,22,5/15/2026,16:18:59,22.14,2.25,265
stress-ng --cpu 8 --cpu-load 88 --timeout 60s --quiet,22,5/15/2026,16:19:00,22.39,2.25,266
stress-ng --cpu 8 --cpu-load 88 --timeout 60s --quiet,22,5/15/2026,16:19:01,22.09,2.25,267
stress-ng --cpu 8 --cpu-load 88 --timeout 60s --quiet,22,5/15/2026,16:19:02,22.23,2.24,264
stress-ng --cpu 8 --cpu-load 88 --timeout 60s --quiet,22,5/15/2026,16:19:03,22.09,2.24,264
stress-ng --cpu 8 --cpu-load 88 --timeout 60s --quiet,22,5/15/2026,16:19:04,22.29,2.24,264
stress-ng --cpu 8 --cpu-load 88 --timeout 60s --quiet,22,5/15/2026,16:19:05,22.07,2.23,265
stress-ng --cpu 8 --cpu-load 88 --timeout 60s --quiet,22,5/15/2026,16:19:06,22.24,2.23,271
stress-ng --cpu 8 --cpu-load 88 --timeout 60s --quiet,22,5/15/2026,16:19:07,22.24,2.23,266
stress-ng --cpu 8 --cpu-load 88 --timeout 60s --quiet,22,5/15/2026,16:19:08,22.09,2.23,263
stress-ng --cpu 8 --cpu-load 88 --timeout 60s --quiet,22,5/15/2026,16:19:09,22.25,2.23,267
stress-ng --cpu 8 --cpu-load 88 --timeout 60s --quiet,22,5/15/2026,16:19:10,22.08,2.22,267
stress-ng --cpu 8 --cpu-load 88 --timeout 60s --quiet,22,5/15/2026,16:19:11,22.21,2.22,268
stress-ng --cpu 8 --cpu-load 88 --timeout 60s --quiet,22,5/15/2026,16:19:12,22.26,2.22,267
stress-ng --cpu 8 --cpu-load 88 --timeout 60s --quiet,22,5/15/2026,16:19:13,22.14,2.22,268
stress-ng --cpu 8 --cpu-load 88 --timeout 60s --quiet,22,5/15/2026,16:19:14,22.18,2.22,267
stress-ng --cpu 8 --cpu-load 88 --timeout 60s --quiet,22,5/15/2026,16:19:15,22.24,2.22,259
stress-ng --cpu 8 --cpu-load 88 --timeout 60s --quiet,22,5/15/2026,16:19:16,22.18,2.22,260
stress-ng --cpu 8 --cpu-load 88 --timeout 60s --quiet,22,5/15/2026,16:19:17,22.19,2.22,260
stress-ng --cpu 8 --cpu-load 88 --timeout 60s --quiet,22,5/15/2026,16:19:18,22.33,2.22,259
stress-ng --cpu 8 --cpu-load 88 --timeout 60s --quiet,22,5/15/2026,16:19:19,22.25,2.22,261
stress-ng --cpu 8 --cpu-load 88 --timeout 60s --quiet,22,5/15/2026,16:19:20,22.13,2.22,262
stress-ng --cpu 8 --cpu-load 88 --timeout 60s --quiet,22,5/15/2026,16:19:21,22.21,2.22,264
stress-ng --cpu 8 --cpu-load 88 --timeout 60s --quiet,22,5/15/2026,16:19:22,22.28,2.23,263.6666667
stress-ng --cpu 8 --cpu-load 88 --timeout 60s --quiet,22,5/15/2026,16:19:23,22.21,2.23,263.3333333
stress-ng --cpu 8 --cpu-load 88 --timeout 60s --quiet,22,5/15/2026,16:19:24,22.36,2.23,263
stress-ng --cpu 8 --cpu-load 88 --timeout 60s --quiet,22,5/15/2026,16:19:25,22.12,2.23,268.5
stress-ng --cpu 8 --cpu-load 88 --timeout 60s --quiet,22,5/15/2026,16:19:26,22.15,2.23,274
stress-ng --cpu 8 --cpu-load 88 --timeout 60s --quiet,22,5/15/2026,16:19:27,22.39,2.22,273
stress-ng --cpu 8 --cpu-load 88 --timeout 60s --quiet,22,5/15/2026,16:19:28,22.09,2.22,275
stress-ng --cpu 8 --cpu-load 88 --timeout 60s --quiet,22,5/15/2026,16:19:29,22.12,2.22,275
stress-ng --cpu 8 --cpu-load 88 --timeout 60s --quiet,22,5/15/2026,16:19:30,22.14,2.22,270
stress-ng --cpu 8 --cpu-load 88 --timeout 60s --quiet,22,5/15/2026,16:19:31,22.23,2.22,272
stress-ng --cpu 8 --cpu-load 88 --timeout 60s --quiet,22,5/15/2026,16:19:32,22.22,2.22,277
stress-ng --cpu 8 --cpu-load 88 --timeout 60s --quiet,22,5/15/2026,16:19:33,22.19,2.22,270
stress-ng --cpu 8 --cpu-load 88 --timeout 60s --quiet,22,5/15/2026,16:19:34,22.14,2.21,271
stress-ng --cpu 8 --cpu-load 88 --timeout 60s --quiet,22,5/15/2026,16:19:35,22.22,2.21,276
stress-ng --cpu 8 --cpu-load 88 --timeout 60s --quiet,22,5/15/2026,16:19:36,22.25,2.21,270
stress-ng --cpu 8 --cpu-load 88 --timeout 60s --quiet,22,5/15/2026,16:19:37,22.09,2.21,276
stress-ng --cpu 8 --cpu-load 88 --timeout 60s --quiet,22,5/15/2026,16:19:38,22.19,2.21,269
stress-ng --cpu 8 --cpu-load 88 --timeout 60s --quiet,22,5/15/2026,16:19:39,22.28,2.2,277
stress-ng --cpu 8 --cpu-load 88 --timeout 60s --quiet,22,5/15/2026,16:19:40,22.14,2.19,275
stress-ng --cpu 8 --cpu-load 88 --timeout 60s --quiet,22,5/15/2026,16:19:41,22.17,2.19,270
stress-ng --cpu 8 --cpu-load 88 --timeout 60s --quiet,22,5/15/2026,16:19:42,22.2,2.2,271
stress-ng --cpu 8 --cpu-load 88 --timeout 60s --quiet,22,5/15/2026,16:19:43,22.31,2.2,271
stress-ng --cpu 8 --cpu-load 88 --timeout 60s --quiet,22,5/15/2026,16:19:44,22.2,2.2,277
stress-ng --cpu 8 --cpu-load 88 --timeout 60s --quiet,22,5/15/2026,16:19:45,22.12,2.19,276
stress-ng --cpu 8 --cpu-load 88 --timeout 60s --quiet,22,5/15/2026,16:19:46,22.23,2.19,275
stress-ng --cpu 8 --cpu-load 88 --timeout 60s --quiet,22,5/15/2026,16:19:47,22.23,2.19,277
stress-ng --cpu 8 --cpu-load 88 --timeout 60s --quiet,22,5/15/2026,16:19:48,22.07,2.19,274
stress-ng --cpu 8 --cpu-load 88 --timeout 60s --quiet,22,5/15/2026,16:19:49,22.06,2.19,276
stress-ng --cpu 8 --cpu-load 88 --timeout 60s --quiet,22,5/15/2026,16:19:50,22.27,2.2,278
stress-ng --cpu 8 --cpu-load 88 --timeout 60s --quiet,22,5/15/2026,16:19:51,22.21,2.2,272
stress-ng --cpu 8 --cpu-load 88 --timeout 60s --quiet,22,5/15/2026,16:19:52,22.06,2.2,275
stress-ng --cpu 8 --cpu-load 88 --timeout 60s --quiet,22,5/15/2026,16:19:53,3.35,2.15,278
stress-ng --cpu 8 --cpu-load 92 --timeout 60s --quiet,23,5/14/2026,20:24:07,1.6,2.11,105
stress-ng --cpu 8 --cpu-load 92 --timeout 60s --quiet,23,5/14/2026,20:24:08,21.75,2.22,147
stress-ng --cpu 8 --cpu-load 92 --timeout 60s --quiet,23,5/14/2026,20:24:09,23.22,2.22,189
stress-ng --cpu 8 --cpu-load 92 --timeout 60s --quiet,23,5/14/2026,20:24:10,23.12,2.21,269
stress-ng --cpu 8 --cpu-load 92 --timeout 60s --quiet,23,5/14/2026,20:24:11,23.19,2.21,273
stress-ng --cpu 8 --cpu-load 92 --timeout 60s --quiet,23,5/14/2026,20:24:12,23.29,2.21,267
stress-ng --cpu 8 --cpu-load 92 --timeout 60s --quiet,23,5/14/2026,20:24:13,23.225,2.205,275
stress-ng --cpu 8 --cpu-load 92 --timeout 60s --quiet,23,5/14/2026,20:24:14,23.16,2.2,264
stress-ng --cpu 8 --cpu-load 92 --timeout 60s --quiet,23,5/14/2026,20:24:15,23.32,2.2,261
stress-ng --cpu 8 --cpu-load 92 --timeout 60s --quiet,23,5/14/2026,20:24:16,23.29,2.2,268
stress-ng --cpu 8 --cpu-load 92 --timeout 60s --quiet,23,5/14/2026,20:24:17,23.31,2.2,262
stress-ng --cpu 8 --cpu-load 92 --timeout 60s --quiet,23,5/14/2026,20:24:18,23.32,2.19,265
stress-ng --cpu 8 --cpu-load 92 --timeout 60s --quiet,23,5/14/2026,20:24:19,23.35,2.19,268
stress-ng --cpu 8 --cpu-load 92 --timeout 60s --quiet,23,5/14/2026,20:24:20,23.27,2.19,268
stress-ng --cpu 8 --cpu-load 92 --timeout 60s --quiet,23,5/14/2026,20:24:21,23.21,2.19,278
stress-ng --cpu 8 --cpu-load 92 --timeout 60s --quiet,23,5/14/2026,20:24:22,23.22,2.18,267
stress-ng --cpu 8 --cpu-load 92 --timeout 60s --quiet,23,5/14/2026,20:24:23,23.09,2.18,275
stress-ng --cpu 8 --cpu-load 92 --timeout 60s --quiet,23,5/14/2026,20:24:24,23.17,2.19,272
stress-ng --cpu 8 --cpu-load 92 --timeout 60s --quiet,23,5/14/2026,20:24:25,23.16,2.18,271
stress-ng --cpu 8 --cpu-load 92 --timeout 60s --quiet,23,5/14/2026,20:24:26,23.23,2.18,278
stress-ng --cpu 8 --cpu-load 92 --timeout 60s --quiet,23,5/14/2026,20:24:27,23.22,2.18,279
stress-ng --cpu 8 --cpu-load 92 --timeout 60s --quiet,23,5/14/2026,20:24:28,23.09,2.18,280
stress-ng --cpu 8 --cpu-load 92 --timeout 60s --quiet,23,5/14/2026,20:24:29,23.12,2.17,278.5
stress-ng --cpu 8 --cpu-load 92 --timeout 60s --quiet,23,5/14/2026,20:24:30,23.18,2.17,277
stress-ng --cpu 8 --cpu-load 92 --timeout 60s --quiet,23,5/14/2026,20:24:31,23.2,2.17,279
stress-ng --cpu 8 --cpu-load 92 --timeout 60s --quiet,23,5/14/2026,20:24:32,23.16,2.17,287
stress-ng --cpu 8 --cpu-load 92 --timeout 60s --quiet,23,5/14/2026,20:24:33,23.1,2.16,288
stress-ng --cpu 8 --cpu-load 92 --timeout 60s --quiet,23,5/14/2026,20:24:34,23.19,2.16,282
stress-ng --cpu 8 --cpu-load 92 --timeout 60s --quiet,23,5/14/2026,20:24:35,23.11,2.16,280
stress-ng --cpu 8 --cpu-load 92 --timeout 60s --quiet,23,5/14/2026,20:24:36,23.22,2.16,275
stress-ng --cpu 8 --cpu-load 92 --timeout 60s --quiet,23,5/14/2026,20:24:37,23.15,2.16,282
stress-ng --cpu 8 --cpu-load 92 --timeout 60s --quiet,23,5/14/2026,20:24:38,23.22,2.16,275
stress-ng --cpu 8 --cpu-load 92 --timeout 60s --quiet,23,5/14/2026,20:24:39,23.31,2.16,269
stress-ng --cpu 8 --cpu-load 92 --timeout 60s --quiet,23,5/14/2026,20:24:40,23.39,2.16,269
stress-ng --cpu 8 --cpu-load 92 --timeout 60s --quiet,23,5/14/2026,20:24:41,23.33,2.16,264
stress-ng --cpu 8 --cpu-load 92 --timeout 60s --quiet,23,5/14/2026,20:24:42,23.18,2.16,270
stress-ng --cpu 8 --cpu-load 92 --timeout 60s --quiet,23,5/14/2026,20:24:43,23.36,2.16,264
stress-ng --cpu 8 --cpu-load 92 --timeout 60s --quiet,23,5/14/2026,20:24:44,23.24,2.16,270
stress-ng --cpu 8 --cpu-load 92 --timeout 60s --quiet,23,5/14/2026,20:24:45,23.15,2.15,271
stress-ng --cpu 8 --cpu-load 92 --timeout 60s --quiet,23,5/14/2026,20:24:46,23.25,2.15,267
stress-ng --cpu 8 --cpu-load 92 --timeout 60s --quiet,23,5/14/2026,20:24:47,23.33,2.14,272
stress-ng --cpu 8 --cpu-load 92 --timeout 60s --quiet,23,5/14/2026,20:24:48,23.23,2.14,272
stress-ng --cpu 8 --cpu-load 92 --timeout 60s --quiet,23,5/14/2026,20:24:49,23.28,2.14,272
stress-ng --cpu 8 --cpu-load 92 --timeout 60s --quiet,23,5/14/2026,20:24:50,23.16,2.14,273
stress-ng --cpu 8 --cpu-load 92 --timeout 60s --quiet,23,5/14/2026,20:24:51,23.29,2.14,268
stress-ng --cpu 8 --cpu-load 92 --timeout 60s --quiet,23,5/14/2026,20:24:52,23.22,2.14,272
stress-ng --cpu 8 --cpu-load 92 --timeout 60s --quiet,23,5/14/2026,20:24:53,23.3,2.13,283
stress-ng --cpu 8 --cpu-load 92 --timeout 60s --quiet,23,5/14/2026,20:24:54,23.22,2.14,282
stress-ng --cpu 8 --cpu-load 92 --timeout 60s --quiet,23,5/14/2026,20:24:55,23.1,2.14,281
stress-ng --cpu 8 --cpu-load 92 --timeout 60s --quiet,23,5/14/2026,20:24:56,23.21,2.13,284
stress-ng --cpu 8 --cpu-load 92 --timeout 60s --quiet,23,5/14/2026,20:24:57,23.1,2.13,279
stress-ng --cpu 8 --cpu-load 92 --timeout 60s --quiet,23,5/14/2026,20:24:58,23.24,2.13,279
stress-ng --cpu 8 --cpu-load 92 --timeout 60s --quiet,23,5/14/2026,20:24:59,23.19,2.14,281
stress-ng --cpu 8 --cpu-load 92 --timeout 60s --quiet,23,5/14/2026,20:25:00,23.21,2.14,282
stress-ng --cpu 8 --cpu-load 92 --timeout 60s --quiet,23,5/14/2026,20:25:01,23.21,2.14,283
stress-ng --cpu 8 --cpu-load 92 --timeout 60s --quiet,23,5/14/2026,20:25:02,24.61,2.17,276
stress-ng --cpu 8 --cpu-load 92 --timeout 60s --quiet,23,5/14/2026,20:25:03,26.01,2.17,280
stress-ng --cpu 8 --cpu-load 92 --timeout 60s --quiet,23,5/14/2026,20:25:04,23.2,2.17,277
stress-ng --cpu 8 --cpu-load 92 --timeout 60s --quiet,23,5/14/2026,20:25:05,23.12,2.16,283
stress-ng --cpu 8 --cpu-load 92 --timeout 60s --quiet,23,5/14/2026,20:25:06,23.16,2.15,285
stress-ng --cpu 8 --cpu-load 92 --timeout 60s --quiet,23,5/14/2026,20:25:07,23.19,2.15,286
stress-ng --cpu 8 --cpu-load 92 --timeout 60s --quiet,23,5/14/2026,20:25:08,4.31,2.09,284
stress-ng --cpu 8 --cpu-load 92 --timeout 60s --quiet,23,5/15/2026,13:02:24,0.15,2.1,119
stress-ng --cpu 8 --cpu-load 92 --timeout 60s --quiet,23,5/15/2026,13:02:25,8.13,2.2,125
stress-ng --cpu 8 --cpu-load 92 --timeout 60s --quiet,23,5/15/2026,13:02:26,23.21,2.2,270
stress-ng --cpu 8 --cpu-load 92 --timeout 60s --quiet,23,5/15/2026,13:02:27,23.11,2.2,280
stress-ng --cpu 8 --cpu-load 92 --timeout 60s --quiet,23,5/15/2026,13:02:28,23.23,2.19,269
stress-ng --cpu 8 --cpu-load 92 --timeout 60s --quiet,23,5/15/2026,13:02:29,23.32,2.2,273
stress-ng --cpu 8 --cpu-load 92 --timeout 60s --quiet,23,5/15/2026,13:02:30,23.25,2.19,274
stress-ng --cpu 8 --cpu-load 92 --timeout 60s --quiet,23,5/15/2026,13:02:31,23.2,2.19,273
stress-ng --cpu 8 --cpu-load 92 --timeout 60s --quiet,23,5/15/2026,13:02:32,23.15,2.19,275
stress-ng --cpu 8 --cpu-load 92 --timeout 60s --quiet,23,5/15/2026,13:02:33,23.21,2.18,263
stress-ng --cpu 8 --cpu-load 92 --timeout 60s --quiet,23,5/15/2026,13:02:34,23.14,2.19,276
stress-ng --cpu 8 --cpu-load 92 --timeout 60s --quiet,23,5/15/2026,13:02:35,23.15,2.19,273
stress-ng --cpu 8 --cpu-load 92 --timeout 60s --quiet,23,5/15/2026,13:02:36,23.17,2.19,280
stress-ng --cpu 8 --cpu-load 92 --timeout 60s --quiet,23,5/15/2026,13:02:37,23.23,2.18,279
stress-ng --cpu 8 --cpu-load 92 --timeout 60s --quiet,23,5/15/2026,13:02:38,23.13,2.18,278
stress-ng --cpu 8 --cpu-load 92 --timeout 60s --quiet,23,5/15/2026,13:02:39,23.19,2.18,276
stress-ng --cpu 8 --cpu-load 92 --timeout 60s --quiet,23,5/15/2026,13:02:40,23.36,2.18,275.5
stress-ng --cpu 8 --cpu-load 92 --timeout 60s --quiet,23,5/15/2026,13:02:41,23.17,2.18,275
stress-ng --cpu 8 --cpu-load 92 --timeout 60s --quiet,23,5/15/2026,13:02:42,23.15,2.18,274
stress-ng --cpu 8 --cpu-load 92 --timeout 60s --quiet,23,5/15/2026,13:02:43,23.16,2.18,279
stress-ng --cpu 8 --cpu-load 92 --timeout 60s --quiet,23,5/15/2026,13:02:44,23.1,2.18,279
stress-ng --cpu 8 --cpu-load 92 --timeout 60s --quiet,23,5/15/2026,13:02:45,23.16,2.18,278
stress-ng --cpu 8 --cpu-load 92 --timeout 60s --quiet,23,5/15/2026,13:02:46,23.19,2.18,278
stress-ng --cpu 8 --cpu-load 92 --timeout 60s --quiet,23,5/15/2026,13:02:47,23.17,2.18,277
stress-ng --cpu 8 --cpu-load 92 --timeout 60s --quiet,23,5/15/2026,13:02:48,23.22,2.18,278
stress-ng --cpu 8 --cpu-load 92 --timeout 60s --quiet,23,5/15/2026,13:02:49,23.13,2.19,274
stress-ng --cpu 8 --cpu-load 92 --timeout 60s --quiet,23,5/15/2026,13:02:50,23.24,2.19,277
stress-ng --cpu 8 --cpu-load 92 --timeout 60s --quiet,23,5/15/2026,13:02:51,23.17,2.19,278
stress-ng --cpu 8 --cpu-load 92 --timeout 60s --quiet,23,5/15/2026,13:02:52,23.53,2.2,273
stress-ng --cpu 8 --cpu-load 92 --timeout 60s --quiet,23,5/15/2026,13:02:53,23.16,2.2,275.5
stress-ng --cpu 8 --cpu-load 92 --timeout 60s --quiet,23,5/15/2026,13:02:54,23.17,2.2,278
stress-ng --cpu 8 --cpu-load 92 --timeout 60s --quiet,23,5/15/2026,13:02:55,23.19,2.2,277
stress-ng --cpu 8 --cpu-load 92 --timeout 60s --quiet,23,5/15/2026,13:02:56,23.19,2.2,279
stress-ng --cpu 8 --cpu-load 92 --timeout 60s --quiet,23,5/15/2026,13:02:57,23.14,2.2,274
stress-ng --cpu 8 --cpu-load 92 --timeout 60s --quiet,23,5/15/2026,13:02:58,23.14,2.2,283
stress-ng --cpu 8 --cpu-load 92 --timeout 60s --quiet,23,5/15/2026,13:02:59,23.2,2.2,281
stress-ng --cpu 8 --cpu-load 92 --timeout 60s --quiet,23,5/15/2026,13:03:00,23.27,2.19,279
stress-ng --cpu 8 --cpu-load 92 --timeout 60s --quiet,23,5/15/2026,13:03:01,23.31,2.18,279
stress-ng --cpu 8 --cpu-load 92 --timeout 60s --quiet,23,5/15/2026,13:03:02,23.16,2.18,268
stress-ng --cpu 8 --cpu-load 92 --timeout 60s --quiet,23,5/15/2026,13:03:03,23.35,2.18,270
stress-ng --cpu 8 --cpu-load 92 --timeout 60s --quiet,23,5/15/2026,13:03:04,23.17,2.18,267
stress-ng --cpu 8 --cpu-load 92 --timeout 60s --quiet,23,5/15/2026,13:03:05,23.23,2.18,270
stress-ng --cpu 8 --cpu-load 92 --timeout 60s --quiet,23,5/15/2026,13:03:06,23.24,2.18,271
stress-ng --cpu 8 --cpu-load 92 --timeout 60s --quiet,23,5/15/2026,13:03:07,23.1,2.18,268
stress-ng --cpu 8 --cpu-load 92 --timeout 60s --quiet,23,5/15/2026,13:03:08,23.25,2.18,275
stress-ng --cpu 8 --cpu-load 92 --timeout 60s --quiet,23,5/15/2026,13:03:09,23.27,2.18,276
stress-ng --cpu 8 --cpu-load 92 --timeout 60s --quiet,23,5/15/2026,13:03:10,23.27,2.18,269
stress-ng --cpu 8 --cpu-load 92 --timeout 60s --quiet,23,5/15/2026,13:03:11,23.21,2.18,273
stress-ng --cpu 8 --cpu-load 92 --timeout 60s --quiet,23,5/15/2026,13:03:12,23.53,2.18,272
stress-ng --cpu 8 --cpu-load 92 --timeout 60s --quiet,23,5/15/2026,13:03:13,23.31,2.18,271
stress-ng --cpu 8 --cpu-load 92 --timeout 60s --quiet,23,5/15/2026,13:03:14,23.32,2.18,269
stress-ng --cpu 8 --cpu-load 92 --timeout 60s --quiet,23,5/15/2026,13:03:15,23.19,2.18,276
stress-ng --cpu 8 --cpu-load 92 --timeout 60s --quiet,23,5/15/2026,13:03:16,23.13,2.19,286
stress-ng --cpu 8 --cpu-load 92 --timeout 60s --quiet,23,5/15/2026,13:03:17,23.3,2.19,278
stress-ng --cpu 8 --cpu-load 92 --timeout 60s --quiet,23,5/15/2026,13:03:18,23.29,2.18,271
stress-ng --cpu 8 --cpu-load 92 --timeout 60s --quiet,23,5/15/2026,13:03:19,23.27,2.18,273
stress-ng --cpu 8 --cpu-load 92 --timeout 60s --quiet,23,5/15/2026,13:03:20,23.265,2.18,269
stress-ng --cpu 8 --cpu-load 92 --timeout 60s --quiet,23,5/15/2026,13:03:21,23.26,2.18,275
stress-ng --cpu 8 --cpu-load 92 --timeout 60s --quiet,23,5/15/2026,13:03:22,23.25,2.19,273
stress-ng --cpu 8 --cpu-load 92 --timeout 60s --quiet,23,5/15/2026,13:03:23,23.22,2.19,270
stress-ng --cpu 8 --cpu-load 92 --timeout 60s --quiet,23,5/15/2026,13:03:24,23.3,2.19,274
stress-ng --cpu 8 --cpu-load 92 --timeout 60s --quiet,23,5/15/2026,23:07:49,1.32,2.22,125
stress-ng --cpu 8 --cpu-load 92 --timeout 60s --quiet,23,5/15/2026,23:07:50,23.31,2.23,115
stress-ng --cpu 8 --cpu-load 92 --timeout 60s --quiet,23,5/15/2026,23:07:51,23.33,2.23,259
stress-ng --cpu 8 --cpu-load 92 --timeout 60s --quiet,23,5/15/2026,23:07:52,23.29,2.23,265
stress-ng --cpu 8 --cpu-load 92 --timeout 60s --quiet,23,5/15/2026,23:07:53,23.36,2.22,264
stress-ng --cpu 8 --cpu-load 92 --timeout 60s --quiet,23,5/15/2026,23:07:54,23.18,2.22,257
stress-ng --cpu 8 --cpu-load 92 --timeout 60s --quiet,23,5/15/2026,23:07:55,23.22,2.22,266
stress-ng --cpu 8 --cpu-load 92 --timeout 60s --quiet,23,5/15/2026,23:07:56,23.21,2.22,265
stress-ng --cpu 8 --cpu-load 92 --timeout 60s --quiet,23,5/15/2026,23:07:57,23.28,2.22,267
stress-ng --cpu 8 --cpu-load 92 --timeout 60s --quiet,23,5/15/2026,23:07:58,23.22,2.21,266
stress-ng --cpu 8 --cpu-load 92 --timeout 60s --quiet,23,5/15/2026,23:07:59,23.24,2.21,264
stress-ng --cpu 8 --cpu-load 92 --timeout 60s --quiet,23,5/15/2026,23:08:00,23.47,2.21,266
stress-ng --cpu 8 --cpu-load 92 --timeout 60s --quiet,23,5/15/2026,23:08:01,23.37,2.21,267
stress-ng --cpu 8 --cpu-load 92 --timeout 60s --quiet,23,5/15/2026,23:08:02,23.36,2.21,267
stress-ng --cpu 8 --cpu-load 92 --timeout 60s --quiet,23,5/15/2026,23:08:03,23.39,2.21,269
stress-ng --cpu 8 --cpu-load 92 --timeout 60s --quiet,23,5/15/2026,23:08:04,23.17,2.21,269
stress-ng --cpu 8 --cpu-load 92 --timeout 60s --quiet,23,5/15/2026,23:08:05,23.18,2.2,276
stress-ng --cpu 8 --cpu-load 92 --timeout 60s --quiet,23,5/15/2026,23:08:06,23.12,2.21,277
stress-ng --cpu 8 --cpu-load 92 --timeout 60s --quiet,23,5/15/2026,23:08:07,23.16,2.21,278
stress-ng --cpu 8 --cpu-load 92 --timeout 60s --quiet,23,5/15/2026,23:08:08,23.19,2.21,281
stress-ng --cpu 8 --cpu-load 92 --timeout 60s --quiet,23,5/15/2026,23:08:09,23.18,2.21,276
stress-ng --cpu 8 --cpu-load 92 --timeout 60s --quiet,23,5/15/2026,23:08:10,23.25,2.21,276
stress-ng --cpu 8 --cpu-load 92 --timeout 60s --quiet,23,5/15/2026,23:08:11,23.18,2.21,279
stress-ng --cpu 8 --cpu-load 92 --timeout 60s --quiet,23,5/15/2026,23:08:12,23.22,2.21,277
stress-ng --cpu 8 --cpu-load 92 --timeout 60s --quiet,23,5/15/2026,23:08:13,23.17,2.2,280
stress-ng --cpu 8 --cpu-load 92 --timeout 60s --quiet,23,5/15/2026,23:08:14,23.36,2.2,277
stress-ng --cpu 8 --cpu-load 92 --timeout 60s --quiet,23,5/15/2026,23:08:15,23.22,2.2,269
stress-ng --cpu 8 --cpu-load 92 --timeout 60s --quiet,23,5/15/2026,23:08:16,23.17,2.2,270
stress-ng --cpu 8 --cpu-load 92 --timeout 60s --quiet,23,5/15/2026,23:08:17,23.18,2.195,278
stress-ng --cpu 8 --cpu-load 92 --timeout 60s --quiet,23,5/15/2026,23:08:18,23.19,2.19,281
stress-ng --cpu 8 --cpu-load 92 --timeout 60s --quiet,23,5/15/2026,23:08:19,23.18,2.19,283
stress-ng --cpu 8 --cpu-load 92 --timeout 60s --quiet,23,5/15/2026,23:08:20,23.18,2.19,282
stress-ng --cpu 8 --cpu-load 92 --timeout 60s --quiet,23,5/15/2026,23:08:21,23.17,2.19,284
stress-ng --cpu 8 --cpu-load 92 --timeout 60s --quiet,23,5/15/2026,23:08:22,23.17,2.19,282
stress-ng --cpu 8 --cpu-load 92 --timeout 60s --quiet,23,5/15/2026,23:08:23,23.13,2.18,283
stress-ng --cpu 8 --cpu-load 92 --timeout 60s --quiet,23,5/15/2026,23:08:24,23.22,2.19,272
stress-ng --cpu 8 --cpu-load 92 --timeout 60s --quiet,23,5/15/2026,23:08:25,23.2,2.19,271
stress-ng --cpu 8 --cpu-load 92 --timeout 60s --quiet,23,5/15/2026,23:08:26,23.3,2.19,275
stress-ng --cpu 8 --cpu-load 92 --timeout 60s --quiet,23,5/15/2026,23:08:27,23.22,2.19,272
stress-ng --cpu 8 --cpu-load 92 --timeout 60s --quiet,23,5/15/2026,23:08:28,23.29,2.19,272
stress-ng --cpu 8 --cpu-load 92 --timeout 60s --quiet,23,5/15/2026,23:08:29,23.34,2.19,273.5
stress-ng --cpu 8 --cpu-load 92 --timeout 60s --quiet,23,5/15/2026,23:08:30,23.17,2.19,275
stress-ng --cpu 8 --cpu-load 92 --timeout 60s --quiet,23,5/15/2026,23:08:31,23.31,2.19,272
stress-ng --cpu 8 --cpu-load 92 --timeout 60s --quiet,23,5/15/2026,23:08:32,23.39,2.18,274
stress-ng --cpu 8 --cpu-load 92 --timeout 60s --quiet,23,5/15/2026,23:08:33,23.26,2.19,273
stress-ng --cpu 8 --cpu-load 92 --timeout 60s --quiet,23,5/15/2026,23:08:34,23.37,2.19,271
stress-ng --cpu 8 --cpu-load 92 --timeout 60s --quiet,23,5/15/2026,23:08:35,23.44,2.19,276
stress-ng --cpu 8 --cpu-load 92 --timeout 60s --quiet,23,5/15/2026,23:08:36,23.36,2.18,276
stress-ng --cpu 8 --cpu-load 92 --timeout 60s --quiet,23,5/15/2026,23:08:37,23.36,2.18,276
stress-ng --cpu 8 --cpu-load 92 --timeout 60s --quiet,23,5/15/2026,23:08:38,23.36,2.18,272
stress-ng --cpu 8 --cpu-load 92 --timeout 60s --quiet,23,5/15/2026,23:08:39,23.27,2.19,276
stress-ng --cpu 8 --cpu-load 92 --timeout 60s --quiet,23,5/15/2026,23:08:40,23.37,2.19,276.5
stress-ng --cpu 8 --cpu-load 92 --timeout 60s --quiet,23,5/15/2026,23:08:41,23.43,2.2,277
stress-ng --cpu 8 --cpu-load 92 --timeout 60s --quiet,23,5/15/2026,23:08:42,23.34,2.21,276
stress-ng --cpu 8 --cpu-load 92 --timeout 60s --quiet,23,5/15/2026,23:08:43,23.23,2.21,276
stress-ng --cpu 8 --cpu-load 92 --timeout 60s --quiet,23,5/15/2026,23:08:44,23.26,2.21,278
stress-ng --cpu 8 --cpu-load 92 --timeout 60s --quiet,23,5/15/2026,23:08:45,23.22,2.21,276
stress-ng --cpu 8 --cpu-load 92 --timeout 60s --quiet,23,5/15/2026,23:08:46,23.19,2.2,276
stress-ng --cpu 8 --cpu-load 92 --timeout 60s --quiet,23,5/15/2026,23:08:47,23.74,2.2,274
stress-ng --cpu 8 --cpu-load 92 --timeout 60s --quiet,23,5/15/2026,23:08:48,23.2,2.2,273
stress-ng --cpu 8 --cpu-load 92 --timeout 60s --quiet,23,5/15/2026,23:08:49,22.84,2.16,289
stress-ng --cpu 8 --cpu-load 96 --timeout 60s --quiet,24,5/14/2026,21:48:20,0.22,2.1,124
stress-ng --cpu 8 --cpu-load 96 --timeout 60s --quiet,24,5/14/2026,21:48:21,10.72,2.18,264
stress-ng --cpu 8 --cpu-load 96 --timeout 60s --quiet,24,5/14/2026,21:48:22,24.26,2.19,266
stress-ng --cpu 8 --cpu-load 96 --timeout 60s --quiet,24,5/14/2026,21:48:23,24.25,2.18,265
stress-ng --cpu 8 --cpu-load 96 --timeout 60s --quiet,24,5/14/2026,21:48:24,24.19,2.18,264
stress-ng --cpu 8 --cpu-load 96 --timeout 60s --quiet,24,5/14/2026,21:48:25,24.22,2.18,265
stress-ng --cpu 8 --cpu-load 96 --timeout 60s --quiet,24,5/14/2026,21:48:26,24.36,2.17,260
stress-ng --cpu 8 --cpu-load 96 --timeout 60s --quiet,24,5/14/2026,21:48:27,24.31,2.18,261
stress-ng --cpu 8 --cpu-load 96 --timeout 60s --quiet,24,5/14/2026,21:48:28,24.25,2.18,261
stress-ng --cpu 8 --cpu-load 96 --timeout 60s --quiet,24,5/14/2026,21:48:29,24.48,2.17,262
stress-ng --cpu 8 --cpu-load 96 --timeout 60s --quiet,24,5/14/2026,21:48:30,24.27,2.17,263
stress-ng --cpu 8 --cpu-load 96 --timeout 60s --quiet,24,5/14/2026,21:48:31,24.37,2.18,263
stress-ng --cpu 8 --cpu-load 96 --timeout 60s --quiet,24,5/14/2026,21:48:32,24.22,2.18,269
stress-ng --cpu 8 --cpu-load 96 --timeout 60s --quiet,24,5/14/2026,21:48:33,24.32,2.17,264
stress-ng --cpu 8 --cpu-load 96 --timeout 60s --quiet,24,5/14/2026,21:48:34,24.24,2.17,263
stress-ng --cpu 8 --cpu-load 96 --timeout 60s --quiet,24,5/14/2026,21:48:35,24.32,2.17,264
stress-ng --cpu 8 --cpu-load 96 --timeout 60s --quiet,24,5/14/2026,21:48:36,24.18,2.17,262
stress-ng --cpu 8 --cpu-load 96 --timeout 60s --quiet,24,5/14/2026,21:48:37,24.25,2.17,262
stress-ng --cpu 8 --cpu-load 96 --timeout 60s --quiet,24,5/14/2026,21:48:38,24.2,2.17,263
stress-ng --cpu 8 --cpu-load 96 --timeout 60s --quiet,24,5/14/2026,21:48:39,24.48,2.17,263
stress-ng --cpu 8 --cpu-load 96 --timeout 60s --quiet,24,5/14/2026,21:48:40,24.32,2.17,265
stress-ng --cpu 8 --cpu-load 96 --timeout 60s --quiet,24,5/14/2026,21:48:41,24.27,2.16,265
stress-ng --cpu 8 --cpu-load 96 --timeout 60s --quiet,24,5/14/2026,21:48:42,24.37,2.17,264
stress-ng --cpu 8 --cpu-load 96 --timeout 60s --quiet,24,5/14/2026,21:48:43,24.39,2.18,266
stress-ng --cpu 8 --cpu-load 96 --timeout 60s --quiet,24,5/14/2026,21:48:44,24.36,2.18,268
stress-ng --cpu 8 --cpu-load 96 --timeout 60s --quiet,24,5/14/2026,21:48:45,24.37,2.18,268
stress-ng --cpu 8 --cpu-load 96 --timeout 60s --quiet,24,5/14/2026,21:48:46,24.33,2.18,265
stress-ng --cpu 8 --cpu-load 96 --timeout 60s --quiet,24,5/14/2026,21:48:47,24.39,2.18,266
stress-ng --cpu 8 --cpu-load 96 --timeout 60s --quiet,24,5/14/2026,21:48:48,24.17,2.17,265
stress-ng --cpu 8 --cpu-load 96 --timeout 60s --quiet,24,5/14/2026,21:48:49,24.3,2.16,267
stress-ng --cpu 8 --cpu-load 96 --timeout 60s --quiet,24,5/14/2026,21:48:50,24.19,2.16,268
stress-ng --cpu 8 --cpu-load 96 --timeout 60s --quiet,24,5/14/2026,21:48:51,24.31,2.17,266
stress-ng --cpu 8 --cpu-load 96 --timeout 60s --quiet,24,5/14/2026,21:48:52,24.27,2.17,272
stress-ng --cpu 8 --cpu-load 96 --timeout 60s --quiet,24,5/14/2026,21:48:53,24.25,2.17,268
stress-ng --cpu 8 --cpu-load 96 --timeout 60s --quiet,24,5/14/2026,21:48:54,24.29,2.17,272
stress-ng --cpu 8 --cpu-load 96 --timeout 60s --quiet,24,5/14/2026,21:48:55,24.27,2.17,270
stress-ng --cpu 8 --cpu-load 96 --timeout 60s --quiet,24,5/14/2026,21:48:56,24.25,2.165,270
stress-ng --cpu 8 --cpu-load 96 --timeout 60s --quiet,24,5/14/2026,21:48:57,24.23,2.16,271
stress-ng --cpu 8 --cpu-load 96 --timeout 60s --quiet,24,5/14/2026,21:48:58,24.52,2.17,269
stress-ng --cpu 8 --cpu-load 96 --timeout 60s --quiet,24,5/14/2026,21:48:59,24.33,2.17,268
stress-ng --cpu 8 --cpu-load 96 --timeout 60s --quiet,24,5/14/2026,21:49:00,24.29,2.16,271
stress-ng --cpu 8 --cpu-load 96 --timeout 60s --quiet,24,5/14/2026,21:49:01,24.23,2.16,268
stress-ng --cpu 8 --cpu-load 96 --timeout 60s --quiet,24,5/14/2026,21:49:02,24.22,2.16,270
stress-ng --cpu 8 --cpu-load 96 --timeout 60s --quiet,24,5/14/2026,21:49:03,24.33,2.16,270
stress-ng --cpu 8 --cpu-load 96 --timeout 60s --quiet,24,5/14/2026,21:49:04,24.4,2.16,270
stress-ng --cpu 8 --cpu-load 96 --timeout 60s --quiet,24,5/14/2026,21:49:05,24.26,2.16,270
stress-ng --cpu 8 --cpu-load 96 --timeout 60s --quiet,24,5/14/2026,21:49:06,24.48,2.17,270
stress-ng --cpu 8 --cpu-load 96 --timeout 60s --quiet,24,5/14/2026,21:49:07,24.32,2.17,267
stress-ng --cpu 8 --cpu-load 96 --timeout 60s --quiet,24,5/14/2026,21:49:08,24.31,2.17,270
stress-ng --cpu 8 --cpu-load 96 --timeout 60s --quiet,24,5/14/2026,21:49:09,24.37,2.17,272
stress-ng --cpu 8 --cpu-load 96 --timeout 60s --quiet,24,5/14/2026,21:49:10,24.29,2.17,271
stress-ng --cpu 8 --cpu-load 96 --timeout 60s --quiet,24,5/14/2026,21:49:11,24.24,2.17,271
stress-ng --cpu 8 --cpu-load 96 --timeout 60s --quiet,24,5/14/2026,21:49:12,24.36,2.17,272
stress-ng --cpu 8 --cpu-load 96 --timeout 60s --quiet,24,5/14/2026,21:49:13,24.22,2.17,273
stress-ng --cpu 8 --cpu-load 96 --timeout 60s --quiet,24,5/14/2026,21:49:14,24.29,2.16,273
stress-ng --cpu 8 --cpu-load 96 --timeout 60s --quiet,24,5/14/2026,21:49:15,24.24,2.15,274
stress-ng --cpu 8 --cpu-load 96 --timeout 60s --quiet,24,5/14/2026,21:49:16,24.34,2.15,277
stress-ng --cpu 8 --cpu-load 96 --timeout 60s --quiet,24,5/14/2026,21:49:17,24.2,2.15,271
stress-ng --cpu 8 --cpu-load 96 --timeout 60s --quiet,24,5/14/2026,21:49:18,24.29,2.15,276
stress-ng --cpu 8 --cpu-load 96 --timeout 60s --quiet,24,5/14/2026,21:49:19,24.16,2.15,274
stress-ng --cpu 8 --cpu-load 96 --timeout 60s --quiet,24,5/14/2026,21:49:20,24.3,2.15,273
stress-ng --cpu 8 --cpu-load 96 --timeout 60s --quiet,24,5/14/2026,21:49:21,14.12,2.1,277
stress-ng --cpu 8 --cpu-load 96 --timeout 60s --quiet,24,5/15/2026,9:35:55,0.09,2.12,144
stress-ng --cpu 8 --cpu-load 96 --timeout 60s --quiet,24,5/15/2026,9:35:56,14.95,2.21,123
stress-ng --cpu 8 --cpu-load 96 --timeout 60s --quiet,24,5/15/2026,9:35:57,24.24,2.21,260
stress-ng --cpu 8 --cpu-load 96 --timeout 60s --quiet,24,5/15/2026,9:35:58,24.23,2.21,261
stress-ng --cpu 8 --cpu-load 96 --timeout 60s --quiet,24,5/15/2026,9:35:59,24.18,2.2,262
stress-ng --cpu 8 --cpu-load 96 --timeout 60s --quiet,24,5/15/2026,9:36:00,24.22,2.19,259
stress-ng --cpu 8 --cpu-load 96 --timeout 60s --quiet,24,5/15/2026,9:36:01,24.16,2.19,263
stress-ng --cpu 8 --cpu-load 96 --timeout 60s --quiet,24,5/15/2026,9:36:02,24.16,2.19,263
stress-ng --cpu 8 --cpu-load 96 --timeout 60s --quiet,24,5/15/2026,9:36:03,24.31,2.18,271
stress-ng --cpu 8 --cpu-load 96 --timeout 60s --quiet,24,5/15/2026,9:36:04,24.18,2.18,274
stress-ng --cpu 8 --cpu-load 96 --timeout 60s --quiet,24,5/15/2026,9:36:05,24.16,2.17,270
stress-ng --cpu 8 --cpu-load 96 --timeout 60s --quiet,24,5/15/2026,9:36:06,24.27,2.18,261
stress-ng --cpu 8 --cpu-load 96 --timeout 60s --quiet,24,5/15/2026,9:36:07,24.36,2.18,261
stress-ng --cpu 8 --cpu-load 96 --timeout 60s --quiet,24,5/15/2026,9:36:08,24.25,2.18,261
stress-ng --cpu 8 --cpu-load 96 --timeout 60s --quiet,24,5/15/2026,9:36:09,24.24,2.18,263
stress-ng --cpu 8 --cpu-load 96 --timeout 60s --quiet,24,5/15/2026,9:36:10,24.2,2.18,261
stress-ng --cpu 8 --cpu-load 96 --timeout 60s --quiet,24,5/15/2026,9:36:11,24.23,2.18,279
stress-ng --cpu 8 --cpu-load 96 --timeout 60s --quiet,24,5/15/2026,9:36:12,24.18,2.18,272
stress-ng --cpu 8 --cpu-load 96 --timeout 60s --quiet,24,5/15/2026,9:36:13,24.19,2.18,279
stress-ng --cpu 8 --cpu-load 96 --timeout 60s --quiet,24,5/15/2026,9:36:14,24.18,2.17,270
stress-ng --cpu 8 --cpu-load 96 --timeout 60s --quiet,24,5/15/2026,9:36:15,24.21,2.18,277
stress-ng --cpu 8 --cpu-load 96 --timeout 60s --quiet,24,5/15/2026,9:36:16,24.25,2.18,274
stress-ng --cpu 8 --cpu-load 96 --timeout 60s --quiet,24,5/15/2026,9:36:17,24.32,2.19,265
stress-ng --cpu 8 --cpu-load 96 --timeout 60s --quiet,24,5/15/2026,9:36:18,24.21,2.19,265
stress-ng --cpu 8 --cpu-load 96 --timeout 60s --quiet,24,5/15/2026,9:36:19,24.21,2.19,272
stress-ng --cpu 8 --cpu-load 96 --timeout 60s --quiet,24,5/15/2026,9:36:20,24.21,2.19,276
stress-ng --cpu 8 --cpu-load 96 --timeout 60s --quiet,24,5/15/2026,9:36:21,24.16,2.19,280
stress-ng --cpu 8 --cpu-load 96 --timeout 60s --quiet,24,5/15/2026,9:36:22,24.13,2.18,281
stress-ng --cpu 8 --cpu-load 96 --timeout 60s --quiet,24,5/15/2026,9:36:23,24.16,2.18,279
stress-ng --cpu 8 --cpu-load 96 --timeout 60s --quiet,24,5/15/2026,9:36:24,24.22,2.18,278
stress-ng --cpu 8 --cpu-load 96 --timeout 60s --quiet,24,5/15/2026,9:36:25,24.15,2.18,280
stress-ng --cpu 8 --cpu-load 96 --timeout 60s --quiet,24,5/15/2026,9:36:26,24.16,2.18,273
stress-ng --cpu 8 --cpu-load 96 --timeout 60s --quiet,24,5/15/2026,9:36:27,24.18,2.17,276
stress-ng --cpu 8 --cpu-load 96 --timeout 60s --quiet,24,5/15/2026,9:36:28,24.21,2.17,272
stress-ng --cpu 8 --cpu-load 96 --timeout 60s --quiet,24,5/15/2026,9:36:29,24.26,2.15,274
stress-ng --cpu 8 --cpu-load 96 --timeout 60s --quiet,24,5/15/2026,9:36:30,24.15,2.15,284
stress-ng --cpu 8 --cpu-load 96 --timeout 60s --quiet,24,5/15/2026,9:36:31,24.2,2.16,284
stress-ng --cpu 8 --cpu-load 96 --timeout 60s --quiet,24,5/15/2026,9:36:32,24.13,2.15,284
stress-ng --cpu 8 --cpu-load 96 --timeout 60s --quiet,24,5/15/2026,9:36:33,24.16,2.15,282
stress-ng --cpu 8 --cpu-load 96 --timeout 60s --quiet,24,5/15/2026,9:36:34,24.17,2.16,282
stress-ng --cpu 8 --cpu-load 96 --timeout 60s --quiet,24,5/15/2026,9:36:35,24.17,2.15,281
stress-ng --cpu 8 --cpu-load 96 --timeout 60s --quiet,24,5/15/2026,9:36:36,24.18,2.16,279
stress-ng --cpu 8 --cpu-load 96 --timeout 60s --quiet,24,5/15/2026,9:36:37,24.18,2.15,280
stress-ng --cpu 8 --cpu-load 96 --timeout 60s --quiet,24,5/15/2026,9:36:38,24.29,2.15,271
stress-ng --cpu 8 --cpu-load 96 --timeout 60s --quiet,24,5/15/2026,9:36:39,24.33,2.16,270
stress-ng --cpu 8 --cpu-load 96 --timeout 60s --quiet,24,5/15/2026,9:36:40,24.15,2.16,281
stress-ng --cpu 8 --cpu-load 96 --timeout 60s --quiet,24,5/15/2026,9:36:41,24.2,2.16,278
stress-ng --cpu 8 --cpu-load 96 --timeout 60s --quiet,24,5/15/2026,9:36:42,24.17,2.16,280
stress-ng --cpu 8 --cpu-load 96 --timeout 60s --quiet,24,5/15/2026,9:36:43,24.15,2.16,281
stress-ng --cpu 8 --cpu-load 96 --timeout 60s --quiet,24,5/15/2026,9:36:44,24.21,2.16,284
stress-ng --cpu 8 --cpu-load 96 --timeout 60s --quiet,24,5/15/2026,9:36:45,24.2,2.16,269
stress-ng --cpu 8 --cpu-load 96 --timeout 60s --quiet,24,5/15/2026,9:36:46,24.22,2.16,272
stress-ng --cpu 8 --cpu-load 96 --timeout 60s --quiet,24,5/15/2026,9:36:47,24.18,2.16,271.5
stress-ng --cpu 8 --cpu-load 96 --timeout 60s --quiet,24,5/15/2026,9:36:48,24.23,2.16,271
stress-ng --cpu 8 --cpu-load 96 --timeout 60s --quiet,24,5/15/2026,9:36:49,24.23,2.16,275
stress-ng --cpu 8 --cpu-load 96 --timeout 60s --quiet,24,5/15/2026,9:36:50,24.18,2.16,276
stress-ng --cpu 8 --cpu-load 96 --timeout 60s --quiet,24,5/15/2026,9:36:51,24.16,2.16,271
stress-ng --cpu 8 --cpu-load 96 --timeout 60s --quiet,24,5/15/2026,9:36:52,24.22,2.16,270
stress-ng --cpu 8 --cpu-load 96 --timeout 60s --quiet,24,5/15/2026,9:36:53,24.32,2.16,272
stress-ng --cpu 8 --cpu-load 96 --timeout 60s --quiet,24,5/15/2026,9:36:54,24.18,2.16,273
stress-ng --cpu 8 --cpu-load 96 --timeout 60s --quiet,24,5/15/2026,9:36:55,24.22,2.16,274
stress-ng --cpu 8 --cpu-load 96 --timeout 60s --quiet,24,5/15/2026,9:36:56,10.04,2.12,271
stress-ng --cpu 8 --cpu-load 96 --timeout 60s --quiet,24,5/15/2026,14:06:33,3.33,2.27,130
stress-ng --cpu 8 --cpu-load 96 --timeout 60s --quiet,24,5/15/2026,14:06:34,24.26,2.27,127
stress-ng --cpu 8 --cpu-load 96 --timeout 60s --quiet,24,5/15/2026,14:06:35,24.21,2.27,250
stress-ng --cpu 8 --cpu-load 96 --timeout 60s --quiet,24,5/15/2026,14:06:36,24.25,2.27,252
stress-ng --cpu 8 --cpu-load 96 --timeout 60s --quiet,24,5/15/2026,14:06:37,24.25,2.27,250
stress-ng --cpu 8 --cpu-load 96 --timeout 60s --quiet,24,5/15/2026,14:06:38,24.61,2.27,253
stress-ng --cpu 8 --cpu-load 96 --timeout 60s --quiet,24,5/15/2026,14:06:39,24.25,2.27,253
stress-ng --cpu 8 --cpu-load 96 --timeout 60s --quiet,24,5/15/2026,14:06:40,24.19,2.27,262
stress-ng --cpu 8 --cpu-load 96 --timeout 60s --quiet,24,5/15/2026,14:06:41,24.15,2.27,269
stress-ng --cpu 8 --cpu-load 96 --timeout 60s --quiet,24,5/15/2026,14:06:42,24.15,2.27,269
stress-ng --cpu 8 --cpu-load 96 --timeout 60s --quiet,24,5/15/2026,14:06:43,24.11,2.26,263
stress-ng --cpu 8 --cpu-load 96 --timeout 60s --quiet,24,5/15/2026,14:06:44,24.22,2.26,269
stress-ng --cpu 8 --cpu-load 96 --timeout 60s --quiet,24,5/15/2026,14:06:45,24.15,2.26,260
stress-ng --cpu 8 --cpu-load 96 --timeout 60s --quiet,24,5/15/2026,14:06:46,24.19,2.26,266
stress-ng --cpu 8 --cpu-load 96 --timeout 60s --quiet,24,5/15/2026,14:06:47,24.22,2.26,269
stress-ng --cpu 8 --cpu-load 96 --timeout 60s --quiet,24,5/15/2026,14:06:48,24.12,2.26,262
stress-ng --cpu 8 --cpu-load 96 --timeout 60s --quiet,24,5/15/2026,14:06:49,24.15,2.25,271
stress-ng --cpu 8 --cpu-load 96 --timeout 60s --quiet,24,5/15/2026,14:06:50,24.23,2.25,260
stress-ng --cpu 8 --cpu-load 96 --timeout 60s --quiet,24,5/15/2026,14:06:51,24.31,2.25,258
stress-ng --cpu 8 --cpu-load 96 --timeout 60s --quiet,24,5/15/2026,14:06:52,24.15,2.25,256
stress-ng --cpu 8 --cpu-load 96 --timeout 60s --quiet,24,5/15/2026,14:06:53,24.19,2.25,259
stress-ng --cpu 8 --cpu-load 96 --timeout 60s --quiet,24,5/15/2026,14:06:54,24.17,2.26,263
stress-ng --cpu 8 --cpu-load 96 --timeout 60s --quiet,24,5/15/2026,14:06:55,24.19,2.26,270
stress-ng --cpu 8 --cpu-load 96 --timeout 60s --quiet,24,5/15/2026,14:06:56,24.21,2.24,267
stress-ng --cpu 8 --cpu-load 96 --timeout 60s --quiet,24,5/15/2026,14:06:57,24.15,2.25,268
stress-ng --cpu 8 --cpu-load 96 --timeout 60s --quiet,24,5/15/2026,14:06:58,24.25,2.23,268
stress-ng --cpu 8 --cpu-load 96 --timeout 60s --quiet,24,5/15/2026,14:06:59,24.15,2.23,268
stress-ng --cpu 8 --cpu-load 96 --timeout 60s --quiet,24,5/15/2026,14:07:00,24.17,2.22,268
stress-ng --cpu 8 --cpu-load 96 --timeout 60s --quiet,24,5/15/2026,14:07:01,24.38,2.23,258
stress-ng --cpu 8 --cpu-load 96 --timeout 60s --quiet,24,5/15/2026,14:07:02,24.22,2.23,257
stress-ng --cpu 8 --cpu-load 96 --timeout 60s --quiet,24,5/15/2026,14:07:03,24.38,2.23,259
stress-ng --cpu 8 --cpu-load 96 --timeout 60s --quiet,24,5/15/2026,14:07:04,24.25,2.22,261
stress-ng --cpu 8 --cpu-load 96 --timeout 60s --quiet,24,5/15/2026,14:07:05,24.31,2.22,258
stress-ng --cpu 8 --cpu-load 96 --timeout 60s --quiet,24,5/15/2026,14:07:06,24.315,2.22,260
stress-ng --cpu 8 --cpu-load 96 --timeout 60s --quiet,24,5/15/2026,14:07:07,24.32,2.22,261
stress-ng --cpu 8 --cpu-load 96 --timeout 60s --quiet,24,5/15/2026,14:07:08,24.39,2.22,260
stress-ng --cpu 8 --cpu-load 96 --timeout 60s --quiet,24,5/15/2026,14:07:09,24.25,2.23,261
stress-ng --cpu 8 --cpu-load 96 --timeout 60s --quiet,24,5/15/2026,14:07:10,24.34,2.23,261
stress-ng --cpu 8 --cpu-load 96 --timeout 60s --quiet,24,5/15/2026,14:07:11,24.38,2.23,263
stress-ng --cpu 8 --cpu-load 96 --timeout 60s --quiet,24,5/15/2026,14:07:12,24.28,2.23,260
stress-ng --cpu 8 --cpu-load 96 --timeout 60s --quiet,24,5/15/2026,14:07:13,24.22,2.23,260
stress-ng --cpu 8 --cpu-load 96 --timeout 60s --quiet,24,5/15/2026,14:07:14,24.2,2.23,276
stress-ng --cpu 8 --cpu-load 96 --timeout 60s --quiet,24,5/15/2026,14:07:15,24.19,2.23,270
stress-ng --cpu 8 --cpu-load 96 --timeout 60s --quiet,24,5/15/2026,14:07:16,24.15,2.23,277
stress-ng --cpu 8 --cpu-load 96 --timeout 60s --quiet,24,5/15/2026,14:07:17,24.18,2.22,274
stress-ng --cpu 8 --cpu-load 96 --timeout 60s --quiet,24,5/15/2026,14:07:18,24.2,2.23,273
stress-ng --cpu 8 --cpu-load 96 --timeout 60s --quiet,24,5/15/2026,14:07:19,24.28,2.22,263
stress-ng --cpu 8 --cpu-load 96 --timeout 60s --quiet,24,5/15/2026,14:07:20,24.32,2.22,262.5
stress-ng --cpu 8 --cpu-load 96 --timeout 60s --quiet,24,5/15/2026,14:07:21,24.2,2.22,262
stress-ng --cpu 8 --cpu-load 96 --timeout 60s --quiet,24,5/15/2026,14:07:22,24.22,2.22,263
stress-ng --cpu 8 --cpu-load 96 --timeout 60s --quiet,24,5/15/2026,14:07:23,24.35,2.22,263
stress-ng --cpu 8 --cpu-load 96 --timeout 60s --quiet,24,5/15/2026,14:07:24,24.22,2.22,262
stress-ng --cpu 8 --cpu-load 96 --timeout 60s --quiet,24,5/15/2026,14:07:25,24.26,2.22,260
stress-ng --cpu 8 --cpu-load 96 --timeout 60s --quiet,24,5/15/2026,14:07:26,24.28,2.22,262
stress-ng --cpu 8 --cpu-load 96 --timeout 60s --quiet,24,5/15/2026,14:07:27,24.25,2.22,262
stress-ng --cpu 8 --cpu-load 96 --timeout 60s --quiet,24,5/15/2026,14:07:28,24.25,2.22,263
stress-ng --cpu 8 --cpu-load 96 --timeout 60s --quiet,24,5/15/2026,14:07:29,24.21,2.22,264
stress-ng --cpu 8 --cpu-load 96 --timeout 60s --quiet,24,5/15/2026,14:07:30,24.33,2.22,266
stress-ng --cpu 8 --cpu-load 96 --timeout 60s --quiet,24,5/15/2026,14:07:31,24.24,2.22,262
stress-ng --cpu 8 --cpu-load 96 --timeout 60s --quiet,24,5/15/2026,14:07:32,24.29,2.22,262
stress-ng --cpu 8 --cpu-load 96 --timeout 60s --quiet,24,5/15/2026,14:07:33,21.44,2.17,263
stress-ng --cpu 8 --cpu-load 100 --timeout 60s --quiet,25,5/14/2026,23:10:31,0.12,2.1,127
stress-ng --cpu 8 --cpu-load 100 --timeout 60s --quiet,25,5/14/2026,23:10:32,20.49,2.21,131
stress-ng --cpu 8 --cpu-load 100 --timeout 60s --quiet,25,5/14/2026,23:10:33,25.38,2.22,266
stress-ng --cpu 8 --cpu-load 100 --timeout 60s --quiet,25,5/14/2026,23:10:34,25.34,2.22,268
stress-ng --cpu 8 --cpu-load 100 --timeout 60s --quiet,25,5/14/2026,23:10:35,25.3,2.21,267
stress-ng --cpu 8 --cpu-load 100 --timeout 60s --quiet,25,5/14/2026,23:10:36,25.25,2.21,267
stress-ng --cpu 8 --cpu-load 100 --timeout 60s --quiet,25,5/14/2026,23:10:37,25.25,2.21,267
stress-ng --cpu 8 --cpu-load 100 --timeout 60s --quiet,25,5/14/2026,23:10:38,25.2,2.2,268
stress-ng --cpu 8 --cpu-load 100 --timeout 60s --quiet,25,5/14/2026,23:10:39,25.25,2.21,267
stress-ng --cpu 8 --cpu-load 100 --timeout 60s --quiet,25,5/14/2026,23:10:40,25.31,2.2,267
stress-ng --cpu 8 --cpu-load 100 --timeout 60s --quiet,25,5/14/2026,23:10:41,25.41,2.2,267.5
stress-ng --cpu 8 --cpu-load 100 --timeout 60s --quiet,25,5/14/2026,23:10:42,25.27,2.2,268
stress-ng --cpu 8 --cpu-load 100 --timeout 60s --quiet,25,5/14/2026,23:10:43,25.37,2.19,268
stress-ng --cpu 8 --cpu-load 100 --timeout 60s --quiet,25,5/14/2026,23:10:44,25.37,2.19,271
stress-ng --cpu 8 --cpu-load 100 --timeout 60s --quiet,25,5/14/2026,23:10:45,25.21,2.19,267
stress-ng --cpu 8 --cpu-load 100 --timeout 60s --quiet,25,5/14/2026,23:10:46,25.19,2.18,268
stress-ng --cpu 8 --cpu-load 100 --timeout 60s --quiet,25,5/14/2026,23:10:47,25.18,2.18,268
stress-ng --cpu 8 --cpu-load 100 --timeout 60s --quiet,25,5/14/2026,23:10:48,25.31,2.18,270
stress-ng --cpu 8 --cpu-load 100 --timeout 60s --quiet,25,5/14/2026,23:10:49,25.35,2.18,269
stress-ng --cpu 8 --cpu-load 100 --timeout 60s --quiet,25,5/14/2026,23:10:50,25.29,2.18,268
stress-ng --cpu 8 --cpu-load 100 --timeout 60s --quiet,25,5/14/2026,23:10:51,25.36,2.18,270
stress-ng --cpu 8 --cpu-load 100 --timeout 60s --quiet,25,5/14/2026,23:10:52,25.39,2.18,271
stress-ng --cpu 8 --cpu-load 100 --timeout 60s --quiet,25,5/14/2026,23:10:53,25.25,2.18,270
stress-ng --cpu 8 --cpu-load 100 --timeout 60s --quiet,25,5/14/2026,23:10:54,25.34,2.18,277
stress-ng --cpu 8 --cpu-load 100 --timeout 60s --quiet,25,5/14/2026,23:10:55,25.3,2.18,277
stress-ng --cpu 8 --cpu-load 100 --timeout 60s --quiet,25,5/14/2026,23:10:56,25.2,2.18,277
stress-ng --cpu 8 --cpu-load 100 --timeout 60s --quiet,25,5/14/2026,23:10:57,25.3,2.18,278
stress-ng --cpu 8 --cpu-load 100 --timeout 60s --quiet,25,5/14/2026,23:10:58,25.29,2.18,279
stress-ng --cpu 8 --cpu-load 100 --timeout 60s --quiet,25,5/14/2026,23:10:59,25.28,2.18,272
stress-ng --cpu 8 --cpu-load 100 --timeout 60s --quiet,25,5/14/2026,23:11:00,25.28,2.18,274
stress-ng --cpu 8 --cpu-load 100 --timeout 60s --quiet,25,5/14/2026,23:11:01,25.21,2.18,272
stress-ng --cpu 8 --cpu-load 100 --timeout 60s --quiet,25,5/14/2026,23:11:02,25.27,2.18,273
stress-ng --cpu 8 --cpu-load 100 --timeout 60s --quiet,25,5/14/2026,23:11:03,25.41,2.18,272
stress-ng --cpu 8 --cpu-load 100 --timeout 60s --quiet,25,5/14/2026,23:11:04,25.18,2.18,275
stress-ng --cpu 8 --cpu-load 100 --timeout 60s --quiet,25,5/14/2026,23:11:05,25.21,2.18,273
stress-ng --cpu 8 --cpu-load 100 --timeout 60s --quiet,25,5/14/2026,23:11:06,25.28,2.18,274
stress-ng --cpu 8 --cpu-load 100 --timeout 60s --quiet,25,5/14/2026,23:11:07,25.19,2.18,275
stress-ng --cpu 8 --cpu-load 100 --timeout 60s --quiet,25,5/14/2026,23:11:08,25.28,2.18,274
stress-ng --cpu 8 --cpu-load 100 --timeout 60s --quiet,25,5/14/2026,23:11:09,25.18,2.18,273
stress-ng --cpu 8 --cpu-load 100 --timeout 60s --quiet,25,5/14/2026,23:11:10,25.19,2.19,272
stress-ng --cpu 8 --cpu-load 100 --timeout 60s --quiet,25,5/14/2026,23:11:11,25.25,2.19,274
stress-ng --cpu 8 --cpu-load 100 --timeout 60s --quiet,25,5/14/2026,23:11:12,25.22,2.19,275
stress-ng --cpu 8 --cpu-load 100 --timeout 60s --quiet,25,5/14/2026,23:11:13,25.27,2.19,273
stress-ng --cpu 8 --cpu-load 100 --timeout 60s --quiet,25,5/14/2026,23:11:14,25.23,2.18,275
stress-ng --cpu 8 --cpu-load 100 --timeout 60s --quiet,25,5/14/2026,23:11:15,25.22,2.19,274
stress-ng --cpu 8 --cpu-load 100 --timeout 60s --quiet,25,5/14/2026,23:11:16,25.235,2.19,275
stress-ng --cpu 8 --cpu-load 100 --timeout 60s --quiet,25,5/14/2026,23:11:17,25.25,2.19,275
stress-ng --cpu 8 --cpu-load 100 --timeout 60s --quiet,25,5/14/2026,23:11:18,25.21,2.18,273
stress-ng --cpu 8 --cpu-load 100 --timeout 60s --quiet,25,5/14/2026,23:11:19,25.42,2.19,272
stress-ng --cpu 8 --cpu-load 100 --timeout 60s --quiet,25,5/14/2026,23:11:20,25.22,2.18,277
stress-ng --cpu 8 --cpu-load 100 --timeout 60s --quiet,25,5/14/2026,23:11:21,25.27,2.17,277
stress-ng --cpu 8 --cpu-load 100 --timeout 60s --quiet,25,5/14/2026,23:11:22,25.28,2.18,283
stress-ng --cpu 8 --cpu-load 100 --timeout 60s --quiet,25,5/14/2026,23:11:23,25.27,2.17,281
stress-ng --cpu 8 --cpu-load 100 --timeout 60s --quiet,25,5/14/2026,23:11:24,25.23,2.17,277
stress-ng --cpu 8 --cpu-load 100 --timeout 60s --quiet,25,5/14/2026,23:11:25,25.22,2.17,276
stress-ng --cpu 8 --cpu-load 100 --timeout 60s --quiet,25,5/14/2026,23:11:26,25.22,2.17,280
stress-ng --cpu 8 --cpu-load 100 --timeout 60s --quiet,25,5/14/2026,23:11:27,25.19,2.18,279
stress-ng --cpu 8 --cpu-load 100 --timeout 60s --quiet,25,5/14/2026,23:11:28,25.18,2.18,278
stress-ng --cpu 8 --cpu-load 100 --timeout 60s --quiet,25,5/14/2026,23:11:29,25.2,2.18,278
stress-ng --cpu 8 --cpu-load 100 --timeout 60s --quiet,25,5/14/2026,23:11:30,25.25,2.17,278
stress-ng --cpu 8 --cpu-load 100 --timeout 60s --quiet,25,5/14/2026,23:11:31,25.25,2.18,280
stress-ng --cpu 8 --cpu-load 100 --timeout 60s --quiet,25,5/15/2026,9:47:58,12.85,2.22,123
stress-ng --cpu 8 --cpu-load 100 --timeout 60s --quiet,25,5/15/2026,9:47:59,25.23,2.23,116
stress-ng --cpu 8 --cpu-load 100 --timeout 60s --quiet,25,5/15/2026,9:48:00,25.17,2.23,272
stress-ng --cpu 8 --cpu-load 100 --timeout 60s --quiet,25,5/15/2026,9:48:01,25.18,2.23,278
stress-ng --cpu 8 --cpu-load 100 --timeout 60s --quiet,25,5/15/2026,9:48:02,25.15,2.23,271
stress-ng --cpu 8 --cpu-load 100 --timeout 60s --quiet,25,5/15/2026,9:48:03,25.32,2.23,277
stress-ng --cpu 8 --cpu-load 100 --timeout 60s --quiet,25,5/15/2026,9:48:04,25.16,2.23,278
stress-ng --cpu 8 --cpu-load 100 --timeout 60s --quiet,25,5/15/2026,9:48:05,25.13,2.23,279
stress-ng --cpu 8 --cpu-load 100 --timeout 60s --quiet,25,5/15/2026,9:48:06,25.14,2.23,275
stress-ng --cpu 8 --cpu-load 100 --timeout 60s --quiet,25,5/15/2026,9:48:07,25.15,2.23,277
stress-ng --cpu 8 --cpu-load 100 --timeout 60s --quiet,25,5/15/2026,9:48:08,25.18,2.23,274
stress-ng --cpu 8 --cpu-load 100 --timeout 60s --quiet,25,5/15/2026,9:48:09,25.16,2.23,278
stress-ng --cpu 8 --cpu-load 100 --timeout 60s --quiet,25,5/15/2026,9:48:10,25.18,2.23,283
stress-ng --cpu 8 --cpu-load 100 --timeout 60s --quiet,25,5/15/2026,9:48:11,25.19,2.23,276
stress-ng --cpu 8 --cpu-load 100 --timeout 60s --quiet,25,5/15/2026,9:48:12,25.15,2.22,280
stress-ng --cpu 8 --cpu-load 100 --timeout 60s --quiet,25,5/15/2026,9:48:13,25.16,2.21,277
stress-ng --cpu 8 --cpu-load 100 --timeout 60s --quiet,25,5/15/2026,9:48:14,25.165,2.21,278
stress-ng --cpu 8 --cpu-load 100 --timeout 60s --quiet,25,5/15/2026,9:48:15,25.17,2.21,280
stress-ng --cpu 8 --cpu-load 100 --timeout 60s --quiet,25,5/15/2026,9:48:16,25.18,2.21,279
stress-ng --cpu 8 --cpu-load 100 --timeout 60s --quiet,25,5/15/2026,9:48:17,25.17,2.21,281
stress-ng --cpu 8 --cpu-load 100 --timeout 60s --quiet,25,5/15/2026,9:48:18,25.14,2.21,282
stress-ng --cpu 8 --cpu-load 100 --timeout 60s --quiet,25,5/15/2026,9:48:19,25.19,2.21,281
stress-ng --cpu 8 --cpu-load 100 --timeout 60s --quiet,25,5/15/2026,9:48:20,25.16,2.2,280
stress-ng --cpu 8 --cpu-load 100 --timeout 60s --quiet,25,5/15/2026,9:48:21,25.18,2.2,281
stress-ng --cpu 8 --cpu-load 100 --timeout 60s --quiet,25,5/15/2026,9:48:22,25.15,2.2,283
stress-ng --cpu 8 --cpu-load 100 --timeout 60s --quiet,25,5/15/2026,9:48:23,25.18,2.2,285
stress-ng --cpu 8 --cpu-load 100 --timeout 60s --quiet,25,5/15/2026,9:48:24,25.19,2.2,281
stress-ng --cpu 8 --cpu-load 100 --timeout 60s --quiet,25,5/15/2026,9:48:25,25.17,2.2,282
stress-ng --cpu 8 --cpu-load 100 --timeout 60s --quiet,25,5/15/2026,9:48:26,25.15,2.2,282
stress-ng --cpu 8 --cpu-load 100 --timeout 60s --quiet,25,5/15/2026,9:48:27,25.18,2.2,283
stress-ng --cpu 8 --cpu-load 100 --timeout 60s --quiet,25,5/15/2026,9:48:28,25.2,2.2,286
stress-ng --cpu 8 --cpu-load 100 --timeout 60s --quiet,25,5/15/2026,9:48:29,25.14,2.2,281
stress-ng --cpu 8 --cpu-load 100 --timeout 60s --quiet,25,5/15/2026,9:48:30,25.16,2.2,283
stress-ng --cpu 8 --cpu-load 100 --timeout 60s --quiet,25,5/15/2026,9:48:31,25.19,2.2,283
stress-ng --cpu 8 --cpu-load 100 --timeout 60s --quiet,25,5/15/2026,9:48:32,25.15,2.2,283
stress-ng --cpu 8 --cpu-load 100 --timeout 60s --quiet,25,5/15/2026,9:48:33,25.18,2.2,281
stress-ng --cpu 8 --cpu-load 100 --timeout 60s --quiet,25,5/15/2026,9:48:34,25.15,2.2,281
stress-ng --cpu 8 --cpu-load 100 --timeout 60s --quiet,25,5/15/2026,9:48:35,25.19,2.2,284
stress-ng --cpu 8 --cpu-load 100 --timeout 60s --quiet,25,5/15/2026,9:48:36,25.17,2.2,285
stress-ng --cpu 8 --cpu-load 100 --timeout 60s --quiet,25,5/15/2026,9:48:37,25.17,2.2,285
stress-ng --cpu 8 --cpu-load 100 --timeout 60s --quiet,25,5/15/2026,9:48:38,25.15,2.2,290
stress-ng --cpu 8 --cpu-load 100 --timeout 60s --quiet,25,5/15/2026,9:48:39,25.18,2.2,282
stress-ng --cpu 8 --cpu-load 100 --timeout 60s --quiet,25,5/15/2026,9:48:40,25.18,2.2,288
stress-ng --cpu 8 --cpu-load 100 --timeout 60s --quiet,25,5/15/2026,9:48:41,25.17,2.2,285
stress-ng --cpu 8 --cpu-load 100 --timeout 60s --quiet,25,5/15/2026,9:48:42,25.15,2.21,284
stress-ng --cpu 8 --cpu-load 100 --timeout 60s --quiet,25,5/15/2026,9:48:43,25.15,2.21,287
stress-ng --cpu 8 --cpu-load 100 --timeout 60s --quiet,25,5/15/2026,9:48:44,25.19,2.21,291
stress-ng --cpu 8 --cpu-load 100 --timeout 60s --quiet,25,5/15/2026,9:48:45,25.17,2.21,294
stress-ng --cpu 8 --cpu-load 100 --timeout 60s --quiet,25,5/15/2026,9:48:46,25.16,2.21,295
stress-ng --cpu 8 --cpu-load 100 --timeout 60s --quiet,25,5/15/2026,9:48:47,25.15,2.21,295
stress-ng --cpu 8 --cpu-load 100 --timeout 60s --quiet,25,5/15/2026,9:48:48,25.12,2.21,296
stress-ng --cpu 8 --cpu-load 100 --timeout 60s --quiet,25,5/15/2026,9:48:49,25.17,2.2,296
stress-ng --cpu 8 --cpu-load 100 --timeout 60s --quiet,25,5/15/2026,9:48:50,25.16,2.2,294
stress-ng --cpu 8 --cpu-load 100 --timeout 60s --quiet,25,5/15/2026,9:48:51,25.18,2.2,296
stress-ng --cpu 8 --cpu-load 100 --timeout 60s --quiet,25,5/15/2026,9:48:52,25.15,2.2,294
stress-ng --cpu 8 --cpu-load 100 --timeout 60s --quiet,25,5/15/2026,9:48:53,25.16,2.2,295
stress-ng --cpu 8 --cpu-load 100 --timeout 60s --quiet,25,5/15/2026,9:48:54,25.18,2.2,289
stress-ng --cpu 8 --cpu-load 100 --timeout 60s --quiet,25,5/15/2026,9:48:55,25.16,2.2,292
stress-ng --cpu 8 --cpu-load 100 --timeout 60s --quiet,25,5/15/2026,9:48:56,25.17,2.21,289
stress-ng --cpu 8 --cpu-load 100 --timeout 60s --quiet,25,5/15/2026,9:48:57,25.17,2.21,287
stress-ng --cpu 8 --cpu-load 100 --timeout 60s --quiet,25,5/15/2026,9:48:58,13.39,2.16,272
stress-ng --cpu 8 --cpu-load 100 --timeout 60s --quiet,25,5/15/2026,16:46:56,2.8,2.22,135
stress-ng --cpu 8 --cpu-load 100 --timeout 60s --quiet,25,5/15/2026,16:46:57,25.2,2.22,260
stress-ng --cpu 8 --cpu-load 100 --timeout 60s --quiet,25,5/15/2026,16:46:58,25.19,2.23,266
stress-ng --cpu 8 --cpu-load 100 --timeout 60s --quiet,25,5/15/2026,16:46:59,25.31,2.23,266
stress-ng --cpu 8 --cpu-load 100 --timeout 60s --quiet,25,5/15/2026,16:47:00,25.22,2.22,268
stress-ng --cpu 8 --cpu-load 100 --timeout 60s --quiet,25,5/15/2026,16:47:01,25.2,2.22,265
stress-ng --cpu 8 --cpu-load 100 --timeout 60s --quiet,25,5/15/2026,16:47:02,25.25,2.22,264
stress-ng --cpu 8 --cpu-load 100 --timeout 60s --quiet,25,5/15/2026,16:47:03,25.37,2.22,266
stress-ng --cpu 8 --cpu-load 100 --timeout 60s --quiet,25,5/15/2026,16:47:04,25.32,2.22,267
stress-ng --cpu 8 --cpu-load 100 --timeout 60s --quiet,25,5/15/2026,16:47:05,25.29,2.22,267.5
stress-ng --cpu 8 --cpu-load 100 --timeout 60s --quiet,25,5/15/2026,16:47:06,25.27,2.22,268
stress-ng --cpu 8 --cpu-load 100 --timeout 60s --quiet,25,5/15/2026,16:47:07,25.23,2.22,267
stress-ng --cpu 8 --cpu-load 100 --timeout 60s --quiet,25,5/15/2026,16:47:08,25.22,2.22,265
stress-ng --cpu 8 --cpu-load 100 --timeout 60s --quiet,25,5/15/2026,16:47:09,25.31,2.22,266
stress-ng --cpu 8 --cpu-load 100 --timeout 60s --quiet,25,5/15/2026,16:47:10,25.18,2.23,266
stress-ng --cpu 8 --cpu-load 100 --timeout 60s --quiet,25,5/15/2026,16:47:11,25.22,2.23,266
stress-ng --cpu 8 --cpu-load 100 --timeout 60s --quiet,25,5/15/2026,16:47:12,25.21,2.22,267
stress-ng --cpu 8 --cpu-load 100 --timeout 60s --quiet,25,5/15/2026,16:47:13,25.23,2.22,265
stress-ng --cpu 8 --cpu-load 100 --timeout 60s --quiet,25,5/15/2026,16:47:14,25.22,2.22,268
stress-ng --cpu 8 --cpu-load 100 --timeout 60s --quiet,25,5/15/2026,16:47:15,25.25,2.22,265
stress-ng --cpu 8 --cpu-load 100 --timeout 60s --quiet,25,5/15/2026,16:47:16,25.16,2.23,267
stress-ng --cpu 8 --cpu-load 100 --timeout 60s --quiet,25,5/15/2026,16:47:17,25.22,2.23,267
stress-ng --cpu 8 --cpu-load 100 --timeout 60s --quiet,25,5/15/2026,16:47:18,25.18,2.23,266
stress-ng --cpu 8 --cpu-load 100 --timeout 60s --quiet,25,5/15/2026,16:47:19,25.31,2.23,268
stress-ng --cpu 8 --cpu-load 100 --timeout 60s --quiet,25,5/15/2026,16:47:20,25.235,2.23,268
stress-ng --cpu 8 --cpu-load 100 --timeout 60s --quiet,25,5/15/2026,16:47:21,25.16,2.23,268
stress-ng --cpu 8 --cpu-load 100 --timeout 60s --quiet,25,5/15/2026,16:47:22,25.33,2.23,267
stress-ng --cpu 8 --cpu-load 100 --timeout 60s --quiet,25,5/15/2026,16:47:23,25.25,2.23,268
stress-ng --cpu 8 --cpu-load 100 --timeout 60s --quiet,25,5/15/2026,16:47:24,25.25,2.23,269
stress-ng --cpu 8 --cpu-load 100 --timeout 60s --quiet,25,5/15/2026,16:47:25,25.2,2.22,269
stress-ng --cpu 8 --cpu-load 100 --timeout 60s --quiet,25,5/15/2026,16:47:26,25.4,2.21,271
stress-ng --cpu 8 --cpu-load 100 --timeout 60s --quiet,25,5/15/2026,16:47:27,25.31,2.21,268
stress-ng --cpu 8 --cpu-load 100 --timeout 60s --quiet,25,5/15/2026,16:47:28,25.36,2.21,272
stress-ng --cpu 8 --cpu-load 100 --timeout 60s --quiet,25,5/15/2026,16:47:29,25.24,2.21,268
stress-ng --cpu 8 --cpu-load 100 --timeout 60s --quiet,25,5/15/2026,16:47:30,25.31,2.21,271
stress-ng --cpu 8 --cpu-load 100 --timeout 60s --quiet,25,5/15/2026,16:47:31,25.27,2.21,271
stress-ng --cpu 8 --cpu-load 100 --timeout 60s --quiet,25,5/15/2026,16:47:32,25.3,2.21,269
stress-ng --cpu 8 --cpu-load 100 --timeout 60s --quiet,25,5/15/2026,16:47:33,25.2,2.22,273
stress-ng --cpu 8 --cpu-load 100 --timeout 60s --quiet,25,5/15/2026,16:47:34,25.2,2.21,271
stress-ng --cpu 8 --cpu-load 100 --timeout 60s --quiet,25,5/15/2026,16:47:35,25.26,2.21,273
stress-ng --cpu 8 --cpu-load 100 --timeout 60s --quiet,25,5/15/2026,16:47:36,25.18,2.22,272
stress-ng --cpu 8 --cpu-load 100 --timeout 60s --quiet,25,5/15/2026,16:47:37,25.3,2.22,271
stress-ng --cpu 8 --cpu-load 100 --timeout 60s --quiet,25,5/15/2026,16:47:38,25.44,2.2,272
stress-ng --cpu 8 --cpu-load 100 --timeout 60s --quiet,25,5/15/2026,16:47:39,25.4,2.21,270
stress-ng --cpu 8 --cpu-load 100 --timeout 60s --quiet,25,5/15/2026,16:47:40,25.31,2.21,270
stress-ng --cpu 8 --cpu-load 100 --timeout 60s --quiet,25,5/15/2026,16:47:41,25.21,2.21,273
stress-ng --cpu 8 --cpu-load 100 --timeout 60s --quiet,25,5/15/2026,16:47:42,25.41,2.21,273
stress-ng --cpu 8 --cpu-load 100 --timeout 60s --quiet,25,5/15/2026,16:47:43,25.25,2.21,272
stress-ng --cpu 8 --cpu-load 100 --timeout 60s --quiet,25,5/15/2026,16:47:44,25.29,2.21,275
stress-ng --cpu 8 --cpu-load 100 --timeout 60s --quiet,25,5/15/2026,16:47:45,25.28,2.2,273
stress-ng --cpu 8 --cpu-load 100 --timeout 60s --quiet,25,5/15/2026,16:47:46,25.39,2.2,276
stress-ng --cpu 8 --cpu-load 100 --timeout 60s --quiet,25,5/15/2026,16:47:47,25.2,2.19,275.5
stress-ng --cpu 8 --cpu-load 100 --timeout 60s --quiet,25,5/15/2026,16:47:48,25.33,2.2,275
stress-ng --cpu 8 --cpu-load 100 --timeout 60s --quiet,25,5/15/2026,16:47:49,25.22,2.2,276
stress-ng --cpu 8 --cpu-load 100 --timeout 60s --quiet,25,5/15/2026,16:47:50,25.29,2.2,268
stress-ng --cpu 8 --cpu-load 100 --timeout 60s --quiet,25,5/15/2026,16:47:51,25.2,2.2,272
stress-ng --cpu 8 --cpu-load 100 --timeout 60s --quiet,25,5/15/2026,16:47:52,25.25,2.2,275
stress-ng --cpu 8 --cpu-load 100 --timeout 60s --quiet,25,5/15/2026,16:47:53,25.22,2.2,272
stress-ng --cpu 8 --cpu-load 100 --timeout 60s --quiet,25,5/15/2026,16:47:54,25.22,2.2,278
stress-ng --cpu 8 --cpu-load 100 --timeout 60s --quiet,25,5/15/2026,16:47:55,25.22,2.18,274
stress-ng --cpu 8 --cpu-load 100 --timeout 60s --quiet,25,5/15/2026,16:47:56,23.52,2.14,272
