command,cpu_utilization,date,time,cpu_percent,mem_percent,power_watts
stress-ng --cpu 16 --cpu-load 2 --timeout 60s --quiet,1,5/14/2026,19:40:01,0.12,2.12,125
stress-ng --cpu 16 --cpu-load 2 --timeout 60s --quiet,1,5/14/2026,19:40:02,6.38,2.25,118
stress-ng --cpu 16 --cpu-load 2 --timeout 60s --quiet,1,5/14/2026,19:40:03,0.28,2.24,131
stress-ng --cpu 16 --cpu-load 2 --timeout 60s --quiet,1,5/14/2026,19:40:04,0.12,2.24,132
stress-ng --cpu 16 --cpu-load 2 --timeout 60s --quiet,1,5/14/2026,19:40:05,0.15,2.24,131
stress-ng --cpu 16 --cpu-load 2 --timeout 60s --quiet,1,5/14/2026,19:40:06,0.15,2.24,120
stress-ng --cpu 16 --cpu-load 2 --timeout 60s --quiet,1,5/14/2026,19:40:07,0.28,2.24,114
stress-ng --cpu 16 --cpu-load 2 --timeout 60s --quiet,1,5/14/2026,19:40:08,4.44,2.23,132
stress-ng --cpu 16 --cpu-load 2 --timeout 60s --quiet,1,5/14/2026,19:40:09,0.62,2.22,148
stress-ng --cpu 16 --cpu-load 2 --timeout 60s --quiet,1,5/14/2026,19:40:10,0.15,2.22,138
stress-ng --cpu 16 --cpu-load 2 --timeout 60s --quiet,1,5/14/2026,19:40:11,0.15,2.21,125
stress-ng --cpu 16 --cpu-load 2 --timeout 60s --quiet,1,5/14/2026,19:40:12,0.92,2.22,112
stress-ng --cpu 16 --cpu-load 2 --timeout 60s --quiet,1,5/14/2026,19:40:13,3.67,2.22,154
stress-ng --cpu 16 --cpu-load 2 --timeout 60s --quiet,1,5/14/2026,19:40:14,0.12,2.22,159
stress-ng --cpu 16 --cpu-load 2 --timeout 60s --quiet,1,5/14/2026,19:40:15,0.12,2.22,133
stress-ng --cpu 16 --cpu-load 2 --timeout 60s --quiet,1,5/14/2026,19:40:16,0.46,2.22,110
stress-ng --cpu 16 --cpu-load 2 --timeout 60s --quiet,1,5/14/2026,19:40:17,4.5,2.22,119
stress-ng --cpu 16 --cpu-load 2 --timeout 60s --quiet,1,5/14/2026,19:40:18,0.15,2.22,202
stress-ng --cpu 16 --cpu-load 2 --timeout 60s --quiet,1,5/14/2026,19:40:19,0.09,2.22,106
stress-ng --cpu 16 --cpu-load 2 --timeout 60s --quiet,1,5/14/2026,19:40:20,0.15,2.22,106
stress-ng --cpu 16 --cpu-load 2 --timeout 60s --quiet,1,5/14/2026,19:40:21,1.94,2.22,139
stress-ng --cpu 16 --cpu-load 2 --timeout 60s --quiet,1,5/14/2026,19:40:22,3.23,2.22,146
stress-ng --cpu 16 --cpu-load 2 --timeout 60s --quiet,1,5/14/2026,19:40:23,0.12,2.22,153
stress-ng --cpu 16 --cpu-load 2 --timeout 60s --quiet,1,5/14/2026,19:40:24,0.12,2.22,119
stress-ng --cpu 16 --cpu-load 2 --timeout 60s --quiet,1,5/14/2026,19:40:25,0.37,2.22,124
stress-ng --cpu 16 --cpu-load 2 --timeout 60s --quiet,1,5/14/2026,19:40:26,1.35,2.22,150
stress-ng --cpu 16 --cpu-load 2 --timeout 60s --quiet,1,5/14/2026,19:40:27,2.99,2.23,190
stress-ng --cpu 16 --cpu-load 2 --timeout 60s --quiet,1,5/14/2026,19:40:28,0.12,2.23,144
stress-ng --cpu 16 --cpu-load 2 --timeout 60s --quiet,1,5/14/2026,19:40:29,0.15,2.22,127
stress-ng --cpu 16 --cpu-load 2 --timeout 60s --quiet,1,5/14/2026,19:40:30,0.69,2.225,125
stress-ng --cpu 16 --cpu-load 2 --timeout 60s --quiet,1,5/14/2026,19:40:31,1.23,2.23,153
stress-ng --cpu 16 --cpu-load 2 --timeout 60s --quiet,1,5/14/2026,19:40:32,3.51,2.23,183
stress-ng --cpu 16 --cpu-load 2 --timeout 60s --quiet,1,5/14/2026,19:40:33,0.12,2.23,136
stress-ng --cpu 16 --cpu-load 2 --timeout 60s --quiet,1,5/14/2026,19:40:34,0.18,2.24,116
stress-ng --cpu 16 --cpu-load 2 --timeout 60s --quiet,1,5/14/2026,19:40:35,0.68,2.23,146
stress-ng --cpu 16 --cpu-load 2 --timeout 60s --quiet,1,5/14/2026,19:40:36,1.6,2.24,161
stress-ng --cpu 16 --cpu-load 2 --timeout 60s --quiet,1,5/14/2026,19:40:37,1.51,2.24,176
stress-ng --cpu 16 --cpu-load 2 --timeout 60s --quiet,1,5/14/2026,19:40:38,0.46,2.24,126
stress-ng --cpu 16 --cpu-load 2 --timeout 60s --quiet,1,5/14/2026,19:40:39,1.7,2.24,173
stress-ng --cpu 16 --cpu-load 2 --timeout 60s --quiet,1,5/14/2026,19:40:40,2.68,2.23,127
stress-ng --cpu 16 --cpu-load 2 --timeout 60s --quiet,1,5/14/2026,19:40:41,0.15,2.23,109
stress-ng --cpu 16 --cpu-load 2 --timeout 60s --quiet,1,5/14/2026,19:40:42,0.09,2.22,125
stress-ng --cpu 16 --cpu-load 2 --timeout 60s --quiet,1,5/14/2026,19:40:43,1.57,2.22,157
stress-ng --cpu 16 --cpu-load 2 --timeout 60s --quiet,1,5/14/2026,19:40:44,1.91,2.22,140
stress-ng --cpu 16 --cpu-load 2 --timeout 60s --quiet,1,5/14/2026,19:40:45,1.73,2.23,139
stress-ng --cpu 16 --cpu-load 2 --timeout 60s --quiet,1,5/14/2026,19:40:46,0.12,2.22,108
stress-ng --cpu 16 --cpu-load 2 --timeout 60s --quiet,1,5/14/2026,19:40:47,0.4,2.22,132
stress-ng --cpu 16 --cpu-load 2 --timeout 60s --quiet,1,5/14/2026,19:40:48,1.66,2.22,136
stress-ng --cpu 16 --cpu-load 2 --timeout 60s --quiet,1,5/14/2026,19:40:49,1.88,2.22,140
stress-ng --cpu 16 --cpu-load 2 --timeout 60s --quiet,1,5/14/2026,19:40:50,0.89,2.22,152
stress-ng --cpu 16 --cpu-load 2 --timeout 60s --quiet,1,5/14/2026,19:40:51,0.28,2.21,136
stress-ng --cpu 16 --cpu-load 2 --timeout 60s --quiet,1,5/14/2026,19:40:52,1.6,2.21,111
stress-ng --cpu 16 --cpu-load 2 --timeout 60s --quiet,1,5/14/2026,19:40:53,1.02,2.22,169
stress-ng --cpu 16 --cpu-load 2 --timeout 60s --quiet,1,5/14/2026,19:40:54,2,2.22,131
stress-ng --cpu 16 --cpu-load 2 --timeout 60s --quiet,1,5/14/2026,19:40:55,0.25,2.22,141
stress-ng --cpu 16 --cpu-load 2 --timeout 60s --quiet,1,5/14/2026,19:40:56,0.86,2.22,110
stress-ng --cpu 16 --cpu-load 2 --timeout 60s --quiet,1,5/14/2026,19:40:57,2.09,2.23,155
stress-ng --cpu 16 --cpu-load 2 --timeout 60s --quiet,1,5/14/2026,19:40:58,2.19,2.23,142
stress-ng --cpu 16 --cpu-load 2 --timeout 60s --quiet,1,5/14/2026,19:40:59,0.12,2.23,132
stress-ng --cpu 16 --cpu-load 2 --timeout 60s --quiet,1,5/14/2026,19:41:00,0.43,2.23,125
stress-ng --cpu 16 --cpu-load 2 --timeout 60s --quiet,1,5/14/2026,19:41:01,1.54,2.23,138
stress-ng --cpu 16 --cpu-load 2 --timeout 60s --quiet,1,5/15/2026,12:16:19,6.47,2.22,109
stress-ng --cpu 16 --cpu-load 2 --timeout 60s --quiet,1,5/15/2026,12:16:20,0.22,2.22,129
stress-ng --cpu 16 --cpu-load 2 --timeout 60s --quiet,1,5/15/2026,12:16:21,0.12,2.22,122
stress-ng --cpu 16 --cpu-load 2 --timeout 60s --quiet,1,5/15/2026,12:16:22,0.12,2.22,121
stress-ng --cpu 16 --cpu-load 2 --timeout 60s --quiet,1,5/15/2026,12:16:23,0.15,2.22,126
stress-ng --cpu 16 --cpu-load 2 --timeout 60s --quiet,1,5/15/2026,12:16:24,0.15,2.22,115
stress-ng --cpu 16 --cpu-load 2 --timeout 60s --quiet,1,5/15/2026,12:16:25,4.41,2.22,121
stress-ng --cpu 16 --cpu-load 2 --timeout 60s --quiet,1,5/15/2026,12:16:26,0.62,2.22,125
stress-ng --cpu 16 --cpu-load 2 --timeout 60s --quiet,1,5/15/2026,12:16:27,0.15,2.22,124
stress-ng --cpu 16 --cpu-load 2 --timeout 60s --quiet,1,5/15/2026,12:16:28,0.15,2.21,127
stress-ng --cpu 16 --cpu-load 2 --timeout 60s --quiet,1,5/15/2026,12:16:29,0.37,2.21,136
stress-ng --cpu 16 --cpu-load 2 --timeout 60s --quiet,1,5/15/2026,12:16:30,2.295,2.21,126
stress-ng --cpu 16 --cpu-load 2 --timeout 60s --quiet,1,5/15/2026,12:16:31,4.22,2.21,116
stress-ng --cpu 16 --cpu-load 2 --timeout 60s --quiet,1,5/15/2026,12:16:32,0.03,2.21,106
stress-ng --cpu 16 --cpu-load 2 --timeout 60s --quiet,1,5/15/2026,12:16:33,0.09,2.21,118
stress-ng --cpu 16 --cpu-load 2 --timeout 60s --quiet,1,5/15/2026,12:16:34,0.09,2.2,140
stress-ng --cpu 16 --cpu-load 2 --timeout 60s --quiet,1,5/15/2026,12:16:35,3.42,2.2,155
stress-ng --cpu 16 --cpu-load 2 --timeout 60s --quiet,1,5/15/2026,12:16:36,1.48,2.2,141.5
stress-ng --cpu 16 --cpu-load 2 --timeout 60s --quiet,1,5/15/2026,12:16:37,0.15,2.2,128
stress-ng --cpu 16 --cpu-load 2 --timeout 60s --quiet,1,5/15/2026,12:16:38,0.15,2.19,129
stress-ng --cpu 16 --cpu-load 2 --timeout 60s --quiet,1,5/15/2026,12:16:39,1.6,2.2,110
stress-ng --cpu 16 --cpu-load 2 --timeout 60s --quiet,1,5/15/2026,12:16:40,3.54,2.2,164
stress-ng --cpu 16 --cpu-load 2 --timeout 60s --quiet,1,5/15/2026,12:16:41,0.18,2.2,169
stress-ng --cpu 16 --cpu-load 2 --timeout 60s --quiet,1,5/15/2026,12:16:42,0.28,2.21,125
stress-ng --cpu 16 --cpu-load 2 --timeout 60s --quiet,1,5/15/2026,12:16:43,0.25,2.21,134
stress-ng --cpu 16 --cpu-load 2 --timeout 60s --quiet,1,5/15/2026,12:16:44,1.35,2.21,143
stress-ng --cpu 16 --cpu-load 2 --timeout 60s --quiet,1,5/15/2026,12:16:45,3.01,2.21,132
stress-ng --cpu 16 --cpu-load 2 --timeout 60s --quiet,1,5/15/2026,12:16:46,0.37,2.21,154
stress-ng --cpu 16 --cpu-load 2 --timeout 60s --quiet,1,5/15/2026,12:16:47,0.09,2.21,119
stress-ng --cpu 16 --cpu-load 2 --timeout 60s --quiet,1,5/15/2026,12:16:48,0.98,2.21,143
stress-ng --cpu 16 --cpu-load 2 --timeout 60s --quiet,1,5/15/2026,12:16:49,3.08,2.22,149
stress-ng --cpu 16 --cpu-load 2 --timeout 60s --quiet,1,5/15/2026,12:16:50,0.95,2.21,153
stress-ng --cpu 16 --cpu-load 2 --timeout 60s --quiet,1,5/15/2026,12:16:51,0.15,2.21,129
stress-ng --cpu 16 --cpu-load 2 --timeout 60s --quiet,1,5/15/2026,12:16:52,0.52,2.21,120
stress-ng --cpu 16 --cpu-load 2 --timeout 60s --quiet,1,5/15/2026,12:16:53,0.99,2.21,124
stress-ng --cpu 16 --cpu-load 2 --timeout 60s --quiet,1,5/15/2026,12:16:54,2.15,2.21,156
stress-ng --cpu 16 --cpu-load 2 --timeout 60s --quiet,1,5/15/2026,12:16:55,0.4,2.21,139
stress-ng --cpu 16 --cpu-load 2 --timeout 60s --quiet,1,5/15/2026,12:16:56,0.89,2.21,160
stress-ng --cpu 16 --cpu-load 2 --timeout 60s --quiet,1,5/15/2026,12:16:57,2.13,2.21,165
stress-ng --cpu 16 --cpu-load 2 --timeout 60s --quiet,1,5/15/2026,12:16:58,1.97,2.21,165
stress-ng --cpu 16 --cpu-load 2 --timeout 60s --quiet,1,5/15/2026,12:16:59,0.15,2.21,141
stress-ng --cpu 16 --cpu-load 2 --timeout 60s --quiet,1,5/15/2026,12:17:00,1.02,2.21,129
stress-ng --cpu 16 --cpu-load 2 --timeout 60s --quiet,1,5/15/2026,12:17:01,2.19,2.21,127
stress-ng --cpu 16 --cpu-load 2 --timeout 60s --quiet,1,5/15/2026,12:17:02,1.51,2.27,151
stress-ng --cpu 16 --cpu-load 2 --timeout 60s --quiet,1,5/15/2026,12:17:03,2.37,2.3,125
stress-ng --cpu 16 --cpu-load 2 --timeout 60s --quiet,1,5/15/2026,12:17:04,4.66,2.39,235
stress-ng --cpu 16 --cpu-load 2 --timeout 60s --quiet,1,5/15/2026,12:17:05,3.49,2.37,189
stress-ng --cpu 16 --cpu-load 2 --timeout 60s --quiet,1,5/15/2026,12:17:06,4.92,2.43,199
stress-ng --cpu 16 --cpu-load 2 --timeout 60s --quiet,1,5/15/2026,12:17:07,3.88,2.49,189
stress-ng --cpu 16 --cpu-load 2 --timeout 60s --quiet,1,5/15/2026,12:17:08,4.09,2.41,185
stress-ng --cpu 16 --cpu-load 2 --timeout 60s --quiet,1,5/15/2026,12:17:09,4.34,2.46,185
stress-ng --cpu 16 --cpu-load 2 --timeout 60s --quiet,1,5/15/2026,12:17:10,4.53,2.39,193
stress-ng --cpu 16 --cpu-load 2 --timeout 60s --quiet,1,5/15/2026,12:17:11,0.65,2.37,121
stress-ng --cpu 16 --cpu-load 2 --timeout 60s --quiet,1,5/15/2026,12:17:12,0.49,2.36,133
stress-ng --cpu 16 --cpu-load 2 --timeout 60s --quiet,1,5/15/2026,12:17:13,0.71,2.36,139
stress-ng --cpu 16 --cpu-load 2 --timeout 60s --quiet,1,5/15/2026,12:17:14,2.92,2.34,136
stress-ng --cpu 16 --cpu-load 2 --timeout 60s --quiet,1,5/15/2026,12:17:15,1.05,2.34,137
stress-ng --cpu 16 --cpu-load 2 --timeout 60s --quiet,1,5/15/2026,12:17:16,0.4,2.33,138
stress-ng --cpu 16 --cpu-load 2 --timeout 60s --quiet,1,5/15/2026,12:17:17,0.71,2.32,123
stress-ng --cpu 16 --cpu-load 2 --timeout 60s --quiet,1,5/15/2026,12:17:18,1.42,2.32,125
stress-ng --cpu 16 --cpu-load 2 --timeout 60s --quiet,1,5/15/2026,12:17:19,1.88,2.21,122
stress-ng --cpu 16 --cpu-load 2 --timeout 60s --quiet,1,5/15/2026,18:49:12,0.12,2.12,125
stress-ng --cpu 16 --cpu-load 2 --timeout 60s --quiet,1,5/15/2026,18:49:13,6.38,2.23,199
stress-ng --cpu 16 --cpu-load 2 --timeout 60s --quiet,1,5/15/2026,18:49:14,0.12,2.24,125
stress-ng --cpu 16 --cpu-load 2 --timeout 60s --quiet,1,5/15/2026,18:49:15,0.12,2.24,109
stress-ng --cpu 16 --cpu-load 2 --timeout 60s --quiet,1,5/15/2026,18:49:16,0.18,2.24,124
stress-ng --cpu 16 --cpu-load 2 --timeout 60s --quiet,1,5/15/2026,18:49:17,0.12,2.24,126
stress-ng --cpu 16 --cpu-load 2 --timeout 60s --quiet,1,5/15/2026,18:49:18,0.12,2.24,113
stress-ng --cpu 16 --cpu-load 2 --timeout 60s --quiet,1,5/15/2026,18:49:19,4.53,2.25,177
stress-ng --cpu 16 --cpu-load 2 --timeout 60s --quiet,1,5/15/2026,18:49:20,0.77,2.25,107
stress-ng --cpu 16 --cpu-load 2 --timeout 60s --quiet,1,5/15/2026,18:49:21,0.15,2.25,124.5
stress-ng --cpu 16 --cpu-load 2 --timeout 60s --quiet,1,5/15/2026,18:49:22,0.12,2.25,142
stress-ng --cpu 16 --cpu-load 2 --timeout 60s --quiet,1,5/15/2026,18:49:23,0.15,2.25,117
stress-ng --cpu 16 --cpu-load 2 --timeout 60s --quiet,1,5/15/2026,18:49:24,4.1,2.25,103
stress-ng --cpu 16 --cpu-load 2 --timeout 60s --quiet,1,5/15/2026,18:49:25,0.68,2.25,160
stress-ng --cpu 16 --cpu-load 2 --timeout 60s --quiet,1,5/15/2026,18:49:26,0.12,2.26,118
stress-ng --cpu 16 --cpu-load 2 --timeout 60s --quiet,1,5/15/2026,18:49:27,0.12,2.25,122
stress-ng --cpu 16 --cpu-load 2 --timeout 60s --quiet,1,5/15/2026,18:49:28,1.54,2.23,120
stress-ng --cpu 16 --cpu-load 2 --timeout 60s --quiet,1,5/15/2026,18:49:29,3.45,2.23,166
stress-ng --cpu 16 --cpu-load 2 --timeout 60s --quiet,1,5/15/2026,18:49:30,0.12,2.23,152
stress-ng --cpu 16 --cpu-load 2 --timeout 60s --quiet,1,5/15/2026,18:49:31,0.18,2.23,119
stress-ng --cpu 16 --cpu-load 2 --timeout 60s --quiet,1,5/15/2026,18:49:32,0.71,2.23,120
stress-ng --cpu 16 --cpu-load 2 --timeout 60s --quiet,1,5/15/2026,18:49:33,1.88,2.23,170
stress-ng --cpu 16 --cpu-load 2 --timeout 60s --quiet,1,5/15/2026,18:49:34,1.63,2.23,147
stress-ng --cpu 16 --cpu-load 2 --timeout 60s --quiet,1,5/15/2026,18:49:35,1.05,2.23,137
stress-ng --cpu 16 --cpu-load 2 --timeout 60s --quiet,1,5/15/2026,18:49:36,0.12,2.23,116
stress-ng --cpu 16 --cpu-load 2 --timeout 60s --quiet,1,5/15/2026,18:49:37,1.36,2.23,115
stress-ng --cpu 16 --cpu-load 2 --timeout 60s --quiet,1,5/15/2026,18:49:38,2.22,2.22,159
stress-ng --cpu 16 --cpu-load 2 --timeout 60s --quiet,1,5/15/2026,18:49:39,0.95,2.22,169
stress-ng --cpu 16 --cpu-load 2 --timeout 60s --quiet,1,5/15/2026,18:49:40,0.31,2.23,150
stress-ng --cpu 16 --cpu-load 2 --timeout 60s --quiet,1,5/15/2026,18:49:41,0.92,2.23,112
stress-ng --cpu 16 --cpu-load 2 --timeout 60s --quiet,1,5/15/2026,18:49:42,0.99,2.22,177
stress-ng --cpu 16 --cpu-load 2 --timeout 60s --quiet,1,5/15/2026,18:49:43,2.25,2.22,126
stress-ng --cpu 16 --cpu-load 2 --timeout 60s --quiet,1,5/15/2026,18:49:44,0.83,2.22,123
stress-ng --cpu 16 --cpu-load 2 --timeout 60s --quiet,1,5/15/2026,18:49:45,0.15,2.22,140
stress-ng --cpu 16 --cpu-load 2 --timeout 60s --quiet,1,5/15/2026,18:49:46,1.36,2.23,115
stress-ng --cpu 16 --cpu-load 2 --timeout 60s --quiet,1,5/15/2026,18:49:47,1.6,2.22,144
stress-ng --cpu 16 --cpu-load 2 --timeout 60s --quiet,1,5/15/2026,18:49:48,0.77,2.22,131
stress-ng --cpu 16 --cpu-load 2 --timeout 60s --quiet,1,5/15/2026,18:49:49,1.57,2.23,141
stress-ng --cpu 16 --cpu-load 2 --timeout 60s --quiet,1,5/15/2026,18:49:50,0.98,2.23,140
stress-ng --cpu 16 --cpu-load 2 --timeout 60s --quiet,1,5/15/2026,18:49:51,2.34,2.23,136
stress-ng --cpu 16 --cpu-load 2 --timeout 60s --quiet,1,5/15/2026,18:49:52,0.18,2.23,142
stress-ng --cpu 16 --cpu-load 2 --timeout 60s --quiet,1,5/15/2026,18:49:53,0.77,2.24,116
stress-ng --cpu 16 --cpu-load 2 --timeout 60s --quiet,1,5/15/2026,18:49:54,1.63,2.24,159
stress-ng --cpu 16 --cpu-load 2 --timeout 60s --quiet,1,5/15/2026,18:49:55,2.34,2.23,117
stress-ng --cpu 16 --cpu-load 2 --timeout 60s --quiet,1,5/15/2026,18:49:56,0.71,2.23,110
stress-ng --cpu 16 --cpu-load 2 --timeout 60s --quiet,1,5/15/2026,18:49:57,0.15,2.23,136
stress-ng --cpu 16 --cpu-load 2 --timeout 60s --quiet,1,5/15/2026,18:49:58,1.33,2.24,125
stress-ng --cpu 16 --cpu-load 2 --timeout 60s --quiet,1,5/15/2026,18:49:59,1.05,2.24,171
stress-ng --cpu 16 --cpu-load 2 --timeout 60s --quiet,1,5/15/2026,18:50:00,0.77,2.24,132
stress-ng --cpu 16 --cpu-load 2 --timeout 60s --quiet,1,5/15/2026,18:50:01,2.31,2.24,155
stress-ng --cpu 16 --cpu-load 2 --timeout 60s --quiet,1,5/15/2026,18:50:02,0.4,2.23,178
stress-ng --cpu 16 --cpu-load 2 --timeout 60s --quiet,1,5/15/2026,18:50:03,0.89,2.23,124
stress-ng --cpu 16 --cpu-load 2 --timeout 60s --quiet,1,5/15/2026,18:50:04,1.35,2.23,141
stress-ng --cpu 16 --cpu-load 2 --timeout 60s --quiet,1,5/15/2026,18:50:05,1.05,2.23,124
stress-ng --cpu 16 --cpu-load 2 --timeout 60s --quiet,1,5/15/2026,18:50:06,1.72,2.23,172
stress-ng --cpu 16 --cpu-load 2 --timeout 60s --quiet,1,5/15/2026,18:50:07,0.4,2.23,110
stress-ng --cpu 16 --cpu-load 2 --timeout 60s --quiet,1,5/15/2026,18:50:08,1.57,2.23,112
stress-ng --cpu 16 --cpu-load 2 --timeout 60s --quiet,1,5/15/2026,18:50:09,0.98,2.23,143
stress-ng --cpu 16 --cpu-load 2 --timeout 60s --quiet,1,5/15/2026,18:50:10,2.09,2.23,128
stress-ng --cpu 16 --cpu-load 2 --timeout 60s --quiet,1,5/15/2026,18:50:11,0.12,2.23,143
stress-ng --cpu 16 --cpu-load 2 --timeout 60s --quiet,1,5/15/2026,18:50:12,1.29,2.22,117
stress-ng --cpu 16 --cpu-load 2 --timeout 60s --quiet,1,5/15/2026,18:50:13,1.08,2.16,151
stress-ng --cpu 16 --cpu-load 4 --timeout 60s --quiet,2,5/15/2026,3:35:07,6.35,2.17,121
stress-ng --cpu 16 --cpu-load 4 --timeout 60s --quiet,2,5/15/2026,3:35:08,6.35,2.17,165
stress-ng --cpu 16 --cpu-load 4 --timeout 60s --quiet,2,5/15/2026,3:35:09,0.12,2.17,120
stress-ng --cpu 16 --cpu-load 4 --timeout 60s --quiet,2,5/15/2026,3:35:10,0.15,2.17,134
stress-ng --cpu 16 --cpu-load 4 --timeout 60s --quiet,2,5/15/2026,3:35:11,5.15,2.16,142
stress-ng --cpu 16 --cpu-load 4 --timeout 60s --quiet,2,5/15/2026,3:35:12,0.15,2.17,129
stress-ng --cpu 16 --cpu-load 4 --timeout 60s --quiet,2,5/15/2026,3:35:13,4.93,2.17,135
stress-ng --cpu 16 --cpu-load 4 --timeout 60s --quiet,2,5/15/2026,3:35:14,0.15,2.17,129
stress-ng --cpu 16 --cpu-load 4 --timeout 60s --quiet,2,5/15/2026,3:35:15,1.2,2.17,106
stress-ng --cpu 16 --cpu-load 4 --timeout 60s --quiet,2,5/15/2026,3:35:16,4.03,2.17,132
stress-ng --cpu 16 --cpu-load 4 --timeout 60s --quiet,2,5/15/2026,3:35:17,0.15,2.17,109
stress-ng --cpu 16 --cpu-load 4 --timeout 60s --quiet,2,5/15/2026,3:35:18,4.84,2.17,171
stress-ng --cpu 16 --cpu-load 4 --timeout 60s --quiet,2,5/15/2026,3:35:19,0.34,2.17,133
stress-ng --cpu 16 --cpu-load 4 --timeout 60s --quiet,2,5/15/2026,3:35:20,1.82,2.18,113
stress-ng --cpu 16 --cpu-load 4 --timeout 60s --quiet,2,5/15/2026,3:35:21,2.96,2.18,164
stress-ng --cpu 16 --cpu-load 4 --timeout 60s --quiet,2,5/15/2026,3:35:22,1.73,2.18,109
stress-ng --cpu 16 --cpu-load 4 --timeout 60s --quiet,2,5/15/2026,3:35:23,3.27,2.19,164
stress-ng --cpu 16 --cpu-load 4 --timeout 60s --quiet,2,5/15/2026,3:35:24,0.18,2.19,118
stress-ng --cpu 16 --cpu-load 4 --timeout 60s --quiet,2,5/15/2026,3:35:25,2.8,2.19,156
stress-ng --cpu 16 --cpu-load 4 --timeout 60s --quiet,2,5/15/2026,3:35:26,2.62,2.18,153.5
stress-ng --cpu 16 --cpu-load 4 --timeout 60s --quiet,2,5/15/2026,3:35:27,3.11,2.18,151
stress-ng --cpu 16 --cpu-load 4 --timeout 60s --quiet,2,5/15/2026,3:35:28,0.15,2.17,153
stress-ng --cpu 16 --cpu-load 4 --timeout 60s --quiet,2,5/15/2026,3:35:29,3.94,2.18,179
stress-ng --cpu 16 --cpu-load 4 --timeout 60s --quiet,2,5/15/2026,3:35:30,1.51,2.18,152
stress-ng --cpu 16 --cpu-load 4 --timeout 60s --quiet,2,5/15/2026,3:35:31,2.43,2.18,119
stress-ng --cpu 16 --cpu-load 4 --timeout 60s --quiet,2,5/15/2026,3:35:32,1.17,2.18,185
stress-ng --cpu 16 --cpu-load 4 --timeout 60s --quiet,2,5/15/2026,3:35:33,2.8,2.17,118
stress-ng --cpu 16 --cpu-load 4 --timeout 60s --quiet,2,5/15/2026,3:35:34,2,2.17,123
stress-ng --cpu 16 --cpu-load 4 --timeout 60s --quiet,2,5/15/2026,3:35:35,1.85,2.17,127
stress-ng --cpu 16 --cpu-load 4 --timeout 60s --quiet,2,5/15/2026,3:35:36,3.48,2.17,155
stress-ng --cpu 16 --cpu-load 4 --timeout 60s --quiet,2,5/15/2026,3:35:37,0.18,2.17,151
stress-ng --cpu 16 --cpu-load 4 --timeout 60s --quiet,2,5/15/2026,3:35:38,3.54,2.17,147
stress-ng --cpu 16 --cpu-load 4 --timeout 60s --quiet,2,5/15/2026,3:35:39,1.32,2.17,151
stress-ng --cpu 16 --cpu-load 4 --timeout 60s --quiet,2,5/15/2026,3:35:40,1.79,2.17,156.5
stress-ng --cpu 16 --cpu-load 4 --timeout 60s --quiet,2,5/15/2026,3:35:41,2.9,2.17,162
stress-ng --cpu 16 --cpu-load 4 --timeout 60s --quiet,2,5/15/2026,3:35:42,1.42,2.17,137
stress-ng --cpu 16 --cpu-load 4 --timeout 60s --quiet,2,5/15/2026,3:35:43,3.27,2.17,163
stress-ng --cpu 16 --cpu-load 4 --timeout 60s --quiet,2,5/15/2026,3:35:44,0.89,2.17,148
stress-ng --cpu 16 --cpu-load 4 --timeout 60s --quiet,2,5/15/2026,3:35:45,2.13,2.17,153
stress-ng --cpu 16 --cpu-load 4 --timeout 60s --quiet,2,5/15/2026,3:35:46,1.94,2.17,158
stress-ng --cpu 16 --cpu-load 4 --timeout 60s --quiet,2,5/15/2026,3:35:47,2.74,2.17,136
stress-ng --cpu 16 --cpu-load 4 --timeout 60s --quiet,2,5/15/2026,3:35:48,2.52,2.17,134
stress-ng --cpu 16 --cpu-load 4 --timeout 60s --quiet,2,5/15/2026,3:35:49,2.25,2.16,140
stress-ng --cpu 16 --cpu-load 4 --timeout 60s --quiet,2,5/15/2026,3:35:50,2.06,2.15,170
stress-ng --cpu 16 --cpu-load 4 --timeout 60s --quiet,2,5/15/2026,3:35:51,2.31,2.15,157
stress-ng --cpu 16 --cpu-load 4 --timeout 60s --quiet,2,5/15/2026,3:35:52,0.92,2.15,156
stress-ng --cpu 16 --cpu-load 4 --timeout 60s --quiet,2,5/15/2026,3:35:53,3.6,2.16,108
stress-ng --cpu 16 --cpu-load 4 --timeout 60s --quiet,2,5/15/2026,3:35:54,1.05,2.16,155
stress-ng --cpu 16 --cpu-load 4 --timeout 60s --quiet,2,5/15/2026,3:35:55,3.14,2.16,134
stress-ng --cpu 16 --cpu-load 4 --timeout 60s --quiet,2,5/15/2026,3:35:56,1.63,2.16,144
stress-ng --cpu 16 --cpu-load 4 --timeout 60s --quiet,2,5/15/2026,3:35:57,1.66,2.17,116
stress-ng --cpu 16 --cpu-load 4 --timeout 60s --quiet,2,5/15/2026,3:35:58,3.2,2.17,130
stress-ng --cpu 16 --cpu-load 4 --timeout 60s --quiet,2,5/15/2026,3:35:59,1.23,2.17,123
stress-ng --cpu 16 --cpu-load 4 --timeout 60s --quiet,2,5/15/2026,3:36:00,3.2,2.15,152
stress-ng --cpu 16 --cpu-load 4 --timeout 60s --quiet,2,5/15/2026,3:36:01,1.72,2.16,116
stress-ng --cpu 16 --cpu-load 4 --timeout 60s --quiet,2,5/15/2026,3:36:02,1.57,2.16,119
stress-ng --cpu 16 --cpu-load 4 --timeout 60s --quiet,2,5/15/2026,3:36:03,2.77,2.16,123
stress-ng --cpu 16 --cpu-load 4 --timeout 60s --quiet,2,5/15/2026,3:36:04,1.51,2.16,166
stress-ng --cpu 16 --cpu-load 4 --timeout 60s --quiet,2,5/15/2026,3:36:05,1.85,2.17,154
stress-ng --cpu 16 --cpu-load 4 --timeout 60s --quiet,2,5/15/2026,3:36:06,2.43,2.16,175
stress-ng --cpu 16 --cpu-load 4 --timeout 60s --quiet,2,5/15/2026,3:36:07,2,2.08,121
stress-ng --cpu 16 --cpu-load 4 --timeout 60s --quiet,2,5/15/2026,12:32:21,6.41,2.26,109
stress-ng --cpu 16 --cpu-load 4 --timeout 60s --quiet,2,5/15/2026,12:32:22,0.12,2.27,109
stress-ng --cpu 16 --cpu-load 4 --timeout 60s --quiet,2,5/15/2026,12:32:23,0.15,2.27,139
stress-ng --cpu 16 --cpu-load 4 --timeout 60s --quiet,2,5/15/2026,12:32:24,4.75,2.27,108
stress-ng --cpu 16 --cpu-load 4 --timeout 60s --quiet,2,5/15/2026,12:32:25,0.83,2.28,125
stress-ng --cpu 16 --cpu-load 4 --timeout 60s --quiet,2,5/15/2026,12:32:26,0.15,2.27,158
stress-ng --cpu 16 --cpu-load 4 --timeout 60s --quiet,2,5/15/2026,12:32:27,5.11,2.27,138
stress-ng --cpu 16 --cpu-load 4 --timeout 60s --quiet,2,5/15/2026,12:32:28,0.12,2.27,129
stress-ng --cpu 16 --cpu-load 4 --timeout 60s --quiet,2,5/15/2026,12:32:29,3.07,2.27,121
stress-ng --cpu 16 --cpu-load 4 --timeout 60s --quiet,2,5/15/2026,12:32:30,2.61,2.27,133
stress-ng --cpu 16 --cpu-load 4 --timeout 60s --quiet,2,5/15/2026,12:32:31,0.52,2.27,134
stress-ng --cpu 16 --cpu-load 4 --timeout 60s --quiet,2,5/15/2026,12:32:32,4.9,2.27,118
stress-ng --cpu 16 --cpu-load 4 --timeout 60s --quiet,2,5/15/2026,12:32:33,2.59,2.27,151
stress-ng --cpu 16 --cpu-load 4 --timeout 60s --quiet,2,5/15/2026,12:32:34,0.28,2.27,136.5
stress-ng --cpu 16 --cpu-load 4 --timeout 60s --quiet,2,5/15/2026,12:32:35,1.97,2.28,122
stress-ng --cpu 16 --cpu-load 4 --timeout 60s --quiet,2,5/15/2026,12:32:36,2.77,2.27,154
stress-ng --cpu 16 --cpu-load 4 --timeout 60s --quiet,2,5/15/2026,12:32:37,2.06,2.27,171
stress-ng --cpu 16 --cpu-load 4 --timeout 60s --quiet,2,5/15/2026,12:32:38,1.42,2.27,140
stress-ng --cpu 16 --cpu-load 4 --timeout 60s --quiet,2,5/15/2026,12:32:39,2.53,2.26,141
stress-ng --cpu 16 --cpu-load 4 --timeout 60s --quiet,2,5/15/2026,12:32:40,1.57,2.26,144
stress-ng --cpu 16 --cpu-load 4 --timeout 60s --quiet,2,5/15/2026,12:32:41,3.76,2.26,180
stress-ng --cpu 16 --cpu-load 4 --timeout 60s --quiet,2,5/15/2026,12:32:42,0.86,2.26,121
stress-ng --cpu 16 --cpu-load 4 --timeout 60s --quiet,2,5/15/2026,12:32:43,3.94,2.26,158
stress-ng --cpu 16 --cpu-load 4 --timeout 60s --quiet,2,5/15/2026,12:32:44,1.14,2.26,140
stress-ng --cpu 16 --cpu-load 4 --timeout 60s --quiet,2,5/15/2026,12:32:45,1.79,2.26,116
stress-ng --cpu 16 --cpu-load 4 --timeout 60s --quiet,2,5/15/2026,12:32:46,3.05,2.26,179
stress-ng --cpu 16 --cpu-load 4 --timeout 60s --quiet,2,5/15/2026,12:32:47,1.45,2.26,146
stress-ng --cpu 16 --cpu-load 4 --timeout 60s --quiet,2,5/15/2026,12:32:48,2.03,2.26,147
stress-ng --cpu 16 --cpu-load 4 --timeout 60s --quiet,2,5/15/2026,12:32:49,2.25,2.26,130
stress-ng --cpu 16 --cpu-load 4 --timeout 60s --quiet,2,5/15/2026,12:32:50,1.88,2.26,160
stress-ng --cpu 16 --cpu-load 4 --timeout 60s --quiet,2,5/15/2026,12:32:51,2.77,2.26,153
stress-ng --cpu 16 --cpu-load 4 --timeout 60s --quiet,2,5/15/2026,12:32:52,2.28,2.25,137
stress-ng --cpu 16 --cpu-load 4 --timeout 60s --quiet,2,5/15/2026,12:32:53,3.02,2.25,165
stress-ng --cpu 16 --cpu-load 4 --timeout 60s --quiet,2,5/15/2026,12:32:54,1.33,2.26,145
stress-ng --cpu 16 --cpu-load 4 --timeout 60s --quiet,2,5/15/2026,12:32:55,1.42,2.25,150
stress-ng --cpu 16 --cpu-load 4 --timeout 60s --quiet,2,5/15/2026,12:32:56,3.57,2.25,155
stress-ng --cpu 16 --cpu-load 4 --timeout 60s --quiet,2,5/15/2026,12:32:57,1.54,2.25,136
stress-ng --cpu 16 --cpu-load 4 --timeout 60s --quiet,2,5/15/2026,12:32:58,2.92,2.25,158
stress-ng --cpu 16 --cpu-load 4 --timeout 60s --quiet,2,5/15/2026,12:32:59,1.48,2.25,157.5
stress-ng --cpu 16 --cpu-load 4 --timeout 60s --quiet,2,5/15/2026,12:33:00,2.96,2.25,157
stress-ng --cpu 16 --cpu-load 4 --timeout 60s --quiet,2,5/15/2026,12:33:01,1.63,2.23,168
stress-ng --cpu 16 --cpu-load 4 --timeout 60s --quiet,2,5/15/2026,12:33:02,1.97,2.22,148
stress-ng --cpu 16 --cpu-load 4 --timeout 60s --quiet,2,5/15/2026,12:33:03,3.02,2.22,158
stress-ng --cpu 16 --cpu-load 4 --timeout 60s --quiet,2,5/15/2026,12:33:04,1.05,2.22,147
stress-ng --cpu 16 --cpu-load 4 --timeout 60s --quiet,2,5/15/2026,12:33:05,2.74,2.22,154
stress-ng --cpu 16 --cpu-load 4 --timeout 60s --quiet,2,5/15/2026,12:33:06,2,2.22,153
stress-ng --cpu 16 --cpu-load 4 --timeout 60s --quiet,2,5/15/2026,12:33:07,2.31,2.22,179
stress-ng --cpu 16 --cpu-load 4 --timeout 60s --quiet,2,5/15/2026,12:33:08,2.37,2.22,149
stress-ng --cpu 16 --cpu-load 4 --timeout 60s --quiet,2,5/15/2026,12:33:09,2.28,2.22,140
stress-ng --cpu 16 --cpu-load 4 --timeout 60s --quiet,2,5/15/2026,12:33:10,2.43,2.22,166
stress-ng --cpu 16 --cpu-load 4 --timeout 60s --quiet,2,5/15/2026,12:33:11,2.34,2.21,137
stress-ng --cpu 16 --cpu-load 4 --timeout 60s --quiet,2,5/15/2026,12:33:12,2.8,2.21,142
stress-ng --cpu 16 --cpu-load 4 --timeout 60s --quiet,2,5/15/2026,12:33:13,1.45,2.21,142.5
stress-ng --cpu 16 --cpu-load 4 --timeout 60s --quiet,2,5/15/2026,12:33:14,1.35,2.21,143
stress-ng --cpu 16 --cpu-load 4 --timeout 60s --quiet,2,5/15/2026,12:33:15,3.05,2.21,132
stress-ng --cpu 16 --cpu-load 4 --timeout 60s --quiet,2,5/15/2026,12:33:16,2.09,2.21,167
stress-ng --cpu 16 --cpu-load 4 --timeout 60s --quiet,2,5/15/2026,12:33:17,1.48,2.22,124
stress-ng --cpu 16 --cpu-load 4 --timeout 60s --quiet,2,5/15/2026,12:33:18,3.51,2.22,144
stress-ng --cpu 16 --cpu-load 4 --timeout 60s --quiet,2,5/15/2026,12:33:19,1.32,2.21,134
stress-ng --cpu 16 --cpu-load 4 --timeout 60s --quiet,2,5/15/2026,12:33:20,2.06,2.21,116
stress-ng --cpu 16 --cpu-load 4 --timeout 60s --quiet,2,5/15/2026,12:33:21,2.37,2.13,147
stress-ng --cpu 16 --cpu-load 4 --timeout 60s --quiet,2,5/15/2026,21:07:33,0.12,2.07,111
stress-ng --cpu 16 --cpu-load 4 --timeout 60s --quiet,2,5/15/2026,21:07:34,6.38,2.18,140
stress-ng --cpu 16 --cpu-load 4 --timeout 60s --quiet,2,5/15/2026,21:07:35,0.12,2.18,107
stress-ng --cpu 16 --cpu-load 4 --timeout 60s --quiet,2,5/15/2026,21:07:36,0.15,2.19,133
stress-ng --cpu 16 --cpu-load 4 --timeout 60s --quiet,2,5/15/2026,21:07:37,4.75,2.18,134
stress-ng --cpu 16 --cpu-load 4 --timeout 60s --quiet,2,5/15/2026,21:07:38,0.62,2.18,144
stress-ng --cpu 16 --cpu-load 4 --timeout 60s --quiet,2,5/15/2026,21:07:39,0.12,2.19,141
stress-ng --cpu 16 --cpu-load 4 --timeout 60s --quiet,2,5/15/2026,21:07:40,5.11,2.18,182
stress-ng --cpu 16 --cpu-load 4 --timeout 60s --quiet,2,5/15/2026,21:07:41,0.15,2.17,131
stress-ng --cpu 16 --cpu-load 4 --timeout 60s --quiet,2,5/15/2026,21:07:42,5.08,2.17,137
stress-ng --cpu 16 --cpu-load 4 --timeout 60s --quiet,2,5/15/2026,21:07:43,0.15,2.18,195
stress-ng --cpu 16 --cpu-load 4 --timeout 60s --quiet,2,5/15/2026,21:07:44,1.45,2.18,143
stress-ng --cpu 16 --cpu-load 4 --timeout 60s --quiet,2,5/15/2026,21:07:45,4,2.18,131
stress-ng --cpu 16 --cpu-load 4 --timeout 60s --quiet,2,5/15/2026,21:07:46,0.12,2.18,138
stress-ng --cpu 16 --cpu-load 4 --timeout 60s --quiet,2,5/15/2026,21:07:47,2.49,2.18,170
stress-ng --cpu 16 --cpu-load 4 --timeout 60s --quiet,2,5/15/2026,21:07:48,2.34,2.19,140
stress-ng --cpu 16 --cpu-load 4 --timeout 60s --quiet,2,5/15/2026,21:07:49,2.68,2.19,143
stress-ng --cpu 16 --cpu-load 4 --timeout 60s --quiet,2,5/15/2026,21:07:50,2.34,2.19,113
stress-ng --cpu 16 --cpu-load 4 --timeout 60s --quiet,2,5/15/2026,21:07:51,1.97,2.19,165
stress-ng --cpu 16 --cpu-load 4 --timeout 60s --quiet,2,5/15/2026,21:07:52,0.34,2.19,118
stress-ng --cpu 16 --cpu-load 4 --timeout 60s --quiet,2,5/15/2026,21:07:53,4.65,2.19,178
stress-ng --cpu 16 --cpu-load 4 --timeout 60s --quiet,2,5/15/2026,21:07:54,1.38,2.19,135
stress-ng --cpu 16 --cpu-load 4 --timeout 60s --quiet,2,5/15/2026,21:07:55,2.37,2.19,113
stress-ng --cpu 16 --cpu-load 4 --timeout 60s --quiet,2,5/15/2026,21:07:56,1.72,2.19,127.5
stress-ng --cpu 16 --cpu-load 4 --timeout 60s --quiet,2,5/15/2026,21:07:57,2.68,2.19,142
stress-ng --cpu 16 --cpu-load 4 --timeout 60s --quiet,2,5/15/2026,21:07:58,1.97,2.19,183
stress-ng --cpu 16 --cpu-load 4 --timeout 60s --quiet,2,5/15/2026,21:07:59,1.11,2.19,145
stress-ng --cpu 16 --cpu-load 4 --timeout 60s --quiet,2,5/15/2026,21:08:00,3.23,2.19,126
stress-ng --cpu 16 --cpu-load 4 --timeout 60s --quiet,2,5/15/2026,21:08:01,1.51,2.19,176
stress-ng --cpu 16 --cpu-load 4 --timeout 60s --quiet,2,5/15/2026,21:08:02,2.77,2.18,140
stress-ng --cpu 16 --cpu-load 4 --timeout 60s --quiet,2,5/15/2026,21:08:03,2.34,2.18,170
stress-ng --cpu 16 --cpu-load 4 --timeout 60s --quiet,2,5/15/2026,21:08:04,1.57,2.18,117
stress-ng --cpu 16 --cpu-load 4 --timeout 60s --quiet,2,5/15/2026,21:08:05,2.93,2.18,152
stress-ng --cpu 16 --cpu-load 4 --timeout 60s --quiet,2,5/15/2026,21:08:06,1.63,2.18,151
stress-ng --cpu 16 --cpu-load 4 --timeout 60s --quiet,2,5/15/2026,21:08:07,2.25,2.18,144
stress-ng --cpu 16 --cpu-load 4 --timeout 60s --quiet,2,5/15/2026,21:08:08,1.72,2.18,145
stress-ng --cpu 16 --cpu-load 4 --timeout 60s --quiet,2,5/15/2026,21:08:09,2.92,2.18,150
stress-ng --cpu 16 --cpu-load 4 --timeout 60s --quiet,2,5/15/2026,21:08:10,1.88,2.18,182
stress-ng --cpu 16 --cpu-load 4 --timeout 60s --quiet,2,5/15/2026,21:08:11,1.72,2.18,140
stress-ng --cpu 16 --cpu-load 4 --timeout 60s --quiet,2,5/15/2026,21:08:12,2.16,2.18,181
stress-ng --cpu 16 --cpu-load 4 --timeout 60s --quiet,2,5/15/2026,21:08:13,2.4,2.18,157
stress-ng --cpu 16 --cpu-load 4 --timeout 60s --quiet,2,5/15/2026,21:08:14,2.13,2.18,152
stress-ng --cpu 16 --cpu-load 4 --timeout 60s --quiet,2,5/15/2026,21:08:15,1.85,2.18,119
stress-ng --cpu 16 --cpu-load 4 --timeout 60s --quiet,2,5/15/2026,21:08:16,3.14,2.18,160
stress-ng --cpu 16 --cpu-load 4 --timeout 60s --quiet,2,5/15/2026,21:08:17,0.95,2.18,146
stress-ng --cpu 16 --cpu-load 4 --timeout 60s --quiet,2,5/15/2026,21:08:18,2.59,2.18,175
stress-ng --cpu 16 --cpu-load 4 --timeout 60s --quiet,2,5/15/2026,21:08:19,1.48,2.18,147
stress-ng --cpu 16 --cpu-load 4 --timeout 60s --quiet,2,5/15/2026,21:08:20,3.02,2.19,157.5
stress-ng --cpu 16 --cpu-load 4 --timeout 60s --quiet,2,5/15/2026,21:08:21,1.36,2.19,168
stress-ng --cpu 16 --cpu-load 4 --timeout 60s --quiet,2,5/15/2026,21:08:22,3.2,2.19,146
stress-ng --cpu 16 --cpu-load 4 --timeout 60s --quiet,2,5/15/2026,21:08:23,1.39,2.19,124
stress-ng --cpu 16 --cpu-load 4 --timeout 60s --quiet,2,5/15/2026,21:08:24,2.43,2.19,116.5
stress-ng --cpu 16 --cpu-load 4 --timeout 60s --quiet,2,5/15/2026,21:08:25,2.37,2.19,109
stress-ng --cpu 16 --cpu-load 4 --timeout 60s --quiet,2,5/15/2026,21:08:26,1.69,2.19,177
stress-ng --cpu 16 --cpu-load 4 --timeout 60s --quiet,2,5/15/2026,21:08:27,1.97,2.2,108
stress-ng --cpu 16 --cpu-load 4 --timeout 60s --quiet,2,5/15/2026,21:08:28,2.31,2.2,148
stress-ng --cpu 16 --cpu-load 4 --timeout 60s --quiet,2,5/15/2026,21:08:29,2.4,2.2,139
stress-ng --cpu 16 --cpu-load 4 --timeout 60s --quiet,2,5/15/2026,21:08:30,1.45,2.2,147
stress-ng --cpu 16 --cpu-load 4 --timeout 60s --quiet,2,5/15/2026,21:08:31,2.25,2.19,126
stress-ng --cpu 16 --cpu-load 4 --timeout 60s --quiet,2,5/15/2026,21:08:32,1.94,2.19,163
stress-ng --cpu 16 --cpu-load 4 --timeout 60s --quiet,2,5/15/2026,21:08:33,1.97,2.1,131
stress-ng --cpu 16 --cpu-load 6 --timeout 60s --quiet,3,5/14/2026,20:12:06,6.47,2.17,105
stress-ng --cpu 16 --cpu-load 6 --timeout 60s --quiet,3,5/14/2026,20:12:07,0.15,2.17,109
stress-ng --cpu 16 --cpu-load 6 --timeout 60s --quiet,3,5/14/2026,20:12:08,4.44,2.17,113
stress-ng --cpu 16 --cpu-load 6 --timeout 60s --quiet,3,5/14/2026,20:12:09,0.8,2.17,125
stress-ng --cpu 16 --cpu-load 6 --timeout 60s --quiet,3,5/14/2026,20:12:10,5.17,2.18,109
stress-ng --cpu 16 --cpu-load 6 --timeout 60s --quiet,3,5/14/2026,20:12:11,0.52,2.18,142
stress-ng --cpu 16 --cpu-load 6 --timeout 60s --quiet,3,5/14/2026,20:12:12,5.32,2.18,132
stress-ng --cpu 16 --cpu-load 6 --timeout 60s --quiet,3,5/14/2026,20:12:13,3.64,2.18,213
stress-ng --cpu 16 --cpu-load 6 --timeout 60s --quiet,3,5/14/2026,20:12:14,2,2.18,151
stress-ng --cpu 16 --cpu-load 6 --timeout 60s --quiet,3,5/14/2026,20:12:15,4.96,2.17,192
stress-ng --cpu 16 --cpu-load 6 --timeout 60s --quiet,3,5/14/2026,20:12:16,1.32,2.18,145
stress-ng --cpu 16 --cpu-load 6 --timeout 60s --quiet,3,5/14/2026,20:12:17,3.98,2.18,127
stress-ng --cpu 16 --cpu-load 6 --timeout 60s --quiet,3,5/14/2026,20:12:18,1.26,2.18,138
stress-ng --cpu 16 --cpu-load 6 --timeout 60s --quiet,3,5/14/2026,20:12:19,4.06,2.18,134
stress-ng --cpu 16 --cpu-load 6 --timeout 60s --quiet,3,5/14/2026,20:12:20,3.85,2.18,161
stress-ng --cpu 16 --cpu-load 6 --timeout 60s --quiet,3,5/14/2026,20:12:21,2.19,2.19,170
stress-ng --cpu 16 --cpu-load 6 --timeout 60s --quiet,3,5/14/2026,20:12:22,4.22,2.19,161
stress-ng --cpu 16 --cpu-load 6 --timeout 60s --quiet,3,5/14/2026,20:12:23,2.77,2.19,167
stress-ng --cpu 16 --cpu-load 6 --timeout 60s --quiet,3,5/14/2026,20:12:24,1.32,2.19,132
stress-ng --cpu 16 --cpu-load 6 --timeout 60s --quiet,3,5/14/2026,20:12:25,4.46,2.18,211
stress-ng --cpu 16 --cpu-load 6 --timeout 60s --quiet,3,5/14/2026,20:12:26,4.5,2.18,144
stress-ng --cpu 16 --cpu-load 6 --timeout 60s --quiet,3,5/14/2026,20:12:27,1.2,2.18,144
stress-ng --cpu 16 --cpu-load 6 --timeout 60s --quiet,3,5/14/2026,20:12:28,4.52,2.18,144
stress-ng --cpu 16 --cpu-load 6 --timeout 60s --quiet,3,5/14/2026,20:12:29,2.4,2.18,171
stress-ng --cpu 16 --cpu-load 6 --timeout 60s --quiet,3,5/14/2026,20:12:30,2.71,2.18,149
stress-ng --cpu 16 --cpu-load 6 --timeout 60s --quiet,3,5/14/2026,20:12:31,3.11,2.18,160
stress-ng --cpu 16 --cpu-load 6 --timeout 60s --quiet,3,5/14/2026,20:12:32,3.73,2.17,165
stress-ng --cpu 16 --cpu-load 6 --timeout 60s --quiet,3,5/14/2026,20:12:33,2.37,2.17,124
stress-ng --cpu 16 --cpu-load 6 --timeout 60s --quiet,3,5/14/2026,20:12:34,2.83,2.17,166
stress-ng --cpu 16 --cpu-load 6 --timeout 60s --quiet,3,5/14/2026,20:12:35,4.28,2.17,152
stress-ng --cpu 16 --cpu-load 6 --timeout 60s --quiet,3,5/14/2026,20:12:36,3.42,2.17,148
stress-ng --cpu 16 --cpu-load 6 --timeout 60s --quiet,3,5/14/2026,20:12:37,2.16,2.17,153
stress-ng --cpu 16 --cpu-load 6 --timeout 60s --quiet,3,5/14/2026,20:12:38,3.91,2.18,168
stress-ng --cpu 16 --cpu-load 6 --timeout 60s --quiet,3,5/14/2026,20:12:39,2.56,2.18,164
stress-ng --cpu 16 --cpu-load 6 --timeout 60s --quiet,3,5/14/2026,20:12:40,2.96,2.18,161
stress-ng --cpu 16 --cpu-load 6 --timeout 60s --quiet,3,5/14/2026,20:12:41,4.31,2.19,203
stress-ng --cpu 16 --cpu-load 6 --timeout 60s --quiet,3,5/14/2026,20:12:42,1.88,2.18,150
stress-ng --cpu 16 --cpu-load 6 --timeout 60s --quiet,3,5/14/2026,20:12:43,3.81,2.18,161
stress-ng --cpu 16 --cpu-load 6 --timeout 60s --quiet,3,5/14/2026,20:12:44,2.77,2.18,184
stress-ng --cpu 16 --cpu-load 6 --timeout 60s --quiet,3,5/14/2026,20:12:45,3.08,2.18,136
stress-ng --cpu 16 --cpu-load 6 --timeout 60s --quiet,3,5/14/2026,20:12:46,3.58,2.18,173
stress-ng --cpu 16 --cpu-load 6 --timeout 60s --quiet,3,5/14/2026,20:12:47,2.34,2.18,154.5
stress-ng --cpu 16 --cpu-load 6 --timeout 60s --quiet,3,5/14/2026,20:12:48,4.41,2.19,136
stress-ng --cpu 16 --cpu-load 6 --timeout 60s --quiet,3,5/14/2026,20:12:49,2.68,2.19,131
stress-ng --cpu 16 --cpu-load 6 --timeout 60s --quiet,3,5/14/2026,20:12:50,2.8,2.19,204
stress-ng --cpu 16 --cpu-load 6 --timeout 60s --quiet,3,5/14/2026,20:12:51,3.42,2.19,152
stress-ng --cpu 16 --cpu-load 6 --timeout 60s --quiet,3,5/14/2026,20:12:52,3.57,2.21,163
stress-ng --cpu 16 --cpu-load 6 --timeout 60s --quiet,3,5/14/2026,20:12:53,2.68,2.18,178
stress-ng --cpu 16 --cpu-load 6 --timeout 60s --quiet,3,5/14/2026,20:12:54,4.07,2.19,152
stress-ng --cpu 16 --cpu-load 6 --timeout 60s --quiet,3,5/14/2026,20:12:55,2.68,2.19,189
stress-ng --cpu 16 --cpu-load 6 --timeout 60s --quiet,3,5/14/2026,20:12:56,2.99,2.19,167
stress-ng --cpu 16 --cpu-load 6 --timeout 60s --quiet,3,5/14/2026,20:12:57,3.54,2.19,143
stress-ng --cpu 16 --cpu-load 6 --timeout 60s --quiet,3,5/14/2026,20:12:58,2.74,2.2,199
stress-ng --cpu 16 --cpu-load 6 --timeout 60s --quiet,3,5/14/2026,20:12:59,3.14,2.2,156
stress-ng --cpu 16 --cpu-load 6 --timeout 60s --quiet,3,5/14/2026,20:13:00,3.51,2.2,165
stress-ng --cpu 16 --cpu-load 6 --timeout 60s --quiet,3,5/14/2026,20:13:01,2.62,2.2,156
stress-ng --cpu 16 --cpu-load 6 --timeout 60s --quiet,3,5/14/2026,20:13:02,3.57,2.2,134
stress-ng --cpu 16 --cpu-load 6 --timeout 60s --quiet,3,5/14/2026,20:13:03,2.71,2.2,168
stress-ng --cpu 16 --cpu-load 6 --timeout 60s --quiet,3,5/14/2026,20:13:04,3.2,2.19,160
stress-ng --cpu 16 --cpu-load 6 --timeout 60s --quiet,3,5/14/2026,20:13:05,3.6,2.19,151
stress-ng --cpu 16 --cpu-load 6 --timeout 60s --quiet,3,5/14/2026,20:13:06,2.65,2.11,147
stress-ng --cpu 16 --cpu-load 6 --timeout 60s --quiet,3,5/15/2026,13:30:28,0.19,2.13,122
stress-ng --cpu 16 --cpu-load 6 --timeout 60s --quiet,3,5/15/2026,13:30:29,6.38,2.23,121
stress-ng --cpu 16 --cpu-load 6 --timeout 60s --quiet,3,5/15/2026,13:30:30,0.12,2.22,122
stress-ng --cpu 16 --cpu-load 6 --timeout 60s --quiet,3,5/15/2026,13:30:31,5.24,2.23,120
stress-ng --cpu 16 --cpu-load 6 --timeout 60s --quiet,3,5/15/2026,13:30:32,5.11,2.23,113
stress-ng --cpu 16 --cpu-load 6 --timeout 60s --quiet,3,5/15/2026,13:30:33,0.18,2.23,108
stress-ng --cpu 16 --cpu-load 6 --timeout 60s --quiet,3,5/15/2026,13:30:34,5.54,2.23,136
stress-ng --cpu 16 --cpu-load 6 --timeout 60s --quiet,3,5/15/2026,13:30:35,0.12,2.23,117
stress-ng --cpu 16 --cpu-load 6 --timeout 60s --quiet,3,5/15/2026,13:30:36,5.39,2.23,122
stress-ng --cpu 16 --cpu-load 6 --timeout 60s --quiet,3,5/15/2026,13:30:37,1.91,2.23,104
stress-ng --cpu 16 --cpu-load 6 --timeout 60s --quiet,3,5/15/2026,13:30:38,3.02,2.24,111
stress-ng --cpu 16 --cpu-load 6 --timeout 60s --quiet,3,5/15/2026,13:30:39,3.54,2.24,121
stress-ng --cpu 16 --cpu-load 6 --timeout 60s --quiet,3,5/15/2026,13:30:40,2.99,2.24,180
stress-ng --cpu 16 --cpu-load 6 --timeout 60s --quiet,3,5/15/2026,13:30:41,4.09,2.24,158
stress-ng --cpu 16 --cpu-load 6 --timeout 60s --quiet,3,5/15/2026,13:30:42,2.31,2.24,203
stress-ng --cpu 16 --cpu-load 6 --timeout 60s --quiet,3,5/15/2026,13:30:43,2.83,2.24,171.5
stress-ng --cpu 16 --cpu-load 6 --timeout 60s --quiet,3,5/15/2026,13:30:44,4.09,2.23,140
stress-ng --cpu 16 --cpu-load 6 --timeout 60s --quiet,3,5/15/2026,13:30:45,1.6,2.23,164
stress-ng --cpu 16 --cpu-load 6 --timeout 60s --quiet,3,5/15/2026,13:30:46,3.85,2.24,178
stress-ng --cpu 16 --cpu-load 6 --timeout 60s --quiet,3,5/15/2026,13:30:47,3.39,2.23,197
stress-ng --cpu 16 --cpu-load 6 --timeout 60s --quiet,3,5/15/2026,13:30:48,3.02,2.23,184
stress-ng --cpu 16 --cpu-load 6 --timeout 60s --quiet,3,5/15/2026,13:30:49,3.32,2.24,169
stress-ng --cpu 16 --cpu-load 6 --timeout 60s --quiet,3,5/15/2026,13:30:50,3.05,2.24,179
stress-ng --cpu 16 --cpu-load 6 --timeout 60s --quiet,3,5/15/2026,13:30:51,2.96,2.23,153
stress-ng --cpu 16 --cpu-load 6 --timeout 60s --quiet,3,5/15/2026,13:30:52,3.32,2.24,148
stress-ng --cpu 16 --cpu-load 6 --timeout 60s --quiet,3,5/15/2026,13:30:53,3.14,2.24,170
stress-ng --cpu 16 --cpu-load 6 --timeout 60s --quiet,3,5/15/2026,13:30:54,2.89,2.24,170
stress-ng --cpu 16 --cpu-load 6 --timeout 60s --quiet,3,5/15/2026,13:30:55,3.09,2.24,132
stress-ng --cpu 16 --cpu-load 6 --timeout 60s --quiet,3,5/15/2026,13:30:56,3.29,2.24,161
stress-ng --cpu 16 --cpu-load 6 --timeout 60s --quiet,3,5/15/2026,13:30:57,2.99,2.25,141
stress-ng --cpu 16 --cpu-load 6 --timeout 60s --quiet,3,5/15/2026,13:30:58,3.48,2.24,121
stress-ng --cpu 16 --cpu-load 6 --timeout 60s --quiet,3,5/15/2026,13:30:59,2.12,2.24,197
stress-ng --cpu 16 --cpu-load 6 --timeout 60s --quiet,3,5/15/2026,13:31:00,4.19,2.24,120
stress-ng --cpu 16 --cpu-load 6 --timeout 60s --quiet,3,5/15/2026,13:31:01,3.11,2.24,134
stress-ng --cpu 16 --cpu-load 6 --timeout 60s --quiet,3,5/15/2026,13:31:02,2.46,2.24,160
stress-ng --cpu 16 --cpu-load 6 --timeout 60s --quiet,3,5/15/2026,13:31:03,3.39,2.24,179
stress-ng --cpu 16 --cpu-load 6 --timeout 60s --quiet,3,5/15/2026,13:31:04,3.63,2.23,165
stress-ng --cpu 16 --cpu-load 6 --timeout 60s --quiet,3,5/15/2026,13:31:05,3.08,2.23,131
stress-ng --cpu 16 --cpu-load 6 --timeout 60s --quiet,3,5/15/2026,13:31:06,3.02,2.23,154
stress-ng --cpu 16 --cpu-load 6 --timeout 60s --quiet,3,5/15/2026,13:31:07,3.29,2.23,161
stress-ng --cpu 16 --cpu-load 6 --timeout 60s --quiet,3,5/15/2026,13:31:08,2.83,2.22,173
stress-ng --cpu 16 --cpu-load 6 --timeout 60s --quiet,3,5/15/2026,13:31:09,2.95,2.22,162
stress-ng --cpu 16 --cpu-load 6 --timeout 60s --quiet,3,5/15/2026,13:31:10,3.54,2.22,178
stress-ng --cpu 16 --cpu-load 6 --timeout 60s --quiet,3,5/15/2026,13:31:11,3.27,2.22,156
stress-ng --cpu 16 --cpu-load 6 --timeout 60s --quiet,3,5/15/2026,13:31:12,2.68,2.22,140
stress-ng --cpu 16 --cpu-load 6 --timeout 60s --quiet,3,5/15/2026,13:31:13,2.96,2.22,186
stress-ng --cpu 16 --cpu-load 6 --timeout 60s --quiet,3,5/15/2026,13:31:14,4.06,2.22,173
stress-ng --cpu 16 --cpu-load 6 --timeout 60s --quiet,3,5/15/2026,13:31:15,2.65,2.22,185
stress-ng --cpu 16 --cpu-load 6 --timeout 60s --quiet,3,5/15/2026,13:31:16,3.11,2.22,180
stress-ng --cpu 16 --cpu-load 6 --timeout 60s --quiet,3,5/15/2026,13:31:17,3.88,2.23,143
stress-ng --cpu 16 --cpu-load 6 --timeout 60s --quiet,3,5/15/2026,13:31:18,2.53,2.23,158
stress-ng --cpu 16 --cpu-load 6 --timeout 60s --quiet,3,5/15/2026,13:31:19,3.2,2.23,165
stress-ng --cpu 16 --cpu-load 6 --timeout 60s --quiet,3,5/15/2026,13:31:20,3.51,2.23,172
stress-ng --cpu 16 --cpu-load 6 --timeout 60s --quiet,3,5/15/2026,13:31:21,2.49,2.23,150
stress-ng --cpu 16 --cpu-load 6 --timeout 60s --quiet,3,5/15/2026,13:31:22,3.11,2.23,178
stress-ng --cpu 16 --cpu-load 6 --timeout 60s --quiet,3,5/15/2026,13:31:23,4.07,2.23,168
stress-ng --cpu 16 --cpu-load 6 --timeout 60s --quiet,3,5/15/2026,13:31:24,2.71,2.23,169
stress-ng --cpu 16 --cpu-load 6 --timeout 60s --quiet,3,5/15/2026,13:31:25,2.92,2.23,184
stress-ng --cpu 16 --cpu-load 6 --timeout 60s --quiet,3,5/15/2026,13:31:26,4.12,2.22,162
stress-ng --cpu 16 --cpu-load 6 --timeout 60s --quiet,3,5/15/2026,13:31:27,2.09,2.22,142
stress-ng --cpu 16 --cpu-load 6 --timeout 60s --quiet,3,5/15/2026,13:31:28,3.54,2.23,196
stress-ng --cpu 16 --cpu-load 6 --timeout 60s --quiet,3,5/15/2026,18:45:11,0.31,2.13,105
stress-ng --cpu 16 --cpu-load 6 --timeout 60s --quiet,3,5/15/2026,18:45:12,6.25,2.24,207
stress-ng --cpu 16 --cpu-load 6 --timeout 60s --quiet,3,5/15/2026,18:45:13,0.52,2.24,114
stress-ng --cpu 16 --cpu-load 6 --timeout 60s --quiet,3,5/15/2026,18:45:14,4.99,2.25,180
stress-ng --cpu 16 --cpu-load 6 --timeout 60s --quiet,3,5/15/2026,18:45:15,4.99,2.25,117
stress-ng --cpu 16 --cpu-load 6 --timeout 60s --quiet,3,5/15/2026,18:45:16,0.28,2.25,100
stress-ng --cpu 16 --cpu-load 6 --timeout 60s --quiet,3,5/15/2026,18:45:17,5.39,2.24,153
stress-ng --cpu 16 --cpu-load 6 --timeout 60s --quiet,3,5/15/2026,18:45:18,1.51,2.25,111
stress-ng --cpu 16 --cpu-load 6 --timeout 60s --quiet,3,5/15/2026,18:45:19,3.91,2.25,174
stress-ng --cpu 16 --cpu-load 6 --timeout 60s --quiet,3,5/15/2026,18:45:20,2.65,2.25,160
stress-ng --cpu 16 --cpu-load 6 --timeout 60s --quiet,3,5/15/2026,18:45:21,3.41,2.25,177
stress-ng --cpu 16 --cpu-load 6 --timeout 60s --quiet,3,5/15/2026,18:45:22,2.13,2.25,177.5
stress-ng --cpu 16 --cpu-load 6 --timeout 60s --quiet,3,5/15/2026,18:45:23,3.91,2.25,178
stress-ng --cpu 16 --cpu-load 6 --timeout 60s --quiet,3,5/15/2026,18:45:24,3.85,2.25,110
stress-ng --cpu 16 --cpu-load 6 --timeout 60s --quiet,3,5/15/2026,18:45:25,2.25,2.26,141
stress-ng --cpu 16 --cpu-load 6 --timeout 60s --quiet,3,5/15/2026,18:45:26,3.29,2.26,115
stress-ng --cpu 16 --cpu-load 6 --timeout 60s --quiet,3,5/15/2026,18:45:27,4.03,2.24,185
stress-ng --cpu 16 --cpu-load 6 --timeout 60s --quiet,3,5/15/2026,18:45:28,2,2.24,153
stress-ng --cpu 16 --cpu-load 6 --timeout 60s --quiet,3,5/15/2026,18:45:29,3.2,2.24,140
stress-ng --cpu 16 --cpu-load 6 --timeout 60s --quiet,3,5/15/2026,18:45:30,3.73,2.24,167
stress-ng --cpu 16 --cpu-load 6 --timeout 60s --quiet,3,5/15/2026,18:45:31,3.39,2.24,164
stress-ng --cpu 16 --cpu-load 6 --timeout 60s --quiet,3,5/15/2026,18:45:32,3.05,2.24,136
stress-ng --cpu 16 --cpu-load 6 --timeout 60s --quiet,3,5/15/2026,18:45:33,3.14,2.24,182
stress-ng --cpu 16 --cpu-load 6 --timeout 60s --quiet,3,5/15/2026,18:45:34,3.45,2.24,146
stress-ng --cpu 16 --cpu-load 6 --timeout 60s --quiet,3,5/15/2026,18:45:35,2.16,2.24,158
stress-ng --cpu 16 --cpu-load 6 --timeout 60s --quiet,3,5/15/2026,18:45:36,3.63,2.24,179
stress-ng --cpu 16 --cpu-load 6 --timeout 60s --quiet,3,5/15/2026,18:45:37,2.95,2.24,124
stress-ng --cpu 16 --cpu-load 6 --timeout 60s --quiet,3,5/15/2026,18:45:38,3.7,2.24,141
stress-ng --cpu 16 --cpu-load 6 --timeout 60s --quiet,3,5/15/2026,18:45:39,2.25,2.22,157
stress-ng --cpu 16 --cpu-load 6 --timeout 60s --quiet,3,5/15/2026,18:45:40,3.88,2.22,150
stress-ng --cpu 16 --cpu-load 6 --timeout 60s --quiet,3,5/15/2026,18:45:41,3.26,2.22,160
stress-ng --cpu 16 --cpu-load 6 --timeout 60s --quiet,3,5/15/2026,18:45:42,2.28,2.21,155
stress-ng --cpu 16 --cpu-load 6 --timeout 60s --quiet,3,5/15/2026,18:45:43,4.16,2.21,147
stress-ng --cpu 16 --cpu-load 6 --timeout 60s --quiet,3,5/15/2026,18:45:44,3.6,2.21,139
stress-ng --cpu 16 --cpu-load 6 --timeout 60s --quiet,3,5/15/2026,18:45:45,1.85,2.22,138
stress-ng --cpu 16 --cpu-load 6 --timeout 60s --quiet,3,5/15/2026,18:45:46,4.4,2.22,137
stress-ng --cpu 16 --cpu-load 6 --timeout 60s --quiet,3,5/15/2026,18:45:47,1.51,2.22,152
stress-ng --cpu 16 --cpu-load 6 --timeout 60s --quiet,3,5/15/2026,18:45:48,3.76,2.22,188
stress-ng --cpu 16 --cpu-load 6 --timeout 60s --quiet,3,5/15/2026,18:45:49,3.97,2.22,144
stress-ng --cpu 16 --cpu-load 6 --timeout 60s --quiet,3,5/15/2026,18:45:50,1.97,2.22,138
stress-ng --cpu 16 --cpu-load 6 --timeout 60s --quiet,3,5/15/2026,18:45:51,2.52,2.22,180
stress-ng --cpu 16 --cpu-load 6 --timeout 60s --quiet,3,5/15/2026,18:45:52,4.59,2.22,151
stress-ng --cpu 16 --cpu-load 6 --timeout 60s --quiet,3,5/15/2026,18:45:53,3.91,2.22,147
stress-ng --cpu 16 --cpu-load 6 --timeout 60s --quiet,3,5/15/2026,18:45:54,1.85,2.22,157
stress-ng --cpu 16 --cpu-load 6 --timeout 60s --quiet,3,5/15/2026,18:45:55,3.82,2.22,121
stress-ng --cpu 16 --cpu-load 6 --timeout 60s --quiet,3,5/15/2026,18:45:56,2.71,2.22,143
stress-ng --cpu 16 --cpu-load 6 --timeout 60s --quiet,3,5/15/2026,18:45:57,2.86,2.22,179
stress-ng --cpu 16 --cpu-load 6 --timeout 60s --quiet,3,5/15/2026,18:45:58,3.08,2.22,166
stress-ng --cpu 16 --cpu-load 6 --timeout 60s --quiet,3,5/15/2026,18:45:59,3.27,2.22,134
stress-ng --cpu 16 --cpu-load 6 --timeout 60s --quiet,3,5/15/2026,18:46:00,3.66,2.22,186
stress-ng --cpu 16 --cpu-load 6 --timeout 60s --quiet,3,5/15/2026,18:46:01,2.83,2.22,170
stress-ng --cpu 16 --cpu-load 6 --timeout 60s --quiet,3,5/15/2026,18:46:02,3.26,2.22,131
stress-ng --cpu 16 --cpu-load 6 --timeout 60s --quiet,3,5/15/2026,18:46:03,2.49,2.22,162
stress-ng --cpu 16 --cpu-load 6 --timeout 60s --quiet,3,5/15/2026,18:46:04,3.42,2.22,132
stress-ng --cpu 16 --cpu-load 6 --timeout 60s --quiet,3,5/15/2026,18:46:05,3.08,2.22,180
stress-ng --cpu 16 --cpu-load 6 --timeout 60s --quiet,3,5/15/2026,18:46:06,3.14,2.22,133
stress-ng --cpu 16 --cpu-load 6 --timeout 60s --quiet,3,5/15/2026,18:46:07,3.54,2.22,147
stress-ng --cpu 16 --cpu-load 6 --timeout 60s --quiet,3,5/15/2026,18:46:08,3.36,2.22,145
stress-ng --cpu 16 --cpu-load 6 --timeout 60s --quiet,3,5/15/2026,18:46:09,2.59,2.22,158
stress-ng --cpu 16 --cpu-load 6 --timeout 60s --quiet,3,5/15/2026,18:46:10,3.6,2.22,164
stress-ng --cpu 16 --cpu-load 6 --timeout 60s --quiet,3,5/15/2026,18:46:11,2.87,2.22,168
stress-ng --cpu 16 --cpu-load 6 --timeout 60s --quiet,3,5/15/2026,18:46:12,1.48,2.2,172
stress-ng --cpu 16 --cpu-load 8 --timeout 60s --quiet,4,5/14/2026,21:32:17,6.22,2.23,199
stress-ng --cpu 16 --cpu-load 8 --timeout 60s --quiet,4,5/14/2026,21:32:18,0.18,2.24,199
stress-ng --cpu 16 --cpu-load 8 --timeout 60s --quiet,4,5/14/2026,21:32:19,5.32,2.24,124
stress-ng --cpu 16 --cpu-load 8 --timeout 60s --quiet,4,5/14/2026,21:32:20,5.26,2.24,109
stress-ng --cpu 16 --cpu-load 8 --timeout 60s --quiet,4,5/14/2026,21:32:21,5.66,2.23,116
stress-ng --cpu 16 --cpu-load 8 --timeout 60s --quiet,4,5/14/2026,21:32:22,0.15,2.23,121
stress-ng --cpu 16 --cpu-load 8 --timeout 60s --quiet,4,5/14/2026,21:32:23,5.61,2.24,114
stress-ng --cpu 16 --cpu-load 8 --timeout 60s --quiet,4,5/14/2026,21:32:24,4.75,2.23,159
stress-ng --cpu 16 --cpu-load 8 --timeout 60s --quiet,4,5/14/2026,21:32:25,4.86,2.23,189
stress-ng --cpu 16 --cpu-load 8 --timeout 60s --quiet,4,5/14/2026,21:32:26,1.79,2.23,146
stress-ng --cpu 16 --cpu-load 8 --timeout 60s --quiet,4,5/14/2026,21:32:27,4.43,2.23,168
stress-ng --cpu 16 --cpu-load 8 --timeout 60s --quiet,4,5/14/2026,21:32:28,5.04,2.23,158
stress-ng --cpu 16 --cpu-load 8 --timeout 60s --quiet,4,5/14/2026,21:32:29,4.99,2.24,178
stress-ng --cpu 16 --cpu-load 8 --timeout 60s --quiet,4,5/14/2026,21:32:30,4.72,2.24,131
stress-ng --cpu 16 --cpu-load 8 --timeout 60s --quiet,4,5/14/2026,21:32:31,3.57,2.24,115
stress-ng --cpu 16 --cpu-load 8 --timeout 60s --quiet,4,5/14/2026,21:32:32,2.62,2.23,124
stress-ng --cpu 16 --cpu-load 8 --timeout 60s --quiet,4,5/14/2026,21:32:33,4.68,2.23,155
stress-ng --cpu 16 --cpu-load 8 --timeout 60s --quiet,4,5/14/2026,21:32:34,4.86,2.23,165
stress-ng --cpu 16 --cpu-load 8 --timeout 60s --quiet,4,5/14/2026,21:32:35,3.45,2.23,168
stress-ng --cpu 16 --cpu-load 8 --timeout 60s --quiet,4,5/14/2026,21:32:36,4.44,2.24,167
stress-ng --cpu 16 --cpu-load 8 --timeout 60s --quiet,4,5/14/2026,21:32:37,4.09,2.24,152
stress-ng --cpu 16 --cpu-load 8 --timeout 60s --quiet,4,5/14/2026,21:32:38,4.84,2.24,169
stress-ng --cpu 16 --cpu-load 8 --timeout 60s --quiet,4,5/14/2026,21:32:39,3.66,2.24,162
stress-ng --cpu 16 --cpu-load 8 --timeout 60s --quiet,4,5/14/2026,21:32:40,3.48,2.24,162
stress-ng --cpu 16 --cpu-load 8 --timeout 60s --quiet,4,5/14/2026,21:32:41,4.035,2.23,165
stress-ng --cpu 16 --cpu-load 8 --timeout 60s --quiet,4,5/14/2026,21:32:42,4.59,2.22,166
stress-ng --cpu 16 --cpu-load 8 --timeout 60s --quiet,4,5/14/2026,21:32:43,4.92,2.22,189
stress-ng --cpu 16 --cpu-load 8 --timeout 60s --quiet,4,5/14/2026,21:32:44,4.16,2.22,165
stress-ng --cpu 16 --cpu-load 8 --timeout 60s --quiet,4,5/14/2026,21:32:45,3.29,2.22,145
stress-ng --cpu 16 --cpu-load 8 --timeout 60s --quiet,4,5/14/2026,21:32:46,3.75,2.23,131
stress-ng --cpu 16 --cpu-load 8 --timeout 60s --quiet,4,5/14/2026,21:32:47,4.19,2.23,153
stress-ng --cpu 16 --cpu-load 8 --timeout 60s --quiet,4,5/14/2026,21:32:48,5.2,2.23,181
stress-ng --cpu 16 --cpu-load 8 --timeout 60s --quiet,4,5/14/2026,21:32:49,2.62,2.23,147
stress-ng --cpu 16 --cpu-load 8 --timeout 60s --quiet,4,5/14/2026,21:32:50,5.05,2.22,147
stress-ng --cpu 16 --cpu-load 8 --timeout 60s --quiet,4,5/14/2026,21:32:51,4.38,2.22,181
stress-ng --cpu 16 --cpu-load 8 --timeout 60s --quiet,4,5/14/2026,21:32:52,4.25,2.24,169
stress-ng --cpu 16 --cpu-load 8 --timeout 60s --quiet,4,5/14/2026,21:32:53,4.96,2.24,135
stress-ng --cpu 16 --cpu-load 8 --timeout 60s --quiet,4,5/14/2026,21:32:54,3.66,2.24,149
stress-ng --cpu 16 --cpu-load 8 --timeout 60s --quiet,4,5/14/2026,21:32:55,3.05,2.24,168
stress-ng --cpu 16 --cpu-load 8 --timeout 60s --quiet,4,5/14/2026,21:32:56,4.46,2.24,158
stress-ng --cpu 16 --cpu-load 8 --timeout 60s --quiet,4,5/14/2026,21:32:57,4.9,2.24,151
stress-ng --cpu 16 --cpu-load 8 --timeout 60s --quiet,4,5/14/2026,21:32:58,3.45,2.24,155
stress-ng --cpu 16 --cpu-load 8 --timeout 60s --quiet,4,5/14/2026,21:32:59,4.93,2.24,166.5
stress-ng --cpu 16 --cpu-load 8 --timeout 60s --quiet,4,5/14/2026,21:33:00,4.19,2.24,178
stress-ng --cpu 16 --cpu-load 8 --timeout 60s --quiet,4,5/14/2026,21:33:01,3.51,2.25,152
stress-ng --cpu 16 --cpu-load 8 --timeout 60s --quiet,4,5/14/2026,21:33:02,4.1,2.24,151
stress-ng --cpu 16 --cpu-load 8 --timeout 60s --quiet,4,5/14/2026,21:33:03,4.8,2.24,133
stress-ng --cpu 16 --cpu-load 8 --timeout 60s --quiet,4,5/14/2026,21:33:04,5,2.25,150
stress-ng --cpu 16 --cpu-load 8 --timeout 60s --quiet,4,5/14/2026,21:33:05,2.55,2.25,178
stress-ng --cpu 16 --cpu-load 8 --timeout 60s --quiet,4,5/14/2026,21:33:06,4.46,2.25,171
stress-ng --cpu 16 --cpu-load 8 --timeout 60s --quiet,4,5/14/2026,21:33:07,4.25,2.25,156
stress-ng --cpu 16 --cpu-load 8 --timeout 60s --quiet,4,5/14/2026,21:33:08,4.31,2.25,144
stress-ng --cpu 16 --cpu-load 8 --timeout 60s --quiet,4,5/14/2026,21:33:09,3.27,2.25,186
stress-ng --cpu 16 --cpu-load 8 --timeout 60s --quiet,4,5/14/2026,21:33:10,4.62,2.25,142
stress-ng --cpu 16 --cpu-load 8 --timeout 60s --quiet,4,5/14/2026,21:33:11,3.55,2.26,173
stress-ng --cpu 16 --cpu-load 8 --timeout 60s --quiet,4,5/14/2026,21:33:12,4.74,2.25,141
stress-ng --cpu 16 --cpu-load 8 --timeout 60s --quiet,4,5/14/2026,21:33:13,4.95,2.25,134
stress-ng --cpu 16 --cpu-load 8 --timeout 60s --quiet,4,5/14/2026,21:33:14,3.88,2.25,178
stress-ng --cpu 16 --cpu-load 8 --timeout 60s --quiet,4,5/14/2026,21:33:15,5.08,2.26,183
stress-ng --cpu 16 --cpu-load 8 --timeout 60s --quiet,4,5/14/2026,21:33:16,3.51,2.26,153
stress-ng --cpu 16 --cpu-load 8 --timeout 60s --quiet,4,5/14/2026,21:33:17,2.68,2.22,189
stress-ng --cpu 16 --cpu-load 8 --timeout 60s --quiet,4,5/14/2026,21:33:18,0.18,2.17,155
stress-ng --cpu 16 --cpu-load 8 --timeout 60s --quiet,4,5/15/2026,11:44:14,0.12,2.16,125
stress-ng --cpu 16 --cpu-load 8 --timeout 60s --quiet,4,5/15/2026,11:44:15,6.42,2.28,118
stress-ng --cpu 16 --cpu-load 8 --timeout 60s --quiet,4,5/15/2026,11:44:16,4.46,2.28,194
stress-ng --cpu 16 --cpu-load 8 --timeout 60s --quiet,4,5/15/2026,11:44:17,1.05,2.28,134
stress-ng --cpu 16 --cpu-load 8 --timeout 60s --quiet,4,5/15/2026,11:44:18,5.21,2.27,126
stress-ng --cpu 16 --cpu-load 8 --timeout 60s --quiet,4,5/15/2026,11:44:19,5.76,2.28,131
stress-ng --cpu 16 --cpu-load 8 --timeout 60s --quiet,4,5/15/2026,11:44:20,5.58,2.28,178
stress-ng --cpu 16 --cpu-load 8 --timeout 60s --quiet,4,5/15/2026,11:44:21,0.8,2.28,160
stress-ng --cpu 16 --cpu-load 8 --timeout 60s --quiet,4,5/15/2026,11:44:22,4.8,2.29,152.5
stress-ng --cpu 16 --cpu-load 8 --timeout 60s --quiet,4,5/15/2026,11:44:23,4.96,2.28,145
stress-ng --cpu 16 --cpu-load 8 --timeout 60s --quiet,4,5/15/2026,11:44:24,3.57,2.28,159
stress-ng --cpu 16 --cpu-load 8 --timeout 60s --quiet,4,5/15/2026,11:44:25,4.68,2.28,161
stress-ng --cpu 16 --cpu-load 8 --timeout 60s --quiet,4,5/15/2026,11:44:26,2.92,2.29,146
stress-ng --cpu 16 --cpu-load 8 --timeout 60s --quiet,4,5/15/2026,11:44:27,5.05,2.28,165
stress-ng --cpu 16 --cpu-load 8 --timeout 60s --quiet,4,5/15/2026,11:44:28,4.65,2.28,153
stress-ng --cpu 16 --cpu-load 8 --timeout 60s --quiet,4,5/15/2026,11:44:29,4.8,2.28,148
stress-ng --cpu 16 --cpu-load 8 --timeout 60s --quiet,4,5/15/2026,11:44:30,2.86,2.28,172
stress-ng --cpu 16 --cpu-load 8 --timeout 60s --quiet,4,5/15/2026,11:44:31,4.1,2.29,166
stress-ng --cpu 16 --cpu-load 8 --timeout 60s --quiet,4,5/15/2026,11:44:32,4.96,2.28,172.5
stress-ng --cpu 16 --cpu-load 8 --timeout 60s --quiet,4,5/15/2026,11:44:33,3.14,2.29,179
stress-ng --cpu 16 --cpu-load 8 --timeout 60s --quiet,4,5/15/2026,11:44:34,4.31,2.29,177
stress-ng --cpu 16 --cpu-load 8 --timeout 60s --quiet,4,5/15/2026,11:44:35,4.53,2.29,170
stress-ng --cpu 16 --cpu-load 8 --timeout 60s --quiet,4,5/15/2026,11:44:36,4,2.29,187
stress-ng --cpu 16 --cpu-load 8 --timeout 60s --quiet,4,5/15/2026,11:44:37,4.62,2.28,180
stress-ng --cpu 16 --cpu-load 8 --timeout 60s --quiet,4,5/15/2026,11:44:38,4.54,2.28,182
stress-ng --cpu 16 --cpu-load 8 --timeout 60s --quiet,4,5/15/2026,11:44:39,4.46,2.28,166
stress-ng --cpu 16 --cpu-load 8 --timeout 60s --quiet,4,5/15/2026,11:44:40,3.45,2.28,189
stress-ng --cpu 16 --cpu-load 8 --timeout 60s --quiet,4,5/15/2026,11:44:41,3.85,2.27,186
stress-ng --cpu 16 --cpu-load 8 --timeout 60s --quiet,4,5/15/2026,11:44:42,4.19,2.27,163
stress-ng --cpu 16 --cpu-load 8 --timeout 60s --quiet,4,5/15/2026,11:44:43,4.78,2.28,167
stress-ng --cpu 16 --cpu-load 8 --timeout 60s --quiet,4,5/15/2026,11:44:44,4.47,2.27,176
stress-ng --cpu 16 --cpu-load 8 --timeout 60s --quiet,4,5/15/2026,11:44:45,3.97,2.27,147
stress-ng --cpu 16 --cpu-load 8 --timeout 60s --quiet,4,5/15/2026,11:44:46,4.34,2.25,167
stress-ng --cpu 16 --cpu-load 8 --timeout 60s --quiet,4,5/15/2026,11:44:47,3.97,2.26,185
stress-ng --cpu 16 --cpu-load 8 --timeout 60s --quiet,4,5/15/2026,11:44:48,4.16,2.26,180
stress-ng --cpu 16 --cpu-load 8 --timeout 60s --quiet,4,5/15/2026,11:44:49,4.49,2.26,175
stress-ng --cpu 16 --cpu-load 8 --timeout 60s --quiet,4,5/15/2026,11:44:50,3.7,2.25,165
stress-ng --cpu 16 --cpu-load 8 --timeout 60s --quiet,4,5/15/2026,11:44:51,4.87,2.25,187
stress-ng --cpu 16 --cpu-load 8 --timeout 60s --quiet,4,5/15/2026,11:44:52,3.33,2.25,174.5
stress-ng --cpu 16 --cpu-load 8 --timeout 60s --quiet,4,5/15/2026,11:44:53,3.94,2.25,162
stress-ng --cpu 16 --cpu-load 8 --timeout 60s --quiet,4,5/15/2026,11:44:54,4.71,2.24,118
stress-ng --cpu 16 --cpu-load 8 --timeout 60s --quiet,4,5/15/2026,11:44:55,4.25,2.25,157
stress-ng --cpu 16 --cpu-load 8 --timeout 60s --quiet,4,5/15/2026,11:44:56,3.88,2.25,178
stress-ng --cpu 16 --cpu-load 8 --timeout 60s --quiet,4,5/15/2026,11:44:57,4.4,2.25,160
stress-ng --cpu 16 --cpu-load 8 --timeout 60s --quiet,4,5/15/2026,11:44:58,4.06,2.23,160
stress-ng --cpu 16 --cpu-load 8 --timeout 60s --quiet,4,5/15/2026,11:44:59,4.8,2.24,154
stress-ng --cpu 16 --cpu-load 8 --timeout 60s --quiet,4,5/15/2026,11:45:00,4.59,2.24,164
stress-ng --cpu 16 --cpu-load 8 --timeout 60s --quiet,4,5/15/2026,11:45:01,3.54,2.24,144
stress-ng --cpu 16 --cpu-load 8 --timeout 60s --quiet,4,5/15/2026,11:45:02,4.98,2.24,172
stress-ng --cpu 16 --cpu-load 8 --timeout 60s --quiet,4,5/15/2026,11:45:03,4.03,2.25,176
stress-ng --cpu 16 --cpu-load 8 --timeout 60s --quiet,4,5/15/2026,11:45:04,3.69,2.26,163
stress-ng --cpu 16 --cpu-load 8 --timeout 60s --quiet,4,5/15/2026,11:45:05,4,2.25,161
stress-ng --cpu 16 --cpu-load 8 --timeout 60s --quiet,4,5/15/2026,11:45:06,3.94,2.26,208
stress-ng --cpu 16 --cpu-load 8 --timeout 60s --quiet,4,5/15/2026,11:45:07,4.68,2.25,165
stress-ng --cpu 16 --cpu-load 8 --timeout 60s --quiet,4,5/15/2026,11:45:08,3.73,2.25,166
stress-ng --cpu 16 --cpu-load 8 --timeout 60s --quiet,4,5/15/2026,11:45:09,4.68,2.25,156
stress-ng --cpu 16 --cpu-load 8 --timeout 60s --quiet,4,5/15/2026,11:45:10,4.74,2.25,155
stress-ng --cpu 16 --cpu-load 8 --timeout 60s --quiet,4,5/15/2026,11:45:11,4.19,2.25,164
stress-ng --cpu 16 --cpu-load 8 --timeout 60s --quiet,4,5/15/2026,11:45:12,4.52,2.25,184
stress-ng --cpu 16 --cpu-load 8 --timeout 60s --quiet,4,5/15/2026,11:45:13,4.84,2.25,172
stress-ng --cpu 16 --cpu-load 8 --timeout 60s --quiet,4,5/15/2026,11:45:14,2.4,2.25,152
stress-ng --cpu 16 --cpu-load 8 --timeout 60s --quiet,4,5/15/2026,11:45:15,3.48,2.17,171
stress-ng --cpu 16 --cpu-load 8 --timeout 60s --quiet,4,5/15/2026,14:36:37,0.15,2.1,120
stress-ng --cpu 16 --cpu-load 8 --timeout 60s --quiet,4,5/15/2026,14:36:38,6.28,2.22,130
stress-ng --cpu 16 --cpu-load 8 --timeout 60s --quiet,4,5/15/2026,14:36:39,0.83,2.24,109
stress-ng --cpu 16 --cpu-load 8 --timeout 60s --quiet,4,5/15/2026,14:36:40,4.61,2.24,185
stress-ng --cpu 16 --cpu-load 8 --timeout 60s --quiet,4,5/15/2026,14:36:41,5.45,2.23,193
stress-ng --cpu 16 --cpu-load 8 --timeout 60s --quiet,4,5/15/2026,14:36:42,5.67,2.23,194.5
stress-ng --cpu 16 --cpu-load 8 --timeout 60s --quiet,4,5/15/2026,14:36:43,1.85,2.23,196
stress-ng --cpu 16 --cpu-load 8 --timeout 60s --quiet,4,5/15/2026,14:36:44,4.06,2.23,154.5
stress-ng --cpu 16 --cpu-load 8 --timeout 60s --quiet,4,5/15/2026,14:36:45,5.05,2.22,113
stress-ng --cpu 16 --cpu-load 8 --timeout 60s --quiet,4,5/15/2026,14:36:46,5.17,2.22,146
stress-ng --cpu 16 --cpu-load 8 --timeout 60s --quiet,4,5/15/2026,14:36:47,1.35,2.22,148
stress-ng --cpu 16 --cpu-load 8 --timeout 60s --quiet,4,5/15/2026,14:36:48,4.52,2.22,163
stress-ng --cpu 16 --cpu-load 8 --timeout 60s --quiet,4,5/15/2026,14:36:49,5.05,2.22,132
stress-ng --cpu 16 --cpu-load 8 --timeout 60s --quiet,4,5/15/2026,14:36:50,5.17,2.22,148
stress-ng --cpu 16 --cpu-load 8 --timeout 60s --quiet,4,5/15/2026,14:36:51,4.56,2.22,148
stress-ng --cpu 16 --cpu-load 8 --timeout 60s --quiet,4,5/15/2026,14:36:52,2.83,2.2,171
stress-ng --cpu 16 --cpu-load 8 --timeout 60s --quiet,4,5/15/2026,14:36:53,4,2.2,145
stress-ng --cpu 16 --cpu-load 8 --timeout 60s --quiet,4,5/15/2026,14:36:54,4.19,2.2,202
stress-ng --cpu 16 --cpu-load 8 --timeout 60s --quiet,4,5/15/2026,14:36:55,4.46,2.19,183
stress-ng --cpu 16 --cpu-load 8 --timeout 60s --quiet,4,5/15/2026,14:36:56,3.6,2.2,155
stress-ng --cpu 16 --cpu-load 8 --timeout 60s --quiet,4,5/15/2026,14:36:57,4.3,2.19,190
stress-ng --cpu 16 --cpu-load 8 --timeout 60s --quiet,4,5/15/2026,14:36:58,4.62,2.19,171
stress-ng --cpu 16 --cpu-load 8 --timeout 60s --quiet,4,5/15/2026,14:36:59,4.31,2.19,163
stress-ng --cpu 16 --cpu-load 8 --timeout 60s --quiet,4,5/15/2026,14:37:00,4.59,2.19,190
stress-ng --cpu 16 --cpu-load 8 --timeout 60s --quiet,4,5/15/2026,14:37:01,4.62,2.18,186
stress-ng --cpu 16 --cpu-load 8 --timeout 60s --quiet,4,5/15/2026,14:37:02,3.17,2.18,152
stress-ng --cpu 16 --cpu-load 8 --timeout 60s --quiet,4,5/15/2026,14:37:03,5.08,2.19,136
stress-ng --cpu 16 --cpu-load 8 --timeout 60s --quiet,4,5/15/2026,14:37:04,4,2.18,178
stress-ng --cpu 16 --cpu-load 8 --timeout 60s --quiet,4,5/15/2026,14:37:05,3.85,2.18,142
stress-ng --cpu 16 --cpu-load 8 --timeout 60s --quiet,4,5/15/2026,14:37:06,3.17,2.18,127
stress-ng --cpu 16 --cpu-load 8 --timeout 60s --quiet,4,5/15/2026,14:37:07,4.71,2.19,184
stress-ng --cpu 16 --cpu-load 8 --timeout 60s --quiet,4,5/15/2026,14:37:08,4.04,2.19,180
stress-ng --cpu 16 --cpu-load 8 --timeout 60s --quiet,4,5/15/2026,14:37:09,4.1,2.19,171.5
stress-ng --cpu 16 --cpu-load 8 --timeout 60s --quiet,4,5/15/2026,14:37:10,4.77,2.19,163
stress-ng --cpu 16 --cpu-load 8 --timeout 60s --quiet,4,5/15/2026,14:37:11,4.56,2.19,208
stress-ng --cpu 16 --cpu-load 8 --timeout 60s --quiet,4,5/15/2026,14:37:12,4.22,2.19,162
stress-ng --cpu 16 --cpu-load 8 --timeout 60s --quiet,4,5/15/2026,14:37:13,4.13,2.19,183
stress-ng --cpu 16 --cpu-load 8 --timeout 60s --quiet,4,5/15/2026,14:37:14,3.97,2.19,166
stress-ng --cpu 16 --cpu-load 8 --timeout 60s --quiet,4,5/15/2026,14:37:15,3.36,2.19,166
stress-ng --cpu 16 --cpu-load 8 --timeout 60s --quiet,4,5/15/2026,14:37:16,4.09,2.2,171
stress-ng --cpu 16 --cpu-load 8 --timeout 60s --quiet,4,5/15/2026,14:37:17,4.46,2.2,144
stress-ng --cpu 16 --cpu-load 8 --timeout 60s --quiet,4,5/15/2026,14:37:18,4.28,2.2,158
stress-ng --cpu 16 --cpu-load 8 --timeout 60s --quiet,4,5/15/2026,14:37:19,4.03,2.2,199
stress-ng --cpu 16 --cpu-load 8 --timeout 60s --quiet,4,5/15/2026,14:37:20,4.68,2.2,161
stress-ng --cpu 16 --cpu-load 8 --timeout 60s --quiet,4,5/15/2026,14:37:21,4.5,2.2,170
stress-ng --cpu 16 --cpu-load 8 --timeout 60s --quiet,4,5/15/2026,14:37:22,2.8,2.2,180
stress-ng --cpu 16 --cpu-load 8 --timeout 60s --quiet,4,5/15/2026,14:37:23,4.37,2.2,168
stress-ng --cpu 16 --cpu-load 8 --timeout 60s --quiet,4,5/15/2026,14:37:24,4.495,2.2,156
stress-ng --cpu 16 --cpu-load 8 --timeout 60s --quiet,4,5/15/2026,14:37:25,4.62,2.2,160
stress-ng --cpu 16 --cpu-load 8 --timeout 60s --quiet,4,5/15/2026,14:37:26,5.02,2.2,177
stress-ng --cpu 16 --cpu-load 8 --timeout 60s --quiet,4,5/15/2026,14:37:27,3.51,2.2,166
stress-ng --cpu 16 --cpu-load 8 --timeout 60s --quiet,4,5/15/2026,14:37:28,3.85,2.21,159
stress-ng --cpu 16 --cpu-load 8 --timeout 60s --quiet,4,5/15/2026,14:37:29,4.28,2.2,159
stress-ng --cpu 16 --cpu-load 8 --timeout 60s --quiet,4,5/15/2026,14:37:30,4.47,2.2,190
stress-ng --cpu 16 --cpu-load 8 --timeout 60s --quiet,4,5/15/2026,14:37:31,3.48,2.2,161
stress-ng --cpu 16 --cpu-load 8 --timeout 60s --quiet,4,5/15/2026,14:37:32,4.62,2.2,131
stress-ng --cpu 16 --cpu-load 8 --timeout 60s --quiet,4,5/15/2026,14:37:33,3.82,2.21,188
stress-ng --cpu 16 --cpu-load 8 --timeout 60s --quiet,4,5/15/2026,14:37:34,4.62,2.2,163
stress-ng --cpu 16 --cpu-load 8 --timeout 60s --quiet,4,5/15/2026,14:37:35,4.53,2.21,173
stress-ng --cpu 16 --cpu-load 8 --timeout 60s --quiet,4,5/15/2026,14:37:36,3.48,2.21,174
stress-ng --cpu 16 --cpu-load 8 --timeout 60s --quiet,4,5/15/2026,14:37:37,4.68,2.21,163
stress-ng --cpu 16 --cpu-load 8 --timeout 60s --quiet,4,5/15/2026,14:37:38,2.56,2.18,169
stress-ng --cpu 16 --cpu-load 10 --timeout 60s --quiet,5,5/14/2026,22:58:30,6.37,2.22,148
stress-ng --cpu 16 --cpu-load 10 --timeout 60s --quiet,5,5/14/2026,22:58:31,6.37,2.22,148
stress-ng --cpu 16 --cpu-load 10 --timeout 60s --quiet,5,5/14/2026,22:58:32,5.23,2.22,117
stress-ng --cpu 16 --cpu-load 10 --timeout 60s --quiet,5,5/14/2026,22:58:33,5.23,2.22,123
stress-ng --cpu 16 --cpu-load 10 --timeout 60s --quiet,5,5/14/2026,22:58:34,5.76,2.22,111
stress-ng --cpu 16 --cpu-load 10 --timeout 60s --quiet,5,5/14/2026,22:58:35,5.73,2.22,121
stress-ng --cpu 16 --cpu-load 10 --timeout 60s --quiet,5,5/14/2026,22:58:36,4.96,2.22,199
stress-ng --cpu 16 --cpu-load 10 --timeout 60s --quiet,5,5/14/2026,22:58:37,5.17,2.22,176
stress-ng --cpu 16 --cpu-load 10 --timeout 60s --quiet,5,5/14/2026,22:58:38,4.65,2.23,169
stress-ng --cpu 16 --cpu-load 10 --timeout 60s --quiet,5,5/14/2026,22:58:39,5.23,2.23,177
stress-ng --cpu 16 --cpu-load 10 --timeout 60s --quiet,5,5/14/2026,22:58:40,5.42,2.24,162
stress-ng --cpu 16 --cpu-load 10 --timeout 60s --quiet,5,5/14/2026,22:58:41,4.86,2.24,200
stress-ng --cpu 16 --cpu-load 10 --timeout 60s --quiet,5,5/14/2026,22:58:42,5.11,2.24,130
stress-ng --cpu 16 --cpu-load 10 --timeout 60s --quiet,5,5/14/2026,22:58:43,5.2,2.24,135
stress-ng --cpu 16 --cpu-load 10 --timeout 60s --quiet,5,5/14/2026,22:58:44,4.71,2.24,171
stress-ng --cpu 16 --cpu-load 10 --timeout 60s --quiet,5,5/14/2026,22:58:45,4.65,2.24,207
stress-ng --cpu 16 --cpu-load 10 --timeout 60s --quiet,5,5/14/2026,22:58:46,5.17,2.24,168
stress-ng --cpu 16 --cpu-load 10 --timeout 60s --quiet,5,5/14/2026,22:58:47,5.88,2.24,183
stress-ng --cpu 16 --cpu-load 10 --timeout 60s --quiet,5,5/14/2026,22:58:48,5.24,2.23,145
stress-ng --cpu 16 --cpu-load 10 --timeout 60s --quiet,5,5/14/2026,22:58:49,4.74,2.23,203
stress-ng --cpu 16 --cpu-load 10 --timeout 60s --quiet,5,5/14/2026,22:58:50,4.68,2.24,149
stress-ng --cpu 16 --cpu-load 10 --timeout 60s --quiet,5,5/14/2026,22:58:51,4.99,2.23,159
stress-ng --cpu 16 --cpu-load 10 --timeout 60s --quiet,5,5/14/2026,22:58:52,4.83,2.23,183
stress-ng --cpu 16 --cpu-load 10 --timeout 60s --quiet,5,5/14/2026,22:58:53,4.99,2.23,191
stress-ng --cpu 16 --cpu-load 10 --timeout 60s --quiet,5,5/14/2026,22:58:54,5.23,2.23,134
stress-ng --cpu 16 --cpu-load 10 --timeout 60s --quiet,5,5/14/2026,22:58:55,5.7,2.22,221
stress-ng --cpu 16 --cpu-load 10 --timeout 60s --quiet,5,5/14/2026,22:58:56,5.51,2.22,117
stress-ng --cpu 16 --cpu-load 10 --timeout 60s --quiet,5,5/14/2026,22:58:57,5.88,2.21,211
stress-ng --cpu 16 --cpu-load 10 --timeout 60s --quiet,5,5/14/2026,22:58:58,4.56,2.22,148
stress-ng --cpu 16 --cpu-load 10 --timeout 60s --quiet,5,5/14/2026,22:58:59,4.74,2.22,190
stress-ng --cpu 16 --cpu-load 10 --timeout 60s --quiet,5,5/14/2026,22:59:00,4.86,2.22,196
stress-ng --cpu 16 --cpu-load 10 --timeout 60s --quiet,5,5/14/2026,22:59:01,5.1,2.22,192
stress-ng --cpu 16 --cpu-load 10 --timeout 60s --quiet,5,5/14/2026,22:59:02,5.45,2.21,178
stress-ng --cpu 16 --cpu-load 10 --timeout 60s --quiet,5,5/14/2026,22:59:03,5.72,2.2,153
stress-ng --cpu 16 --cpu-load 10 --timeout 60s --quiet,5,5/14/2026,22:59:04,4.68,2.2,200
stress-ng --cpu 16 --cpu-load 10 --timeout 60s --quiet,5,5/14/2026,22:59:05,4.68,2.2,190
stress-ng --cpu 16 --cpu-load 10 --timeout 60s --quiet,5,5/14/2026,22:59:06,4.77,2.2,162
stress-ng --cpu 16 --cpu-load 10 --timeout 60s --quiet,5,5/14/2026,22:59:07,4.99,2.2,151
stress-ng --cpu 16 --cpu-load 10 --timeout 60s --quiet,5,5/14/2026,22:59:08,5.14,2.2,154
stress-ng --cpu 16 --cpu-load 10 --timeout 60s --quiet,5,5/14/2026,22:59:09,5.26,2.2,118
stress-ng --cpu 16 --cpu-load 10 --timeout 60s --quiet,5,5/14/2026,22:59:10,5.42,2.2,202
stress-ng --cpu 16 --cpu-load 10 --timeout 60s --quiet,5,5/14/2026,22:59:11,5.91,2.2,176
stress-ng --cpu 16 --cpu-load 10 --timeout 60s --quiet,5,5/14/2026,22:59:12,5.81,2.2,154
stress-ng --cpu 16 --cpu-load 10 --timeout 60s --quiet,5,5/14/2026,22:59:13,5.45,2.2,153
stress-ng --cpu 16 --cpu-load 10 --timeout 60s --quiet,5,5/14/2026,22:59:14,4.93,2.2,173
stress-ng --cpu 16 --cpu-load 10 --timeout 60s --quiet,5,5/14/2026,22:59:15,4.61,2.2,163
stress-ng --cpu 16 --cpu-load 10 --timeout 60s --quiet,5,5/14/2026,22:59:16,4.99,2.2,176
stress-ng --cpu 16 --cpu-load 10 --timeout 60s --quiet,5,5/14/2026,22:59:17,5.11,2.21,168
stress-ng --cpu 16 --cpu-load 10 --timeout 60s --quiet,5,5/14/2026,22:59:18,5.48,2.2,171
stress-ng --cpu 16 --cpu-load 10 --timeout 60s --quiet,5,5/14/2026,22:59:19,4.9,2.19,174
stress-ng --cpu 16 --cpu-load 10 --timeout 60s --quiet,5,5/14/2026,22:59:20,5.36,2.19,156
stress-ng --cpu 16 --cpu-load 10 --timeout 60s --quiet,5,5/14/2026,22:59:21,4.99,2.19,196
stress-ng --cpu 16 --cpu-load 10 --timeout 60s --quiet,5,5/14/2026,22:59:22,5.26,2.19,174
stress-ng --cpu 16 --cpu-load 10 --timeout 60s --quiet,5,5/14/2026,22:59:23,5.26,2.2,184
stress-ng --cpu 16 --cpu-load 10 --timeout 60s --quiet,5,5/14/2026,22:59:24,4.74,2.19,195
stress-ng --cpu 16 --cpu-load 10 --timeout 60s --quiet,5,5/14/2026,22:59:25,4.46,2.2,153
stress-ng --cpu 16 --cpu-load 10 --timeout 60s --quiet,5,5/14/2026,22:59:26,5.45,2.2,199
stress-ng --cpu 16 --cpu-load 10 --timeout 60s --quiet,5,5/14/2026,22:59:27,5.08,2.2,132
stress-ng --cpu 16 --cpu-load 10 --timeout 60s --quiet,5,5/14/2026,22:59:28,5.39,2.2,149.5
stress-ng --cpu 16 --cpu-load 10 --timeout 60s --quiet,5,5/14/2026,22:59:29,5.6,2.2,167
stress-ng --cpu 16 --cpu-load 10 --timeout 60s --quiet,5,5/14/2026,22:59:30,1.32,2.13,167
stress-ng --cpu 16 --cpu-load 10 --timeout 60s --quiet,5,5/15/2026,7:01:34,6.32,2.24,132
stress-ng --cpu 16 --cpu-load 10 --timeout 60s --quiet,5,5/15/2026,7:01:35,4.65,2.25,132
stress-ng --cpu 16 --cpu-load 10 --timeout 60s --quiet,5,5/15/2026,7:01:36,5.69,2.23,108
stress-ng --cpu 16 --cpu-load 10 --timeout 60s --quiet,5,5/15/2026,7:01:37,4.22,2.23,110
stress-ng --cpu 16 --cpu-load 10 --timeout 60s --quiet,5,5/15/2026,7:01:38,2.44,2.23,121
stress-ng --cpu 16 --cpu-load 10 --timeout 60s --quiet,5,5/15/2026,7:01:39,5.57,2.24,130
stress-ng --cpu 16 --cpu-load 10 --timeout 60s --quiet,5,5/15/2026,7:01:40,5.54,2.23,150
stress-ng --cpu 16 --cpu-load 10 --timeout 60s --quiet,5,5/15/2026,7:01:41,4.93,2.23,171
stress-ng --cpu 16 --cpu-load 10 --timeout 60s --quiet,5,5/15/2026,7:01:42,5.17,2.23,156
stress-ng --cpu 16 --cpu-load 10 --timeout 60s --quiet,5,5/15/2026,7:01:43,4.56,2.23,203
stress-ng --cpu 16 --cpu-load 10 --timeout 60s --quiet,5,5/15/2026,7:01:44,5.76,2.24,155
stress-ng --cpu 16 --cpu-load 10 --timeout 60s --quiet,5,5/15/2026,7:01:45,5.27,2.23,212
stress-ng --cpu 16 --cpu-load 10 --timeout 60s --quiet,5,5/15/2026,7:01:46,5.2,2.23,174
stress-ng --cpu 16 --cpu-load 10 --timeout 60s --quiet,5,5/15/2026,7:01:47,5.23,2.23,168
stress-ng --cpu 16 --cpu-load 10 --timeout 60s --quiet,5,5/15/2026,7:01:48,5.11,2.22,156
stress-ng --cpu 16 --cpu-load 10 --timeout 60s --quiet,5,5/15/2026,7:01:49,4.41,2.22,174
stress-ng --cpu 16 --cpu-load 10 --timeout 60s --quiet,5,5/15/2026,7:01:50,5.48,2.22,193
stress-ng --cpu 16 --cpu-load 10 --timeout 60s --quiet,5,5/15/2026,7:01:51,6.83,2.22,156
stress-ng --cpu 16 --cpu-load 10 --timeout 60s --quiet,5,5/15/2026,7:01:52,5.51,2.22,210
stress-ng --cpu 16 --cpu-load 10 --timeout 60s --quiet,5,5/15/2026,7:01:53,5.465,2.22,142
stress-ng --cpu 16 --cpu-load 10 --timeout 60s --quiet,5,5/15/2026,7:01:54,5.42,2.22,213
stress-ng --cpu 16 --cpu-load 10 --timeout 60s --quiet,5,5/15/2026,7:01:55,3.97,2.21,141
stress-ng --cpu 16 --cpu-load 10 --timeout 60s --quiet,5,5/15/2026,7:01:56,5.39,2.2,166
stress-ng --cpu 16 --cpu-load 10 --timeout 60s --quiet,5,5/15/2026,7:01:57,5.82,2.19,177
stress-ng --cpu 16 --cpu-load 10 --timeout 60s --quiet,5,5/15/2026,7:01:58,4.43,2.2,184
stress-ng --cpu 16 --cpu-load 10 --timeout 60s --quiet,5,5/15/2026,7:01:59,4.92,2.19,213
stress-ng --cpu 16 --cpu-load 10 --timeout 60s --quiet,5,5/15/2026,7:02:00,4.81,2.19,150
stress-ng --cpu 16 --cpu-load 10 --timeout 60s --quiet,5,5/15/2026,7:02:01,5.2,2.19,183
stress-ng --cpu 16 --cpu-load 10 --timeout 60s --quiet,5,5/15/2026,7:02:02,4.87,2.19,168
stress-ng --cpu 16 --cpu-load 10 --timeout 60s --quiet,5,5/15/2026,7:02:03,5.23,2.19,211
stress-ng --cpu 16 --cpu-load 10 --timeout 60s --quiet,5,5/15/2026,7:02:04,6.16,2.2,179
stress-ng --cpu 16 --cpu-load 10 --timeout 60s --quiet,5,5/15/2026,7:02:05,4.8,2.19,174
stress-ng --cpu 16 --cpu-load 10 --timeout 60s --quiet,5,5/15/2026,7:02:06,4.71,2.19,182
stress-ng --cpu 16 --cpu-load 10 --timeout 60s --quiet,5,5/15/2026,7:02:07,5.11,2.19,184
stress-ng --cpu 16 --cpu-load 10 --timeout 60s --quiet,5,5/15/2026,7:02:08,5.7,2.2,150
stress-ng --cpu 16 --cpu-load 10 --timeout 60s --quiet,5,5/15/2026,7:02:09,5.21,2.2,160
stress-ng --cpu 16 --cpu-load 10 --timeout 60s --quiet,5,5/15/2026,7:02:10,4.74,2.2,152
stress-ng --cpu 16 --cpu-load 10 --timeout 60s --quiet,5,5/15/2026,7:02:11,5.64,2.2,158
stress-ng --cpu 16 --cpu-load 10 --timeout 60s --quiet,5,5/15/2026,7:02:12,5.97,2.2,220
stress-ng --cpu 16 --cpu-load 10 --timeout 60s --quiet,5,5/15/2026,7:02:13,4.56,2.21,170.5
stress-ng --cpu 16 --cpu-load 10 --timeout 60s --quiet,5,5/15/2026,7:02:14,4.77,2.21,121
stress-ng --cpu 16 --cpu-load 10 --timeout 60s --quiet,5,5/15/2026,7:02:15,4.74,2.21,172
stress-ng --cpu 16 --cpu-load 10 --timeout 60s --quiet,5,5/15/2026,7:02:16,5.02,2.21,140
stress-ng --cpu 16 --cpu-load 10 --timeout 60s --quiet,5,5/15/2026,7:02:17,5.58,2.21,180
stress-ng --cpu 16 --cpu-load 10 --timeout 60s --quiet,5,5/15/2026,7:02:18,5.54,2.21,185
stress-ng --cpu 16 --cpu-load 10 --timeout 60s --quiet,5,5/15/2026,7:02:19,5.29,2.21,178
stress-ng --cpu 16 --cpu-load 10 --timeout 60s --quiet,5,5/15/2026,7:02:20,4.74,2.21,162
stress-ng --cpu 16 --cpu-load 10 --timeout 60s --quiet,5,5/15/2026,7:02:21,6.28,2.21,226
stress-ng --cpu 16 --cpu-load 10 --timeout 60s --quiet,5,5/15/2026,7:02:22,4.92,2.21,159
stress-ng --cpu 16 --cpu-load 10 --timeout 60s --quiet,5,5/15/2026,7:02:23,5.36,2.21,221
stress-ng --cpu 16 --cpu-load 10 --timeout 60s --quiet,5,5/15/2026,7:02:24,4.22,2.21,126
stress-ng --cpu 16 --cpu-load 10 --timeout 60s --quiet,5,5/15/2026,7:02:25,5.02,2.21,171
stress-ng --cpu 16 --cpu-load 10 --timeout 60s --quiet,5,5/15/2026,7:02:26,4.96,2.21,136
stress-ng --cpu 16 --cpu-load 10 --timeout 60s --quiet,5,5/15/2026,7:02:27,5.02,2.21,132
stress-ng --cpu 16 --cpu-load 10 --timeout 60s --quiet,5,5/15/2026,7:02:28,4.8,2.21,185
stress-ng --cpu 16 --cpu-load 10 --timeout 60s --quiet,5,5/15/2026,7:02:29,5.13,2.21,185
stress-ng --cpu 16 --cpu-load 10 --timeout 60s --quiet,5,5/15/2026,7:02:30,5.32,2.21,145
stress-ng --cpu 16 --cpu-load 10 --timeout 60s --quiet,5,5/15/2026,7:02:31,5.41,2.21,210
stress-ng --cpu 16 --cpu-load 10 --timeout 60s --quiet,5,5/15/2026,7:02:32,5.17,2.21,163
stress-ng --cpu 16 --cpu-load 10 --timeout 60s --quiet,5,5/15/2026,7:02:33,5.35,2.2,202
stress-ng --cpu 16 --cpu-load 10 --timeout 60s --quiet,5,5/15/2026,7:02:34,4.43,2.18,166
stress-ng --cpu 16 --cpu-load 10 --timeout 60s --quiet,5,5/15/2026,7:02:35,0.22,2.13,120
stress-ng --cpu 16 --cpu-load 10 --timeout 60s --quiet,5,5/15/2026,18:59:14,6.35,2.21,146
stress-ng --cpu 16 --cpu-load 10 --timeout 60s --quiet,5,5/15/2026,18:59:15,5.17,2.22,143
stress-ng --cpu 16 --cpu-load 10 --timeout 60s --quiet,5,5/15/2026,18:59:16,5.35,2.23,133.5
stress-ng --cpu 16 --cpu-load 10 --timeout 60s --quiet,5,5/15/2026,18:59:17,5.7,2.23,124
stress-ng --cpu 16 --cpu-load 10 --timeout 60s --quiet,5,5/15/2026,18:59:18,3.42,2.23,129
stress-ng --cpu 16 --cpu-load 10 --timeout 60s --quiet,5,5/15/2026,18:59:19,3.23,2.23,130
stress-ng --cpu 16 --cpu-load 10 --timeout 60s --quiet,5,5/15/2026,18:59:20,5.24,2.22,131
stress-ng --cpu 16 --cpu-load 10 --timeout 60s --quiet,5,5/15/2026,18:59:21,5.11,2.22,200
stress-ng --cpu 16 --cpu-load 10 --timeout 60s --quiet,5,5/15/2026,18:59:22,6.62,2.22,174
stress-ng --cpu 16 --cpu-load 10 --timeout 60s --quiet,5,5/15/2026,18:59:23,4.13,2.23,168
stress-ng --cpu 16 --cpu-load 10 --timeout 60s --quiet,5,5/15/2026,18:59:24,4.62,2.22,161
stress-ng --cpu 16 --cpu-load 10 --timeout 60s --quiet,5,5/15/2026,18:59:25,6.19,2.22,170
stress-ng --cpu 16 --cpu-load 10 --timeout 60s --quiet,5,5/15/2026,18:59:26,5.33,2.23,195
stress-ng --cpu 16 --cpu-load 10 --timeout 60s --quiet,5,5/15/2026,18:59:27,4.37,2.23,190
stress-ng --cpu 16 --cpu-load 10 --timeout 60s --quiet,5,5/15/2026,18:59:28,5.57,2.23,187
stress-ng --cpu 16 --cpu-load 10 --timeout 60s --quiet,5,5/15/2026,18:59:29,5.67,2.23,161
stress-ng --cpu 16 --cpu-load 10 --timeout 60s --quiet,5,5/15/2026,18:59:30,4.71,2.23,184
stress-ng --cpu 16 --cpu-load 10 --timeout 60s --quiet,5,5/15/2026,18:59:31,4.96,2.23,164
stress-ng --cpu 16 --cpu-load 10 --timeout 60s --quiet,5,5/15/2026,18:59:32,5.08,2.23,172
stress-ng --cpu 16 --cpu-load 10 --timeout 60s --quiet,5,5/15/2026,18:59:33,5.36,2.22,165
stress-ng --cpu 16 --cpu-load 10 --timeout 60s --quiet,5,5/15/2026,18:59:34,5.26,2.22,173
stress-ng --cpu 16 --cpu-load 10 --timeout 60s --quiet,5,5/15/2026,18:59:35,5.08,2.22,178
stress-ng --cpu 16 --cpu-load 10 --timeout 60s --quiet,5,5/15/2026,18:59:36,5.17,2.21,145
stress-ng --cpu 16 --cpu-load 10 --timeout 60s --quiet,5,5/15/2026,18:59:37,5.91,2.21,200
stress-ng --cpu 16 --cpu-load 10 --timeout 60s --quiet,5,5/15/2026,18:59:38,5.11,2.21,140
stress-ng --cpu 16 --cpu-load 10 --timeout 60s --quiet,5,5/15/2026,18:59:39,5.08,2.22,160
stress-ng --cpu 16 --cpu-load 10 --timeout 60s --quiet,5,5/15/2026,18:59:40,5.26,2.21,192
stress-ng --cpu 16 --cpu-load 10 --timeout 60s --quiet,5,5/15/2026,18:59:41,5.02,2.21,173
stress-ng --cpu 16 --cpu-load 10 --timeout 60s --quiet,5,5/15/2026,18:59:42,5.24,2.21,175
stress-ng --cpu 16 --cpu-load 10 --timeout 60s --quiet,5,5/15/2026,18:59:43,5.225,2.21,170
stress-ng --cpu 16 --cpu-load 10 --timeout 60s --quiet,5,5/15/2026,18:59:44,5.21,2.21,176
stress-ng --cpu 16 --cpu-load 10 --timeout 60s --quiet,5,5/15/2026,18:59:45,5.61,2.21,206
stress-ng --cpu 16 --cpu-load 10 --timeout 60s --quiet,5,5/15/2026,18:59:46,4.8,2.21,154
stress-ng --cpu 16 --cpu-load 10 --timeout 60s --quiet,5,5/15/2026,18:59:47,5.02,2.21,191
stress-ng --cpu 16 --cpu-load 10 --timeout 60s --quiet,5,5/15/2026,18:59:48,5.14,2.21,191.3846154
stress-ng --cpu 16 --cpu-load 10 --timeout 60s --quiet,5,5/15/2026,18:59:49,4.43,2.21,191.7692308
stress-ng --cpu 16 --cpu-load 10 --timeout 60s --quiet,5,5/15/2026,18:59:50,4.62,2.21,192.1538462
stress-ng --cpu 16 --cpu-load 10 --timeout 60s --quiet,5,5/15/2026,18:59:51,4.98,2.2,192.5384615
stress-ng --cpu 16 --cpu-load 10 --timeout 60s --quiet,5,5/15/2026,18:59:52,5.17,2.2,192.9230769
stress-ng --cpu 16 --cpu-load 10 --timeout 60s --quiet,5,5/15/2026,18:59:53,5.38,2.19,193.3076923
stress-ng --cpu 16 --cpu-load 10 --timeout 60s --quiet,5,5/15/2026,18:59:54,5.32,2.19,193.6923077
stress-ng --cpu 16 --cpu-load 10 --timeout 60s --quiet,5,5/15/2026,18:59:55,5.04,2.19,194.0769231
stress-ng --cpu 16 --cpu-load 10 --timeout 60s --quiet,5,5/15/2026,18:59:56,5.69,2.2,194.4615385
stress-ng --cpu 16 --cpu-load 10 --timeout 60s --quiet,5,5/15/2026,18:59:57,4.65,2.2,194.8461538
stress-ng --cpu 16 --cpu-load 10 --timeout 60s --quiet,5,5/15/2026,18:59:58,4.55,2.19,195.2307692
stress-ng --cpu 16 --cpu-load 10 --timeout 60s --quiet,5,5/15/2026,18:59:59,5.27,2.19,195.6153846
stress-ng --cpu 16 --cpu-load 10 --timeout 60s --quiet,5,5/15/2026,19:00:00,4.9,2.19,196
stress-ng --cpu 16 --cpu-load 10 --timeout 60s --quiet,5,5/15/2026,19:00:01,5.11,2.19,181
stress-ng --cpu 16 --cpu-load 10 --timeout 60s --quiet,5,5/15/2026,19:00:02,4.93,2.19,152
stress-ng --cpu 16 --cpu-load 10 --timeout 60s --quiet,5,5/15/2026,19:00:03,5.17,2.19,192
stress-ng --cpu 16 --cpu-load 10 --timeout 60s --quiet,5,5/15/2026,19:00:04,5.82,2.19,179
stress-ng --cpu 16 --cpu-load 10 --timeout 60s --quiet,5,5/15/2026,19:00:05,6,2.19,183
stress-ng --cpu 16 --cpu-load 10 --timeout 60s --quiet,5,5/15/2026,19:00:06,5.36,2.19,174
stress-ng --cpu 16 --cpu-load 10 --timeout 60s --quiet,5,5/15/2026,19:00:07,3.42,2.2,190
stress-ng --cpu 16 --cpu-load 10 --timeout 60s --quiet,5,5/15/2026,19:00:08,5.11,2.2,193
stress-ng --cpu 16 --cpu-load 10 --timeout 60s --quiet,5,5/15/2026,19:00:09,5.02,2.2,184
stress-ng --cpu 16 --cpu-load 10 --timeout 60s --quiet,5,5/15/2026,19:00:10,5.42,2.2,177
stress-ng --cpu 16 --cpu-load 10 --timeout 60s --quiet,5,5/15/2026,19:00:11,5.73,2.21,144
stress-ng --cpu 16 --cpu-load 10 --timeout 60s --quiet,5,5/15/2026,19:00:12,5.48,2.21,137
stress-ng --cpu 16 --cpu-load 10 --timeout 60s --quiet,5,5/15/2026,19:00:13,4.96,2.21,176
stress-ng --cpu 16 --cpu-load 10 --timeout 60s --quiet,5,5/15/2026,19:00:14,3.91,2.14,183
stress-ng --cpu 16 --cpu-load 12 --timeout 60s --quiet,6,5/14/2026,22:26:25,0.12,2.12,129
stress-ng --cpu 16 --cpu-load 12 --timeout 60s --quiet,6,5/14/2026,22:26:26,6.53,2.23,123
stress-ng --cpu 16 --cpu-load 12 --timeout 60s --quiet,6,5/14/2026,22:26:27,5.33,2.23,119
stress-ng --cpu 16 --cpu-load 12 --timeout 60s --quiet,6,5/14/2026,22:26:28,5.2,2.22,146
stress-ng --cpu 16 --cpu-load 12 --timeout 60s --quiet,6,5/14/2026,22:26:29,5.69,2.22,132
stress-ng --cpu 16 --cpu-load 12 --timeout 60s --quiet,6,5/14/2026,22:26:30,5.94,2.22,200
stress-ng --cpu 16 --cpu-load 12 --timeout 60s --quiet,6,5/14/2026,22:26:31,5.67,2.22,142
stress-ng --cpu 16 --cpu-load 12 --timeout 60s --quiet,6,5/14/2026,22:26:32,5.6,2.22,212
stress-ng --cpu 16 --cpu-load 12 --timeout 60s --quiet,6,5/14/2026,22:26:33,8.5,2.22,136
stress-ng --cpu 16 --cpu-load 12 --timeout 60s --quiet,6,5/14/2026,22:26:34,6.28,2.23,170
stress-ng --cpu 16 --cpu-load 12 --timeout 60s --quiet,6,5/14/2026,22:26:35,5.26,2.23,169
stress-ng --cpu 16 --cpu-load 12 --timeout 60s --quiet,6,5/14/2026,22:26:36,5.79,2.23,156
stress-ng --cpu 16 --cpu-load 12 --timeout 60s --quiet,6,5/14/2026,22:26:37,5.75,2.23,196
stress-ng --cpu 16 --cpu-load 12 --timeout 60s --quiet,6,5/14/2026,22:26:38,6.74,2.23,168
stress-ng --cpu 16 --cpu-load 12 --timeout 60s --quiet,6,5/14/2026,22:26:39,5.91,2.22,171
stress-ng --cpu 16 --cpu-load 12 --timeout 60s --quiet,6,5/14/2026,22:26:40,6.25,2.22,173.5
stress-ng --cpu 16 --cpu-load 12 --timeout 60s --quiet,6,5/14/2026,22:26:41,6.48,2.21,176
stress-ng --cpu 16 --cpu-load 12 --timeout 60s --quiet,6,5/14/2026,22:26:42,5.7,2.2,178
stress-ng --cpu 16 --cpu-load 12 --timeout 60s --quiet,6,5/14/2026,22:26:43,7.08,2.21,169
stress-ng --cpu 16 --cpu-load 12 --timeout 60s --quiet,6,5/14/2026,22:26:44,6.56,2.2,176
stress-ng --cpu 16 --cpu-load 12 --timeout 60s --quiet,6,5/14/2026,22:26:45,5.45,2.21,177
stress-ng --cpu 16 --cpu-load 12 --timeout 60s --quiet,6,5/14/2026,22:26:46,6.15,2.21,165
stress-ng --cpu 16 --cpu-load 12 --timeout 60s --quiet,6,5/14/2026,22:26:47,5.88,2.21,167
stress-ng --cpu 16 --cpu-load 12 --timeout 60s --quiet,6,5/14/2026,22:26:48,5.26,2.21,171
stress-ng --cpu 16 --cpu-load 12 --timeout 60s --quiet,6,5/14/2026,22:26:49,7.05,2.21,215
stress-ng --cpu 16 --cpu-load 12 --timeout 60s --quiet,6,5/14/2026,22:26:50,7.2,2.21,161
stress-ng --cpu 16 --cpu-load 12 --timeout 60s --quiet,6,5/14/2026,22:26:51,5.66,2.2,156
stress-ng --cpu 16 --cpu-load 12 --timeout 60s --quiet,6,5/14/2026,22:26:52,5.91,2.2,180
stress-ng --cpu 16 --cpu-load 12 --timeout 60s --quiet,6,5/14/2026,22:26:53,7.13,2.2,162
stress-ng --cpu 16 --cpu-load 12 --timeout 60s --quiet,6,5/14/2026,22:26:54,5.2,2.2,158.5
stress-ng --cpu 16 --cpu-load 12 --timeout 60s --quiet,6,5/14/2026,22:26:55,5.11,2.2,155
stress-ng --cpu 16 --cpu-load 12 --timeout 60s --quiet,6,5/14/2026,22:26:56,7.83,2.2,167
stress-ng --cpu 16 --cpu-load 12 --timeout 60s --quiet,6,5/14/2026,22:26:57,6.8,2.21,211
stress-ng --cpu 16 --cpu-load 12 --timeout 60s --quiet,6,5/14/2026,22:26:58,6.09,2.21,164
stress-ng --cpu 16 --cpu-load 12 --timeout 60s --quiet,6,5/14/2026,22:26:59,5.7,2.22,184
stress-ng --cpu 16 --cpu-load 12 --timeout 60s --quiet,6,5/14/2026,22:27:00,4.96,2.22,172
stress-ng --cpu 16 --cpu-load 12 --timeout 60s --quiet,6,5/14/2026,22:27:01,7.14,2.22,218
stress-ng --cpu 16 --cpu-load 12 --timeout 60s --quiet,6,5/14/2026,22:27:02,5.48,2.22,208
stress-ng --cpu 16 --cpu-load 12 --timeout 60s --quiet,6,5/14/2026,22:27:03,6.72,2.22,173
stress-ng --cpu 16 --cpu-load 12 --timeout 60s --quiet,6,5/14/2026,22:27:04,6.31,2.22,152
stress-ng --cpu 16 --cpu-load 12 --timeout 60s --quiet,6,5/14/2026,22:27:05,5.73,2.22,202
stress-ng --cpu 16 --cpu-load 12 --timeout 60s --quiet,6,5/14/2026,22:27:06,6.5,2.23,170
stress-ng --cpu 16 --cpu-load 12 --timeout 60s --quiet,6,5/14/2026,22:27:07,6.19,2.23,173
stress-ng --cpu 16 --cpu-load 12 --timeout 60s --quiet,6,5/14/2026,22:27:08,6.09,2.22,176
stress-ng --cpu 16 --cpu-load 12 --timeout 60s --quiet,6,5/14/2026,22:27:09,6.38,2.23,181
stress-ng --cpu 16 --cpu-load 12 --timeout 60s --quiet,6,5/14/2026,22:27:10,6.42,2.225,200
stress-ng --cpu 16 --cpu-load 12 --timeout 60s --quiet,6,5/14/2026,22:27:11,6.46,2.22,175
stress-ng --cpu 16 --cpu-load 12 --timeout 60s --quiet,6,5/14/2026,22:27:12,5.7,2.22,173
stress-ng --cpu 16 --cpu-load 12 --timeout 60s --quiet,6,5/14/2026,22:27:13,5.73,2.22,193
stress-ng --cpu 16 --cpu-load 12 --timeout 60s --quiet,6,5/14/2026,22:27:14,6.44,2.22,206
stress-ng --cpu 16 --cpu-load 12 --timeout 60s --quiet,6,5/14/2026,22:27:15,6.49,2.22,155
stress-ng --cpu 16 --cpu-load 12 --timeout 60s --quiet,6,5/14/2026,22:27:16,5.43,2.23,171
stress-ng --cpu 16 --cpu-load 12 --timeout 60s --quiet,6,5/14/2026,22:27:17,6.59,2.23,197
stress-ng --cpu 16 --cpu-load 12 --timeout 60s --quiet,6,5/14/2026,22:27:18,6.74,2.23,184
stress-ng --cpu 16 --cpu-load 12 --timeout 60s --quiet,6,5/14/2026,22:27:19,5.85,2.23,173
stress-ng --cpu 16 --cpu-load 12 --timeout 60s --quiet,6,5/14/2026,22:27:20,6.21,2.22,184
stress-ng --cpu 16 --cpu-load 12 --timeout 60s --quiet,6,5/14/2026,22:27:21,6.07,2.22,196
stress-ng --cpu 16 --cpu-load 12 --timeout 60s --quiet,6,5/14/2026,22:27:22,6.71,2.23,185
stress-ng --cpu 16 --cpu-load 12 --timeout 60s --quiet,6,5/14/2026,22:27:23,5.76,2.23,180
stress-ng --cpu 16 --cpu-load 12 --timeout 60s --quiet,6,5/14/2026,22:27:24,5.98,2.23,187
stress-ng --cpu 16 --cpu-load 12 --timeout 60s --quiet,6,5/14/2026,22:27:25,5.72,2.23,204
stress-ng --cpu 16 --cpu-load 12 --timeout 60s --quiet,6,5/14/2026,22:27:26,5.12,2.21,171
stress-ng --cpu 16 --cpu-load 12 --timeout 60s --quiet,6,5/15/2026,9:37:56,6.35,2.26,201
stress-ng --cpu 16 --cpu-load 12 --timeout 60s --quiet,6,5/15/2026,9:37:57,5.21,2.26,126
stress-ng --cpu 16 --cpu-load 12 --timeout 60s --quiet,6,5/15/2026,9:37:58,5.39,2.26,175
stress-ng --cpu 16 --cpu-load 12 --timeout 60s --quiet,6,5/15/2026,9:37:59,5.73,2.26,145
stress-ng --cpu 16 --cpu-load 12 --timeout 60s --quiet,6,5/15/2026,9:38:00,5.84,2.26,199
stress-ng --cpu 16 --cpu-load 12 --timeout 60s --quiet,6,5/15/2026,9:38:01,5.73,2.26,151
stress-ng --cpu 16 --cpu-load 12 --timeout 60s --quiet,6,5/15/2026,9:38:02,6.25,2.26,172
stress-ng --cpu 16 --cpu-load 12 --timeout 60s --quiet,6,5/15/2026,9:38:03,8.24,2.26,166
stress-ng --cpu 16 --cpu-load 12 --timeout 60s --quiet,6,5/15/2026,9:38:04,6.22,2.25,172
stress-ng --cpu 16 --cpu-load 12 --timeout 60s --quiet,6,5/15/2026,9:38:05,5.11,2.25,178
stress-ng --cpu 16 --cpu-load 12 --timeout 60s --quiet,6,5/15/2026,9:38:06,5.52,2.23,146
stress-ng --cpu 16 --cpu-load 12 --timeout 60s --quiet,6,5/15/2026,9:38:07,6.28,2.23,204
stress-ng --cpu 16 --cpu-load 12 --timeout 60s --quiet,6,5/15/2026,9:38:08,7.02,2.23,194
stress-ng --cpu 16 --cpu-load 12 --timeout 60s --quiet,6,5/15/2026,9:38:09,6.4,2.23,191.3333333
stress-ng --cpu 16 --cpu-load 12 --timeout 60s --quiet,6,5/15/2026,9:38:10,5.42,2.23,188.6666667
stress-ng --cpu 16 --cpu-load 12 --timeout 60s --quiet,6,5/15/2026,9:38:11,6.52,2.22,186
stress-ng --cpu 16 --cpu-load 12 --timeout 60s --quiet,6,5/15/2026,9:38:12,6.25,2.23,162
stress-ng --cpu 16 --cpu-load 12 --timeout 60s --quiet,6,5/15/2026,9:38:13,6.62,2.23,191
stress-ng --cpu 16 --cpu-load 12 --timeout 60s --quiet,6,5/15/2026,9:38:14,5.57,2.23,199
stress-ng --cpu 16 --cpu-load 12 --timeout 60s --quiet,6,5/15/2026,9:38:15,6.11,2.23,175
stress-ng --cpu 16 --cpu-load 12 --timeout 60s --quiet,6,5/15/2026,9:38:16,5.2,2.23,200
stress-ng --cpu 16 --cpu-load 12 --timeout 60s --quiet,6,5/15/2026,9:38:17,6.99,2.23,155
stress-ng --cpu 16 --cpu-load 12 --timeout 60s --quiet,6,5/15/2026,9:38:18,6.19,2.23,159
stress-ng --cpu 16 --cpu-load 12 --timeout 60s --quiet,6,5/15/2026,9:38:19,7.11,2.23,189
stress-ng --cpu 16 --cpu-load 12 --timeout 60s --quiet,6,5/15/2026,9:38:20,5.27,2.23,173
stress-ng --cpu 16 --cpu-load 12 --timeout 60s --quiet,6,5/15/2026,9:38:21,5.42,2.23,217
stress-ng --cpu 16 --cpu-load 12 --timeout 60s --quiet,6,5/15/2026,9:38:22,6.86,2.23,179
stress-ng --cpu 16 --cpu-load 12 --timeout 60s --quiet,6,5/15/2026,9:38:23,6.4,2.23,141
stress-ng --cpu 16 --cpu-load 12 --timeout 60s --quiet,6,5/15/2026,9:38:24,6.25,2.23,171
stress-ng --cpu 16 --cpu-load 12 --timeout 60s --quiet,6,5/15/2026,9:38:25,5.6,2.23,194
stress-ng --cpu 16 --cpu-load 12 --timeout 60s --quiet,6,5/15/2026,9:38:26,6.13,2.22,203
stress-ng --cpu 16 --cpu-load 12 --timeout 60s --quiet,6,5/15/2026,9:38:27,6.89,2.21,195
stress-ng --cpu 16 --cpu-load 12 --timeout 60s --quiet,6,5/15/2026,9:38:28,6.18,2.21,168
stress-ng --cpu 16 --cpu-load 12 --timeout 60s --quiet,6,5/15/2026,9:38:29,5.71,2.21,182
stress-ng --cpu 16 --cpu-load 12 --timeout 60s --quiet,6,5/15/2026,9:38:30,5.24,2.21,176
stress-ng --cpu 16 --cpu-load 12 --timeout 60s --quiet,6,5/15/2026,9:38:31,6.01,2.21,152
stress-ng --cpu 16 --cpu-load 12 --timeout 60s --quiet,6,5/15/2026,9:38:32,6.86,2.21,174
stress-ng --cpu 16 --cpu-load 12 --timeout 60s --quiet,6,5/15/2026,9:38:33,5.79,2.2,212
stress-ng --cpu 16 --cpu-load 12 --timeout 60s --quiet,6,5/15/2026,9:38:34,6.17,2.21,181
stress-ng --cpu 16 --cpu-load 12 --timeout 60s --quiet,6,5/15/2026,9:38:35,6.34,2.21,186
stress-ng --cpu 16 --cpu-load 12 --timeout 60s --quiet,6,5/15/2026,9:38:36,6.34,2.21,185
stress-ng --cpu 16 --cpu-load 12 --timeout 60s --quiet,6,5/15/2026,9:38:37,6,2.21,181
stress-ng --cpu 16 --cpu-load 12 --timeout 60s --quiet,6,5/15/2026,9:38:38,5.91,2.21,205
stress-ng --cpu 16 --cpu-load 12 --timeout 60s --quiet,6,5/15/2026,9:38:39,6.28,2.21,183
stress-ng --cpu 16 --cpu-load 12 --timeout 60s --quiet,6,5/15/2026,9:38:40,5.76,2.21,194
stress-ng --cpu 16 --cpu-load 12 --timeout 60s --quiet,6,5/15/2026,9:38:41,6.37,2.21,192
stress-ng --cpu 16 --cpu-load 12 --timeout 60s --quiet,6,5/15/2026,9:38:42,6.53,2.21,190
stress-ng --cpu 16 --cpu-load 12 --timeout 60s --quiet,6,5/15/2026,9:38:43,5.72,2.22,209
stress-ng --cpu 16 --cpu-load 12 --timeout 60s --quiet,6,5/15/2026,9:38:44,6.46,2.22,194
stress-ng --cpu 16 --cpu-load 12 --timeout 60s --quiet,6,5/15/2026,9:38:45,6.16,2.22,206
stress-ng --cpu 16 --cpu-load 12 --timeout 60s --quiet,6,5/15/2026,9:38:46,5.6,2.21,184
stress-ng --cpu 16 --cpu-load 12 --timeout 60s --quiet,6,5/15/2026,9:38:47,7.61,2.21,184
stress-ng --cpu 16 --cpu-load 12 --timeout 60s --quiet,6,5/15/2026,9:38:48,6.06,2.21,196
stress-ng --cpu 16 --cpu-load 12 --timeout 60s --quiet,6,5/15/2026,9:38:49,5.88,2.22,173
stress-ng --cpu 16 --cpu-load 12 --timeout 60s --quiet,6,5/15/2026,9:38:50,5.05,2.22,193
stress-ng --cpu 16 --cpu-load 12 --timeout 60s --quiet,6,5/15/2026,9:38:51,7.7,2.22,208
stress-ng --cpu 16 --cpu-load 12 --timeout 60s --quiet,6,5/15/2026,9:38:52,5.97,2.22,140
stress-ng --cpu 16 --cpu-load 12 --timeout 60s --quiet,6,5/15/2026,9:38:53,5.51,2.23,153
stress-ng --cpu 16 --cpu-load 12 --timeout 60s --quiet,6,5/15/2026,9:38:54,5.2,2.23,206
stress-ng --cpu 16 --cpu-load 12 --timeout 60s --quiet,6,5/15/2026,9:38:55,6.53,2.23,170
stress-ng --cpu 16 --cpu-load 12 --timeout 60s --quiet,6,5/15/2026,9:38:56,4.28,2.2,191
stress-ng --cpu 16 --cpu-load 12 --timeout 60s --quiet,6,5/15/2026,14:56:41,0.4,2.2,129
stress-ng --cpu 16 --cpu-load 12 --timeout 60s --quiet,6,5/15/2026,14:56:42,6.5,2.28,121
stress-ng --cpu 16 --cpu-load 12 --timeout 60s --quiet,6,5/15/2026,14:56:43,10.18,2.29,178
stress-ng --cpu 16 --cpu-load 12 --timeout 60s --quiet,6,5/15/2026,14:56:44,5.88,2.29,137
stress-ng --cpu 16 --cpu-load 12 --timeout 60s --quiet,6,5/15/2026,14:56:45,6,2.29,153
stress-ng --cpu 16 --cpu-load 12 --timeout 60s --quiet,6,5/15/2026,14:56:46,5.02,2.29,136
stress-ng --cpu 16 --cpu-load 12 --timeout 60s --quiet,6,5/15/2026,14:56:47,5.76,2.29,119
stress-ng --cpu 16 --cpu-load 12 --timeout 60s --quiet,6,5/15/2026,14:56:48,5.14,2.29,150
stress-ng --cpu 16 --cpu-load 12 --timeout 60s --quiet,6,5/15/2026,14:56:49,7.23,2.29,152
stress-ng --cpu 16 --cpu-load 12 --timeout 60s --quiet,6,5/15/2026,14:56:50,6.65,2.28,166
stress-ng --cpu 16 --cpu-load 12 --timeout 60s --quiet,6,5/15/2026,14:56:51,6.09,2.28,163
stress-ng --cpu 16 --cpu-load 12 --timeout 60s --quiet,6,5/15/2026,14:56:52,5.6,2.28,186
stress-ng --cpu 16 --cpu-load 12 --timeout 60s --quiet,6,5/15/2026,14:56:53,5.7,2.28,158
stress-ng --cpu 16 --cpu-load 12 --timeout 60s --quiet,6,5/15/2026,14:56:54,6.69,2.28,202
stress-ng --cpu 16 --cpu-load 12 --timeout 60s --quiet,6,5/15/2026,14:56:55,5.97,2.28,158
stress-ng --cpu 16 --cpu-load 12 --timeout 60s --quiet,6,5/15/2026,14:56:56,6.7,2.29,141
stress-ng --cpu 16 --cpu-load 12 --timeout 60s --quiet,6,5/15/2026,14:56:57,6.71,2.28,173.5
stress-ng --cpu 16 --cpu-load 12 --timeout 60s --quiet,6,5/15/2026,14:56:58,6.17,2.28,206
stress-ng --cpu 16 --cpu-load 12 --timeout 60s --quiet,6,5/15/2026,14:56:59,5.63,2.28,194
stress-ng --cpu 16 --cpu-load 12 --timeout 60s --quiet,6,5/15/2026,14:57:00,6.61,2.28,187
stress-ng --cpu 16 --cpu-load 12 --timeout 60s --quiet,6,5/15/2026,14:57:01,6.52,2.27,191
stress-ng --cpu 16 --cpu-load 12 --timeout 60s --quiet,6,5/15/2026,14:57:02,5.94,2.27,192
stress-ng --cpu 16 --cpu-load 12 --timeout 60s --quiet,6,5/15/2026,14:57:03,5.75,2.27,145
stress-ng --cpu 16 --cpu-load 12 --timeout 60s --quiet,6,5/15/2026,14:57:04,7.02,2.26,198
stress-ng --cpu 16 --cpu-load 12 --timeout 60s --quiet,6,5/15/2026,14:57:05,6.46,2.26,169
stress-ng --cpu 16 --cpu-load 12 --timeout 60s --quiet,6,5/15/2026,14:57:06,6.87,2.27,185
stress-ng --cpu 16 --cpu-load 12 --timeout 60s --quiet,6,5/15/2026,14:57:07,5.69,2.25,175
stress-ng --cpu 16 --cpu-load 12 --timeout 60s --quiet,6,5/15/2026,14:57:08,5.36,2.25,151
stress-ng --cpu 16 --cpu-load 12 --timeout 60s --quiet,6,5/15/2026,14:57:09,6,2.26,212
stress-ng --cpu 16 --cpu-load 12 --timeout 60s --quiet,6,5/15/2026,14:57:10,6.8,2.26,158
stress-ng --cpu 16 --cpu-load 12 --timeout 60s --quiet,6,5/15/2026,14:57:11,6.99,2.25,180
stress-ng --cpu 16 --cpu-load 12 --timeout 60s --quiet,6,5/15/2026,14:57:12,4.93,2.25,205
stress-ng --cpu 16 --cpu-load 12 --timeout 60s --quiet,6,5/15/2026,14:57:13,6.19,2.26,164
stress-ng --cpu 16 --cpu-load 12 --timeout 60s --quiet,6,5/15/2026,14:57:14,6.56,2.26,173
stress-ng --cpu 16 --cpu-load 12 --timeout 60s --quiet,6,5/15/2026,14:57:15,5.7,2.26,201
stress-ng --cpu 16 --cpu-load 12 --timeout 60s --quiet,6,5/15/2026,14:57:16,6.59,2.26,193
stress-ng --cpu 16 --cpu-load 12 --timeout 60s --quiet,6,5/15/2026,14:57:17,6.07,2.26,197
stress-ng --cpu 16 --cpu-load 12 --timeout 60s --quiet,6,5/15/2026,14:57:18,6.68,2.26,191
stress-ng --cpu 16 --cpu-load 12 --timeout 60s --quiet,6,5/15/2026,14:57:19,5.61,2.26,182
stress-ng --cpu 16 --cpu-load 12 --timeout 60s --quiet,6,5/15/2026,14:57:20,6.37,2.26,194
stress-ng --cpu 16 --cpu-load 12 --timeout 60s --quiet,6,5/15/2026,14:57:21,6.65,2.26,193
stress-ng --cpu 16 --cpu-load 12 --timeout 60s --quiet,6,5/15/2026,14:57:22,6.13,2.26,201
stress-ng --cpu 16 --cpu-load 12 --timeout 60s --quiet,6,5/15/2026,14:57:23,5.14,2.27,179
stress-ng --cpu 16 --cpu-load 12 --timeout 60s --quiet,6,5/15/2026,14:57:24,7.86,2.27,156
stress-ng --cpu 16 --cpu-load 12 --timeout 60s --quiet,6,5/15/2026,14:57:25,5.73,2.27,199
stress-ng --cpu 16 --cpu-load 12 --timeout 60s --quiet,6,5/15/2026,14:57:26,5.11,2.26,158
stress-ng --cpu 16 --cpu-load 12 --timeout 60s --quiet,6,5/15/2026,14:57:27,6.56,2.26,180
stress-ng --cpu 16 --cpu-load 12 --timeout 60s --quiet,6,5/15/2026,14:57:28,7.76,2.26,200
stress-ng --cpu 16 --cpu-load 12 --timeout 60s --quiet,6,5/15/2026,14:57:29,5.08,2.26,196
stress-ng --cpu 16 --cpu-load 12 --timeout 60s --quiet,6,5/15/2026,14:57:30,6.07,2.27,192
stress-ng --cpu 16 --cpu-load 12 --timeout 60s --quiet,6,5/15/2026,14:57:31,6.71,2.27,196
stress-ng --cpu 16 --cpu-load 12 --timeout 60s --quiet,6,5/15/2026,14:57:32,5.85,2.27,201
stress-ng --cpu 16 --cpu-load 12 --timeout 60s --quiet,6,5/15/2026,14:57:33,6.74,2.27,183
stress-ng --cpu 16 --cpu-load 12 --timeout 60s --quiet,6,5/15/2026,14:57:34,5.51,2.27,197
stress-ng --cpu 16 --cpu-load 12 --timeout 60s --quiet,6,5/15/2026,14:57:35,5.79,2.27,200
stress-ng --cpu 16 --cpu-load 12 --timeout 60s --quiet,6,5/15/2026,14:57:36,7.02,2.27,156
stress-ng --cpu 16 --cpu-load 12 --timeout 60s --quiet,6,5/15/2026,14:57:37,5.72,2.26,173
stress-ng --cpu 16 --cpu-load 12 --timeout 60s --quiet,6,5/15/2026,14:57:38,6.8,2.26,199
stress-ng --cpu 16 --cpu-load 12 --timeout 60s --quiet,6,5/15/2026,14:57:39,6.55,2.26,181
stress-ng --cpu 16 --cpu-load 12 --timeout 60s --quiet,6,5/15/2026,14:57:40,5.39,2.27,148
stress-ng --cpu 16 --cpu-load 12 --timeout 60s --quiet,6,5/15/2026,14:57:41,6.52,2.27,200
stress-ng --cpu 16 --cpu-load 14 --timeout 60s --quiet,7,5/14/2026,21:38:18,0.15,2.11,125
stress-ng --cpu 16 --cpu-load 14 --timeout 60s --quiet,7,5/14/2026,21:38:19,6.04,2.21,119
stress-ng --cpu 16 --cpu-load 14 --timeout 60s --quiet,7,5/14/2026,21:38:20,5.55,2.21,114
stress-ng --cpu 16 --cpu-load 14 --timeout 60s --quiet,7,5/14/2026,21:38:21,5.32,2.21,145
stress-ng --cpu 16 --cpu-load 14 --timeout 60s --quiet,7,5/14/2026,21:38:22,6.25,2.21,181
stress-ng --cpu 16 --cpu-load 14 --timeout 60s --quiet,7,5/14/2026,21:38:23,10.22,2.21,117
stress-ng --cpu 16 --cpu-load 14 --timeout 60s --quiet,7,5/14/2026,21:38:24,5.63,2.22,152
stress-ng --cpu 16 --cpu-load 14 --timeout 60s --quiet,7,5/14/2026,21:38:25,7.97,2.22,192
stress-ng --cpu 16 --cpu-load 14 --timeout 60s --quiet,7,5/14/2026,21:38:26,7.09,2.22,188
stress-ng --cpu 16 --cpu-load 14 --timeout 60s --quiet,7,5/14/2026,21:38:27,5.81,2.21,142
stress-ng --cpu 16 --cpu-load 14 --timeout 60s --quiet,7,5/14/2026,21:38:28,7.14,2.22,131
stress-ng --cpu 16 --cpu-load 14 --timeout 60s --quiet,7,5/14/2026,21:38:29,8.93,2.22,151
stress-ng --cpu 16 --cpu-load 14 --timeout 60s --quiet,7,5/14/2026,21:38:30,5.72,2.22,145
stress-ng --cpu 16 --cpu-load 14 --timeout 60s --quiet,7,5/14/2026,21:38:31,7.11,2.21,186
stress-ng --cpu 16 --cpu-load 14 --timeout 60s --quiet,7,5/14/2026,21:38:32,7.14,2.21,184
stress-ng --cpu 16 --cpu-load 14 --timeout 60s --quiet,7,5/14/2026,21:38:33,6.68,2.22,184
stress-ng --cpu 16 --cpu-load 14 --timeout 60s --quiet,7,5/14/2026,21:38:34,8.65,2.23,153
stress-ng --cpu 16 --cpu-load 14 --timeout 60s --quiet,7,5/14/2026,21:38:35,5.94,2.22,202
stress-ng --cpu 16 --cpu-load 14 --timeout 60s --quiet,7,5/14/2026,21:38:36,6.86,2.22,197.4285714
stress-ng --cpu 16 --cpu-load 14 --timeout 60s --quiet,7,5/14/2026,21:38:37,7.94,2.22,192.8571429
stress-ng --cpu 16 --cpu-load 14 --timeout 60s --quiet,7,5/14/2026,21:38:38,6.64,2.22,188.2857143
stress-ng --cpu 16 --cpu-load 14 --timeout 60s --quiet,7,5/14/2026,21:38:39,8.09,2.22,183.7142857
stress-ng --cpu 16 --cpu-load 14 --timeout 60s --quiet,7,5/14/2026,21:38:40,5.97,2.22,179.1428571
stress-ng --cpu 16 --cpu-load 14 --timeout 60s --quiet,7,5/14/2026,21:38:41,7.23,2.22,174.5714286
stress-ng --cpu 16 --cpu-load 14 --timeout 60s --quiet,7,5/14/2026,21:38:42,7.91,2.2,170
stress-ng --cpu 16 --cpu-load 14 --timeout 60s --quiet,7,5/14/2026,21:38:43,6.9,2.21,127
stress-ng --cpu 16 --cpu-load 14 --timeout 60s --quiet,7,5/14/2026,21:38:44,7.24,2.21,189
stress-ng --cpu 16 --cpu-load 14 --timeout 60s --quiet,7,5/14/2026,21:38:45,6.96,2.21,190
stress-ng --cpu 16 --cpu-load 14 --timeout 60s --quiet,7,5/14/2026,21:38:46,8.01,2.2,186
stress-ng --cpu 16 --cpu-load 14 --timeout 60s --quiet,7,5/14/2026,21:38:47,5.91,2.2,161
stress-ng --cpu 16 --cpu-load 14 --timeout 60s --quiet,7,5/14/2026,21:38:48,7.45,2.21,175
stress-ng --cpu 16 --cpu-load 14 --timeout 60s --quiet,7,5/14/2026,21:38:49,7.61,2.2,186
stress-ng --cpu 16 --cpu-load 14 --timeout 60s --quiet,7,5/14/2026,21:38:50,6.74,2.2,171
stress-ng --cpu 16 --cpu-load 14 --timeout 60s --quiet,7,5/14/2026,21:38:51,7.73,2.2,183
stress-ng --cpu 16 --cpu-load 14 --timeout 60s --quiet,7,5/14/2026,21:38:52,6.22,2.2,178
stress-ng --cpu 16 --cpu-load 14 --timeout 60s --quiet,7,5/14/2026,21:38:53,8.68,2.2,180
stress-ng --cpu 16 --cpu-load 14 --timeout 60s --quiet,7,5/14/2026,21:38:54,6.81,2.2,201
stress-ng --cpu 16 --cpu-load 14 --timeout 60s --quiet,7,5/14/2026,21:38:55,6.62,2.2,187
stress-ng --cpu 16 --cpu-load 14 --timeout 60s --quiet,7,5/14/2026,21:38:56,7.3,2.2,204
stress-ng --cpu 16 --cpu-load 14 --timeout 60s --quiet,7,5/14/2026,21:38:57,6.31,2.2,186
stress-ng --cpu 16 --cpu-load 14 --timeout 60s --quiet,7,5/14/2026,21:38:58,8.62,2.2,177
stress-ng --cpu 16 --cpu-load 14 --timeout 60s --quiet,7,5/14/2026,21:38:59,6.4,2.2,156
stress-ng --cpu 16 --cpu-load 14 --timeout 60s --quiet,7,5/14/2026,21:39:00,6.68,2.2,203
stress-ng --cpu 16 --cpu-load 14 --timeout 60s --quiet,7,5/14/2026,21:39:01,7.08,2.2,188.5
stress-ng --cpu 16 --cpu-load 14 --timeout 60s --quiet,7,5/14/2026,21:39:02,7.84,2.2,174
stress-ng --cpu 16 --cpu-load 14 --timeout 60s --quiet,7,5/14/2026,21:39:03,6.44,2.19,190
stress-ng --cpu 16 --cpu-load 14 --timeout 60s --quiet,7,5/14/2026,21:39:04,8.53,2.19,206
stress-ng --cpu 16 --cpu-load 14 --timeout 60s --quiet,7,5/14/2026,21:39:05,6.22,2.19,164
stress-ng --cpu 16 --cpu-load 14 --timeout 60s --quiet,7,5/14/2026,21:39:06,6.59,2.19,159
stress-ng --cpu 16 --cpu-load 14 --timeout 60s --quiet,7,5/14/2026,21:39:07,8,2.19,154
stress-ng --cpu 16 --cpu-load 14 --timeout 60s --quiet,7,5/14/2026,21:39:08,6.68,2.2,209
stress-ng --cpu 16 --cpu-load 14 --timeout 60s --quiet,7,5/14/2026,21:39:09,7.48,2.2,181
stress-ng --cpu 16 --cpu-load 14 --timeout 60s --quiet,7,5/14/2026,21:39:10,7.12,2.2,191
stress-ng --cpu 16 --cpu-load 14 --timeout 60s --quiet,7,5/14/2026,21:39:11,7.63,2.19,177
stress-ng --cpu 16 --cpu-load 14 --timeout 60s --quiet,7,5/14/2026,21:39:12,6.25,2.19,183
stress-ng --cpu 16 --cpu-load 14 --timeout 60s --quiet,7,5/14/2026,21:39:13,7.24,2.18,182
stress-ng --cpu 16 --cpu-load 14 --timeout 60s --quiet,7,5/14/2026,21:39:14,6.99,2.19,162
stress-ng --cpu 16 --cpu-load 14 --timeout 60s --quiet,7,5/14/2026,21:39:15,7.65,2.19,182
stress-ng --cpu 16 --cpu-load 14 --timeout 60s --quiet,7,5/14/2026,21:39:16,7.105,2.19,177
stress-ng --cpu 16 --cpu-load 14 --timeout 60s --quiet,7,5/14/2026,21:39:17,6.56,2.19,197
stress-ng --cpu 16 --cpu-load 14 --timeout 60s --quiet,7,5/14/2026,21:39:18,7.79,2.19,180
stress-ng --cpu 16 --cpu-load 14 --timeout 60s --quiet,7,5/14/2026,21:39:19,7.36,2.12,179
stress-ng --cpu 16 --cpu-load 14 --timeout 60s --quiet,7,5/15/2026,8:31:45,0.12,2.08,122
stress-ng --cpu 16 --cpu-load 14 --timeout 60s --quiet,7,5/15/2026,8:31:46,6.5,2.19,130
stress-ng --cpu 16 --cpu-load 14 --timeout 60s --quiet,7,5/15/2026,8:31:47,5.17,2.19,123
stress-ng --cpu 16 --cpu-load 14 --timeout 60s --quiet,7,5/15/2026,8:31:48,5.42,2.19,208
stress-ng --cpu 16 --cpu-load 14 --timeout 60s --quiet,7,5/15/2026,8:31:49,11.19,2.19,162
stress-ng --cpu 16 --cpu-load 14 --timeout 60s --quiet,7,5/15/2026,8:31:50,5.55,2.19,120
stress-ng --cpu 16 --cpu-load 14 --timeout 60s --quiet,7,5/15/2026,8:31:51,5.73,2.19,198
stress-ng --cpu 16 --cpu-load 14 --timeout 60s --quiet,7,5/15/2026,8:31:52,8.6,2.19,189
stress-ng --cpu 16 --cpu-load 14 --timeout 60s --quiet,7,5/15/2026,8:31:53,6.34,2.2,212
stress-ng --cpu 16 --cpu-load 14 --timeout 60s --quiet,7,5/15/2026,8:31:54,5.94,2.2,187
stress-ng --cpu 16 --cpu-load 14 --timeout 60s --quiet,7,5/15/2026,8:31:55,10.26,2.2,214
stress-ng --cpu 16 --cpu-load 14 --timeout 60s --quiet,7,5/15/2026,8:31:56,5.88,2.2,214
stress-ng --cpu 16 --cpu-load 14 --timeout 60s --quiet,7,5/15/2026,8:31:57,5.33,2.2,135
stress-ng --cpu 16 --cpu-load 14 --timeout 60s --quiet,7,5/15/2026,8:31:58,8.53,2.2,127
stress-ng --cpu 16 --cpu-load 14 --timeout 60s --quiet,7,5/15/2026,8:31:59,6.86,2.2,180
stress-ng --cpu 16 --cpu-load 14 --timeout 60s --quiet,7,5/15/2026,8:32:00,8.03,2.21,185
stress-ng --cpu 16 --cpu-load 14 --timeout 60s --quiet,7,5/15/2026,8:32:01,6.5,2.2,196
stress-ng --cpu 16 --cpu-load 14 --timeout 60s --quiet,7,5/15/2026,8:32:02,6.44,2.2,150
stress-ng --cpu 16 --cpu-load 14 --timeout 60s --quiet,7,5/15/2026,8:32:03,7.24,2.2,161
stress-ng --cpu 16 --cpu-load 14 --timeout 60s --quiet,7,5/15/2026,8:32:04,7.67,2.21,197
stress-ng --cpu 16 --cpu-load 14 --timeout 60s --quiet,7,5/15/2026,8:32:05,7.89,2.2,203
stress-ng --cpu 16 --cpu-load 14 --timeout 60s --quiet,7,5/15/2026,8:32:06,6.71,2.2,192
stress-ng --cpu 16 --cpu-load 14 --timeout 60s --quiet,7,5/15/2026,8:32:07,6.56,2.19,178
stress-ng --cpu 16 --cpu-load 14 --timeout 60s --quiet,7,5/15/2026,8:32:08,8.04,2.19,191
stress-ng --cpu 16 --cpu-load 14 --timeout 60s --quiet,7,5/15/2026,8:32:09,5.79,2.19,168
stress-ng --cpu 16 --cpu-load 14 --timeout 60s --quiet,7,5/15/2026,8:32:10,8.9,2.19,165
stress-ng --cpu 16 --cpu-load 14 --timeout 60s --quiet,7,5/15/2026,8:32:11,6.07,2.19,202
stress-ng --cpu 16 --cpu-load 14 --timeout 60s --quiet,7,5/15/2026,8:32:12,7.69,2.19,203
stress-ng --cpu 16 --cpu-load 14 --timeout 60s --quiet,7,5/15/2026,8:32:13,7.64,2.19,198
stress-ng --cpu 16 --cpu-load 14 --timeout 60s --quiet,7,5/15/2026,8:32:14,5.97,2.19,176
stress-ng --cpu 16 --cpu-load 14 --timeout 60s --quiet,7,5/15/2026,8:32:15,7.54,2.19,165
stress-ng --cpu 16 --cpu-load 14 --timeout 60s --quiet,7,5/15/2026,8:32:16,7.06,2.19,205
stress-ng --cpu 16 --cpu-load 14 --timeout 60s --quiet,7,5/15/2026,8:32:17,7.23,2.19,201
stress-ng --cpu 16 --cpu-load 14 --timeout 60s --quiet,7,5/15/2026,8:32:18,7.51,2.2,201
stress-ng --cpu 16 --cpu-load 14 --timeout 60s --quiet,7,5/15/2026,8:32:19,7.05,2.2,210
stress-ng --cpu 16 --cpu-load 14 --timeout 60s --quiet,7,5/15/2026,8:32:20,6.8,2.2,203
stress-ng --cpu 16 --cpu-load 14 --timeout 60s --quiet,7,5/15/2026,8:32:21,7.54,2.2,217
stress-ng --cpu 16 --cpu-load 14 --timeout 60s --quiet,7,5/15/2026,8:32:22,6.83,2.2,178
stress-ng --cpu 16 --cpu-load 14 --timeout 60s --quiet,7,5/15/2026,8:32:23,6.83,2.2,204
stress-ng --cpu 16 --cpu-load 14 --timeout 60s --quiet,7,5/15/2026,8:32:24,7.96,2.2,194.5
stress-ng --cpu 16 --cpu-load 14 --timeout 60s --quiet,7,5/15/2026,8:32:25,5.94,2.2,185
stress-ng --cpu 16 --cpu-load 14 --timeout 60s --quiet,7,5/15/2026,8:32:26,8.71,2.2,206
stress-ng --cpu 16 --cpu-load 14 --timeout 60s --quiet,7,5/15/2026,8:32:27,6.43,2.2,227
stress-ng --cpu 16 --cpu-load 14 --timeout 60s --quiet,7,5/15/2026,8:32:28,6.695,2.205,200
stress-ng --cpu 16 --cpu-load 14 --timeout 60s --quiet,7,5/15/2026,8:32:29,6.96,2.21,196
stress-ng --cpu 16 --cpu-load 14 --timeout 60s --quiet,7,5/15/2026,8:32:30,7.23,2.21,171
stress-ng --cpu 16 --cpu-load 14 --timeout 60s --quiet,7,5/15/2026,8:32:31,8.06,2.21,205
stress-ng --cpu 16 --cpu-load 14 --timeout 60s --quiet,7,5/15/2026,8:32:32,6.75,2.2,204
stress-ng --cpu 16 --cpu-load 14 --timeout 60s --quiet,7,5/15/2026,8:32:33,6.31,2.2,201
stress-ng --cpu 16 --cpu-load 14 --timeout 60s --quiet,7,5/15/2026,8:32:34,7.92,2.21,194
stress-ng --cpu 16 --cpu-load 14 --timeout 60s --quiet,7,5/15/2026,8:32:35,6.81,2.2,174
stress-ng --cpu 16 --cpu-load 14 --timeout 60s --quiet,7,5/15/2026,8:32:36,6.41,2.2,200
stress-ng --cpu 16 --cpu-load 14 --timeout 60s --quiet,7,5/15/2026,8:32:37,8.13,2.21,208
stress-ng --cpu 16 --cpu-load 14 --timeout 60s --quiet,7,5/15/2026,8:32:38,6.68,2.2,212
stress-ng --cpu 16 --cpu-load 14 --timeout 60s --quiet,7,5/15/2026,8:32:39,7.17,2.2,227
stress-ng --cpu 16 --cpu-load 14 --timeout 60s --quiet,7,5/15/2026,8:32:40,7.88,2.21,216
stress-ng --cpu 16 --cpu-load 14 --timeout 60s --quiet,7,5/15/2026,8:32:41,6.59,2.2,193
stress-ng --cpu 16 --cpu-load 14 --timeout 60s --quiet,7,5/15/2026,8:32:42,7.69,2.2,190
stress-ng --cpu 16 --cpu-load 14 --timeout 60s --quiet,7,5/15/2026,8:32:43,6.53,2.2,196
stress-ng --cpu 16 --cpu-load 14 --timeout 60s --quiet,7,5/15/2026,8:32:44,6.99,2.2,192
stress-ng --cpu 16 --cpu-load 14 --timeout 60s --quiet,7,5/15/2026,8:32:45,7.54,2.2,188
stress-ng --cpu 16 --cpu-load 14 --timeout 60s --quiet,7,5/15/2026,8:32:46,6.53,2.17,194
stress-ng --cpu 16 --cpu-load 14 --timeout 60s --quiet,7,5/15/2026,21:39:36,0.12,2.12,130
stress-ng --cpu 16 --cpu-load 14 --timeout 60s --quiet,7,5/15/2026,21:39:37,6.53,2.23,114
stress-ng --cpu 16 --cpu-load 14 --timeout 60s --quiet,7,5/15/2026,21:39:38,9.21,2.23,207
stress-ng --cpu 16 --cpu-load 14 --timeout 60s --quiet,7,5/15/2026,21:39:39,6.99,2.23,123
stress-ng --cpu 16 --cpu-load 14 --timeout 60s --quiet,7,5/15/2026,21:39:40,5.91,2.22,152
stress-ng --cpu 16 --cpu-load 14 --timeout 60s --quiet,7,5/15/2026,21:39:41,6.71,2.22,221
stress-ng --cpu 16 --cpu-load 14 --timeout 60s --quiet,7,5/15/2026,21:39:42,8.37,2.22,173
stress-ng --cpu 16 --cpu-load 14 --timeout 60s --quiet,7,5/15/2026,21:39:43,5.82,2.22,150
stress-ng --cpu 16 --cpu-load 14 --timeout 60s --quiet,7,5/15/2026,21:39:44,8.22,2.23,167
stress-ng --cpu 16 --cpu-load 14 --timeout 60s --quiet,7,5/15/2026,21:39:45,7.24,2.23,185
stress-ng --cpu 16 --cpu-load 14 --timeout 60s --quiet,7,5/15/2026,21:39:46,6.28,2.23,180
stress-ng --cpu 16 --cpu-load 14 --timeout 60s --quiet,7,5/15/2026,21:39:47,7.73,2.22,156
stress-ng --cpu 16 --cpu-load 14 --timeout 60s --quiet,7,5/15/2026,21:39:48,7.45,2.23,170
stress-ng --cpu 16 --cpu-load 14 --timeout 60s --quiet,7,5/15/2026,21:39:49,7.48,2.23,198
stress-ng --cpu 16 --cpu-load 14 --timeout 60s --quiet,7,5/15/2026,21:39:50,6.94,2.23,203
stress-ng --cpu 16 --cpu-load 14 --timeout 60s --quiet,7,5/15/2026,21:39:51,6.37,2.21,194
stress-ng --cpu 16 --cpu-load 14 --timeout 60s --quiet,7,5/15/2026,21:39:52,7.72,2.21,189
stress-ng --cpu 16 --cpu-load 14 --timeout 60s --quiet,7,5/15/2026,21:39:53,7.24,2.21,188
stress-ng --cpu 16 --cpu-load 14 --timeout 60s --quiet,7,5/15/2026,21:39:54,7.12,2.22,215
stress-ng --cpu 16 --cpu-load 14 --timeout 60s --quiet,7,5/15/2026,21:39:55,7.24,2.22,200
stress-ng --cpu 16 --cpu-load 14 --timeout 60s --quiet,7,5/15/2026,21:39:56,6.84,2.21,210
stress-ng --cpu 16 --cpu-load 14 --timeout 60s --quiet,7,5/15/2026,21:39:57,7.7,2.21,221
stress-ng --cpu 16 --cpu-load 14 --timeout 60s --quiet,7,5/15/2026,21:39:58,7.45,2.21,194
stress-ng --cpu 16 --cpu-load 14 --timeout 60s --quiet,7,5/15/2026,21:39:59,6.1,2.21,207
stress-ng --cpu 16 --cpu-load 14 --timeout 60s --quiet,7,5/15/2026,21:40:00,7.36,2.21,203
stress-ng --cpu 16 --cpu-load 14 --timeout 60s --quiet,7,5/15/2026,21:40:01,7.55,2.22,165
stress-ng --cpu 16 --cpu-load 14 --timeout 60s --quiet,7,5/15/2026,21:40:02,7.695,2.22,190
stress-ng --cpu 16 --cpu-load 14 --timeout 60s --quiet,7,5/15/2026,21:40:03,7.84,2.22,174
stress-ng --cpu 16 --cpu-load 14 --timeout 60s --quiet,7,5/15/2026,21:40:04,7.45,2.22,201
stress-ng --cpu 16 --cpu-load 14 --timeout 60s --quiet,7,5/15/2026,21:40:05,5.69,2.21,212
stress-ng --cpu 16 --cpu-load 14 --timeout 60s --quiet,7,5/15/2026,21:40:06,8.46,2.21,169
stress-ng --cpu 16 --cpu-load 14 --timeout 60s --quiet,7,5/15/2026,21:40:07,7.29,2.21,126
stress-ng --cpu 16 --cpu-load 14 --timeout 60s --quiet,7,5/15/2026,21:40:08,6.41,2.22,170
stress-ng --cpu 16 --cpu-load 14 --timeout 60s --quiet,7,5/15/2026,21:40:09,7.51,2.22,162
stress-ng --cpu 16 --cpu-load 14 --timeout 60s --quiet,7,5/15/2026,21:40:10,7.23,2.21,193
stress-ng --cpu 16 --cpu-load 14 --timeout 60s --quiet,7,5/15/2026,21:40:11,6.62,2.21,180
stress-ng --cpu 16 --cpu-load 14 --timeout 60s --quiet,7,5/15/2026,21:40:12,8.52,2.21,153
stress-ng --cpu 16 --cpu-load 14 --timeout 60s --quiet,7,5/15/2026,21:40:13,5.91,2.21,178
stress-ng --cpu 16 --cpu-load 14 --timeout 60s --quiet,7,5/15/2026,21:40:14,7.6,2.21,198
stress-ng --cpu 16 --cpu-load 14 --timeout 60s --quiet,7,5/15/2026,21:40:15,6.49,2.22,204
stress-ng --cpu 16 --cpu-load 14 --timeout 60s --quiet,7,5/15/2026,21:40:16,8.31,2.21,218
stress-ng --cpu 16 --cpu-load 14 --timeout 60s --quiet,7,5/15/2026,21:40:17,6.47,2.21,213
stress-ng --cpu 16 --cpu-load 14 --timeout 60s --quiet,7,5/15/2026,21:40:18,7.02,2.21,203
stress-ng --cpu 16 --cpu-load 14 --timeout 60s --quiet,7,5/15/2026,21:40:19,7.42,2.22,179
stress-ng --cpu 16 --cpu-load 14 --timeout 60s --quiet,7,5/15/2026,21:40:20,6.98,2.21,197
stress-ng --cpu 16 --cpu-load 14 --timeout 60s --quiet,7,5/15/2026,21:40:21,7.14,2.22,202
stress-ng --cpu 16 --cpu-load 14 --timeout 60s --quiet,7,5/15/2026,21:40:22,7.75,2.22,192
stress-ng --cpu 16 --cpu-load 14 --timeout 60s --quiet,7,5/15/2026,21:40:23,6.38,2.22,206
stress-ng --cpu 16 --cpu-load 14 --timeout 60s --quiet,7,5/15/2026,21:40:24,7.61,2.22,196
stress-ng --cpu 16 --cpu-load 14 --timeout 60s --quiet,7,5/15/2026,21:40:25,7.3,2.22,225
stress-ng --cpu 16 --cpu-load 14 --timeout 60s --quiet,7,5/15/2026,21:40:26,7.52,2.22,184
stress-ng --cpu 16 --cpu-load 14 --timeout 60s --quiet,7,5/15/2026,21:40:27,6.4,2.21,197
stress-ng --cpu 16 --cpu-load 14 --timeout 60s --quiet,7,5/15/2026,21:40:28,7.49,2.21,206
stress-ng --cpu 16 --cpu-load 14 --timeout 60s --quiet,7,5/15/2026,21:40:29,7.11,2.21,200
stress-ng --cpu 16 --cpu-load 14 --timeout 60s --quiet,7,5/15/2026,21:40:30,7.67,2.22,209
stress-ng --cpu 16 --cpu-load 14 --timeout 60s --quiet,7,5/15/2026,21:40:31,6.34,2.21,197
stress-ng --cpu 16 --cpu-load 14 --timeout 60s --quiet,7,5/15/2026,21:40:32,7.35,2.22,211
stress-ng --cpu 16 --cpu-load 14 --timeout 60s --quiet,7,5/15/2026,21:40:33,7.29,2.21,200
stress-ng --cpu 16 --cpu-load 14 --timeout 60s --quiet,7,5/15/2026,21:40:34,6.99,2.2,201
stress-ng --cpu 16 --cpu-load 14 --timeout 60s --quiet,7,5/15/2026,21:40:35,7.24,2.2,201.5
stress-ng --cpu 16 --cpu-load 14 --timeout 60s --quiet,7,5/15/2026,21:40:36,6.98,2.2,202
stress-ng --cpu 16 --cpu-load 14 --timeout 60s --quiet,7,5/15/2026,21:40:37,2.9,2.14,183
stress-ng --cpu 16 --cpu-load 16 --timeout 60s --quiet,8,5/15/2026,0:18:39,0.12,2.09,115
stress-ng --cpu 16 --cpu-load 16 --timeout 60s --quiet,8,5/15/2026,0:18:40,6.38,2.21,122
stress-ng --cpu 16 --cpu-load 16 --timeout 60s --quiet,8,5/15/2026,0:18:41,10.45,2.21,206
stress-ng --cpu 16 --cpu-load 16 --timeout 60s --quiet,8,5/15/2026,0:18:42,5.97,2.21,167
stress-ng --cpu 16 --cpu-load 16 --timeout 60s --quiet,8,5/15/2026,0:18:43,10.62,2.2,160
stress-ng --cpu 16 --cpu-load 16 --timeout 60s --quiet,8,5/15/2026,0:18:44,5.97,2.19,126
stress-ng --cpu 16 --cpu-load 16 --timeout 60s --quiet,8,5/15/2026,0:18:45,9.6,2.19,146
stress-ng --cpu 16 --cpu-load 16 --timeout 60s --quiet,8,5/15/2026,0:18:46,7.48,2.19,180
stress-ng --cpu 16 --cpu-load 16 --timeout 60s --quiet,8,5/15/2026,0:18:47,8.65,2.19,160
stress-ng --cpu 16 --cpu-load 16 --timeout 60s --quiet,8,5/15/2026,0:18:48,7.42,2.19,156
stress-ng --cpu 16 --cpu-load 16 --timeout 60s --quiet,8,5/15/2026,0:18:49,8.94,2.19,163
stress-ng --cpu 16 --cpu-load 16 --timeout 60s --quiet,8,5/15/2026,0:18:50,7.76,2.18,214
stress-ng --cpu 16 --cpu-load 16 --timeout 60s --quiet,8,5/15/2026,0:18:51,8.34,2.18,203
stress-ng --cpu 16 --cpu-load 16 --timeout 60s --quiet,8,5/15/2026,0:18:52,8.59,2.17,181
stress-ng --cpu 16 --cpu-load 16 --timeout 60s --quiet,8,5/15/2026,0:18:53,7.57,2.17,198
stress-ng --cpu 16 --cpu-load 16 --timeout 60s --quiet,8,5/15/2026,0:18:54,8.86,2.17,187
stress-ng --cpu 16 --cpu-load 16 --timeout 60s --quiet,8,5/15/2026,0:18:55,7.08,2.17,187
stress-ng --cpu 16 --cpu-load 16 --timeout 60s --quiet,8,5/15/2026,0:18:56,8.62,2.17,211
stress-ng --cpu 16 --cpu-load 16 --timeout 60s --quiet,8,5/15/2026,0:18:57,9.33,2.17,212
stress-ng --cpu 16 --cpu-load 16 --timeout 60s --quiet,8,5/15/2026,0:18:58,7.04,2.17,200
stress-ng --cpu 16 --cpu-load 16 --timeout 60s --quiet,8,5/15/2026,0:18:59,8.61,2.17,201
stress-ng --cpu 16 --cpu-load 16 --timeout 60s --quiet,8,5/15/2026,0:19:00,7.97,2.16,181
stress-ng --cpu 16 --cpu-load 16 --timeout 60s --quiet,8,5/15/2026,0:19:01,8.67,2.16,205
stress-ng --cpu 16 --cpu-load 16 --timeout 60s --quiet,8,5/15/2026,0:19:02,6.95,2.17,210
stress-ng --cpu 16 --cpu-load 16 --timeout 60s --quiet,8,5/15/2026,0:19:03,9.2,2.17,222
stress-ng --cpu 16 --cpu-load 16 --timeout 60s --quiet,8,5/15/2026,0:19:04,7.94,2.17,202
stress-ng --cpu 16 --cpu-load 16 --timeout 60s --quiet,8,5/15/2026,0:19:05,8.19,2.17,189
stress-ng --cpu 16 --cpu-load 16 --timeout 60s --quiet,8,5/15/2026,0:19:06,8.03,2.17,203
stress-ng --cpu 16 --cpu-load 16 --timeout 60s --quiet,8,5/15/2026,0:19:07,8.03,2.18,217
stress-ng --cpu 16 --cpu-load 16 --timeout 60s --quiet,8,5/15/2026,0:19:08,8.27,2.18,203
stress-ng --cpu 16 --cpu-load 16 --timeout 60s --quiet,8,5/15/2026,0:19:09,8,2.18,200
stress-ng --cpu 16 --cpu-load 16 --timeout 60s --quiet,8,5/15/2026,0:19:10,7.82,2.18,193
stress-ng --cpu 16 --cpu-load 16 --timeout 60s --quiet,8,5/15/2026,0:19:11,8.89,2.18,199
stress-ng --cpu 16 --cpu-load 16 --timeout 60s --quiet,8,5/15/2026,0:19:12,8.385,2.18,213
stress-ng --cpu 16 --cpu-load 16 --timeout 60s --quiet,8,5/15/2026,0:19:13,7.88,2.18,196
stress-ng --cpu 16 --cpu-load 16 --timeout 60s --quiet,8,5/15/2026,0:19:14,7.82,2.18,210
stress-ng --cpu 16 --cpu-load 16 --timeout 60s --quiet,8,5/15/2026,0:19:15,8.5,2.18,177
stress-ng --cpu 16 --cpu-load 16 --timeout 60s --quiet,8,5/15/2026,0:19:16,7.97,2.17,199
stress-ng --cpu 16 --cpu-load 16 --timeout 60s --quiet,8,5/15/2026,0:19:17,8.43,2.18,204
stress-ng --cpu 16 --cpu-load 16 --timeout 60s --quiet,8,5/15/2026,0:19:18,8.25,2.17,194
stress-ng --cpu 16 --cpu-load 16 --timeout 60s --quiet,8,5/15/2026,0:19:19,8.34,2.17,184
stress-ng --cpu 16 --cpu-load 16 --timeout 60s --quiet,8,5/15/2026,0:19:20,7.17,2.17,177
stress-ng --cpu 16 --cpu-load 16 --timeout 60s --quiet,8,5/15/2026,0:19:21,9.39,2.17,189
stress-ng --cpu 16 --cpu-load 16 --timeout 60s --quiet,8,5/15/2026,0:19:22,7.2,2.17,220
stress-ng --cpu 16 --cpu-load 16 --timeout 60s --quiet,8,5/15/2026,0:19:23,8.35,2.17,190
stress-ng --cpu 16 --cpu-load 16 --timeout 60s --quiet,8,5/15/2026,0:19:24,9.26,2.17,199
stress-ng --cpu 16 --cpu-load 16 --timeout 60s --quiet,8,5/15/2026,0:19:25,6.49,2.17,208
stress-ng --cpu 16 --cpu-load 16 --timeout 60s --quiet,8,5/15/2026,0:19:26,9.11,2.18,207
stress-ng --cpu 16 --cpu-load 16 --timeout 60s --quiet,8,5/15/2026,0:19:27,8.84,2.18,216
stress-ng --cpu 16 --cpu-load 16 --timeout 60s --quiet,8,5/15/2026,0:19:28,7.24,2.18,214
stress-ng --cpu 16 --cpu-load 16 --timeout 60s --quiet,8,5/15/2026,0:19:29,7.94,2.18,208
stress-ng --cpu 16 --cpu-load 16 --timeout 60s --quiet,8,5/15/2026,0:19:30,8.19,2.18,185
stress-ng --cpu 16 --cpu-load 16 --timeout 60s --quiet,8,5/15/2026,0:19:31,8.46,2.19,208
stress-ng --cpu 16 --cpu-load 16 --timeout 60s --quiet,8,5/15/2026,0:19:32,8.21,2.19,206
stress-ng --cpu 16 --cpu-load 16 --timeout 60s --quiet,8,5/15/2026,0:19:33,7.64,2.18,220
stress-ng --cpu 16 --cpu-load 16 --timeout 60s --quiet,8,5/15/2026,0:19:34,8.31,2.18,166
stress-ng --cpu 16 --cpu-load 16 --timeout 60s --quiet,8,5/15/2026,0:19:35,7.97,2.18,195
stress-ng --cpu 16 --cpu-load 16 --timeout 60s --quiet,8,5/15/2026,0:19:36,9,2.18,210
stress-ng --cpu 16 --cpu-load 16 --timeout 60s --quiet,8,5/15/2026,0:19:37,7.2,2.18,211
stress-ng --cpu 16 --cpu-load 16 --timeout 60s --quiet,8,5/15/2026,0:19:38,8.59,2.18,226
stress-ng --cpu 16 --cpu-load 16 --timeout 60s --quiet,8,5/15/2026,0:19:39,8.01,2.18,213
stress-ng --cpu 16 --cpu-load 16 --timeout 60s --quiet,8,5/15/2026,0:19:40,3.08,2.08,211
stress-ng --cpu 16 --cpu-load 16 --timeout 60s --quiet,8,5/15/2026,5:45:23,6.35,2.22,209
stress-ng --cpu 16 --cpu-load 16 --timeout 60s --quiet,8,5/15/2026,5:45:24,9.88,2.22,209
stress-ng --cpu 16 --cpu-load 16 --timeout 60s --quiet,8,5/15/2026,5:45:25,6.34,2.22,119
stress-ng --cpu 16 --cpu-load 16 --timeout 60s --quiet,8,5/15/2026,5:45:26,8,2.22,140
stress-ng --cpu 16 --cpu-load 16 --timeout 60s --quiet,8,5/15/2026,5:45:27,8.21,2.22,124
stress-ng --cpu 16 --cpu-load 16 --timeout 60s --quiet,8,5/15/2026,5:45:28,8.95,2.23,163
stress-ng --cpu 16 --cpu-load 16 --timeout 60s --quiet,8,5/15/2026,5:45:29,7.12,2.23,174
stress-ng --cpu 16 --cpu-load 16 --timeout 60s --quiet,8,5/15/2026,5:45:30,9.76,2.23,176
stress-ng --cpu 16 --cpu-load 16 --timeout 60s --quiet,8,5/15/2026,5:45:31,6.46,2.22,157
stress-ng --cpu 16 --cpu-load 16 --timeout 60s --quiet,8,5/15/2026,5:45:32,10.26,2.21,174
stress-ng --cpu 16 --cpu-load 16 --timeout 60s --quiet,8,5/15/2026,5:45:33,6.06,2.22,218
stress-ng --cpu 16 --cpu-load 16 --timeout 60s --quiet,8,5/15/2026,5:45:34,9.14,2.22,190
stress-ng --cpu 16 --cpu-load 16 --timeout 60s --quiet,8,5/15/2026,5:45:35,6.71,2.22,200
stress-ng --cpu 16 --cpu-load 16 --timeout 60s --quiet,8,5/15/2026,5:45:36,9.97,2.21,200
stress-ng --cpu 16 --cpu-load 16 --timeout 60s --quiet,8,5/15/2026,5:45:37,6.59,2.22,204
stress-ng --cpu 16 --cpu-load 16 --timeout 60s --quiet,8,5/15/2026,5:45:38,9.45,2.21,204
stress-ng --cpu 16 --cpu-load 16 --timeout 60s --quiet,8,5/15/2026,5:45:39,8.38,2.21,182
stress-ng --cpu 16 --cpu-load 16 --timeout 60s --quiet,8,5/15/2026,5:45:40,7.67,2.22,171
stress-ng --cpu 16 --cpu-load 16 --timeout 60s --quiet,8,5/15/2026,5:45:41,8.53,2.22,203
stress-ng --cpu 16 --cpu-load 16 --timeout 60s --quiet,8,5/15/2026,5:45:42,7.51,2.22,186
stress-ng --cpu 16 --cpu-load 16 --timeout 60s --quiet,8,5/15/2026,5:45:43,9.33,2.22,181
stress-ng --cpu 16 --cpu-load 16 --timeout 60s --quiet,8,5/15/2026,5:45:44,6.06,2.22,176
stress-ng --cpu 16 --cpu-load 16 --timeout 60s --quiet,8,5/15/2026,5:45:45,7.615,2.215,169
stress-ng --cpu 16 --cpu-load 16 --timeout 60s --quiet,8,5/15/2026,5:45:46,9.17,2.21,213
stress-ng --cpu 16 --cpu-load 16 --timeout 60s --quiet,8,5/15/2026,5:45:47,7.24,2.2,203
stress-ng --cpu 16 --cpu-load 16 --timeout 60s --quiet,8,5/15/2026,5:45:48,9.61,2.2,161
stress-ng --cpu 16 --cpu-load 16 --timeout 60s --quiet,8,5/15/2026,5:45:49,7.6,2.2,168
stress-ng --cpu 16 --cpu-load 16 --timeout 60s --quiet,8,5/15/2026,5:45:50,7.75,2.2,159
stress-ng --cpu 16 --cpu-load 16 --timeout 60s --quiet,8,5/15/2026,5:45:51,9.38,2.2,181
stress-ng --cpu 16 --cpu-load 16 --timeout 60s --quiet,8,5/15/2026,5:45:52,7.6,2.2,182
stress-ng --cpu 16 --cpu-load 16 --timeout 60s --quiet,8,5/15/2026,5:45:53,7.91,2.2,179
stress-ng --cpu 16 --cpu-load 16 --timeout 60s --quiet,8,5/15/2026,5:45:54,8.74,2.2,186
stress-ng --cpu 16 --cpu-load 16 --timeout 60s --quiet,8,5/15/2026,5:45:55,7.82,2.2,202
stress-ng --cpu 16 --cpu-load 16 --timeout 60s --quiet,8,5/15/2026,5:45:56,7.95,2.2,184
stress-ng --cpu 16 --cpu-load 16 --timeout 60s --quiet,8,5/15/2026,5:45:57,8.74,2.2,201
stress-ng --cpu 16 --cpu-load 16 --timeout 60s --quiet,8,5/15/2026,5:45:58,7.32,2.21,210
stress-ng --cpu 16 --cpu-load 16 --timeout 60s --quiet,8,5/15/2026,5:45:59,8.26,2.21,199
stress-ng --cpu 16 --cpu-load 16 --timeout 60s --quiet,8,5/15/2026,5:46:00,8.92,2.21,203
stress-ng --cpu 16 --cpu-load 16 --timeout 60s --quiet,8,5/15/2026,5:46:01,6.95,2.21,208
stress-ng --cpu 16 --cpu-load 16 --timeout 60s --quiet,8,5/15/2026,5:46:02,9.41,2.2,196
stress-ng --cpu 16 --cpu-load 16 --timeout 60s --quiet,8,5/15/2026,5:46:03,7.7,2.21,198
stress-ng --cpu 16 --cpu-load 16 --timeout 60s --quiet,8,5/15/2026,5:46:04,8.46,2.21,200
stress-ng --cpu 16 --cpu-load 16 --timeout 60s --quiet,8,5/15/2026,5:46:05,7.58,2.21,194
stress-ng --cpu 16 --cpu-load 16 --timeout 60s --quiet,8,5/15/2026,5:46:06,7.88,2.21,199
stress-ng --cpu 16 --cpu-load 16 --timeout 60s --quiet,8,5/15/2026,5:46:07,8.78,2.21,168
stress-ng --cpu 16 --cpu-load 16 --timeout 60s --quiet,8,5/15/2026,5:46:08,8.34,2.21,180
stress-ng --cpu 16 --cpu-load 16 --timeout 60s --quiet,8,5/15/2026,5:46:09,8.06,2.21,177
stress-ng --cpu 16 --cpu-load 16 --timeout 60s --quiet,8,5/15/2026,5:46:10,7.85,2.21,196
stress-ng --cpu 16 --cpu-load 16 --timeout 60s --quiet,8,5/15/2026,5:46:11,8.77,2.21,196.5
stress-ng --cpu 16 --cpu-load 16 --timeout 60s --quiet,8,5/15/2026,5:46:12,7.48,2.21,197
stress-ng --cpu 16 --cpu-load 16 --timeout 60s --quiet,8,5/15/2026,5:46:13,8.43,2.21,197
stress-ng --cpu 16 --cpu-load 16 --timeout 60s --quiet,8,5/15/2026,5:46:14,8.93,2.22,211
stress-ng --cpu 16 --cpu-load 16 --timeout 60s --quiet,8,5/15/2026,5:46:15,6.62,2.22,207
stress-ng --cpu 16 --cpu-load 16 --timeout 60s --quiet,8,5/15/2026,5:46:16,9.52,2.22,210
stress-ng --cpu 16 --cpu-load 16 --timeout 60s --quiet,8,5/15/2026,5:46:17,7.14,2.22,227
stress-ng --cpu 16 --cpu-load 16 --timeout 60s --quiet,8,5/15/2026,5:46:18,8.25,2.21,205
stress-ng --cpu 16 --cpu-load 16 --timeout 60s --quiet,8,5/15/2026,5:46:19,8.62,2.2,218
stress-ng --cpu 16 --cpu-load 16 --timeout 60s --quiet,8,5/15/2026,5:46:20,8.34,2.21,204
stress-ng --cpu 16 --cpu-load 16 --timeout 60s --quiet,8,5/15/2026,5:46:21,8.02,2.21,203
stress-ng --cpu 16 --cpu-load 16 --timeout 60s --quiet,8,5/15/2026,5:46:22,8.33,2.2,189
stress-ng --cpu 16 --cpu-load 16 --timeout 60s --quiet,8,5/15/2026,5:46:23,4.62,2.13,217
stress-ng --cpu 16 --cpu-load 16 --timeout 60s --quiet,8,5/15/2026,14:58:41,0.15,2.15,145
stress-ng --cpu 16 --cpu-load 16 --timeout 60s --quiet,8,5/15/2026,14:58:42,6.43,2.25,116
stress-ng --cpu 16 --cpu-load 16 --timeout 60s --quiet,8,5/15/2026,14:58:43,10.54,2.26,180
stress-ng --cpu 16 --cpu-load 16 --timeout 60s --quiet,8,5/15/2026,14:58:44,6,2.26,196
stress-ng --cpu 16 --cpu-load 16 --timeout 60s --quiet,8,5/15/2026,14:58:45,10.74,2.25,200.5
stress-ng --cpu 16 --cpu-load 16 --timeout 60s --quiet,8,5/15/2026,14:58:46,5.97,2.24,205
stress-ng --cpu 16 --cpu-load 16 --timeout 60s --quiet,8,5/15/2026,14:58:47,9.35,2.24,186
stress-ng --cpu 16 --cpu-load 16 --timeout 60s --quiet,8,5/15/2026,14:58:48,7.89,2.24,157
stress-ng --cpu 16 --cpu-load 16 --timeout 60s --quiet,8,5/15/2026,14:58:49,8.5,2.24,158
stress-ng --cpu 16 --cpu-load 16 --timeout 60s --quiet,8,5/15/2026,14:58:50,8.12,2.24,165
stress-ng --cpu 16 --cpu-load 16 --timeout 60s --quiet,8,5/15/2026,14:58:51,8.75,2.24,174
stress-ng --cpu 16 --cpu-load 16 --timeout 60s --quiet,8,5/15/2026,14:58:52,8.12,2.23,177
stress-ng --cpu 16 --cpu-load 16 --timeout 60s --quiet,8,5/15/2026,14:58:53,7.38,2.24,131
stress-ng --cpu 16 --cpu-load 16 --timeout 60s --quiet,8,5/15/2026,14:58:54,10.09,2.25,192
stress-ng --cpu 16 --cpu-load 16 --timeout 60s --quiet,8,5/15/2026,14:58:55,6.86,2.25,203
stress-ng --cpu 16 --cpu-load 16 --timeout 60s --quiet,8,5/15/2026,14:58:56,8.87,2.25,214
stress-ng --cpu 16 --cpu-load 16 --timeout 60s --quiet,8,5/15/2026,14:58:57,7.64,2.25,206
stress-ng --cpu 16 --cpu-load 16 --timeout 60s --quiet,8,5/15/2026,14:58:58,9.2,2.25,188
stress-ng --cpu 16 --cpu-load 16 --timeout 60s --quiet,8,5/15/2026,14:58:59,6.4,2.25,173
stress-ng --cpu 16 --cpu-load 16 --timeout 60s --quiet,8,5/15/2026,14:59:00,9.24,2.25,158
stress-ng --cpu 16 --cpu-load 16 --timeout 60s --quiet,8,5/15/2026,14:59:01,7.67,2.24,203
stress-ng --cpu 16 --cpu-load 16 --timeout 60s --quiet,8,5/15/2026,14:59:02,7.89,2.24,199
stress-ng --cpu 16 --cpu-load 16 --timeout 60s --quiet,8,5/15/2026,14:59:03,9.66,2.24,195
stress-ng --cpu 16 --cpu-load 16 --timeout 60s --quiet,8,5/15/2026,14:59:04,7.92,2.24,180
stress-ng --cpu 16 --cpu-load 16 --timeout 60s --quiet,8,5/15/2026,14:59:05,8.09,2.24,195
stress-ng --cpu 16 --cpu-load 16 --timeout 60s --quiet,8,5/15/2026,14:59:06,8.01,2.24,197
stress-ng --cpu 16 --cpu-load 16 --timeout 60s --quiet,8,5/15/2026,14:59:07,8.52,2.25,190
stress-ng --cpu 16 --cpu-load 16 --timeout 60s --quiet,8,5/15/2026,14:59:08,7.27,2.25,190
stress-ng --cpu 16 --cpu-load 16 --timeout 60s --quiet,8,5/15/2026,14:59:09,8.59,2.25,199
stress-ng --cpu 16 --cpu-load 16 --timeout 60s --quiet,8,5/15/2026,14:59:10,8.76,2.245,184
stress-ng --cpu 16 --cpu-load 16 --timeout 60s --quiet,8,5/15/2026,14:59:11,8.93,2.24,179
stress-ng --cpu 16 --cpu-load 16 --timeout 60s --quiet,8,5/15/2026,14:59:12,7.75,2.24,186
stress-ng --cpu 16 --cpu-load 16 --timeout 60s --quiet,8,5/15/2026,14:59:13,7.98,2.24,205
stress-ng --cpu 16 --cpu-load 16 --timeout 60s --quiet,8,5/15/2026,14:59:14,8.28,2.24,188
stress-ng --cpu 16 --cpu-load 16 --timeout 60s --quiet,8,5/15/2026,14:59:15,8.25,2.24,203
stress-ng --cpu 16 --cpu-load 16 --timeout 60s --quiet,8,5/15/2026,14:59:16,8.96,2.25,181
stress-ng --cpu 16 --cpu-load 16 --timeout 60s --quiet,8,5/15/2026,14:59:17,7.2,2.24,176
stress-ng --cpu 16 --cpu-load 16 --timeout 60s --quiet,8,5/15/2026,14:59:18,9.11,2.24,184
stress-ng --cpu 16 --cpu-load 16 --timeout 60s --quiet,8,5/15/2026,14:59:19,7.91,2.24,202
stress-ng --cpu 16 --cpu-load 16 --timeout 60s --quiet,8,5/15/2026,14:59:20,7.97,2.24,197
stress-ng --cpu 16 --cpu-load 16 --timeout 60s --quiet,8,5/15/2026,14:59:21,7.76,2.25,214
stress-ng --cpu 16 --cpu-load 16 --timeout 60s --quiet,8,5/15/2026,14:59:22,9.76,2.25,222
stress-ng --cpu 16 --cpu-load 16 --timeout 60s --quiet,8,5/15/2026,14:59:23,6.68,2.25,209
stress-ng --cpu 16 --cpu-load 16 --timeout 60s --quiet,8,5/15/2026,14:59:24,9.14,2.26,207
stress-ng --cpu 16 --cpu-load 16 --timeout 60s --quiet,8,5/15/2026,14:59:25,8,2.25,184
stress-ng --cpu 16 --cpu-load 16 --timeout 60s --quiet,8,5/15/2026,14:59:26,8.68,2.25,168
stress-ng --cpu 16 --cpu-load 16 --timeout 60s --quiet,8,5/15/2026,14:59:27,6.97,2.24,175
stress-ng --cpu 16 --cpu-load 16 --timeout 60s --quiet,8,5/15/2026,14:59:28,9.39,2.23,182
stress-ng --cpu 16 --cpu-load 16 --timeout 60s --quiet,8,5/15/2026,14:59:29,6.84,2.22,181
stress-ng --cpu 16 --cpu-load 16 --timeout 60s --quiet,8,5/15/2026,14:59:30,9.77,2.23,184
stress-ng --cpu 16 --cpu-load 16 --timeout 60s --quiet,8,5/15/2026,14:59:31,7.28,2.23,218
stress-ng --cpu 16 --cpu-load 16 --timeout 60s --quiet,8,5/15/2026,14:59:32,8.57,2.23,188
stress-ng --cpu 16 --cpu-load 16 --timeout 60s --quiet,8,5/15/2026,14:59:33,7.69,2.23,187
stress-ng --cpu 16 --cpu-load 16 --timeout 60s --quiet,8,5/15/2026,14:59:34,8.8,2.23,187
stress-ng --cpu 16 --cpu-load 16 --timeout 60s --quiet,8,5/15/2026,14:59:35,8.1,2.23,183
stress-ng --cpu 16 --cpu-load 16 --timeout 60s --quiet,8,5/15/2026,14:59:36,7.85,2.23,205
stress-ng --cpu 16 --cpu-load 16 --timeout 60s --quiet,8,5/15/2026,14:59:37,8.28,2.24,209
stress-ng --cpu 16 --cpu-load 16 --timeout 60s --quiet,8,5/15/2026,14:59:38,8.47,2.24,198
stress-ng --cpu 16 --cpu-load 16 --timeout 60s --quiet,8,5/15/2026,14:59:39,8.44,2.24,193
stress-ng --cpu 16 --cpu-load 16 --timeout 60s --quiet,8,5/15/2026,14:59:40,7.48,2.24,194
stress-ng --cpu 16 --cpu-load 16 --timeout 60s --quiet,8,5/15/2026,14:59:41,9.4,2.24,174
stress-ng --cpu 16 --cpu-load 16 --timeout 60s --quiet,8,5/15/2026,14:59:42,2.8,2.17,160
stress-ng --cpu 16 --cpu-load 18 --timeout 60s --quiet,9,5/15/2026,2:40:58,0.18,2.1,121
stress-ng --cpu 16 --cpu-load 18 --timeout 60s --quiet,9,5/15/2026,2:40:59,6.46,2.22,121
stress-ng --cpu 16 --cpu-load 18 --timeout 60s --quiet,9,5/15/2026,2:41:00,10.41,2.22,131
stress-ng --cpu 16 --cpu-load 18 --timeout 60s --quiet,9,5/15/2026,2:41:01,5.82,2.22,195
stress-ng --cpu 16 --cpu-load 18 --timeout 60s --quiet,9,5/15/2026,2:41:02,10.9,2.22,169
stress-ng --cpu 16 --cpu-load 18 --timeout 60s --quiet,9,5/15/2026,2:41:03,9.23,2.22,176
stress-ng --cpu 16 --cpu-load 18 --timeout 60s --quiet,9,5/15/2026,2:41:04,8.71,2.22,167
stress-ng --cpu 16 --cpu-load 18 --timeout 60s --quiet,9,5/15/2026,2:41:05,8.87,2.21,187
stress-ng --cpu 16 --cpu-load 18 --timeout 60s --quiet,9,5/15/2026,2:41:06,10.41,2.22,179
stress-ng --cpu 16 --cpu-load 18 --timeout 60s --quiet,9,5/15/2026,2:41:07,7.91,2.21,211
stress-ng --cpu 16 --cpu-load 18 --timeout 60s --quiet,9,5/15/2026,2:41:08,9.23,2.22,207
stress-ng --cpu 16 --cpu-load 18 --timeout 60s --quiet,9,5/15/2026,2:41:09,9.18,2.22,202
stress-ng --cpu 16 --cpu-load 18 --timeout 60s --quiet,9,5/15/2026,2:41:10,10.17,2.21,176
stress-ng --cpu 16 --cpu-load 18 --timeout 60s --quiet,9,5/15/2026,2:41:11,8.35,2.21,188
stress-ng --cpu 16 --cpu-load 18 --timeout 60s --quiet,9,5/15/2026,2:41:12,9.8,2.21,196
stress-ng --cpu 16 --cpu-load 18 --timeout 60s --quiet,9,5/15/2026,2:41:13,9.26,2.2,179
stress-ng --cpu 16 --cpu-load 18 --timeout 60s --quiet,9,5/15/2026,2:41:14,9.29,2.2,207
stress-ng --cpu 16 --cpu-load 18 --timeout 60s --quiet,9,5/15/2026,2:41:15,7.94,2.2,197
stress-ng --cpu 16 --cpu-load 18 --timeout 60s --quiet,9,5/15/2026,2:41:16,10.5,2.2,228
stress-ng --cpu 16 --cpu-load 18 --timeout 60s --quiet,9,5/15/2026,2:41:17,9.68,2.2,225
stress-ng --cpu 16 --cpu-load 18 --timeout 60s --quiet,9,5/15/2026,2:41:18,7.9,2.2,177
stress-ng --cpu 16 --cpu-load 18 --timeout 60s --quiet,9,5/15/2026,2:41:19,9.88,2.2,196
stress-ng --cpu 16 --cpu-load 18 --timeout 60s --quiet,9,5/15/2026,2:41:20,8.84,2.19,182
stress-ng --cpu 16 --cpu-load 18 --timeout 60s --quiet,9,5/15/2026,2:41:21,9.39,2.19,201
stress-ng --cpu 16 --cpu-load 18 --timeout 60s --quiet,9,5/15/2026,2:41:22,9.48,2.2,197
stress-ng --cpu 16 --cpu-load 18 --timeout 60s --quiet,9,5/15/2026,2:41:23,8.78,2.2,188
stress-ng --cpu 16 --cpu-load 18 --timeout 60s --quiet,9,5/15/2026,2:41:24,9.11,2.2,184
stress-ng --cpu 16 --cpu-load 18 --timeout 60s --quiet,9,5/15/2026,2:41:25,8.84,2.2,222
stress-ng --cpu 16 --cpu-load 18 --timeout 60s --quiet,9,5/15/2026,2:41:26,9.53,2.2,182
stress-ng --cpu 16 --cpu-load 18 --timeout 60s --quiet,9,5/15/2026,2:41:27,9.89,2.19,211
stress-ng --cpu 16 --cpu-load 18 --timeout 60s --quiet,9,5/15/2026,2:41:28,8.53,2.19,203
stress-ng --cpu 16 --cpu-load 18 --timeout 60s --quiet,9,5/15/2026,2:41:29,8.71,2.19,218
stress-ng --cpu 16 --cpu-load 18 --timeout 60s --quiet,9,5/15/2026,2:41:30,10.06,2.2,211
stress-ng --cpu 16 --cpu-load 18 --timeout 60s --quiet,9,5/15/2026,2:41:31,9.88,2.19,183
stress-ng --cpu 16 --cpu-load 18 --timeout 60s --quiet,9,5/15/2026,2:41:32,7.97,2.18,156
stress-ng --cpu 16 --cpu-load 18 --timeout 60s --quiet,9,5/15/2026,2:41:33,9.54,2.17,185
stress-ng --cpu 16 --cpu-load 18 --timeout 60s --quiet,9,5/15/2026,2:41:34,8.25,2.17,202
stress-ng --cpu 16 --cpu-load 18 --timeout 60s --quiet,9,5/15/2026,2:41:35,9.7,2.17,196
stress-ng --cpu 16 --cpu-load 18 --timeout 60s --quiet,9,5/15/2026,2:41:36,8.93,2.17,190
stress-ng --cpu 16 --cpu-load 18 --timeout 60s --quiet,9,5/15/2026,2:41:37,9.57,2.17,215
stress-ng --cpu 16 --cpu-load 18 --timeout 60s --quiet,9,5/15/2026,2:41:38,9.39,2.17,198
stress-ng --cpu 16 --cpu-load 18 --timeout 60s --quiet,9,5/15/2026,2:41:39,9.235,2.17,212
stress-ng --cpu 16 --cpu-load 18 --timeout 60s --quiet,9,5/15/2026,2:41:40,9.08,2.17,208
stress-ng --cpu 16 --cpu-load 18 --timeout 60s --quiet,9,5/15/2026,2:41:41,8.86,2.16,212
stress-ng --cpu 16 --cpu-load 18 --timeout 60s --quiet,9,5/15/2026,2:41:42,9.14,2.16,221
stress-ng --cpu 16 --cpu-load 18 --timeout 60s --quiet,9,5/15/2026,2:41:43,8.89,2.16,201
stress-ng --cpu 16 --cpu-load 18 --timeout 60s --quiet,9,5/15/2026,2:41:44,9.52,2.16,218
stress-ng --cpu 16 --cpu-load 18 --timeout 60s --quiet,9,5/15/2026,2:41:45,9.29,2.16,214
stress-ng --cpu 16 --cpu-load 18 --timeout 60s --quiet,9,5/15/2026,2:41:46,9.02,2.16,190
stress-ng --cpu 16 --cpu-load 18 --timeout 60s --quiet,9,5/15/2026,2:41:47,9.48,2.16,195
stress-ng --cpu 16 --cpu-load 18 --timeout 60s --quiet,9,5/15/2026,2:41:48,9.15,2.16,196
stress-ng --cpu 16 --cpu-load 18 --timeout 60s --quiet,9,5/15/2026,2:41:49,9.3,2.16,219
stress-ng --cpu 16 --cpu-load 18 --timeout 60s --quiet,9,5/15/2026,2:41:50,9.17,2.16,206
stress-ng --cpu 16 --cpu-load 18 --timeout 60s --quiet,9,5/15/2026,2:41:51,9.21,2.17,213
stress-ng --cpu 16 --cpu-load 18 --timeout 60s --quiet,9,5/15/2026,2:41:52,9.42,2.17,186
stress-ng --cpu 16 --cpu-load 18 --timeout 60s --quiet,9,5/15/2026,2:41:53,8.59,2.17,194
stress-ng --cpu 16 --cpu-load 18 --timeout 60s --quiet,9,5/15/2026,2:41:54,9.3,2.17,213
stress-ng --cpu 16 --cpu-load 18 --timeout 60s --quiet,9,5/15/2026,2:41:55,9.27,2.18,208
stress-ng --cpu 16 --cpu-load 18 --timeout 60s --quiet,9,5/15/2026,2:41:56,9.94,2.17,211
stress-ng --cpu 16 --cpu-load 18 --timeout 60s --quiet,9,5/15/2026,2:41:57,8.45,2.17,196
stress-ng --cpu 16 --cpu-load 18 --timeout 60s --quiet,9,5/15/2026,2:41:58,9.08,2.17,209
stress-ng --cpu 16 --cpu-load 18 --timeout 60s --quiet,9,5/15/2026,2:41:59,7.3,2.14,226
stress-ng --cpu 16 --cpu-load 18 --timeout 60s --quiet,9,5/15/2026,11:14:09,0.15,2.12,134
stress-ng --cpu 16 --cpu-load 18 --timeout 60s --quiet,9,5/15/2026,11:14:10,6.37,2.25,109
stress-ng --cpu 16 --cpu-load 18 --timeout 60s --quiet,9,5/15/2026,11:14:11,10.47,2.25,132
stress-ng --cpu 16 --cpu-load 18 --timeout 60s --quiet,9,5/15/2026,11:14:12,6.01,2.25,137
stress-ng --cpu 16 --cpu-load 18 --timeout 60s --quiet,9,5/15/2026,11:14:13,10.8,2.24,170
stress-ng --cpu 16 --cpu-load 18 --timeout 60s --quiet,9,5/15/2026,11:14:14,9.17,2.24,211
stress-ng --cpu 16 --cpu-load 18 --timeout 60s --quiet,9,5/15/2026,11:14:15,11.08,2.25,193
stress-ng --cpu 16 --cpu-load 18 --timeout 60s --quiet,9,5/15/2026,11:14:16,6.18,2.25,161
stress-ng --cpu 16 --cpu-load 18 --timeout 60s --quiet,9,5/15/2026,11:14:17,10.22,2.25,149.5
stress-ng --cpu 16 --cpu-load 18 --timeout 60s --quiet,9,5/15/2026,11:14:18,10.18,2.24,138
stress-ng --cpu 16 --cpu-load 18 --timeout 60s --quiet,9,5/15/2026,11:14:19,7.27,2.24,152
stress-ng --cpu 16 --cpu-load 18 --timeout 60s --quiet,9,5/15/2026,11:14:20,9.79,2.24,174
stress-ng --cpu 16 --cpu-load 18 --timeout 60s --quiet,9,5/15/2026,11:14:21,9.49,2.24,216
stress-ng --cpu 16 --cpu-load 18 --timeout 60s --quiet,9,5/15/2026,11:14:22,9.45,2.24,186
stress-ng --cpu 16 --cpu-load 18 --timeout 60s --quiet,9,5/15/2026,11:14:23,8.33,2.25,215
stress-ng --cpu 16 --cpu-load 18 --timeout 60s --quiet,9,5/15/2026,11:14:24,9.2,2.24,199
stress-ng --cpu 16 --cpu-load 18 --timeout 60s --quiet,9,5/15/2026,11:14:25,9.52,2.24,161
stress-ng --cpu 16 --cpu-load 18 --timeout 60s --quiet,9,5/15/2026,11:14:26,9.77,2.23,201
stress-ng --cpu 16 --cpu-load 18 --timeout 60s --quiet,9,5/15/2026,11:14:27,9.3,2.23,202
stress-ng --cpu 16 --cpu-load 18 --timeout 60s --quiet,9,5/15/2026,11:14:28,8.35,2.22,216
stress-ng --cpu 16 --cpu-load 18 --timeout 60s --quiet,9,5/15/2026,11:14:29,9.33,2.22,224
stress-ng --cpu 16 --cpu-load 18 --timeout 60s --quiet,9,5/15/2026,11:14:30,10.34,2.22,216
stress-ng --cpu 16 --cpu-load 18 --timeout 60s --quiet,9,5/15/2026,11:14:31,10.1,2.22,208
stress-ng --cpu 16 --cpu-load 18 --timeout 60s --quiet,9,5/15/2026,11:14:32,7.95,2.22,225
stress-ng --cpu 16 --cpu-load 18 --timeout 60s --quiet,9,5/15/2026,11:14:33,9.11,2.22,199
stress-ng --cpu 16 --cpu-load 18 --timeout 60s --quiet,9,5/15/2026,11:14:34,9.43,2.22,203
stress-ng --cpu 16 --cpu-load 18 --timeout 60s --quiet,9,5/15/2026,11:14:35,9.37,2.21,215
stress-ng --cpu 16 --cpu-load 18 --timeout 60s --quiet,9,5/15/2026,11:14:36,8.77,2.21,179
stress-ng --cpu 16 --cpu-load 18 --timeout 60s --quiet,9,5/15/2026,11:14:37,9.44,2.21,205
stress-ng --cpu 16 --cpu-load 18 --timeout 60s --quiet,9,5/15/2026,11:14:38,8.83,2.21,205
stress-ng --cpu 16 --cpu-load 18 --timeout 60s --quiet,9,5/15/2026,11:14:39,8.31,2.21,175
stress-ng --cpu 16 --cpu-load 18 --timeout 60s --quiet,9,5/15/2026,11:14:40,10.38,2.21,207
stress-ng --cpu 16 --cpu-load 18 --timeout 60s --quiet,9,5/15/2026,11:14:41,9.85,2.21,198
stress-ng --cpu 16 --cpu-load 18 --timeout 60s --quiet,9,5/15/2026,11:14:42,7.62,2.2,214
stress-ng --cpu 16 --cpu-load 18 --timeout 60s --quiet,9,5/15/2026,11:14:43,10.02,2.2,204
stress-ng --cpu 16 --cpu-load 18 --timeout 60s --quiet,9,5/15/2026,11:14:44,9.64,2.2,204
stress-ng --cpu 16 --cpu-load 18 --timeout 60s --quiet,9,5/15/2026,11:14:45,10.59,2.2,169
stress-ng --cpu 16 --cpu-load 18 --timeout 60s --quiet,9,5/15/2026,11:14:46,6.67,2.2,180
stress-ng --cpu 16 --cpu-load 18 --timeout 60s --quiet,9,5/15/2026,11:14:47,9.91,2.21,184
stress-ng --cpu 16 --cpu-load 18 --timeout 60s --quiet,9,5/15/2026,11:14:48,9.48,2.21,198
stress-ng --cpu 16 --cpu-load 18 --timeout 60s --quiet,9,5/15/2026,11:14:49,8.71,2.21,190
stress-ng --cpu 16 --cpu-load 18 --timeout 60s --quiet,9,5/15/2026,11:14:50,10.07,2.2,212
stress-ng --cpu 16 --cpu-load 18 --timeout 60s --quiet,9,5/15/2026,11:14:51,8.6,2.21,181
stress-ng --cpu 16 --cpu-load 18 --timeout 60s --quiet,9,5/15/2026,11:14:52,9.76,2.21,204
stress-ng --cpu 16 --cpu-load 18 --timeout 60s --quiet,9,5/15/2026,11:14:53,8.6,2.2,208
stress-ng --cpu 16 --cpu-load 18 --timeout 60s --quiet,9,5/15/2026,11:14:54,9.15,2.21,211
stress-ng --cpu 16 --cpu-load 18 --timeout 60s --quiet,9,5/15/2026,11:14:55,9.27,2.21,210
stress-ng --cpu 16 --cpu-load 18 --timeout 60s --quiet,9,5/15/2026,11:14:56,8.99,2.21,209
stress-ng --cpu 16 --cpu-load 18 --timeout 60s --quiet,9,5/15/2026,11:14:57,8.56,2.22,208
stress-ng --cpu 16 --cpu-load 18 --timeout 60s --quiet,9,5/15/2026,11:14:58,9.33,2.21,211
stress-ng --cpu 16 --cpu-load 18 --timeout 60s --quiet,9,5/15/2026,11:14:59,9.2,2.21,176
stress-ng --cpu 16 --cpu-load 18 --timeout 60s --quiet,9,5/15/2026,11:15:00,10,2.21,201
stress-ng --cpu 16 --cpu-load 18 --timeout 60s --quiet,9,5/15/2026,11:15:01,9.39,2.21,216
stress-ng --cpu 16 --cpu-load 18 --timeout 60s --quiet,9,5/15/2026,11:15:02,8.75,2.21,210
stress-ng --cpu 16 --cpu-load 18 --timeout 60s --quiet,9,5/15/2026,11:15:03,9.12,2.2,197
stress-ng --cpu 16 --cpu-load 18 --timeout 60s --quiet,9,5/15/2026,11:15:04,9.95,2.2,206
stress-ng --cpu 16 --cpu-load 18 --timeout 60s --quiet,9,5/15/2026,11:15:05,8.47,2.2,210
stress-ng --cpu 16 --cpu-load 18 --timeout 60s --quiet,9,5/15/2026,11:15:06,9.51,2.2,194
stress-ng --cpu 16 --cpu-load 18 --timeout 60s --quiet,9,5/15/2026,11:15:07,9.82,2.21,173
stress-ng --cpu 16 --cpu-load 18 --timeout 60s --quiet,9,5/15/2026,11:15:08,8.39,2.21,206
stress-ng --cpu 16 --cpu-load 18 --timeout 60s --quiet,9,5/15/2026,11:15:09,8.39,2.21,214
stress-ng --cpu 16 --cpu-load 18 --timeout 60s --quiet,9,5/15/2026,16:10:51,0.15,2.15,125
stress-ng --cpu 16 --cpu-load 18 --timeout 60s --quiet,9,5/15/2026,16:10:52,11.37,2.27,156
stress-ng --cpu 16 --cpu-load 18 --timeout 60s --quiet,9,5/15/2026,16:10:53,6.43,2.27,187
stress-ng --cpu 16 --cpu-load 18 --timeout 60s --quiet,9,5/15/2026,16:10:54,10.55,2.27,198
stress-ng --cpu 16 --cpu-load 18 --timeout 60s --quiet,9,5/15/2026,16:10:55,10.22,2.27,133
stress-ng --cpu 16 --cpu-load 18 --timeout 60s --quiet,9,5/15/2026,16:10:56,8.93,2.27,153
stress-ng --cpu 16 --cpu-load 18 --timeout 60s --quiet,9,5/15/2026,16:10:57,7.01,2.27,155
stress-ng --cpu 16 --cpu-load 18 --timeout 60s --quiet,9,5/15/2026,16:10:58,10.32,2.27,176
stress-ng --cpu 16 --cpu-load 18 --timeout 60s --quiet,9,5/15/2026,16:10:59,9.68,2.25,195
stress-ng --cpu 16 --cpu-load 18 --timeout 60s --quiet,9,5/15/2026,16:11:00,7.64,2.25,205
stress-ng --cpu 16 --cpu-load 18 --timeout 60s --quiet,9,5/15/2026,16:11:01,9.78,2.25,212
stress-ng --cpu 16 --cpu-load 18 --timeout 60s --quiet,9,5/15/2026,16:11:02,8.92,2.24,165
stress-ng --cpu 16 --cpu-load 18 --timeout 60s --quiet,9,5/15/2026,16:11:03,10.32,2.24,170
stress-ng --cpu 16 --cpu-load 18 --timeout 60s --quiet,9,5/15/2026,16:11:04,8.59,2.24,208
stress-ng --cpu 16 --cpu-load 18 --timeout 60s --quiet,9,5/15/2026,16:11:05,8.64,2.24,214
stress-ng --cpu 16 --cpu-load 18 --timeout 60s --quiet,9,5/15/2026,16:11:06,9.14,2.22,215
stress-ng --cpu 16 --cpu-load 18 --timeout 60s --quiet,9,5/15/2026,16:11:07,10.01,2.22,164
stress-ng --cpu 16 --cpu-load 18 --timeout 60s --quiet,9,5/15/2026,16:11:08,8.61,2.23,176
stress-ng --cpu 16 --cpu-load 18 --timeout 60s --quiet,9,5/15/2026,16:11:09,9.58,2.23,179
stress-ng --cpu 16 --cpu-load 18 --timeout 60s --quiet,9,5/15/2026,16:11:10,9.43,2.23,178
stress-ng --cpu 16 --cpu-load 18 --timeout 60s --quiet,9,5/15/2026,16:11:11,9.3,2.23,167
stress-ng --cpu 16 --cpu-load 18 --timeout 60s --quiet,9,5/15/2026,16:11:12,7.6,2.22,181.5
stress-ng --cpu 16 --cpu-load 18 --timeout 60s --quiet,9,5/15/2026,16:11:13,9.88,2.21,196
stress-ng --cpu 16 --cpu-load 18 --timeout 60s --quiet,9,5/15/2026,16:11:14,10.32,2.21,186
stress-ng --cpu 16 --cpu-load 18 --timeout 60s --quiet,9,5/15/2026,16:11:15,7.97,2.22,196
stress-ng --cpu 16 --cpu-load 18 --timeout 60s --quiet,9,5/15/2026,16:11:16,9.33,2.22,185
stress-ng --cpu 16 --cpu-load 18 --timeout 60s --quiet,9,5/15/2026,16:11:17,9.43,2.22,187.5
stress-ng --cpu 16 --cpu-load 18 --timeout 60s --quiet,9,5/15/2026,16:11:18,9.54,2.22,190
stress-ng --cpu 16 --cpu-load 18 --timeout 60s --quiet,9,5/15/2026,16:11:19,9.265,2.22,199
stress-ng --cpu 16 --cpu-load 18 --timeout 60s --quiet,9,5/15/2026,16:11:20,8.99,2.22,192
stress-ng --cpu 16 --cpu-load 18 --timeout 60s --quiet,9,5/15/2026,16:11:21,8.4,2.21,185
stress-ng --cpu 16 --cpu-load 18 --timeout 60s --quiet,9,5/15/2026,16:11:22,9.98,2.21,178
stress-ng --cpu 16 --cpu-load 18 --timeout 60s --quiet,9,5/15/2026,16:11:23,8.28,2.21,207
stress-ng --cpu 16 --cpu-load 18 --timeout 60s --quiet,9,5/15/2026,16:11:24,10.1,2.21,204
stress-ng --cpu 16 --cpu-load 18 --timeout 60s --quiet,9,5/15/2026,16:11:25,8.62,2.21,194
stress-ng --cpu 16 --cpu-load 18 --timeout 60s --quiet,9,5/15/2026,16:11:26,8.96,2.22,176
stress-ng --cpu 16 --cpu-load 18 --timeout 60s --quiet,9,5/15/2026,16:11:27,9.03,2.2,167
stress-ng --cpu 16 --cpu-load 18 --timeout 60s --quiet,9,5/15/2026,16:11:28,9.58,2.2,213
stress-ng --cpu 16 --cpu-load 18 --timeout 60s --quiet,9,5/15/2026,16:11:29,9.6,2.2,215
stress-ng --cpu 16 --cpu-load 18 --timeout 60s --quiet,9,5/15/2026,16:11:30,8.77,2.2,183
stress-ng --cpu 16 --cpu-load 18 --timeout 60s --quiet,9,5/15/2026,16:11:31,9.79,2.21,194
stress-ng --cpu 16 --cpu-load 18 --timeout 60s --quiet,9,5/15/2026,16:11:32,8.59,2.2,188
stress-ng --cpu 16 --cpu-load 18 --timeout 60s --quiet,9,5/15/2026,16:11:33,9.21,2.2,211
stress-ng --cpu 16 --cpu-load 18 --timeout 60s --quiet,9,5/15/2026,16:11:34,9.64,2.2,214
stress-ng --cpu 16 --cpu-load 18 --timeout 60s --quiet,9,5/15/2026,16:11:35,8.89,2.21,194
stress-ng --cpu 16 --cpu-load 18 --timeout 60s --quiet,9,5/15/2026,16:11:36,9.78,2.2,190
stress-ng --cpu 16 --cpu-load 18 --timeout 60s --quiet,9,5/15/2026,16:11:37,8.19,2.2,200
stress-ng --cpu 16 --cpu-load 18 --timeout 60s --quiet,9,5/15/2026,16:11:38,9.33,2.2,219
stress-ng --cpu 16 --cpu-load 18 --timeout 60s --quiet,9,5/15/2026,16:11:39,9.09,2.2,202
stress-ng --cpu 16 --cpu-load 18 --timeout 60s --quiet,9,5/15/2026,16:11:40,9.7,2.2,210
stress-ng --cpu 16 --cpu-load 18 --timeout 60s --quiet,9,5/15/2026,16:11:41,8.47,2.21,191
stress-ng --cpu 16 --cpu-load 18 --timeout 60s --quiet,9,5/15/2026,16:11:42,9.03,2.21,206
stress-ng --cpu 16 --cpu-load 18 --timeout 60s --quiet,9,5/15/2026,16:11:43,9.05,2.21,210
stress-ng --cpu 16 --cpu-load 18 --timeout 60s --quiet,9,5/15/2026,16:11:44,9.61,2.2,186
stress-ng --cpu 16 --cpu-load 18 --timeout 60s --quiet,9,5/15/2026,16:11:45,9.27,2.2,186
stress-ng --cpu 16 --cpu-load 18 --timeout 60s --quiet,9,5/15/2026,16:11:46,9.85,2.2,199
stress-ng --cpu 16 --cpu-load 18 --timeout 60s --quiet,9,5/15/2026,16:11:47,8.09,2.2,212
stress-ng --cpu 16 --cpu-load 18 --timeout 60s --quiet,9,5/15/2026,16:11:48,9.26,2.2,206
stress-ng --cpu 16 --cpu-load 18 --timeout 60s --quiet,9,5/15/2026,16:11:49,9.82,2.2,196
stress-ng --cpu 16 --cpu-load 18 --timeout 60s --quiet,9,5/15/2026,16:11:50,8.62,2.2,211
stress-ng --cpu 16 --cpu-load 18 --timeout 60s --quiet,9,5/15/2026,16:11:51,9.73,2.2,203
stress-ng --cpu 16 --cpu-load 18 --timeout 60s --quiet,9,5/15/2026,16:11:52,1.48,2.12,207
stress-ng --cpu 16 --cpu-load 20 --timeout 60s --quiet,10,5/14/2026,21:30:16,0.22,2.12,118
stress-ng --cpu 16 --cpu-load 20 --timeout 60s --quiet,10,5/14/2026,21:30:17,11.39,2.23,119
stress-ng --cpu 16 --cpu-load 20 --timeout 60s --quiet,10,5/14/2026,21:30:18,10.99,2.23,205
stress-ng --cpu 16 --cpu-load 20 --timeout 60s --quiet,10,5/14/2026,21:30:19,10.78,2.22,128
stress-ng --cpu 16 --cpu-load 20 --timeout 60s --quiet,10,5/14/2026,21:30:20,9.23,2.22,139
stress-ng --cpu 16 --cpu-load 20 --timeout 60s --quiet,10,5/14/2026,21:30:21,11.06,2.22,213
stress-ng --cpu 16 --cpu-load 20 --timeout 60s --quiet,10,5/14/2026,21:30:22,9.89,2.22,180
stress-ng --cpu 16 --cpu-load 20 --timeout 60s --quiet,10,5/14/2026,21:30:23,9.07,2.23,146
stress-ng --cpu 16 --cpu-load 20 --timeout 60s --quiet,10,5/14/2026,21:30:24,9.85,2.23,221
stress-ng --cpu 16 --cpu-load 20 --timeout 60s --quiet,10,5/14/2026,21:30:25,10.12,2.23,202
stress-ng --cpu 16 --cpu-load 20 --timeout 60s --quiet,10,5/14/2026,21:30:26,10.53,2.23,171
stress-ng --cpu 16 --cpu-load 20 --timeout 60s --quiet,10,5/14/2026,21:30:27,10.6,2.235,206
stress-ng --cpu 16 --cpu-load 20 --timeout 60s --quiet,10,5/14/2026,21:30:28,10.67,2.24,199
stress-ng --cpu 16 --cpu-load 20 --timeout 60s --quiet,10,5/14/2026,21:30:29,10.34,2.23,203
stress-ng --cpu 16 --cpu-load 20 --timeout 60s --quiet,10,5/14/2026,21:30:30,9.35,2.23,209
stress-ng --cpu 16 --cpu-load 20 --timeout 60s --quiet,10,5/14/2026,21:30:31,10.37,2.22,181
stress-ng --cpu 16 --cpu-load 20 --timeout 60s --quiet,10,5/14/2026,21:30:32,11.28,2.22,198
stress-ng --cpu 16 --cpu-load 20 --timeout 60s --quiet,10,5/14/2026,21:30:33,10.56,2.22,186
stress-ng --cpu 16 --cpu-load 20 --timeout 60s --quiet,10,5/14/2026,21:30:34,9.45,2.22,200
stress-ng --cpu 16 --cpu-load 20 --timeout 60s --quiet,10,5/14/2026,21:30:35,10.1,2.22,200
stress-ng --cpu 16 --cpu-load 20 --timeout 60s --quiet,10,5/14/2026,21:30:36,9.88,2.22,175
stress-ng --cpu 16 --cpu-load 20 --timeout 60s --quiet,10,5/14/2026,21:30:37,11.39,2.22,205
stress-ng --cpu 16 --cpu-load 20 --timeout 60s --quiet,10,5/14/2026,21:30:38,10.68,2.22,212
stress-ng --cpu 16 --cpu-load 20 --timeout 60s --quiet,10,5/14/2026,21:30:39,9.7,2.21,175
stress-ng --cpu 16 --cpu-load 20 --timeout 60s --quiet,10,5/14/2026,21:30:40,10.62,2.21,223
stress-ng --cpu 16 --cpu-load 20 --timeout 60s --quiet,10,5/14/2026,21:30:41,10.31,2.21,204
stress-ng --cpu 16 --cpu-load 20 --timeout 60s --quiet,10,5/14/2026,21:30:42,7.84,2.21,156
stress-ng --cpu 16 --cpu-load 20 --timeout 60s --quiet,10,5/14/2026,21:30:43,10.83,2.21,168.5
stress-ng --cpu 16 --cpu-load 20 --timeout 60s --quiet,10,5/14/2026,21:30:44,10.59,2.21,181
stress-ng --cpu 16 --cpu-load 20 --timeout 60s --quiet,10,5/14/2026,21:30:45,10.06,2.21,197
stress-ng --cpu 16 --cpu-load 20 --timeout 60s --quiet,10,5/14/2026,21:30:46,10.29,2.21,203
stress-ng --cpu 16 --cpu-load 20 --timeout 60s --quiet,10,5/14/2026,21:30:47,9.89,2.21,202
stress-ng --cpu 16 --cpu-load 20 --timeout 60s --quiet,10,5/14/2026,21:30:48,9.51,2.21,218
stress-ng --cpu 16 --cpu-load 20 --timeout 60s --quiet,10,5/14/2026,21:30:49,10.37,2.21,186
stress-ng --cpu 16 --cpu-load 20 --timeout 60s --quiet,10,5/14/2026,21:30:50,10.37,2.2,204
stress-ng --cpu 16 --cpu-load 20 --timeout 60s --quiet,10,5/14/2026,21:30:51,10.03,2.21,179
stress-ng --cpu 16 --cpu-load 20 --timeout 60s --quiet,10,5/14/2026,21:30:52,10.16,2.21,198
stress-ng --cpu 16 --cpu-load 20 --timeout 60s --quiet,10,5/14/2026,21:30:53,10.9,2.21,200
stress-ng --cpu 16 --cpu-load 20 --timeout 60s --quiet,10,5/14/2026,21:30:54,10.71,2.21,205
stress-ng --cpu 16 --cpu-load 20 --timeout 60s --quiet,10,5/14/2026,21:30:55,9.7,2.21,213
stress-ng --cpu 16 --cpu-load 20 --timeout 60s --quiet,10,5/14/2026,21:30:56,9.73,2.21,215
stress-ng --cpu 16 --cpu-load 20 --timeout 60s --quiet,10,5/14/2026,21:30:57,9.78,2.21,210
stress-ng --cpu 16 --cpu-load 20 --timeout 60s --quiet,10,5/14/2026,21:30:58,10.59,2.21,193
stress-ng --cpu 16 --cpu-load 20 --timeout 60s --quiet,10,5/14/2026,21:30:59,10.74,2.21,195
stress-ng --cpu 16 --cpu-load 20 --timeout 60s --quiet,10,5/14/2026,21:31:00,10.52,2.21,190
stress-ng --cpu 16 --cpu-load 20 --timeout 60s --quiet,10,5/14/2026,21:31:01,10.27,2.21,214
stress-ng --cpu 16 --cpu-load 20 --timeout 60s --quiet,10,5/14/2026,21:31:02,9.2,2.21,183
stress-ng --cpu 16 --cpu-load 20 --timeout 60s --quiet,10,5/14/2026,21:31:03,10.03,2.21,213
stress-ng --cpu 16 --cpu-load 20 --timeout 60s --quiet,10,5/14/2026,21:31:04,9.58,2.21,219
stress-ng --cpu 16 --cpu-load 20 --timeout 60s --quiet,10,5/14/2026,21:31:05,10.62,2.21,177
stress-ng --cpu 16 --cpu-load 20 --timeout 60s --quiet,10,5/14/2026,21:31:06,10.22,2.22,209
stress-ng --cpu 16 --cpu-load 20 --timeout 60s --quiet,10,5/14/2026,21:31:07,10.71,2.21,206
stress-ng --cpu 16 --cpu-load 20 --timeout 60s --quiet,10,5/14/2026,21:31:08,9.64,2.22,191
stress-ng --cpu 16 --cpu-load 20 --timeout 60s --quiet,10,5/14/2026,21:31:09,10.49,2.21,220
stress-ng --cpu 16 --cpu-load 20 --timeout 60s --quiet,10,5/14/2026,21:31:10,10.16,2.22,207
stress-ng --cpu 16 --cpu-load 20 --timeout 60s --quiet,10,5/14/2026,21:31:11,9.97,2.22,211
stress-ng --cpu 16 --cpu-load 20 --timeout 60s --quiet,10,5/14/2026,21:31:12,10.13,2.22,188
stress-ng --cpu 16 --cpu-load 20 --timeout 60s --quiet,10,5/14/2026,21:31:13,10.53,2.22,184
stress-ng --cpu 16 --cpu-load 20 --timeout 60s --quiet,10,5/14/2026,21:31:14,9.94,2.22,180
stress-ng --cpu 16 --cpu-load 20 --timeout 60s --quiet,10,5/14/2026,21:31:15,9.89,2.22,199
stress-ng --cpu 16 --cpu-load 20 --timeout 60s --quiet,10,5/14/2026,21:31:16,9.94,2.22,207
stress-ng --cpu 16 --cpu-load 20 --timeout 60s --quiet,10,5/14/2026,21:31:17,1.94,2.14,216
stress-ng --cpu 16 --cpu-load 20 --timeout 60s --quiet,10,5/15/2026,5:31:21,6.4,2.25,117
stress-ng --cpu 16 --cpu-load 20 --timeout 60s --quiet,10,5/15/2026,5:31:22,9.93,2.25,128
stress-ng --cpu 16 --cpu-load 20 --timeout 60s --quiet,10,5/15/2026,5:31:23,7.26,2.25,210
stress-ng --cpu 16 --cpu-load 20 --timeout 60s --quiet,10,5/15/2026,5:31:24,10.12,2.23,212
stress-ng --cpu 16 --cpu-load 20 --timeout 60s --quiet,10,5/15/2026,5:31:25,10.66,2.23,148
stress-ng --cpu 16 --cpu-load 20 --timeout 60s --quiet,10,5/15/2026,5:31:26,10.56,2.23,186
stress-ng --cpu 16 --cpu-load 20 --timeout 60s --quiet,10,5/15/2026,5:31:27,10.22,2.23,221
stress-ng --cpu 16 --cpu-load 20 --timeout 60s --quiet,10,5/15/2026,5:31:28,10.77,2.22,162
stress-ng --cpu 16 --cpu-load 20 --timeout 60s --quiet,10,5/15/2026,5:31:29,10.04,2.22,189
stress-ng --cpu 16 --cpu-load 20 --timeout 60s --quiet,10,5/15/2026,5:31:30,10.36,2.23,206
stress-ng --cpu 16 --cpu-load 20 --timeout 60s --quiet,10,5/15/2026,5:31:31,10.68,2.21,194
stress-ng --cpu 16 --cpu-load 20 --timeout 60s --quiet,10,5/15/2026,5:31:32,10.18,2.21,192
stress-ng --cpu 16 --cpu-load 20 --timeout 60s --quiet,10,5/15/2026,5:31:33,8.83,2.21,222
stress-ng --cpu 16 --cpu-load 20 --timeout 60s --quiet,10,5/15/2026,5:31:34,10.74,2.22,206
stress-ng --cpu 16 --cpu-load 20 --timeout 60s --quiet,10,5/15/2026,5:31:35,9.75,2.21,190
stress-ng --cpu 16 --cpu-load 20 --timeout 60s --quiet,10,5/15/2026,5:31:36,10.18,2.21,226
stress-ng --cpu 16 --cpu-load 20 --timeout 60s --quiet,10,5/15/2026,5:31:37,10.22,2.21,184
stress-ng --cpu 16 --cpu-load 20 --timeout 60s --quiet,10,5/15/2026,5:31:38,9.56,2.21,211
stress-ng --cpu 16 --cpu-load 20 --timeout 60s --quiet,10,5/15/2026,5:31:39,9.67,2.2,196
stress-ng --cpu 16 --cpu-load 20 --timeout 60s --quiet,10,5/15/2026,5:31:40,11.23,2.2,207
stress-ng --cpu 16 --cpu-load 20 --timeout 60s --quiet,10,5/15/2026,5:31:41,10.52,2.2,210.5
stress-ng --cpu 16 --cpu-load 20 --timeout 60s --quiet,10,5/15/2026,5:31:42,10.14,2.2,214
stress-ng --cpu 16 --cpu-load 20 --timeout 60s --quiet,10,5/15/2026,5:31:43,9.79,2.19,163
stress-ng --cpu 16 --cpu-load 20 --timeout 60s --quiet,10,5/15/2026,5:31:44,10.54,2.19,220
stress-ng --cpu 16 --cpu-load 20 --timeout 60s --quiet,10,5/15/2026,5:31:45,10.25,2.19,211
stress-ng --cpu 16 --cpu-load 20 --timeout 60s --quiet,10,5/15/2026,5:31:46,9.44,2.19,200
stress-ng --cpu 16 --cpu-load 20 --timeout 60s --quiet,10,5/15/2026,5:31:47,10.13,2.19,207
stress-ng --cpu 16 --cpu-load 20 --timeout 60s --quiet,10,5/15/2026,5:31:48,10.74,2.19,222
stress-ng --cpu 16 --cpu-load 20 --timeout 60s --quiet,10,5/15/2026,5:31:49,10.72,2.18,208
stress-ng --cpu 16 --cpu-load 20 --timeout 60s --quiet,10,5/15/2026,5:31:50,9.98,2.17,228
stress-ng --cpu 16 --cpu-load 20 --timeout 60s --quiet,10,5/15/2026,5:31:51,9.85,2.17,172
stress-ng --cpu 16 --cpu-load 20 --timeout 60s --quiet,10,5/15/2026,5:31:52,10.62,2.17,194
stress-ng --cpu 16 --cpu-load 20 --timeout 60s --quiet,10,5/15/2026,5:31:53,9.57,2.17,187
stress-ng --cpu 16 --cpu-load 20 --timeout 60s --quiet,10,5/15/2026,5:31:54,9.73,2.17,190
stress-ng --cpu 16 --cpu-load 20 --timeout 60s --quiet,10,5/15/2026,5:31:55,10.7,2.17,208
stress-ng --cpu 16 --cpu-load 20 --timeout 60s --quiet,10,5/15/2026,5:31:56,10.63,2.18,209
stress-ng --cpu 16 --cpu-load 20 --timeout 60s --quiet,10,5/15/2026,5:31:57,9.58,2.18,232
stress-ng --cpu 16 --cpu-load 20 --timeout 60s --quiet,10,5/15/2026,5:31:58,10.16,2.18,218
stress-ng --cpu 16 --cpu-load 20 --timeout 60s --quiet,10,5/15/2026,5:31:59,9.99,2.18,213
stress-ng --cpu 16 --cpu-load 20 --timeout 60s --quiet,10,5/15/2026,5:32:00,10.32,2.18,223
stress-ng --cpu 16 --cpu-load 20 --timeout 60s --quiet,10,5/15/2026,5:32:01,10.65,2.18,219
stress-ng --cpu 16 --cpu-load 20 --timeout 60s --quiet,10,5/15/2026,5:32:02,10.32,2.18,218
stress-ng --cpu 16 --cpu-load 20 --timeout 60s --quiet,10,5/15/2026,5:32:03,9.57,2.19,211
stress-ng --cpu 16 --cpu-load 20 --timeout 60s --quiet,10,5/15/2026,5:32:04,9.86,2.18,204
stress-ng --cpu 16 --cpu-load 20 --timeout 60s --quiet,10,5/15/2026,5:32:05,10.31,2.18,193
stress-ng --cpu 16 --cpu-load 20 --timeout 60s --quiet,10,5/15/2026,5:32:06,10.005,2.18,215
stress-ng --cpu 16 --cpu-load 20 --timeout 60s --quiet,10,5/15/2026,5:32:07,9.7,2.18,205
stress-ng --cpu 16 --cpu-load 20 --timeout 60s --quiet,10,5/15/2026,5:32:08,9.91,2.18,209
stress-ng --cpu 16 --cpu-load 20 --timeout 60s --quiet,10,5/15/2026,5:32:09,11,2.18,207
stress-ng --cpu 16 --cpu-load 20 --timeout 60s --quiet,10,5/15/2026,5:32:10,10.24,2.18,200
stress-ng --cpu 16 --cpu-load 20 --timeout 60s --quiet,10,5/15/2026,5:32:11,10.1,2.17,216
stress-ng --cpu 16 --cpu-load 20 --timeout 60s --quiet,10,5/15/2026,5:32:12,10.72,2.16,219
stress-ng --cpu 16 --cpu-load 20 --timeout 60s --quiet,10,5/15/2026,5:32:13,10.44,2.16,214
stress-ng --cpu 16 --cpu-load 20 --timeout 60s --quiet,10,5/15/2026,5:32:14,10.04,2.17,210
stress-ng --cpu 16 --cpu-load 20 --timeout 60s --quiet,10,5/15/2026,5:32:15,10.01,2.17,224
stress-ng --cpu 16 --cpu-load 20 --timeout 60s --quiet,10,5/15/2026,5:32:16,9.48,2.17,219
stress-ng --cpu 16 --cpu-load 20 --timeout 60s --quiet,10,5/15/2026,5:32:17,10.1,2.16,186
stress-ng --cpu 16 --cpu-load 20 --timeout 60s --quiet,10,5/15/2026,5:32:18,10.31,2.17,207
stress-ng --cpu 16 --cpu-load 20 --timeout 60s --quiet,10,5/15/2026,5:32:19,10.47,2.17,213
stress-ng --cpu 16 --cpu-load 20 --timeout 60s --quiet,10,5/15/2026,5:32:20,9.74,2.17,194
stress-ng --cpu 16 --cpu-load 20 --timeout 60s --quiet,10,5/15/2026,5:32:21,9.91,2.1,217
stress-ng --cpu 16 --cpu-load 20 --timeout 60s --quiet,10,5/15/2026,15:22:45,6.38,2.2,123
stress-ng --cpu 16 --cpu-load 20 --timeout 60s --quiet,10,5/15/2026,15:22:46,10.54,2.2,183
stress-ng --cpu 16 --cpu-load 20 --timeout 60s --quiet,10,5/15/2026,15:22:47,10.09,2.2,200
stress-ng --cpu 16 --cpu-load 20 --timeout 60s --quiet,10,5/15/2026,15:22:48,7.76,2.2,185
stress-ng --cpu 16 --cpu-load 20 --timeout 60s --quiet,10,5/15/2026,15:22:49,12.01,2.21,123
stress-ng --cpu 16 --cpu-load 20 --timeout 60s --quiet,10,5/15/2026,15:22:50,8.56,2.21,178
stress-ng --cpu 16 --cpu-load 20 --timeout 60s --quiet,10,5/15/2026,15:22:51,10.84,2.23,194
stress-ng --cpu 16 --cpu-load 20 --timeout 60s --quiet,10,5/15/2026,15:22:52,11.08,2.23,206
stress-ng --cpu 16 --cpu-load 20 --timeout 60s --quiet,10,5/15/2026,15:22:53,10.26,2.22,204
stress-ng --cpu 16 --cpu-load 20 --timeout 60s --quiet,10,5/15/2026,15:22:54,9.76,2.22,188
stress-ng --cpu 16 --cpu-load 20 --timeout 60s --quiet,10,5/15/2026,15:22:55,10.77,2.22,192
stress-ng --cpu 16 --cpu-load 20 --timeout 60s --quiet,10,5/15/2026,15:22:56,10.2,2.21,196
stress-ng --cpu 16 --cpu-load 20 --timeout 60s --quiet,10,5/15/2026,15:22:57,10.2,2.21,212
stress-ng --cpu 16 --cpu-load 20 --timeout 60s --quiet,10,5/15/2026,15:22:58,10.4,2.2,206
stress-ng --cpu 16 --cpu-load 20 --timeout 60s --quiet,10,5/15/2026,15:22:59,9.94,2.2,180
stress-ng --cpu 16 --cpu-load 20 --timeout 60s --quiet,10,5/15/2026,15:23:00,10.89,2.19,198
stress-ng --cpu 16 --cpu-load 20 --timeout 60s --quiet,10,5/15/2026,15:23:01,10.105,2.19,219
stress-ng --cpu 16 --cpu-load 20 --timeout 60s --quiet,10,5/15/2026,15:23:02,9.32,2.19,183
stress-ng --cpu 16 --cpu-load 20 --timeout 60s --quiet,10,5/15/2026,15:23:03,10.84,2.2,190
stress-ng --cpu 16 --cpu-load 20 --timeout 60s --quiet,10,5/15/2026,15:23:04,10.9,2.2,188
stress-ng --cpu 16 --cpu-load 20 --timeout 60s --quiet,10,5/15/2026,15:23:05,9.6,2.2,189
stress-ng --cpu 16 --cpu-load 20 --timeout 60s --quiet,10,5/15/2026,15:23:06,10.66,2.2,200
stress-ng --cpu 16 --cpu-load 20 --timeout 60s --quiet,10,5/15/2026,15:23:07,10.13,2.2,190
stress-ng --cpu 16 --cpu-load 20 --timeout 60s --quiet,10,5/15/2026,15:23:08,10.16,2.18,203
stress-ng --cpu 16 --cpu-load 20 --timeout 60s --quiet,10,5/15/2026,15:23:09,9.98,2.18,201
stress-ng --cpu 16 --cpu-load 20 --timeout 60s --quiet,10,5/15/2026,15:23:10,10.41,2.19,201
stress-ng --cpu 16 --cpu-load 20 --timeout 60s --quiet,10,5/15/2026,15:23:11,9.97,2.19,220
stress-ng --cpu 16 --cpu-load 20 --timeout 60s --quiet,10,5/15/2026,15:23:12,10.64,2.18,195
stress-ng --cpu 16 --cpu-load 20 --timeout 60s --quiet,10,5/15/2026,15:23:13,10.49,2.19,219
stress-ng --cpu 16 --cpu-load 20 --timeout 60s --quiet,10,5/15/2026,15:23:14,9.79,2.19,211
stress-ng --cpu 16 --cpu-load 20 --timeout 60s --quiet,10,5/15/2026,15:23:15,10.34,2.19,207
stress-ng --cpu 16 --cpu-load 20 --timeout 60s --quiet,10,5/15/2026,15:23:16,9.93,2.19,209
stress-ng --cpu 16 --cpu-load 20 --timeout 60s --quiet,10,5/15/2026,15:23:17,11.65,2.19,199
stress-ng --cpu 16 --cpu-load 20 --timeout 60s --quiet,10,5/15/2026,15:23:18,8.77,2.19,226
stress-ng --cpu 16 --cpu-load 20 --timeout 60s --quiet,10,5/15/2026,15:23:19,10.19,2.19,212
stress-ng --cpu 16 --cpu-load 20 --timeout 60s --quiet,10,5/15/2026,15:23:20,9.86,2.19,191
stress-ng --cpu 16 --cpu-load 20 --timeout 60s --quiet,10,5/15/2026,15:23:21,10.75,2.19,226
stress-ng --cpu 16 --cpu-load 20 --timeout 60s --quiet,10,5/15/2026,15:23:22,10.15,2.19,212
stress-ng --cpu 16 --cpu-load 20 --timeout 60s --quiet,10,5/15/2026,15:23:23,10.16,2.19,204
stress-ng --cpu 16 --cpu-load 20 --timeout 60s --quiet,10,5/15/2026,15:23:24,10.71,2.2,218
stress-ng --cpu 16 --cpu-load 20 --timeout 60s --quiet,10,5/15/2026,15:23:25,10.19,2.2,211
stress-ng --cpu 16 --cpu-load 20 --timeout 60s --quiet,10,5/15/2026,15:23:26,9.48,2.19,204
stress-ng --cpu 16 --cpu-load 20 --timeout 60s --quiet,10,5/15/2026,15:23:27,10.5,2.19,205
stress-ng --cpu 16 --cpu-load 20 --timeout 60s --quiet,10,5/15/2026,15:23:28,10.46,2.19,160
stress-ng --cpu 16 --cpu-load 20 --timeout 60s --quiet,10,5/15/2026,15:23:29,10.1,2.2,207
stress-ng --cpu 16 --cpu-load 20 --timeout 60s --quiet,10,5/15/2026,15:23:30,10.62,2.19,211
stress-ng --cpu 16 --cpu-load 20 --timeout 60s --quiet,10,5/15/2026,15:23:31,10.86,2.19,197
stress-ng --cpu 16 --cpu-load 20 --timeout 60s --quiet,10,5/15/2026,15:23:32,10.05,2.19,201
stress-ng --cpu 16 --cpu-load 20 --timeout 60s --quiet,10,5/15/2026,15:23:33,9.91,2.2,215
stress-ng --cpu 16 --cpu-load 20 --timeout 60s --quiet,10,5/15/2026,15:23:34,10.06,2.2,204
stress-ng --cpu 16 --cpu-load 20 --timeout 60s --quiet,10,5/15/2026,15:23:35,10.1,2.19,216
stress-ng --cpu 16 --cpu-load 20 --timeout 60s --quiet,10,5/15/2026,15:23:36,10.62,2.19,200
stress-ng --cpu 16 --cpu-load 20 --timeout 60s --quiet,10,5/15/2026,15:23:37,10.29,2.19,220
stress-ng --cpu 16 --cpu-load 20 --timeout 60s --quiet,10,5/15/2026,15:23:38,9.61,2.18,216
stress-ng --cpu 16 --cpu-load 20 --timeout 60s --quiet,10,5/15/2026,15:23:39,10.45,2.19,216
stress-ng --cpu 16 --cpu-load 20 --timeout 60s --quiet,10,5/15/2026,15:23:40,10.34,2.19,212
stress-ng --cpu 16 --cpu-load 20 --timeout 60s --quiet,10,5/15/2026,15:23:41,9.67,2.19,221
stress-ng --cpu 16 --cpu-load 20 --timeout 60s --quiet,10,5/15/2026,15:23:42,10.22,2.19,213
stress-ng --cpu 16 --cpu-load 20 --timeout 60s --quiet,10,5/15/2026,15:23:43,10.97,2.19,221
stress-ng --cpu 16 --cpu-load 20 --timeout 60s --quiet,10,5/15/2026,15:23:44,10.18,2.19,209
stress-ng --cpu 16 --cpu-load 20 --timeout 60s --quiet,10,5/15/2026,15:23:45,9.08,2.17,210
stress-ng --cpu 16 --cpu-load 22 --timeout 60s --quiet,11,5/15/2026,4:29:13,0.4,2.18,111
stress-ng --cpu 16 --cpu-load 22 --timeout 60s --quiet,11,5/15/2026,4:29:14,11.46,2.25,132
stress-ng --cpu 16 --cpu-load 22 --timeout 60s --quiet,11,5/15/2026,4:29:15,11.19,2.25,149
stress-ng --cpu 16 --cpu-load 22 --timeout 60s --quiet,11,5/15/2026,4:29:16,11.48,2.24,204
stress-ng --cpu 16 --cpu-load 22 --timeout 60s --quiet,11,5/15/2026,4:29:17,13.29,2.24,122
stress-ng --cpu 16 --cpu-load 22 --timeout 60s --quiet,11,5/15/2026,4:29:18,10.59,2.24,192
stress-ng --cpu 16 --cpu-load 22 --timeout 60s --quiet,11,5/15/2026,4:29:19,11.36,2.24,214
stress-ng --cpu 16 --cpu-load 22 --timeout 60s --quiet,11,5/15/2026,4:29:20,12.13,2.24,206
stress-ng --cpu 16 --cpu-load 22 --timeout 60s --quiet,11,5/15/2026,4:29:21,10.93,2.24,189
stress-ng --cpu 16 --cpu-load 22 --timeout 60s --quiet,11,5/15/2026,4:29:22,9.61,2.24,200
stress-ng --cpu 16 --cpu-load 22 --timeout 60s --quiet,11,5/15/2026,4:29:23,11.58,2.24,187
stress-ng --cpu 16 --cpu-load 22 --timeout 60s --quiet,11,5/15/2026,4:29:24,11.69,2.24,218
stress-ng --cpu 16 --cpu-load 22 --timeout 60s --quiet,11,5/15/2026,4:29:25,10.43,2.24,193
stress-ng --cpu 16 --cpu-load 22 --timeout 60s --quiet,11,5/15/2026,4:29:26,11.58,2.24,217
stress-ng --cpu 16 --cpu-load 22 --timeout 60s --quiet,11,5/15/2026,4:29:27,11.19,2.25,207
stress-ng --cpu 16 --cpu-load 22 --timeout 60s --quiet,11,5/15/2026,4:29:28,10.84,2.24,195
stress-ng --cpu 16 --cpu-load 22 --timeout 60s --quiet,11,5/15/2026,4:29:29,11.14,2.24,177
stress-ng --cpu 16 --cpu-load 22 --timeout 60s --quiet,11,5/15/2026,4:29:30,11.27,2.24,186
stress-ng --cpu 16 --cpu-load 22 --timeout 60s --quiet,11,5/15/2026,4:29:31,11.27,2.24,209
stress-ng --cpu 16 --cpu-load 22 --timeout 60s --quiet,11,5/15/2026,4:29:32,11.11,2.23,203
stress-ng --cpu 16 --cpu-load 22 --timeout 60s --quiet,11,5/15/2026,4:29:33,11.43,2.23,197
stress-ng --cpu 16 --cpu-load 22 --timeout 60s --quiet,11,5/15/2026,4:29:34,11.08,2.23,195
stress-ng --cpu 16 --cpu-load 22 --timeout 60s --quiet,11,5/15/2026,4:29:35,11.2,2.23,196
stress-ng --cpu 16 --cpu-load 22 --timeout 60s --quiet,11,5/15/2026,4:29:36,11.62,2.23,190
stress-ng --cpu 16 --cpu-load 22 --timeout 60s --quiet,11,5/15/2026,4:29:37,10.34,2.23,206.5
stress-ng --cpu 16 --cpu-load 22 --timeout 60s --quiet,11,5/15/2026,4:29:38,11.7,2.23,223
stress-ng --cpu 16 --cpu-load 22 --timeout 60s --quiet,11,5/15/2026,4:29:39,11.05,2.22,203
stress-ng --cpu 16 --cpu-load 22 --timeout 60s --quiet,11,5/15/2026,4:29:40,11.59,2.22,196
stress-ng --cpu 16 --cpu-load 22 --timeout 60s --quiet,11,5/15/2026,4:29:41,10.89,2.22,212
stress-ng --cpu 16 --cpu-load 22 --timeout 60s --quiet,11,5/15/2026,4:29:42,11.02,2.22,214
stress-ng --cpu 16 --cpu-load 22 --timeout 60s --quiet,11,5/15/2026,4:29:43,11.05,2.22,215
stress-ng --cpu 16 --cpu-load 22 --timeout 60s --quiet,11,5/15/2026,4:29:44,11.19,2.22,205
stress-ng --cpu 16 --cpu-load 22 --timeout 60s --quiet,11,5/15/2026,4:29:45,11.79,2.22,217
stress-ng --cpu 16 --cpu-load 22 --timeout 60s --quiet,11,5/15/2026,4:29:46,11.44,2.22,204
stress-ng --cpu 16 --cpu-load 22 --timeout 60s --quiet,11,5/15/2026,4:29:47,10.34,2.21,217
stress-ng --cpu 16 --cpu-load 22 --timeout 60s --quiet,11,5/15/2026,4:29:48,11.33,2.22,200
stress-ng --cpu 16 --cpu-load 22 --timeout 60s --quiet,11,5/15/2026,4:29:49,10.2,2.22,182
stress-ng --cpu 16 --cpu-load 22 --timeout 60s --quiet,11,5/15/2026,4:29:50,10.89,2.21,219
stress-ng --cpu 16 --cpu-load 22 --timeout 60s --quiet,11,5/15/2026,4:29:51,12.25,2.21,197
stress-ng --cpu 16 --cpu-load 22 --timeout 60s --quiet,11,5/15/2026,4:29:52,10.71,2.21,218
stress-ng --cpu 16 --cpu-load 22 --timeout 60s --quiet,11,5/15/2026,4:29:53,12.22,2.21,181
stress-ng --cpu 16 --cpu-load 22 --timeout 60s --quiet,11,5/15/2026,4:29:54,11.21,2.21,182
stress-ng --cpu 16 --cpu-load 22 --timeout 60s --quiet,11,5/15/2026,4:29:55,10.2,2.2,190
stress-ng --cpu 16 --cpu-load 22 --timeout 60s --quiet,11,5/15/2026,4:29:56,11.34,2.2,178
stress-ng --cpu 16 --cpu-load 22 --timeout 60s --quiet,11,5/15/2026,4:29:57,10.75,2.2,207
stress-ng --cpu 16 --cpu-load 22 --timeout 60s --quiet,11,5/15/2026,4:29:58,11.57,2.2,214
stress-ng --cpu 16 --cpu-load 22 --timeout 60s --quiet,11,5/15/2026,4:29:59,11.82,2.2,227
stress-ng --cpu 16 --cpu-load 22 --timeout 60s --quiet,11,5/15/2026,4:30:00,11.21,2.2,209
stress-ng --cpu 16 --cpu-load 22 --timeout 60s --quiet,11,5/15/2026,4:30:01,10.96,2.2,208
stress-ng --cpu 16 --cpu-load 22 --timeout 60s --quiet,11,5/15/2026,4:30:02,10.68,2.19,196
stress-ng --cpu 16 --cpu-load 22 --timeout 60s --quiet,11,5/15/2026,4:30:03,11.36,2.19,198
stress-ng --cpu 16 --cpu-load 22 --timeout 60s --quiet,11,5/15/2026,4:30:04,10.72,2.2,200
stress-ng --cpu 16 --cpu-load 22 --timeout 60s --quiet,11,5/15/2026,4:30:05,11.65,2.2,175
stress-ng --cpu 16 --cpu-load 22 --timeout 60s --quiet,11,5/15/2026,4:30:06,11.16,2.2,210
stress-ng --cpu 16 --cpu-load 22 --timeout 60s --quiet,11,5/15/2026,4:30:07,12.06,2.2,201
stress-ng --cpu 16 --cpu-load 22 --timeout 60s --quiet,11,5/15/2026,4:30:08,10.53,2.2,211
stress-ng --cpu 16 --cpu-load 22 --timeout 60s --quiet,11,5/15/2026,4:30:09,11.66,2.2,201
stress-ng --cpu 16 --cpu-load 22 --timeout 60s --quiet,11,5/15/2026,4:30:10,9.92,2.2,207
stress-ng --cpu 16 --cpu-load 22 --timeout 60s --quiet,11,5/15/2026,4:30:11,10.7,2.2,208
stress-ng --cpu 16 --cpu-load 22 --timeout 60s --quiet,11,5/15/2026,4:30:12,12,2.2,207
stress-ng --cpu 16 --cpu-load 22 --timeout 60s --quiet,11,5/15/2026,4:30:13,11.73,2.19,164
stress-ng --cpu 16 --cpu-load 22 --timeout 60s --quiet,11,5/15/2026,4:30:14,1.11,2.13,221
stress-ng --cpu 16 --cpu-load 22 --timeout 60s --quiet,11,5/15/2026,13:06:24,0.12,2.1,109
stress-ng --cpu 16 --cpu-load 22 --timeout 60s --quiet,11,5/15/2026,13:06:25,11.56,2.23,120
stress-ng --cpu 16 --cpu-load 22 --timeout 60s --quiet,11,5/15/2026,13:06:26,10.93,2.23,204
stress-ng --cpu 16 --cpu-load 22 --timeout 60s --quiet,11,5/15/2026,13:06:27,10.87,2.22,180
stress-ng --cpu 16 --cpu-load 22 --timeout 60s --quiet,11,5/15/2026,13:06:28,10.15,2.22,170
stress-ng --cpu 16 --cpu-load 22 --timeout 60s --quiet,11,5/15/2026,13:06:29,11.08,2.22,195
stress-ng --cpu 16 --cpu-load 22 --timeout 60s --quiet,11,5/15/2026,13:06:30,10.96,2.22,200
stress-ng --cpu 16 --cpu-load 22 --timeout 60s --quiet,11,5/15/2026,13:06:31,10.99,2.22,181
stress-ng --cpu 16 --cpu-load 22 --timeout 60s --quiet,11,5/15/2026,13:06:32,11.61,2.21,191
stress-ng --cpu 16 --cpu-load 22 --timeout 60s --quiet,11,5/15/2026,13:06:33,11.72,2.22,207
stress-ng --cpu 16 --cpu-load 22 --timeout 60s --quiet,11,5/15/2026,13:06:34,11.75,2.23,217
stress-ng --cpu 16 --cpu-load 22 --timeout 60s --quiet,11,5/15/2026,13:06:35,10.96,2.22,212
stress-ng --cpu 16 --cpu-load 22 --timeout 60s --quiet,11,5/15/2026,13:06:36,10.8,2.22,209
stress-ng --cpu 16 --cpu-load 22 --timeout 60s --quiet,11,5/15/2026,13:06:37,10.63,2.22,203
stress-ng --cpu 16 --cpu-load 22 --timeout 60s --quiet,11,5/15/2026,13:06:38,11.41,2.21,205
stress-ng --cpu 16 --cpu-load 22 --timeout 60s --quiet,11,5/15/2026,13:06:39,10.98,2.21,211
stress-ng --cpu 16 --cpu-load 22 --timeout 60s --quiet,11,5/15/2026,13:06:40,11.28,2.21,209
stress-ng --cpu 16 --cpu-load 22 --timeout 60s --quiet,11,5/15/2026,13:06:41,11.82,2.2,211
stress-ng --cpu 16 --cpu-load 22 --timeout 60s --quiet,11,5/15/2026,13:06:42,11.51,2.2,188
stress-ng --cpu 16 --cpu-load 22 --timeout 60s --quiet,11,5/15/2026,13:06:43,10.69,2.2,208
stress-ng --cpu 16 --cpu-load 22 --timeout 60s --quiet,11,5/15/2026,13:06:44,10.73,2.205,195
stress-ng --cpu 16 --cpu-load 22 --timeout 60s --quiet,11,5/15/2026,13:06:45,10.77,2.21,187
stress-ng --cpu 16 --cpu-load 22 --timeout 60s --quiet,11,5/15/2026,13:06:46,10.81,2.21,214
stress-ng --cpu 16 --cpu-load 22 --timeout 60s --quiet,11,5/15/2026,13:06:47,11.8,2.21,216
stress-ng --cpu 16 --cpu-load 22 --timeout 60s --quiet,11,5/15/2026,13:06:48,10.13,2.21,209
stress-ng --cpu 16 --cpu-load 22 --timeout 60s --quiet,11,5/15/2026,13:06:49,12.04,2.21,217
stress-ng --cpu 16 --cpu-load 22 --timeout 60s --quiet,11,5/15/2026,13:06:50,11.18,2.21,225
stress-ng --cpu 16 --cpu-load 22 --timeout 60s --quiet,11,5/15/2026,13:06:51,10.81,2.21,215
stress-ng --cpu 16 --cpu-load 22 --timeout 60s --quiet,11,5/15/2026,13:06:52,12.42,2.21,195
stress-ng --cpu 16 --cpu-load 22 --timeout 60s --quiet,11,5/15/2026,13:06:53,9.85,2.21,230
stress-ng --cpu 16 --cpu-load 22 --timeout 60s --quiet,11,5/15/2026,13:06:54,11.33,2.21,216
stress-ng --cpu 16 --cpu-load 22 --timeout 60s --quiet,11,5/15/2026,13:06:55,11.34,2.21,203
stress-ng --cpu 16 --cpu-load 22 --timeout 60s --quiet,11,5/15/2026,13:06:56,11.52,2.22,225
stress-ng --cpu 16 --cpu-load 22 --timeout 60s --quiet,11,5/15/2026,13:06:57,10.88,2.22,206
stress-ng --cpu 16 --cpu-load 22 --timeout 60s --quiet,11,5/15/2026,13:06:58,11.12,2.21,198
stress-ng --cpu 16 --cpu-load 22 --timeout 60s --quiet,11,5/15/2026,13:06:59,11.05,2.21,193
stress-ng --cpu 16 --cpu-load 22 --timeout 60s --quiet,11,5/15/2026,13:07:00,12.24,2.22,193
stress-ng --cpu 16 --cpu-load 22 --timeout 60s --quiet,11,5/15/2026,13:07:01,10.75,2.22,191
stress-ng --cpu 16 --cpu-load 22 --timeout 60s --quiet,11,5/15/2026,13:07:02,10.46,2.22,204
stress-ng --cpu 16 --cpu-load 22 --timeout 60s --quiet,11,5/15/2026,13:07:03,11.2,2.22,208
stress-ng --cpu 16 --cpu-load 22 --timeout 60s --quiet,11,5/15/2026,13:07:04,11.54,2.21,203
stress-ng --cpu 16 --cpu-load 22 --timeout 60s --quiet,11,5/15/2026,13:07:05,12,2.21,208
stress-ng --cpu 16 --cpu-load 22 --timeout 60s --quiet,11,5/15/2026,13:07:06,10.71,2.21,203
stress-ng --cpu 16 --cpu-load 22 --timeout 60s --quiet,11,5/15/2026,13:07:07,11.16,2.21,219
stress-ng --cpu 16 --cpu-load 22 --timeout 60s --quiet,11,5/15/2026,13:07:08,10.93,2.21,207
stress-ng --cpu 16 --cpu-load 22 --timeout 60s --quiet,11,5/15/2026,13:07:09,11.62,2.21,214
stress-ng --cpu 16 --cpu-load 22 --timeout 60s --quiet,11,5/15/2026,13:07:10,10.77,2.21,194
stress-ng --cpu 16 --cpu-load 22 --timeout 60s --quiet,11,5/15/2026,13:07:11,11.04,2.21,223
stress-ng --cpu 16 --cpu-load 22 --timeout 60s --quiet,11,5/15/2026,13:07:12,10.98,2.19,189
stress-ng --cpu 16 --cpu-load 22 --timeout 60s --quiet,11,5/15/2026,13:07:13,11.53,2.19,200
stress-ng --cpu 16 --cpu-load 22 --timeout 60s --quiet,11,5/15/2026,13:07:14,11.17,2.19,212
stress-ng --cpu 16 --cpu-load 22 --timeout 60s --quiet,11,5/15/2026,13:07:15,11.05,2.19,202
stress-ng --cpu 16 --cpu-load 22 --timeout 60s --quiet,11,5/15/2026,13:07:16,11.42,2.19,211
stress-ng --cpu 16 --cpu-load 22 --timeout 60s --quiet,11,5/15/2026,13:07:17,11.14,2.19,211
stress-ng --cpu 16 --cpu-load 22 --timeout 60s --quiet,11,5/15/2026,13:07:18,11.01,2.19,221
stress-ng --cpu 16 --cpu-load 22 --timeout 60s --quiet,11,5/15/2026,13:07:19,11.7,2.19,197
stress-ng --cpu 16 --cpu-load 22 --timeout 60s --quiet,11,5/15/2026,13:07:20,10.97,2.19,215
stress-ng --cpu 16 --cpu-load 22 --timeout 60s --quiet,11,5/15/2026,13:07:21,10.96,2.19,213
stress-ng --cpu 16 --cpu-load 22 --timeout 60s --quiet,11,5/15/2026,13:07:22,11.05,2.19,211.5
stress-ng --cpu 16 --cpu-load 22 --timeout 60s --quiet,11,5/15/2026,13:07:23,11.88,2.19,210
stress-ng --cpu 16 --cpu-load 22 --timeout 60s --quiet,11,5/15/2026,13:07:24,11.27,2.19,217
stress-ng --cpu 16 --cpu-load 22 --timeout 60s --quiet,11,5/15/2026,13:07:25,3.05,2.12,204
stress-ng --cpu 16 --cpu-load 22 --timeout 60s --quiet,11,5/15/2026,21:01:33,0.15,2.12,111
stress-ng --cpu 16 --cpu-load 22 --timeout 60s --quiet,11,5/15/2026,21:01:34,11.53,2.24,111
stress-ng --cpu 16 --cpu-load 22 --timeout 60s --quiet,11,5/15/2026,21:01:35,10.9,2.24,150
stress-ng --cpu 16 --cpu-load 22 --timeout 60s --quiet,11,5/15/2026,21:01:36,10.67,2.24,181
stress-ng --cpu 16 --cpu-load 22 --timeout 60s --quiet,11,5/15/2026,21:01:37,10.55,2.24,201
stress-ng --cpu 16 --cpu-load 22 --timeout 60s --quiet,11,5/15/2026,21:01:38,10.93,2.24,160
stress-ng --cpu 16 --cpu-load 22 --timeout 60s --quiet,11,5/15/2026,21:01:39,11.15,2.24,182
stress-ng --cpu 16 --cpu-load 22 --timeout 60s --quiet,11,5/15/2026,21:01:40,10.86,2.24,164
stress-ng --cpu 16 --cpu-load 22 --timeout 60s --quiet,11,5/15/2026,21:01:41,12,2.24,190
stress-ng --cpu 16 --cpu-load 22 --timeout 60s --quiet,11,5/15/2026,21:01:42,11.75,2.24,210
stress-ng --cpu 16 --cpu-load 22 --timeout 60s --quiet,11,5/15/2026,21:01:43,11.1,2.24,195
stress-ng --cpu 16 --cpu-load 22 --timeout 60s --quiet,11,5/15/2026,21:01:44,10.72,2.24,207
stress-ng --cpu 16 --cpu-load 22 --timeout 60s --quiet,11,5/15/2026,21:01:45,11.21,2.24,216
stress-ng --cpu 16 --cpu-load 22 --timeout 60s --quiet,11,5/15/2026,21:01:46,12.27,2.24,205
stress-ng --cpu 16 --cpu-load 22 --timeout 60s --quiet,11,5/15/2026,21:01:47,10.66,2.23,216
stress-ng --cpu 16 --cpu-load 22 --timeout 60s --quiet,11,5/15/2026,21:01:48,10.77,2.24,215
stress-ng --cpu 16 --cpu-load 22 --timeout 60s --quiet,11,5/15/2026,21:01:49,10.83,2.23,204
stress-ng --cpu 16 --cpu-load 22 --timeout 60s --quiet,11,5/15/2026,21:01:50,11.51,2.23,216
stress-ng --cpu 16 --cpu-load 22 --timeout 60s --quiet,11,5/15/2026,21:01:51,11.11,2.23,176
stress-ng --cpu 16 --cpu-load 22 --timeout 60s --quiet,11,5/15/2026,21:01:52,11.22,2.24,209
stress-ng --cpu 16 --cpu-load 22 --timeout 60s --quiet,11,5/15/2026,21:01:53,11,2.23,209
stress-ng --cpu 16 --cpu-load 22 --timeout 60s --quiet,11,5/15/2026,21:01:54,10.96,2.23,205
stress-ng --cpu 16 --cpu-load 22 --timeout 60s --quiet,11,5/15/2026,21:01:55,11.76,2.23,199
stress-ng --cpu 16 --cpu-load 22 --timeout 60s --quiet,11,5/15/2026,21:01:56,11.6,2.23,214
stress-ng --cpu 16 --cpu-load 22 --timeout 60s --quiet,11,5/15/2026,21:01:57,10.67,2.23,215
stress-ng --cpu 16 --cpu-load 22 --timeout 60s --quiet,11,5/15/2026,21:01:58,10.75,2.23,210
stress-ng --cpu 16 --cpu-load 22 --timeout 60s --quiet,11,5/15/2026,21:01:59,11.37,2.23,213
stress-ng --cpu 16 --cpu-load 22 --timeout 60s --quiet,11,5/15/2026,21:02:00,11.27,2.23,199
stress-ng --cpu 16 --cpu-load 22 --timeout 60s --quiet,11,5/15/2026,21:02:01,10.81,2.23,203
stress-ng --cpu 16 --cpu-load 22 --timeout 60s --quiet,11,5/15/2026,21:02:02,11.78,2.23,207
stress-ng --cpu 16 --cpu-load 22 --timeout 60s --quiet,11,5/15/2026,21:02:03,10.69,2.23,213
stress-ng --cpu 16 --cpu-load 22 --timeout 60s --quiet,11,5/15/2026,21:02:04,10.81,2.23,207
stress-ng --cpu 16 --cpu-load 22 --timeout 60s --quiet,11,5/15/2026,21:02:05,12.15,2.23,205
stress-ng --cpu 16 --cpu-load 22 --timeout 60s --quiet,11,5/15/2026,21:02:06,10.77,2.22,219
stress-ng --cpu 16 --cpu-load 22 --timeout 60s --quiet,11,5/15/2026,21:02:07,10.87,2.22,217
stress-ng --cpu 16 --cpu-load 22 --timeout 60s --quiet,11,5/15/2026,21:02:08,10.9,2.22,218
stress-ng --cpu 16 --cpu-load 22 --timeout 60s --quiet,11,5/15/2026,21:02:09,11.23,2.22,227
stress-ng --cpu 16 --cpu-load 22 --timeout 60s --quiet,11,5/15/2026,21:02:10,11.3,2.22,221
stress-ng --cpu 16 --cpu-load 22 --timeout 60s --quiet,11,5/15/2026,21:02:11,11.57,2.22,220
stress-ng --cpu 16 --cpu-load 22 --timeout 60s --quiet,11,5/15/2026,21:02:12,10.97,2.22,224
stress-ng --cpu 16 --cpu-load 22 --timeout 60s --quiet,11,5/15/2026,21:02:13,10.99,2.22,216
stress-ng --cpu 16 --cpu-load 22 --timeout 60s --quiet,11,5/15/2026,21:02:14,11.44,2.22,215
stress-ng --cpu 16 --cpu-load 22 --timeout 60s --quiet,11,5/15/2026,21:02:15,10.83,2.22,224
stress-ng --cpu 16 --cpu-load 22 --timeout 60s --quiet,11,5/15/2026,21:02:16,12.03,2.22,219
stress-ng --cpu 16 --cpu-load 22 --timeout 60s --quiet,11,5/15/2026,21:02:17,11.54,2.22,221
stress-ng --cpu 16 --cpu-load 22 --timeout 60s --quiet,11,5/15/2026,21:02:18,10.49,2.21,195
stress-ng --cpu 16 --cpu-load 22 --timeout 60s --quiet,11,5/15/2026,21:02:19,11.29,2.21,193
stress-ng --cpu 16 --cpu-load 22 --timeout 60s --quiet,11,5/15/2026,21:02:20,10.73,2.21,206
stress-ng --cpu 16 --cpu-load 22 --timeout 60s --quiet,11,5/15/2026,21:02:21,11.35,2.21,211
stress-ng --cpu 16 --cpu-load 22 --timeout 60s --quiet,11,5/15/2026,21:02:22,11.78,2.21,208
stress-ng --cpu 16 --cpu-load 22 --timeout 60s --quiet,11,5/15/2026,21:02:23,10.96,2.21,207.5
stress-ng --cpu 16 --cpu-load 22 --timeout 60s --quiet,11,5/15/2026,21:02:24,11.27,2.21,207
stress-ng --cpu 16 --cpu-load 22 --timeout 60s --quiet,11,5/15/2026,21:02:25,10.5,2.21,210
stress-ng --cpu 16 --cpu-load 22 --timeout 60s --quiet,11,5/15/2026,21:02:26,11.36,2.21,216
stress-ng --cpu 16 --cpu-load 22 --timeout 60s --quiet,11,5/15/2026,21:02:27,10.93,2.21,209
stress-ng --cpu 16 --cpu-load 22 --timeout 60s --quiet,11,5/15/2026,21:02:28,11.85,2.21,210
stress-ng --cpu 16 --cpu-load 22 --timeout 60s --quiet,11,5/15/2026,21:02:29,11.12,2.21,221
stress-ng --cpu 16 --cpu-load 22 --timeout 60s --quiet,11,5/15/2026,21:02:30,11.15,2.2,218
stress-ng --cpu 16 --cpu-load 22 --timeout 60s --quiet,11,5/15/2026,21:02:31,11.63,2.21,210
stress-ng --cpu 16 --cpu-load 22 --timeout 60s --quiet,11,5/15/2026,21:02:32,10.48,2.21,224
stress-ng --cpu 16 --cpu-load 22 --timeout 60s --quiet,11,5/15/2026,21:02:33,3.23,2.13,201
stress-ng --cpu 16 --cpu-load 24 --timeout 60s --quiet,12,5/14/2026,23:04:30,2.1,2.2,110
stress-ng --cpu 16 --cpu-load 24 --timeout 60s --quiet,12,5/14/2026,23:04:31,14.6,2.23,154
stress-ng --cpu 16 --cpu-load 24 --timeout 60s --quiet,12,5/14/2026,23:04:32,11.78,2.22,182
stress-ng --cpu 16 --cpu-load 24 --timeout 60s --quiet,12,5/14/2026,23:04:33,10.58,2.22,139
stress-ng --cpu 16 --cpu-load 24 --timeout 60s --quiet,12,5/14/2026,23:04:34,12.56,2.21,168.5
stress-ng --cpu 16 --cpu-load 24 --timeout 60s --quiet,12,5/14/2026,23:04:35,12.95,2.21,198
stress-ng --cpu 16 --cpu-load 24 --timeout 60s --quiet,12,5/14/2026,23:04:36,11.83,2.21,190
stress-ng --cpu 16 --cpu-load 24 --timeout 60s --quiet,12,5/14/2026,23:04:37,10.95,2.21,205
stress-ng --cpu 16 --cpu-load 24 --timeout 60s --quiet,12,5/14/2026,23:04:38,13.5,2.21,153
stress-ng --cpu 16 --cpu-load 24 --timeout 60s --quiet,12,5/14/2026,23:04:39,11.21,2.21,212
stress-ng --cpu 16 --cpu-load 24 --timeout 60s --quiet,12,5/14/2026,23:04:40,12.06,2.21,214
stress-ng --cpu 16 --cpu-load 24 --timeout 60s --quiet,12,5/14/2026,23:04:41,12.99,2.21,216
stress-ng --cpu 16 --cpu-load 24 --timeout 60s --quiet,12,5/14/2026,23:04:42,12.18,2.21,205
stress-ng --cpu 16 --cpu-load 24 --timeout 60s --quiet,12,5/14/2026,23:04:43,12.25,2.21,217
stress-ng --cpu 16 --cpu-load 24 --timeout 60s --quiet,12,5/14/2026,23:04:44,11.38,2.21,201
stress-ng --cpu 16 --cpu-load 24 --timeout 60s --quiet,12,5/14/2026,23:04:45,12.53,2.21,214
stress-ng --cpu 16 --cpu-load 24 --timeout 60s --quiet,12,5/14/2026,23:04:46,12.55,2.21,225
stress-ng --cpu 16 --cpu-load 24 --timeout 60s --quiet,12,5/14/2026,23:04:47,12.16,2.21,216
stress-ng --cpu 16 --cpu-load 24 --timeout 60s --quiet,12,5/14/2026,23:04:48,11.42,2.22,204
stress-ng --cpu 16 --cpu-load 24 --timeout 60s --quiet,12,5/14/2026,23:04:49,12.215,2.22,225
stress-ng --cpu 16 --cpu-load 24 --timeout 60s --quiet,12,5/14/2026,23:04:50,13.01,2.22,219
stress-ng --cpu 16 --cpu-load 24 --timeout 60s --quiet,12,5/14/2026,23:04:51,12.05,2.21,215
stress-ng --cpu 16 --cpu-load 24 --timeout 60s --quiet,12,5/14/2026,23:04:52,11.45,2.21,229
stress-ng --cpu 16 --cpu-load 24 --timeout 60s --quiet,12,5/14/2026,23:04:53,13.28,2.21,211
stress-ng --cpu 16 --cpu-load 24 --timeout 60s --quiet,12,5/14/2026,23:04:54,11.17,2.2,222
stress-ng --cpu 16 --cpu-load 24 --timeout 60s --quiet,12,5/14/2026,23:04:55,11.63,2.19,232
stress-ng --cpu 16 --cpu-load 24 --timeout 60s --quiet,12,5/14/2026,23:04:56,13.3,2.19,239
stress-ng --cpu 16 --cpu-load 24 --timeout 60s --quiet,12,5/14/2026,23:04:57,11.08,2.19,227
stress-ng --cpu 16 --cpu-load 24 --timeout 60s --quiet,12,5/14/2026,23:04:58,13.08,2.19,209
stress-ng --cpu 16 --cpu-load 24 --timeout 60s --quiet,12,5/14/2026,23:04:59,12.28,2.19,214
stress-ng --cpu 16 --cpu-load 24 --timeout 60s --quiet,12,5/14/2026,23:05:00,11.55,2.19,209
stress-ng --cpu 16 --cpu-load 24 --timeout 60s --quiet,12,5/14/2026,23:05:01,12.58,2.19,216
stress-ng --cpu 16 --cpu-load 24 --timeout 60s --quiet,12,5/14/2026,23:05:02,11.97,2.19,220
stress-ng --cpu 16 --cpu-load 24 --timeout 60s --quiet,12,5/14/2026,23:05:03,12.2,2.19,231
stress-ng --cpu 16 --cpu-load 24 --timeout 60s --quiet,12,5/14/2026,23:05:04,11.93,2.19,216
stress-ng --cpu 16 --cpu-load 24 --timeout 60s --quiet,12,5/14/2026,23:05:05,12.25,2.19,223
stress-ng --cpu 16 --cpu-load 24 --timeout 60s --quiet,12,5/14/2026,23:05:06,12.4,2.19,211
stress-ng --cpu 16 --cpu-load 24 --timeout 60s --quiet,12,5/14/2026,23:05:07,12,2.19,199
stress-ng --cpu 16 --cpu-load 24 --timeout 60s --quiet,12,5/14/2026,23:05:08,12.87,2.19,218
stress-ng --cpu 16 --cpu-load 24 --timeout 60s --quiet,12,5/14/2026,23:05:09,12.17,2.19,209
stress-ng --cpu 16 --cpu-load 24 --timeout 60s --quiet,12,5/14/2026,23:05:10,11.31,2.19,185
stress-ng --cpu 16 --cpu-load 24 --timeout 60s --quiet,12,5/14/2026,23:05:11,12.72,2.19,218
stress-ng --cpu 16 --cpu-load 24 --timeout 60s --quiet,12,5/14/2026,23:05:12,11.18,2.19,235
stress-ng --cpu 16 --cpu-load 24 --timeout 60s --quiet,12,5/14/2026,23:05:13,13.47,2.18,197
stress-ng --cpu 16 --cpu-load 24 --timeout 60s --quiet,12,5/14/2026,23:05:14,11.55,2.18,184
stress-ng --cpu 16 --cpu-load 24 --timeout 60s --quiet,12,5/14/2026,23:05:15,12.29,2.18,216
stress-ng --cpu 16 --cpu-load 24 --timeout 60s --quiet,12,5/14/2026,23:05:16,12.29,2.17,212
stress-ng --cpu 16 --cpu-load 24 --timeout 60s --quiet,12,5/14/2026,23:05:17,12.1,2.17,213.5
stress-ng --cpu 16 --cpu-load 24 --timeout 60s --quiet,12,5/14/2026,23:05:18,11.72,2.17,215
stress-ng --cpu 16 --cpu-load 24 --timeout 60s --quiet,12,5/14/2026,23:05:19,12.4,2.17,204
stress-ng --cpu 16 --cpu-load 24 --timeout 60s --quiet,12,5/14/2026,23:05:20,12.97,2.17,222
stress-ng --cpu 16 --cpu-load 24 --timeout 60s --quiet,12,5/14/2026,23:05:21,11.04,2.16,206
stress-ng --cpu 16 --cpu-load 24 --timeout 60s --quiet,12,5/14/2026,23:05:22,13.39,2.16,199
stress-ng --cpu 16 --cpu-load 24 --timeout 60s --quiet,12,5/14/2026,23:05:23,10.82,2.16,221
stress-ng --cpu 16 --cpu-load 24 --timeout 60s --quiet,12,5/14/2026,23:05:24,13.99,2.17,210
stress-ng --cpu 16 --cpu-load 24 --timeout 60s --quiet,12,5/14/2026,23:05:25,11.32,2.17,168
stress-ng --cpu 16 --cpu-load 24 --timeout 60s --quiet,12,5/14/2026,23:05:26,11.41,2.17,210
stress-ng --cpu 16 --cpu-load 24 --timeout 60s --quiet,12,5/14/2026,23:05:27,13.57,2.16,226
stress-ng --cpu 16 --cpu-load 24 --timeout 60s --quiet,12,5/14/2026,23:05:28,11.59,2.16,237
stress-ng --cpu 16 --cpu-load 24 --timeout 60s --quiet,12,5/14/2026,23:05:29,11.92,2.15,216
stress-ng --cpu 16 --cpu-load 24 --timeout 60s --quiet,12,5/14/2026,23:05:30,13.05,2.15,213
stress-ng --cpu 16 --cpu-load 24 --timeout 60s --quiet,12,5/15/2026,5:35:21,6.38,2.25,129
stress-ng --cpu 16 --cpu-load 24 --timeout 60s --quiet,12,5/15/2026,5:35:22,10.69,2.24,154
stress-ng --cpu 16 --cpu-load 24 --timeout 60s --quiet,12,5/15/2026,5:35:23,13.71,2.24,150
stress-ng --cpu 16 --cpu-load 24 --timeout 60s --quiet,12,5/15/2026,5:35:24,12.56,2.24,174
stress-ng --cpu 16 --cpu-load 24 --timeout 60s --quiet,12,5/15/2026,5:35:25,11.26,2.24,154
stress-ng --cpu 16 --cpu-load 24 --timeout 60s --quiet,12,5/15/2026,5:35:26,11.68,2.24,170
stress-ng --cpu 16 --cpu-load 24 --timeout 60s --quiet,12,5/15/2026,5:35:27,12.1,2.24,188
stress-ng --cpu 16 --cpu-load 24 --timeout 60s --quiet,12,5/15/2026,5:35:28,14.03,2.24,194
stress-ng --cpu 16 --cpu-load 24 --timeout 60s --quiet,12,5/15/2026,5:35:29,10.21,2.24,185
stress-ng --cpu 16 --cpu-load 24 --timeout 60s --quiet,12,5/15/2026,5:35:30,11.77,2.24,204
stress-ng --cpu 16 --cpu-load 24 --timeout 60s --quiet,12,5/15/2026,5:35:31,14.3,2.24,191
stress-ng --cpu 16 --cpu-load 24 --timeout 60s --quiet,12,5/15/2026,5:35:32,11.64,2.24,193
stress-ng --cpu 16 --cpu-load 24 --timeout 60s --quiet,12,5/15/2026,5:35:33,11.58,2.24,205
stress-ng --cpu 16 --cpu-load 24 --timeout 60s --quiet,12,5/15/2026,5:35:34,11.46,2.24,204
stress-ng --cpu 16 --cpu-load 24 --timeout 60s --quiet,12,5/15/2026,5:35:35,13.24,2.24,188
stress-ng --cpu 16 --cpu-load 24 --timeout 60s --quiet,12,5/15/2026,5:35:36,12.61,2.24,172
stress-ng --cpu 16 --cpu-load 24 --timeout 60s --quiet,12,5/15/2026,5:35:37,10.45,2.24,201
stress-ng --cpu 16 --cpu-load 24 --timeout 60s --quiet,12,5/15/2026,5:35:38,13.37,2.24,157
stress-ng --cpu 16 --cpu-load 24 --timeout 60s --quiet,12,5/15/2026,5:35:39,12.93,2.24,207
stress-ng --cpu 16 --cpu-load 24 --timeout 60s --quiet,12,5/15/2026,5:35:40,11.06,2.24,191
stress-ng --cpu 16 --cpu-load 24 --timeout 60s --quiet,12,5/15/2026,5:35:41,12.05,2.24,212
stress-ng --cpu 16 --cpu-load 24 --timeout 60s --quiet,12,5/15/2026,5:35:42,12.59,2.24,212
stress-ng --cpu 16 --cpu-load 24 --timeout 60s --quiet,12,5/15/2026,5:35:43,13.11,2.23,206
stress-ng --cpu 16 --cpu-load 24 --timeout 60s --quiet,12,5/15/2026,5:35:44,10.52,2.23,197
stress-ng --cpu 16 --cpu-load 24 --timeout 60s --quiet,12,5/15/2026,5:35:45,13.32,2.23,203
stress-ng --cpu 16 --cpu-load 24 --timeout 60s --quiet,12,5/15/2026,5:35:46,12.57,2.23,222
stress-ng --cpu 16 --cpu-load 24 --timeout 60s --quiet,12,5/15/2026,5:35:47,11.35,2.24,190
stress-ng --cpu 16 --cpu-load 24 --timeout 60s --quiet,12,5/15/2026,5:35:48,11.92,2.24,208
stress-ng --cpu 16 --cpu-load 24 --timeout 60s --quiet,12,5/15/2026,5:35:49,12.99,2.23,224
stress-ng --cpu 16 --cpu-load 24 --timeout 60s --quiet,12,5/15/2026,5:35:50,11.54,2.24,217
stress-ng --cpu 16 --cpu-load 24 --timeout 60s --quiet,12,5/15/2026,5:35:51,11.69,2.24,217
stress-ng --cpu 16 --cpu-load 24 --timeout 60s --quiet,12,5/15/2026,5:35:52,13.05,2.22,226
stress-ng --cpu 16 --cpu-load 24 --timeout 60s --quiet,12,5/15/2026,5:35:53,11.68,2.22,217
stress-ng --cpu 16 --cpu-load 24 --timeout 60s --quiet,12,5/15/2026,5:35:54,11.72,2.23,214
stress-ng --cpu 16 --cpu-load 24 --timeout 60s --quiet,12,5/15/2026,5:35:55,13.53,2.23,211
stress-ng --cpu 16 --cpu-load 24 --timeout 60s --quiet,12,5/15/2026,5:35:56,11.53,2.22,205
stress-ng --cpu 16 --cpu-load 24 --timeout 60s --quiet,12,5/15/2026,5:35:57,11.09,2.22,209
stress-ng --cpu 16 --cpu-load 24 --timeout 60s --quiet,12,5/15/2026,5:35:58,13.25,2.22,214
stress-ng --cpu 16 --cpu-load 24 --timeout 60s --quiet,12,5/15/2026,5:35:59,11.66,2.21,221
stress-ng --cpu 16 --cpu-load 24 --timeout 60s --quiet,12,5/15/2026,5:36:00,12.27,2.21,208
stress-ng --cpu 16 --cpu-load 24 --timeout 60s --quiet,12,5/15/2026,5:36:01,12.37,2.21,223
stress-ng --cpu 16 --cpu-load 24 --timeout 60s --quiet,12,5/15/2026,5:36:02,12.46,2.21,208
stress-ng --cpu 16 --cpu-load 24 --timeout 60s --quiet,12,5/15/2026,5:36:03,11.97,2.2,221
stress-ng --cpu 16 --cpu-load 24 --timeout 60s --quiet,12,5/15/2026,5:36:04,12.25,2.2,223
stress-ng --cpu 16 --cpu-load 24 --timeout 60s --quiet,12,5/15/2026,5:36:05,11.2,2.2,198
stress-ng --cpu 16 --cpu-load 24 --timeout 60s --quiet,12,5/15/2026,5:36:06,13.1,2.21,205
stress-ng --cpu 16 --cpu-load 24 --timeout 60s --quiet,12,5/15/2026,5:36:07,11.6,2.21,214
stress-ng --cpu 16 --cpu-load 24 --timeout 60s --quiet,12,5/15/2026,5:36:08,12.8,2.2,207
stress-ng --cpu 16 --cpu-load 24 --timeout 60s --quiet,12,5/15/2026,5:36:09,12.1,2.2,222
stress-ng --cpu 16 --cpu-load 24 --timeout 60s --quiet,12,5/15/2026,5:36:10,12.37,2.2,168
stress-ng --cpu 16 --cpu-load 24 --timeout 60s --quiet,12,5/15/2026,5:36:11,11.9,2.2,190
stress-ng --cpu 16 --cpu-load 24 --timeout 60s --quiet,12,5/15/2026,5:36:12,11.81,2.2,212
stress-ng --cpu 16 --cpu-load 24 --timeout 60s --quiet,12,5/15/2026,5:36:13,13.03,2.2,228
stress-ng --cpu 16 --cpu-load 24 --timeout 60s --quiet,12,5/15/2026,5:36:14,11.69,2.2,218
stress-ng --cpu 16 --cpu-load 24 --timeout 60s --quiet,12,5/15/2026,5:36:15,11.82,2.2,219
stress-ng --cpu 16 --cpu-load 24 --timeout 60s --quiet,12,5/15/2026,5:36:16,12.24,2.2,213
stress-ng --cpu 16 --cpu-load 24 --timeout 60s --quiet,12,5/15/2026,5:36:17,11.82,2.2,214
stress-ng --cpu 16 --cpu-load 24 --timeout 60s --quiet,12,5/15/2026,5:36:18,13.88,2.2,213
stress-ng --cpu 16 --cpu-load 24 --timeout 60s --quiet,12,5/15/2026,5:36:19,10.83,2.2,186
stress-ng --cpu 16 --cpu-load 24 --timeout 60s --quiet,12,5/15/2026,5:36:20,12.44,2.2,210
stress-ng --cpu 16 --cpu-load 24 --timeout 60s --quiet,12,5/15/2026,5:36:21,7.92,2.14,213
stress-ng --cpu 16 --cpu-load 24 --timeout 60s --quiet,12,5/15/2026,16:00:50,0.37,2.14,128
stress-ng --cpu 16 --cpu-load 24 --timeout 60s --quiet,12,5/15/2026,16:00:51,13.62,2.24,143
stress-ng --cpu 16 --cpu-load 24 --timeout 60s --quiet,12,5/15/2026,16:00:52,14.33,2.24,190
stress-ng --cpu 16 --cpu-load 24 --timeout 60s --quiet,12,5/15/2026,16:00:53,10.56,2.24,201
stress-ng --cpu 16 --cpu-load 24 --timeout 60s --quiet,12,5/15/2026,16:00:54,10.98,2.24,210
stress-ng --cpu 16 --cpu-load 24 --timeout 60s --quiet,12,5/15/2026,16:00:55,14.21,2.24,209
stress-ng --cpu 16 --cpu-load 24 --timeout 60s --quiet,12,5/15/2026,16:00:56,12.38,2.24,155
stress-ng --cpu 16 --cpu-load 24 --timeout 60s --quiet,12,5/15/2026,16:00:57,10.24,2.24,170
stress-ng --cpu 16 --cpu-load 24 --timeout 60s --quiet,12,5/15/2026,16:00:58,12.96,2.24,222
stress-ng --cpu 16 --cpu-load 24 --timeout 60s --quiet,12,5/15/2026,16:00:59,12.12,2.24,218
stress-ng --cpu 16 --cpu-load 24 --timeout 60s --quiet,12,5/15/2026,16:01:00,12.29,2.24,198
stress-ng --cpu 16 --cpu-load 24 --timeout 60s --quiet,12,5/15/2026,16:01:01,12.34,2.24,199
stress-ng --cpu 16 --cpu-load 24 --timeout 60s --quiet,12,5/15/2026,16:01:02,11.3,2.23,200
stress-ng --cpu 16 --cpu-load 24 --timeout 60s --quiet,12,5/15/2026,16:01:03,13.7,2.24,226
stress-ng --cpu 16 --cpu-load 24 --timeout 60s --quiet,12,5/15/2026,16:01:04,11.98,2.24,219
stress-ng --cpu 16 --cpu-load 24 --timeout 60s --quiet,12,5/15/2026,16:01:05,11.27,2.23,200
stress-ng --cpu 16 --cpu-load 24 --timeout 60s --quiet,12,5/15/2026,16:01:06,12.04,2.23,220
stress-ng --cpu 16 --cpu-load 24 --timeout 60s --quiet,12,5/15/2026,16:01:07,13.66,2.23,225
stress-ng --cpu 16 --cpu-load 24 --timeout 60s --quiet,12,5/15/2026,16:01:08,11.23,2.23,219
stress-ng --cpu 16 --cpu-load 24 --timeout 60s --quiet,12,5/15/2026,16:01:09,11.7,2.23,207
stress-ng --cpu 16 --cpu-load 24 --timeout 60s --quiet,12,5/15/2026,16:01:10,13.77,2.24,210
stress-ng --cpu 16 --cpu-load 24 --timeout 60s --quiet,12,5/15/2026,16:01:11,10.99,2.24,183
stress-ng --cpu 16 --cpu-load 24 --timeout 60s --quiet,12,5/15/2026,16:01:12,11.97,2.24,197
stress-ng --cpu 16 --cpu-load 24 --timeout 60s --quiet,12,5/15/2026,16:01:13,12.9,2.23,229
stress-ng --cpu 16 --cpu-load 24 --timeout 60s --quiet,12,5/15/2026,16:01:14,11.94,2.23,206
stress-ng --cpu 16 --cpu-load 24 --timeout 60s --quiet,12,5/15/2026,16:01:15,11.23,2.23,183
stress-ng --cpu 16 --cpu-load 24 --timeout 60s --quiet,12,5/15/2026,16:01:16,13.58,2.21,205
stress-ng --cpu 16 --cpu-load 24 --timeout 60s --quiet,12,5/15/2026,16:01:17,11.11,2.21,203
stress-ng --cpu 16 --cpu-load 24 --timeout 60s --quiet,12,5/15/2026,16:01:18,12.03,2.21,210
stress-ng --cpu 16 --cpu-load 24 --timeout 60s --quiet,12,5/15/2026,16:01:19,12.38,2.2,224
stress-ng --cpu 16 --cpu-load 24 --timeout 60s --quiet,12,5/15/2026,16:01:20,12.25,2.2,213
stress-ng --cpu 16 --cpu-load 24 --timeout 60s --quiet,12,5/15/2026,16:01:21,11.67,2.21,208
stress-ng --cpu 16 --cpu-load 24 --timeout 60s --quiet,12,5/15/2026,16:01:22,12.23,2.21,235
stress-ng --cpu 16 --cpu-load 24 --timeout 60s --quiet,12,5/15/2026,16:01:23,13.21,2.2,223
stress-ng --cpu 16 --cpu-load 24 --timeout 60s --quiet,12,5/15/2026,16:01:24,11.09,2.19,222
stress-ng --cpu 16 --cpu-load 24 --timeout 60s --quiet,12,5/15/2026,16:01:25,12.32,2.19,214
stress-ng --cpu 16 --cpu-load 24 --timeout 60s --quiet,12,5/15/2026,16:01:26,12.76,2.19,212.5
stress-ng --cpu 16 --cpu-load 24 --timeout 60s --quiet,12,5/15/2026,16:01:27,11.67,2.19,211
stress-ng --cpu 16 --cpu-load 24 --timeout 60s --quiet,12,5/15/2026,16:01:28,12.67,2.19,212
stress-ng --cpu 16 --cpu-load 24 --timeout 60s --quiet,12,5/15/2026,16:01:29,11.75,2.19,219
stress-ng --cpu 16 --cpu-load 24 --timeout 60s --quiet,12,5/15/2026,16:01:30,12.53,2.2,201
stress-ng --cpu 16 --cpu-load 24 --timeout 60s --quiet,12,5/15/2026,16:01:31,11.85,2.2,206
stress-ng --cpu 16 --cpu-load 24 --timeout 60s --quiet,12,5/15/2026,16:01:32,12.57,2.19,225
stress-ng --cpu 16 --cpu-load 24 --timeout 60s --quiet,12,5/15/2026,16:01:33,12,2.19,220
stress-ng --cpu 16 --cpu-load 24 --timeout 60s --quiet,12,5/15/2026,16:01:34,11.73,2.19,226
stress-ng --cpu 16 --cpu-load 24 --timeout 60s --quiet,12,5/15/2026,16:01:35,13.39,2.19,222
stress-ng --cpu 16 --cpu-load 24 --timeout 60s --quiet,12,5/15/2026,16:01:36,11.53,2.2,200
stress-ng --cpu 16 --cpu-load 24 --timeout 60s --quiet,12,5/15/2026,16:01:37,12.39,2.2,218
stress-ng --cpu 16 --cpu-load 24 --timeout 60s --quiet,12,5/15/2026,16:01:38,11.66,2.2,219
stress-ng --cpu 16 --cpu-load 24 --timeout 60s --quiet,12,5/15/2026,16:01:39,11.85,2.2,215
stress-ng --cpu 16 --cpu-load 24 --timeout 60s --quiet,12,5/15/2026,16:01:40,12.82,2.19,229
stress-ng --cpu 16 --cpu-load 24 --timeout 60s --quiet,12,5/15/2026,16:01:41,11.94,2.19,228
stress-ng --cpu 16 --cpu-load 24 --timeout 60s --quiet,12,5/15/2026,16:01:42,12.015,2.19,227
stress-ng --cpu 16 --cpu-load 24 --timeout 60s --quiet,12,5/15/2026,16:01:43,12.09,2.19,222
stress-ng --cpu 16 --cpu-load 24 --timeout 60s --quiet,12,5/15/2026,16:01:44,12.94,2.19,216
stress-ng --cpu 16 --cpu-load 24 --timeout 60s --quiet,12,5/15/2026,16:01:45,11.7,2.19,213
stress-ng --cpu 16 --cpu-load 24 --timeout 60s --quiet,12,5/15/2026,16:01:46,12.2,2.19,219
stress-ng --cpu 16 --cpu-load 24 --timeout 60s --quiet,12,5/15/2026,16:01:47,12.17,2.19,231
stress-ng --cpu 16 --cpu-load 24 --timeout 60s --quiet,12,5/15/2026,16:01:48,12.21,2.19,225
stress-ng --cpu 16 --cpu-load 24 --timeout 60s --quiet,12,5/15/2026,16:01:49,12.68,2.19,214
stress-ng --cpu 16 --cpu-load 24 --timeout 60s --quiet,12,5/15/2026,16:01:50,11.67,2.19,217
stress-ng --cpu 16 --cpu-load 26 --timeout 60s --quiet,13,5/14/2026,21:40:19,11.58,2.23,130
stress-ng --cpu 16 --cpu-load 26 --timeout 60s --quiet,13,5/14/2026,21:40:20,16.45,2.23,142
stress-ng --cpu 16 --cpu-load 26 --timeout 60s --quiet,13,5/14/2026,21:40:21,11.07,2.23,182
stress-ng --cpu 16 --cpu-load 26 --timeout 60s --quiet,13,5/14/2026,21:40:22,14.65,2.23,196
stress-ng --cpu 16 --cpu-load 26 --timeout 60s --quiet,13,5/14/2026,21:40:23,13.09,2.23,159
stress-ng --cpu 16 --cpu-load 26 --timeout 60s --quiet,13,5/14/2026,21:40:24,11.53,2.23,190
stress-ng --cpu 16 --cpu-load 26 --timeout 60s --quiet,13,5/14/2026,21:40:25,13.95,2.23,195
stress-ng --cpu 16 --cpu-load 26 --timeout 60s --quiet,13,5/14/2026,21:40:26,12,2.22,202
stress-ng --cpu 16 --cpu-load 26 --timeout 60s --quiet,13,5/14/2026,21:40:27,14.36,2.21,198
stress-ng --cpu 16 --cpu-load 26 --timeout 60s --quiet,13,5/14/2026,21:40:28,13.1,2.2,208
stress-ng --cpu 16 --cpu-load 26 --timeout 60s --quiet,13,5/14/2026,21:40:29,12.33,2.2,207
stress-ng --cpu 16 --cpu-load 26 --timeout 60s --quiet,13,5/14/2026,21:40:30,13.63,2.2,189
stress-ng --cpu 16 --cpu-load 26 --timeout 60s --quiet,13,5/14/2026,21:40:31,13.77,2.2,184
stress-ng --cpu 16 --cpu-load 26 --timeout 60s --quiet,13,5/14/2026,21:40:32,12.68,2.19,215
stress-ng --cpu 16 --cpu-load 26 --timeout 60s --quiet,13,5/14/2026,21:40:33,14.52,2.19,208
stress-ng --cpu 16 --cpu-load 26 --timeout 60s --quiet,13,5/14/2026,21:40:34,11.76,2.18,212
stress-ng --cpu 16 --cpu-load 26 --timeout 60s --quiet,13,5/14/2026,21:40:35,13.53,2.18,218
stress-ng --cpu 16 --cpu-load 26 --timeout 60s --quiet,13,5/14/2026,21:40:36,12.07,2.18,205
stress-ng --cpu 16 --cpu-load 26 --timeout 60s --quiet,13,5/14/2026,21:40:37,14.97,2.19,220
stress-ng --cpu 16 --cpu-load 26 --timeout 60s --quiet,13,5/14/2026,21:40:38,11.32,2.19,204
stress-ng --cpu 16 --cpu-load 26 --timeout 60s --quiet,13,5/14/2026,21:40:39,15.23,2.19,169
stress-ng --cpu 16 --cpu-load 26 --timeout 60s --quiet,13,5/14/2026,21:40:40,11.93,2.19,209
stress-ng --cpu 16 --cpu-load 26 --timeout 60s --quiet,13,5/14/2026,21:40:41,14.43,2.19,209
stress-ng --cpu 16 --cpu-load 26 --timeout 60s --quiet,13,5/14/2026,21:40:42,11.88,2.19,224
stress-ng --cpu 16 --cpu-load 26 --timeout 60s --quiet,13,5/14/2026,21:40:43,12.96,2.19,220
stress-ng --cpu 16 --cpu-load 26 --timeout 60s --quiet,13,5/14/2026,21:40:44,14.19,2.19,217.5
stress-ng --cpu 16 --cpu-load 26 --timeout 60s --quiet,13,5/14/2026,21:40:45,12.32,2.19,215
stress-ng --cpu 16 --cpu-load 26 --timeout 60s --quiet,13,5/14/2026,21:40:46,13.67,2.19,210.5
stress-ng --cpu 16 --cpu-load 26 --timeout 60s --quiet,13,5/14/2026,21:40:47,13.2,2.18,206
stress-ng --cpu 16 --cpu-load 26 --timeout 60s --quiet,13,5/14/2026,21:40:48,12.81,2.18,213
stress-ng --cpu 16 --cpu-load 26 --timeout 60s --quiet,13,5/14/2026,21:40:49,13.54,2.19,223
stress-ng --cpu 16 --cpu-load 26 --timeout 60s --quiet,13,5/14/2026,21:40:50,13.12,2.18,203
stress-ng --cpu 16 --cpu-load 26 --timeout 60s --quiet,13,5/14/2026,21:40:51,12.97,2.19,215
stress-ng --cpu 16 --cpu-load 26 --timeout 60s --quiet,13,5/14/2026,21:40:52,13.88,2.19,221
stress-ng --cpu 16 --cpu-load 26 --timeout 60s --quiet,13,5/14/2026,21:40:53,13.1,2.19,208
stress-ng --cpu 16 --cpu-load 26 --timeout 60s --quiet,13,5/14/2026,21:40:54,12.49,2.2,218
stress-ng --cpu 16 --cpu-load 26 --timeout 60s --quiet,13,5/14/2026,21:40:55,14.01,2.2,225
stress-ng --cpu 16 --cpu-load 26 --timeout 60s --quiet,13,5/14/2026,21:40:56,12.73,2.17,223
stress-ng --cpu 16 --cpu-load 26 --timeout 60s --quiet,13,5/14/2026,21:40:57,13.27,2.16,182
stress-ng --cpu 16 --cpu-load 26 --timeout 60s --quiet,13,5/14/2026,21:40:58,13.3,2.17,217
stress-ng --cpu 16 --cpu-load 26 --timeout 60s --quiet,13,5/14/2026,21:40:59,13.08,2.17,221
stress-ng --cpu 16 --cpu-load 26 --timeout 60s --quiet,13,5/14/2026,21:41:00,13.46,2.17,208
stress-ng --cpu 16 --cpu-load 26 --timeout 60s --quiet,13,5/14/2026,21:41:01,12.77,2.16,221
stress-ng --cpu 16 --cpu-load 26 --timeout 60s --quiet,13,5/14/2026,21:41:02,13.24,2.17,221
stress-ng --cpu 16 --cpu-load 26 --timeout 60s --quiet,13,5/14/2026,21:41:03,12.62,2.16,221
stress-ng --cpu 16 --cpu-load 26 --timeout 60s --quiet,13,5/14/2026,21:41:04,14.16,2.16,225
stress-ng --cpu 16 --cpu-load 26 --timeout 60s --quiet,13,5/14/2026,21:41:05,12.88,2.16,216
stress-ng --cpu 16 --cpu-load 26 --timeout 60s --quiet,13,5/14/2026,21:41:06,12.96,2.16,218
stress-ng --cpu 16 --cpu-load 26 --timeout 60s --quiet,13,5/14/2026,21:41:07,13.63,2.16,211
stress-ng --cpu 16 --cpu-load 26 --timeout 60s --quiet,13,5/14/2026,21:41:08,12.93,2.16,212
stress-ng --cpu 16 --cpu-load 26 --timeout 60s --quiet,13,5/14/2026,21:41:09,13.2,2.17,213
stress-ng --cpu 16 --cpu-load 26 --timeout 60s --quiet,13,5/14/2026,21:41:10,13.6,2.16,229
stress-ng --cpu 16 --cpu-load 26 --timeout 60s --quiet,13,5/14/2026,21:41:11,12.55,2.16,232
stress-ng --cpu 16 --cpu-load 26 --timeout 60s --quiet,13,5/14/2026,21:41:12,14.26,2.16,215
stress-ng --cpu 16 --cpu-load 26 --timeout 60s --quiet,13,5/14/2026,21:41:13,12.24,2.16,198
stress-ng --cpu 16 --cpu-load 26 --timeout 60s --quiet,13,5/14/2026,21:41:14,13.29,2.16,206
stress-ng --cpu 16 --cpu-load 26 --timeout 60s --quiet,13,5/14/2026,21:41:15,13.94,2.16,226
stress-ng --cpu 16 --cpu-load 26 --timeout 60s --quiet,13,5/14/2026,21:41:16,12.09,2.16,217
stress-ng --cpu 16 --cpu-load 26 --timeout 60s --quiet,13,5/14/2026,21:41:17,13.9,2.16,217
stress-ng --cpu 16 --cpu-load 26 --timeout 60s --quiet,13,5/14/2026,21:41:18,12.71,2.16,212
stress-ng --cpu 16 --cpu-load 26 --timeout 60s --quiet,13,5/14/2026,21:41:19,3.57,2.09,218
stress-ng --cpu 16 --cpu-load 26 --timeout 60s --quiet,13,5/15/2026,11:08:08,0.12,2.08,127
stress-ng --cpu 16 --cpu-load 26 --timeout 60s --quiet,13,5/15/2026,11:08:09,11.82,2.2,173
stress-ng --cpu 16 --cpu-load 26 --timeout 60s --quiet,13,5/15/2026,11:08:10,13.78,2.19,180.5
stress-ng --cpu 16 --cpu-load 26 --timeout 60s --quiet,13,5/15/2026,11:08:11,13.45,2.19,188
stress-ng --cpu 16 --cpu-load 26 --timeout 60s --quiet,13,5/15/2026,11:08:12,12.87,2.19,195
stress-ng --cpu 16 --cpu-load 26 --timeout 60s --quiet,13,5/15/2026,11:08:13,13.89,2.19,218
stress-ng --cpu 16 --cpu-load 26 --timeout 60s --quiet,13,5/15/2026,11:08:14,11.7,2.19,213
stress-ng --cpu 16 --cpu-load 26 --timeout 60s --quiet,13,5/15/2026,11:08:15,14.45,2.19,194
stress-ng --cpu 16 --cpu-load 26 --timeout 60s --quiet,13,5/15/2026,11:08:16,11.57,2.2,181
stress-ng --cpu 16 --cpu-load 26 --timeout 60s --quiet,13,5/15/2026,11:08:17,15.33,2.2,211
stress-ng --cpu 16 --cpu-load 26 --timeout 60s --quiet,13,5/15/2026,11:08:18,11.92,2.2,186
stress-ng --cpu 16 --cpu-load 26 --timeout 60s --quiet,13,5/15/2026,11:08:19,13.41,2.19,212
stress-ng --cpu 16 --cpu-load 26 --timeout 60s --quiet,13,5/15/2026,11:08:20,13.29,2.2,204
stress-ng --cpu 16 --cpu-load 26 --timeout 60s --quiet,13,5/15/2026,11:08:21,12.66,2.19,225
stress-ng --cpu 16 --cpu-load 26 --timeout 60s --quiet,13,5/15/2026,11:08:22,13.85,2.19,225
stress-ng --cpu 16 --cpu-load 26 --timeout 60s --quiet,13,5/15/2026,11:08:23,12.43,2.19,219.5
stress-ng --cpu 16 --cpu-load 26 --timeout 60s --quiet,13,5/15/2026,11:08:24,14.87,2.2,214
stress-ng --cpu 16 --cpu-load 26 --timeout 60s --quiet,13,5/15/2026,11:08:25,11.7,2.19,221
stress-ng --cpu 16 --cpu-load 26 --timeout 60s --quiet,13,5/15/2026,11:08:26,14.07,2.19,209
stress-ng --cpu 16 --cpu-load 26 --timeout 60s --quiet,13,5/15/2026,11:08:27,12.47,2.2,225
stress-ng --cpu 16 --cpu-load 26 --timeout 60s --quiet,13,5/15/2026,11:08:28,14.29,2.2,226
stress-ng --cpu 16 --cpu-load 26 --timeout 60s --quiet,13,5/15/2026,11:08:29,12.5,2.21,193
stress-ng --cpu 16 --cpu-load 26 --timeout 60s --quiet,13,5/15/2026,11:08:30,13.79,2.21,199
stress-ng --cpu 16 --cpu-load 26 --timeout 60s --quiet,13,5/15/2026,11:08:31,12.28,2.2,224
stress-ng --cpu 16 --cpu-load 26 --timeout 60s --quiet,13,5/15/2026,11:08:32,13.39,2.21,210
stress-ng --cpu 16 --cpu-load 26 --timeout 60s --quiet,13,5/15/2026,11:08:33,12.87,2.21,215
stress-ng --cpu 16 --cpu-load 26 --timeout 60s --quiet,13,5/15/2026,11:08:34,14.22,2.21,217
stress-ng --cpu 16 --cpu-load 26 --timeout 60s --quiet,13,5/15/2026,11:08:35,13.3,2.21,223
stress-ng --cpu 16 --cpu-load 26 --timeout 60s --quiet,13,5/15/2026,11:08:36,12.22,2.21,189
stress-ng --cpu 16 --cpu-load 26 --timeout 60s --quiet,13,5/15/2026,11:08:37,14.64,2.21,221
stress-ng --cpu 16 --cpu-load 26 --timeout 60s --quiet,13,5/15/2026,11:08:38,12.05,2.22,223
stress-ng --cpu 16 --cpu-load 26 --timeout 60s --quiet,13,5/15/2026,11:08:39,14.01,2.22,188
stress-ng --cpu 16 --cpu-load 26 --timeout 60s --quiet,13,5/15/2026,11:08:40,13.395,2.215,209
stress-ng --cpu 16 --cpu-load 26 --timeout 60s --quiet,13,5/15/2026,11:08:41,12.78,2.21,227
stress-ng --cpu 16 --cpu-load 26 --timeout 60s --quiet,13,5/15/2026,11:08:42,13.32,2.21,215
stress-ng --cpu 16 --cpu-load 26 --timeout 60s --quiet,13,5/15/2026,11:08:43,12.76,2.21,213
stress-ng --cpu 16 --cpu-load 26 --timeout 60s --quiet,13,5/15/2026,11:08:44,14.54,2.21,210
stress-ng --cpu 16 --cpu-load 26 --timeout 60s --quiet,13,5/15/2026,11:08:45,12.53,2.22,215
stress-ng --cpu 16 --cpu-load 26 --timeout 60s --quiet,13,5/15/2026,11:08:46,14.13,2.22,206
stress-ng --cpu 16 --cpu-load 26 --timeout 60s --quiet,13,5/15/2026,11:08:47,12.01,2.21,212
stress-ng --cpu 16 --cpu-load 26 --timeout 60s --quiet,13,5/15/2026,11:08:48,13.58,2.22,239
stress-ng --cpu 16 --cpu-load 26 --timeout 60s --quiet,13,5/15/2026,11:08:49,13.42,2.21,222
stress-ng --cpu 16 --cpu-load 26 --timeout 60s --quiet,13,5/15/2026,11:08:50,13.19,2.21,216
stress-ng --cpu 16 --cpu-load 26 --timeout 60s --quiet,13,5/15/2026,11:08:51,13.05,2.2,226
stress-ng --cpu 16 --cpu-load 26 --timeout 60s --quiet,13,5/15/2026,11:08:52,13.47,2.21,213
stress-ng --cpu 16 --cpu-load 26 --timeout 60s --quiet,13,5/15/2026,11:08:53,12.3,2.21,227
stress-ng --cpu 16 --cpu-load 26 --timeout 60s --quiet,13,5/15/2026,11:08:54,14.5,2.21,227
stress-ng --cpu 16 --cpu-load 26 --timeout 60s --quiet,13,5/15/2026,11:08:55,12.6,2.21,215
stress-ng --cpu 16 --cpu-load 26 --timeout 60s --quiet,13,5/15/2026,11:08:56,14.07,2.21,212.5
stress-ng --cpu 16 --cpu-load 26 --timeout 60s --quiet,13,5/15/2026,11:08:57,12.28,2.21,210
stress-ng --cpu 16 --cpu-load 26 --timeout 60s --quiet,13,5/15/2026,11:08:58,13.39,2.22,225
stress-ng --cpu 16 --cpu-load 26 --timeout 60s --quiet,13,5/15/2026,11:08:59,13.31,2.22,232
stress-ng --cpu 16 --cpu-load 26 --timeout 60s --quiet,13,5/15/2026,11:09:00,12.98,2.22,228
stress-ng --cpu 16 --cpu-load 26 --timeout 60s --quiet,13,5/15/2026,11:09:01,13.63,2.22,230
stress-ng --cpu 16 --cpu-load 26 --timeout 60s --quiet,13,5/15/2026,11:09:02,13.35,2.22,230
stress-ng --cpu 16 --cpu-load 26 --timeout 60s --quiet,13,5/15/2026,11:09:03,12.93,2.21,232
stress-ng --cpu 16 --cpu-load 26 --timeout 60s --quiet,13,5/15/2026,11:09:04,13.31,2.21,230
stress-ng --cpu 16 --cpu-load 26 --timeout 60s --quiet,13,5/15/2026,11:09:05,13.88,2.21,232
stress-ng --cpu 16 --cpu-load 26 --timeout 60s --quiet,13,5/15/2026,11:09:06,12.11,2.22,202
stress-ng --cpu 16 --cpu-load 26 --timeout 60s --quiet,13,5/15/2026,11:09:07,13.45,2.22,210
stress-ng --cpu 16 --cpu-load 26 --timeout 60s --quiet,13,5/15/2026,11:09:08,13.15,2.22,210
stress-ng --cpu 16 --cpu-load 26 --timeout 60s --quiet,13,5/15/2026,14:44:39,0.34,2.18,126
stress-ng --cpu 16 --cpu-load 26 --timeout 60s --quiet,13,5/15/2026,14:44:40,16.3,2.27,210
stress-ng --cpu 16 --cpu-load 26 --timeout 60s --quiet,13,5/15/2026,14:44:41,11.79,2.27,144
stress-ng --cpu 16 --cpu-load 26 --timeout 60s --quiet,13,5/15/2026,14:44:42,12.32,2.28,194
stress-ng --cpu 16 --cpu-load 26 --timeout 60s --quiet,13,5/15/2026,14:44:43,13.92,2.27,207
stress-ng --cpu 16 --cpu-load 26 --timeout 60s --quiet,13,5/15/2026,14:44:44,13.43,2.27,205
stress-ng --cpu 16 --cpu-load 26 --timeout 60s --quiet,13,5/15/2026,14:44:45,13.2,2.26,171
stress-ng --cpu 16 --cpu-load 26 --timeout 60s --quiet,13,5/15/2026,14:44:46,13.35,2.27,214
stress-ng --cpu 16 --cpu-load 26 --timeout 60s --quiet,13,5/15/2026,14:44:47,12.92,2.26,226
stress-ng --cpu 16 --cpu-load 26 --timeout 60s --quiet,13,5/15/2026,14:44:48,12.56,2.26,215
stress-ng --cpu 16 --cpu-load 26 --timeout 60s --quiet,13,5/15/2026,14:44:49,13.45,2.27,223
stress-ng --cpu 16 --cpu-load 26 --timeout 60s --quiet,13,5/15/2026,14:44:50,13.17,2.26,215
stress-ng --cpu 16 --cpu-load 26 --timeout 60s --quiet,13,5/15/2026,14:44:51,13.33,2.26,223
stress-ng --cpu 16 --cpu-load 26 --timeout 60s --quiet,13,5/15/2026,14:44:52,13.36,2.26,221
stress-ng --cpu 16 --cpu-load 26 --timeout 60s --quiet,13,5/15/2026,14:44:53,13.89,2.26,219
stress-ng --cpu 16 --cpu-load 26 --timeout 60s --quiet,13,5/15/2026,14:44:54,12.12,2.26,219
stress-ng --cpu 16 --cpu-load 26 --timeout 60s --quiet,13,5/15/2026,14:44:55,14.66,2.25,208
stress-ng --cpu 16 --cpu-load 26 --timeout 60s --quiet,13,5/15/2026,14:44:56,11.9,2.25,213
stress-ng --cpu 16 --cpu-load 26 --timeout 60s --quiet,13,5/15/2026,14:44:57,13.85,2.25,212
stress-ng --cpu 16 --cpu-load 26 --timeout 60s --quiet,13,5/15/2026,14:44:58,13.26,2.25,231
stress-ng --cpu 16 --cpu-load 26 --timeout 60s --quiet,13,5/15/2026,14:44:59,12.67,2.25,211
stress-ng --cpu 16 --cpu-load 26 --timeout 60s --quiet,13,5/15/2026,14:45:00,13.64,2.24,218
stress-ng --cpu 16 --cpu-load 26 --timeout 60s --quiet,13,5/15/2026,14:45:01,12.53,2.24,232
stress-ng --cpu 16 --cpu-load 26 --timeout 60s --quiet,13,5/15/2026,14:45:02,14.44,2.24,232
stress-ng --cpu 16 --cpu-load 26 --timeout 60s --quiet,13,5/15/2026,14:45:03,12.03,2.24,226
stress-ng --cpu 16 --cpu-load 26 --timeout 60s --quiet,13,5/15/2026,14:45:04,13.94,2.25,206
stress-ng --cpu 16 --cpu-load 26 --timeout 60s --quiet,13,5/15/2026,14:45:05,12.86,2.25,224
stress-ng --cpu 16 --cpu-load 26 --timeout 60s --quiet,13,5/15/2026,14:45:06,14.41,2.25,216
stress-ng --cpu 16 --cpu-load 26 --timeout 60s --quiet,13,5/15/2026,14:45:07,12.39,2.25,228
stress-ng --cpu 16 --cpu-load 26 --timeout 60s --quiet,13,5/15/2026,14:45:08,12.9,2.25,214
stress-ng --cpu 16 --cpu-load 26 --timeout 60s --quiet,13,5/15/2026,14:45:09,13.27,2.25,227
stress-ng --cpu 16 --cpu-load 26 --timeout 60s --quiet,13,5/15/2026,14:45:10,13.27,2.25,217
stress-ng --cpu 16 --cpu-load 26 --timeout 60s --quiet,13,5/15/2026,14:45:11,13.3,2.24,229
stress-ng --cpu 16 --cpu-load 26 --timeout 60s --quiet,13,5/15/2026,14:45:12,13.51,2.24,218
stress-ng --cpu 16 --cpu-load 26 --timeout 60s --quiet,13,5/15/2026,14:45:13,12.29,2.24,217
stress-ng --cpu 16 --cpu-load 26 --timeout 60s --quiet,13,5/15/2026,14:45:14,13.7,2.23,225
stress-ng --cpu 16 --cpu-load 26 --timeout 60s --quiet,13,5/15/2026,14:45:15,13.08,2.23,220
stress-ng --cpu 16 --cpu-load 26 --timeout 60s --quiet,13,5/15/2026,14:45:16,13.56,2.24,210
stress-ng --cpu 16 --cpu-load 26 --timeout 60s --quiet,13,5/15/2026,14:45:17,13.67,2.23,212
stress-ng --cpu 16 --cpu-load 26 --timeout 60s --quiet,13,5/15/2026,14:45:18,11.7,2.23,214
stress-ng --cpu 16 --cpu-load 26 --timeout 60s --quiet,13,5/15/2026,14:45:19,13.99,2.23,213
stress-ng --cpu 16 --cpu-load 26 --timeout 60s --quiet,13,5/15/2026,14:45:20,13.67,2.23,211
stress-ng --cpu 16 --cpu-load 26 --timeout 60s --quiet,13,5/15/2026,14:45:21,12.75,2.23,217
stress-ng --cpu 16 --cpu-load 26 --timeout 60s --quiet,13,5/15/2026,14:45:22,13.14,2.23,228
stress-ng --cpu 16 --cpu-load 26 --timeout 60s --quiet,13,5/15/2026,14:45:23,13.07,2.24,226.5
stress-ng --cpu 16 --cpu-load 26 --timeout 60s --quiet,13,5/15/2026,14:45:24,13.23,2.24,225
stress-ng --cpu 16 --cpu-load 26 --timeout 60s --quiet,13,5/15/2026,14:45:25,13.76,2.24,218
stress-ng --cpu 16 --cpu-load 26 --timeout 60s --quiet,13,5/15/2026,14:45:26,12.99,2.24,223
stress-ng --cpu 16 --cpu-load 26 --timeout 60s --quiet,13,5/15/2026,14:45:27,13.18,2.24,225
stress-ng --cpu 16 --cpu-load 26 --timeout 60s --quiet,13,5/15/2026,14:45:28,13.54,2.23,220
stress-ng --cpu 16 --cpu-load 26 --timeout 60s --quiet,13,5/15/2026,14:45:29,13.57,2.23,226
stress-ng --cpu 16 --cpu-load 26 --timeout 60s --quiet,13,5/15/2026,14:45:30,12.15,2.24,225
stress-ng --cpu 16 --cpu-load 26 --timeout 60s --quiet,13,5/15/2026,14:45:31,14.29,2.24,221
stress-ng --cpu 16 --cpu-load 26 --timeout 60s --quiet,13,5/15/2026,14:45:32,12.31,2.23,212
stress-ng --cpu 16 --cpu-load 26 --timeout 60s --quiet,13,5/15/2026,14:45:33,14.47,2.23,204
stress-ng --cpu 16 --cpu-load 26 --timeout 60s --quiet,13,5/15/2026,14:45:34,11.73,2.24,218
stress-ng --cpu 16 --cpu-load 26 --timeout 60s --quiet,13,5/15/2026,14:45:35,14.96,2.24,202
stress-ng --cpu 16 --cpu-load 26 --timeout 60s --quiet,13,5/15/2026,14:45:36,12.16,2.23,217
stress-ng --cpu 16 --cpu-load 26 --timeout 60s --quiet,13,5/15/2026,14:45:37,13.9,2.23,225
stress-ng --cpu 16 --cpu-load 26 --timeout 60s --quiet,13,5/15/2026,14:45:38,12.56,2.23,226
stress-ng --cpu 16 --cpu-load 26 --timeout 60s --quiet,13,5/15/2026,14:45:39,13.56,2.23,229
stress-ng --cpu 16 --cpu-load 28 --timeout 60s --quiet,14,5/15/2026,0:06:38,6.38,2.23,148
stress-ng --cpu 16 --cpu-load 28 --timeout 60s --quiet,14,5/15/2026,0:06:39,15.72,2.23,127
stress-ng --cpu 16 --cpu-load 28 --timeout 60s --quiet,14,5/15/2026,0:06:40,11.46,2.23,181
stress-ng --cpu 16 --cpu-load 28 --timeout 60s --quiet,14,5/15/2026,0:06:41,15.16,2.23,205
stress-ng --cpu 16 --cpu-load 28 --timeout 60s --quiet,14,5/15/2026,0:06:42,15.5,2.22,217
stress-ng --cpu 16 --cpu-load 28 --timeout 60s --quiet,14,5/15/2026,0:06:43,12.1,2.23,213
stress-ng --cpu 16 --cpu-load 28 --timeout 60s --quiet,14,5/15/2026,0:06:44,14.5,2.23,199
stress-ng --cpu 16 --cpu-load 28 --timeout 60s --quiet,14,5/15/2026,0:06:45,15.19,2.23,213
stress-ng --cpu 16 --cpu-load 28 --timeout 60s --quiet,14,5/15/2026,0:06:46,13.18,2.23,205
stress-ng --cpu 16 --cpu-load 28 --timeout 60s --quiet,14,5/15/2026,0:06:47,14.08,2.23,204
stress-ng --cpu 16 --cpu-load 28 --timeout 60s --quiet,14,5/15/2026,0:06:48,13.78,2.23,227
stress-ng --cpu 16 --cpu-load 28 --timeout 60s --quiet,14,5/15/2026,0:06:49,15.14,2.23,198
stress-ng --cpu 16 --cpu-load 28 --timeout 60s --quiet,14,5/15/2026,0:06:50,14.17,2.23,220
stress-ng --cpu 16 --cpu-load 28 --timeout 60s --quiet,14,5/15/2026,0:06:51,13.78,2.23,219
stress-ng --cpu 16 --cpu-load 28 --timeout 60s --quiet,14,5/15/2026,0:06:52,13.78,2.23,213
stress-ng --cpu 16 --cpu-load 28 --timeout 60s --quiet,14,5/15/2026,0:06:53,13.78,2.23,207
stress-ng --cpu 16 --cpu-load 28 --timeout 60s --quiet,14,5/15/2026,0:06:54,14.96,2.23,222
stress-ng --cpu 16 --cpu-load 28 --timeout 60s --quiet,14,5/15/2026,0:06:55,14.25,2.23,214
stress-ng --cpu 16 --cpu-load 28 --timeout 60s --quiet,14,5/15/2026,0:06:56,13.67,2.23,213
stress-ng --cpu 16 --cpu-load 28 --timeout 60s --quiet,14,5/15/2026,0:06:57,14.8,2.23,206
stress-ng --cpu 16 --cpu-load 28 --timeout 60s --quiet,14,5/15/2026,0:06:58,13.95,2.23,222
stress-ng --cpu 16 --cpu-load 28 --timeout 60s --quiet,14,5/15/2026,0:06:59,13.47,2.23,223
stress-ng --cpu 16 --cpu-load 28 --timeout 60s --quiet,14,5/15/2026,0:07:00,14.88,2.24,206
stress-ng --cpu 16 --cpu-load 28 --timeout 60s --quiet,14,5/15/2026,0:07:01,13.94,2.24,229
stress-ng --cpu 16 --cpu-load 28 --timeout 60s --quiet,14,5/15/2026,0:07:02,14.86,2.24,229
stress-ng --cpu 16 --cpu-load 28 --timeout 60s --quiet,14,5/15/2026,0:07:03,13.58,2.24,224
stress-ng --cpu 16 --cpu-load 28 --timeout 60s --quiet,14,5/15/2026,0:07:04,13.91,2.24,206
stress-ng --cpu 16 --cpu-load 28 --timeout 60s --quiet,14,5/15/2026,0:07:05,14.28,2.23,237
stress-ng --cpu 16 --cpu-load 28 --timeout 60s --quiet,14,5/15/2026,0:07:06,15.55,2.24,207
stress-ng --cpu 16 --cpu-load 28 --timeout 60s --quiet,14,5/15/2026,0:07:07,13.59,2.24,208
stress-ng --cpu 16 --cpu-load 28 --timeout 60s --quiet,14,5/15/2026,0:07:08,14.22,2.24,219
stress-ng --cpu 16 --cpu-load 28 --timeout 60s --quiet,14,5/15/2026,0:07:09,14.29,2.24,225
stress-ng --cpu 16 --cpu-load 28 --timeout 60s --quiet,14,5/15/2026,0:07:10,14.48,2.23,214
stress-ng --cpu 16 --cpu-load 28 --timeout 60s --quiet,14,5/15/2026,0:07:11,13.94,2.23,219
stress-ng --cpu 16 --cpu-load 28 --timeout 60s --quiet,14,5/15/2026,0:07:12,14.34,2.23,209
stress-ng --cpu 16 --cpu-load 28 --timeout 60s --quiet,14,5/15/2026,0:07:13,14.03,2.23,213
stress-ng --cpu 16 --cpu-load 28 --timeout 60s --quiet,14,5/15/2026,0:07:14,13.7,2.23,215
stress-ng --cpu 16 --cpu-load 28 --timeout 60s --quiet,14,5/15/2026,0:07:15,14.38,2.23,229
stress-ng --cpu 16 --cpu-load 28 --timeout 60s --quiet,14,5/15/2026,0:07:16,14.43,2.23,218
stress-ng --cpu 16 --cpu-load 28 --timeout 60s --quiet,14,5/15/2026,0:07:17,14.39,2.22,231
stress-ng --cpu 16 --cpu-load 28 --timeout 60s --quiet,14,5/15/2026,0:07:18,13.61,2.22,226
stress-ng --cpu 16 --cpu-load 28 --timeout 60s --quiet,14,5/15/2026,0:07:19,15.08,2.22,223
stress-ng --cpu 16 --cpu-load 28 --timeout 60s --quiet,14,5/15/2026,0:07:20,14.12,2.22,216
stress-ng --cpu 16 --cpu-load 28 --timeout 60s --quiet,14,5/15/2026,0:07:21,13.81,2.23,227
stress-ng --cpu 16 --cpu-load 28 --timeout 60s --quiet,14,5/15/2026,0:07:22,13.79,2.22,227
stress-ng --cpu 16 --cpu-load 28 --timeout 60s --quiet,14,5/15/2026,0:07:23,14.58,2.22,227
stress-ng --cpu 16 --cpu-load 28 --timeout 60s --quiet,14,5/15/2026,0:07:24,13.62,2.22,230
stress-ng --cpu 16 --cpu-load 28 --timeout 60s --quiet,14,5/15/2026,0:07:25,14.88,2.22,222
stress-ng --cpu 16 --cpu-load 28 --timeout 60s --quiet,14,5/15/2026,0:07:26,14.06,2.21,215
stress-ng --cpu 16 --cpu-load 28 --timeout 60s --quiet,14,5/15/2026,0:07:27,14.1,2.21,211
stress-ng --cpu 16 --cpu-load 28 --timeout 60s --quiet,14,5/15/2026,0:07:28,13.51,2.21,229
stress-ng --cpu 16 --cpu-load 28 --timeout 60s --quiet,14,5/15/2026,0:07:29,15.02,2.21,217
stress-ng --cpu 16 --cpu-load 28 --timeout 60s --quiet,14,5/15/2026,0:07:30,14.13,2.21,226
stress-ng --cpu 16 --cpu-load 28 --timeout 60s --quiet,14,5/15/2026,0:07:31,13.83,2.21,225
stress-ng --cpu 16 --cpu-load 28 --timeout 60s --quiet,14,5/15/2026,0:07:32,14.33,2.21,228
stress-ng --cpu 16 --cpu-load 28 --timeout 60s --quiet,14,5/15/2026,0:07:33,14.9,2.22,232
stress-ng --cpu 16 --cpu-load 28 --timeout 60s --quiet,14,5/15/2026,0:07:34,13.83,2.22,219
stress-ng --cpu 16 --cpu-load 28 --timeout 60s --quiet,14,5/15/2026,0:07:35,14.07,2.22,225
stress-ng --cpu 16 --cpu-load 28 --timeout 60s --quiet,14,5/15/2026,0:07:36,13.7,2.22,224
stress-ng --cpu 16 --cpu-load 28 --timeout 60s --quiet,14,5/15/2026,0:07:37,14.48,2.22,209
stress-ng --cpu 16 --cpu-load 28 --timeout 60s --quiet,14,5/15/2026,0:07:38,11.11,2.19,221
stress-ng --cpu 16 --cpu-load 28 --timeout 60s --quiet,14,5/15/2026,7:37:38,0.15,2.09,117
stress-ng --cpu 16 --cpu-load 28 --timeout 60s --quiet,14,5/15/2026,7:37:39,8.69,2.21,130
stress-ng --cpu 16 --cpu-load 28 --timeout 60s --quiet,14,5/15/2026,7:37:40,13.84,2.21,200
stress-ng --cpu 16 --cpu-load 28 --timeout 60s --quiet,14,5/15/2026,7:37:41,15.91,2.21,160
stress-ng --cpu 16 --cpu-load 28 --timeout 60s --quiet,14,5/15/2026,7:37:42,12.89,2.21,208
stress-ng --cpu 16 --cpu-load 28 --timeout 60s --quiet,14,5/15/2026,7:37:43,13.53,2.21,211
stress-ng --cpu 16 --cpu-load 28 --timeout 60s --quiet,14,5/15/2026,7:37:44,15.79,2.21,211
stress-ng --cpu 16 --cpu-load 28 --timeout 60s --quiet,14,5/15/2026,7:37:45,13.6,2.21,214
stress-ng --cpu 16 --cpu-load 28 --timeout 60s --quiet,14,5/15/2026,7:37:46,13.49,2.2,214
stress-ng --cpu 16 --cpu-load 28 --timeout 60s --quiet,14,5/15/2026,7:37:47,15.76,2.2,209
stress-ng --cpu 16 --cpu-load 28 --timeout 60s --quiet,14,5/15/2026,7:37:48,13.18,2.2,215
stress-ng --cpu 16 --cpu-load 28 --timeout 60s --quiet,14,5/15/2026,7:37:49,12.65,2.2,189
stress-ng --cpu 16 --cpu-load 28 --timeout 60s --quiet,14,5/15/2026,7:37:50,15.45,2.2,215
stress-ng --cpu 16 --cpu-load 28 --timeout 60s --quiet,14,5/15/2026,7:37:51,14.98,2.2,197
stress-ng --cpu 16 --cpu-load 28 --timeout 60s --quiet,14,5/15/2026,7:37:52,13.39,2.2,215
stress-ng --cpu 16 --cpu-load 28 --timeout 60s --quiet,14,5/15/2026,7:37:53,13.94,2.2,204
stress-ng --cpu 16 --cpu-load 28 --timeout 60s --quiet,14,5/15/2026,7:37:54,14.15,2.19,227
stress-ng --cpu 16 --cpu-load 28 --timeout 60s --quiet,14,5/15/2026,7:37:55,14.38,2.19,233
stress-ng --cpu 16 --cpu-load 28 --timeout 60s --quiet,14,5/15/2026,7:37:56,14.29,2.19,217
stress-ng --cpu 16 --cpu-load 28 --timeout 60s --quiet,14,5/15/2026,7:37:57,14.09,2.19,214
stress-ng --cpu 16 --cpu-load 28 --timeout 60s --quiet,14,5/15/2026,7:37:58,14.31,2.19,232
stress-ng --cpu 16 --cpu-load 28 --timeout 60s --quiet,14,5/15/2026,7:37:59,14.09,2.18,224
stress-ng --cpu 16 --cpu-load 28 --timeout 60s --quiet,14,5/15/2026,7:38:00,13.26,2.18,236
stress-ng --cpu 16 --cpu-load 28 --timeout 60s --quiet,14,5/15/2026,7:38:01,14.51,2.18,229
stress-ng --cpu 16 --cpu-load 28 --timeout 60s --quiet,14,5/15/2026,7:38:02,14.97,2.19,218
stress-ng --cpu 16 --cpu-load 28 --timeout 60s --quiet,14,5/15/2026,7:38:03,13.65,2.18,229
stress-ng --cpu 16 --cpu-load 28 --timeout 60s --quiet,14,5/15/2026,7:38:04,13.64,2.18,222
stress-ng --cpu 16 --cpu-load 28 --timeout 60s --quiet,14,5/15/2026,7:38:05,15.03,2.18,221
stress-ng --cpu 16 --cpu-load 28 --timeout 60s --quiet,14,5/15/2026,7:38:06,14.24,2.17,220
stress-ng --cpu 16 --cpu-load 28 --timeout 60s --quiet,14,5/15/2026,7:38:07,14.04,2.17,223
stress-ng --cpu 16 --cpu-load 28 --timeout 60s --quiet,14,5/15/2026,7:38:08,14.01,2.18,229
stress-ng --cpu 16 --cpu-load 28 --timeout 60s --quiet,14,5/15/2026,7:38:09,14.91,2.18,228
stress-ng --cpu 16 --cpu-load 28 --timeout 60s --quiet,14,5/15/2026,7:38:10,13.35,2.18,215
stress-ng --cpu 16 --cpu-load 28 --timeout 60s --quiet,14,5/15/2026,7:38:11,14.31,2.18,230
stress-ng --cpu 16 --cpu-load 28 --timeout 60s --quiet,14,5/15/2026,7:38:12,15.27,2.18,204
stress-ng --cpu 16 --cpu-load 28 --timeout 60s --quiet,14,5/15/2026,7:38:13,13.56,2.18,224
stress-ng --cpu 16 --cpu-load 28 --timeout 60s --quiet,14,5/15/2026,7:38:14,13.88,2.18,229
stress-ng --cpu 16 --cpu-load 28 --timeout 60s --quiet,14,5/15/2026,7:38:15,14.62,2.18,211
stress-ng --cpu 16 --cpu-load 28 --timeout 60s --quiet,14,5/15/2026,7:38:16,14.14,2.18,221
stress-ng --cpu 16 --cpu-load 28 --timeout 60s --quiet,14,5/15/2026,7:38:17,14.11,2.17,229
stress-ng --cpu 16 --cpu-load 28 --timeout 60s --quiet,14,5/15/2026,7:38:18,14.96,2.17,229
stress-ng --cpu 16 --cpu-load 28 --timeout 60s --quiet,14,5/15/2026,7:38:19,13.75,2.17,222
stress-ng --cpu 16 --cpu-load 28 --timeout 60s --quiet,14,5/15/2026,7:38:20,13.58,2.17,226
stress-ng --cpu 16 --cpu-load 28 --timeout 60s --quiet,14,5/15/2026,7:38:21,15.67,2.17,200
stress-ng --cpu 16 --cpu-load 28 --timeout 60s --quiet,14,5/15/2026,7:38:22,13.06,2.17,222
stress-ng --cpu 16 --cpu-load 28 --timeout 60s --quiet,14,5/15/2026,7:38:23,14.37,2.17,207
stress-ng --cpu 16 --cpu-load 28 --timeout 60s --quiet,14,5/15/2026,7:38:24,14.12,2.17,218
stress-ng --cpu 16 --cpu-load 28 --timeout 60s --quiet,14,5/15/2026,7:38:25,14.28,2.16,236
stress-ng --cpu 16 --cpu-load 28 --timeout 60s --quiet,14,5/15/2026,7:38:26,14.18,2.16,217
stress-ng --cpu 16 --cpu-load 28 --timeout 60s --quiet,14,5/15/2026,7:38:27,13.72,2.16,228
stress-ng --cpu 16 --cpu-load 28 --timeout 60s --quiet,14,5/15/2026,7:38:28,14.92,2.16,216
stress-ng --cpu 16 --cpu-load 28 --timeout 60s --quiet,14,5/15/2026,7:38:29,13.5,2.16,220
stress-ng --cpu 16 --cpu-load 28 --timeout 60s --quiet,14,5/15/2026,7:38:30,15.16,2.16,238
stress-ng --cpu 16 --cpu-load 28 --timeout 60s --quiet,14,5/15/2026,7:38:31,13.13,2.16,211
stress-ng --cpu 16 --cpu-load 28 --timeout 60s --quiet,14,5/15/2026,7:38:32,14.18,2.16,229
stress-ng --cpu 16 --cpu-load 28 --timeout 60s --quiet,14,5/15/2026,7:38:33,14.73,2.16,232
stress-ng --cpu 16 --cpu-load 28 --timeout 60s --quiet,14,5/15/2026,7:38:34,13.69,2.16,232.5
stress-ng --cpu 16 --cpu-load 28 --timeout 60s --quiet,14,5/15/2026,7:38:35,14.41,2.16,233
stress-ng --cpu 16 --cpu-load 28 --timeout 60s --quiet,14,5/15/2026,7:38:36,14.68,2.16,240
stress-ng --cpu 16 --cpu-load 28 --timeout 60s --quiet,14,5/15/2026,7:38:37,13.1,2.16,227
stress-ng --cpu 16 --cpu-load 28 --timeout 60s --quiet,14,5/15/2026,7:38:38,13.1,2.16,232
stress-ng --cpu 16 --cpu-load 28 --timeout 60s --quiet,14,5/15/2026,17:06:58,6.38,2.25,126
stress-ng --cpu 16 --cpu-load 28 --timeout 60s --quiet,14,5/15/2026,17:06:59,16.14,2.25,123
stress-ng --cpu 16 --cpu-load 28 --timeout 60s --quiet,14,5/15/2026,17:07:00,13.42,2.25,185
stress-ng --cpu 16 --cpu-load 28 --timeout 60s --quiet,14,5/15/2026,17:07:01,13.16,2.25,198
stress-ng --cpu 16 --cpu-load 28 --timeout 60s --quiet,14,5/15/2026,17:07:02,15.57,2.25,182
stress-ng --cpu 16 --cpu-load 28 --timeout 60s --quiet,14,5/15/2026,17:07:03,13.41,2.25,218
stress-ng --cpu 16 --cpu-load 28 --timeout 60s --quiet,14,5/15/2026,17:07:04,13.82,2.25,219
stress-ng --cpu 16 --cpu-load 28 --timeout 60s --quiet,14,5/15/2026,17:07:05,15.47,2.24,217
stress-ng --cpu 16 --cpu-load 28 --timeout 60s --quiet,14,5/15/2026,17:07:06,13.81,2.24,209
stress-ng --cpu 16 --cpu-load 28 --timeout 60s --quiet,14,5/15/2026,17:07:07,14.06,2.24,216
stress-ng --cpu 16 --cpu-load 28 --timeout 60s --quiet,14,5/15/2026,17:07:08,14.28,2.23,221
stress-ng --cpu 16 --cpu-load 28 --timeout 60s --quiet,14,5/15/2026,17:07:09,14.56,2.23,214.5
stress-ng --cpu 16 --cpu-load 28 --timeout 60s --quiet,14,5/15/2026,17:07:10,13.94,2.23,208
stress-ng --cpu 16 --cpu-load 28 --timeout 60s --quiet,14,5/15/2026,17:07:11,14.03,2.22,218
stress-ng --cpu 16 --cpu-load 28 --timeout 60s --quiet,14,5/15/2026,17:07:12,14.55,2.23,228
stress-ng --cpu 16 --cpu-load 28 --timeout 60s --quiet,14,5/15/2026,17:07:13,13.64,2.22,221
stress-ng --cpu 16 --cpu-load 28 --timeout 60s --quiet,14,5/15/2026,17:07:14,14.91,2.22,220
stress-ng --cpu 16 --cpu-load 28 --timeout 60s --quiet,14,5/15/2026,17:07:15,14.63,2.22,222
stress-ng --cpu 16 --cpu-load 28 --timeout 60s --quiet,14,5/15/2026,17:07:16,13.15,2.22,229
stress-ng --cpu 16 --cpu-load 28 --timeout 60s --quiet,14,5/15/2026,17:07:17,14.22,2.22,222
stress-ng --cpu 16 --cpu-load 28 --timeout 60s --quiet,14,5/15/2026,17:07:18,15.21,2.22,227
stress-ng --cpu 16 --cpu-load 28 --timeout 60s --quiet,14,5/15/2026,17:07:19,13.23,2.23,212
stress-ng --cpu 16 --cpu-load 28 --timeout 60s --quiet,14,5/15/2026,17:07:20,14.5,2.23,227
stress-ng --cpu 16 --cpu-load 28 --timeout 60s --quiet,14,5/15/2026,17:07:21,15.17,2.23,217
stress-ng --cpu 16 --cpu-load 28 --timeout 60s --quiet,14,5/15/2026,17:07:22,13.865,2.23,227
stress-ng --cpu 16 --cpu-load 28 --timeout 60s --quiet,14,5/15/2026,17:07:23,12.56,2.23,212
stress-ng --cpu 16 --cpu-load 28 --timeout 60s --quiet,14,5/15/2026,17:07:24,14.52,2.22,212
stress-ng --cpu 16 --cpu-load 28 --timeout 60s --quiet,14,5/15/2026,17:07:25,15.21,2.22,212
stress-ng --cpu 16 --cpu-load 28 --timeout 60s --quiet,14,5/15/2026,17:07:26,13.03,2.22,216
stress-ng --cpu 16 --cpu-load 28 --timeout 60s --quiet,14,5/15/2026,17:07:27,13.79,2.22,215
stress-ng --cpu 16 --cpu-load 28 --timeout 60s --quiet,14,5/15/2026,17:07:28,15.6,2.22,216
stress-ng --cpu 16 --cpu-load 28 --timeout 60s --quiet,14,5/15/2026,17:07:29,14.29,2.22,213
stress-ng --cpu 16 --cpu-load 28 --timeout 60s --quiet,14,5/15/2026,17:07:30,13.53,2.22,230
stress-ng --cpu 16 --cpu-load 28 --timeout 60s --quiet,14,5/15/2026,17:07:31,14.29,2.21,221
stress-ng --cpu 16 --cpu-load 28 --timeout 60s --quiet,14,5/15/2026,17:07:32,14.13,2.21,216
stress-ng --cpu 16 --cpu-load 28 --timeout 60s --quiet,14,5/15/2026,17:07:33,14.73,2.21,223
stress-ng --cpu 16 --cpu-load 28 --timeout 60s --quiet,14,5/15/2026,17:07:34,15,2.2,226
stress-ng --cpu 16 --cpu-load 28 --timeout 60s --quiet,14,5/15/2026,17:07:35,12.93,2.21,204
stress-ng --cpu 16 --cpu-load 28 --timeout 60s --quiet,14,5/15/2026,17:07:36,14.43,2.19,226
stress-ng --cpu 16 --cpu-load 28 --timeout 60s --quiet,14,5/15/2026,17:07:37,14.29,2.19,210
stress-ng --cpu 16 --cpu-load 28 --timeout 60s --quiet,14,5/15/2026,17:07:38,13.16,2.19,216
stress-ng --cpu 16 --cpu-load 28 --timeout 60s --quiet,14,5/15/2026,17:07:39,15.29,2.19,229
stress-ng --cpu 16 --cpu-load 28 --timeout 60s --quiet,14,5/15/2026,17:07:40,14.31,2.19,218
stress-ng --cpu 16 --cpu-load 28 --timeout 60s --quiet,14,5/15/2026,17:07:41,13.18,2.19,236
stress-ng --cpu 16 --cpu-load 28 --timeout 60s --quiet,14,5/15/2026,17:07:42,14.94,2.19,225
stress-ng --cpu 16 --cpu-load 28 --timeout 60s --quiet,14,5/15/2026,17:07:43,13.58,2.19,228
stress-ng --cpu 16 --cpu-load 28 --timeout 60s --quiet,14,5/15/2026,17:07:44,14.38,2.19,232
stress-ng --cpu 16 --cpu-load 28 --timeout 60s --quiet,14,5/15/2026,17:07:45,14.84,2.19,232.5
stress-ng --cpu 16 --cpu-load 28 --timeout 60s --quiet,14,5/15/2026,17:07:46,13.36,2.19,233
stress-ng --cpu 16 --cpu-load 28 --timeout 60s --quiet,14,5/15/2026,17:07:47,13.85,2.19,222
stress-ng --cpu 16 --cpu-load 28 --timeout 60s --quiet,14,5/15/2026,17:07:48,14.74,2.18,232
stress-ng --cpu 16 --cpu-load 28 --timeout 60s --quiet,14,5/15/2026,17:07:49,14.59,2.18,214
stress-ng --cpu 16 --cpu-load 28 --timeout 60s --quiet,14,5/15/2026,17:07:50,13.67,2.19,216
stress-ng --cpu 16 --cpu-load 28 --timeout 60s --quiet,14,5/15/2026,17:07:51,14.31,2.19,212
stress-ng --cpu 16 --cpu-load 28 --timeout 60s --quiet,14,5/15/2026,17:07:52,14.88,2.19,235
stress-ng --cpu 16 --cpu-load 28 --timeout 60s --quiet,14,5/15/2026,17:07:53,13.7,2.19,230
stress-ng --cpu 16 --cpu-load 28 --timeout 60s --quiet,14,5/15/2026,17:07:54,13.71,2.19,238
stress-ng --cpu 16 --cpu-load 28 --timeout 60s --quiet,14,5/15/2026,17:07:55,14.79,2.19,221
stress-ng --cpu 16 --cpu-load 28 --timeout 60s --quiet,14,5/15/2026,17:07:56,14.25,2.19,228
stress-ng --cpu 16 --cpu-load 28 --timeout 60s --quiet,14,5/15/2026,17:07:57,14.31,2.19,228
stress-ng --cpu 16 --cpu-load 28 --timeout 60s --quiet,14,5/15/2026,17:07:58,9.17,2.12,226
stress-ng --cpu 16 --cpu-load 30 --timeout 60s --quiet,15,5/14/2026,20:14:06,0.4,2.2,119
stress-ng --cpu 16 --cpu-load 30 --timeout 60s --quiet,15,5/14/2026,20:14:07,16.32,2.24,201
stress-ng --cpu 16 --cpu-load 30 --timeout 60s --quiet,15,5/14/2026,20:14:08,16.69,2.24,156
stress-ng --cpu 16 --cpu-load 30 --timeout 60s --quiet,15,5/14/2026,20:14:09,14.76,2.24,199
stress-ng --cpu 16 --cpu-load 30 --timeout 60s --quiet,15,5/14/2026,20:14:10,15.61,2.24,209
stress-ng --cpu 16 --cpu-load 30 --timeout 60s --quiet,15,5/14/2026,20:14:11,12.77,2.24,193
stress-ng --cpu 16 --cpu-load 30 --timeout 60s --quiet,15,5/14/2026,20:14:12,16.42,2.24,186
stress-ng --cpu 16 --cpu-load 30 --timeout 60s --quiet,15,5/14/2026,20:14:13,14.74,2.23,199
stress-ng --cpu 16 --cpu-load 30 --timeout 60s --quiet,15,5/14/2026,20:14:14,16.15,2.23,201
stress-ng --cpu 16 --cpu-load 30 --timeout 60s --quiet,15,5/14/2026,20:14:15,14.08,2.23,198
stress-ng --cpu 16 --cpu-load 30 --timeout 60s --quiet,15,5/14/2026,20:14:16,15.78,2.23,210
stress-ng --cpu 16 --cpu-load 30 --timeout 60s --quiet,15,5/14/2026,20:14:17,15.72,2.23,211
stress-ng --cpu 16 --cpu-load 30 --timeout 60s --quiet,15,5/14/2026,20:14:18,14.44,2.23,218
stress-ng --cpu 16 --cpu-load 30 --timeout 60s --quiet,15,5/14/2026,20:14:19,15.34,2.23,226
stress-ng --cpu 16 --cpu-load 30 --timeout 60s --quiet,15,5/14/2026,20:14:20,14.97,2.23,224
stress-ng --cpu 16 --cpu-load 30 --timeout 60s --quiet,15,5/14/2026,20:14:21,15.49,2.23,224
stress-ng --cpu 16 --cpu-load 30 --timeout 60s --quiet,15,5/14/2026,20:14:22,15.12,2.23,226
stress-ng --cpu 16 --cpu-load 30 --timeout 60s --quiet,15,5/14/2026,20:14:23,14.9,2.22,220
stress-ng --cpu 16 --cpu-load 30 --timeout 60s --quiet,15,5/14/2026,20:14:24,15.45,2.22,220
stress-ng --cpu 16 --cpu-load 30 --timeout 60s --quiet,15,5/14/2026,20:14:25,14.26,2.22,228
stress-ng --cpu 16 --cpu-load 30 --timeout 60s --quiet,15,5/14/2026,20:14:26,15.83,2.21,223
stress-ng --cpu 16 --cpu-load 30 --timeout 60s --quiet,15,5/14/2026,20:14:27,15.66,2.21,230
stress-ng --cpu 16 --cpu-load 30 --timeout 60s --quiet,15,5/14/2026,20:14:28,14.4,2.22,231
stress-ng --cpu 16 --cpu-load 30 --timeout 60s --quiet,15,5/14/2026,20:14:29,15.37,2.2,238
stress-ng --cpu 16 --cpu-load 30 --timeout 60s --quiet,15,5/14/2026,20:14:30,15.47,2.2,207
stress-ng --cpu 16 --cpu-load 30 --timeout 60s --quiet,15,5/14/2026,20:14:31,14.06,2.2,219
stress-ng --cpu 16 --cpu-load 30 --timeout 60s --quiet,15,5/14/2026,20:14:32,15.42,2.2,212.5
stress-ng --cpu 16 --cpu-load 30 --timeout 60s --quiet,15,5/14/2026,20:14:33,15.38,2.2,206
stress-ng --cpu 16 --cpu-load 30 --timeout 60s --quiet,15,5/14/2026,20:14:34,15.57,2.19,201
stress-ng --cpu 16 --cpu-load 30 --timeout 60s --quiet,15,5/14/2026,20:14:35,15.39,2.19,219
stress-ng --cpu 16 --cpu-load 30 --timeout 60s --quiet,15,5/14/2026,20:14:36,15.21,2.19,212
stress-ng --cpu 16 --cpu-load 30 --timeout 60s --quiet,15,5/14/2026,20:14:37,15.14,2.2,228
stress-ng --cpu 16 --cpu-load 30 --timeout 60s --quiet,15,5/14/2026,20:14:38,15.16,2.2,224
stress-ng --cpu 16 --cpu-load 30 --timeout 60s --quiet,15,5/14/2026,20:14:39,15.68,2.2,216
stress-ng --cpu 16 --cpu-load 30 --timeout 60s --quiet,15,5/14/2026,20:14:40,15.54,2.2,222
stress-ng --cpu 16 --cpu-load 30 --timeout 60s --quiet,15,5/14/2026,20:14:41,14.93,2.2,224
stress-ng --cpu 16 --cpu-load 30 --timeout 60s --quiet,15,5/14/2026,20:14:42,15.15,2.2,225
stress-ng --cpu 16 --cpu-load 30 --timeout 60s --quiet,15,5/14/2026,20:14:43,15.14,2.2,232
stress-ng --cpu 16 --cpu-load 30 --timeout 60s --quiet,15,5/14/2026,20:14:44,15.42,2.2,233
stress-ng --cpu 16 --cpu-load 30 --timeout 60s --quiet,15,5/14/2026,20:14:45,14.81,2.2,227
stress-ng --cpu 16 --cpu-load 30 --timeout 60s --quiet,15,5/14/2026,20:14:46,14.78,2.2,228
stress-ng --cpu 16 --cpu-load 30 --timeout 60s --quiet,15,5/14/2026,20:14:47,15.9,2.2,216
stress-ng --cpu 16 --cpu-load 30 --timeout 60s --quiet,15,5/14/2026,20:14:48,14.31,2.2,229
stress-ng --cpu 16 --cpu-load 30 --timeout 60s --quiet,15,5/14/2026,20:14:49,16.01,2.2,223
stress-ng --cpu 16 --cpu-load 30 --timeout 60s --quiet,15,5/14/2026,20:14:50,15.28,2.2,222
stress-ng --cpu 16 --cpu-load 30 --timeout 60s --quiet,15,5/14/2026,20:14:51,14.78,2.2,227
stress-ng --cpu 16 --cpu-load 30 --timeout 60s --quiet,15,5/14/2026,20:14:52,15.91,2.2,228
stress-ng --cpu 16 --cpu-load 30 --timeout 60s --quiet,15,5/14/2026,20:14:53,14.78,2.2,225
stress-ng --cpu 16 --cpu-load 30 --timeout 60s --quiet,15,5/14/2026,20:14:54,15.09,2.2,235
stress-ng --cpu 16 --cpu-load 30 --timeout 60s --quiet,15,5/14/2026,20:14:55,15.43,2.19,229
stress-ng --cpu 16 --cpu-load 30 --timeout 60s --quiet,15,5/14/2026,20:14:56,15.27,2.18,218
stress-ng --cpu 16 --cpu-load 30 --timeout 60s --quiet,15,5/14/2026,20:14:57,14.81,2.18,227
stress-ng --cpu 16 --cpu-load 30 --timeout 60s --quiet,15,5/14/2026,20:14:58,14.83,2.18,227
stress-ng --cpu 16 --cpu-load 30 --timeout 60s --quiet,15,5/14/2026,20:14:59,15.65,2.19,228
stress-ng --cpu 16 --cpu-load 30 --timeout 60s --quiet,15,5/14/2026,20:15:00,14.54,2.19,234
stress-ng --cpu 16 --cpu-load 30 --timeout 60s --quiet,15,5/14/2026,20:15:01,15.84,2.18,223
stress-ng --cpu 16 --cpu-load 30 --timeout 60s --quiet,15,5/14/2026,20:15:02,14.37,2.18,226
stress-ng --cpu 16 --cpu-load 30 --timeout 60s --quiet,15,5/14/2026,20:15:03,15.6,2.19,229
stress-ng --cpu 16 --cpu-load 30 --timeout 60s --quiet,15,5/14/2026,20:15:04,15.46,2.18,226
stress-ng --cpu 16 --cpu-load 30 --timeout 60s --quiet,15,5/14/2026,20:15:05,16.19,2.18,220
stress-ng --cpu 16 --cpu-load 30 --timeout 60s --quiet,15,5/14/2026,20:15:06,13.89,2.19,214
stress-ng --cpu 16 --cpu-load 30 --timeout 60s --quiet,15,5/15/2026,12:56:24,6.44,2.27,119
stress-ng --cpu 16 --cpu-load 30 --timeout 60s --quiet,15,5/15/2026,12:56:25,15.86,2.27,189
stress-ng --cpu 16 --cpu-load 30 --timeout 60s --quiet,15,5/15/2026,12:56:26,12.25,2.26,183.5
stress-ng --cpu 16 --cpu-load 30 --timeout 60s --quiet,15,5/15/2026,12:56:27,15.74,2.26,178
stress-ng --cpu 16 --cpu-load 30 --timeout 60s --quiet,15,5/15/2026,12:56:28,15.14,2.25,196
stress-ng --cpu 16 --cpu-load 30 --timeout 60s --quiet,15,5/15/2026,12:56:29,16.32,2.25,212
stress-ng --cpu 16 --cpu-load 30 --timeout 60s --quiet,15,5/15/2026,12:56:30,14.85,2.24,198
stress-ng --cpu 16 --cpu-load 30 --timeout 60s --quiet,15,5/15/2026,12:56:31,16.26,2.25,209.5
stress-ng --cpu 16 --cpu-load 30 --timeout 60s --quiet,15,5/15/2026,12:56:32,13.86,2.24,221
stress-ng --cpu 16 --cpu-load 30 --timeout 60s --quiet,15,5/15/2026,12:56:33,15.56,2.24,218
stress-ng --cpu 16 --cpu-load 30 --timeout 60s --quiet,15,5/15/2026,12:56:34,14.03,2.24,210
stress-ng --cpu 16 --cpu-load 30 --timeout 60s --quiet,15,5/15/2026,12:56:35,15.8,2.23,224
stress-ng --cpu 16 --cpu-load 30 --timeout 60s --quiet,15,5/15/2026,12:56:36,15.15,2.23,220
stress-ng --cpu 16 --cpu-load 30 --timeout 60s --quiet,15,5/15/2026,12:56:37,16.11,2.23,226
stress-ng --cpu 16 --cpu-load 30 --timeout 60s --quiet,15,5/15/2026,12:56:38,14.77,2.23,230
stress-ng --cpu 16 --cpu-load 30 --timeout 60s --quiet,15,5/15/2026,12:56:39,15.02,2.23,217
stress-ng --cpu 16 --cpu-load 30 --timeout 60s --quiet,15,5/15/2026,12:56:40,15.09,2.24,201
stress-ng --cpu 16 --cpu-load 30 --timeout 60s --quiet,15,5/15/2026,12:56:41,15.97,2.23,213
stress-ng --cpu 16 --cpu-load 30 --timeout 60s --quiet,15,5/15/2026,12:56:42,15.04,2.24,214
stress-ng --cpu 16 --cpu-load 30 --timeout 60s --quiet,15,5/15/2026,12:56:43,15.55,2.23,228
stress-ng --cpu 16 --cpu-load 30 --timeout 60s --quiet,15,5/15/2026,12:56:44,15,2.23,219
stress-ng --cpu 16 --cpu-load 30 --timeout 60s --quiet,15,5/15/2026,12:56:45,14.96,2.23,219.5
stress-ng --cpu 16 --cpu-load 30 --timeout 60s --quiet,15,5/15/2026,12:56:46,14.94,2.23,220
stress-ng --cpu 16 --cpu-load 30 --timeout 60s --quiet,15,5/15/2026,12:56:47,14.72,2.23,226
stress-ng --cpu 16 --cpu-load 30 --timeout 60s --quiet,15,5/15/2026,12:56:48,15.01,2.23,217
stress-ng --cpu 16 --cpu-load 30 --timeout 60s --quiet,15,5/15/2026,12:56:49,16.16,2.24,218
stress-ng --cpu 16 --cpu-load 30 --timeout 60s --quiet,15,5/15/2026,12:56:50,15.18,2.24,222
stress-ng --cpu 16 --cpu-load 30 --timeout 60s --quiet,15,5/15/2026,12:56:51,15.97,2.22,220
stress-ng --cpu 16 --cpu-load 30 --timeout 60s --quiet,15,5/15/2026,12:56:52,15.29,2.22,224
stress-ng --cpu 16 --cpu-load 30 --timeout 60s --quiet,15,5/15/2026,12:56:53,15.45,2.22,217
stress-ng --cpu 16 --cpu-load 30 --timeout 60s --quiet,15,5/15/2026,12:56:54,14.11,2.21,234
stress-ng --cpu 16 --cpu-load 30 --timeout 60s --quiet,15,5/15/2026,12:56:55,15.69,2.21,215
stress-ng --cpu 16 --cpu-load 30 --timeout 60s --quiet,15,5/15/2026,12:56:56,16.11,2.21,220
stress-ng --cpu 16 --cpu-load 30 --timeout 60s --quiet,15,5/15/2026,12:56:57,14.79,2.2,219
stress-ng --cpu 16 --cpu-load 30 --timeout 60s --quiet,15,5/15/2026,12:56:58,15.05,2.2,223
stress-ng --cpu 16 --cpu-load 30 --timeout 60s --quiet,15,5/15/2026,12:56:59,15.16,2.2,222
stress-ng --cpu 16 --cpu-load 30 --timeout 60s --quiet,15,5/15/2026,12:57:00,15.19,2.2,219
stress-ng --cpu 16 --cpu-load 30 --timeout 60s --quiet,15,5/15/2026,12:57:01,14.89,2.2,218
stress-ng --cpu 16 --cpu-load 30 --timeout 60s --quiet,15,5/15/2026,12:57:02,16.06,2.2,217
stress-ng --cpu 16 --cpu-load 30 --timeout 60s --quiet,15,5/15/2026,12:57:03,14.71,2.21,227
stress-ng --cpu 16 --cpu-load 30 --timeout 60s --quiet,15,5/15/2026,12:57:04,15.3,2.21,230
stress-ng --cpu 16 --cpu-load 30 --timeout 60s --quiet,15,5/15/2026,12:57:05,15.28,2.21,226
stress-ng --cpu 16 --cpu-load 30 --timeout 60s --quiet,15,5/15/2026,12:57:06,15.43,2.22,217
stress-ng --cpu 16 --cpu-load 30 --timeout 60s --quiet,15,5/15/2026,12:57:07,15.655,2.215,233
stress-ng --cpu 16 --cpu-load 30 --timeout 60s --quiet,15,5/15/2026,12:57:08,15.88,2.21,224
stress-ng --cpu 16 --cpu-load 30 --timeout 60s --quiet,15,5/15/2026,12:57:09,14.18,2.21,220
stress-ng --cpu 16 --cpu-load 30 --timeout 60s --quiet,15,5/15/2026,12:57:10,14.93,2.21,227
stress-ng --cpu 16 --cpu-load 30 --timeout 60s --quiet,15,5/15/2026,12:57:11,15.7,2.2,234
stress-ng --cpu 16 --cpu-load 30 --timeout 60s --quiet,15,5/15/2026,12:57:12,15.43,2.2,228
stress-ng --cpu 16 --cpu-load 30 --timeout 60s --quiet,15,5/15/2026,12:57:13,14.96,2.2,227
stress-ng --cpu 16 --cpu-load 30 --timeout 60s --quiet,15,5/15/2026,12:57:14,15.47,2.21,227
stress-ng --cpu 16 --cpu-load 30 --timeout 60s --quiet,15,5/15/2026,12:57:15,14.81,2.2,237
stress-ng --cpu 16 --cpu-load 30 --timeout 60s --quiet,15,5/15/2026,12:57:16,15.79,2.2,222
stress-ng --cpu 16 --cpu-load 30 --timeout 60s --quiet,15,5/15/2026,12:57:17,15.6,2.2,232
stress-ng --cpu 16 --cpu-load 30 --timeout 60s --quiet,15,5/15/2026,12:57:18,14,2.2,230
stress-ng --cpu 16 --cpu-load 30 --timeout 60s --quiet,15,5/15/2026,12:57:19,15.3,2.2,228
stress-ng --cpu 16 --cpu-load 30 --timeout 60s --quiet,15,5/15/2026,12:57:20,15.67,2.2,224
stress-ng --cpu 16 --cpu-load 30 --timeout 60s --quiet,15,5/15/2026,12:57:21,14.92,2.2,226
stress-ng --cpu 16 --cpu-load 30 --timeout 60s --quiet,15,5/15/2026,12:57:22,15.46,2.21,231
stress-ng --cpu 16 --cpu-load 30 --timeout 60s --quiet,15,5/15/2026,12:57:23,15.08,2.2,235
stress-ng --cpu 16 --cpu-load 30 --timeout 60s --quiet,15,5/15/2026,12:57:24,13.64,2.19,227
stress-ng --cpu 16 --cpu-load 30 --timeout 60s --quiet,15,5/15/2026,15:56:49,6.35,2.24,123
stress-ng --cpu 16 --cpu-load 30 --timeout 60s --quiet,15,5/15/2026,15:56:50,16.04,2.24,123
stress-ng --cpu 16 --cpu-load 30 --timeout 60s --quiet,15,5/15/2026,15:56:51,12.58,2.25,182
stress-ng --cpu 16 --cpu-load 30 --timeout 60s --quiet,15,5/15/2026,15:56:52,15.42,2.24,205
stress-ng --cpu 16 --cpu-load 30 --timeout 60s --quiet,15,5/15/2026,15:56:53,15.12,2.24,233
stress-ng --cpu 16 --cpu-load 30 --timeout 60s --quiet,15,5/15/2026,15:56:54,15.67,2.24,205
stress-ng --cpu 16 --cpu-load 30 --timeout 60s --quiet,15,5/15/2026,15:56:55,16.22,2.24,230
stress-ng --cpu 16 --cpu-load 30 --timeout 60s --quiet,15,5/15/2026,15:56:56,15.18,2.23,216
stress-ng --cpu 16 --cpu-load 30 --timeout 60s --quiet,15,5/15/2026,15:56:57,15.73,2.23,208
stress-ng --cpu 16 --cpu-load 30 --timeout 60s --quiet,15,5/15/2026,15:56:58,14.12,2.23,229
stress-ng --cpu 16 --cpu-load 30 --timeout 60s --quiet,15,5/15/2026,15:56:59,15.46,2.24,189
stress-ng --cpu 16 --cpu-load 30 --timeout 60s --quiet,15,5/15/2026,15:57:00,14.75,2.23,219
stress-ng --cpu 16 --cpu-load 30 --timeout 60s --quiet,15,5/15/2026,15:57:01,16.31,2.23,219
stress-ng --cpu 16 --cpu-load 30 --timeout 60s --quiet,15,5/15/2026,15:57:02,14.75,2.23,219
stress-ng --cpu 16 --cpu-load 30 --timeout 60s --quiet,15,5/15/2026,15:57:03,15.51,2.23,227
stress-ng --cpu 16 --cpu-load 30 --timeout 60s --quiet,15,5/15/2026,15:57:04,14.95,2.23,230
stress-ng --cpu 16 --cpu-load 30 --timeout 60s --quiet,15,5/15/2026,15:57:05,15.17,2.23,216
stress-ng --cpu 16 --cpu-load 30 --timeout 60s --quiet,15,5/15/2026,15:57:06,15.2,2.23,226
stress-ng --cpu 16 --cpu-load 30 --timeout 60s --quiet,15,5/15/2026,15:57:07,15.46,2.23,220
stress-ng --cpu 16 --cpu-load 30 --timeout 60s --quiet,15,5/15/2026,15:57:08,14.9,2.23,214
stress-ng --cpu 16 --cpu-load 30 --timeout 60s --quiet,15,5/15/2026,15:57:09,15.85,2.23,218
stress-ng --cpu 16 --cpu-load 30 --timeout 60s --quiet,15,5/15/2026,15:57:10,14.81,2.23,226
stress-ng --cpu 16 --cpu-load 30 --timeout 60s --quiet,15,5/15/2026,15:57:11,15.15,2.22,226
stress-ng --cpu 16 --cpu-load 30 --timeout 60s --quiet,15,5/15/2026,15:57:12,14.52,2.21,233
stress-ng --cpu 16 --cpu-load 30 --timeout 60s --quiet,15,5/15/2026,15:57:13,15.03,2.21,225
stress-ng --cpu 16 --cpu-load 30 --timeout 60s --quiet,15,5/15/2026,15:57:14,14.9,2.21,238
stress-ng --cpu 16 --cpu-load 30 --timeout 60s --quiet,15,5/15/2026,15:57:15,15.63,2.21,228
stress-ng --cpu 16 --cpu-load 30 --timeout 60s --quiet,15,5/15/2026,15:57:16,15.42,2.22,225
stress-ng --cpu 16 --cpu-load 30 --timeout 60s --quiet,15,5/15/2026,15:57:17,14.87,2.21,213
stress-ng --cpu 16 --cpu-load 30 --timeout 60s --quiet,15,5/15/2026,15:57:18,14.69,2.21,235
stress-ng --cpu 16 --cpu-load 30 --timeout 60s --quiet,15,5/15/2026,15:57:19,15.53,2.21,221
stress-ng --cpu 16 --cpu-load 30 --timeout 60s --quiet,15,5/15/2026,15:57:20,14.8,2.21,234
stress-ng --cpu 16 --cpu-load 30 --timeout 60s --quiet,15,5/15/2026,15:57:21,16.01,2.2,205
stress-ng --cpu 16 --cpu-load 30 --timeout 60s --quiet,15,5/15/2026,15:57:22,15.33,2.2,231
stress-ng --cpu 16 --cpu-load 30 --timeout 60s --quiet,15,5/15/2026,15:57:23,14.99,2.2,229
stress-ng --cpu 16 --cpu-load 30 --timeout 60s --quiet,15,5/15/2026,15:57:24,15.09,2.2,231
stress-ng --cpu 16 --cpu-load 30 --timeout 60s --quiet,15,5/15/2026,15:57:25,14.99,2.2,229
stress-ng --cpu 16 --cpu-load 30 --timeout 60s --quiet,15,5/15/2026,15:57:26,15.24,2.2,227
stress-ng --cpu 16 --cpu-load 30 --timeout 60s --quiet,15,5/15/2026,15:57:27,15.32,2.19,231
stress-ng --cpu 16 --cpu-load 30 --timeout 60s --quiet,15,5/15/2026,15:57:28,14.78,2.19,224
stress-ng --cpu 16 --cpu-load 30 --timeout 60s --quiet,15,5/15/2026,15:57:29,15.38,2.19,238
stress-ng --cpu 16 --cpu-load 30 --timeout 60s --quiet,15,5/15/2026,15:57:30,14.23,2.19,239
stress-ng --cpu 16 --cpu-load 30 --timeout 60s --quiet,15,5/15/2026,15:57:31,15.44,2.19,226
stress-ng --cpu 16 --cpu-load 30 --timeout 60s --quiet,15,5/15/2026,15:57:32,15.38,2.2,223
stress-ng --cpu 16 --cpu-load 30 --timeout 60s --quiet,15,5/15/2026,15:57:33,15.39,2.2,239
stress-ng --cpu 16 --cpu-load 30 --timeout 60s --quiet,15,5/15/2026,15:57:34,15.38,2.19,231
stress-ng --cpu 16 --cpu-load 30 --timeout 60s --quiet,15,5/15/2026,15:57:35,14.92,2.2,230.5
stress-ng --cpu 16 --cpu-load 30 --timeout 60s --quiet,15,5/15/2026,15:57:36,15.13,2.2,230
stress-ng --cpu 16 --cpu-load 30 --timeout 60s --quiet,15,5/15/2026,15:57:37,15.05,2.19,234
stress-ng --cpu 16 --cpu-load 30 --timeout 60s --quiet,15,5/15/2026,15:57:38,15.12,2.2,227
stress-ng --cpu 16 --cpu-load 30 --timeout 60s --quiet,15,5/15/2026,15:57:39,15.51,2.2,230
stress-ng --cpu 16 --cpu-load 30 --timeout 60s --quiet,15,5/15/2026,15:57:40,16,2.2,221
stress-ng --cpu 16 --cpu-load 30 --timeout 60s --quiet,15,5/15/2026,15:57:41,15.2,2.19,236
stress-ng --cpu 16 --cpu-load 30 --timeout 60s --quiet,15,5/15/2026,15:57:42,14.29,2.19,224
stress-ng --cpu 16 --cpu-load 30 --timeout 60s --quiet,15,5/15/2026,15:57:43,14.79,2.19,222
stress-ng --cpu 16 --cpu-load 30 --timeout 60s --quiet,15,5/15/2026,15:57:44,15.42,2.19,219
stress-ng --cpu 16 --cpu-load 30 --timeout 60s --quiet,15,5/15/2026,15:57:45,15.58,2.18,224
stress-ng --cpu 16 --cpu-load 30 --timeout 60s --quiet,15,5/15/2026,15:57:46,15.61,2.19,222
stress-ng --cpu 16 --cpu-load 30 --timeout 60s --quiet,15,5/15/2026,15:57:47,14.5,2.19,226
stress-ng --cpu 16 --cpu-load 30 --timeout 60s --quiet,15,5/15/2026,15:57:48,15.27,2.19,236
stress-ng --cpu 16 --cpu-load 30 --timeout 60s --quiet,15,5/15/2026,15:57:49,13.17,2.17,236
stress-ng --cpu 16 --cpu-load 32 --timeout 60s --quiet,16,5/14/2026,22:40:27,0.12,2.1,142
stress-ng --cpu 16 --cpu-load 32 --timeout 60s --quiet,16,5/14/2026,22:40:28,16.87,2.22,210
stress-ng --cpu 16 --cpu-load 32 --timeout 60s --quiet,16,5/14/2026,22:40:29,16.63,2.23,188
stress-ng --cpu 16 --cpu-load 32 --timeout 60s --quiet,16,5/14/2026,22:40:30,15.35,2.22,211
stress-ng --cpu 16 --cpu-load 32 --timeout 60s --quiet,16,5/14/2026,22:40:31,16.29,2.22,202
stress-ng --cpu 16 --cpu-load 32 --timeout 60s --quiet,16,5/14/2026,22:40:32,16.26,2.22,218
stress-ng --cpu 16 --cpu-load 32 --timeout 60s --quiet,16,5/14/2026,22:40:33,15.51,2.23,216
stress-ng --cpu 16 --cpu-load 32 --timeout 60s --quiet,16,5/14/2026,22:40:34,16.55,2.22,222
stress-ng --cpu 16 --cpu-load 32 --timeout 60s --quiet,16,5/14/2026,22:40:35,15.83,2.22,227
stress-ng --cpu 16 --cpu-load 32 --timeout 60s --quiet,16,5/14/2026,22:40:36,15.87,2.21,208
stress-ng --cpu 16 --cpu-load 32 --timeout 60s --quiet,16,5/14/2026,22:40:37,15.96,2.21,220
stress-ng --cpu 16 --cpu-load 32 --timeout 60s --quiet,16,5/14/2026,22:40:38,16.68,2.2,197
stress-ng --cpu 16 --cpu-load 32 --timeout 60s --quiet,16,5/14/2026,22:40:39,16.52,2.2,219
stress-ng --cpu 16 --cpu-load 32 --timeout 60s --quiet,16,5/14/2026,22:40:40,15.91,2.2,230
stress-ng --cpu 16 --cpu-load 32 --timeout 60s --quiet,16,5/14/2026,22:40:41,16.3,2.2,221
stress-ng --cpu 16 --cpu-load 32 --timeout 60s --quiet,16,5/14/2026,22:40:42,15.73,2.19,224
stress-ng --cpu 16 --cpu-load 32 --timeout 60s --quiet,16,5/14/2026,22:40:43,16.17,2.2,220
stress-ng --cpu 16 --cpu-load 32 --timeout 60s --quiet,16,5/14/2026,22:40:44,16.52,2.2,225
stress-ng --cpu 16 --cpu-load 32 --timeout 60s --quiet,16,5/14/2026,22:40:45,16.33,2.2,219
stress-ng --cpu 16 --cpu-load 32 --timeout 60s --quiet,16,5/14/2026,22:40:46,16.62,2.2,228
stress-ng --cpu 16 --cpu-load 32 --timeout 60s --quiet,16,5/14/2026,22:40:47,16.53,2.21,228
stress-ng --cpu 16 --cpu-load 32 --timeout 60s --quiet,16,5/14/2026,22:40:48,15.9,2.21,209
stress-ng --cpu 16 --cpu-load 32 --timeout 60s --quiet,16,5/14/2026,22:40:49,16.04,2.21,237
stress-ng --cpu 16 --cpu-load 32 --timeout 60s --quiet,16,5/14/2026,22:40:50,16,2.2,230
stress-ng --cpu 16 --cpu-load 32 --timeout 60s --quiet,16,5/14/2026,22:40:51,16.16,2.2,231
stress-ng --cpu 16 --cpu-load 32 --timeout 60s --quiet,16,5/14/2026,22:40:52,16.67,2.2,241
stress-ng --cpu 16 --cpu-load 32 --timeout 60s --quiet,16,5/14/2026,22:40:53,15.59,2.2,234.5
stress-ng --cpu 16 --cpu-load 32 --timeout 60s --quiet,16,5/14/2026,22:40:54,16.39,2.19,228
stress-ng --cpu 16 --cpu-load 32 --timeout 60s --quiet,16,5/14/2026,22:40:55,15.61,2.19,233
stress-ng --cpu 16 --cpu-load 32 --timeout 60s --quiet,16,5/14/2026,22:40:56,16.56,2.2,238
stress-ng --cpu 16 --cpu-load 32 --timeout 60s --quiet,16,5/14/2026,22:40:57,16.3,2.19,232
stress-ng --cpu 16 --cpu-load 32 --timeout 60s --quiet,16,5/14/2026,22:40:58,16.44,2.19,239
stress-ng --cpu 16 --cpu-load 32 --timeout 60s --quiet,16,5/14/2026,22:40:59,15.62,2.19,227
stress-ng --cpu 16 --cpu-load 32 --timeout 60s --quiet,16,5/14/2026,22:41:00,16.02,2.19,236
stress-ng --cpu 16 --cpu-load 32 --timeout 60s --quiet,16,5/14/2026,22:41:01,16.355,2.19,235
stress-ng --cpu 16 --cpu-load 32 --timeout 60s --quiet,16,5/14/2026,22:41:02,16.69,2.19,235
stress-ng --cpu 16 --cpu-load 32 --timeout 60s --quiet,16,5/14/2026,22:41:03,16.49,2.18,230
stress-ng --cpu 16 --cpu-load 32 --timeout 60s --quiet,16,5/14/2026,22:41:04,16.22,2.19,231
stress-ng --cpu 16 --cpu-load 32 --timeout 60s --quiet,16,5/14/2026,22:41:05,16.51,2.19,230
stress-ng --cpu 16 --cpu-load 32 --timeout 60s --quiet,16,5/14/2026,22:41:06,15.81,2.19,226
stress-ng --cpu 16 --cpu-load 32 --timeout 60s --quiet,16,5/14/2026,22:41:07,16.42,2.19,235
stress-ng --cpu 16 --cpu-load 32 --timeout 60s --quiet,16,5/14/2026,22:41:08,16.32,2.18,236
stress-ng --cpu 16 --cpu-load 32 --timeout 60s --quiet,16,5/14/2026,22:41:09,16.09,2.18,233
stress-ng --cpu 16 --cpu-load 32 --timeout 60s --quiet,16,5/14/2026,22:41:10,15.28,2.19,220
stress-ng --cpu 16 --cpu-load 32 --timeout 60s --quiet,16,5/14/2026,22:41:11,16.72,2.19,236
stress-ng --cpu 16 --cpu-load 32 --timeout 60s --quiet,16,5/14/2026,22:41:12,16.4,2.19,231
stress-ng --cpu 16 --cpu-load 32 --timeout 60s --quiet,16,5/14/2026,22:41:13,16.04,2.17,230
stress-ng --cpu 16 --cpu-load 32 --timeout 60s --quiet,16,5/14/2026,22:41:14,15.49,2.18,226
stress-ng --cpu 16 --cpu-load 32 --timeout 60s --quiet,16,5/14/2026,22:41:15,16.16,2.17,230
stress-ng --cpu 16 --cpu-load 32 --timeout 60s --quiet,16,5/14/2026,22:41:16,16.65,2.17,221
stress-ng --cpu 16 --cpu-load 32 --timeout 60s --quiet,16,5/14/2026,22:41:17,16.21,2.17,242
stress-ng --cpu 16 --cpu-load 32 --timeout 60s --quiet,16,5/14/2026,22:41:18,17.07,2.17,219
stress-ng --cpu 16 --cpu-load 32 --timeout 60s --quiet,16,5/14/2026,22:41:19,16.16,2.17,227
stress-ng --cpu 16 --cpu-load 32 --timeout 60s --quiet,16,5/14/2026,22:41:20,16.01,2.17,230
stress-ng --cpu 16 --cpu-load 32 --timeout 60s --quiet,16,5/14/2026,22:41:21,15.79,2.17,226
stress-ng --cpu 16 --cpu-load 32 --timeout 60s --quiet,16,5/14/2026,22:41:22,16.55,2.18,226
stress-ng --cpu 16 --cpu-load 32 --timeout 60s --quiet,16,5/14/2026,22:41:23,16.04,2.17,228
stress-ng --cpu 16 --cpu-load 32 --timeout 60s --quiet,16,5/14/2026,22:41:24,15.5,2.17,234
stress-ng --cpu 16 --cpu-load 32 --timeout 60s --quiet,16,5/14/2026,22:41:25,16.03,2.17,232
stress-ng --cpu 16 --cpu-load 32 --timeout 60s --quiet,16,5/14/2026,22:41:26,16.48,2.17,224
stress-ng --cpu 16 --cpu-load 32 --timeout 60s --quiet,16,5/14/2026,22:41:27,15.67,2.17,224
stress-ng --cpu 16 --cpu-load 32 --timeout 60s --quiet,16,5/15/2026,12:44:22,0.12,2.14,121
stress-ng --cpu 16 --cpu-load 32 --timeout 60s --quiet,16,5/15/2026,12:44:23,6.38,2.24,175
stress-ng --cpu 16 --cpu-load 32 --timeout 60s --quiet,16,5/15/2026,12:44:24,16.32,2.24,192
stress-ng --cpu 16 --cpu-load 32 --timeout 60s --quiet,16,5/15/2026,12:44:25,16.34,2.24,204
stress-ng --cpu 16 --cpu-load 32 --timeout 60s --quiet,16,5/15/2026,12:44:26,15.6,2.24,208
stress-ng --cpu 16 --cpu-load 32 --timeout 60s --quiet,16,5/15/2026,12:44:27,16.22,2.24,210.5
stress-ng --cpu 16 --cpu-load 32 --timeout 60s --quiet,16,5/15/2026,12:44:28,16.29,2.24,213
stress-ng --cpu 16 --cpu-load 32 --timeout 60s --quiet,16,5/15/2026,12:44:29,16.07,2.24,208
stress-ng --cpu 16 --cpu-load 32 --timeout 60s --quiet,16,5/15/2026,12:44:30,16.31,2.25,209
stress-ng --cpu 16 --cpu-load 32 --timeout 60s --quiet,16,5/15/2026,12:44:31,16.41,2.25,216
stress-ng --cpu 16 --cpu-load 32 --timeout 60s --quiet,16,5/15/2026,12:44:32,16.47,2.24,218
stress-ng --cpu 16 --cpu-load 32 --timeout 60s --quiet,16,5/15/2026,12:44:33,16.51,2.23,223
stress-ng --cpu 16 --cpu-load 32 --timeout 60s --quiet,16,5/15/2026,12:44:34,15.14,2.23,226
stress-ng --cpu 16 --cpu-load 32 --timeout 60s --quiet,16,5/15/2026,12:44:35,16.64,2.24,216
stress-ng --cpu 16 --cpu-load 32 --timeout 60s --quiet,16,5/15/2026,12:44:36,16.05,2.23,204
stress-ng --cpu 16 --cpu-load 32 --timeout 60s --quiet,16,5/15/2026,12:44:37,16.13,2.22,211
stress-ng --cpu 16 --cpu-load 32 --timeout 60s --quiet,16,5/15/2026,12:44:38,15.96,2.22,219
stress-ng --cpu 16 --cpu-load 32 --timeout 60s --quiet,16,5/15/2026,12:44:39,16.89,2.22,205
stress-ng --cpu 16 --cpu-load 32 --timeout 60s --quiet,16,5/15/2026,12:44:40,16.83,2.22,225
stress-ng --cpu 16 --cpu-load 32 --timeout 60s --quiet,16,5/15/2026,12:44:41,16.11,2.22,211
stress-ng --cpu 16 --cpu-load 32 --timeout 60s --quiet,16,5/15/2026,12:44:42,15.42,2.21,220
stress-ng --cpu 16 --cpu-load 32 --timeout 60s --quiet,16,5/15/2026,12:44:43,16.45,2.21,229
stress-ng --cpu 16 --cpu-load 32 --timeout 60s --quiet,16,5/15/2026,12:44:44,15.89,2.21,210
stress-ng --cpu 16 --cpu-load 32 --timeout 60s --quiet,16,5/15/2026,12:44:45,17.23,2.21,212
stress-ng --cpu 16 --cpu-load 32 --timeout 60s --quiet,16,5/15/2026,12:44:46,16.65,2.2,217
stress-ng --cpu 16 --cpu-load 32 --timeout 60s --quiet,16,5/15/2026,12:44:47,16.09,2.2,225
stress-ng --cpu 16 --cpu-load 32 --timeout 60s --quiet,16,5/15/2026,12:44:48,16.46,2.2,225
stress-ng --cpu 16 --cpu-load 32 --timeout 60s --quiet,16,5/15/2026,12:44:49,16.1,2.19,222
stress-ng --cpu 16 --cpu-load 32 --timeout 60s --quiet,16,5/15/2026,12:44:50,15.86,2.19,230
stress-ng --cpu 16 --cpu-load 32 --timeout 60s --quiet,16,5/15/2026,12:44:51,16.72,2.18,206
stress-ng --cpu 16 --cpu-load 32 --timeout 60s --quiet,16,5/15/2026,12:44:52,16.13,2.18,217
stress-ng --cpu 16 --cpu-load 32 --timeout 60s --quiet,16,5/15/2026,12:44:53,15.98,2.18,228
stress-ng --cpu 16 --cpu-load 32 --timeout 60s --quiet,16,5/15/2026,12:44:54,16.09,2.17,228
stress-ng --cpu 16 --cpu-load 32 --timeout 60s --quiet,16,5/15/2026,12:44:55,16.04,2.18,223
stress-ng --cpu 16 --cpu-load 32 --timeout 60s --quiet,16,5/15/2026,12:44:56,16.57,2.18,228
stress-ng --cpu 16 --cpu-load 32 --timeout 60s --quiet,16,5/15/2026,12:44:57,15.64,2.18,226
stress-ng --cpu 16 --cpu-load 32 --timeout 60s --quiet,16,5/15/2026,12:44:58,16.3,2.17,222.5
stress-ng --cpu 16 --cpu-load 32 --timeout 60s --quiet,16,5/15/2026,12:44:59,16.74,2.17,219
stress-ng --cpu 16 --cpu-load 32 --timeout 60s --quiet,16,5/15/2026,12:45:00,15.9,2.17,219
stress-ng --cpu 16 --cpu-load 32 --timeout 60s --quiet,16,5/15/2026,12:45:01,15.92,2.18,224
stress-ng --cpu 16 --cpu-load 32 --timeout 60s --quiet,16,5/15/2026,12:45:02,16.9,2.17,216
stress-ng --cpu 16 --cpu-load 32 --timeout 60s --quiet,16,5/15/2026,12:45:03,16.96,2.17,217
stress-ng --cpu 16 --cpu-load 32 --timeout 60s --quiet,16,5/15/2026,12:45:04,15.69,2.17,225
stress-ng --cpu 16 --cpu-load 32 --timeout 60s --quiet,16,5/15/2026,12:45:05,15.67,2.17,229
stress-ng --cpu 16 --cpu-load 32 --timeout 60s --quiet,16,5/15/2026,12:45:06,16.74,2.18,225
stress-ng --cpu 16 --cpu-load 32 --timeout 60s --quiet,16,5/15/2026,12:45:07,16.47,2.18,204
stress-ng --cpu 16 --cpu-load 32 --timeout 60s --quiet,16,5/15/2026,12:45:08,16.31,2.18,224
stress-ng --cpu 16 --cpu-load 32 --timeout 60s --quiet,16,5/15/2026,12:45:09,16.04,2.18,235
stress-ng --cpu 16 --cpu-load 32 --timeout 60s --quiet,16,5/15/2026,12:45:10,16.25,2.18,234
stress-ng --cpu 16 --cpu-load 32 --timeout 60s --quiet,16,5/15/2026,12:45:11,16.27,2.18,229
stress-ng --cpu 16 --cpu-load 32 --timeout 60s --quiet,16,5/15/2026,12:45:12,16.29,2.18,225
stress-ng --cpu 16 --cpu-load 32 --timeout 60s --quiet,16,5/15/2026,12:45:13,16.94,2.18,220
stress-ng --cpu 16 --cpu-load 32 --timeout 60s --quiet,16,5/15/2026,12:45:14,16.18,2.18,236
stress-ng --cpu 16 --cpu-load 32 --timeout 60s --quiet,16,5/15/2026,12:45:15,16.14,2.19,227
stress-ng --cpu 16 --cpu-load 32 --timeout 60s --quiet,16,5/15/2026,12:45:16,15.36,2.19,212
stress-ng --cpu 16 --cpu-load 32 --timeout 60s --quiet,16,5/15/2026,12:45:17,16.1,2.19,224
stress-ng --cpu 16 --cpu-load 32 --timeout 60s --quiet,16,5/15/2026,12:45:18,16.93,2.19,211
stress-ng --cpu 16 --cpu-load 32 --timeout 60s --quiet,16,5/15/2026,12:45:19,16.11,2.19,225
stress-ng --cpu 16 --cpu-load 32 --timeout 60s --quiet,16,5/15/2026,12:45:20,16.61,2.19,235
stress-ng --cpu 16 --cpu-load 32 --timeout 60s --quiet,16,5/15/2026,12:45:21,15.34,2.19,217
stress-ng --cpu 16 --cpu-load 32 --timeout 60s --quiet,16,5/15/2026,12:45:22,16.68,2.19,224
stress-ng --cpu 16 --cpu-load 32 --timeout 60s --quiet,16,5/15/2026,12:45:23,13.7,2.12,231
stress-ng --cpu 16 --cpu-load 32 --timeout 60s --quiet,16,5/15/2026,22:15:42,6.56,2.27,126
stress-ng --cpu 16 --cpu-load 32 --timeout 60s --quiet,16,5/15/2026,22:15:43,16.19,2.28,191
stress-ng --cpu 16 --cpu-load 32 --timeout 60s --quiet,16,5/15/2026,22:15:44,16.03,2.28,200.5
stress-ng --cpu 16 --cpu-load 32 --timeout 60s --quiet,16,5/15/2026,22:15:45,15.1,2.28,210
stress-ng --cpu 16 --cpu-load 32 --timeout 60s --quiet,16,5/15/2026,22:15:46,16.98,2.28,222
stress-ng --cpu 16 --cpu-load 32 --timeout 60s --quiet,16,5/15/2026,22:15:47,16,2.28,229
stress-ng --cpu 16 --cpu-load 32 --timeout 60s --quiet,16,5/15/2026,22:15:48,15.73,2.28,222
stress-ng --cpu 16 --cpu-load 32 --timeout 60s --quiet,16,5/15/2026,22:15:49,16.38,2.28,237
stress-ng --cpu 16 --cpu-load 32 --timeout 60s --quiet,16,5/15/2026,22:15:50,16.09,2.25,224
stress-ng --cpu 16 --cpu-load 32 --timeout 60s --quiet,16,5/15/2026,22:15:51,15.94,2.24,229
stress-ng --cpu 16 --cpu-load 32 --timeout 60s --quiet,16,5/15/2026,22:15:52,15.86,2.24,220
stress-ng --cpu 16 --cpu-load 32 --timeout 60s --quiet,16,5/15/2026,22:15:53,17.65,2.23,201
stress-ng --cpu 16 --cpu-load 32 --timeout 60s --quiet,16,5/15/2026,22:15:54,15.85,2.23,215
stress-ng --cpu 16 --cpu-load 32 --timeout 60s --quiet,16,5/15/2026,22:15:55,15.51,2.23,208
stress-ng --cpu 16 --cpu-load 32 --timeout 60s --quiet,16,5/15/2026,22:15:56,16.99,2.23,212
stress-ng --cpu 16 --cpu-load 32 --timeout 60s --quiet,16,5/15/2026,22:15:57,16.11,2.22,233
stress-ng --cpu 16 --cpu-load 32 --timeout 60s --quiet,16,5/15/2026,22:15:58,16.65,2.23,217
stress-ng --cpu 16 --cpu-load 32 --timeout 60s --quiet,16,5/15/2026,22:15:59,16.87,2.23,210
stress-ng --cpu 16 --cpu-load 32 --timeout 60s --quiet,16,5/15/2026,22:16:00,15.18,2.23,193
stress-ng --cpu 16 --cpu-load 32 --timeout 60s --quiet,16,5/15/2026,22:16:01,15.62,2.22,218
stress-ng --cpu 16 --cpu-load 32 --timeout 60s --quiet,16,5/15/2026,22:16:02,16.86,2.22,225
stress-ng --cpu 16 --cpu-load 32 --timeout 60s --quiet,16,5/15/2026,22:16:03,16.21,2.22,219
stress-ng --cpu 16 --cpu-load 32 --timeout 60s --quiet,16,5/15/2026,22:16:04,16.22,2.23,223
stress-ng --cpu 16 --cpu-load 32 --timeout 60s --quiet,16,5/15/2026,22:16:05,16.43,2.22,222
stress-ng --cpu 16 --cpu-load 32 --timeout 60s --quiet,16,5/15/2026,22:16:06,16.04,2.22,226
stress-ng --cpu 16 --cpu-load 32 --timeout 60s --quiet,16,5/15/2026,22:16:07,15.55,2.22,230
stress-ng --cpu 16 --cpu-load 32 --timeout 60s --quiet,16,5/15/2026,22:16:08,16.04,2.22,216
stress-ng --cpu 16 --cpu-load 32 --timeout 60s --quiet,16,5/15/2026,22:16:09,16.55,2.22,219
stress-ng --cpu 16 --cpu-load 32 --timeout 60s --quiet,16,5/15/2026,22:16:10,15.09,2.22,211
stress-ng --cpu 16 --cpu-load 32 --timeout 60s --quiet,16,5/15/2026,22:16:11,16.13,2.22,220
stress-ng --cpu 16 --cpu-load 32 --timeout 60s --quiet,16,5/15/2026,22:16:12,16.37,2.22,216
stress-ng --cpu 16 --cpu-load 32 --timeout 60s --quiet,16,5/15/2026,22:16:13,16.63,2.23,230
stress-ng --cpu 16 --cpu-load 32 --timeout 60s --quiet,16,5/15/2026,22:16:14,16.53,2.22,221
stress-ng --cpu 16 --cpu-load 32 --timeout 60s --quiet,16,5/15/2026,22:16:15,16.03,2.22,226
stress-ng --cpu 16 --cpu-load 32 --timeout 60s --quiet,16,5/15/2026,22:16:16,16.14,2.22,229
stress-ng --cpu 16 --cpu-load 32 --timeout 60s --quiet,16,5/15/2026,22:16:17,16.25,2.22,229
stress-ng --cpu 16 --cpu-load 32 --timeout 60s --quiet,16,5/15/2026,22:16:18,16.31,2.22,230
stress-ng --cpu 16 --cpu-load 32 --timeout 60s --quiet,16,5/15/2026,22:16:19,16.33,2.22,227
stress-ng --cpu 16 --cpu-load 32 --timeout 60s --quiet,16,5/15/2026,22:16:20,15.7,2.22,221
stress-ng --cpu 16 --cpu-load 32 --timeout 60s --quiet,16,5/15/2026,22:16:21,15.89,2.22,231
stress-ng --cpu 16 --cpu-load 32 --timeout 60s --quiet,16,5/15/2026,22:16:22,16.43,2.22,237
stress-ng --cpu 16 --cpu-load 32 --timeout 60s --quiet,16,5/15/2026,22:16:23,16.39,2.22,230
stress-ng --cpu 16 --cpu-load 32 --timeout 60s --quiet,16,5/15/2026,22:16:24,15.95,2.22,230
stress-ng --cpu 16 --cpu-load 32 --timeout 60s --quiet,16,5/15/2026,22:16:25,16.7,2.22,230
stress-ng --cpu 16 --cpu-load 32 --timeout 60s --quiet,16,5/15/2026,22:16:26,15.92,2.21,235
stress-ng --cpu 16 --cpu-load 32 --timeout 60s --quiet,16,5/15/2026,22:16:27,16.47,2.21,237
stress-ng --cpu 16 --cpu-load 32 --timeout 60s --quiet,16,5/15/2026,22:16:28,16.05,2.22,232
stress-ng --cpu 16 --cpu-load 32 --timeout 60s --quiet,16,5/15/2026,22:16:29,15.91,2.22,227
stress-ng --cpu 16 --cpu-load 32 --timeout 60s --quiet,16,5/15/2026,22:16:30,16.24,2.22,221
stress-ng --cpu 16 --cpu-load 32 --timeout 60s --quiet,16,5/15/2026,22:16:31,16.49,2.21,225
stress-ng --cpu 16 --cpu-load 32 --timeout 60s --quiet,16,5/15/2026,22:16:32,16.53,2.21,230
stress-ng --cpu 16 --cpu-load 32 --timeout 60s --quiet,16,5/15/2026,22:16:33,15.94,2.22,227
stress-ng --cpu 16 --cpu-load 32 --timeout 60s --quiet,16,5/15/2026,22:16:34,16.66,2.21,233
stress-ng --cpu 16 --cpu-load 32 --timeout 60s --quiet,16,5/15/2026,22:16:35,16.19,2.21,232
stress-ng --cpu 16 --cpu-load 32 --timeout 60s --quiet,16,5/15/2026,22:16:36,15.75,2.22,233
stress-ng --cpu 16 --cpu-load 32 --timeout 60s --quiet,16,5/15/2026,22:16:37,16.3,2.21,244
stress-ng --cpu 16 --cpu-load 32 --timeout 60s --quiet,16,5/15/2026,22:16:38,16.54,2.22,231
stress-ng --cpu 16 --cpu-load 32 --timeout 60s --quiet,16,5/15/2026,22:16:39,15.55,2.22,235
stress-ng --cpu 16 --cpu-load 32 --timeout 60s --quiet,16,5/15/2026,22:16:40,16.16,2.22,231
stress-ng --cpu 16 --cpu-load 32 --timeout 60s --quiet,16,5/15/2026,22:16:41,16.23,2.22,236
stress-ng --cpu 16 --cpu-load 32 --timeout 60s --quiet,16,5/15/2026,22:16:42,13.58,2.2,229
stress-ng --cpu 16 --cpu-load 34 --timeout 60s --quiet,17,5/14/2026,22:56:29,0.18,2.13,138
stress-ng --cpu 16 --cpu-load 34 --timeout 60s --quiet,17,5/14/2026,22:56:30,6.4,2.24,120
stress-ng --cpu 16 --cpu-load 34 --timeout 60s --quiet,17,5/14/2026,22:56:31,16.13,2.24,185
stress-ng --cpu 16 --cpu-load 34 --timeout 60s --quiet,17,5/14/2026,22:56:32,16.39,2.24,185
stress-ng --cpu 16 --cpu-load 34 --timeout 60s --quiet,17,5/14/2026,22:56:33,16.2,2.24,207
stress-ng --cpu 16 --cpu-load 34 --timeout 60s --quiet,17,5/14/2026,22:56:34,18.4,2.24,222
stress-ng --cpu 16 --cpu-load 34 --timeout 60s --quiet,17,5/14/2026,22:56:35,17.47,2.24,220
stress-ng --cpu 16 --cpu-load 34 --timeout 60s --quiet,17,5/14/2026,22:56:36,16.62,2.24,220.5
stress-ng --cpu 16 --cpu-load 34 --timeout 60s --quiet,17,5/14/2026,22:56:37,17.37,2.23,221
stress-ng --cpu 16 --cpu-load 34 --timeout 60s --quiet,17,5/14/2026,22:56:38,17.11,2.22,225
stress-ng --cpu 16 --cpu-load 34 --timeout 60s --quiet,17,5/14/2026,22:56:39,17.42,2.22,222
stress-ng --cpu 16 --cpu-load 34 --timeout 60s --quiet,17,5/14/2026,22:56:40,17.14,2.22,224
stress-ng --cpu 16 --cpu-load 34 --timeout 60s --quiet,17,5/14/2026,22:56:41,18.13,2.22,222
stress-ng --cpu 16 --cpu-load 34 --timeout 60s --quiet,17,5/14/2026,22:56:42,16.84,2.22,230
stress-ng --cpu 16 --cpu-load 34 --timeout 60s --quiet,17,5/14/2026,22:56:43,16.24,2.22,233
stress-ng --cpu 16 --cpu-load 34 --timeout 60s --quiet,17,5/14/2026,22:56:44,17.63,2.22,232.5
stress-ng --cpu 16 --cpu-load 34 --timeout 60s --quiet,17,5/14/2026,22:56:45,17.01,2.22,232
stress-ng --cpu 16 --cpu-load 34 --timeout 60s --quiet,17,5/14/2026,22:56:46,17.48,2.22,230
stress-ng --cpu 16 --cpu-load 34 --timeout 60s --quiet,17,5/14/2026,22:56:47,17.19,2.22,237
stress-ng --cpu 16 --cpu-load 34 --timeout 60s --quiet,17,5/14/2026,22:56:48,17.03,2.22,236
stress-ng --cpu 16 --cpu-load 34 --timeout 60s --quiet,17,5/14/2026,22:56:49,17.33,2.22,238
stress-ng --cpu 16 --cpu-load 34 --timeout 60s --quiet,17,5/14/2026,22:56:50,17,2.22,226
stress-ng --cpu 16 --cpu-load 34 --timeout 60s --quiet,17,5/14/2026,22:56:51,17.13,2.22,233
stress-ng --cpu 16 --cpu-load 34 --timeout 60s --quiet,17,5/14/2026,22:56:52,16.76,2.21,243
stress-ng --cpu 16 --cpu-load 34 --timeout 60s --quiet,17,5/14/2026,22:56:53,16.86,2.21,230
stress-ng --cpu 16 --cpu-load 34 --timeout 60s --quiet,17,5/14/2026,22:56:54,18.92,2.2,225
stress-ng --cpu 16 --cpu-load 34 --timeout 60s --quiet,17,5/14/2026,22:56:55,16.36,2.2,206
stress-ng --cpu 16 --cpu-load 34 --timeout 60s --quiet,17,5/14/2026,22:56:56,16.89,2.19,219
stress-ng --cpu 16 --cpu-load 34 --timeout 60s --quiet,17,5/14/2026,22:56:57,16.96,2.19,235
stress-ng --cpu 16 --cpu-load 34 --timeout 60s --quiet,17,5/14/2026,22:56:58,17.21,2.19,232
stress-ng --cpu 16 --cpu-load 34 --timeout 60s --quiet,17,5/14/2026,22:56:59,17.75,2.19,226
stress-ng --cpu 16 --cpu-load 34 --timeout 60s --quiet,17,5/14/2026,22:57:00,17.23,2.19,225
stress-ng --cpu 16 --cpu-load 34 --timeout 60s --quiet,17,5/14/2026,22:57:01,17.19,2.19,226.5
stress-ng --cpu 16 --cpu-load 34 --timeout 60s --quiet,17,5/14/2026,22:57:02,16.07,2.19,228
stress-ng --cpu 16 --cpu-load 34 --timeout 60s --quiet,17,5/14/2026,22:57:03,18.19,2.18,223
stress-ng --cpu 16 --cpu-load 34 --timeout 60s --quiet,17,5/14/2026,22:57:04,17.5,2.18,211
stress-ng --cpu 16 --cpu-load 34 --timeout 60s --quiet,17,5/14/2026,22:57:05,16.52,2.18,231
stress-ng --cpu 16 --cpu-load 34 --timeout 60s --quiet,17,5/14/2026,22:57:06,16.5,2.18,229
stress-ng --cpu 16 --cpu-load 34 --timeout 60s --quiet,17,5/14/2026,22:57:07,18.01,2.18,226
stress-ng --cpu 16 --cpu-load 34 --timeout 60s --quiet,17,5/14/2026,22:57:08,17.58,2.18,232
stress-ng --cpu 16 --cpu-load 34 --timeout 60s --quiet,17,5/14/2026,22:57:09,17.03,2.17,230
stress-ng --cpu 16 --cpu-load 34 --timeout 60s --quiet,17,5/14/2026,22:57:10,16.4,2.18,232
stress-ng --cpu 16 --cpu-load 34 --timeout 60s --quiet,17,5/14/2026,22:57:11,16.99,2.18,234
stress-ng --cpu 16 --cpu-load 34 --timeout 60s --quiet,17,5/14/2026,22:57:12,18.06,2.18,225
stress-ng --cpu 16 --cpu-load 34 --timeout 60s --quiet,17,5/14/2026,22:57:13,17.45,2.18,223
stress-ng --cpu 16 --cpu-load 34 --timeout 60s --quiet,17,5/14/2026,22:57:14,16.81,2.18,232
stress-ng --cpu 16 --cpu-load 34 --timeout 60s --quiet,17,5/14/2026,22:57:15,16.94,2.18,225
stress-ng --cpu 16 --cpu-load 34 --timeout 60s --quiet,17,5/14/2026,22:57:16,17.09,2.18,235
stress-ng --cpu 16 --cpu-load 34 --timeout 60s --quiet,17,5/14/2026,22:57:17,17.96,2.18,239
stress-ng --cpu 16 --cpu-load 34 --timeout 60s --quiet,17,5/14/2026,22:57:18,16.3,2.19,233
stress-ng --cpu 16 --cpu-load 34 --timeout 60s --quiet,17,5/14/2026,22:57:19,17.52,2.19,229
stress-ng --cpu 16 --cpu-load 34 --timeout 60s --quiet,17,5/14/2026,22:57:20,16.74,2.19,240
stress-ng --cpu 16 --cpu-load 34 --timeout 60s --quiet,17,5/14/2026,22:57:21,18.13,2.19,236
stress-ng --cpu 16 --cpu-load 34 --timeout 60s --quiet,17,5/14/2026,22:57:22,17.515,2.19,233
stress-ng --cpu 16 --cpu-load 34 --timeout 60s --quiet,17,5/14/2026,22:57:23,16.9,2.19,239
stress-ng --cpu 16 --cpu-load 34 --timeout 60s --quiet,17,5/14/2026,22:57:24,16.85,2.18,236
stress-ng --cpu 16 --cpu-load 34 --timeout 60s --quiet,17,5/14/2026,22:57:25,16.86,2.18,238
stress-ng --cpu 16 --cpu-load 34 --timeout 60s --quiet,17,5/14/2026,22:57:26,17.62,2.17,233
stress-ng --cpu 16 --cpu-load 34 --timeout 60s --quiet,17,5/14/2026,22:57:27,16.99,2.17,231
stress-ng --cpu 16 --cpu-load 34 --timeout 60s --quiet,17,5/14/2026,22:57:28,17.68,2.17,236
stress-ng --cpu 16 --cpu-load 34 --timeout 60s --quiet,17,5/14/2026,22:57:29,16.89,2.17,232
stress-ng --cpu 16 --cpu-load 34 --timeout 60s --quiet,17,5/14/2026,22:57:30,15.25,2.14,220
stress-ng --cpu 16 --cpu-load 34 --timeout 60s --quiet,17,5/15/2026,10:24:02,11.83,2.22,121
stress-ng --cpu 16 --cpu-load 34 --timeout 60s --quiet,17,5/15/2026,10:24:03,17.42,2.22,134
stress-ng --cpu 16 --cpu-load 34 --timeout 60s --quiet,17,5/15/2026,10:24:04,18.47,2.22,191
stress-ng --cpu 16 --cpu-load 34 --timeout 60s --quiet,17,5/15/2026,10:24:05,17.08,2.22,207
stress-ng --cpu 16 --cpu-load 34 --timeout 60s --quiet,17,5/15/2026,10:24:06,17.08,2.22,232
stress-ng --cpu 16 --cpu-load 34 --timeout 60s --quiet,17,5/15/2026,10:24:07,17.16,2.215,224
stress-ng --cpu 16 --cpu-load 34 --timeout 60s --quiet,17,5/15/2026,10:24:08,17.24,2.21,234
stress-ng --cpu 16 --cpu-load 34 --timeout 60s --quiet,17,5/15/2026,10:24:09,17.43,2.21,226
stress-ng --cpu 16 --cpu-load 34 --timeout 60s --quiet,17,5/15/2026,10:24:10,16.48,2.21,224
stress-ng --cpu 16 --cpu-load 34 --timeout 60s --quiet,17,5/15/2026,10:24:11,16.8,2.21,230
stress-ng --cpu 16 --cpu-load 34 --timeout 60s --quiet,17,5/15/2026,10:24:12,17.07,2.21,214
stress-ng --cpu 16 --cpu-load 34 --timeout 60s --quiet,17,5/15/2026,10:24:13,18.63,2.21,217
stress-ng --cpu 16 --cpu-load 34 --timeout 60s --quiet,17,5/15/2026,10:24:14,16.95,2.2,225
stress-ng --cpu 16 --cpu-load 34 --timeout 60s --quiet,17,5/15/2026,10:24:15,16.72,2.2,227
stress-ng --cpu 16 --cpu-load 34 --timeout 60s --quiet,17,5/15/2026,10:24:16,17.05,2.2,228
stress-ng --cpu 16 --cpu-load 34 --timeout 60s --quiet,17,5/15/2026,10:24:17,17.3,2.2,236
stress-ng --cpu 16 --cpu-load 34 --timeout 60s --quiet,17,5/15/2026,10:24:18,17.5,2.2,235
stress-ng --cpu 16 --cpu-load 34 --timeout 60s --quiet,17,5/15/2026,10:24:19,17.14,2.2,235
stress-ng --cpu 16 --cpu-load 34 --timeout 60s --quiet,17,5/15/2026,10:24:20,17.67,2.2,234
stress-ng --cpu 16 --cpu-load 34 --timeout 60s --quiet,17,5/15/2026,10:24:21,16,2.2,219
stress-ng --cpu 16 --cpu-load 34 --timeout 60s --quiet,17,5/15/2026,10:24:22,16.96,2.2,226
stress-ng --cpu 16 --cpu-load 34 --timeout 60s --quiet,17,5/15/2026,10:24:23,17.43,2.2,227
stress-ng --cpu 16 --cpu-load 34 --timeout 60s --quiet,17,5/15/2026,10:24:24,18.87,2.2,228
stress-ng --cpu 16 --cpu-load 34 --timeout 60s --quiet,17,5/15/2026,10:24:25,16.28,2.2,208
stress-ng --cpu 16 --cpu-load 34 --timeout 60s --quiet,17,5/15/2026,10:24:26,16.53,2.2,232
stress-ng --cpu 16 --cpu-load 34 --timeout 60s --quiet,17,5/15/2026,10:24:27,17.59,2.2,229.5
stress-ng --cpu 16 --cpu-load 34 --timeout 60s --quiet,17,5/15/2026,10:24:28,17.26,2.2,227
stress-ng --cpu 16 --cpu-load 34 --timeout 60s --quiet,17,5/15/2026,10:24:29,16.78,2.2,230
stress-ng --cpu 16 --cpu-load 34 --timeout 60s --quiet,17,5/15/2026,10:24:30,17.3,2.2,235
stress-ng --cpu 16 --cpu-load 34 --timeout 60s --quiet,17,5/15/2026,10:24:31,17.36,2.21,240
stress-ng --cpu 16 --cpu-load 34 --timeout 60s --quiet,17,5/15/2026,10:24:32,17.32,2.2,236
stress-ng --cpu 16 --cpu-load 34 --timeout 60s --quiet,17,5/15/2026,10:24:33,17.39,2.2,232
stress-ng --cpu 16 --cpu-load 34 --timeout 60s --quiet,17,5/15/2026,10:24:34,17.08,2.2,238
stress-ng --cpu 16 --cpu-load 34 --timeout 60s --quiet,17,5/15/2026,10:24:35,16.36,2.2,230
stress-ng --cpu 16 --cpu-load 34 --timeout 60s --quiet,17,5/15/2026,10:24:36,17.29,2.21,212
stress-ng --cpu 16 --cpu-load 34 --timeout 60s --quiet,17,5/15/2026,10:24:37,17.24,2.21,247
stress-ng --cpu 16 --cpu-load 34 --timeout 60s --quiet,17,5/15/2026,10:24:38,17.16,2.21,241
stress-ng --cpu 16 --cpu-load 34 --timeout 60s --quiet,17,5/15/2026,10:24:39,18.25,2.21,223
stress-ng --cpu 16 --cpu-load 34 --timeout 60s --quiet,17,5/15/2026,10:24:40,17.08,2.21,231
stress-ng --cpu 16 --cpu-load 34 --timeout 60s --quiet,17,5/15/2026,10:24:41,17.1,2.21,239
stress-ng --cpu 16 --cpu-load 34 --timeout 60s --quiet,17,5/15/2026,10:24:42,17.45,2.22,239
stress-ng --cpu 16 --cpu-load 34 --timeout 60s --quiet,17,5/15/2026,10:24:43,17.11,2.22,242
stress-ng --cpu 16 --cpu-load 34 --timeout 60s --quiet,17,5/15/2026,10:24:44,16.86,2.2,244
stress-ng --cpu 16 --cpu-load 34 --timeout 60s --quiet,17,5/15/2026,10:24:45,17.89,2.2,227
stress-ng --cpu 16 --cpu-load 34 --timeout 60s --quiet,17,5/15/2026,10:24:46,16.95,2.2,239
stress-ng --cpu 16 --cpu-load 34 --timeout 60s --quiet,17,5/15/2026,10:24:47,16.46,2.19,234
stress-ng --cpu 16 --cpu-load 34 --timeout 60s --quiet,17,5/15/2026,10:24:48,18.11,2.19,233
stress-ng --cpu 16 --cpu-load 34 --timeout 60s --quiet,17,5/15/2026,10:24:49,16.65,2.19,241
stress-ng --cpu 16 --cpu-load 34 --timeout 60s --quiet,17,5/15/2026,10:24:50,17.21,2.19,238
stress-ng --cpu 16 --cpu-load 34 --timeout 60s --quiet,17,5/15/2026,10:24:51,16.84,2.19,235
stress-ng --cpu 16 --cpu-load 34 --timeout 60s --quiet,17,5/15/2026,10:24:52,17.12,2.19,239
stress-ng --cpu 16 --cpu-load 34 --timeout 60s --quiet,17,5/15/2026,10:24:53,17.54,2.19,236
stress-ng --cpu 16 --cpu-load 34 --timeout 60s --quiet,17,5/15/2026,10:24:54,17.04,2.19,234
stress-ng --cpu 16 --cpu-load 34 --timeout 60s --quiet,17,5/15/2026,10:24:55,17.45,2.19,231
stress-ng --cpu 16 --cpu-load 34 --timeout 60s --quiet,17,5/15/2026,10:24:56,16.82,2.2,233
stress-ng --cpu 16 --cpu-load 34 --timeout 60s --quiet,17,5/15/2026,10:24:57,16.93,2.19,244
stress-ng --cpu 16 --cpu-load 34 --timeout 60s --quiet,17,5/15/2026,10:24:58,17.67,2.2,224
stress-ng --cpu 16 --cpu-load 34 --timeout 60s --quiet,17,5/15/2026,10:24:59,16.86,2.2,228
stress-ng --cpu 16 --cpu-load 34 --timeout 60s --quiet,17,5/15/2026,10:25:00,17.12,2.2,232
stress-ng --cpu 16 --cpu-load 34 --timeout 60s --quiet,17,5/15/2026,10:25:01,17.67,2.2,242
stress-ng --cpu 16 --cpu-load 34 --timeout 60s --quiet,17,5/15/2026,10:25:02,8.48,2.16,244
stress-ng --cpu 16 --cpu-load 34 --timeout 60s --quiet,17,5/15/2026,16:26:53,0.22,2.12,123
stress-ng --cpu 16 --cpu-load 34 --timeout 60s --quiet,17,5/15/2026,16:26:54,16.85,2.23,113
stress-ng --cpu 16 --cpu-load 34 --timeout 60s --quiet,17,5/15/2026,16:26:55,16.74,2.23,194
stress-ng --cpu 16 --cpu-load 34 --timeout 60s --quiet,17,5/15/2026,16:26:56,16.79,2.23,204
stress-ng --cpu 16 --cpu-load 34 --timeout 60s --quiet,17,5/15/2026,16:26:57,17.92,2.23,216
stress-ng --cpu 16 --cpu-load 34 --timeout 60s --quiet,17,5/15/2026,16:26:58,17.54,2.24,220
stress-ng --cpu 16 --cpu-load 34 --timeout 60s --quiet,17,5/15/2026,16:26:59,16.87,2.24,214
stress-ng --cpu 16 --cpu-load 34 --timeout 60s --quiet,17,5/15/2026,16:27:00,17.23,2.24,231
stress-ng --cpu 16 --cpu-load 34 --timeout 60s --quiet,17,5/15/2026,16:27:01,16.75,2.23,236
stress-ng --cpu 16 --cpu-load 34 --timeout 60s --quiet,17,5/15/2026,16:27:02,17.82,2.23,233
stress-ng --cpu 16 --cpu-load 34 --timeout 60s --quiet,17,5/15/2026,16:27:03,17.24,2.23,231
stress-ng --cpu 16 --cpu-load 34 --timeout 60s --quiet,17,5/15/2026,16:27:04,17.29,2.22,235
stress-ng --cpu 16 --cpu-load 34 --timeout 60s --quiet,17,5/15/2026,16:27:05,16.59,2.22,230
stress-ng --cpu 16 --cpu-load 34 --timeout 60s --quiet,17,5/15/2026,16:27:06,16.25,2.22,240
stress-ng --cpu 16 --cpu-load 34 --timeout 60s --quiet,17,5/15/2026,16:27:07,18.09,2.21,232
stress-ng --cpu 16 --cpu-load 34 --timeout 60s --quiet,17,5/15/2026,16:27:08,17.2,2.21,224
stress-ng --cpu 16 --cpu-load 34 --timeout 60s --quiet,17,5/15/2026,16:27:09,17.43,2.21,229
stress-ng --cpu 16 --cpu-load 34 --timeout 60s --quiet,17,5/15/2026,16:27:10,17.21,2.22,233
stress-ng --cpu 16 --cpu-load 34 --timeout 60s --quiet,17,5/15/2026,16:27:11,17.21,2.22,233
stress-ng --cpu 16 --cpu-load 34 --timeout 60s --quiet,17,5/15/2026,16:27:12,16.92,2.22,227.5
stress-ng --cpu 16 --cpu-load 34 --timeout 60s --quiet,17,5/15/2026,16:27:13,17.09,2.2,222
stress-ng --cpu 16 --cpu-load 34 --timeout 60s --quiet,17,5/15/2026,16:27:14,17.16,2.21,232
stress-ng --cpu 16 --cpu-load 34 --timeout 60s --quiet,17,5/15/2026,16:27:15,17.32,2.2,234
stress-ng --cpu 16 --cpu-load 34 --timeout 60s --quiet,17,5/15/2026,16:27:16,17.26,2.21,240
stress-ng --cpu 16 --cpu-load 34 --timeout 60s --quiet,17,5/15/2026,16:27:17,17.75,2.21,230
stress-ng --cpu 16 --cpu-load 34 --timeout 60s --quiet,17,5/15/2026,16:27:18,16.59,2.2,223
stress-ng --cpu 16 --cpu-load 34 --timeout 60s --quiet,17,5/15/2026,16:27:19,16.89,2.2,215
stress-ng --cpu 16 --cpu-load 34 --timeout 60s --quiet,17,5/15/2026,16:27:20,17.24,2.2,226
stress-ng --cpu 16 --cpu-load 34 --timeout 60s --quiet,17,5/15/2026,16:27:21,17.87,2.2,231
stress-ng --cpu 16 --cpu-load 34 --timeout 60s --quiet,17,5/15/2026,16:27:22,17.315,2.2,228
stress-ng --cpu 16 --cpu-load 34 --timeout 60s --quiet,17,5/15/2026,16:27:23,16.76,2.2,232
stress-ng --cpu 16 --cpu-load 34 --timeout 60s --quiet,17,5/15/2026,16:27:24,16.97,2.2,233
stress-ng --cpu 16 --cpu-load 34 --timeout 60s --quiet,17,5/15/2026,16:27:25,16.49,2.2,217
stress-ng --cpu 16 --cpu-load 34 --timeout 60s --quiet,17,5/15/2026,16:27:26,18.69,2.2,216.5
stress-ng --cpu 16 --cpu-load 34 --timeout 60s --quiet,17,5/15/2026,16:27:27,17.57,2.2,216
stress-ng --cpu 16 --cpu-load 34 --timeout 60s --quiet,17,5/15/2026,16:27:28,16.79,2.21,222
stress-ng --cpu 16 --cpu-load 34 --timeout 60s --quiet,17,5/15/2026,16:27:29,16.77,2.21,222
stress-ng --cpu 16 --cpu-load 34 --timeout 60s --quiet,17,5/15/2026,16:27:30,17.05,2.21,241
stress-ng --cpu 16 --cpu-load 34 --timeout 60s --quiet,17,5/15/2026,16:27:31,17.15,2.21,226
stress-ng --cpu 16 --cpu-load 34 --timeout 60s --quiet,17,5/15/2026,16:27:32,17.99,2.21,239
stress-ng --cpu 16 --cpu-load 34 --timeout 60s --quiet,17,5/15/2026,16:27:33,16.83,2.21,234
stress-ng --cpu 16 --cpu-load 34 --timeout 60s --quiet,17,5/15/2026,16:27:34,16.84,2.21,236
stress-ng --cpu 16 --cpu-load 34 --timeout 60s --quiet,17,5/15/2026,16:27:35,17.32,2.21,238
stress-ng --cpu 16 --cpu-load 34 --timeout 60s --quiet,17,5/15/2026,16:27:36,17.38,2.22,236
stress-ng --cpu 16 --cpu-load 34 --timeout 60s --quiet,17,5/15/2026,16:27:37,17.26,2.21,228
stress-ng --cpu 16 --cpu-load 34 --timeout 60s --quiet,17,5/15/2026,16:27:38,17.8,2.21,229
stress-ng --cpu 16 --cpu-load 34 --timeout 60s --quiet,17,5/15/2026,16:27:39,16.69,2.21,222
stress-ng --cpu 16 --cpu-load 34 --timeout 60s --quiet,17,5/15/2026,16:27:40,16.59,2.21,242
stress-ng --cpu 16 --cpu-load 34 --timeout 60s --quiet,17,5/15/2026,16:27:41,17.92,2.21,229
stress-ng --cpu 16 --cpu-load 34 --timeout 60s --quiet,17,5/15/2026,16:27:42,17.14,2.2,219
stress-ng --cpu 16 --cpu-load 34 --timeout 60s --quiet,17,5/15/2026,16:27:43,16.37,2.2,233
stress-ng --cpu 16 --cpu-load 34 --timeout 60s --quiet,17,5/15/2026,16:27:44,17.35,2.2,229
stress-ng --cpu 16 --cpu-load 34 --timeout 60s --quiet,17,5/15/2026,16:27:45,18.14,2.2,241
stress-ng --cpu 16 --cpu-load 34 --timeout 60s --quiet,17,5/15/2026,16:27:46,16.99,2.2,239
stress-ng --cpu 16 --cpu-load 34 --timeout 60s --quiet,17,5/15/2026,16:27:47,16.75,2.2,234
stress-ng --cpu 16 --cpu-load 34 --timeout 60s --quiet,17,5/15/2026,16:27:48,16.86,2.2,234
stress-ng --cpu 16 --cpu-load 34 --timeout 60s --quiet,17,5/15/2026,16:27:49,17.61,2.2,232
stress-ng --cpu 16 --cpu-load 34 --timeout 60s --quiet,17,5/15/2026,16:27:50,17.35,2.2,235
stress-ng --cpu 16 --cpu-load 34 --timeout 60s --quiet,17,5/15/2026,16:27:51,16.93,2.2,235
stress-ng --cpu 16 --cpu-load 34 --timeout 60s --quiet,17,5/15/2026,16:27:52,17.31,2.2,235
stress-ng --cpu 16 --cpu-load 34 --timeout 60s --quiet,17,5/15/2026,16:27:53,17.29,2.19,239
stress-ng --cpu 16 --cpu-load 36 --timeout 60s --quiet,18,5/15/2026,3:47:08,16.62,2.18,111
stress-ng --cpu 16 --cpu-load 36 --timeout 60s --quiet,18,5/15/2026,3:47:09,16.82,2.19,152
stress-ng --cpu 16 --cpu-load 36 --timeout 60s --quiet,18,5/15/2026,3:47:10,19.08,2.19,186
stress-ng --cpu 16 --cpu-load 36 --timeout 60s --quiet,18,5/15/2026,3:47:11,18.28,2.19,229
stress-ng --cpu 16 --cpu-load 36 --timeout 60s --quiet,18,5/15/2026,3:47:12,16.71,2.19,238
stress-ng --cpu 16 --cpu-load 36 --timeout 60s --quiet,18,5/15/2026,3:47:13,19.1,2.18,217
stress-ng --cpu 16 --cpu-load 36 --timeout 60s --quiet,18,5/15/2026,3:47:14,18.35,2.18,223
stress-ng --cpu 16 --cpu-load 36 --timeout 60s --quiet,18,5/15/2026,3:47:15,17.6,2.18,236
stress-ng --cpu 16 --cpu-load 36 --timeout 60s --quiet,18,5/15/2026,3:47:16,18.37,2.18,231
stress-ng --cpu 16 --cpu-load 36 --timeout 60s --quiet,18,5/15/2026,3:47:17,17.79,2.17,230
stress-ng --cpu 16 --cpu-load 36 --timeout 60s --quiet,18,5/15/2026,3:47:18,19.23,2.17,216
stress-ng --cpu 16 --cpu-load 36 --timeout 60s --quiet,18,5/15/2026,3:47:19,17.14,2.17,211
stress-ng --cpu 16 --cpu-load 36 --timeout 60s --quiet,18,5/15/2026,3:47:20,19.37,2.17,237
stress-ng --cpu 16 --cpu-load 36 --timeout 60s --quiet,18,5/15/2026,3:47:21,16.99,2.17,238
stress-ng --cpu 16 --cpu-load 36 --timeout 60s --quiet,18,5/15/2026,3:47:22,19.22,2.17,223
stress-ng --cpu 16 --cpu-load 36 --timeout 60s --quiet,18,5/15/2026,3:47:23,17.56,2.17,227
stress-ng --cpu 16 --cpu-load 36 --timeout 60s --quiet,18,5/15/2026,3:47:24,18.92,2.17,241
stress-ng --cpu 16 --cpu-load 36 --timeout 60s --quiet,18,5/15/2026,3:47:25,17.49,2.17,236
stress-ng --cpu 16 --cpu-load 36 --timeout 60s --quiet,18,5/15/2026,3:47:26,18.11,2.17,235
stress-ng --cpu 16 --cpu-load 36 --timeout 60s --quiet,18,5/15/2026,3:47:27,18.06,2.17,231
stress-ng --cpu 16 --cpu-load 36 --timeout 60s --quiet,18,5/15/2026,3:47:28,18.36,2.16,235
stress-ng --cpu 16 --cpu-load 36 --timeout 60s --quiet,18,5/15/2026,3:47:29,18.5,2.17,234
stress-ng --cpu 16 --cpu-load 36 --timeout 60s --quiet,18,5/15/2026,3:47:30,17.42,2.17,235
stress-ng --cpu 16 --cpu-load 36 --timeout 60s --quiet,18,5/15/2026,3:47:31,18.93,2.16,246
stress-ng --cpu 16 --cpu-load 36 --timeout 60s --quiet,18,5/15/2026,3:47:32,17.76,2.17,242
stress-ng --cpu 16 --cpu-load 36 --timeout 60s --quiet,18,5/15/2026,3:47:33,18.72,2.17,238.5
stress-ng --cpu 16 --cpu-load 36 --timeout 60s --quiet,18,5/15/2026,3:47:34,17.84,2.17,235
stress-ng --cpu 16 --cpu-load 36 --timeout 60s --quiet,18,5/15/2026,3:47:35,19.19,2.17,237
stress-ng --cpu 16 --cpu-load 36 --timeout 60s --quiet,18,5/15/2026,3:47:36,17.26,2.17,235
stress-ng --cpu 16 --cpu-load 36 --timeout 60s --quiet,18,5/15/2026,3:47:37,19.04,2.17,232
stress-ng --cpu 16 --cpu-load 36 --timeout 60s --quiet,18,5/15/2026,3:47:38,17.96,2.17,234
stress-ng --cpu 16 --cpu-load 36 --timeout 60s --quiet,18,5/15/2026,3:47:39,18.44,2.17,237
stress-ng --cpu 16 --cpu-load 36 --timeout 60s --quiet,18,5/15/2026,3:47:40,18.31,2.17,239
stress-ng --cpu 16 --cpu-load 36 --timeout 60s --quiet,18,5/15/2026,3:47:41,18.2,2.17,229
stress-ng --cpu 16 --cpu-load 36 --timeout 60s --quiet,18,5/15/2026,3:47:42,17.8,2.17,243
stress-ng --cpu 16 --cpu-load 36 --timeout 60s --quiet,18,5/15/2026,3:47:43,18.41,2.17,237
stress-ng --cpu 16 --cpu-load 36 --timeout 60s --quiet,18,5/15/2026,3:47:44,18.04,2.17,235
stress-ng --cpu 16 --cpu-load 36 --timeout 60s --quiet,18,5/15/2026,3:47:45,18.29,2.17,239
stress-ng --cpu 16 --cpu-load 36 --timeout 60s --quiet,18,5/15/2026,3:47:46,18.05,2.17,245
stress-ng --cpu 16 --cpu-load 36 --timeout 60s --quiet,18,5/15/2026,3:47:47,18.63,2.17,230
stress-ng --cpu 16 --cpu-load 36 --timeout 60s --quiet,18,5/15/2026,3:47:48,17.63,2.17,242
stress-ng --cpu 16 --cpu-load 36 --timeout 60s --quiet,18,5/15/2026,3:47:49,19.14,2.17,239
stress-ng --cpu 16 --cpu-load 36 --timeout 60s --quiet,18,5/15/2026,3:47:50,17.14,2.17,231
stress-ng --cpu 16 --cpu-load 36 --timeout 60s --quiet,18,5/15/2026,3:47:51,19.11,2.17,229
stress-ng --cpu 16 --cpu-load 36 --timeout 60s --quiet,18,5/15/2026,3:47:52,17.88,2.16,242
stress-ng --cpu 16 --cpu-load 36 --timeout 60s --quiet,18,5/15/2026,3:47:53,18.05,2.16,244
stress-ng --cpu 16 --cpu-load 36 --timeout 60s --quiet,18,5/15/2026,3:47:54,17.82,2.16,243
stress-ng --cpu 16 --cpu-load 36 --timeout 60s --quiet,18,5/15/2026,3:47:55,18.06,2.15,230
stress-ng --cpu 16 --cpu-load 36 --timeout 60s --quiet,18,5/15/2026,3:47:56,18.49,2.16,233
stress-ng --cpu 16 --cpu-load 36 --timeout 60s --quiet,18,5/15/2026,3:47:57,18.22,2.16,233
stress-ng --cpu 16 --cpu-load 36 --timeout 60s --quiet,18,5/15/2026,3:47:58,17.84,2.16,233
stress-ng --cpu 16 --cpu-load 36 --timeout 60s --quiet,18,5/15/2026,3:47:59,18.06,2.15,237
stress-ng --cpu 16 --cpu-load 36 --timeout 60s --quiet,18,5/15/2026,3:48:00,18.68,2.15,241
stress-ng --cpu 16 --cpu-load 36 --timeout 60s --quiet,18,5/15/2026,3:48:01,18.11,2.15,243
stress-ng --cpu 16 --cpu-load 36 --timeout 60s --quiet,18,5/15/2026,3:48:02,18.01,2.15,239
stress-ng --cpu 16 --cpu-load 36 --timeout 60s --quiet,18,5/15/2026,3:48:03,18.81,2.15,242.5
stress-ng --cpu 16 --cpu-load 36 --timeout 60s --quiet,18,5/15/2026,3:48:04,17.57,2.15,246
stress-ng --cpu 16 --cpu-load 36 --timeout 60s --quiet,18,5/15/2026,3:48:05,18.96,2.16,241.5
stress-ng --cpu 16 --cpu-load 36 --timeout 60s --quiet,18,5/15/2026,3:48:06,17.56,2.16,237
stress-ng --cpu 16 --cpu-load 36 --timeout 60s --quiet,18,5/15/2026,3:48:07,18.21,2.16,236
stress-ng --cpu 16 --cpu-load 36 --timeout 60s --quiet,18,5/15/2026,3:48:08,5.78,2.09,246
stress-ng --cpu 16 --cpu-load 36 --timeout 60s --quiet,18,5/15/2026,12:30:21,11.6,2.31,135
stress-ng --cpu 16 --cpu-load 36 --timeout 60s --quiet,18,5/15/2026,12:30:22,18.66,2.31,198
stress-ng --cpu 16 --cpu-load 36 --timeout 60s --quiet,18,5/15/2026,12:30:23,18.615,2.31,193.5
stress-ng --cpu 16 --cpu-load 36 --timeout 60s --quiet,18,5/15/2026,12:30:24,18.57,2.31,189
stress-ng --cpu 16 --cpu-load 36 --timeout 60s --quiet,18,5/15/2026,12:30:25,17.6,2.31,217
stress-ng --cpu 16 --cpu-load 36 --timeout 60s --quiet,18,5/15/2026,12:30:26,20.02,2.31,205
stress-ng --cpu 16 --cpu-load 36 --timeout 60s --quiet,18,5/15/2026,12:30:27,16.76,2.31,228
stress-ng --cpu 16 --cpu-load 36 --timeout 60s --quiet,18,5/15/2026,12:30:28,18.6,2.31,225
stress-ng --cpu 16 --cpu-load 36 --timeout 60s --quiet,18,5/15/2026,12:30:29,18.71,2.31,218
stress-ng --cpu 16 --cpu-load 36 --timeout 60s --quiet,18,5/15/2026,12:30:30,17.06,2.3,220
stress-ng --cpu 16 --cpu-load 36 --timeout 60s --quiet,18,5/15/2026,12:30:31,19.72,2.3,223
stress-ng --cpu 16 --cpu-load 36 --timeout 60s --quiet,18,5/15/2026,12:30:32,17.49,2.3,234
stress-ng --cpu 16 --cpu-load 36 --timeout 60s --quiet,18,5/15/2026,12:30:33,18.15,2.29,228
stress-ng --cpu 16 --cpu-load 36 --timeout 60s --quiet,18,5/15/2026,12:30:34,18.63,2.29,230
stress-ng --cpu 16 --cpu-load 36 --timeout 60s --quiet,18,5/15/2026,12:30:35,17.98,2.29,229
stress-ng --cpu 16 --cpu-load 36 --timeout 60s --quiet,18,5/15/2026,12:30:36,17.71,2.28,228
stress-ng --cpu 16 --cpu-load 36 --timeout 60s --quiet,18,5/15/2026,12:30:37,19.34,2.29,226
stress-ng --cpu 16 --cpu-load 36 --timeout 60s --quiet,18,5/15/2026,12:30:38,17.35,2.28,229
stress-ng --cpu 16 --cpu-load 36 --timeout 60s --quiet,18,5/15/2026,12:30:39,19.11,2.29,228
stress-ng --cpu 16 --cpu-load 36 --timeout 60s --quiet,18,5/15/2026,12:30:40,17.84,2.29,229
stress-ng --cpu 16 --cpu-load 36 --timeout 60s --quiet,18,5/15/2026,12:30:41,18.1,2.29,224
stress-ng --cpu 16 --cpu-load 36 --timeout 60s --quiet,18,5/15/2026,12:30:42,18.87,2.29,233
stress-ng --cpu 16 --cpu-load 36 --timeout 60s --quiet,18,5/15/2026,12:30:43,18.47,2.29,234
stress-ng --cpu 16 --cpu-load 36 --timeout 60s --quiet,18,5/15/2026,12:30:44,17.79,2.29,238
stress-ng --cpu 16 --cpu-load 36 --timeout 60s --quiet,18,5/15/2026,12:30:45,19,2.29,235
stress-ng --cpu 16 --cpu-load 36 --timeout 60s --quiet,18,5/15/2026,12:30:46,17.32,2.29,226
stress-ng --cpu 16 --cpu-load 36 --timeout 60s --quiet,18,5/15/2026,12:30:47,19.56,2.3,224
stress-ng --cpu 16 --cpu-load 36 --timeout 60s --quiet,18,5/15/2026,12:30:48,17.06,2.3,217
stress-ng --cpu 16 --cpu-load 36 --timeout 60s --quiet,18,5/15/2026,12:30:49,17.9,2.3,231
stress-ng --cpu 16 --cpu-load 36 --timeout 60s --quiet,18,5/15/2026,12:30:50,18.67,2.28,233
stress-ng --cpu 16 --cpu-load 36 --timeout 60s --quiet,18,5/15/2026,12:30:51,18.54,2.28,239
stress-ng --cpu 16 --cpu-load 36 --timeout 60s --quiet,18,5/15/2026,12:30:52,17.5,2.28,227
stress-ng --cpu 16 --cpu-load 36 --timeout 60s --quiet,18,5/15/2026,12:30:53,19.02,2.28,226
stress-ng --cpu 16 --cpu-load 36 --timeout 60s --quiet,18,5/15/2026,12:30:54,17.58,2.28,236
stress-ng --cpu 16 --cpu-load 36 --timeout 60s --quiet,18,5/15/2026,12:30:55,18.61,2.28,235
stress-ng --cpu 16 --cpu-load 36 --timeout 60s --quiet,18,5/15/2026,12:30:56,17.64,2.28,233
stress-ng --cpu 16 --cpu-load 36 --timeout 60s --quiet,18,5/15/2026,12:30:57,18.66,2.27,235
stress-ng --cpu 16 --cpu-load 36 --timeout 60s --quiet,18,5/15/2026,12:30:58,18.5,2.27,225
stress-ng --cpu 16 --cpu-load 36 --timeout 60s --quiet,18,5/15/2026,12:30:59,18.14,2.26,233
stress-ng --cpu 16 --cpu-load 36 --timeout 60s --quiet,18,5/15/2026,12:31:00,17.72,2.26,229
stress-ng --cpu 16 --cpu-load 36 --timeout 60s --quiet,18,5/15/2026,12:31:01,18.32,2.26,236
stress-ng --cpu 16 --cpu-load 36 --timeout 60s --quiet,18,5/15/2026,12:31:02,17.87,2.26,236
stress-ng --cpu 16 --cpu-load 36 --timeout 60s --quiet,18,5/15/2026,12:31:03,19.43,2.25,235
stress-ng --cpu 16 --cpu-load 36 --timeout 60s --quiet,18,5/15/2026,12:31:04,17.58,2.24,238
stress-ng --cpu 16 --cpu-load 36 --timeout 60s --quiet,18,5/15/2026,12:31:05,18.48,2.24,229
stress-ng --cpu 16 --cpu-load 36 --timeout 60s --quiet,18,5/15/2026,12:31:06,17.98,2.24,241
stress-ng --cpu 16 --cpu-load 36 --timeout 60s --quiet,18,5/15/2026,12:31:07,18.2,2.24,230
stress-ng --cpu 16 --cpu-load 36 --timeout 60s --quiet,18,5/15/2026,12:31:08,18.53,2.24,238
stress-ng --cpu 16 --cpu-load 36 --timeout 60s --quiet,18,5/15/2026,12:31:09,17.21,2.24,240.5
stress-ng --cpu 16 --cpu-load 36 --timeout 60s --quiet,18,5/15/2026,12:31:10,19.62,2.23,243
stress-ng --cpu 16 --cpu-load 36 --timeout 60s --quiet,18,5/15/2026,12:31:11,17.29,2.23,232
stress-ng --cpu 16 --cpu-load 36 --timeout 60s --quiet,18,5/15/2026,12:31:12,18.97,2.23,243
stress-ng --cpu 16 --cpu-load 36 --timeout 60s --quiet,18,5/15/2026,12:31:13,17.21,2.23,240
stress-ng --cpu 16 --cpu-load 36 --timeout 60s --quiet,18,5/15/2026,12:31:14,19.35,2.23,229
stress-ng --cpu 16 --cpu-load 36 --timeout 60s --quiet,18,5/15/2026,12:31:15,17.57,2.23,233
stress-ng --cpu 16 --cpu-load 36 --timeout 60s --quiet,18,5/15/2026,12:31:16,18.58,2.23,239
stress-ng --cpu 16 --cpu-load 36 --timeout 60s --quiet,18,5/15/2026,12:31:17,18.15,2.23,233
stress-ng --cpu 16 --cpu-load 36 --timeout 60s --quiet,18,5/15/2026,12:31:18,18.68,2.23,243
stress-ng --cpu 16 --cpu-load 36 --timeout 60s --quiet,18,5/15/2026,12:31:19,18.02,2.24,245
stress-ng --cpu 16 --cpu-load 36 --timeout 60s --quiet,18,5/15/2026,12:31:20,18.91,2.24,239
stress-ng --cpu 16 --cpu-load 36 --timeout 60s --quiet,18,5/15/2026,12:31:21,8.59,2.12,230
stress-ng --cpu 16 --cpu-load 36 --timeout 60s --quiet,18,5/15/2026,17:23:00,11.61,2.29,110
stress-ng --cpu 16 --cpu-load 36 --timeout 60s --quiet,18,5/15/2026,17:23:01,17.71,2.29,201
stress-ng --cpu 16 --cpu-load 36 --timeout 60s --quiet,18,5/15/2026,17:23:02,18.33,2.29,196
stress-ng --cpu 16 --cpu-load 36 --timeout 60s --quiet,18,5/15/2026,17:23:03,18.95,2.29,193
stress-ng --cpu 16 --cpu-load 36 --timeout 60s --quiet,18,5/15/2026,17:23:04,18.34,2.3,220
stress-ng --cpu 16 --cpu-load 36 --timeout 60s --quiet,18,5/15/2026,17:23:05,18.87,2.29,224
stress-ng --cpu 16 --cpu-load 36 --timeout 60s --quiet,18,5/15/2026,17:23:06,18.05,2.29,214
stress-ng --cpu 16 --cpu-load 36 --timeout 60s --quiet,18,5/15/2026,17:23:07,18.5,2.27,222
stress-ng --cpu 16 --cpu-load 36 --timeout 60s --quiet,18,5/15/2026,17:23:08,17.88,2.28,223
stress-ng --cpu 16 --cpu-load 36 --timeout 60s --quiet,18,5/15/2026,17:23:09,18.84,2.27,235
stress-ng --cpu 16 --cpu-load 36 --timeout 60s --quiet,18,5/15/2026,17:23:10,17.62,2.27,220
stress-ng --cpu 16 --cpu-load 36 --timeout 60s --quiet,18,5/15/2026,17:23:11,18.73,2.27,222
stress-ng --cpu 16 --cpu-load 36 --timeout 60s --quiet,18,5/15/2026,17:23:12,18.44,2.27,227
stress-ng --cpu 16 --cpu-load 36 --timeout 60s --quiet,18,5/15/2026,17:23:13,16.79,2.27,229
stress-ng --cpu 16 --cpu-load 36 --timeout 60s --quiet,18,5/15/2026,17:23:14,19.26,2.26,232
stress-ng --cpu 16 --cpu-load 36 --timeout 60s --quiet,18,5/15/2026,17:23:15,17.48,2.26,232
stress-ng --cpu 16 --cpu-load 36 --timeout 60s --quiet,18,5/15/2026,17:23:16,19.03,2.26,236
stress-ng --cpu 16 --cpu-load 36 --timeout 60s --quiet,18,5/15/2026,17:23:17,17.76,2.25,224
stress-ng --cpu 16 --cpu-load 36 --timeout 60s --quiet,18,5/15/2026,17:23:18,18.25,2.24,230
stress-ng --cpu 16 --cpu-load 36 --timeout 60s --quiet,18,5/15/2026,17:23:19,18.1,2.24,220
stress-ng --cpu 16 --cpu-load 36 --timeout 60s --quiet,18,5/15/2026,17:23:20,18.8,2.24,224
stress-ng --cpu 16 --cpu-load 36 --timeout 60s --quiet,18,5/15/2026,17:23:21,17.14,2.23,230
stress-ng --cpu 16 --cpu-load 36 --timeout 60s --quiet,18,5/15/2026,17:23:22,19.33,2.23,230.5
stress-ng --cpu 16 --cpu-load 36 --timeout 60s --quiet,18,5/15/2026,17:23:23,17.38,2.23,231
stress-ng --cpu 16 --cpu-load 36 --timeout 60s --quiet,18,5/15/2026,17:23:24,18.46,2.23,234
stress-ng --cpu 16 --cpu-load 36 --timeout 60s --quiet,18,5/15/2026,17:23:25,18.22,2.23,237
stress-ng --cpu 16 --cpu-load 36 --timeout 60s --quiet,18,5/15/2026,17:23:26,18.11,2.24,238
stress-ng --cpu 16 --cpu-load 36 --timeout 60s --quiet,18,5/15/2026,17:23:27,18.17,2.24,231
stress-ng --cpu 16 --cpu-load 36 --timeout 60s --quiet,18,5/15/2026,17:23:28,19.19,2.24,225
stress-ng --cpu 16 --cpu-load 36 --timeout 60s --quiet,18,5/15/2026,17:23:29,17.1,2.23,223
stress-ng --cpu 16 --cpu-load 36 --timeout 60s --quiet,18,5/15/2026,17:23:30,18.54,2.23,219
stress-ng --cpu 16 --cpu-load 36 --timeout 60s --quiet,18,5/15/2026,17:23:31,18.05,2.23,229
stress-ng --cpu 16 --cpu-load 36 --timeout 60s --quiet,18,5/15/2026,17:23:32,18.03,2.23,229
stress-ng --cpu 16 --cpu-load 36 --timeout 60s --quiet,18,5/15/2026,17:23:33,19.11,2.23,236
stress-ng --cpu 16 --cpu-load 36 --timeout 60s --quiet,18,5/15/2026,17:23:34,17.45,2.23,233.5
stress-ng --cpu 16 --cpu-load 36 --timeout 60s --quiet,18,5/15/2026,17:23:35,17.88,2.23,231
stress-ng --cpu 16 --cpu-load 36 --timeout 60s --quiet,18,5/15/2026,17:23:36,19.11,2.23,232
stress-ng --cpu 16 --cpu-load 36 --timeout 60s --quiet,18,5/15/2026,17:23:37,18.47,2.22,227
stress-ng --cpu 16 --cpu-load 36 --timeout 60s --quiet,18,5/15/2026,17:23:38,17.58,2.22,238
stress-ng --cpu 16 --cpu-load 36 --timeout 60s --quiet,18,5/15/2026,17:23:39,17.96,2.22,238
stress-ng --cpu 16 --cpu-load 36 --timeout 60s --quiet,18,5/15/2026,17:23:40,17.76,2.22,243
stress-ng --cpu 16 --cpu-load 36 --timeout 60s --quiet,18,5/15/2026,17:23:41,18.97,2.22,229
stress-ng --cpu 16 --cpu-load 36 --timeout 60s --quiet,18,5/15/2026,17:23:42,17.43,2.22,232
stress-ng --cpu 16 --cpu-load 36 --timeout 60s --quiet,18,5/15/2026,17:23:43,19.48,2.22,235
stress-ng --cpu 16 --cpu-load 36 --timeout 60s --quiet,18,5/15/2026,17:23:44,17.11,2.22,231
stress-ng --cpu 16 --cpu-load 36 --timeout 60s --quiet,18,5/15/2026,17:23:45,18.67,2.21,229
stress-ng --cpu 16 --cpu-load 36 --timeout 60s --quiet,18,5/15/2026,17:23:46,17.82,2.22,228
stress-ng --cpu 16 --cpu-load 36 --timeout 60s --quiet,18,5/15/2026,17:23:47,18.74,2.21,234
stress-ng --cpu 16 --cpu-load 36 --timeout 60s --quiet,18,5/15/2026,17:23:48,18.31,2.21,231
stress-ng --cpu 16 --cpu-load 36 --timeout 60s --quiet,18,5/15/2026,17:23:49,18.43,2.21,235
stress-ng --cpu 16 --cpu-load 36 --timeout 60s --quiet,18,5/15/2026,17:23:50,17.78,2.21,230
stress-ng --cpu 16 --cpu-load 36 --timeout 60s --quiet,18,5/15/2026,17:23:51,18.5,2.21,237
stress-ng --cpu 16 --cpu-load 36 --timeout 60s --quiet,18,5/15/2026,17:23:52,17.22,2.21,241
stress-ng --cpu 16 --cpu-load 36 --timeout 60s --quiet,18,5/15/2026,17:23:53,19.93,2.21,230
stress-ng --cpu 16 --cpu-load 36 --timeout 60s --quiet,18,5/15/2026,17:23:54,17.21,2.21,239
stress-ng --cpu 16 --cpu-load 36 --timeout 60s --quiet,18,5/15/2026,17:23:55,19.01,2.21,226
stress-ng --cpu 16 --cpu-load 36 --timeout 60s --quiet,18,5/15/2026,17:23:56,16.79,2.21,230
stress-ng --cpu 16 --cpu-load 36 --timeout 60s --quiet,18,5/15/2026,17:23:57,18.94,2.22,229
stress-ng --cpu 16 --cpu-load 36 --timeout 60s --quiet,18,5/15/2026,17:23:58,18.24,2.22,234
stress-ng --cpu 16 --cpu-load 36 --timeout 60s --quiet,18,5/15/2026,17:23:59,18.25,2.22,232
stress-ng --cpu 16 --cpu-load 36 --timeout 60s --quiet,18,5/15/2026,17:24:00,9.15,2.15,232
stress-ng --cpu 16 --cpu-load 38 --timeout 60s --quiet,19,5/14/2026,23:16:32,6.5,2.26,118
stress-ng --cpu 16 --cpu-load 38 --timeout 60s --quiet,19,5/14/2026,23:16:33,18.58,2.26,107
stress-ng --cpu 16 --cpu-load 38 --timeout 60s --quiet,19,5/14/2026,23:16:34,18.2,2.26,195
stress-ng --cpu 16 --cpu-load 38 --timeout 60s --quiet,19,5/14/2026,23:16:35,21.13,2.26,203
stress-ng --cpu 16 --cpu-load 38 --timeout 60s --quiet,19,5/14/2026,23:16:36,17.44,2.26,222
stress-ng --cpu 16 --cpu-load 38 --timeout 60s --quiet,19,5/14/2026,23:16:37,20.25,2.26,226
stress-ng --cpu 16 --cpu-load 38 --timeout 60s --quiet,19,5/14/2026,23:16:38,18.95,2.26,221
stress-ng --cpu 16 --cpu-load 38 --timeout 60s --quiet,19,5/14/2026,23:16:39,18.51,2.25,220
stress-ng --cpu 16 --cpu-load 38 --timeout 60s --quiet,19,5/14/2026,23:16:40,21.2,2.25,233
stress-ng --cpu 16 --cpu-load 38 --timeout 60s --quiet,19,5/14/2026,23:16:41,17.34,2.24,210
stress-ng --cpu 16 --cpu-load 38 --timeout 60s --quiet,19,5/14/2026,23:16:42,19.54,2.23,225
stress-ng --cpu 16 --cpu-load 38 --timeout 60s --quiet,19,5/14/2026,23:16:43,19.96,2.23,215
stress-ng --cpu 16 --cpu-load 38 --timeout 60s --quiet,19,5/14/2026,23:16:44,18.27,2.23,218
stress-ng --cpu 16 --cpu-load 38 --timeout 60s --quiet,19,5/14/2026,23:16:45,19.82,2.23,227
stress-ng --cpu 16 --cpu-load 38 --timeout 60s --quiet,19,5/14/2026,23:16:46,18.84,2.22,226
stress-ng --cpu 16 --cpu-load 38 --timeout 60s --quiet,19,5/14/2026,23:16:47,18.985,2.22,249
stress-ng --cpu 16 --cpu-load 38 --timeout 60s --quiet,19,5/14/2026,23:16:48,19.13,2.22,239
stress-ng --cpu 16 --cpu-load 38 --timeout 60s --quiet,19,5/14/2026,23:16:49,19.02,2.22,237
stress-ng --cpu 16 --cpu-load 38 --timeout 60s --quiet,19,5/14/2026,23:16:50,20.01,2.22,236.5
stress-ng --cpu 16 --cpu-load 38 --timeout 60s --quiet,19,5/14/2026,23:16:51,18.05,2.22,236
stress-ng --cpu 16 --cpu-load 38 --timeout 60s --quiet,19,5/14/2026,23:16:52,19.58,2.22,246
stress-ng --cpu 16 --cpu-load 38 --timeout 60s --quiet,19,5/14/2026,23:16:53,19.92,2.21,241
stress-ng --cpu 16 --cpu-load 38 --timeout 60s --quiet,19,5/14/2026,23:16:54,18.49,2.22,230
stress-ng --cpu 16 --cpu-load 38 --timeout 60s --quiet,19,5/14/2026,23:16:55,19.14,2.22,235
stress-ng --cpu 16 --cpu-load 38 --timeout 60s --quiet,19,5/14/2026,23:16:56,19.81,2.21,229
stress-ng --cpu 16 --cpu-load 38 --timeout 60s --quiet,19,5/14/2026,23:16:57,18.66,2.21,242
stress-ng --cpu 16 --cpu-load 38 --timeout 60s --quiet,19,5/14/2026,23:16:58,18.78,2.21,239
stress-ng --cpu 16 --cpu-load 38 --timeout 60s --quiet,19,5/14/2026,23:16:59,19.67,2.2,226
stress-ng --cpu 16 --cpu-load 38 --timeout 60s --quiet,19,5/14/2026,23:17:00,19.54,2.19,242
stress-ng --cpu 16 --cpu-load 38 --timeout 60s --quiet,19,5/14/2026,23:17:01,18.49,2.19,230
stress-ng --cpu 16 --cpu-load 38 --timeout 60s --quiet,19,5/14/2026,23:17:02,20.59,2.23,244
stress-ng --cpu 16 --cpu-load 38 --timeout 60s --quiet,19,5/14/2026,23:17:03,19.24,2.23,238.5
stress-ng --cpu 16 --cpu-load 38 --timeout 60s --quiet,19,5/14/2026,23:17:04,19.63,2.23,233
stress-ng --cpu 16 --cpu-load 38 --timeout 60s --quiet,19,5/14/2026,23:17:05,18.5,2.23,246
stress-ng --cpu 16 --cpu-load 38 --timeout 60s --quiet,19,5/14/2026,23:17:06,19.65,2.23,241
stress-ng --cpu 16 --cpu-load 38 --timeout 60s --quiet,19,5/14/2026,23:17:07,19.98,2.23,240
stress-ng --cpu 16 --cpu-load 38 --timeout 60s --quiet,19,5/14/2026,23:17:08,17.97,2.23,232
stress-ng --cpu 16 --cpu-load 38 --timeout 60s --quiet,19,5/14/2026,23:17:09,23.41,2.32,253
stress-ng --cpu 16 --cpu-load 38 --timeout 60s --quiet,19,5/14/2026,23:17:10,19.98,2.28,234
stress-ng --cpu 16 --cpu-load 38 --timeout 60s --quiet,19,5/14/2026,23:17:11,18.64,2.29,236
stress-ng --cpu 16 --cpu-load 38 --timeout 60s --quiet,19,5/14/2026,23:17:12,19.65,2.29,209
stress-ng --cpu 16 --cpu-load 38 --timeout 60s --quiet,19,5/14/2026,23:17:13,19.27,2.28,230
stress-ng --cpu 16 --cpu-load 38 --timeout 60s --quiet,19,5/14/2026,23:17:14,19.67,2.27,238
stress-ng --cpu 16 --cpu-load 38 --timeout 60s --quiet,19,5/14/2026,23:17:15,18.66,2.27,236
stress-ng --cpu 16 --cpu-load 38 --timeout 60s --quiet,19,5/14/2026,23:17:16,18.94,2.25,238
stress-ng --cpu 16 --cpu-load 38 --timeout 60s --quiet,19,5/14/2026,23:17:17,19.98,2.26,236
stress-ng --cpu 16 --cpu-load 38 --timeout 60s --quiet,19,5/14/2026,23:17:18,18.24,2.26,238
stress-ng --cpu 16 --cpu-load 38 --timeout 60s --quiet,19,5/14/2026,23:17:19,19.69,2.25,234
stress-ng --cpu 16 --cpu-load 38 --timeout 60s --quiet,19,5/14/2026,23:17:20,19.27,2.25,241
stress-ng --cpu 16 --cpu-load 38 --timeout 60s --quiet,19,5/14/2026,23:17:21,19.06,2.24,236
stress-ng --cpu 16 --cpu-load 38 --timeout 60s --quiet,19,5/14/2026,23:17:22,19.23,2.25,237
stress-ng --cpu 16 --cpu-load 38 --timeout 60s --quiet,19,5/14/2026,23:17:23,18.43,2.25,249
stress-ng --cpu 16 --cpu-load 38 --timeout 60s --quiet,19,5/14/2026,23:17:24,19.84,2.25,232
stress-ng --cpu 16 --cpu-load 38 --timeout 60s --quiet,19,5/14/2026,23:17:25,19.28,2.25,244
stress-ng --cpu 16 --cpu-load 38 --timeout 60s --quiet,19,5/14/2026,23:17:26,18.81,2.24,241
stress-ng --cpu 16 --cpu-load 38 --timeout 60s --quiet,19,5/14/2026,23:17:27,21.18,2.24,241
stress-ng --cpu 16 --cpu-load 38 --timeout 60s --quiet,19,5/14/2026,23:17:28,22.34,2.28,251
stress-ng --cpu 16 --cpu-load 38 --timeout 60s --quiet,19,5/14/2026,23:17:29,22.35,2.3,241
stress-ng --cpu 16 --cpu-load 38 --timeout 60s --quiet,19,5/14/2026,23:17:30,22.26,2.37,246
stress-ng --cpu 16 --cpu-load 38 --timeout 60s --quiet,19,5/14/2026,23:17:31,22.56,2.42,251
stress-ng --cpu 16 --cpu-load 38 --timeout 60s --quiet,19,5/14/2026,23:17:32,18.44,2.39,245
stress-ng --cpu 16 --cpu-load 38 --timeout 60s --quiet,19,5/15/2026,8:09:43,6.56,2.24,139
stress-ng --cpu 16 --cpu-load 38 --timeout 60s --quiet,19,5/15/2026,8:09:44,16.97,2.24,109
stress-ng --cpu 16 --cpu-load 38 --timeout 60s --quiet,19,5/15/2026,8:09:45,19.73,2.25,204
stress-ng --cpu 16 --cpu-load 38 --timeout 60s --quiet,19,5/15/2026,8:09:46,19.56,2.25,238
stress-ng --cpu 16 --cpu-load 38 --timeout 60s --quiet,19,5/15/2026,8:09:47,19.33,2.25,222
stress-ng --cpu 16 --cpu-load 38 --timeout 60s --quiet,19,5/15/2026,8:09:48,19.5,2.24,236
stress-ng --cpu 16 --cpu-load 38 --timeout 60s --quiet,19,5/15/2026,8:09:49,18.96,2.24,222
stress-ng --cpu 16 --cpu-load 38 --timeout 60s --quiet,19,5/15/2026,8:09:50,18.93,2.24,226
stress-ng --cpu 16 --cpu-load 38 --timeout 60s --quiet,19,5/15/2026,8:09:51,19.32,2.23,230
stress-ng --cpu 16 --cpu-load 38 --timeout 60s --quiet,19,5/15/2026,8:09:52,19.105,2.23,227
stress-ng --cpu 16 --cpu-load 38 --timeout 60s --quiet,19,5/15/2026,8:09:53,18.89,2.23,234
stress-ng --cpu 16 --cpu-load 38 --timeout 60s --quiet,19,5/15/2026,8:09:54,19.1,2.23,224
stress-ng --cpu 16 --cpu-load 38 --timeout 60s --quiet,19,5/15/2026,8:09:55,20.04,2.23,229
stress-ng --cpu 16 --cpu-load 38 --timeout 60s --quiet,19,5/15/2026,8:09:56,18.37,2.22,228
stress-ng --cpu 16 --cpu-load 38 --timeout 60s --quiet,19,5/15/2026,8:09:57,20.39,2.22,238
stress-ng --cpu 16 --cpu-load 38 --timeout 60s --quiet,19,5/15/2026,8:09:58,18.31,2.23,225
stress-ng --cpu 16 --cpu-load 38 --timeout 60s --quiet,19,5/15/2026,8:09:59,19.02,2.22,231
stress-ng --cpu 16 --cpu-load 38 --timeout 60s --quiet,19,5/15/2026,8:10:00,20.24,2.22,240
stress-ng --cpu 16 --cpu-load 38 --timeout 60s --quiet,19,5/15/2026,8:10:01,19.02,2.22,227
stress-ng --cpu 16 --cpu-load 38 --timeout 60s --quiet,19,5/15/2026,8:10:02,18.3,2.22,229.5
stress-ng --cpu 16 --cpu-load 38 --timeout 60s --quiet,19,5/15/2026,8:10:03,19.83,2.21,232
stress-ng --cpu 16 --cpu-load 38 --timeout 60s --quiet,19,5/15/2026,8:10:04,19.16,2.21,243
stress-ng --cpu 16 --cpu-load 38 --timeout 60s --quiet,19,5/15/2026,8:10:05,19.17,2.21,231
stress-ng --cpu 16 --cpu-load 38 --timeout 60s --quiet,19,5/15/2026,8:10:06,20.26,2.21,238
stress-ng --cpu 16 --cpu-load 38 --timeout 60s --quiet,19,5/15/2026,8:10:07,17.7,2.21,218
stress-ng --cpu 16 --cpu-load 38 --timeout 60s --quiet,19,5/15/2026,8:10:08,19.46,2.21,237
stress-ng --cpu 16 --cpu-load 38 --timeout 60s --quiet,19,5/15/2026,8:10:09,20.08,2.2,250
stress-ng --cpu 16 --cpu-load 38 --timeout 60s --quiet,19,5/15/2026,8:10:10,18.1,2.2,230
stress-ng --cpu 16 --cpu-load 38 --timeout 60s --quiet,19,5/15/2026,8:10:11,19.16,2.2,245
stress-ng --cpu 16 --cpu-load 38 --timeout 60s --quiet,19,5/15/2026,8:10:12,19.98,2.2,232
stress-ng --cpu 16 --cpu-load 38 --timeout 60s --quiet,19,5/15/2026,8:10:13,18.6,2.2,237
stress-ng --cpu 16 --cpu-load 38 --timeout 60s --quiet,19,5/15/2026,8:10:14,19.49,2.2,243
stress-ng --cpu 16 --cpu-load 38 --timeout 60s --quiet,19,5/15/2026,8:10:15,19.22,2.2,240
stress-ng --cpu 16 --cpu-load 38 --timeout 60s --quiet,19,5/15/2026,8:10:16,19.22,2.2,235
stress-ng --cpu 16 --cpu-load 38 --timeout 60s --quiet,19,5/15/2026,8:10:17,18.93,2.2,230
stress-ng --cpu 16 --cpu-load 38 --timeout 60s --quiet,19,5/15/2026,8:10:18,18.48,2.19,238
stress-ng --cpu 16 --cpu-load 38 --timeout 60s --quiet,19,5/15/2026,8:10:19,20.5,2.2,241
stress-ng --cpu 16 --cpu-load 38 --timeout 60s --quiet,19,5/15/2026,8:10:20,18.8,2.2,234
stress-ng --cpu 16 --cpu-load 38 --timeout 60s --quiet,19,5/15/2026,8:10:21,18.94,2.2,246
stress-ng --cpu 16 --cpu-load 38 --timeout 60s --quiet,19,5/15/2026,8:10:22,19.56,2.19,242
stress-ng --cpu 16 --cpu-load 38 --timeout 60s --quiet,19,5/15/2026,8:10:23,18.3,2.19,236
stress-ng --cpu 16 --cpu-load 38 --timeout 60s --quiet,19,5/15/2026,8:10:24,20.14,2.19,246
stress-ng --cpu 16 --cpu-load 38 --timeout 60s --quiet,19,5/15/2026,8:10:25,19.05,2.19,236
stress-ng --cpu 16 --cpu-load 38 --timeout 60s --quiet,19,5/15/2026,8:10:26,18.67,2.19,240
stress-ng --cpu 16 --cpu-load 38 --timeout 60s --quiet,19,5/15/2026,8:10:27,19.85,2.19,239
stress-ng --cpu 16 --cpu-load 38 --timeout 60s --quiet,19,5/15/2026,8:10:28,19.06,2.19,239
stress-ng --cpu 16 --cpu-load 38 --timeout 60s --quiet,19,5/15/2026,8:10:29,18.65,2.19,240
stress-ng --cpu 16 --cpu-load 38 --timeout 60s --quiet,19,5/15/2026,8:10:30,19.83,2.19,237
stress-ng --cpu 16 --cpu-load 38 --timeout 60s --quiet,19,5/15/2026,8:10:31,19.54,2.19,240
stress-ng --cpu 16 --cpu-load 38 --timeout 60s --quiet,19,5/15/2026,8:10:32,18.53,2.19,243
stress-ng --cpu 16 --cpu-load 38 --timeout 60s --quiet,19,5/15/2026,8:10:33,19.45,2.19,238
stress-ng --cpu 16 --cpu-load 38 --timeout 60s --quiet,19,5/15/2026,8:10:34,18.77,2.18,232
stress-ng --cpu 16 --cpu-load 38 --timeout 60s --quiet,19,5/15/2026,8:10:35,19.52,2.18,244
stress-ng --cpu 16 --cpu-load 38 --timeout 60s --quiet,19,5/15/2026,8:10:36,19.31,2.17,232
stress-ng --cpu 16 --cpu-load 38 --timeout 60s --quiet,19,5/15/2026,8:10:37,19.45,2.18,239
stress-ng --cpu 16 --cpu-load 38 --timeout 60s --quiet,19,5/15/2026,8:10:38,19.21,2.17,230
stress-ng --cpu 16 --cpu-load 38 --timeout 60s --quiet,19,5/15/2026,8:10:39,18.91,2.17,231
stress-ng --cpu 16 --cpu-load 38 --timeout 60s --quiet,19,5/15/2026,8:10:40,18.78,2.17,239.5
stress-ng --cpu 16 --cpu-load 38 --timeout 60s --quiet,19,5/15/2026,8:10:41,19.85,2.16,248
stress-ng --cpu 16 --cpu-load 38 --timeout 60s --quiet,19,5/15/2026,8:10:42,19.16,2.16,242
stress-ng --cpu 16 --cpu-load 38 --timeout 60s --quiet,19,5/15/2026,8:10:43,16.63,2.14,242
stress-ng --cpu 16 --cpu-load 38 --timeout 60s --quiet,19,5/15/2026,18:11:07,7.79,2.22,127
stress-ng --cpu 16 --cpu-load 38 --timeout 60s --quiet,19,5/15/2026,18:11:08,20.71,2.22,217
stress-ng --cpu 16 --cpu-load 38 --timeout 60s --quiet,19,5/15/2026,18:11:09,19.19,2.22,210
stress-ng --cpu 16 --cpu-load 38 --timeout 60s --quiet,19,5/15/2026,18:11:10,18.22,2.21,231
stress-ng --cpu 16 --cpu-load 38 --timeout 60s --quiet,19,5/15/2026,18:11:11,19.6,2.21,238
stress-ng --cpu 16 --cpu-load 38 --timeout 60s --quiet,19,5/15/2026,18:11:12,19.16,2.22,222
stress-ng --cpu 16 --cpu-load 38 --timeout 60s --quiet,19,5/15/2026,18:11:13,19.19,2.21,227
stress-ng --cpu 16 --cpu-load 38 --timeout 60s --quiet,19,5/15/2026,18:11:14,18.93,2.2,240
stress-ng --cpu 16 --cpu-load 38 --timeout 60s --quiet,19,5/15/2026,18:11:15,19.9,2.2,232
stress-ng --cpu 16 --cpu-load 38 --timeout 60s --quiet,19,5/15/2026,18:11:16,18.33,2.2,229
stress-ng --cpu 16 --cpu-load 38 --timeout 60s --quiet,19,5/15/2026,18:11:17,20.36,2.21,228.6666667
stress-ng --cpu 16 --cpu-load 38 --timeout 60s --quiet,19,5/15/2026,18:11:18,17.96,2.21,228.3333333
stress-ng --cpu 16 --cpu-load 38 --timeout 60s --quiet,19,5/15/2026,18:11:19,19.73,2.21,228
stress-ng --cpu 16 --cpu-load 38 --timeout 60s --quiet,19,5/15/2026,18:11:20,19.24,2.21,226
stress-ng --cpu 16 --cpu-load 38 --timeout 60s --quiet,19,5/15/2026,18:11:21,18.84,2.2,234
stress-ng --cpu 16 --cpu-load 38 --timeout 60s --quiet,19,5/15/2026,18:11:22,20.12,2.2,235
stress-ng --cpu 16 --cpu-load 38 --timeout 60s --quiet,19,5/15/2026,18:11:23,18.34,2.2,232
stress-ng --cpu 16 --cpu-load 38 --timeout 60s --quiet,19,5/15/2026,18:11:24,20.05,2.21,226
stress-ng --cpu 16 --cpu-load 38 --timeout 60s --quiet,19,5/15/2026,18:11:25,18.13,2.21,231
stress-ng --cpu 16 --cpu-load 38 --timeout 60s --quiet,19,5/15/2026,18:11:26,20.03,2.21,221
stress-ng --cpu 16 --cpu-load 38 --timeout 60s --quiet,19,5/15/2026,18:11:27,19.46,2.21,223
stress-ng --cpu 16 --cpu-load 38 --timeout 60s --quiet,19,5/15/2026,18:11:28,18.89,2.2,242
stress-ng --cpu 16 --cpu-load 38 --timeout 60s --quiet,19,5/15/2026,18:11:29,20.15,2.21,240
stress-ng --cpu 16 --cpu-load 38 --timeout 60s --quiet,19,5/15/2026,18:11:30,18.15,2.21,238
stress-ng --cpu 16 --cpu-load 38 --timeout 60s --quiet,19,5/15/2026,18:11:31,19.01,2.21,241
stress-ng --cpu 16 --cpu-load 38 --timeout 60s --quiet,19,5/15/2026,18:11:32,20.11,2.21,239
stress-ng --cpu 16 --cpu-load 38 --timeout 60s --quiet,19,5/15/2026,18:11:33,18.13,2.21,242
stress-ng --cpu 16 --cpu-load 38 --timeout 60s --quiet,19,5/15/2026,18:11:34,20.42,2.21,240
stress-ng --cpu 16 --cpu-load 38 --timeout 60s --quiet,19,5/15/2026,18:11:35,19.28,2.21,242
stress-ng --cpu 16 --cpu-load 38 --timeout 60s --quiet,19,5/15/2026,18:11:36,18.14,2.21,234
stress-ng --cpu 16 --cpu-load 38 --timeout 60s --quiet,19,5/15/2026,18:11:37,20.02,2.21,241
stress-ng --cpu 16 --cpu-load 38 --timeout 60s --quiet,19,5/15/2026,18:11:38,19.42,2.21,241
stress-ng --cpu 16 --cpu-load 38 --timeout 60s --quiet,19,5/15/2026,18:11:39,19.26,2.21,248
stress-ng --cpu 16 --cpu-load 38 --timeout 60s --quiet,19,5/15/2026,18:11:40,19.25,2.22,239.5
stress-ng --cpu 16 --cpu-load 38 --timeout 60s --quiet,19,5/15/2026,18:11:41,19.13,2.22,231
stress-ng --cpu 16 --cpu-load 38 --timeout 60s --quiet,19,5/15/2026,18:11:42,19.02,2.22,231
stress-ng --cpu 16 --cpu-load 38 --timeout 60s --quiet,19,5/15/2026,18:11:43,19.48,2.21,235.5
stress-ng --cpu 16 --cpu-load 38 --timeout 60s --quiet,19,5/15/2026,18:11:44,19.29,2.21,240
stress-ng --cpu 16 --cpu-load 38 --timeout 60s --quiet,19,5/15/2026,18:11:45,19.52,2.21,236
stress-ng --cpu 16 --cpu-load 38 --timeout 60s --quiet,19,5/15/2026,18:11:46,18.81,2.21,239
stress-ng --cpu 16 --cpu-load 38 --timeout 60s --quiet,19,5/15/2026,18:11:47,19.75,2.21,245
stress-ng --cpu 16 --cpu-load 38 --timeout 60s --quiet,19,5/15/2026,18:11:48,19.18,2.22,239
stress-ng --cpu 16 --cpu-load 38 --timeout 60s --quiet,19,5/15/2026,18:11:49,19.18,2.22,244
stress-ng --cpu 16 --cpu-load 38 --timeout 60s --quiet,19,5/15/2026,18:11:50,18.94,2.22,233
stress-ng --cpu 16 --cpu-load 38 --timeout 60s --quiet,19,5/15/2026,18:11:51,19.48,2.22,244
stress-ng --cpu 16 --cpu-load 38 --timeout 60s --quiet,19,5/15/2026,18:11:52,19.75,2.21,235
stress-ng --cpu 16 --cpu-load 38 --timeout 60s --quiet,19,5/15/2026,18:11:53,19.04,2.21,238
stress-ng --cpu 16 --cpu-load 38 --timeout 60s --quiet,19,5/15/2026,18:11:54,18.37,2.21,237
stress-ng --cpu 16 --cpu-load 38 --timeout 60s --quiet,19,5/15/2026,18:11:55,20.17,2.21,241
stress-ng --cpu 16 --cpu-load 38 --timeout 60s --quiet,19,5/15/2026,18:11:56,18.32,2.21,246
stress-ng --cpu 16 --cpu-load 38 --timeout 60s --quiet,19,5/15/2026,18:11:57,20.46,2.21,237
stress-ng --cpu 16 --cpu-load 38 --timeout 60s --quiet,19,5/15/2026,18:11:58,18.93,2.21,250
stress-ng --cpu 16 --cpu-load 38 --timeout 60s --quiet,19,5/15/2026,18:11:59,18.14,2.2,231
stress-ng --cpu 16 --cpu-load 38 --timeout 60s --quiet,19,5/15/2026,18:12:00,19.52,2.2,234
stress-ng --cpu 16 --cpu-load 38 --timeout 60s --quiet,19,5/15/2026,18:12:01,19.34,2.2,238
stress-ng --cpu 16 --cpu-load 38 --timeout 60s --quiet,19,5/15/2026,18:12:02,19.22,2.2,236
stress-ng --cpu 16 --cpu-load 38 --timeout 60s --quiet,19,5/15/2026,18:12:03,19.05,2.2,234
stress-ng --cpu 16 --cpu-load 38 --timeout 60s --quiet,19,5/15/2026,18:12:04,20.02,2.21,242
stress-ng --cpu 16 --cpu-load 38 --timeout 60s --quiet,19,5/15/2026,18:12:05,18.9,2.2,238
stress-ng --cpu 16 --cpu-load 38 --timeout 60s --quiet,19,5/15/2026,18:12:06,19,2.19,238
stress-ng --cpu 16 --cpu-load 38 --timeout 60s --quiet,19,5/15/2026,18:12:07,13.59,2.11,241
stress-ng --cpu 16 --cpu-load 40 --timeout 60s --quiet,20,5/15/2026,3:51:08,0.15,2.16,123
stress-ng --cpu 16 --cpu-load 40 --timeout 60s --quiet,20,5/15/2026,3:51:09,21.64,2.26,213
stress-ng --cpu 16 --cpu-load 40 --timeout 60s --quiet,20,5/15/2026,3:51:10,17.74,2.26,180
stress-ng --cpu 16 --cpu-load 40 --timeout 60s --quiet,20,5/15/2026,3:51:11,20.41,2.26,195
stress-ng --cpu 16 --cpu-load 40 --timeout 60s --quiet,20,5/15/2026,3:51:12,21.54,2.26,224
stress-ng --cpu 16 --cpu-load 40 --timeout 60s --quiet,20,5/15/2026,3:51:13,20.18,2.25,204
stress-ng --cpu 16 --cpu-load 40 --timeout 60s --quiet,20,5/15/2026,3:51:14,19.57,2.25,233
stress-ng --cpu 16 --cpu-load 40 --timeout 60s --quiet,20,5/15/2026,3:51:15,19.95,2.25,224
stress-ng --cpu 16 --cpu-load 40 --timeout 60s --quiet,20,5/15/2026,3:51:16,20.39,2.24,220
stress-ng --cpu 16 --cpu-load 40 --timeout 60s --quiet,20,5/15/2026,3:51:17,20.57,2.23,223
stress-ng --cpu 16 --cpu-load 40 --timeout 60s --quiet,20,5/15/2026,3:51:18,20.3,2.23,220
stress-ng --cpu 16 --cpu-load 40 --timeout 60s --quiet,20,5/15/2026,3:51:19,19.32,2.22,232
stress-ng --cpu 16 --cpu-load 40 --timeout 60s --quiet,20,5/15/2026,3:51:20,20.01,2.21,229
stress-ng --cpu 16 --cpu-load 40 --timeout 60s --quiet,20,5/15/2026,3:51:21,20.89,2.21,217
stress-ng --cpu 16 --cpu-load 40 --timeout 60s --quiet,20,5/15/2026,3:51:22,20.72,2.21,229
stress-ng --cpu 16 --cpu-load 40 --timeout 60s --quiet,20,5/15/2026,3:51:23,20.11,2.21,231
stress-ng --cpu 16 --cpu-load 40 --timeout 60s --quiet,20,5/15/2026,3:51:24,19.25,2.21,230
stress-ng --cpu 16 --cpu-load 40 --timeout 60s --quiet,20,5/15/2026,3:51:25,20.56,2.21,236
stress-ng --cpu 16 --cpu-load 40 --timeout 60s --quiet,20,5/15/2026,3:51:26,20.34,2.21,238.5
stress-ng --cpu 16 --cpu-load 40 --timeout 60s --quiet,20,5/15/2026,3:51:27,19.85,2.2,241
stress-ng --cpu 16 --cpu-load 40 --timeout 60s --quiet,20,5/15/2026,3:51:28,20.41,2.21,235
stress-ng --cpu 16 --cpu-load 40 --timeout 60s --quiet,20,5/15/2026,3:51:29,20.59,2.2,225
stress-ng --cpu 16 --cpu-load 40 --timeout 60s --quiet,20,5/15/2026,3:51:30,20.14,2.2,235
stress-ng --cpu 16 --cpu-load 40 --timeout 60s --quiet,20,5/15/2026,3:51:31,20.32,2.2,242
stress-ng --cpu 16 --cpu-load 40 --timeout 60s --quiet,20,5/15/2026,3:51:32,20.44,2.2,237
stress-ng --cpu 16 --cpu-load 40 --timeout 60s --quiet,20,5/15/2026,3:51:33,20.07,2.2,243
stress-ng --cpu 16 --cpu-load 40 --timeout 60s --quiet,20,5/15/2026,3:51:34,19.34,2.2,220
stress-ng --cpu 16 --cpu-load 40 --timeout 60s --quiet,20,5/15/2026,3:51:35,20.6,2.2,228
stress-ng --cpu 16 --cpu-load 40 --timeout 60s --quiet,20,5/15/2026,3:51:36,20.44,2.2,238
stress-ng --cpu 16 --cpu-load 40 --timeout 60s --quiet,20,5/15/2026,3:51:37,20.385,2.2,242
stress-ng --cpu 16 --cpu-load 40 --timeout 60s --quiet,20,5/15/2026,3:51:38,20.33,2.2,235
stress-ng --cpu 16 --cpu-load 40 --timeout 60s --quiet,20,5/15/2026,3:51:39,19.94,2.19,235
stress-ng --cpu 16 --cpu-load 40 --timeout 60s --quiet,20,5/15/2026,3:51:40,19.72,2.19,224
stress-ng --cpu 16 --cpu-load 40 --timeout 60s --quiet,20,5/15/2026,3:51:41,20.1,2.19,234
stress-ng --cpu 16 --cpu-load 40 --timeout 60s --quiet,20,5/15/2026,3:51:42,21.18,2.19,239
stress-ng --cpu 16 --cpu-load 40 --timeout 60s --quiet,20,5/15/2026,3:51:43,20.11,2.18,233
stress-ng --cpu 16 --cpu-load 40 --timeout 60s --quiet,20,5/15/2026,3:51:44,19.26,2.17,240
stress-ng --cpu 16 --cpu-load 40 --timeout 60s --quiet,20,5/15/2026,3:51:45,20.24,2.18,238
stress-ng --cpu 16 --cpu-load 40 --timeout 60s --quiet,20,5/15/2026,3:51:46,20.39,2.18,238
stress-ng --cpu 16 --cpu-load 40 --timeout 60s --quiet,20,5/15/2026,3:51:47,21.36,2.18,240
stress-ng --cpu 16 --cpu-load 40 --timeout 60s --quiet,20,5/15/2026,3:51:48,19.7,2.18,246
stress-ng --cpu 16 --cpu-load 40 --timeout 60s --quiet,20,5/15/2026,3:51:49,20.52,2.18,243
stress-ng --cpu 16 --cpu-load 40 --timeout 60s --quiet,20,5/15/2026,3:51:50,19.84,2.18,237
stress-ng --cpu 16 --cpu-load 40 --timeout 60s --quiet,20,5/15/2026,3:51:51,20.49,2.18,247
stress-ng --cpu 16 --cpu-load 40 --timeout 60s --quiet,20,5/15/2026,3:51:52,20.25,2.18,238
stress-ng --cpu 16 --cpu-load 40 --timeout 60s --quiet,20,5/15/2026,3:51:53,20.2,2.18,241
stress-ng --cpu 16 --cpu-load 40 --timeout 60s --quiet,20,5/15/2026,3:51:54,19.9,2.18,231
stress-ng --cpu 16 --cpu-load 40 --timeout 60s --quiet,20,5/15/2026,3:51:55,20.57,2.18,235
stress-ng --cpu 16 --cpu-load 40 --timeout 60s --quiet,20,5/15/2026,3:51:56,19.8,2.18,242
stress-ng --cpu 16 --cpu-load 40 --timeout 60s --quiet,20,5/15/2026,3:51:57,20.68,2.18,235
stress-ng --cpu 16 --cpu-load 40 --timeout 60s --quiet,20,5/15/2026,3:51:58,19.86,2.18,241
stress-ng --cpu 16 --cpu-load 40 --timeout 60s --quiet,20,5/15/2026,3:51:59,19.95,2.19,239
stress-ng --cpu 16 --cpu-load 40 --timeout 60s --quiet,20,5/15/2026,3:52:00,21.16,2.18,244
stress-ng --cpu 16 --cpu-load 40 --timeout 60s --quiet,20,5/15/2026,3:52:01,20.11,2.19,244
stress-ng --cpu 16 --cpu-load 40 --timeout 60s --quiet,20,5/15/2026,3:52:02,20.34,2.19,244
stress-ng --cpu 16 --cpu-load 40 --timeout 60s --quiet,20,5/15/2026,3:52:03,20.28,2.19,237
stress-ng --cpu 16 --cpu-load 40 --timeout 60s --quiet,20,5/15/2026,3:52:04,19.48,2.19,242
stress-ng --cpu 16 --cpu-load 40 --timeout 60s --quiet,20,5/15/2026,3:52:05,20.77,2.19,241
stress-ng --cpu 16 --cpu-load 40 --timeout 60s --quiet,20,5/15/2026,3:52:06,19.89,2.18,248
stress-ng --cpu 16 --cpu-load 40 --timeout 60s --quiet,20,5/15/2026,3:52:07,20.28,2.19,235
stress-ng --cpu 16 --cpu-load 40 --timeout 60s --quiet,20,5/15/2026,3:52:08,19.85,2.18,235
stress-ng --cpu 16 --cpu-load 40 --timeout 60s --quiet,20,5/15/2026,12:24:19,0.12,2.15,124
stress-ng --cpu 16 --cpu-load 40 --timeout 60s --quiet,20,5/15/2026,12:24:20,11.45,2.27,116
stress-ng --cpu 16 --cpu-load 40 --timeout 60s --quiet,20,5/15/2026,12:24:21,17.88,2.26,150
stress-ng --cpu 16 --cpu-load 40 --timeout 60s --quiet,20,5/15/2026,12:24:22,20.76,2.26,189
stress-ng --cpu 16 --cpu-load 40 --timeout 60s --quiet,20,5/15/2026,12:24:23,20.3,2.27,213
stress-ng --cpu 16 --cpu-load 40 --timeout 60s --quiet,20,5/15/2026,12:24:24,20.02,2.26,233
stress-ng --cpu 16 --cpu-load 40 --timeout 60s --quiet,20,5/15/2026,12:24:25,21.42,2.27,210
stress-ng --cpu 16 --cpu-load 40 --timeout 60s --quiet,20,5/15/2026,12:24:26,19,2.25,247
stress-ng --cpu 16 --cpu-load 40 --timeout 60s --quiet,20,5/15/2026,12:24:27,20.1,2.25,236
stress-ng --cpu 16 --cpu-load 40 --timeout 60s --quiet,20,5/15/2026,12:24:28,19.88,2.25,230
stress-ng --cpu 16 --cpu-load 40 --timeout 60s --quiet,20,5/15/2026,12:24:29,20.72,2.25,233
stress-ng --cpu 16 --cpu-load 40 --timeout 60s --quiet,20,5/15/2026,12:24:30,21.55,2.24,229
stress-ng --cpu 16 --cpu-load 40 --timeout 60s --quiet,20,5/15/2026,12:24:31,19.54,2.24,216
stress-ng --cpu 16 --cpu-load 40 --timeout 60s --quiet,20,5/15/2026,12:24:32,19.76,2.24,245
stress-ng --cpu 16 --cpu-load 40 --timeout 60s --quiet,20,5/15/2026,12:24:33,19.68,2.24,242
stress-ng --cpu 16 --cpu-load 40 --timeout 60s --quiet,20,5/15/2026,12:24:34,20.43,2.24,235
stress-ng --cpu 16 --cpu-load 40 --timeout 60s --quiet,20,5/15/2026,12:24:35,21.13,2.24,234
stress-ng --cpu 16 --cpu-load 40 --timeout 60s --quiet,20,5/15/2026,12:24:36,20.2,2.23,232
stress-ng --cpu 16 --cpu-load 40 --timeout 60s --quiet,20,5/15/2026,12:24:37,19.32,2.23,239
stress-ng --cpu 16 --cpu-load 40 --timeout 60s --quiet,20,5/15/2026,12:24:38,20.06,2.23,235
stress-ng --cpu 16 --cpu-load 40 --timeout 60s --quiet,20,5/15/2026,12:24:39,20.46,2.23,233
stress-ng --cpu 16 --cpu-load 40 --timeout 60s --quiet,20,5/15/2026,12:24:40,21.02,2.23,231
stress-ng --cpu 16 --cpu-load 40 --timeout 60s --quiet,20,5/15/2026,12:24:41,20.47,2.22,236
stress-ng --cpu 16 --cpu-load 40 --timeout 60s --quiet,20,5/15/2026,12:24:42,18.7,2.23,236
stress-ng --cpu 16 --cpu-load 40 --timeout 60s --quiet,20,5/15/2026,12:24:43,20.26,2.24,229
stress-ng --cpu 16 --cpu-load 40 --timeout 60s --quiet,20,5/15/2026,12:24:44,21.21,2.23,246
stress-ng --cpu 16 --cpu-load 40 --timeout 60s --quiet,20,5/15/2026,12:24:45,19.93,2.23,217
stress-ng --cpu 16 --cpu-load 40 --timeout 60s --quiet,20,5/15/2026,12:24:46,19.85,2.24,235
stress-ng --cpu 16 --cpu-load 40 --timeout 60s --quiet,20,5/15/2026,12:24:47,20.07,2.24,246
stress-ng --cpu 16 --cpu-load 40 --timeout 60s --quiet,20,5/15/2026,12:24:48,21.06,2.23,242
stress-ng --cpu 16 --cpu-load 40 --timeout 60s --quiet,20,5/15/2026,12:24:49,19.57,2.23,236
stress-ng --cpu 16 --cpu-load 40 --timeout 60s --quiet,20,5/15/2026,12:24:50,20.58,2.23,247
stress-ng --cpu 16 --cpu-load 40 --timeout 60s --quiet,20,5/15/2026,12:24:51,20.26,2.22,252
stress-ng --cpu 16 --cpu-load 40 --timeout 60s --quiet,20,5/15/2026,12:24:52,20.23,2.22,246
stress-ng --cpu 16 --cpu-load 40 --timeout 60s --quiet,20,5/15/2026,12:24:53,19.28,2.22,238
stress-ng --cpu 16 --cpu-load 40 --timeout 60s --quiet,20,5/15/2026,12:24:54,19.88,2.22,232
stress-ng --cpu 16 --cpu-load 40 --timeout 60s --quiet,20,5/15/2026,12:24:55,20.48,2.22,251
stress-ng --cpu 16 --cpu-load 40 --timeout 60s --quiet,20,5/15/2026,12:24:56,20.16,2.22,241
stress-ng --cpu 16 --cpu-load 40 --timeout 60s --quiet,20,5/15/2026,12:24:57,21.21,2.22,236
stress-ng --cpu 16 --cpu-load 40 --timeout 60s --quiet,20,5/15/2026,12:24:58,19.86,2.22,231
stress-ng --cpu 16 --cpu-load 40 --timeout 60s --quiet,20,5/15/2026,12:24:59,19.82,2.22,240
stress-ng --cpu 16 --cpu-load 40 --timeout 60s --quiet,20,5/15/2026,12:25:00,19.27,2.22,249
stress-ng --cpu 16 --cpu-load 40 --timeout 60s --quiet,20,5/15/2026,12:25:01,21.09,2.21,241
stress-ng --cpu 16 --cpu-load 40 --timeout 60s --quiet,20,5/15/2026,12:25:02,20.15,2.2,228
stress-ng --cpu 16 --cpu-load 40 --timeout 60s --quiet,20,5/15/2026,12:25:03,23.55,2.23,250
stress-ng --cpu 16 --cpu-load 40 --timeout 60s --quiet,20,5/15/2026,12:25:04,20.64,2.24,259
stress-ng --cpu 16 --cpu-load 40 --timeout 60s --quiet,20,5/15/2026,12:25:05,20.41,2.24,247
stress-ng --cpu 16 --cpu-load 40 --timeout 60s --quiet,20,5/15/2026,12:25:06,20.31,2.23,250
stress-ng --cpu 16 --cpu-load 40 --timeout 60s --quiet,20,5/15/2026,12:25:07,20.15,2.23,236
stress-ng --cpu 16 --cpu-load 40 --timeout 60s --quiet,20,5/15/2026,12:25:08,20.26,2.23,249
stress-ng --cpu 16 --cpu-load 40 --timeout 60s --quiet,20,5/15/2026,12:25:09,20.45,2.22,232
stress-ng --cpu 16 --cpu-load 40 --timeout 60s --quiet,20,5/15/2026,12:25:10,20.28,2.23,244
stress-ng --cpu 16 --cpu-load 40 --timeout 60s --quiet,20,5/15/2026,12:25:11,20.73,2.23,238
stress-ng --cpu 16 --cpu-load 40 --timeout 60s --quiet,20,5/15/2026,12:25:12,20.2,2.23,248
stress-ng --cpu 16 --cpu-load 40 --timeout 60s --quiet,20,5/15/2026,12:25:13,20.06,2.24,247
stress-ng --cpu 16 --cpu-load 40 --timeout 60s --quiet,20,5/15/2026,12:25:14,20.74,2.23,245
stress-ng --cpu 16 --cpu-load 40 --timeout 60s --quiet,20,5/15/2026,12:25:15,20.17,2.22,251
stress-ng --cpu 16 --cpu-load 40 --timeout 60s --quiet,20,5/15/2026,12:25:16,20.01,2.21,240
stress-ng --cpu 16 --cpu-load 40 --timeout 60s --quiet,20,5/15/2026,12:25:17,19.93,2.21,240
stress-ng --cpu 16 --cpu-load 40 --timeout 60s --quiet,20,5/15/2026,12:25:18,20.57,2.21,241
stress-ng --cpu 16 --cpu-load 40 --timeout 60s --quiet,20,5/15/2026,12:25:19,20.56,2.2,230
stress-ng --cpu 16 --cpu-load 40 --timeout 60s --quiet,20,5/15/2026,12:25:20,12.13,2.12,243
stress-ng --cpu 16 --cpu-load 40 --timeout 60s --quiet,20,5/15/2026,23:09:49,0.09,2.13,111
stress-ng --cpu 16 --cpu-load 40 --timeout 60s --quiet,20,5/15/2026,23:09:50,16.72,2.23,135
stress-ng --cpu 16 --cpu-load 40 --timeout 60s --quiet,20,5/15/2026,23:09:51,22.03,2.23,206
stress-ng --cpu 16 --cpu-load 40 --timeout 60s --quiet,20,5/15/2026,23:09:52,19.67,2.23,232
stress-ng --cpu 16 --cpu-load 40 --timeout 60s --quiet,20,5/15/2026,23:09:53,18.82,2.23,241
stress-ng --cpu 16 --cpu-load 40 --timeout 60s --quiet,20,5/15/2026,23:09:54,20.04,2.23,229.5
stress-ng --cpu 16 --cpu-load 40 --timeout 60s --quiet,20,5/15/2026,23:09:55,20.94,2.22,218
stress-ng --cpu 16 --cpu-load 40 --timeout 60s --quiet,20,5/15/2026,23:09:56,20.25,2.22,232
stress-ng --cpu 16 --cpu-load 40 --timeout 60s --quiet,20,5/15/2026,23:09:57,21.08,2.21,210
stress-ng --cpu 16 --cpu-load 40 --timeout 60s --quiet,20,5/15/2026,23:09:58,18.63,2.21,236
stress-ng --cpu 16 --cpu-load 40 --timeout 60s --quiet,20,5/15/2026,23:09:59,19.85,2.21,243
stress-ng --cpu 16 --cpu-load 40 --timeout 60s --quiet,20,5/15/2026,23:10:00,21.1,2.21,235.5
stress-ng --cpu 16 --cpu-load 40 --timeout 60s --quiet,20,5/15/2026,23:10:01,20.66,2.21,228
stress-ng --cpu 16 --cpu-load 40 --timeout 60s --quiet,20,5/15/2026,23:10:02,20.52,2.21,238
stress-ng --cpu 16 --cpu-load 40 --timeout 60s --quiet,20,5/15/2026,23:10:03,20,2.21,239
stress-ng --cpu 16 --cpu-load 40 --timeout 60s --quiet,20,5/15/2026,23:10:04,19.31,2.2,231
stress-ng --cpu 16 --cpu-load 40 --timeout 60s --quiet,20,5/15/2026,23:10:05,20.04,2.2,238
stress-ng --cpu 16 --cpu-load 40 --timeout 60s --quiet,20,5/15/2026,23:10:06,21.38,2.21,247
stress-ng --cpu 16 --cpu-load 40 --timeout 60s --quiet,20,5/15/2026,23:10:07,20.64,2.2,238
stress-ng --cpu 16 --cpu-load 40 --timeout 60s --quiet,20,5/15/2026,23:10:08,19.17,2.21,236
stress-ng --cpu 16 --cpu-load 40 --timeout 60s --quiet,20,5/15/2026,23:10:09,19.73,2.2,212
stress-ng --cpu 16 --cpu-load 40 --timeout 60s --quiet,20,5/15/2026,23:10:10,20.52,2.2,239
stress-ng --cpu 16 --cpu-load 40 --timeout 60s --quiet,20,5/15/2026,23:10:11,21.16,2.2,248
stress-ng --cpu 16 --cpu-load 40 --timeout 60s --quiet,20,5/15/2026,23:10:12,19.51,2.2,207
stress-ng --cpu 16 --cpu-load 40 --timeout 60s --quiet,20,5/15/2026,23:10:13,20.05,2.2,241
stress-ng --cpu 16 --cpu-load 40 --timeout 60s --quiet,20,5/15/2026,23:10:14,19.96,2.2,243
stress-ng --cpu 16 --cpu-load 40 --timeout 60s --quiet,20,5/15/2026,23:10:15,20.41,2.2,237
stress-ng --cpu 16 --cpu-load 40 --timeout 60s --quiet,20,5/15/2026,23:10:16,21.01,2.2,237
stress-ng --cpu 16 --cpu-load 40 --timeout 60s --quiet,20,5/15/2026,23:10:17,19.78,2.2,245
stress-ng --cpu 16 --cpu-load 40 --timeout 60s --quiet,20,5/15/2026,23:10:18,19.46,2.2,239
stress-ng --cpu 16 --cpu-load 40 --timeout 60s --quiet,20,5/15/2026,23:10:19,20.1,2.2,247
stress-ng --cpu 16 --cpu-load 40 --timeout 60s --quiet,20,5/15/2026,23:10:20,21.43,2.2,230
stress-ng --cpu 16 --cpu-load 40 --timeout 60s --quiet,20,5/15/2026,23:10:21,19.71,2.2,246
stress-ng --cpu 16 --cpu-load 40 --timeout 60s --quiet,20,5/15/2026,23:10:22,19.96,2.2,253
stress-ng --cpu 16 --cpu-load 40 --timeout 60s --quiet,20,5/15/2026,23:10:23,20.03,2.2,241
stress-ng --cpu 16 --cpu-load 40 --timeout 60s --quiet,20,5/15/2026,23:10:24,20.62,2.2,247
stress-ng --cpu 16 --cpu-load 40 --timeout 60s --quiet,20,5/15/2026,23:10:25,20.69,2.2,241
stress-ng --cpu 16 --cpu-load 40 --timeout 60s --quiet,20,5/15/2026,23:10:26,20.405,2.2,246
stress-ng --cpu 16 --cpu-load 40 --timeout 60s --quiet,20,5/15/2026,23:10:27,20.12,2.2,239
stress-ng --cpu 16 --cpu-load 40 --timeout 60s --quiet,20,5/15/2026,23:10:28,20.08,2.2,242
stress-ng --cpu 16 --cpu-load 40 --timeout 60s --quiet,20,5/15/2026,23:10:29,20.15,2.2,240
stress-ng --cpu 16 --cpu-load 40 --timeout 60s --quiet,20,5/15/2026,23:10:30,20.2,2.19,246
stress-ng --cpu 16 --cpu-load 40 --timeout 60s --quiet,20,5/15/2026,23:10:31,20.65,2.2,251
stress-ng --cpu 16 --cpu-load 40 --timeout 60s --quiet,20,5/15/2026,23:10:32,19.43,2.2,245
stress-ng --cpu 16 --cpu-load 40 --timeout 60s --quiet,20,5/15/2026,23:10:33,20.79,2.2,246
stress-ng --cpu 16 --cpu-load 40 --timeout 60s --quiet,20,5/15/2026,23:10:34,19.37,2.2,240.5
stress-ng --cpu 16 --cpu-load 40 --timeout 60s --quiet,20,5/15/2026,23:10:35,21.05,2.21,235
stress-ng --cpu 16 --cpu-load 40 --timeout 60s --quiet,20,5/15/2026,23:10:36,20,2.2,242
stress-ng --cpu 16 --cpu-load 40 --timeout 60s --quiet,20,5/15/2026,23:10:37,20.15,2.2,253
stress-ng --cpu 16 --cpu-load 40 --timeout 60s --quiet,20,5/15/2026,23:10:38,20.05,2.21,253
stress-ng --cpu 16 --cpu-load 40 --timeout 60s --quiet,20,5/15/2026,23:10:39,19.9,2.21,241
stress-ng --cpu 16 --cpu-load 40 --timeout 60s --quiet,20,5/15/2026,23:10:40,21,2.21,253
stress-ng --cpu 16 --cpu-load 40 --timeout 60s --quiet,20,5/15/2026,23:10:41,20.38,2.21,248
stress-ng --cpu 16 --cpu-load 40 --timeout 60s --quiet,20,5/15/2026,23:10:42,20.09,2.21,238
stress-ng --cpu 16 --cpu-load 40 --timeout 60s --quiet,20,5/15/2026,23:10:43,19.86,2.21,238
stress-ng --cpu 16 --cpu-load 40 --timeout 60s --quiet,20,5/15/2026,23:10:44,20.37,2.21,241
stress-ng --cpu 16 --cpu-load 40 --timeout 60s --quiet,20,5/15/2026,23:10:45,19.92,2.21,250
stress-ng --cpu 16 --cpu-load 40 --timeout 60s --quiet,20,5/15/2026,23:10:46,20.38,2.2,233
stress-ng --cpu 16 --cpu-load 40 --timeout 60s --quiet,20,5/15/2026,23:10:47,20.23,2.2,247
stress-ng --cpu 16 --cpu-load 40 --timeout 60s --quiet,20,5/15/2026,23:10:48,19.67,2.2,232
stress-ng --cpu 16 --cpu-load 40 --timeout 60s --quiet,20,5/15/2026,23:10:49,21,2.2,242
stress-ng --cpu 16 --cpu-load 42 --timeout 60s --quiet,21,5/15/2026,3:09:02,2.13,2.22,125
stress-ng --cpu 16 --cpu-load 42 --timeout 60s --quiet,21,5/15/2026,3:09:03,20.67,2.25,123
stress-ng --cpu 16 --cpu-load 42 --timeout 60s --quiet,21,5/15/2026,3:09:04,21.95,2.25,211
stress-ng --cpu 16 --cpu-load 42 --timeout 60s --quiet,21,5/15/2026,3:09:05,20.93,2.25,227
stress-ng --cpu 16 --cpu-load 42 --timeout 60s --quiet,21,5/15/2026,3:09:06,21.45,2.25,247
stress-ng --cpu 16 --cpu-load 42 --timeout 60s --quiet,21,5/15/2026,3:09:07,21.78,2.25,240
stress-ng --cpu 16 --cpu-load 42 --timeout 60s --quiet,21,5/15/2026,3:09:08,20.76,2.24,257
stress-ng --cpu 16 --cpu-load 42 --timeout 60s --quiet,21,5/15/2026,3:09:09,21.69,2.24,241
stress-ng --cpu 16 --cpu-load 42 --timeout 60s --quiet,21,5/15/2026,3:09:10,20.46,2.24,245
stress-ng --cpu 16 --cpu-load 42 --timeout 60s --quiet,21,5/15/2026,3:09:11,21.43,2.24,233
stress-ng --cpu 16 --cpu-load 42 --timeout 60s --quiet,21,5/15/2026,3:09:12,20.5,2.23,235
stress-ng --cpu 16 --cpu-load 42 --timeout 60s --quiet,21,5/15/2026,3:09:13,21.66,2.23,245
stress-ng --cpu 16 --cpu-load 42 --timeout 60s --quiet,21,5/15/2026,3:09:14,20.9,2.23,242
stress-ng --cpu 16 --cpu-load 42 --timeout 60s --quiet,21,5/15/2026,3:09:15,21.24,2.22,231
stress-ng --cpu 16 --cpu-load 42 --timeout 60s --quiet,21,5/15/2026,3:09:16,21.36,2.23,232
stress-ng --cpu 16 --cpu-load 42 --timeout 60s --quiet,21,5/15/2026,3:09:17,20.97,2.22,235
stress-ng --cpu 16 --cpu-load 42 --timeout 60s --quiet,21,5/15/2026,3:09:18,21.56,2.23,250
stress-ng --cpu 16 --cpu-load 42 --timeout 60s --quiet,21,5/15/2026,3:09:19,21.08,2.23,242
stress-ng --cpu 16 --cpu-load 42 --timeout 60s --quiet,21,5/15/2026,3:09:20,21.02,2.22,240
stress-ng --cpu 16 --cpu-load 42 --timeout 60s --quiet,21,5/15/2026,3:09:21,21.265,2.22,238
stress-ng --cpu 16 --cpu-load 42 --timeout 60s --quiet,21,5/15/2026,3:09:22,21.51,2.22,239
stress-ng --cpu 16 --cpu-load 42 --timeout 60s --quiet,21,5/15/2026,3:09:23,20.87,2.22,237
stress-ng --cpu 16 --cpu-load 42 --timeout 60s --quiet,21,5/15/2026,3:09:24,21.42,2.22,235
stress-ng --cpu 16 --cpu-load 42 --timeout 60s --quiet,21,5/15/2026,3:09:25,21.24,2.21,249
stress-ng --cpu 16 --cpu-load 42 --timeout 60s --quiet,21,5/15/2026,3:09:26,20.93,2.21,244
stress-ng --cpu 16 --cpu-load 42 --timeout 60s --quiet,21,5/15/2026,3:09:27,21.64,2.21,249
stress-ng --cpu 16 --cpu-load 42 --timeout 60s --quiet,21,5/15/2026,3:09:28,21.7,2.21,241
stress-ng --cpu 16 --cpu-load 42 --timeout 60s --quiet,21,5/15/2026,3:09:29,21.32,2.21,249
stress-ng --cpu 16 --cpu-load 42 --timeout 60s --quiet,21,5/15/2026,3:09:30,20.85,2.2,244
stress-ng --cpu 16 --cpu-load 42 --timeout 60s --quiet,21,5/15/2026,3:09:31,20.98,2.21,253
stress-ng --cpu 16 --cpu-load 42 --timeout 60s --quiet,21,5/15/2026,3:09:32,21.2,2.2,248
stress-ng --cpu 16 --cpu-load 42 --timeout 60s --quiet,21,5/15/2026,3:09:33,20.9,2.2,250.5
stress-ng --cpu 16 --cpu-load 42 --timeout 60s --quiet,21,5/15/2026,3:09:34,21.91,2.21,253
stress-ng --cpu 16 --cpu-load 42 --timeout 60s --quiet,21,5/15/2026,3:09:35,20.6,2.21,248
stress-ng --cpu 16 --cpu-load 42 --timeout 60s --quiet,21,5/15/2026,3:09:36,21.17,2.21,243
stress-ng --cpu 16 --cpu-load 42 --timeout 60s --quiet,21,5/15/2026,3:09:37,20.95,2.2,240
stress-ng --cpu 16 --cpu-load 42 --timeout 60s --quiet,21,5/15/2026,3:09:38,21.25,2.2,254
stress-ng --cpu 16 --cpu-load 42 --timeout 60s --quiet,21,5/15/2026,3:09:39,21.01,2.2,245
stress-ng --cpu 16 --cpu-load 42 --timeout 60s --quiet,21,5/15/2026,3:09:40,21.97,2.2,240
stress-ng --cpu 16 --cpu-load 42 --timeout 60s --quiet,21,5/15/2026,3:09:41,21.25,2.2,253
stress-ng --cpu 16 --cpu-load 42 --timeout 60s --quiet,21,5/15/2026,3:09:42,21.48,2.21,245
stress-ng --cpu 16 --cpu-load 42 --timeout 60s --quiet,21,5/15/2026,3:09:43,20.85,2.21,248
stress-ng --cpu 16 --cpu-load 42 --timeout 60s --quiet,21,5/15/2026,3:09:44,20.69,2.21,257
stress-ng --cpu 16 --cpu-load 42 --timeout 60s --quiet,21,5/15/2026,3:09:45,21.66,2.21,253
stress-ng --cpu 16 --cpu-load 42 --timeout 60s --quiet,21,5/15/2026,3:09:46,21.1,2.21,254
stress-ng --cpu 16 --cpu-load 42 --timeout 60s --quiet,21,5/15/2026,3:09:47,21.01,2.22,248
stress-ng --cpu 16 --cpu-load 42 --timeout 60s --quiet,21,5/15/2026,3:09:48,21.04,2.22,255
stress-ng --cpu 16 --cpu-load 42 --timeout 60s --quiet,21,5/15/2026,3:09:49,21.86,2.22,243
stress-ng --cpu 16 --cpu-load 42 --timeout 60s --quiet,21,5/15/2026,3:09:50,20.81,2.21,250
stress-ng --cpu 16 --cpu-load 42 --timeout 60s --quiet,21,5/15/2026,3:09:51,21.22,2.21,255
stress-ng --cpu 16 --cpu-load 42 --timeout 60s --quiet,21,5/15/2026,3:09:52,21.17,2.22,237
stress-ng --cpu 16 --cpu-load 42 --timeout 60s --quiet,21,5/15/2026,3:09:53,20.93,2.22,241
stress-ng --cpu 16 --cpu-load 42 --timeout 60s --quiet,21,5/15/2026,3:09:54,21.37,2.22,238
stress-ng --cpu 16 --cpu-load 42 --timeout 60s --quiet,21,5/15/2026,3:09:55,21.24,2.21,247
stress-ng --cpu 16 --cpu-load 42 --timeout 60s --quiet,21,5/15/2026,3:09:56,21.13,2.21,248
stress-ng --cpu 16 --cpu-load 42 --timeout 60s --quiet,21,5/15/2026,3:09:57,21.5,2.21,238
stress-ng --cpu 16 --cpu-load 42 --timeout 60s --quiet,21,5/15/2026,3:09:58,21.07,2.21,245
stress-ng --cpu 16 --cpu-load 42 --timeout 60s --quiet,21,5/15/2026,3:09:59,21.21,2.2,242
stress-ng --cpu 16 --cpu-load 42 --timeout 60s --quiet,21,5/15/2026,3:10:00,20.67,2.2,235
stress-ng --cpu 16 --cpu-load 42 --timeout 60s --quiet,21,5/15/2026,3:10:01,21.48,2.19,239.5
stress-ng --cpu 16 --cpu-load 42 --timeout 60s --quiet,21,5/15/2026,3:10:02,21.12,2.18,244
stress-ng --cpu 16 --cpu-load 42 --timeout 60s --quiet,21,5/15/2026,7:55:41,6.4,2.22,136
stress-ng --cpu 16 --cpu-load 42 --timeout 60s --quiet,21,5/15/2026,7:55:42,21.81,2.22,194
stress-ng --cpu 16 --cpu-load 42 --timeout 60s --quiet,21,5/15/2026,7:55:43,20.06,2.22,231
stress-ng --cpu 16 --cpu-load 42 --timeout 60s --quiet,21,5/15/2026,7:55:44,21.96,2.22,244
stress-ng --cpu 16 --cpu-load 42 --timeout 60s --quiet,21,5/15/2026,7:55:45,20.69,2.22,233
stress-ng --cpu 16 --cpu-load 42 --timeout 60s --quiet,21,5/15/2026,7:55:46,21.25,2.22,236
stress-ng --cpu 16 --cpu-load 42 --timeout 60s --quiet,21,5/15/2026,7:55:47,21.03,2.22,240
stress-ng --cpu 16 --cpu-load 42 --timeout 60s --quiet,21,5/15/2026,7:55:48,21.17,2.23,245
stress-ng --cpu 16 --cpu-load 42 --timeout 60s --quiet,21,5/15/2026,7:55:49,21.73,2.22,233
stress-ng --cpu 16 --cpu-load 42 --timeout 60s --quiet,21,5/15/2026,7:55:50,21.395,2.22,237
stress-ng --cpu 16 --cpu-load 42 --timeout 60s --quiet,21,5/15/2026,7:55:51,21.06,2.22,235
stress-ng --cpu 16 --cpu-load 42 --timeout 60s --quiet,21,5/15/2026,7:55:52,21.78,2.21,236
stress-ng --cpu 16 --cpu-load 42 --timeout 60s --quiet,21,5/15/2026,7:55:53,20.36,2.21,241
stress-ng --cpu 16 --cpu-load 42 --timeout 60s --quiet,21,5/15/2026,7:55:54,21.82,2.21,240
stress-ng --cpu 16 --cpu-load 42 --timeout 60s --quiet,21,5/15/2026,7:55:55,20.77,2.21,247
stress-ng --cpu 16 --cpu-load 42 --timeout 60s --quiet,21,5/15/2026,7:55:56,21.24,2.2,228
stress-ng --cpu 16 --cpu-load 42 --timeout 60s --quiet,21,5/15/2026,7:55:57,21.21,2.2,209
stress-ng --cpu 16 --cpu-load 42 --timeout 60s --quiet,21,5/15/2026,7:55:58,21.25,2.2,247
stress-ng --cpu 16 --cpu-load 42 --timeout 60s --quiet,21,5/15/2026,7:55:59,21,2.2,252
stress-ng --cpu 16 --cpu-load 42 --timeout 60s --quiet,21,5/15/2026,7:56:00,21.71,2.21,261
stress-ng --cpu 16 --cpu-load 42 --timeout 60s --quiet,21,5/15/2026,7:56:01,21.57,2.2,250
stress-ng --cpu 16 --cpu-load 42 --timeout 60s --quiet,21,5/15/2026,7:56:02,21.24,2.2,247
stress-ng --cpu 16 --cpu-load 42 --timeout 60s --quiet,21,5/15/2026,7:56:03,20.22,2.2,241
stress-ng --cpu 16 --cpu-load 42 --timeout 60s --quiet,21,5/15/2026,7:56:04,22.03,2.2,245
stress-ng --cpu 16 --cpu-load 42 --timeout 60s --quiet,21,5/15/2026,7:56:05,20.74,2.2,244
stress-ng --cpu 16 --cpu-load 42 --timeout 60s --quiet,21,5/15/2026,7:56:06,21.77,2.19,249
stress-ng --cpu 16 --cpu-load 42 --timeout 60s --quiet,21,5/15/2026,7:56:07,21.01,2.2,235
stress-ng --cpu 16 --cpu-load 42 --timeout 60s --quiet,21,5/15/2026,7:56:08,21.54,2.19,250
stress-ng --cpu 16 --cpu-load 42 --timeout 60s --quiet,21,5/15/2026,7:56:09,21.09,2.19,249
stress-ng --cpu 16 --cpu-load 42 --timeout 60s --quiet,21,5/15/2026,7:56:10,20.9,2.19,229
stress-ng --cpu 16 --cpu-load 42 --timeout 60s --quiet,21,5/15/2026,7:56:11,21.19,2.19,243
stress-ng --cpu 16 --cpu-load 42 --timeout 60s --quiet,21,5/15/2026,7:56:12,21.02,2.18,243
stress-ng --cpu 16 --cpu-load 42 --timeout 60s --quiet,21,5/15/2026,7:56:13,21.48,2.18,233
stress-ng --cpu 16 --cpu-load 42 --timeout 60s --quiet,21,5/15/2026,7:56:14,20.87,2.18,244
stress-ng --cpu 16 --cpu-load 42 --timeout 60s --quiet,21,5/15/2026,7:56:15,20.98,2.18,242
stress-ng --cpu 16 --cpu-load 42 --timeout 60s --quiet,21,5/15/2026,7:56:16,21.36,2.18,246
stress-ng --cpu 16 --cpu-load 42 --timeout 60s --quiet,21,5/15/2026,7:56:17,21.16,2.17,244
stress-ng --cpu 16 --cpu-load 42 --timeout 60s --quiet,21,5/15/2026,7:56:18,20.93,2.17,245
stress-ng --cpu 16 --cpu-load 42 --timeout 60s --quiet,21,5/15/2026,7:56:19,21.65,2.17,251
stress-ng --cpu 16 --cpu-load 42 --timeout 60s --quiet,21,5/15/2026,7:56:20,21.08,2.17,248
stress-ng --cpu 16 --cpu-load 42 --timeout 60s --quiet,21,5/15/2026,7:56:21,20.69,2.17,249
stress-ng --cpu 16 --cpu-load 42 --timeout 60s --quiet,21,5/15/2026,7:56:22,21.73,2.18,250
stress-ng --cpu 16 --cpu-load 42 --timeout 60s --quiet,21,5/15/2026,7:56:23,21.36,2.17,248
stress-ng --cpu 16 --cpu-load 42 --timeout 60s --quiet,21,5/15/2026,7:56:24,21.66,2.17,250
stress-ng --cpu 16 --cpu-load 42 --timeout 60s --quiet,21,5/15/2026,7:56:25,20.35,2.17,245
stress-ng --cpu 16 --cpu-load 42 --timeout 60s --quiet,21,5/15/2026,7:56:26,21.38,2.17,243
stress-ng --cpu 16 --cpu-load 42 --timeout 60s --quiet,21,5/15/2026,7:56:27,20.84,2.17,243
stress-ng --cpu 16 --cpu-load 42 --timeout 60s --quiet,21,5/15/2026,7:56:28,21.53,2.17,243
stress-ng --cpu 16 --cpu-load 42 --timeout 60s --quiet,21,5/15/2026,7:56:29,21.7,2.17,247
stress-ng --cpu 16 --cpu-load 42 --timeout 60s --quiet,21,5/15/2026,7:56:30,20.89,2.16,251
stress-ng --cpu 16 --cpu-load 42 --timeout 60s --quiet,21,5/15/2026,7:56:31,20.97,2.16,249
stress-ng --cpu 16 --cpu-load 42 --timeout 60s --quiet,21,5/15/2026,7:56:32,21.67,2.17,243
stress-ng --cpu 16 --cpu-load 42 --timeout 60s --quiet,21,5/15/2026,7:56:33,20.84,2.15,247
stress-ng --cpu 16 --cpu-load 42 --timeout 60s --quiet,21,5/15/2026,7:56:34,21.38,2.14,249
stress-ng --cpu 16 --cpu-load 42 --timeout 60s --quiet,21,5/15/2026,7:56:35,21.24,2.14,251
stress-ng --cpu 16 --cpu-load 42 --timeout 60s --quiet,21,5/15/2026,7:56:36,21.38,2.13,250
stress-ng --cpu 16 --cpu-load 42 --timeout 60s --quiet,21,5/15/2026,7:56:37,21.23,2.13,250
stress-ng --cpu 16 --cpu-load 42 --timeout 60s --quiet,21,5/15/2026,7:56:38,21.1,2.13,246
stress-ng --cpu 16 --cpu-load 42 --timeout 60s --quiet,21,5/15/2026,7:56:39,20.97,2.13,242
stress-ng --cpu 16 --cpu-load 42 --timeout 60s --quiet,21,5/15/2026,7:56:40,20.49,2.13,251
stress-ng --cpu 16 --cpu-load 42 --timeout 60s --quiet,21,5/15/2026,7:56:41,19.18,2.06,246
stress-ng --cpu 16 --cpu-load 42 --timeout 60s --quiet,21,5/15/2026,20:35:29,5.6,2.24,107
stress-ng --cpu 16 --cpu-load 42 --timeout 60s --quiet,21,5/15/2026,20:35:30,19.88,2.24,206
stress-ng --cpu 16 --cpu-load 42 --timeout 60s --quiet,21,5/15/2026,20:35:31,21.93,2.22,189
stress-ng --cpu 16 --cpu-load 42 --timeout 60s --quiet,21,5/15/2026,20:35:32,20.31,2.23,224
stress-ng --cpu 16 --cpu-load 42 --timeout 60s --quiet,21,5/15/2026,20:35:33,20.28,2.23,233
stress-ng --cpu 16 --cpu-load 42 --timeout 60s --quiet,21,5/15/2026,20:35:34,21.85,2.22,225
stress-ng --cpu 16 --cpu-load 42 --timeout 60s --quiet,21,5/15/2026,20:35:35,21.09,2.22,237
stress-ng --cpu 16 --cpu-load 42 --timeout 60s --quiet,21,5/15/2026,20:35:36,21.86,2.21,238
stress-ng --cpu 16 --cpu-load 42 --timeout 60s --quiet,21,5/15/2026,20:35:37,20.75,2.21,230
stress-ng --cpu 16 --cpu-load 42 --timeout 60s --quiet,21,5/15/2026,20:35:38,21.35,2.2,226
stress-ng --cpu 16 --cpu-load 42 --timeout 60s --quiet,21,5/15/2026,20:35:39,20.28,2.2,237
stress-ng --cpu 16 --cpu-load 42 --timeout 60s --quiet,21,5/15/2026,20:35:40,21.99,2.19,246
stress-ng --cpu 16 --cpu-load 42 --timeout 60s --quiet,21,5/15/2026,20:35:41,21.14,2.19,234
stress-ng --cpu 16 --cpu-load 42 --timeout 60s --quiet,21,5/15/2026,20:35:42,21.07,2.19,236
stress-ng --cpu 16 --cpu-load 42 --timeout 60s --quiet,21,5/15/2026,20:35:43,21.42,2.18,234
stress-ng --cpu 16 --cpu-load 42 --timeout 60s --quiet,21,5/15/2026,20:35:44,20.53,2.19,232
stress-ng --cpu 16 --cpu-load 42 --timeout 60s --quiet,21,5/15/2026,20:35:45,21.36,2.18,233.5
stress-ng --cpu 16 --cpu-load 42 --timeout 60s --quiet,21,5/15/2026,20:35:46,21.24,2.18,235
stress-ng --cpu 16 --cpu-load 42 --timeout 60s --quiet,21,5/15/2026,20:35:47,20.74,2.18,236.5
stress-ng --cpu 16 --cpu-load 42 --timeout 60s --quiet,21,5/15/2026,20:35:48,21.86,2.17,238
stress-ng --cpu 16 --cpu-load 42 --timeout 60s --quiet,21,5/15/2026,20:35:49,20.71,2.17,234
stress-ng --cpu 16 --cpu-load 42 --timeout 60s --quiet,21,5/15/2026,20:35:50,21.56,2.17,229
stress-ng --cpu 16 --cpu-load 42 --timeout 60s --quiet,21,5/15/2026,20:35:51,21.08,2.17,240
stress-ng --cpu 16 --cpu-load 42 --timeout 60s --quiet,21,5/15/2026,20:35:52,20.97,2.17,240
stress-ng --cpu 16 --cpu-load 42 --timeout 60s --quiet,21,5/15/2026,20:35:53,21.41,2.17,234
stress-ng --cpu 16 --cpu-load 42 --timeout 60s --quiet,21,5/15/2026,20:35:54,21.27,2.17,240
stress-ng --cpu 16 --cpu-load 42 --timeout 60s --quiet,21,5/15/2026,20:35:55,20.97,2.17,240
stress-ng --cpu 16 --cpu-load 42 --timeout 60s --quiet,21,5/15/2026,20:35:56,21.15,2.16,240
stress-ng --cpu 16 --cpu-load 42 --timeout 60s --quiet,21,5/15/2026,20:35:57,21.48,2.16,240
stress-ng --cpu 16 --cpu-load 42 --timeout 60s --quiet,21,5/15/2026,20:35:58,21.02,2.16,233
stress-ng --cpu 16 --cpu-load 42 --timeout 60s --quiet,21,5/15/2026,20:35:59,21.195,2.16,238
stress-ng --cpu 16 --cpu-load 42 --timeout 60s --quiet,21,5/15/2026,20:36:00,21.37,2.16,241
stress-ng --cpu 16 --cpu-load 42 --timeout 60s --quiet,21,5/15/2026,20:36:01,21.08,2.16,242
stress-ng --cpu 16 --cpu-load 42 --timeout 60s --quiet,21,5/15/2026,20:36:02,21.1,2.16,234
stress-ng --cpu 16 --cpu-load 42 --timeout 60s --quiet,21,5/15/2026,20:36:03,20.96,2.16,242
stress-ng --cpu 16 --cpu-load 42 --timeout 60s --quiet,21,5/15/2026,20:36:04,21.29,2.16,244
stress-ng --cpu 16 --cpu-load 42 --timeout 60s --quiet,21,5/15/2026,20:36:05,21.69,2.16,246
stress-ng --cpu 16 --cpu-load 42 --timeout 60s --quiet,21,5/15/2026,20:36:06,21.33,2.16,238
stress-ng --cpu 16 --cpu-load 42 --timeout 60s --quiet,21,5/15/2026,20:36:07,20.68,2.16,230
stress-ng --cpu 16 --cpu-load 42 --timeout 60s --quiet,21,5/15/2026,20:36:08,21.15,2.16,234
stress-ng --cpu 16 --cpu-load 42 --timeout 60s --quiet,21,5/15/2026,20:36:09,20.73,2.16,231
stress-ng --cpu 16 --cpu-load 42 --timeout 60s --quiet,21,5/15/2026,20:36:10,21.39,2.16,240
stress-ng --cpu 16 --cpu-load 42 --timeout 60s --quiet,21,5/15/2026,20:36:11,21.42,2.16,231
stress-ng --cpu 16 --cpu-load 42 --timeout 60s --quiet,21,5/15/2026,20:36:12,21.19,2.17,244
stress-ng --cpu 16 --cpu-load 42 --timeout 60s --quiet,21,5/15/2026,20:36:13,21.91,2.17,240
stress-ng --cpu 16 --cpu-load 42 --timeout 60s --quiet,21,5/15/2026,20:36:14,20.92,2.17,236
stress-ng --cpu 16 --cpu-load 42 --timeout 60s --quiet,21,5/15/2026,20:36:15,21.17,2.16,245
stress-ng --cpu 16 --cpu-load 42 --timeout 60s --quiet,21,5/15/2026,20:36:16,20.92,2.17,244
stress-ng --cpu 16 --cpu-load 42 --timeout 60s --quiet,21,5/15/2026,20:36:17,21.36,2.17,232
stress-ng --cpu 16 --cpu-load 42 --timeout 60s --quiet,21,5/15/2026,20:36:18,20.6,2.17,241
stress-ng --cpu 16 --cpu-load 42 --timeout 60s --quiet,21,5/15/2026,20:36:19,21.05,2.17,247
stress-ng --cpu 16 --cpu-load 42 --timeout 60s --quiet,21,5/15/2026,20:36:20,21.64,2.17,244
stress-ng --cpu 16 --cpu-load 42 --timeout 60s --quiet,21,5/15/2026,20:36:21,20.63,2.17,241.5
stress-ng --cpu 16 --cpu-load 42 --timeout 60s --quiet,21,5/15/2026,20:36:22,21.26,2.17,239
stress-ng --cpu 16 --cpu-load 42 --timeout 60s --quiet,21,5/15/2026,20:36:23,21.12,2.17,238
stress-ng --cpu 16 --cpu-load 42 --timeout 60s --quiet,21,5/15/2026,20:36:24,21.38,2.18,248
stress-ng --cpu 16 --cpu-load 42 --timeout 60s --quiet,21,5/15/2026,20:36:25,20.48,2.18,242
stress-ng --cpu 16 --cpu-load 42 --timeout 60s --quiet,21,5/15/2026,20:36:26,21.61,2.17,229
stress-ng --cpu 16 --cpu-load 42 --timeout 60s --quiet,21,5/15/2026,20:36:27,21.44,2.17,233
stress-ng --cpu 16 --cpu-load 42 --timeout 60s --quiet,21,5/15/2026,20:36:28,20.55,2.18,247
stress-ng --cpu 16 --cpu-load 42 --timeout 60s --quiet,21,5/15/2026,20:36:29,20.55,2.15,244
stress-ng --cpu 16 --cpu-load 44 --timeout 60s --quiet,22,5/15/2026,0:50:43,11.42,2.22,133
stress-ng --cpu 16 --cpu-load 44 --timeout 60s --quiet,22,5/15/2026,0:50:44,21.99,2.22,197
stress-ng --cpu 16 --cpu-load 44 --timeout 60s --quiet,22,5/15/2026,0:50:45,21.15,2.22,224
stress-ng --cpu 16 --cpu-load 44 --timeout 60s --quiet,22,5/15/2026,0:50:46,22.25,2.21,228
stress-ng --cpu 16 --cpu-load 44 --timeout 60s --quiet,22,5/15/2026,0:50:47,21.78,2.21,231
stress-ng --cpu 16 --cpu-load 44 --timeout 60s --quiet,22,5/15/2026,0:50:48,22.31,2.2,243
stress-ng --cpu 16 --cpu-load 44 --timeout 60s --quiet,22,5/15/2026,0:50:49,22.77,2.2,239
stress-ng --cpu 16 --cpu-load 44 --timeout 60s --quiet,22,5/15/2026,0:50:50,22.06,2.2,245
stress-ng --cpu 16 --cpu-load 44 --timeout 60s --quiet,22,5/15/2026,0:50:51,22.18,2.2,247
stress-ng --cpu 16 --cpu-load 44 --timeout 60s --quiet,22,5/15/2026,0:50:52,22.24,2.2,230
stress-ng --cpu 16 --cpu-load 44 --timeout 60s --quiet,22,5/15/2026,0:50:53,21.62,2.2,254
stress-ng --cpu 16 --cpu-load 44 --timeout 60s --quiet,22,5/15/2026,0:50:54,22.29,2.19,236
stress-ng --cpu 16 --cpu-load 44 --timeout 60s --quiet,22,5/15/2026,0:50:55,22.05,2.19,244
stress-ng --cpu 16 --cpu-load 44 --timeout 60s --quiet,22,5/15/2026,0:50:56,22.05,2.18,245
stress-ng --cpu 16 --cpu-load 44 --timeout 60s --quiet,22,5/15/2026,0:50:57,22.28,2.17,247
stress-ng --cpu 16 --cpu-load 44 --timeout 60s --quiet,22,5/15/2026,0:50:58,22.61,2.17,249
stress-ng --cpu 16 --cpu-load 44 --timeout 60s --quiet,22,5/15/2026,0:50:59,22.2,2.16,246
stress-ng --cpu 16 --cpu-load 44 --timeout 60s --quiet,22,5/15/2026,0:51:00,22.56,2.17,255
stress-ng --cpu 16 --cpu-load 44 --timeout 60s --quiet,22,5/15/2026,0:51:01,21.42,2.17,250
stress-ng --cpu 16 --cpu-load 44 --timeout 60s --quiet,22,5/15/2026,0:51:02,22.14,2.17,236
stress-ng --cpu 16 --cpu-load 44 --timeout 60s --quiet,22,5/15/2026,0:51:03,22.42,2.18,248
stress-ng --cpu 16 --cpu-load 44 --timeout 60s --quiet,22,5/15/2026,0:51:04,21.98,2.18,247
stress-ng --cpu 16 --cpu-load 44 --timeout 60s --quiet,22,5/15/2026,0:51:05,22.65,2.18,247
stress-ng --cpu 16 --cpu-load 44 --timeout 60s --quiet,22,5/15/2026,0:51:06,21.75,2.17,247
stress-ng --cpu 16 --cpu-load 44 --timeout 60s --quiet,22,5/15/2026,0:51:07,22.29,2.17,243
stress-ng --cpu 16 --cpu-load 44 --timeout 60s --quiet,22,5/15/2026,0:51:08,22.57,2.17,238
stress-ng --cpu 16 --cpu-load 44 --timeout 60s --quiet,22,5/15/2026,0:51:09,22.02,2.17,239
stress-ng --cpu 16 --cpu-load 44 --timeout 60s --quiet,22,5/15/2026,0:51:10,21.91,2.17,239
stress-ng --cpu 16 --cpu-load 44 --timeout 60s --quiet,22,5/15/2026,0:51:11,22.3,2.17,246
stress-ng --cpu 16 --cpu-load 44 --timeout 60s --quiet,22,5/15/2026,0:51:12,22.57,2.17,235
stress-ng --cpu 16 --cpu-load 44 --timeout 60s --quiet,22,5/15/2026,0:51:13,22.24,2.16,242
stress-ng --cpu 16 --cpu-load 44 --timeout 60s --quiet,22,5/15/2026,0:51:14,21.44,2.16,241
stress-ng --cpu 16 --cpu-load 44 --timeout 60s --quiet,22,5/15/2026,0:51:15,22.31,2.16,239
stress-ng --cpu 16 --cpu-load 44 --timeout 60s --quiet,22,5/15/2026,0:51:16,22.29,2.16,248
stress-ng --cpu 16 --cpu-load 44 --timeout 60s --quiet,22,5/15/2026,0:51:17,22.27,2.16,241
stress-ng --cpu 16 --cpu-load 44 --timeout 60s --quiet,22,5/15/2026,0:51:18,22.79,2.17,248
stress-ng --cpu 16 --cpu-load 44 --timeout 60s --quiet,22,5/15/2026,0:51:19,22.26,2.17,251
stress-ng --cpu 16 --cpu-load 44 --timeout 60s --quiet,22,5/15/2026,0:51:20,21.54,2.17,240
stress-ng --cpu 16 --cpu-load 44 --timeout 60s --quiet,22,5/15/2026,0:51:21,22.3,2.16,244
stress-ng --cpu 16 --cpu-load 44 --timeout 60s --quiet,22,5/15/2026,0:51:22,22.25,2.17,242
stress-ng --cpu 16 --cpu-load 44 --timeout 60s --quiet,22,5/15/2026,0:51:23,22.42,2.17,245
stress-ng --cpu 16 --cpu-load 44 --timeout 60s --quiet,22,5/15/2026,0:51:24,22.51,2.16,248
stress-ng --cpu 16 --cpu-load 44 --timeout 60s --quiet,22,5/15/2026,0:51:25,22.18,2.16,245
stress-ng --cpu 16 --cpu-load 44 --timeout 60s --quiet,22,5/15/2026,0:51:26,21.93,2.15,242
stress-ng --cpu 16 --cpu-load 44 --timeout 60s --quiet,22,5/15/2026,0:51:27,21.95,2.15,254
stress-ng --cpu 16 --cpu-load 44 --timeout 60s --quiet,22,5/15/2026,0:51:28,22.41,2.15,244
stress-ng --cpu 16 --cpu-load 44 --timeout 60s --quiet,22,5/15/2026,0:51:29,21.85,2.16,247
stress-ng --cpu 16 --cpu-load 44 --timeout 60s --quiet,22,5/15/2026,0:51:30,22.74,2.16,259
stress-ng --cpu 16 --cpu-load 44 --timeout 60s --quiet,22,5/15/2026,0:51:31,22.25,2.16,252
stress-ng --cpu 16 --cpu-load 44 --timeout 60s --quiet,22,5/15/2026,0:51:32,21.44,2.16,253
stress-ng --cpu 16 --cpu-load 44 --timeout 60s --quiet,22,5/15/2026,0:51:33,22.29,2.16,255
stress-ng --cpu 16 --cpu-load 44 --timeout 60s --quiet,22,5/15/2026,0:51:34,22.04,2.17,245
stress-ng --cpu 16 --cpu-load 44 --timeout 60s --quiet,22,5/15/2026,0:51:35,22.3,2.16,255
stress-ng --cpu 16 --cpu-load 44 --timeout 60s --quiet,22,5/15/2026,0:51:36,22.55,2.16,242
stress-ng --cpu 16 --cpu-load 44 --timeout 60s --quiet,22,5/15/2026,0:51:37,21.89,2.16,250
stress-ng --cpu 16 --cpu-load 44 --timeout 60s --quiet,22,5/15/2026,0:51:38,21.84,2.16,245
stress-ng --cpu 16 --cpu-load 44 --timeout 60s --quiet,22,5/15/2026,0:51:39,22.63,2.16,249
stress-ng --cpu 16 --cpu-load 44 --timeout 60s --quiet,22,5/15/2026,0:51:40,22.65,2.16,242
stress-ng --cpu 16 --cpu-load 44 --timeout 60s --quiet,22,5/15/2026,0:51:41,21.98,2.16,249
stress-ng --cpu 16 --cpu-load 44 --timeout 60s --quiet,22,5/15/2026,0:51:42,21.98,2.16,245
stress-ng --cpu 16 --cpu-load 44 --timeout 60s --quiet,22,5/15/2026,0:51:43,15.28,2.09,241
stress-ng --cpu 16 --cpu-load 44 --timeout 60s --quiet,22,5/15/2026,5:05:17,0.15,2.13,127
stress-ng --cpu 16 --cpu-load 44 --timeout 60s --quiet,22,5/15/2026,5:05:18,22.42,2.24,121
stress-ng --cpu 16 --cpu-load 44 --timeout 60s --quiet,22,5/15/2026,5:05:19,20.57,2.24,177
stress-ng --cpu 16 --cpu-load 44 --timeout 60s --quiet,22,5/15/2026,5:05:20,22.37,2.24,206
stress-ng --cpu 16 --cpu-load 44 --timeout 60s --quiet,22,5/15/2026,5:05:21,22.04,2.24,219
stress-ng --cpu 16 --cpu-load 44 --timeout 60s --quiet,22,5/15/2026,5:05:22,23.13,2.24,235
stress-ng --cpu 16 --cpu-load 44 --timeout 60s --quiet,22,5/15/2026,5:05:23,21.82,2.25,242
stress-ng --cpu 16 --cpu-load 44 --timeout 60s --quiet,22,5/15/2026,5:05:24,22.52,2.24,243
stress-ng --cpu 16 --cpu-load 44 --timeout 60s --quiet,22,5/15/2026,5:05:25,21.91,2.24,243
stress-ng --cpu 16 --cpu-load 44 --timeout 60s --quiet,22,5/15/2026,5:05:26,21.38,2.24,238
stress-ng --cpu 16 --cpu-load 44 --timeout 60s --quiet,22,5/15/2026,5:05:27,22.28,2.24,237
stress-ng --cpu 16 --cpu-load 44 --timeout 60s --quiet,22,5/15/2026,5:05:28,22.48,2.24,236
stress-ng --cpu 16 --cpu-load 44 --timeout 60s --quiet,22,5/15/2026,5:05:29,21.74,2.23,235.5
stress-ng --cpu 16 --cpu-load 44 --timeout 60s --quiet,22,5/15/2026,5:05:30,23.18,2.23,235
stress-ng --cpu 16 --cpu-load 44 --timeout 60s --quiet,22,5/15/2026,5:05:31,21.87,2.23,227
stress-ng --cpu 16 --cpu-load 44 --timeout 60s --quiet,22,5/15/2026,5:05:32,21.79,2.23,219
stress-ng --cpu 16 --cpu-load 44 --timeout 60s --quiet,22,5/15/2026,5:05:33,21.88,2.22,229
stress-ng --cpu 16 --cpu-load 44 --timeout 60s --quiet,22,5/15/2026,5:05:34,22.85,2.22,232
stress-ng --cpu 16 --cpu-load 44 --timeout 60s --quiet,22,5/15/2026,5:05:35,22.14,2.22,233
stress-ng --cpu 16 --cpu-load 44 --timeout 60s --quiet,22,5/15/2026,5:05:36,22.42,2.22,233
stress-ng --cpu 16 --cpu-load 44 --timeout 60s --quiet,22,5/15/2026,5:05:37,22.09,2.22,237.5
stress-ng --cpu 16 --cpu-load 44 --timeout 60s --quiet,22,5/15/2026,5:05:38,22.09,2.22,242
stress-ng --cpu 16 --cpu-load 44 --timeout 60s --quiet,22,5/15/2026,5:05:39,22.09,2.22,242
stress-ng --cpu 16 --cpu-load 44 --timeout 60s --quiet,22,5/15/2026,5:05:40,21.67,2.22,234
stress-ng --cpu 16 --cpu-load 44 --timeout 60s --quiet,22,5/15/2026,5:05:41,22.14,2.22,244
stress-ng --cpu 16 --cpu-load 44 --timeout 60s --quiet,22,5/15/2026,5:05:42,22.7,2.22,228
stress-ng --cpu 16 --cpu-load 44 --timeout 60s --quiet,22,5/15/2026,5:05:43,22.51,2.21,241
stress-ng --cpu 16 --cpu-load 44 --timeout 60s --quiet,22,5/15/2026,5:05:44,21.9,2.21,244
stress-ng --cpu 16 --cpu-load 44 --timeout 60s --quiet,22,5/15/2026,5:05:45,21.83,2.21,246
stress-ng --cpu 16 --cpu-load 44 --timeout 60s --quiet,22,5/15/2026,5:05:46,22.11,2.21,240
stress-ng --cpu 16 --cpu-load 44 --timeout 60s --quiet,22,5/15/2026,5:05:47,22.53,2.21,231
stress-ng --cpu 16 --cpu-load 44 --timeout 60s --quiet,22,5/15/2026,5:05:48,22.52,2.21,239
stress-ng --cpu 16 --cpu-load 44 --timeout 60s --quiet,22,5/15/2026,5:05:49,22.38,2.21,247
stress-ng --cpu 16 --cpu-load 44 --timeout 60s --quiet,22,5/15/2026,5:05:50,22.13,2.21,247
stress-ng --cpu 16 --cpu-load 44 --timeout 60s --quiet,22,5/15/2026,5:05:51,21.21,2.2,243
stress-ng --cpu 16 --cpu-load 44 --timeout 60s --quiet,22,5/15/2026,5:05:52,22.9,2.2,237
stress-ng --cpu 16 --cpu-load 44 --timeout 60s --quiet,22,5/15/2026,5:05:53,21.98,2.19,243
stress-ng --cpu 16 --cpu-load 44 --timeout 60s --quiet,22,5/15/2026,5:05:54,22.16,2.19,241
stress-ng --cpu 16 --cpu-load 44 --timeout 60s --quiet,22,5/15/2026,5:05:55,21.91,2.19,246
stress-ng --cpu 16 --cpu-load 44 --timeout 60s --quiet,22,5/15/2026,5:05:56,22.46,2.19,243
stress-ng --cpu 16 --cpu-load 44 --timeout 60s --quiet,22,5/15/2026,5:05:57,23.06,2.19,249
stress-ng --cpu 16 --cpu-load 44 --timeout 60s --quiet,22,5/15/2026,5:05:58,22.09,2.19,232
stress-ng --cpu 16 --cpu-load 44 --timeout 60s --quiet,22,5/15/2026,5:05:59,21.84,2.19,243
stress-ng --cpu 16 --cpu-load 44 --timeout 60s --quiet,22,5/15/2026,5:06:00,22.24,2.18,249
stress-ng --cpu 16 --cpu-load 44 --timeout 60s --quiet,22,5/15/2026,5:06:01,21.97,2.18,257
stress-ng --cpu 16 --cpu-load 44 --timeout 60s --quiet,22,5/15/2026,5:06:02,22.2,2.18,253
stress-ng --cpu 16 --cpu-load 44 --timeout 60s --quiet,22,5/15/2026,5:06:03,22.15,2.19,248
stress-ng --cpu 16 --cpu-load 44 --timeout 60s --quiet,22,5/15/2026,5:06:04,22.33,2.18,259
stress-ng --cpu 16 --cpu-load 44 --timeout 60s --quiet,22,5/15/2026,5:06:05,22.31,2.18,256
stress-ng --cpu 16 --cpu-load 44 --timeout 60s --quiet,22,5/15/2026,5:06:06,22.95,2.18,258
stress-ng --cpu 16 --cpu-load 44 --timeout 60s --quiet,22,5/15/2026,5:06:07,21.91,2.18,249
stress-ng --cpu 16 --cpu-load 44 --timeout 60s --quiet,22,5/15/2026,5:06:08,21.38,2.19,249
stress-ng --cpu 16 --cpu-load 44 --timeout 60s --quiet,22,5/15/2026,5:06:09,22.35,2.19,243
stress-ng --cpu 16 --cpu-load 44 --timeout 60s --quiet,22,5/15/2026,5:06:10,22.64,2.19,247
stress-ng --cpu 16 --cpu-load 44 --timeout 60s --quiet,22,5/15/2026,5:06:11,22.62,2.18,246
stress-ng --cpu 16 --cpu-load 44 --timeout 60s --quiet,22,5/15/2026,5:06:12,21.91,2.19,239
stress-ng --cpu 16 --cpu-load 44 --timeout 60s --quiet,22,5/15/2026,5:06:13,21.97,2.19,245
stress-ng --cpu 16 --cpu-load 44 --timeout 60s --quiet,22,5/15/2026,5:06:14,22.31,2.19,251
stress-ng --cpu 16 --cpu-load 44 --timeout 60s --quiet,22,5/15/2026,5:06:15,22.01,2.19,244
stress-ng --cpu 16 --cpu-load 44 --timeout 60s --quiet,22,5/15/2026,5:06:16,22.23,2.19,252
stress-ng --cpu 16 --cpu-load 44 --timeout 60s --quiet,22,5/15/2026,5:06:17,22.55,2.18,249
stress-ng --cpu 16 --cpu-load 44 --timeout 60s --quiet,22,5/15/2026,16:48:56,0.12,2.15,114
stress-ng --cpu 16 --cpu-load 44 --timeout 60s --quiet,22,5/15/2026,16:48:57,20.98,2.26,137
stress-ng --cpu 16 --cpu-load 44 --timeout 60s --quiet,22,5/15/2026,16:48:58,21.58,2.26,225
stress-ng --cpu 16 --cpu-load 44 --timeout 60s --quiet,22,5/15/2026,16:48:59,21.84,2.26,241
stress-ng --cpu 16 --cpu-load 44 --timeout 60s --quiet,22,5/15/2026,16:49:00,22.63,2.25,246
stress-ng --cpu 16 --cpu-load 44 --timeout 60s --quiet,22,5/15/2026,16:49:01,22.37,2.25,239
stress-ng --cpu 16 --cpu-load 44 --timeout 60s --quiet,22,5/15/2026,16:49:02,22.25,2.25,245
stress-ng --cpu 16 --cpu-load 44 --timeout 60s --quiet,22,5/15/2026,16:49:03,22.11,2.25,242
stress-ng --cpu 16 --cpu-load 44 --timeout 60s --quiet,22,5/15/2026,16:49:04,22.29,2.25,245
stress-ng --cpu 16 --cpu-load 44 --timeout 60s --quiet,22,5/15/2026,16:49:05,22.39,2.25,241
stress-ng --cpu 16 --cpu-load 44 --timeout 60s --quiet,22,5/15/2026,16:49:06,22.11,2.24,242
stress-ng --cpu 16 --cpu-load 44 --timeout 60s --quiet,22,5/15/2026,16:49:07,22.53,2.24,243
stress-ng --cpu 16 --cpu-load 44 --timeout 60s --quiet,22,5/15/2026,16:49:08,22.1,2.24,247.5
stress-ng --cpu 16 --cpu-load 44 --timeout 60s --quiet,22,5/15/2026,16:49:09,21.94,2.24,252
stress-ng --cpu 16 --cpu-load 44 --timeout 60s --quiet,22,5/15/2026,16:49:10,22.27,2.24,245
stress-ng --cpu 16 --cpu-load 44 --timeout 60s --quiet,22,5/15/2026,16:49:11,22.72,2.24,242
stress-ng --cpu 16 --cpu-load 44 --timeout 60s --quiet,22,5/15/2026,16:49:12,22.4,2.24,245
stress-ng --cpu 16 --cpu-load 44 --timeout 60s --quiet,22,5/15/2026,16:49:13,21.78,2.24,237
stress-ng --cpu 16 --cpu-load 44 --timeout 60s --quiet,22,5/15/2026,16:49:14,22.44,2.24,243
stress-ng --cpu 16 --cpu-load 44 --timeout 60s --quiet,22,5/15/2026,16:49:15,22.19,2.24,241
stress-ng --cpu 16 --cpu-load 44 --timeout 60s --quiet,22,5/15/2026,16:49:16,22.1,2.24,234
stress-ng --cpu 16 --cpu-load 44 --timeout 60s --quiet,22,5/15/2026,16:49:17,22.47,2.24,249
stress-ng --cpu 16 --cpu-load 44 --timeout 60s --quiet,22,5/15/2026,16:49:18,22.67,2.24,241
stress-ng --cpu 16 --cpu-load 44 --timeout 60s --quiet,22,5/15/2026,16:49:19,21.5,2.24,249
stress-ng --cpu 16 --cpu-load 44 --timeout 60s --quiet,22,5/15/2026,16:49:20,21.9,2.24,237
stress-ng --cpu 16 --cpu-load 44 --timeout 60s --quiet,22,5/15/2026,16:49:21,23.12,2.23,237
stress-ng --cpu 16 --cpu-load 44 --timeout 60s --quiet,22,5/15/2026,16:49:22,22.05,2.23,249
stress-ng --cpu 16 --cpu-load 44 --timeout 60s --quiet,22,5/15/2026,16:49:23,22.47,2.22,246
stress-ng --cpu 16 --cpu-load 44 --timeout 60s --quiet,22,5/15/2026,16:49:24,22.12,2.22,243
stress-ng --cpu 16 --cpu-load 44 --timeout 60s --quiet,22,5/15/2026,16:49:25,21.81,2.22,243
stress-ng --cpu 16 --cpu-load 44 --timeout 60s --quiet,22,5/15/2026,16:49:26,22.76,2.22,243
stress-ng --cpu 16 --cpu-load 44 --timeout 60s --quiet,22,5/15/2026,16:49:27,21.79,2.22,253
stress-ng --cpu 16 --cpu-load 44 --timeout 60s --quiet,22,5/15/2026,16:49:28,22.23,2.21,247
stress-ng --cpu 16 --cpu-load 44 --timeout 60s --quiet,22,5/15/2026,16:49:29,21.91,2.22,240
stress-ng --cpu 16 --cpu-load 44 --timeout 60s --quiet,22,5/15/2026,16:49:30,22.125,2.215,250
stress-ng --cpu 16 --cpu-load 44 --timeout 60s --quiet,22,5/15/2026,16:49:31,22.34,2.21,244
stress-ng --cpu 16 --cpu-load 44 --timeout 60s --quiet,22,5/15/2026,16:49:32,22.42,2.22,247
stress-ng --cpu 16 --cpu-load 44 --timeout 60s --quiet,22,5/15/2026,16:49:33,22.48,2.22,233
stress-ng --cpu 16 --cpu-load 44 --timeout 60s --quiet,22,5/15/2026,16:49:34,22.18,2.22,235
stress-ng --cpu 16 --cpu-load 44 --timeout 60s --quiet,22,5/15/2026,16:49:35,21.83,2.22,245
stress-ng --cpu 16 --cpu-load 44 --timeout 60s --quiet,22,5/15/2026,16:49:36,22.12,2.22,252
stress-ng --cpu 16 --cpu-load 44 --timeout 60s --quiet,22,5/15/2026,16:49:37,22.52,2.22,248
stress-ng --cpu 16 --cpu-load 44 --timeout 60s --quiet,22,5/15/2026,16:49:38,21.99,2.22,252
stress-ng --cpu 16 --cpu-load 44 --timeout 60s --quiet,22,5/15/2026,16:49:39,22.45,2.23,252
stress-ng --cpu 16 --cpu-load 44 --timeout 60s --quiet,22,5/15/2026,16:49:40,21.97,2.22,253
stress-ng --cpu 16 --cpu-load 44 --timeout 60s --quiet,22,5/15/2026,16:49:41,22.42,2.22,241
stress-ng --cpu 16 --cpu-load 44 --timeout 60s --quiet,22,5/15/2026,16:49:42,21.98,2.22,253
stress-ng --cpu 16 --cpu-load 44 --timeout 60s --quiet,22,5/15/2026,16:49:43,22.23,2.21,249
stress-ng --cpu 16 --cpu-load 44 --timeout 60s --quiet,22,5/15/2026,16:49:44,22.36,2.21,247
stress-ng --cpu 16 --cpu-load 44 --timeout 60s --quiet,22,5/15/2026,16:49:45,22.15,2.21,245
stress-ng --cpu 16 --cpu-load 44 --timeout 60s --quiet,22,5/15/2026,16:49:46,22.4,2.21,245
stress-ng --cpu 16 --cpu-load 44 --timeout 60s --quiet,22,5/15/2026,16:49:47,21.81,2.2,251
stress-ng --cpu 16 --cpu-load 44 --timeout 60s --quiet,22,5/15/2026,16:49:48,22.31,2.2,239
stress-ng --cpu 16 --cpu-load 44 --timeout 60s --quiet,22,5/15/2026,16:49:49,22.87,2.2,246
stress-ng --cpu 16 --cpu-load 44 --timeout 60s --quiet,22,5/15/2026,16:49:50,22.19,2.2,243
stress-ng --cpu 16 --cpu-load 44 --timeout 60s --quiet,22,5/15/2026,16:49:51,22.03,2.2,241
stress-ng --cpu 16 --cpu-load 44 --timeout 60s --quiet,22,5/15/2026,16:49:52,21.68,2.2,239
stress-ng --cpu 16 --cpu-load 44 --timeout 60s --quiet,22,5/15/2026,16:49:53,22.38,2.2,242
stress-ng --cpu 16 --cpu-load 44 --timeout 60s --quiet,22,5/15/2026,16:49:54,21.97,2.2,254
stress-ng --cpu 16 --cpu-load 44 --timeout 60s --quiet,22,5/15/2026,16:49:55,22.62,2.2,248
stress-ng --cpu 16 --cpu-load 44 --timeout 60s --quiet,22,5/15/2026,16:49:56,22.56,2.2,249
stress-ng --cpu 16 --cpu-load 46 --timeout 60s --quiet,23,5/15/2026,3:17:03,7.67,2.38,230
stress-ng --cpu 16 --cpu-load 46 --timeout 60s --quiet,23,5/15/2026,3:17:04,26.77,2.46,244
stress-ng --cpu 16 --cpu-load 46 --timeout 60s --quiet,23,5/15/2026,3:17:05,24.73,2.48,246
stress-ng --cpu 16 --cpu-load 46 --timeout 60s --quiet,23,5/15/2026,3:17:06,26.83,2.44,253
stress-ng --cpu 16 --cpu-load 46 --timeout 60s --quiet,23,5/15/2026,3:17:07,27.08,2.45,266
stress-ng --cpu 16 --cpu-load 46 --timeout 60s --quiet,23,5/15/2026,3:17:08,26.08,2.48,248
stress-ng --cpu 16 --cpu-load 46 --timeout 60s --quiet,23,5/15/2026,3:17:09,24.45,2.4,264
stress-ng --cpu 16 --cpu-load 46 --timeout 60s --quiet,23,5/15/2026,3:17:10,23.03,2.38,247
stress-ng --cpu 16 --cpu-load 46 --timeout 60s --quiet,23,5/15/2026,3:17:11,23.94,2.35,251
stress-ng --cpu 16 --cpu-load 46 --timeout 60s --quiet,23,5/15/2026,3:17:12,23.18,2.34,257
stress-ng --cpu 16 --cpu-load 46 --timeout 60s --quiet,23,5/15/2026,3:17:13,22.62,2.32,238
stress-ng --cpu 16 --cpu-load 46 --timeout 60s --quiet,23,5/15/2026,3:17:14,23.54,2.31,251
stress-ng --cpu 16 --cpu-load 46 --timeout 60s --quiet,23,5/15/2026,3:17:15,23.19,2.31,247.5
stress-ng --cpu 16 --cpu-load 46 --timeout 60s --quiet,23,5/15/2026,3:17:16,22.66,2.3,244
stress-ng --cpu 16 --cpu-load 46 --timeout 60s --quiet,23,5/15/2026,3:17:17,24.45,2.29,251
stress-ng --cpu 16 --cpu-load 46 --timeout 60s --quiet,23,5/15/2026,3:17:18,23.17,2.28,257
stress-ng --cpu 16 --cpu-load 46 --timeout 60s --quiet,23,5/15/2026,3:17:19,22.54,2.27,250
stress-ng --cpu 16 --cpu-load 46 --timeout 60s --quiet,23,5/15/2026,3:17:20,23.52,2.25,260
stress-ng --cpu 16 --cpu-load 46 --timeout 60s --quiet,23,5/15/2026,3:17:21,23.42,2.26,259
stress-ng --cpu 16 --cpu-load 46 --timeout 60s --quiet,23,5/15/2026,3:17:22,22.58,2.26,257
stress-ng --cpu 16 --cpu-load 46 --timeout 60s --quiet,23,5/15/2026,3:17:23,24.16,2.26,245
stress-ng --cpu 16 --cpu-load 46 --timeout 60s --quiet,23,5/15/2026,3:17:24,22.76,2.26,249
stress-ng --cpu 16 --cpu-load 46 --timeout 60s --quiet,23,5/15/2026,3:17:25,23.07,2.25,246.5
stress-ng --cpu 16 --cpu-load 46 --timeout 60s --quiet,23,5/15/2026,3:17:26,23.21,2.25,244
stress-ng --cpu 16 --cpu-load 46 --timeout 60s --quiet,23,5/15/2026,3:17:27,23.65,2.25,251
stress-ng --cpu 16 --cpu-load 46 --timeout 60s --quiet,23,5/15/2026,3:17:28,22.87,2.24,251
stress-ng --cpu 16 --cpu-load 46 --timeout 60s --quiet,23,5/15/2026,3:17:29,22.85,2.24,249
stress-ng --cpu 16 --cpu-load 46 --timeout 60s --quiet,23,5/15/2026,3:17:30,23.295,2.24,260
stress-ng --cpu 16 --cpu-load 46 --timeout 60s --quiet,23,5/15/2026,3:17:31,23.74,2.24,251
stress-ng --cpu 16 --cpu-load 46 --timeout 60s --quiet,23,5/15/2026,3:17:32,22.97,2.24,250
stress-ng --cpu 16 --cpu-load 46 --timeout 60s --quiet,23,5/15/2026,3:17:33,23.14,2.23,248
stress-ng --cpu 16 --cpu-load 46 --timeout 60s --quiet,23,5/15/2026,3:17:34,23.65,2.23,253
stress-ng --cpu 16 --cpu-load 46 --timeout 60s --quiet,23,5/15/2026,3:17:35,22.61,2.23,254
stress-ng --cpu 16 --cpu-load 46 --timeout 60s --quiet,23,5/15/2026,3:17:36,23.88,2.23,250
stress-ng --cpu 16 --cpu-load 46 --timeout 60s --quiet,23,5/15/2026,3:17:37,23.42,2.23,245
stress-ng --cpu 16 --cpu-load 46 --timeout 60s --quiet,23,5/15/2026,3:17:38,22.13,2.23,249
stress-ng --cpu 16 --cpu-load 46 --timeout 60s --quiet,23,5/15/2026,3:17:39,23.78,2.22,249.5
stress-ng --cpu 16 --cpu-load 46 --timeout 60s --quiet,23,5/15/2026,3:17:40,23.12,2.22,250
stress-ng --cpu 16 --cpu-load 46 --timeout 60s --quiet,23,5/15/2026,3:17:41,22.65,2.22,241
stress-ng --cpu 16 --cpu-load 46 --timeout 60s --quiet,23,5/15/2026,3:17:42,24.62,2.22,251
stress-ng --cpu 16 --cpu-load 46 --timeout 60s --quiet,23,5/15/2026,3:17:43,22.44,2.21,242
stress-ng --cpu 16 --cpu-load 46 --timeout 60s --quiet,23,5/15/2026,3:17:44,23.28,2.21,255
stress-ng --cpu 16 --cpu-load 46 --timeout 60s --quiet,23,5/15/2026,3:17:45,23.03,2.21,252
stress-ng --cpu 16 --cpu-load 46 --timeout 60s --quiet,23,5/15/2026,3:17:46,23.71,2.2,256
stress-ng --cpu 16 --cpu-load 46 --timeout 60s --quiet,23,5/15/2026,3:17:47,22.88,2.2,253
stress-ng --cpu 16 --cpu-load 46 --timeout 60s --quiet,23,5/15/2026,3:17:48,23.31,2.2,251
stress-ng --cpu 16 --cpu-load 46 --timeout 60s --quiet,23,5/15/2026,3:17:49,23.51,2.2,258
stress-ng --cpu 16 --cpu-load 46 --timeout 60s --quiet,23,5/15/2026,3:17:50,23.45,2.2,255
stress-ng --cpu 16 --cpu-load 46 --timeout 60s --quiet,23,5/15/2026,3:17:51,22.85,2.2,261
stress-ng --cpu 16 --cpu-load 46 --timeout 60s --quiet,23,5/15/2026,3:17:52,23.39,2.2,252
stress-ng --cpu 16 --cpu-load 46 --timeout 60s --quiet,23,5/15/2026,3:17:53,23.36,2.19,251
stress-ng --cpu 16 --cpu-load 46 --timeout 60s --quiet,23,5/15/2026,3:17:54,23.13,2.19,257
stress-ng --cpu 16 --cpu-load 46 --timeout 60s --quiet,23,5/15/2026,3:17:55,23.25,2.19,250
stress-ng --cpu 16 --cpu-load 46 --timeout 60s --quiet,23,5/15/2026,3:17:56,23.13,2.19,252
stress-ng --cpu 16 --cpu-load 46 --timeout 60s --quiet,23,5/15/2026,3:17:57,23.34,2.19,257
stress-ng --cpu 16 --cpu-load 46 --timeout 60s --quiet,23,5/15/2026,3:17:58,23.66,2.18,259
stress-ng --cpu 16 --cpu-load 46 --timeout 60s --quiet,23,5/15/2026,3:17:59,23.06,2.18,253
stress-ng --cpu 16 --cpu-load 46 --timeout 60s --quiet,23,5/15/2026,3:18:00,23.37,2.18,260
stress-ng --cpu 16 --cpu-load 46 --timeout 60s --quiet,23,5/15/2026,3:18:01,23.02,2.19,255
stress-ng --cpu 16 --cpu-load 46 --timeout 60s --quiet,23,5/15/2026,3:18:02,23.64,2.19,255
stress-ng --cpu 16 --cpu-load 46 --timeout 60s --quiet,23,5/15/2026,3:18:03,22.53,2.16,254
stress-ng --cpu 16 --cpu-load 46 --timeout 60s --quiet,23,5/15/2026,10:20:01,0.12,2.09,124
stress-ng --cpu 16 --cpu-load 46 --timeout 60s --quiet,23,5/15/2026,10:20:02,11.03,2.21,118
stress-ng --cpu 16 --cpu-load 46 --timeout 60s --quiet,23,5/15/2026,10:20:03,22.45,2.21,245
stress-ng --cpu 16 --cpu-load 46 --timeout 60s --quiet,23,5/15/2026,10:20:04,22.79,2.23,237
stress-ng --cpu 16 --cpu-load 46 --timeout 60s --quiet,23,5/15/2026,10:20:05,23.36,2.23,253
stress-ng --cpu 16 --cpu-load 46 --timeout 60s --quiet,23,5/15/2026,10:20:06,23.31,2.23,245
stress-ng --cpu 16 --cpu-load 46 --timeout 60s --quiet,23,5/15/2026,10:20:07,23.29,2.24,238
stress-ng --cpu 16 --cpu-load 46 --timeout 60s --quiet,23,5/15/2026,10:20:08,22.63,2.24,242.5
stress-ng --cpu 16 --cpu-load 46 --timeout 60s --quiet,23,5/15/2026,10:20:09,22.91,2.23,247
stress-ng --cpu 16 --cpu-load 46 --timeout 60s --quiet,23,5/15/2026,10:20:10,24.67,2.23,245
stress-ng --cpu 16 --cpu-load 46 --timeout 60s --quiet,23,5/15/2026,10:20:11,22.09,2.22,225
stress-ng --cpu 16 --cpu-load 46 --timeout 60s --quiet,23,5/15/2026,10:20:12,23.87,2.22,251
stress-ng --cpu 16 --cpu-load 46 --timeout 60s --quiet,23,5/15/2026,10:20:13,22.94,2.22,240
stress-ng --cpu 16 --cpu-load 46 --timeout 60s --quiet,23,5/15/2026,10:20:14,23.38,2.21,248
stress-ng --cpu 16 --cpu-load 46 --timeout 60s --quiet,23,5/15/2026,10:20:15,23.02,2.22,245
stress-ng --cpu 16 --cpu-load 46 --timeout 60s --quiet,23,5/15/2026,10:20:16,23.16,2.21,244
stress-ng --cpu 16 --cpu-load 46 --timeout 60s --quiet,23,5/15/2026,10:20:17,23.26,2.21,250
stress-ng --cpu 16 --cpu-load 46 --timeout 60s --quiet,23,5/15/2026,10:20:18,22.49,2.2,248
stress-ng --cpu 16 --cpu-load 46 --timeout 60s --quiet,23,5/15/2026,10:20:19,23.28,2.2,257
stress-ng --cpu 16 --cpu-load 46 --timeout 60s --quiet,23,5/15/2026,10:20:20,23.69,2.19,241
stress-ng --cpu 16 --cpu-load 46 --timeout 60s --quiet,23,5/15/2026,10:20:21,23.7,2.19,251
stress-ng --cpu 16 --cpu-load 46 --timeout 60s --quiet,23,5/15/2026,10:20:22,22.51,2.18,257
stress-ng --cpu 16 --cpu-load 46 --timeout 60s --quiet,23,5/15/2026,10:20:23,23.09,2.18,263
stress-ng --cpu 16 --cpu-load 46 --timeout 60s --quiet,23,5/15/2026,10:20:24,23.71,2.18,257
stress-ng --cpu 16 --cpu-load 46 --timeout 60s --quiet,23,5/15/2026,10:20:25,23.17,2.18,245
stress-ng --cpu 16 --cpu-load 46 --timeout 60s --quiet,23,5/15/2026,10:20:26,22.27,2.18,249
stress-ng --cpu 16 --cpu-load 46 --timeout 60s --quiet,23,5/15/2026,10:20:27,23.71,2.18,251
stress-ng --cpu 16 --cpu-load 46 --timeout 60s --quiet,23,5/15/2026,10:20:28,23.8,2.17,256
stress-ng --cpu 16 --cpu-load 46 --timeout 60s --quiet,23,5/15/2026,10:20:29,22.61,2.18,250
stress-ng --cpu 16 --cpu-load 46 --timeout 60s --quiet,23,5/15/2026,10:20:30,23.25,2.18,261
stress-ng --cpu 16 --cpu-load 46 --timeout 60s --quiet,23,5/15/2026,10:20:31,23.61,2.18,237
stress-ng --cpu 16 --cpu-load 46 --timeout 60s --quiet,23,5/15/2026,10:20:32,22.68,2.18,255
stress-ng --cpu 16 --cpu-load 46 --timeout 60s --quiet,23,5/15/2026,10:20:33,23,2.18,256
stress-ng --cpu 16 --cpu-load 46 --timeout 60s --quiet,23,5/15/2026,10:20:34,23.35,2.18,248
stress-ng --cpu 16 --cpu-load 46 --timeout 60s --quiet,23,5/15/2026,10:20:35,23,2.18,254
stress-ng --cpu 16 --cpu-load 46 --timeout 60s --quiet,23,5/15/2026,10:20:36,23.41,2.18,261
stress-ng --cpu 16 --cpu-load 46 --timeout 60s --quiet,23,5/15/2026,10:20:37,23.59,2.18,254
stress-ng --cpu 16 --cpu-load 46 --timeout 60s --quiet,23,5/15/2026,10:20:38,22.49,2.18,247
stress-ng --cpu 16 --cpu-load 46 --timeout 60s --quiet,23,5/15/2026,10:20:39,23.43,2.18,245
stress-ng --cpu 16 --cpu-load 46 --timeout 60s --quiet,23,5/15/2026,10:20:40,23.58,2.18,251
stress-ng --cpu 16 --cpu-load 46 --timeout 60s --quiet,23,5/15/2026,10:20:41,22.69,2.18,257
stress-ng --cpu 16 --cpu-load 46 --timeout 60s --quiet,23,5/15/2026,10:20:42,23.81,2.18,250
stress-ng --cpu 16 --cpu-load 46 --timeout 60s --quiet,23,5/15/2026,10:20:43,23.29,2.18,263
stress-ng --cpu 16 --cpu-load 46 --timeout 60s --quiet,23,5/15/2026,10:20:44,22.49,2.18,247
stress-ng --cpu 16 --cpu-load 46 --timeout 60s --quiet,23,5/15/2026,10:20:45,24.17,2.18,260
stress-ng --cpu 16 --cpu-load 46 --timeout 60s --quiet,23,5/15/2026,10:20:46,22.51,2.17,261
stress-ng --cpu 16 --cpu-load 46 --timeout 60s --quiet,23,5/15/2026,10:20:47,23.6,2.17,250
stress-ng --cpu 16 --cpu-load 46 --timeout 60s --quiet,23,5/15/2026,10:20:48,23.21,2.18,252
stress-ng --cpu 16 --cpu-load 46 --timeout 60s --quiet,23,5/15/2026,10:20:49,22.795,2.18,252
stress-ng --cpu 16 --cpu-load 46 --timeout 60s --quiet,23,5/15/2026,10:20:50,22.38,2.18,257
stress-ng --cpu 16 --cpu-load 46 --timeout 60s --quiet,23,5/15/2026,10:20:51,23.72,2.18,261
stress-ng --cpu 16 --cpu-load 46 --timeout 60s --quiet,23,5/15/2026,10:20:52,23.45,2.18,259
stress-ng --cpu 16 --cpu-load 46 --timeout 60s --quiet,23,5/15/2026,10:20:53,23.03,2.19,257
stress-ng --cpu 16 --cpu-load 46 --timeout 60s --quiet,23,5/15/2026,10:20:54,23.17,2.19,257
stress-ng --cpu 16 --cpu-load 46 --timeout 60s --quiet,23,5/15/2026,10:20:55,23.25,2.19,261
stress-ng --cpu 16 --cpu-load 46 --timeout 60s --quiet,23,5/15/2026,10:20:56,23.65,2.19,260
stress-ng --cpu 16 --cpu-load 46 --timeout 60s --quiet,23,5/15/2026,10:20:57,22.64,2.18,256
stress-ng --cpu 16 --cpu-load 46 --timeout 60s --quiet,23,5/15/2026,10:20:58,23.38,2.17,252
stress-ng --cpu 16 --cpu-load 46 --timeout 60s --quiet,23,5/15/2026,10:20:59,23.51,2.18,258
stress-ng --cpu 16 --cpu-load 46 --timeout 60s --quiet,23,5/15/2026,10:21:00,22.71,2.18,261
stress-ng --cpu 16 --cpu-load 46 --timeout 60s --quiet,23,5/15/2026,10:21:01,23.33,2.18,253
stress-ng --cpu 16 --cpu-load 46 --timeout 60s --quiet,23,5/15/2026,19:33:19,0.12,2.17,126
stress-ng --cpu 16 --cpu-load 46 --timeout 60s --quiet,23,5/15/2026,19:33:20,22.62,2.27,148
stress-ng --cpu 16 --cpu-load 46 --timeout 60s --quiet,23,5/15/2026,19:33:21,22.01,2.28,238
stress-ng --cpu 16 --cpu-load 46 --timeout 60s --quiet,23,5/15/2026,19:33:22,23.8,2.28,241
stress-ng --cpu 16 --cpu-load 46 --timeout 60s --quiet,23,5/15/2026,19:33:23,22.55,2.28,245
stress-ng --cpu 16 --cpu-load 46 --timeout 60s --quiet,23,5/15/2026,19:33:24,23.89,2.28,247
stress-ng --cpu 16 --cpu-load 46 --timeout 60s --quiet,23,5/15/2026,19:33:25,22.87,2.28,249
stress-ng --cpu 16 --cpu-load 46 --timeout 60s --quiet,23,5/15/2026,19:33:26,23.84,2.27,251
stress-ng --cpu 16 --cpu-load 46 --timeout 60s --quiet,23,5/15/2026,19:33:27,21.95,2.26,242
stress-ng --cpu 16 --cpu-load 46 --timeout 60s --quiet,23,5/15/2026,19:33:28,23.72,2.26,247
stress-ng --cpu 16 --cpu-load 46 --timeout 60s --quiet,23,5/15/2026,19:33:29,23.12,2.26,247
stress-ng --cpu 16 --cpu-load 46 --timeout 60s --quiet,23,5/15/2026,19:33:30,23.71,2.25,236
stress-ng --cpu 16 --cpu-load 46 --timeout 60s --quiet,23,5/15/2026,19:33:31,22.98,2.26,242
stress-ng --cpu 16 --cpu-load 46 --timeout 60s --quiet,23,5/15/2026,19:33:32,23.02,2.26,242
stress-ng --cpu 16 --cpu-load 46 --timeout 60s --quiet,23,5/15/2026,19:33:33,22.75,2.25,232
stress-ng --cpu 16 --cpu-load 46 --timeout 60s --quiet,23,5/15/2026,19:33:34,23.89,2.25,240
stress-ng --cpu 16 --cpu-load 46 --timeout 60s --quiet,23,5/15/2026,19:33:35,22.98,2.25,241
stress-ng --cpu 16 --cpu-load 46 --timeout 60s --quiet,23,5/15/2026,19:33:36,23.26,2.25,242
stress-ng --cpu 16 --cpu-load 46 --timeout 60s --quiet,23,5/15/2026,19:33:37,23.15,2.25,236
stress-ng --cpu 16 --cpu-load 46 --timeout 60s --quiet,23,5/15/2026,19:33:38,23.68,2.25,249
stress-ng --cpu 16 --cpu-load 46 --timeout 60s --quiet,23,5/15/2026,19:33:39,22.77,2.25,248
stress-ng --cpu 16 --cpu-load 46 --timeout 60s --quiet,23,5/15/2026,19:33:40,23.11,2.25,249
stress-ng --cpu 16 --cpu-load 46 --timeout 60s --quiet,23,5/15/2026,19:33:41,23.3,2.24,243
stress-ng --cpu 16 --cpu-load 46 --timeout 60s --quiet,23,5/15/2026,19:33:42,22.8,2.24,244
stress-ng --cpu 16 --cpu-load 46 --timeout 60s --quiet,23,5/15/2026,19:33:43,24.34,2.24,238
stress-ng --cpu 16 --cpu-load 46 --timeout 60s --quiet,23,5/15/2026,19:33:44,22.47,2.22,227
stress-ng --cpu 16 --cpu-load 46 --timeout 60s --quiet,23,5/15/2026,19:33:45,23.44,2.22,248
stress-ng --cpu 16 --cpu-load 46 --timeout 60s --quiet,23,5/15/2026,19:33:46,22.73,2.22,246
stress-ng --cpu 16 --cpu-load 46 --timeout 60s --quiet,23,5/15/2026,19:33:47,23.02,2.22,234
stress-ng --cpu 16 --cpu-load 46 --timeout 60s --quiet,23,5/15/2026,19:33:48,23.31,2.22,234
stress-ng --cpu 16 --cpu-load 46 --timeout 60s --quiet,23,5/15/2026,19:33:49,23.85,2.22,249
stress-ng --cpu 16 --cpu-load 46 --timeout 60s --quiet,23,5/15/2026,19:33:50,22.71,2.22,246
stress-ng --cpu 16 --cpu-load 46 --timeout 60s --quiet,23,5/15/2026,19:33:51,23.02,2.23,247
stress-ng --cpu 16 --cpu-load 46 --timeout 60s --quiet,23,5/15/2026,19:33:52,23.78,2.23,253
stress-ng --cpu 16 --cpu-load 46 --timeout 60s --quiet,23,5/15/2026,19:33:53,22.75,2.22,247
stress-ng --cpu 16 --cpu-load 46 --timeout 60s --quiet,23,5/15/2026,19:33:54,23.82,2.23,253
stress-ng --cpu 16 --cpu-load 46 --timeout 60s --quiet,23,5/15/2026,19:33:55,22.71,2.23,247
stress-ng --cpu 16 --cpu-load 46 --timeout 60s --quiet,23,5/15/2026,19:33:56,22.92,2.23,253
stress-ng --cpu 16 --cpu-load 46 --timeout 60s --quiet,23,5/15/2026,19:33:57,23.51,2.23,240
stress-ng --cpu 16 --cpu-load 46 --timeout 60s --quiet,23,5/15/2026,19:33:58,22.91,2.22,248
stress-ng --cpu 16 --cpu-load 46 --timeout 60s --quiet,23,5/15/2026,19:33:59,23.23,2.22,251
stress-ng --cpu 16 --cpu-load 46 --timeout 60s --quiet,23,5/15/2026,19:34:00,23.41,2.22,250
stress-ng --cpu 16 --cpu-load 46 --timeout 60s --quiet,23,5/15/2026,19:34:01,23.65,2.22,253
stress-ng --cpu 16 --cpu-load 46 --timeout 60s --quiet,23,5/15/2026,19:34:02,22.4,2.22,244
stress-ng --cpu 16 --cpu-load 46 --timeout 60s --quiet,23,5/15/2026,19:34:03,22.96,2.22,240
stress-ng --cpu 16 --cpu-load 46 --timeout 60s --quiet,23,5/15/2026,19:34:04,24.18,2.22,249
stress-ng --cpu 16 --cpu-load 46 --timeout 60s --quiet,23,5/15/2026,19:34:05,22.89,2.22,252
stress-ng --cpu 16 --cpu-load 46 --timeout 60s --quiet,23,5/15/2026,19:34:06,23.02,2.22,241
stress-ng --cpu 16 --cpu-load 46 --timeout 60s --quiet,23,5/15/2026,19:34:07,22.88,2.22,253
stress-ng --cpu 16 --cpu-load 46 --timeout 60s --quiet,23,5/15/2026,19:34:08,23.93,2.22,251
stress-ng --cpu 16 --cpu-load 46 --timeout 60s --quiet,23,5/15/2026,19:34:09,22.84,2.22,243.5
stress-ng --cpu 16 --cpu-load 46 --timeout 60s --quiet,23,5/15/2026,19:34:10,23.43,2.22,236
stress-ng --cpu 16 --cpu-load 46 --timeout 60s --quiet,23,5/15/2026,19:34:11,23.21,2.22,249
stress-ng --cpu 16 --cpu-load 46 --timeout 60s --quiet,23,5/15/2026,19:34:12,22.74,2.22,252
stress-ng --cpu 16 --cpu-load 46 --timeout 60s --quiet,23,5/15/2026,19:34:13,23.35,2.22,250
stress-ng --cpu 16 --cpu-load 46 --timeout 60s --quiet,23,5/15/2026,19:34:14,23.39,2.22,233
stress-ng --cpu 16 --cpu-load 46 --timeout 60s --quiet,23,5/15/2026,19:34:15,23.15,2.22,245
stress-ng --cpu 16 --cpu-load 46 --timeout 60s --quiet,23,5/15/2026,19:34:16,22.73,2.22,256
stress-ng --cpu 16 --cpu-load 46 --timeout 60s --quiet,23,5/15/2026,19:34:17,23.85,2.21,257
stress-ng --cpu 16 --cpu-load 46 --timeout 60s --quiet,23,5/15/2026,19:34:18,22.12,2.2,245
stress-ng --cpu 16 --cpu-load 46 --timeout 60s --quiet,23,5/15/2026,19:34:19,23.7,2.2,251
stress-ng --cpu 16 --cpu-load 48 --timeout 60s --quiet,24,5/14/2026,22:46:28,11.65,2.2,124
stress-ng --cpu 16 --cpu-load 48 --timeout 60s --quiet,24,5/14/2026,22:46:29,24.76,2.2,230
stress-ng --cpu 16 --cpu-load 48 --timeout 60s --quiet,24,5/14/2026,22:46:30,24.09,2.205,240
stress-ng --cpu 16 --cpu-load 48 --timeout 60s --quiet,24,5/14/2026,22:46:31,23.42,2.21,250
stress-ng --cpu 16 --cpu-load 48 --timeout 60s --quiet,24,5/14/2026,22:46:32,25.14,2.21,235
stress-ng --cpu 16 --cpu-load 48 --timeout 60s --quiet,24,5/14/2026,22:46:33,23.52,2.21,237
stress-ng --cpu 16 --cpu-load 48 --timeout 60s --quiet,24,5/14/2026,22:46:34,24.63,2.21,240
stress-ng --cpu 16 --cpu-load 48 --timeout 60s --quiet,24,5/14/2026,22:46:35,24.22,2.21,240
stress-ng --cpu 16 --cpu-load 48 --timeout 60s --quiet,24,5/14/2026,22:46:36,23.93,2.21,240
stress-ng --cpu 16 --cpu-load 48 --timeout 60s --quiet,24,5/14/2026,22:46:37,24.85,2.21,247
stress-ng --cpu 16 --cpu-load 48 --timeout 60s --quiet,24,5/14/2026,22:46:38,23.3,2.22,242
stress-ng --cpu 16 --cpu-load 48 --timeout 60s --quiet,24,5/14/2026,22:46:39,24.65,2.22,239
stress-ng --cpu 16 --cpu-load 48 --timeout 60s --quiet,24,5/14/2026,22:46:40,23.46,2.21,248
stress-ng --cpu 16 --cpu-load 48 --timeout 60s --quiet,24,5/14/2026,22:46:41,25.31,2.21,261
stress-ng --cpu 16 --cpu-load 48 --timeout 60s --quiet,24,5/14/2026,22:46:42,23.79,2.21,257
stress-ng --cpu 16 --cpu-load 48 --timeout 60s --quiet,24,5/14/2026,22:46:43,24.02,2.21,254
stress-ng --cpu 16 --cpu-load 48 --timeout 60s --quiet,24,5/14/2026,22:46:44,25.08,2.21,251
stress-ng --cpu 16 --cpu-load 48 --timeout 60s --quiet,24,5/14/2026,22:46:45,23.87,2.21,238
stress-ng --cpu 16 --cpu-load 48 --timeout 60s --quiet,24,5/14/2026,22:46:46,23.6,2.2,242
stress-ng --cpu 16 --cpu-load 48 --timeout 60s --quiet,24,5/14/2026,22:46:47,25.11,2.19,246
stress-ng --cpu 16 --cpu-load 48 --timeout 60s --quiet,24,5/14/2026,22:46:48,23.61,2.19,242
stress-ng --cpu 16 --cpu-load 48 --timeout 60s --quiet,24,5/14/2026,22:46:49,24.58,2.18,255
stress-ng --cpu 16 --cpu-load 48 --timeout 60s --quiet,24,5/14/2026,22:46:50,23.68,2.18,249
stress-ng --cpu 16 --cpu-load 48 --timeout 60s --quiet,24,5/14/2026,22:46:51,24.79,2.18,232
stress-ng --cpu 16 --cpu-load 48 --timeout 60s --quiet,24,5/14/2026,22:46:52,23.99,2.18,247
stress-ng --cpu 16 --cpu-load 48 --timeout 60s --quiet,24,5/14/2026,22:46:53,24.11,2.17,249
stress-ng --cpu 16 --cpu-load 48 --timeout 60s --quiet,24,5/14/2026,22:46:54,24.68,2.18,248.5
stress-ng --cpu 16 --cpu-load 48 --timeout 60s --quiet,24,5/14/2026,22:46:55,23.92,2.17,248
stress-ng --cpu 16 --cpu-load 48 --timeout 60s --quiet,24,5/14/2026,22:46:56,23.95,2.17,250
stress-ng --cpu 16 --cpu-load 48 --timeout 60s --quiet,24,5/14/2026,22:46:57,24.23,2.17,251
stress-ng --cpu 16 --cpu-load 48 --timeout 60s --quiet,24,5/14/2026,22:46:58,24.59,2.17,255
stress-ng --cpu 16 --cpu-load 48 --timeout 60s --quiet,24,5/14/2026,22:46:59,24.15,2.17,254
stress-ng --cpu 16 --cpu-load 48 --timeout 60s --quiet,24,5/14/2026,22:47:00,24.27,2.17,266
stress-ng --cpu 16 --cpu-load 48 --timeout 60s --quiet,24,5/14/2026,22:47:01,24.97,2.17,262
stress-ng --cpu 16 --cpu-load 48 --timeout 60s --quiet,24,5/14/2026,22:47:02,23.51,2.18,243
stress-ng --cpu 16 --cpu-load 48 --timeout 60s --quiet,24,5/14/2026,22:47:03,24.81,2.17,256
stress-ng --cpu 16 --cpu-load 48 --timeout 60s --quiet,24,5/14/2026,22:47:04,23.83,2.17,259
stress-ng --cpu 16 --cpu-load 48 --timeout 60s --quiet,24,5/14/2026,22:47:05,24.3,2.17,251
stress-ng --cpu 16 --cpu-load 48 --timeout 60s --quiet,24,5/14/2026,22:47:06,24.2,2.17,244
stress-ng --cpu 16 --cpu-load 48 --timeout 60s --quiet,24,5/14/2026,22:47:07,24.41,2.17,255
stress-ng --cpu 16 --cpu-load 48 --timeout 60s --quiet,24,5/14/2026,22:47:08,24.05,2.17,256
stress-ng --cpu 16 --cpu-load 48 --timeout 60s --quiet,24,5/14/2026,22:47:09,24.31,2.18,247
stress-ng --cpu 16 --cpu-load 48 --timeout 60s --quiet,24,5/14/2026,22:47:10,24.38,2.18,253
stress-ng --cpu 16 --cpu-load 48 --timeout 60s --quiet,24,5/14/2026,22:47:11,24.19,2.18,252
stress-ng --cpu 16 --cpu-load 48 --timeout 60s --quiet,24,5/14/2026,22:47:12,24.36,2.17,254
stress-ng --cpu 16 --cpu-load 48 --timeout 60s --quiet,24,5/14/2026,22:47:13,23.88,2.18,252
stress-ng --cpu 16 --cpu-load 48 --timeout 60s --quiet,24,5/14/2026,22:47:14,24.87,2.18,253
stress-ng --cpu 16 --cpu-load 48 --timeout 60s --quiet,24,5/14/2026,22:47:15,24.26,2.18,252
stress-ng --cpu 16 --cpu-load 48 --timeout 60s --quiet,24,5/14/2026,22:47:16,24.32,2.17,244.5
stress-ng --cpu 16 --cpu-load 48 --timeout 60s --quiet,24,5/14/2026,22:47:17,23.59,2.17,237
stress-ng --cpu 16 --cpu-load 48 --timeout 60s --quiet,24,5/14/2026,22:47:18,24.37,2.17,253
stress-ng --cpu 16 --cpu-load 48 --timeout 60s --quiet,24,5/14/2026,22:47:19,23.98,2.17,242
stress-ng --cpu 16 --cpu-load 48 --timeout 60s --quiet,24,5/14/2026,22:47:20,24.52,2.17,242
stress-ng --cpu 16 --cpu-load 48 --timeout 60s --quiet,24,5/14/2026,22:47:21,24.59,2.16,251
stress-ng --cpu 16 --cpu-load 48 --timeout 60s --quiet,24,5/14/2026,22:47:22,24.18,2.16,255
stress-ng --cpu 16 --cpu-load 48 --timeout 60s --quiet,24,5/14/2026,22:47:23,24.37,2.16,249
stress-ng --cpu 16 --cpu-load 48 --timeout 60s --quiet,24,5/14/2026,22:47:24,23.96,2.16,249
stress-ng --cpu 16 --cpu-load 48 --timeout 60s --quiet,24,5/14/2026,22:47:25,24.42,2.16,253
stress-ng --cpu 16 --cpu-load 48 --timeout 60s --quiet,24,5/14/2026,22:47:26,23.9,2.15,253
stress-ng --cpu 16 --cpu-load 48 --timeout 60s --quiet,24,5/14/2026,22:47:27,24.82,2.16,256
stress-ng --cpu 16 --cpu-load 48 --timeout 60s --quiet,24,5/14/2026,22:47:28,14.83,2.07,254
stress-ng --cpu 16 --cpu-load 48 --timeout 60s --quiet,24,5/15/2026,4:55:16,0.12,2.2,128
stress-ng --cpu 16 --cpu-load 48 --timeout 60s --quiet,24,5/15/2026,4:55:17,16.78,2.32,122
stress-ng --cpu 16 --cpu-load 48 --timeout 60s --quiet,24,5/15/2026,4:55:18,23.98,2.31,217
stress-ng --cpu 16 --cpu-load 48 --timeout 60s --quiet,24,5/15/2026,4:55:19,24.13,2.31,239
stress-ng --cpu 16 --cpu-load 48 --timeout 60s --quiet,24,5/15/2026,4:55:20,24.64,2.31,240
stress-ng --cpu 16 --cpu-load 48 --timeout 60s --quiet,24,5/15/2026,4:55:21,23.4,2.3,241
stress-ng --cpu 16 --cpu-load 48 --timeout 60s --quiet,24,5/15/2026,4:55:22,25.25,2.3,240
stress-ng --cpu 16 --cpu-load 48 --timeout 60s --quiet,24,5/15/2026,4:55:23,23.16,2.29,231
stress-ng --cpu 16 --cpu-load 48 --timeout 60s --quiet,24,5/15/2026,4:55:24,24.59,2.3,235
stress-ng --cpu 16 --cpu-load 48 --timeout 60s --quiet,24,5/15/2026,4:55:25,24.8,2.3,238
stress-ng --cpu 16 --cpu-load 48 --timeout 60s --quiet,24,5/15/2026,4:55:26,23.36,2.3,237
stress-ng --cpu 16 --cpu-load 48 --timeout 60s --quiet,24,5/15/2026,4:55:27,25.23,2.3,231
stress-ng --cpu 16 --cpu-load 48 --timeout 60s --quiet,24,5/15/2026,4:55:28,23.58,2.3,250
stress-ng --cpu 16 --cpu-load 48 --timeout 60s --quiet,24,5/15/2026,4:55:29,24.48,2.29,248
stress-ng --cpu 16 --cpu-load 48 --timeout 60s --quiet,24,5/15/2026,4:55:30,23.87,2.29,251
stress-ng --cpu 16 --cpu-load 48 --timeout 60s --quiet,24,5/15/2026,4:55:31,24.46,2.28,250
stress-ng --cpu 16 --cpu-load 48 --timeout 60s --quiet,24,5/15/2026,4:55:32,23.66,2.27,250
stress-ng --cpu 16 --cpu-load 48 --timeout 60s --quiet,24,5/15/2026,4:55:33,24.85,2.27,244
stress-ng --cpu 16 --cpu-load 48 --timeout 60s --quiet,24,5/15/2026,4:55:34,23.56,2.27,239
stress-ng --cpu 16 --cpu-load 48 --timeout 60s --quiet,24,5/15/2026,4:55:35,24.75,2.27,242
stress-ng --cpu 16 --cpu-load 48 --timeout 60s --quiet,24,5/15/2026,4:55:36,23.98,2.26,249
stress-ng --cpu 16 --cpu-load 48 --timeout 60s --quiet,24,5/15/2026,4:55:37,23.99,2.27,246
stress-ng --cpu 16 --cpu-load 48 --timeout 60s --quiet,24,5/15/2026,4:55:38,24.56,2.26,251
stress-ng --cpu 16 --cpu-load 48 --timeout 60s --quiet,24,5/15/2026,4:55:39,24.13,2.24,250
stress-ng --cpu 16 --cpu-load 48 --timeout 60s --quiet,24,5/15/2026,4:55:40,24.28,2.25,245
stress-ng --cpu 16 --cpu-load 48 --timeout 60s --quiet,24,5/15/2026,4:55:41,24.03,2.24,248
stress-ng --cpu 16 --cpu-load 48 --timeout 60s --quiet,24,5/15/2026,4:55:42,24.22,2.24,257
stress-ng --cpu 16 --cpu-load 48 --timeout 60s --quiet,24,5/15/2026,4:55:43,23.92,2.24,262
stress-ng --cpu 16 --cpu-load 48 --timeout 60s --quiet,24,5/15/2026,4:55:44,24.08,2.23,260
stress-ng --cpu 16 --cpu-load 48 --timeout 60s --quiet,24,5/15/2026,4:55:45,24.77,2.24,259.5
stress-ng --cpu 16 --cpu-load 48 --timeout 60s --quiet,24,5/15/2026,4:55:46,23.56,2.24,259
stress-ng --cpu 16 --cpu-load 48 --timeout 60s --quiet,24,5/15/2026,4:55:47,25.08,2.23,247
stress-ng --cpu 16 --cpu-load 48 --timeout 60s --quiet,24,5/15/2026,4:55:48,23.32,2.23,246
stress-ng --cpu 16 --cpu-load 48 --timeout 60s --quiet,24,5/15/2026,4:55:49,24.38,2.24,253
stress-ng --cpu 16 --cpu-load 48 --timeout 60s --quiet,24,5/15/2026,4:55:50,24.465,2.24,256
stress-ng --cpu 16 --cpu-load 48 --timeout 60s --quiet,24,5/15/2026,4:55:51,24.55,2.24,258
stress-ng --cpu 16 --cpu-load 48 --timeout 60s --quiet,24,5/15/2026,4:55:52,23.61,2.24,244
stress-ng --cpu 16 --cpu-load 48 --timeout 60s --quiet,24,5/15/2026,4:55:53,25.02,2.24,242
stress-ng --cpu 16 --cpu-load 48 --timeout 60s --quiet,24,5/15/2026,4:55:54,23.83,2.24,240
stress-ng --cpu 16 --cpu-load 48 --timeout 60s --quiet,24,5/15/2026,4:55:55,24.32,2.23,249
stress-ng --cpu 16 --cpu-load 48 --timeout 60s --quiet,24,5/15/2026,4:55:56,24.12,2.22,254
stress-ng --cpu 16 --cpu-load 48 --timeout 60s --quiet,24,5/15/2026,4:55:57,23.94,2.22,248
stress-ng --cpu 16 --cpu-load 48 --timeout 60s --quiet,24,5/15/2026,4:55:58,25.14,2.22,252
stress-ng --cpu 16 --cpu-load 48 --timeout 60s --quiet,24,5/15/2026,4:55:59,23.46,2.21,254
stress-ng --cpu 16 --cpu-load 48 --timeout 60s --quiet,24,5/15/2026,4:56:00,24.05,2.22,249
stress-ng --cpu 16 --cpu-load 48 --timeout 60s --quiet,24,5/15/2026,4:56:01,24.45,2.22,253
stress-ng --cpu 16 --cpu-load 48 --timeout 60s --quiet,24,5/15/2026,4:56:02,24.04,2.22,257
stress-ng --cpu 16 --cpu-load 48 --timeout 60s --quiet,24,5/15/2026,4:56:03,24.88,2.21,255
stress-ng --cpu 16 --cpu-load 48 --timeout 60s --quiet,24,5/15/2026,4:56:04,23.22,2.21,230
stress-ng --cpu 16 --cpu-load 48 --timeout 60s --quiet,24,5/15/2026,4:56:05,24.92,2.21,233
stress-ng --cpu 16 --cpu-load 48 --timeout 60s --quiet,24,5/15/2026,4:56:06,23.88,2.21,252
stress-ng --cpu 16 --cpu-load 48 --timeout 60s --quiet,24,5/15/2026,4:56:07,24.3,2.22,251
stress-ng --cpu 16 --cpu-load 48 --timeout 60s --quiet,24,5/15/2026,4:56:08,24.27,2.22,247
stress-ng --cpu 16 --cpu-load 48 --timeout 60s --quiet,24,5/15/2026,4:56:09,24.15,2.21,251
stress-ng --cpu 16 --cpu-load 48 --timeout 60s --quiet,24,5/15/2026,4:56:10,24.12,2.21,258
stress-ng --cpu 16 --cpu-load 48 --timeout 60s --quiet,24,5/15/2026,4:56:11,24.32,2.21,250
stress-ng --cpu 16 --cpu-load 48 --timeout 60s --quiet,24,5/15/2026,4:56:12,24.44,2.21,256
stress-ng --cpu 16 --cpu-load 48 --timeout 60s --quiet,24,5/15/2026,4:56:13,23.93,2.2,245
stress-ng --cpu 16 --cpu-load 48 --timeout 60s --quiet,24,5/15/2026,4:56:14,24.25,2.2,247.5
stress-ng --cpu 16 --cpu-load 48 --timeout 60s --quiet,24,5/15/2026,4:56:15,23.74,2.2,250
stress-ng --cpu 16 --cpu-load 48 --timeout 60s --quiet,24,5/15/2026,4:56:16,24.61,2.2,254
stress-ng --cpu 16 --cpu-load 48 --timeout 60s --quiet,24,5/15/2026,16:06:50,0.28,2.12,110
stress-ng --cpu 16 --cpu-load 48 --timeout 60s --quiet,24,5/15/2026,16:06:51,24.75,2.22,132
stress-ng --cpu 16 --cpu-load 48 --timeout 60s --quiet,24,5/15/2026,16:06:52,23.68,2.22,209
stress-ng --cpu 16 --cpu-load 48 --timeout 60s --quiet,24,5/15/2026,16:06:53,24.93,2.22,231
stress-ng --cpu 16 --cpu-load 48 --timeout 60s --quiet,24,5/15/2026,16:06:54,23.44,2.22,246
stress-ng --cpu 16 --cpu-load 48 --timeout 60s --quiet,24,5/15/2026,16:06:55,24.88,2.22,245
stress-ng --cpu 16 --cpu-load 48 --timeout 60s --quiet,24,5/15/2026,16:06:56,24.38,2.22,252
stress-ng --cpu 16 --cpu-load 48 --timeout 60s --quiet,24,5/15/2026,16:06:57,23.88,2.22,247
stress-ng --cpu 16 --cpu-load 48 --timeout 60s --quiet,24,5/15/2026,16:06:58,24.58,2.22,242
stress-ng --cpu 16 --cpu-load 48 --timeout 60s --quiet,24,5/15/2026,16:06:59,24.13,2.22,241
stress-ng --cpu 16 --cpu-load 48 --timeout 60s --quiet,24,5/15/2026,16:07:00,23.93,2.22,239
stress-ng --cpu 16 --cpu-load 48 --timeout 60s --quiet,24,5/15/2026,16:07:01,24.25,2.22,246
stress-ng --cpu 16 --cpu-load 48 --timeout 60s --quiet,24,5/15/2026,16:07:02,24.35,2.22,248
stress-ng --cpu 16 --cpu-load 48 --timeout 60s --quiet,24,5/15/2026,16:07:03,24.39,2.21,240
stress-ng --cpu 16 --cpu-load 48 --timeout 60s --quiet,24,5/15/2026,16:07:04,23.9,2.22,242
stress-ng --cpu 16 --cpu-load 48 --timeout 60s --quiet,24,5/15/2026,16:07:05,24.43,2.21,246
stress-ng --cpu 16 --cpu-load 48 --timeout 60s --quiet,24,5/15/2026,16:07:06,24.27,2.22,246
stress-ng --cpu 16 --cpu-load 48 --timeout 60s --quiet,24,5/15/2026,16:07:07,23.49,2.22,249
stress-ng --cpu 16 --cpu-load 48 --timeout 60s --quiet,24,5/15/2026,16:07:08,24.68,2.22,256
stress-ng --cpu 16 --cpu-load 48 --timeout 60s --quiet,24,5/15/2026,16:07:09,24.44,2.22,249
stress-ng --cpu 16 --cpu-load 48 --timeout 60s --quiet,24,5/15/2026,16:07:10,23.85,2.22,253
stress-ng --cpu 16 --cpu-load 48 --timeout 60s --quiet,24,5/15/2026,16:07:11,24.45,2.22,251
stress-ng --cpu 16 --cpu-load 48 --timeout 60s --quiet,24,5/15/2026,16:07:12,23.84,2.23,241
stress-ng --cpu 16 --cpu-load 48 --timeout 60s --quiet,24,5/15/2026,16:07:13,24.32,2.23,246
stress-ng --cpu 16 --cpu-load 48 --timeout 60s --quiet,24,5/15/2026,16:07:14,23.88,2.23,260
stress-ng --cpu 16 --cpu-load 48 --timeout 60s --quiet,24,5/15/2026,16:07:15,24.18,2.22,254
stress-ng --cpu 16 --cpu-load 48 --timeout 60s --quiet,24,5/15/2026,16:07:16,24.84,2.22,246
stress-ng --cpu 16 --cpu-load 48 --timeout 60s --quiet,24,5/15/2026,16:07:17,23.42,2.22,248
stress-ng --cpu 16 --cpu-load 48 --timeout 60s --quiet,24,5/15/2026,16:07:18,24.95,2.23,243
stress-ng --cpu 16 --cpu-load 48 --timeout 60s --quiet,24,5/15/2026,16:07:19,23.9,2.23,254
stress-ng --cpu 16 --cpu-load 48 --timeout 60s --quiet,24,5/15/2026,16:07:20,24.21,2.23,252
stress-ng --cpu 16 --cpu-load 48 --timeout 60s --quiet,24,5/15/2026,16:07:21,24.06,2.23,255.5
stress-ng --cpu 16 --cpu-load 48 --timeout 60s --quiet,24,5/15/2026,16:07:22,25,2.22,259
stress-ng --cpu 16 --cpu-load 48 --timeout 60s --quiet,24,5/15/2026,16:07:23,23.11,2.22,255
stress-ng --cpu 16 --cpu-load 48 --timeout 60s --quiet,24,5/15/2026,16:07:24,25.11,2.22,251
stress-ng --cpu 16 --cpu-load 48 --timeout 60s --quiet,24,5/15/2026,16:07:25,23.78,2.22,245
stress-ng --cpu 16 --cpu-load 48 --timeout 60s --quiet,24,5/15/2026,16:07:26,24.63,2.22,253
stress-ng --cpu 16 --cpu-load 48 --timeout 60s --quiet,24,5/15/2026,16:07:27,23.55,2.22,255
stress-ng --cpu 16 --cpu-load 48 --timeout 60s --quiet,24,5/15/2026,16:07:28,24.46,2.22,253
stress-ng --cpu 16 --cpu-load 48 --timeout 60s --quiet,24,5/15/2026,16:07:29,23.43,2.22,256
stress-ng --cpu 16 --cpu-load 48 --timeout 60s --quiet,24,5/15/2026,16:07:30,25.18,2.22,251
stress-ng --cpu 16 --cpu-load 48 --timeout 60s --quiet,24,5/15/2026,16:07:31,23.83,2.21,259
stress-ng --cpu 16 --cpu-load 48 --timeout 60s --quiet,24,5/15/2026,16:07:32,24.2,2.21,253
stress-ng --cpu 16 --cpu-load 48 --timeout 60s --quiet,24,5/15/2026,16:07:33,23.78,2.21,251
stress-ng --cpu 16 --cpu-load 48 --timeout 60s --quiet,24,5/15/2026,16:07:34,24.33,2.21,257
stress-ng --cpu 16 --cpu-load 48 --timeout 60s --quiet,24,5/15/2026,16:07:35,24.7,2.2,260
stress-ng --cpu 16 --cpu-load 48 --timeout 60s --quiet,24,5/15/2026,16:07:36,23.48,2.2,247
stress-ng --cpu 16 --cpu-load 48 --timeout 60s --quiet,24,5/15/2026,16:07:37,25.09,2.21,252
stress-ng --cpu 16 --cpu-load 48 --timeout 60s --quiet,24,5/15/2026,16:07:38,23.48,2.2,261
stress-ng --cpu 16 --cpu-load 48 --timeout 60s --quiet,24,5/15/2026,16:07:39,24.54,2.2,250
stress-ng --cpu 16 --cpu-load 48 --timeout 60s --quiet,24,5/15/2026,16:07:40,24,2.2,252
stress-ng --cpu 16 --cpu-load 48 --timeout 60s --quiet,24,5/15/2026,16:07:41,24.44,2.2,245
stress-ng --cpu 16 --cpu-load 48 --timeout 60s --quiet,24,5/15/2026,16:07:42,23.88,2.2,248
stress-ng --cpu 16 --cpu-load 48 --timeout 60s --quiet,24,5/15/2026,16:07:43,24.27,2.2,248
stress-ng --cpu 16 --cpu-load 48 --timeout 60s --quiet,24,5/15/2026,16:07:44,24.4,2.2,254
stress-ng --cpu 16 --cpu-load 48 --timeout 60s --quiet,24,5/15/2026,16:07:45,24.24,2.19,255
stress-ng --cpu 16 --cpu-load 48 --timeout 60s --quiet,24,5/15/2026,16:07:46,24.06,2.2,254
stress-ng --cpu 16 --cpu-load 48 --timeout 60s --quiet,24,5/15/2026,16:07:47,24.58,2.19,250
stress-ng --cpu 16 --cpu-load 48 --timeout 60s --quiet,24,5/15/2026,16:07:48,23.53,2.19,247
stress-ng --cpu 16 --cpu-load 48 --timeout 60s --quiet,24,5/15/2026,16:07:49,24.27,2.19,253
stress-ng --cpu 16 --cpu-load 48 --timeout 60s --quiet,24,5/15/2026,16:07:50,24.48,2.19,260
stress-ng --cpu 16 --cpu-load 48 --timeout 60s --quiet,24,5/15/2026,16:07:51,2.31,2.11,127
stress-ng --cpu 16 --cpu-load 50 --timeout 60s --quiet,25,5/14/2026,23:30:33,0.12,2.09,120
stress-ng --cpu 16 --cpu-load 50 --timeout 60s --quiet,25,5/14/2026,23:30:34,22.59,2.22,132
stress-ng --cpu 16 --cpu-load 50 --timeout 60s --quiet,25,5/14/2026,23:30:35,25.45,2.22,125
stress-ng --cpu 16 --cpu-load 50 --timeout 60s --quiet,25,5/14/2026,23:30:36,24.13,2.22,233
stress-ng --cpu 16 --cpu-load 50 --timeout 60s --quiet,25,5/14/2026,23:30:37,25.14,2.21,248
stress-ng --cpu 16 --cpu-load 50 --timeout 60s --quiet,25,5/14/2026,23:30:38,26.27,2.21,235
stress-ng --cpu 16 --cpu-load 50 --timeout 60s --quiet,25,5/14/2026,23:30:39,24.88,2.21,234
stress-ng --cpu 16 --cpu-load 50 --timeout 60s --quiet,25,5/14/2026,23:30:40,24.65,2.21,243
stress-ng --cpu 16 --cpu-load 50 --timeout 60s --quiet,25,5/14/2026,23:30:41,25.19,2.21,239
stress-ng --cpu 16 --cpu-load 50 --timeout 60s --quiet,25,5/14/2026,23:30:42,25.46,2.205,238
stress-ng --cpu 16 --cpu-load 50 --timeout 60s --quiet,25,5/14/2026,23:30:43,25.73,2.2,240
stress-ng --cpu 16 --cpu-load 50 --timeout 60s --quiet,25,5/14/2026,23:30:44,25.22,2.2,247
stress-ng --cpu 16 --cpu-load 50 --timeout 60s --quiet,25,5/14/2026,23:30:45,24.62,2.2,246
stress-ng --cpu 16 --cpu-load 50 --timeout 60s --quiet,25,5/14/2026,23:30:46,25.55,2.2,240
stress-ng --cpu 16 --cpu-load 50 --timeout 60s --quiet,25,5/14/2026,23:30:47,25.32,2.2,252
stress-ng --cpu 16 --cpu-load 50 --timeout 60s --quiet,25,5/14/2026,23:30:48,24.69,2.19,248
stress-ng --cpu 16 --cpu-load 50 --timeout 60s --quiet,25,5/14/2026,23:30:49,25.25,2.19,260
stress-ng --cpu 16 --cpu-load 50 --timeout 60s --quiet,25,5/14/2026,23:30:50,25.67,2.18,253
stress-ng --cpu 16 --cpu-load 50 --timeout 60s --quiet,25,5/14/2026,23:30:51,25.14,2.19,253
stress-ng --cpu 16 --cpu-load 50 --timeout 60s --quiet,25,5/14/2026,23:30:52,24.8,2.18,257
stress-ng --cpu 16 --cpu-load 50 --timeout 60s --quiet,25,5/14/2026,23:30:53,25.03,2.18,263
stress-ng --cpu 16 --cpu-load 50 --timeout 60s --quiet,25,5/14/2026,23:30:54,26.01,2.17,262
stress-ng --cpu 16 --cpu-load 50 --timeout 60s --quiet,25,5/14/2026,23:30:55,25.13,2.18,259
stress-ng --cpu 16 --cpu-load 50 --timeout 60s --quiet,25,5/14/2026,23:30:56,24.46,2.18,265
stress-ng --cpu 16 --cpu-load 50 --timeout 60s --quiet,25,5/14/2026,23:30:57,25.01,2.18,254
stress-ng --cpu 16 --cpu-load 50 --timeout 60s --quiet,25,5/14/2026,23:30:58,25.63,2.18,254
stress-ng --cpu 16 --cpu-load 50 --timeout 60s --quiet,25,5/14/2026,23:30:59,25.39,2.18,254
stress-ng --cpu 16 --cpu-load 50 --timeout 60s --quiet,25,5/14/2026,23:31:00,24.57,2.18,253
stress-ng --cpu 16 --cpu-load 50 --timeout 60s --quiet,25,5/14/2026,23:31:01,25.99,2.17,252
stress-ng --cpu 16 --cpu-load 50 --timeout 60s --quiet,25,5/14/2026,23:31:02,25.69,2.17,251
stress-ng --cpu 16 --cpu-load 50 --timeout 60s --quiet,25,5/14/2026,23:31:03,23.83,2.17,253
stress-ng --cpu 16 --cpu-load 50 --timeout 60s --quiet,25,5/14/2026,23:31:04,25.95,2.17,249
stress-ng --cpu 16 --cpu-load 50 --timeout 60s --quiet,25,5/14/2026,23:31:05,25.15,2.18,252
stress-ng --cpu 16 --cpu-load 50 --timeout 60s --quiet,25,5/14/2026,23:31:06,25.18,2.17,256
stress-ng --cpu 16 --cpu-load 50 --timeout 60s --quiet,25,5/14/2026,23:31:07,24.94,2.17,257
stress-ng --cpu 16 --cpu-load 50 --timeout 60s --quiet,25,5/14/2026,23:31:08,25.13,2.17,253
stress-ng --cpu 16 --cpu-load 50 --timeout 60s --quiet,25,5/14/2026,23:31:09,26.01,2.17,253
stress-ng --cpu 16 --cpu-load 50 --timeout 60s --quiet,25,5/14/2026,23:31:10,25.22,2.17,243
stress-ng --cpu 16 --cpu-load 50 --timeout 60s --quiet,25,5/14/2026,23:31:11,24.77,2.17,240
stress-ng --cpu 16 --cpu-load 50 --timeout 60s --quiet,25,5/14/2026,23:31:12,24.97,2.17,247
stress-ng --cpu 16 --cpu-load 50 --timeout 60s --quiet,25,5/14/2026,23:31:13,25.36,2.17,246
stress-ng --cpu 16 --cpu-load 50 --timeout 60s --quiet,25,5/14/2026,23:31:14,25.41,2.17,260
stress-ng --cpu 16 --cpu-load 50 --timeout 60s --quiet,25,5/14/2026,23:31:15,25.3,2.16,247
stress-ng --cpu 16 --cpu-load 50 --timeout 60s --quiet,25,5/14/2026,23:31:16,24.38,2.16,251
stress-ng --cpu 16 --cpu-load 50 --timeout 60s --quiet,25,5/14/2026,23:31:17,25.26,2.16,253
stress-ng --cpu 16 --cpu-load 50 --timeout 60s --quiet,25,5/14/2026,23:31:18,25.41,2.15,253
stress-ng --cpu 16 --cpu-load 50 --timeout 60s --quiet,25,5/14/2026,23:31:19,25.41,2.15,253
stress-ng --cpu 16 --cpu-load 50 --timeout 60s --quiet,25,5/14/2026,23:31:20,25.18,2.15,257
stress-ng --cpu 16 --cpu-load 50 --timeout 60s --quiet,25,5/14/2026,23:31:21,24.8,2.15,260
stress-ng --cpu 16 --cpu-load 50 --timeout 60s --quiet,25,5/14/2026,23:31:22,25.62,2.15,252
stress-ng --cpu 16 --cpu-load 50 --timeout 60s --quiet,25,5/14/2026,23:31:23,24.98,2.15,256
stress-ng --cpu 16 --cpu-load 50 --timeout 60s --quiet,25,5/14/2026,23:31:24,25.02,2.15,256
stress-ng --cpu 16 --cpu-load 50 --timeout 60s --quiet,25,5/14/2026,23:31:25,25.78,2.15,262
stress-ng --cpu 16 --cpu-load 50 --timeout 60s --quiet,25,5/14/2026,23:31:26,25.36,2.15,256
stress-ng --cpu 16 --cpu-load 50 --timeout 60s --quiet,25,5/14/2026,23:31:27,24.68,2.14,251
stress-ng --cpu 16 --cpu-load 50 --timeout 60s --quiet,25,5/14/2026,23:31:28,24.91,2.15,255
stress-ng --cpu 16 --cpu-load 50 --timeout 60s --quiet,25,5/14/2026,23:31:29,25.45,2.15,250
stress-ng --cpu 16 --cpu-load 50 --timeout 60s --quiet,25,5/14/2026,23:31:30,25.33,2.14,253
stress-ng --cpu 16 --cpu-load 50 --timeout 60s --quiet,25,5/14/2026,23:31:31,25.62,2.14,257
stress-ng --cpu 16 --cpu-load 50 --timeout 60s --quiet,25,5/14/2026,23:31:32,24.98,2.15,255
stress-ng --cpu 16 --cpu-load 50 --timeout 60s --quiet,25,5/14/2026,23:31:33,24.98,2.15,253.5
stress-ng --cpu 16 --cpu-load 50 --timeout 60s --quiet,25,5/14/2026,23:31:34,6.4,2.07,252
stress-ng --cpu 16 --cpu-load 50 --timeout 60s --quiet,25,5/15/2026,5:25:20,2.28,2.22,135
stress-ng --cpu 16 --cpu-load 50 --timeout 60s --quiet,25,5/15/2026,5:25:21,26.13,2.26,123
stress-ng --cpu 16 --cpu-load 50 --timeout 60s --quiet,25,5/15/2026,5:25:22,25.58,2.25,219
stress-ng --cpu 16 --cpu-load 50 --timeout 60s --quiet,25,5/15/2026,5:25:23,23.6,2.25,238
stress-ng --cpu 16 --cpu-load 50 --timeout 60s --quiet,25,5/15/2026,5:25:24,25.41,2.25,237
stress-ng --cpu 16 --cpu-load 50 --timeout 60s --quiet,25,5/15/2026,5:25:25,26.1,2.24,242
stress-ng --cpu 16 --cpu-load 50 --timeout 60s --quiet,25,5/15/2026,5:25:26,25.1,2.24,240
stress-ng --cpu 16 --cpu-load 50 --timeout 60s --quiet,25,5/15/2026,5:25:27,24.3,2.24,241
stress-ng --cpu 16 --cpu-load 50 --timeout 60s --quiet,25,5/15/2026,5:25:28,25.33,2.22,239
stress-ng --cpu 16 --cpu-load 50 --timeout 60s --quiet,25,5/15/2026,5:25:29,25.69,2.22,242
stress-ng --cpu 16 --cpu-load 50 --timeout 60s --quiet,25,5/15/2026,5:25:30,25.08,2.22,257
stress-ng --cpu 16 --cpu-load 50 --timeout 60s --quiet,25,5/15/2026,5:25:31,25.1,2.22,259
stress-ng --cpu 16 --cpu-load 50 --timeout 60s --quiet,25,5/15/2026,5:25:32,25.61,2.22,261
stress-ng --cpu 16 --cpu-load 50 --timeout 60s --quiet,25,5/15/2026,5:25:33,24.21,2.21,259
stress-ng --cpu 16 --cpu-load 50 --timeout 60s --quiet,25,5/15/2026,5:25:34,26.02,2.21,252
stress-ng --cpu 16 --cpu-load 50 --timeout 60s --quiet,25,5/15/2026,5:25:35,25.58,2.21,251
stress-ng --cpu 16 --cpu-load 50 --timeout 60s --quiet,25,5/15/2026,5:25:36,24.14,2.22,246.5
stress-ng --cpu 16 --cpu-load 50 --timeout 60s --quiet,25,5/15/2026,5:25:37,24.87,2.21,242
stress-ng --cpu 16 --cpu-load 50 --timeout 60s --quiet,25,5/15/2026,5:25:38,26.08,2.22,242
stress-ng --cpu 16 --cpu-load 50 --timeout 60s --quiet,25,5/15/2026,5:25:39,25.84,2.22,249
stress-ng --cpu 16 --cpu-load 50 --timeout 60s --quiet,25,5/15/2026,5:25:40,23.94,2.22,248
stress-ng --cpu 16 --cpu-load 50 --timeout 60s --quiet,25,5/15/2026,5:25:41,25.21,2.23,234
stress-ng --cpu 16 --cpu-load 50 --timeout 60s --quiet,25,5/15/2026,5:25:42,25.595,2.225,245
stress-ng --cpu 16 --cpu-load 50 --timeout 60s --quiet,25,5/15/2026,5:25:43,25.98,2.22,246
stress-ng --cpu 16 --cpu-load 50 --timeout 60s --quiet,25,5/15/2026,5:25:44,24.47,2.21,253
stress-ng --cpu 16 --cpu-load 50 --timeout 60s --quiet,25,5/15/2026,5:25:45,25.39,2.21,256
stress-ng --cpu 16 --cpu-load 50 --timeout 60s --quiet,25,5/15/2026,5:25:46,25.74,2.21,250
stress-ng --cpu 16 --cpu-load 50 --timeout 60s --quiet,25,5/15/2026,5:25:47,25.24,2.21,258
stress-ng --cpu 16 --cpu-load 50 --timeout 60s --quiet,25,5/15/2026,5:25:48,25.22,2.21,246
stress-ng --cpu 16 --cpu-load 50 --timeout 60s --quiet,25,5/15/2026,5:25:49,25.52,2.19,245
stress-ng --cpu 16 --cpu-load 50 --timeout 60s --quiet,25,5/15/2026,5:25:50,24.44,2.19,248
stress-ng --cpu 16 --cpu-load 50 --timeout 60s --quiet,25,5/15/2026,5:25:51,25.75,2.18,256
stress-ng --cpu 16 --cpu-load 50 --timeout 60s --quiet,25,5/15/2026,5:25:52,25.24,2.18,247
stress-ng --cpu 16 --cpu-load 50 --timeout 60s --quiet,25,5/15/2026,5:25:53,25.13,2.18,258
stress-ng --cpu 16 --cpu-load 50 --timeout 60s --quiet,25,5/15/2026,5:25:54,25.12,2.17,251
stress-ng --cpu 16 --cpu-load 50 --timeout 60s --quiet,25,5/15/2026,5:25:55,25.6,2.17,251
stress-ng --cpu 16 --cpu-load 50 --timeout 60s --quiet,25,5/15/2026,5:25:56,24.92,2.17,252
stress-ng --cpu 16 --cpu-load 50 --timeout 60s --quiet,25,5/15/2026,5:25:57,25.39,2.17,258
stress-ng --cpu 16 --cpu-load 50 --timeout 60s --quiet,25,5/15/2026,5:25:58,24.83,2.17,257
stress-ng --cpu 16 --cpu-load 50 --timeout 60s --quiet,25,5/15/2026,5:25:59,25.62,2.17,269
stress-ng --cpu 16 --cpu-load 50 --timeout 60s --quiet,25,5/15/2026,5:26:00,25.41,2.17,256
stress-ng --cpu 16 --cpu-load 50 --timeout 60s --quiet,25,5/15/2026,5:26:01,24.84,2.17,259.5
stress-ng --cpu 16 --cpu-load 50 --timeout 60s --quiet,25,5/15/2026,5:26:02,25.18,2.17,263
stress-ng --cpu 16 --cpu-load 50 --timeout 60s --quiet,25,5/15/2026,5:26:03,24.89,2.17,265
stress-ng --cpu 16 --cpu-load 50 --timeout 60s --quiet,25,5/15/2026,5:26:04,25.95,2.17,257
stress-ng --cpu 16 --cpu-load 50 --timeout 60s --quiet,25,5/15/2026,5:26:05,25.14,2.17,259
stress-ng --cpu 16 --cpu-load 50 --timeout 60s --quiet,25,5/15/2026,5:26:06,25.31,2.17,257
stress-ng --cpu 16 --cpu-load 50 --timeout 60s --quiet,25,5/15/2026,5:26:07,24.62,2.17,253
stress-ng --cpu 16 --cpu-load 50 --timeout 60s --quiet,25,5/15/2026,5:26:08,25.55,2.17,251
stress-ng --cpu 16 --cpu-load 50 --timeout 60s --quiet,25,5/15/2026,5:26:09,25.25,2.16,258
stress-ng --cpu 16 --cpu-load 50 --timeout 60s --quiet,25,5/15/2026,5:26:10,25.22,2.16,257
stress-ng --cpu 16 --cpu-load 50 --timeout 60s --quiet,25,5/15/2026,5:26:11,24.79,2.16,265
stress-ng --cpu 16 --cpu-load 50 --timeout 60s --quiet,25,5/15/2026,5:26:12,25.72,2.16,258
stress-ng --cpu 16 --cpu-load 50 --timeout 60s --quiet,25,5/15/2026,5:26:13,24.99,2.16,264
stress-ng --cpu 16 --cpu-load 50 --timeout 60s --quiet,25,5/15/2026,5:26:14,24.64,2.16,260
stress-ng --cpu 16 --cpu-load 50 --timeout 60s --quiet,25,5/15/2026,5:26:15,26.12,2.16,263
stress-ng --cpu 16 --cpu-load 50 --timeout 60s --quiet,25,5/15/2026,5:26:16,25.18,2.15,261
stress-ng --cpu 16 --cpu-load 50 --timeout 60s --quiet,25,5/15/2026,5:26:17,25.01,2.15,265
stress-ng --cpu 16 --cpu-load 50 --timeout 60s --quiet,25,5/15/2026,5:26:18,24.92,2.16,261
stress-ng --cpu 16 --cpu-load 50 --timeout 60s --quiet,25,5/15/2026,5:26:19,25.41,2.16,265
stress-ng --cpu 16 --cpu-load 50 --timeout 60s --quiet,25,5/15/2026,5:26:20,25.06,2.14,254
stress-ng --cpu 16 --cpu-load 50 --timeout 60s --quiet,25,5/15/2026,22:09:41,2.06,2.19,118
stress-ng --cpu 16 --cpu-load 50 --timeout 60s --quiet,25,5/15/2026,22:09:42,26.25,2.21,129
stress-ng --cpu 16 --cpu-load 50 --timeout 60s --quiet,25,5/15/2026,22:09:43,25.32,2.21,229
stress-ng --cpu 16 --cpu-load 50 --timeout 60s --quiet,25,5/15/2026,22:09:44,24.22,2.21,239
stress-ng --cpu 16 --cpu-load 50 --timeout 60s --quiet,25,5/15/2026,22:09:45,24.76,2.21,252
stress-ng --cpu 16 --cpu-load 50 --timeout 60s --quiet,25,5/15/2026,22:09:46,26.16,2.21,246
stress-ng --cpu 16 --cpu-load 50 --timeout 60s --quiet,25,5/15/2026,22:09:47,25.35,2.21,249
stress-ng --cpu 16 --cpu-load 50 --timeout 60s --quiet,25,5/15/2026,22:09:48,24.56,2.21,242
stress-ng --cpu 16 --cpu-load 50 --timeout 60s --quiet,25,5/15/2026,22:09:49,24.79,2.21,250
stress-ng --cpu 16 --cpu-load 50 --timeout 60s --quiet,25,5/15/2026,22:09:50,25.59,2.21,251
stress-ng --cpu 16 --cpu-load 50 --timeout 60s --quiet,25,5/15/2026,22:09:51,25.75,2.21,252
stress-ng --cpu 16 --cpu-load 50 --timeout 60s --quiet,25,5/15/2026,22:09:52,25.91,2.21,238
stress-ng --cpu 16 --cpu-load 50 --timeout 60s --quiet,25,5/15/2026,22:09:53,24.59,2.21,243
stress-ng --cpu 16 --cpu-load 50 --timeout 60s --quiet,25,5/15/2026,22:09:54,25.1,2.21,244
stress-ng --cpu 16 --cpu-load 50 --timeout 60s --quiet,25,5/15/2026,22:09:55,25.23,2.21,243
stress-ng --cpu 16 --cpu-load 50 --timeout 60s --quiet,25,5/15/2026,22:09:56,25.38,2.21,249
stress-ng --cpu 16 --cpu-load 50 --timeout 60s --quiet,25,5/15/2026,22:09:57,24.92,2.21,245
stress-ng --cpu 16 --cpu-load 50 --timeout 60s --quiet,25,5/15/2026,22:09:58,24.98,2.21,246
stress-ng --cpu 16 --cpu-load 50 --timeout 60s --quiet,25,5/15/2026,22:09:59,25.07,2.21,247
stress-ng --cpu 16 --cpu-load 50 --timeout 60s --quiet,25,5/15/2026,22:10:00,25.15,2.21,252
stress-ng --cpu 16 --cpu-load 50 --timeout 60s --quiet,25,5/15/2026,22:10:01,26.05,2.21,249
stress-ng --cpu 16 --cpu-load 50 --timeout 60s --quiet,25,5/15/2026,22:10:02,24.46,2.21,261
stress-ng --cpu 16 --cpu-load 50 --timeout 60s --quiet,25,5/15/2026,22:10:03,26.08,2.21,246
stress-ng --cpu 16 --cpu-load 50 --timeout 60s --quiet,25,5/15/2026,22:10:04,25.04,2.21,247
stress-ng --cpu 16 --cpu-load 50 --timeout 60s --quiet,25,5/15/2026,22:10:05,24.72,2.21,246
stress-ng --cpu 16 --cpu-load 50 --timeout 60s --quiet,25,5/15/2026,22:10:06,25.92,2.21,248
stress-ng --cpu 16 --cpu-load 50 --timeout 60s --quiet,25,5/15/2026,22:10:07,24.7,2.2,244
stress-ng --cpu 16 --cpu-load 50 --timeout 60s --quiet,25,5/15/2026,22:10:08,24.79,2.2,248
stress-ng --cpu 16 --cpu-load 50 --timeout 60s --quiet,25,5/15/2026,22:10:09,25.54,2.2,254
stress-ng --cpu 16 --cpu-load 50 --timeout 60s --quiet,25,5/15/2026,22:10:10,25.35,2.2,244
stress-ng --cpu 16 --cpu-load 50 --timeout 60s --quiet,25,5/15/2026,22:10:11,24.98,2.2,245
stress-ng --cpu 16 --cpu-load 50 --timeout 60s --quiet,25,5/15/2026,22:10:12,25.28,2.2,252
stress-ng --cpu 16 --cpu-load 50 --timeout 60s --quiet,25,5/15/2026,22:10:13,25.32,2.2,250
stress-ng --cpu 16 --cpu-load 50 --timeout 60s --quiet,25,5/15/2026,22:10:14,24.68,2.2,249
stress-ng --cpu 16 --cpu-load 50 --timeout 60s --quiet,25,5/15/2026,22:10:15,25.77,2.2,236
stress-ng --cpu 16 --cpu-load 50 --timeout 60s --quiet,25,5/15/2026,22:10:16,25.25,2.2,246
stress-ng --cpu 16 --cpu-load 50 --timeout 60s --quiet,25,5/15/2026,22:10:17,24.99,2.2,248
stress-ng --cpu 16 --cpu-load 50 --timeout 60s --quiet,25,5/15/2026,22:10:18,25.12,2.2,247
stress-ng --cpu 16 --cpu-load 50 --timeout 60s --quiet,25,5/15/2026,22:10:19,25.35,2.2,253
stress-ng --cpu 16 --cpu-load 50 --timeout 60s --quiet,25,5/15/2026,22:10:20,25.31,2.2,240
stress-ng --cpu 16 --cpu-load 50 --timeout 60s --quiet,25,5/15/2026,22:10:21,25.48,2.2,249
stress-ng --cpu 16 --cpu-load 50 --timeout 60s --quiet,25,5/15/2026,22:10:22,25.25,2.21,252
stress-ng --cpu 16 --cpu-load 50 --timeout 60s --quiet,25,5/15/2026,22:10:23,24.72,2.21,254
stress-ng --cpu 16 --cpu-load 50 --timeout 60s --quiet,25,5/15/2026,22:10:24,24.95,2.2,252
stress-ng --cpu 16 --cpu-load 50 --timeout 60s --quiet,25,5/15/2026,22:10:25,25.63,2.2,249
stress-ng --cpu 16 --cpu-load 50 --timeout 60s --quiet,25,5/15/2026,22:10:26,25.49,2.2,253
stress-ng --cpu 16 --cpu-load 50 --timeout 60s --quiet,25,5/15/2026,22:10:27,24.65,2.2,255
stress-ng --cpu 16 --cpu-load 50 --timeout 60s --quiet,25,5/15/2026,22:10:28,25.28,2.2,258
stress-ng --cpu 16 --cpu-load 50 --timeout 60s --quiet,25,5/15/2026,22:10:29,25.36,2.2,259
stress-ng --cpu 16 --cpu-load 50 --timeout 60s --quiet,25,5/15/2026,22:10:30,25,2.2,260
stress-ng --cpu 16 --cpu-load 50 --timeout 60s --quiet,25,5/15/2026,22:10:31,25.52,2.19,248
stress-ng --cpu 16 --cpu-load 50 --timeout 60s --quiet,25,5/15/2026,22:10:32,25.28,2.2,253
stress-ng --cpu 16 --cpu-load 50 --timeout 60s --quiet,25,5/15/2026,22:10:33,24.99,2.2,252
stress-ng --cpu 16 --cpu-load 50 --timeout 60s --quiet,25,5/15/2026,22:10:34,25.01,2.2,250
stress-ng --cpu 16 --cpu-load 50 --timeout 60s --quiet,25,5/15/2026,22:10:35,25.41,2.2,246
stress-ng --cpu 16 --cpu-load 50 --timeout 60s --quiet,25,5/15/2026,22:10:36,25.5,2.2,256
stress-ng --cpu 16 --cpu-load 50 --timeout 60s --quiet,25,5/15/2026,22:10:37,24.88,2.2,249
stress-ng --cpu 16 --cpu-load 50 --timeout 60s --quiet,25,5/15/2026,22:10:38,25.07,2.2,244
stress-ng --cpu 16 --cpu-load 50 --timeout 60s --quiet,25,5/15/2026,22:10:39,25.57,2.2,251
stress-ng --cpu 16 --cpu-load 50 --timeout 60s --quiet,25,5/15/2026,22:10:40,24.79,2.2,243
stress-ng --cpu 16 --cpu-load 50 --timeout 60s --quiet,25,5/15/2026,22:10:41,25.28,2.18,246
stress-ng --cpu 16 --cpu-load 52 --timeout 60s --quiet,26,5/14/2026,20:50:11,6.41,2.21,106
stress-ng --cpu 16 --cpu-load 52 --timeout 60s --quiet,26,5/14/2026,20:50:12,26.94,2.21,199
stress-ng --cpu 16 --cpu-load 52 --timeout 60s --quiet,26,5/14/2026,20:50:13,25.76,2.2,224
stress-ng --cpu 16 --cpu-load 52 --timeout 60s --quiet,26,5/14/2026,20:50:14,26.43,2.2,248
stress-ng --cpu 16 --cpu-load 52 --timeout 60s --quiet,26,5/14/2026,20:50:15,26.08,2.2,249
stress-ng --cpu 16 --cpu-load 52 --timeout 60s --quiet,26,5/14/2026,20:50:16,25.86,2.21,248
stress-ng --cpu 16 --cpu-load 52 --timeout 60s --quiet,26,5/14/2026,20:50:17,25.99,2.21,254
stress-ng --cpu 16 --cpu-load 52 --timeout 60s --quiet,26,5/14/2026,20:50:18,26.05,2.21,254
stress-ng --cpu 16 --cpu-load 52 --timeout 60s --quiet,26,5/14/2026,20:50:19,27.2,2.21,250
stress-ng --cpu 16 --cpu-load 52 --timeout 60s --quiet,26,5/14/2026,20:50:20,26.13,2.21,246
stress-ng --cpu 16 --cpu-load 52 --timeout 60s --quiet,26,5/14/2026,20:50:21,26.21,2.2,246
stress-ng --cpu 16 --cpu-load 52 --timeout 60s --quiet,26,5/14/2026,20:50:22,26.31,2.2,246
stress-ng --cpu 16 --cpu-load 52 --timeout 60s --quiet,26,5/14/2026,20:50:23,26.36,2.2,244
stress-ng --cpu 16 --cpu-load 52 --timeout 60s --quiet,26,5/14/2026,20:50:24,26.39,2.2,246
stress-ng --cpu 16 --cpu-load 52 --timeout 60s --quiet,26,5/14/2026,20:50:25,26.17,2.19,249
stress-ng --cpu 16 --cpu-load 52 --timeout 60s --quiet,26,5/14/2026,20:50:26,25.44,2.19,255
stress-ng --cpu 16 --cpu-load 52 --timeout 60s --quiet,26,5/14/2026,20:50:27,26.59,2.2,255
stress-ng --cpu 16 --cpu-load 52 --timeout 60s --quiet,26,5/14/2026,20:50:28,26.29,2.19,254
stress-ng --cpu 16 --cpu-load 52 --timeout 60s --quiet,26,5/14/2026,20:50:29,26.26,2.2,245
stress-ng --cpu 16 --cpu-load 52 --timeout 60s --quiet,26,5/14/2026,20:50:30,26.31,2.19,245
stress-ng --cpu 16 --cpu-load 52 --timeout 60s --quiet,26,5/14/2026,20:50:31,26.49,2.19,251
stress-ng --cpu 16 --cpu-load 52 --timeout 60s --quiet,26,5/14/2026,20:50:32,25.82,2.19,245
stress-ng --cpu 16 --cpu-load 52 --timeout 60s --quiet,26,5/14/2026,20:50:33,26.29,2.19,252
stress-ng --cpu 16 --cpu-load 52 --timeout 60s --quiet,26,5/14/2026,20:50:34,26.29,2.18,239
stress-ng --cpu 16 --cpu-load 52 --timeout 60s --quiet,26,5/14/2026,20:50:35,27.06,2.18,241
stress-ng --cpu 16 --cpu-load 52 --timeout 60s --quiet,26,5/14/2026,20:50:36,25.87,2.18,251
stress-ng --cpu 16 --cpu-load 52 --timeout 60s --quiet,26,5/14/2026,20:50:37,26.35,2.18,244
stress-ng --cpu 16 --cpu-load 52 --timeout 60s --quiet,26,5/14/2026,20:50:38,26.31,2.18,246
stress-ng --cpu 16 --cpu-load 52 --timeout 60s --quiet,26,5/14/2026,20:50:39,25.72,2.17,245.5
stress-ng --cpu 16 --cpu-load 52 --timeout 60s --quiet,26,5/14/2026,20:50:40,26.97,2.17,245
stress-ng --cpu 16 --cpu-load 52 --timeout 60s --quiet,26,5/14/2026,20:50:41,26.49,2.17,258
stress-ng --cpu 16 --cpu-load 52 --timeout 60s --quiet,26,5/14/2026,20:50:42,26.01,2.17,248
stress-ng --cpu 16 --cpu-load 52 --timeout 60s --quiet,26,5/14/2026,20:50:43,26.1,2.17,242
stress-ng --cpu 16 --cpu-load 52 --timeout 60s --quiet,26,5/14/2026,20:50:44,25.99,2.17,242
stress-ng --cpu 16 --cpu-load 52 --timeout 60s --quiet,26,5/14/2026,20:50:45,26.88,2.17,245.5
stress-ng --cpu 16 --cpu-load 52 --timeout 60s --quiet,26,5/14/2026,20:50:46,25.71,2.18,249
stress-ng --cpu 16 --cpu-load 52 --timeout 60s --quiet,26,5/14/2026,20:50:47,26.46,2.18,236
stress-ng --cpu 16 --cpu-load 52 --timeout 60s --quiet,26,5/14/2026,20:50:48,26.16,2.18,246
stress-ng --cpu 16 --cpu-load 52 --timeout 60s --quiet,26,5/14/2026,20:50:49,25.88,2.18,253
stress-ng --cpu 16 --cpu-load 52 --timeout 60s --quiet,26,5/14/2026,20:50:50,26.15,2.17,239
stress-ng --cpu 16 --cpu-load 52 --timeout 60s --quiet,26,5/14/2026,20:50:51,26.91,2.17,239
stress-ng --cpu 16 --cpu-load 52 --timeout 60s --quiet,26,5/14/2026,20:50:52,25.93,2.17,254
stress-ng --cpu 16 --cpu-load 52 --timeout 60s --quiet,26,5/14/2026,20:50:53,26.16,2.17,253
stress-ng --cpu 16 --cpu-load 52 --timeout 60s --quiet,26,5/14/2026,20:50:54,26.14,2.17,249
stress-ng --cpu 16 --cpu-load 52 --timeout 60s --quiet,26,5/14/2026,20:50:55,26.22,2.18,251
stress-ng --cpu 16 --cpu-load 52 --timeout 60s --quiet,26,5/14/2026,20:50:56,26.86,2.18,259
stress-ng --cpu 16 --cpu-load 52 --timeout 60s --quiet,26,5/14/2026,20:50:57,26.12,2.18,253
stress-ng --cpu 16 --cpu-load 52 --timeout 60s --quiet,26,5/14/2026,20:50:58,26.09,2.17,254
stress-ng --cpu 16 --cpu-load 52 --timeout 60s --quiet,26,5/14/2026,20:50:59,26.29,2.18,260
stress-ng --cpu 16 --cpu-load 52 --timeout 60s --quiet,26,5/14/2026,20:51:00,26.54,2.18,251
stress-ng --cpu 16 --cpu-load 52 --timeout 60s --quiet,26,5/14/2026,20:51:01,26.18,2.18,260
stress-ng --cpu 16 --cpu-load 52 --timeout 60s --quiet,26,5/14/2026,20:51:02,26.15,2.18,259
stress-ng --cpu 16 --cpu-load 52 --timeout 60s --quiet,26,5/14/2026,20:51:03,25.88,2.18,255
stress-ng --cpu 16 --cpu-load 52 --timeout 60s --quiet,26,5/14/2026,20:51:04,26.14,2.17,255
stress-ng --cpu 16 --cpu-load 52 --timeout 60s --quiet,26,5/14/2026,20:51:05,26.62,2.17,252
stress-ng --cpu 16 --cpu-load 52 --timeout 60s --quiet,26,5/14/2026,20:51:06,26,2.17,255
stress-ng --cpu 16 --cpu-load 52 --timeout 60s --quiet,26,5/14/2026,20:51:07,26.36,2.17,259
stress-ng --cpu 16 --cpu-load 52 --timeout 60s --quiet,26,5/14/2026,20:51:08,26.63,2.17,261
stress-ng --cpu 16 --cpu-load 52 --timeout 60s --quiet,26,5/14/2026,20:51:09,25.75,2.18,254
stress-ng --cpu 16 --cpu-load 52 --timeout 60s --quiet,26,5/14/2026,20:51:10,26.41,2.18,253
stress-ng --cpu 16 --cpu-load 52 --timeout 60s --quiet,26,5/14/2026,20:51:11,22.8,2.13,253
stress-ng --cpu 16 --cpu-load 52 --timeout 60s --quiet,26,5/15/2026,12:28:21,0.15,2.17,121
stress-ng --cpu 16 --cpu-load 52 --timeout 60s --quiet,26,5/15/2026,12:28:22,26.19,2.28,199
stress-ng --cpu 16 --cpu-load 52 --timeout 60s --quiet,26,5/15/2026,12:28:23,26.36,2.28,239
stress-ng --cpu 16 --cpu-load 52 --timeout 60s --quiet,26,5/15/2026,12:28:24,25.35,2.28,245
stress-ng --cpu 16 --cpu-load 52 --timeout 60s --quiet,26,5/15/2026,12:28:25,26.39,2.28,247
stress-ng --cpu 16 --cpu-load 52 --timeout 60s --quiet,26,5/15/2026,12:28:26,26.82,2.27,249
stress-ng --cpu 16 --cpu-load 52 --timeout 60s --quiet,26,5/15/2026,12:28:27,25.94,2.27,246.5
stress-ng --cpu 16 --cpu-load 52 --timeout 60s --quiet,26,5/15/2026,12:28:28,25.99,2.27,244
stress-ng --cpu 16 --cpu-load 52 --timeout 60s --quiet,26,5/15/2026,12:28:29,26.49,2.26,247
stress-ng --cpu 16 --cpu-load 52 --timeout 60s --quiet,26,5/15/2026,12:28:30,26.36,2.26,248
stress-ng --cpu 16 --cpu-load 52 --timeout 60s --quiet,26,5/15/2026,12:28:31,26.03,2.26,248
stress-ng --cpu 16 --cpu-load 52 --timeout 60s --quiet,26,5/15/2026,12:28:32,26.61,2.25,245
stress-ng --cpu 16 --cpu-load 52 --timeout 60s --quiet,26,5/15/2026,12:28:33,26.07,2.25,249
stress-ng --cpu 16 --cpu-load 52 --timeout 60s --quiet,26,5/15/2026,12:28:34,25.83,2.25,249
stress-ng --cpu 16 --cpu-load 52 --timeout 60s --quiet,26,5/15/2026,12:28:35,25.84,2.24,255
stress-ng --cpu 16 --cpu-load 52 --timeout 60s --quiet,26,5/15/2026,12:28:36,26.62,2.24,238
stress-ng --cpu 16 --cpu-load 52 --timeout 60s --quiet,26,5/15/2026,12:28:37,26.4,2.24,240
stress-ng --cpu 16 --cpu-load 52 --timeout 60s --quiet,26,5/15/2026,12:28:38,27.13,2.24,243
stress-ng --cpu 16 --cpu-load 52 --timeout 60s --quiet,26,5/15/2026,12:28:39,26.28,2.24,239
stress-ng --cpu 16 --cpu-load 52 --timeout 60s --quiet,26,5/15/2026,12:28:40,25.73,2.24,253
stress-ng --cpu 16 --cpu-load 52 --timeout 60s --quiet,26,5/15/2026,12:28:41,26.37,2.23,243
stress-ng --cpu 16 --cpu-load 52 --timeout 60s --quiet,26,5/15/2026,12:28:42,25.68,2.23,249
stress-ng --cpu 16 --cpu-load 52 --timeout 60s --quiet,26,5/15/2026,12:28:43,26.35,2.23,259
stress-ng --cpu 16 --cpu-load 52 --timeout 60s --quiet,26,5/15/2026,12:28:44,25.88,2.22,244
stress-ng --cpu 16 --cpu-load 52 --timeout 60s --quiet,26,5/15/2026,12:28:45,26.6,2.22,255
stress-ng --cpu 16 --cpu-load 52 --timeout 60s --quiet,26,5/15/2026,12:28:46,26.21,2.21,248
stress-ng --cpu 16 --cpu-load 52 --timeout 60s --quiet,26,5/15/2026,12:28:47,26.6,2.22,244
stress-ng --cpu 16 --cpu-load 52 --timeout 60s --quiet,26,5/15/2026,12:28:48,26.34,2.22,246.5
stress-ng --cpu 16 --cpu-load 52 --timeout 60s --quiet,26,5/15/2026,12:28:49,26.25,2.22,249
stress-ng --cpu 16 --cpu-load 52 --timeout 60s --quiet,26,5/15/2026,12:28:50,26.81,2.23,249
stress-ng --cpu 16 --cpu-load 52 --timeout 60s --quiet,26,5/15/2026,12:28:51,26.15,2.23,254
stress-ng --cpu 16 --cpu-load 52 --timeout 60s --quiet,26,5/15/2026,12:28:52,26.7,2.24,250
stress-ng --cpu 16 --cpu-load 52 --timeout 60s --quiet,26,5/15/2026,12:28:53,25.81,2.23,248
stress-ng --cpu 16 --cpu-load 52 --timeout 60s --quiet,26,5/15/2026,12:28:54,26.62,2.24,249
stress-ng --cpu 16 --cpu-load 52 --timeout 60s --quiet,26,5/15/2026,12:28:55,26.15,2.24,247
stress-ng --cpu 16 --cpu-load 52 --timeout 60s --quiet,26,5/15/2026,12:28:56,26.33,2.24,239
stress-ng --cpu 16 --cpu-load 52 --timeout 60s --quiet,26,5/15/2026,12:28:57,26.33,2.23,242
stress-ng --cpu 16 --cpu-load 52 --timeout 60s --quiet,26,5/15/2026,12:28:58,26.24,2.23,250
stress-ng --cpu 16 --cpu-load 52 --timeout 60s --quiet,26,5/15/2026,12:28:59,26.49,2.23,250.5
stress-ng --cpu 16 --cpu-load 52 --timeout 60s --quiet,26,5/15/2026,12:29:00,25.65,2.23,251
stress-ng --cpu 16 --cpu-load 52 --timeout 60s --quiet,26,5/15/2026,12:29:01,26.36,2.22,255
stress-ng --cpu 16 --cpu-load 52 --timeout 60s --quiet,26,5/15/2026,12:29:02,26.34,2.22,260
stress-ng --cpu 16 --cpu-load 52 --timeout 60s --quiet,26,5/15/2026,12:29:03,26.02,2.22,254
stress-ng --cpu 16 --cpu-load 52 --timeout 60s --quiet,26,5/15/2026,12:29:04,26.34,2.23,259
stress-ng --cpu 16 --cpu-load 52 --timeout 60s --quiet,26,5/15/2026,12:29:05,27.04,2.22,250
stress-ng --cpu 16 --cpu-load 52 --timeout 60s --quiet,26,5/15/2026,12:29:06,25.98,2.22,247
stress-ng --cpu 16 --cpu-load 52 --timeout 60s --quiet,26,5/15/2026,12:29:07,26.15,2.22,235
stress-ng --cpu 16 --cpu-load 52 --timeout 60s --quiet,26,5/15/2026,12:29:08,25.85,2.22,255
stress-ng --cpu 16 --cpu-load 52 --timeout 60s --quiet,26,5/15/2026,12:29:09,25.78,2.22,256
stress-ng --cpu 16 --cpu-load 52 --timeout 60s --quiet,26,5/15/2026,12:29:10,26.94,2.21,247
stress-ng --cpu 16 --cpu-load 52 --timeout 60s --quiet,26,5/15/2026,12:29:11,26.43,2.21,259
stress-ng --cpu 16 --cpu-load 52 --timeout 60s --quiet,26,5/15/2026,12:29:12,26.65,2.21,255
stress-ng --cpu 16 --cpu-load 52 --timeout 60s --quiet,26,5/15/2026,12:29:13,26.4,2.21,258
stress-ng --cpu 16 --cpu-load 52 --timeout 60s --quiet,26,5/15/2026,12:29:14,25.77,2.21,260
stress-ng --cpu 16 --cpu-load 52 --timeout 60s --quiet,26,5/15/2026,12:29:15,26.27,2.21,250
stress-ng --cpu 16 --cpu-load 52 --timeout 60s --quiet,26,5/15/2026,12:29:16,25.78,2.21,244
stress-ng --cpu 16 --cpu-load 52 --timeout 60s --quiet,26,5/15/2026,12:29:17,26.08,2.205,254
stress-ng --cpu 16 --cpu-load 52 --timeout 60s --quiet,26,5/15/2026,12:29:18,26.38,2.2,256
stress-ng --cpu 16 --cpu-load 52 --timeout 60s --quiet,26,5/15/2026,12:29:19,25.98,2.2,256
stress-ng --cpu 16 --cpu-load 52 --timeout 60s --quiet,26,5/15/2026,12:29:20,26.1,2.2,252
stress-ng --cpu 16 --cpu-load 52 --timeout 60s --quiet,26,5/15/2026,12:29:21,26.35,2.2,250
stress-ng --cpu 16 --cpu-load 52 --timeout 60s --quiet,26,5/15/2026,16:52:56,0.09,2.15,124
stress-ng --cpu 16 --cpu-load 52 --timeout 60s --quiet,26,5/15/2026,16:52:57,5.95,2.25,125
stress-ng --cpu 16 --cpu-load 52 --timeout 60s --quiet,26,5/15/2026,16:52:58,24.6,2.25,224
stress-ng --cpu 16 --cpu-load 52 --timeout 60s --quiet,26,5/15/2026,16:52:59,26.79,2.25,238
stress-ng --cpu 16 --cpu-load 52 --timeout 60s --quiet,26,5/15/2026,16:53:00,25.23,2.25,237
stress-ng --cpu 16 --cpu-load 52 --timeout 60s --quiet,26,5/15/2026,16:53:01,26.27,2.26,244
stress-ng --cpu 16 --cpu-load 52 --timeout 60s --quiet,26,5/15/2026,16:53:02,26.18,2.25,239
stress-ng --cpu 16 --cpu-load 52 --timeout 60s --quiet,26,5/15/2026,16:53:03,26.1,2.25,239
stress-ng --cpu 16 --cpu-load 52 --timeout 60s --quiet,26,5/15/2026,16:53:04,26.38,2.24,238
stress-ng --cpu 16 --cpu-load 52 --timeout 60s --quiet,26,5/15/2026,16:53:05,26.35,2.25,221
stress-ng --cpu 16 --cpu-load 52 --timeout 60s --quiet,26,5/15/2026,16:53:06,26.34,2.24,244
stress-ng --cpu 16 --cpu-load 52 --timeout 60s --quiet,26,5/15/2026,16:53:07,27.2,2.24,247
stress-ng --cpu 16 --cpu-load 52 --timeout 60s --quiet,26,5/15/2026,16:53:08,26.1,2.24,261
stress-ng --cpu 16 --cpu-load 52 --timeout 60s --quiet,26,5/15/2026,16:53:09,26.36,2.23,255
stress-ng --cpu 16 --cpu-load 52 --timeout 60s --quiet,26,5/15/2026,16:53:10,26.38,2.23,251
stress-ng --cpu 16 --cpu-load 52 --timeout 60s --quiet,26,5/15/2026,16:53:11,26.07,2.23,249
stress-ng --cpu 16 --cpu-load 52 --timeout 60s --quiet,26,5/15/2026,16:53:12,26.18,2.23,246.5
stress-ng --cpu 16 --cpu-load 52 --timeout 60s --quiet,26,5/15/2026,16:53:13,25.87,2.22,244
stress-ng --cpu 16 --cpu-load 52 --timeout 60s --quiet,26,5/15/2026,16:53:14,26.64,2.23,241
stress-ng --cpu 16 --cpu-load 52 --timeout 60s --quiet,26,5/15/2026,16:53:15,25.98,2.22,253
stress-ng --cpu 16 --cpu-load 52 --timeout 60s --quiet,26,5/15/2026,16:53:16,26.68,2.22,259
stress-ng --cpu 16 --cpu-load 52 --timeout 60s --quiet,26,5/15/2026,16:53:17,26.56,2.22,257
stress-ng --cpu 16 --cpu-load 52 --timeout 60s --quiet,26,5/15/2026,16:53:18,25.85,2.22,262
stress-ng --cpu 16 --cpu-load 52 --timeout 60s --quiet,26,5/15/2026,16:53:19,26.71,2.21,246
stress-ng --cpu 16 --cpu-load 52 --timeout 60s --quiet,26,5/15/2026,16:53:20,25.71,2.21,249
stress-ng --cpu 16 --cpu-load 52 --timeout 60s --quiet,26,5/15/2026,16:53:21,26.64,2.21,252
stress-ng --cpu 16 --cpu-load 52 --timeout 60s --quiet,26,5/15/2026,16:53:22,26.02,2.2,254
stress-ng --cpu 16 --cpu-load 52 --timeout 60s --quiet,26,5/15/2026,16:53:23,26.11,2.2,254.5
stress-ng --cpu 16 --cpu-load 52 --timeout 60s --quiet,26,5/15/2026,16:53:24,26.37,2.21,255
stress-ng --cpu 16 --cpu-load 52 --timeout 60s --quiet,26,5/15/2026,16:53:25,25.79,2.21,255
stress-ng --cpu 16 --cpu-load 52 --timeout 60s --quiet,26,5/15/2026,16:53:26,26.53,2.21,256
stress-ng --cpu 16 --cpu-load 52 --timeout 60s --quiet,26,5/15/2026,16:53:27,25.8,2.21,258
stress-ng --cpu 16 --cpu-load 52 --timeout 60s --quiet,26,5/15/2026,16:53:28,26.58,2.21,251
stress-ng --cpu 16 --cpu-load 52 --timeout 60s --quiet,26,5/15/2026,16:53:29,26.02,2.21,259
stress-ng --cpu 16 --cpu-load 52 --timeout 60s --quiet,26,5/15/2026,16:53:30,26.18,2.21,258
stress-ng --cpu 16 --cpu-load 52 --timeout 60s --quiet,26,5/15/2026,16:53:31,26.56,2.21,258
stress-ng --cpu 16 --cpu-load 52 --timeout 60s --quiet,26,5/15/2026,16:53:32,25.94,2.21,250
stress-ng --cpu 16 --cpu-load 52 --timeout 60s --quiet,26,5/15/2026,16:53:33,26.55,2.21,247
stress-ng --cpu 16 --cpu-load 52 --timeout 60s --quiet,26,5/15/2026,16:53:34,26.2,2.21,252
stress-ng --cpu 16 --cpu-load 52 --timeout 60s --quiet,26,5/15/2026,16:53:35,26.27,2.21,258
stress-ng --cpu 16 --cpu-load 52 --timeout 60s --quiet,26,5/15/2026,16:53:36,26.27,2.21,260
stress-ng --cpu 16 --cpu-load 52 --timeout 60s --quiet,26,5/15/2026,16:53:37,26.12,2.21,259
stress-ng --cpu 16 --cpu-load 52 --timeout 60s --quiet,26,5/15/2026,16:53:38,26.08,2.22,258
stress-ng --cpu 16 --cpu-load 52 --timeout 60s --quiet,26,5/15/2026,16:53:39,26.27,2.21,264
stress-ng --cpu 16 --cpu-load 52 --timeout 60s --quiet,26,5/15/2026,16:53:40,26.27,2.21,259
stress-ng --cpu 16 --cpu-load 52 --timeout 60s --quiet,26,5/15/2026,16:53:41,26.39,2.21,257
stress-ng --cpu 16 --cpu-load 52 --timeout 60s --quiet,26,5/15/2026,16:53:42,26.25,2.21,264
stress-ng --cpu 16 --cpu-load 52 --timeout 60s --quiet,26,5/15/2026,16:53:43,26.17,2.21,256.5
stress-ng --cpu 16 --cpu-load 52 --timeout 60s --quiet,26,5/15/2026,16:53:44,25.83,2.21,249
stress-ng --cpu 16 --cpu-load 52 --timeout 60s --quiet,26,5/15/2026,16:53:45,26.28,2.21,253
stress-ng --cpu 16 --cpu-load 52 --timeout 60s --quiet,26,5/15/2026,16:53:46,26.11,2.21,257
stress-ng --cpu 16 --cpu-load 52 --timeout 60s --quiet,26,5/15/2026,16:53:47,26.39,2.21,260
stress-ng --cpu 16 --cpu-load 52 --timeout 60s --quiet,26,5/15/2026,16:53:48,26.01,2.21,257
stress-ng --cpu 16 --cpu-load 52 --timeout 60s --quiet,26,5/15/2026,16:53:49,26.37,2.21,253
stress-ng --cpu 16 --cpu-load 52 --timeout 60s --quiet,26,5/15/2026,16:53:50,26.245,2.21,250
stress-ng --cpu 16 --cpu-load 52 --timeout 60s --quiet,26,5/15/2026,16:53:51,26.12,2.21,260
stress-ng --cpu 16 --cpu-load 52 --timeout 60s --quiet,26,5/15/2026,16:53:52,26.2,2.21,258
stress-ng --cpu 16 --cpu-load 52 --timeout 60s --quiet,26,5/15/2026,16:53:53,26.12,2.2,249
stress-ng --cpu 16 --cpu-load 52 --timeout 60s --quiet,26,5/15/2026,16:53:54,26.6,2.2,247
stress-ng --cpu 16 --cpu-load 52 --timeout 60s --quiet,26,5/15/2026,16:53:55,25.98,2.2,257
stress-ng --cpu 16 --cpu-load 52 --timeout 60s --quiet,26,5/15/2026,16:53:56,26.65,2.21,257
stress-ng --cpu 16 --cpu-load 52 --timeout 60s --quiet,26,5/15/2026,16:53:57,24.48,2.18,250
stress-ng --cpu 16 --cpu-load 54 --timeout 60s --quiet,27,5/15/2026,3:03:02,19.8,2.22,111
stress-ng --cpu 16 --cpu-load 54 --timeout 60s --quiet,27,5/15/2026,3:03:03,27.84,2.2,214
stress-ng --cpu 16 --cpu-load 54 --timeout 60s --quiet,27,5/15/2026,3:03:04,26.75,2.22,257
stress-ng --cpu 16 --cpu-load 54 --timeout 60s --quiet,27,5/15/2026,3:03:05,27.26,2.22,263
stress-ng --cpu 16 --cpu-load 54 --timeout 60s --quiet,27,5/15/2026,3:03:06,27.29,2.22,259.5
stress-ng --cpu 16 --cpu-load 54 --timeout 60s --quiet,27,5/15/2026,3:03:07,27.19,2.22,256
stress-ng --cpu 16 --cpu-load 54 --timeout 60s --quiet,27,5/15/2026,3:03:08,27.11,2.22,261
stress-ng --cpu 16 --cpu-load 54 --timeout 60s --quiet,27,5/15/2026,3:03:09,27.42,2.22,262
stress-ng --cpu 16 --cpu-load 54 --timeout 60s --quiet,27,5/15/2026,3:03:10,27.18,2.22,261
stress-ng --cpu 16 --cpu-load 54 --timeout 60s --quiet,27,5/15/2026,3:03:11,27.24,2.21,259
stress-ng --cpu 16 --cpu-load 54 --timeout 60s --quiet,27,5/15/2026,3:03:12,26.98,2.21,248
stress-ng --cpu 16 --cpu-load 54 --timeout 60s --quiet,27,5/15/2026,3:03:13,26.97,2.21,256
stress-ng --cpu 16 --cpu-load 54 --timeout 60s --quiet,27,5/15/2026,3:03:14,26.96,2.21,262
stress-ng --cpu 16 --cpu-load 54 --timeout 60s --quiet,27,5/15/2026,3:03:15,27.47,2.21,254
stress-ng --cpu 16 --cpu-load 54 --timeout 60s --quiet,27,5/15/2026,3:03:16,27.61,2.2,255
stress-ng --cpu 16 --cpu-load 54 --timeout 60s --quiet,27,5/15/2026,3:03:17,27.09,2.2,255
stress-ng --cpu 16 --cpu-load 54 --timeout 60s --quiet,27,5/15/2026,3:03:18,27.55,2.19,261
stress-ng --cpu 16 --cpu-load 54 --timeout 60s --quiet,27,5/15/2026,3:03:19,27.28,2.19,258
stress-ng --cpu 16 --cpu-load 54 --timeout 60s --quiet,27,5/15/2026,3:03:20,26.81,2.18,259
stress-ng --cpu 16 --cpu-load 54 --timeout 60s --quiet,27,5/15/2026,3:03:21,27.25,2.19,259
stress-ng --cpu 16 --cpu-load 54 --timeout 60s --quiet,27,5/15/2026,3:03:22,27.44,2.18,256
stress-ng --cpu 16 --cpu-load 54 --timeout 60s --quiet,27,5/15/2026,3:03:23,27.06,2.18,262
stress-ng --cpu 16 --cpu-load 54 --timeout 60s --quiet,27,5/15/2026,3:03:24,27.22,2.18,262
stress-ng --cpu 16 --cpu-load 54 --timeout 60s --quiet,27,5/15/2026,3:03:25,27.2,2.17,264
stress-ng --cpu 16 --cpu-load 54 --timeout 60s --quiet,27,5/15/2026,3:03:26,27.07,2.18,260
stress-ng --cpu 16 --cpu-load 54 --timeout 60s --quiet,27,5/15/2026,3:03:27,27.31,2.17,265
stress-ng --cpu 16 --cpu-load 54 --timeout 60s --quiet,27,5/15/2026,3:03:28,27.13,2.17,252
stress-ng --cpu 16 --cpu-load 54 --timeout 60s --quiet,27,5/15/2026,3:03:29,27.17,2.17,269
stress-ng --cpu 16 --cpu-load 54 --timeout 60s --quiet,27,5/15/2026,3:03:30,27.52,2.17,271
stress-ng --cpu 16 --cpu-load 54 --timeout 60s --quiet,27,5/15/2026,3:03:31,26.87,2.16,268
stress-ng --cpu 16 --cpu-load 54 --timeout 60s --quiet,27,5/15/2026,3:03:32,27.75,2.16,267
stress-ng --cpu 16 --cpu-load 54 --timeout 60s --quiet,27,5/15/2026,3:03:33,26.9,2.14,270
stress-ng --cpu 16 --cpu-load 54 --timeout 60s --quiet,27,5/15/2026,3:03:34,26.98,2.15,272
stress-ng --cpu 16 --cpu-load 54 --timeout 60s --quiet,27,5/15/2026,3:03:35,27.41,2.15,267
stress-ng --cpu 16 --cpu-load 54 --timeout 60s --quiet,27,5/15/2026,3:03:36,27.41,2.15,265.5
stress-ng --cpu 16 --cpu-load 54 --timeout 60s --quiet,27,5/15/2026,3:03:37,27.03,2.14,264
stress-ng --cpu 16 --cpu-load 54 --timeout 60s --quiet,27,5/15/2026,3:03:38,27.54,2.14,259
stress-ng --cpu 16 --cpu-load 54 --timeout 60s --quiet,27,5/15/2026,3:03:39,27.43,2.14,253
stress-ng --cpu 16 --cpu-load 54 --timeout 60s --quiet,27,5/15/2026,3:03:40,27.22,2.14,261
stress-ng --cpu 16 --cpu-load 54 --timeout 60s --quiet,27,5/15/2026,3:03:41,27.19,2.15,256
stress-ng --cpu 16 --cpu-load 54 --timeout 60s --quiet,27,5/15/2026,3:03:42,27.45,2.14,263
stress-ng --cpu 16 --cpu-load 54 --timeout 60s --quiet,27,5/15/2026,3:03:43,26.88,2.15,264
stress-ng --cpu 16 --cpu-load 54 --timeout 60s --quiet,27,5/15/2026,3:03:44,27.54,2.15,258
stress-ng --cpu 16 --cpu-load 54 --timeout 60s --quiet,27,5/15/2026,3:03:45,26.87,2.15,261
stress-ng --cpu 16 --cpu-load 54 --timeout 60s --quiet,27,5/15/2026,3:03:46,27.5,2.15,265
stress-ng --cpu 16 --cpu-load 54 --timeout 60s --quiet,27,5/15/2026,3:03:47,26.86,2.15,261
stress-ng --cpu 16 --cpu-load 54 --timeout 60s --quiet,27,5/15/2026,3:03:48,27.27,2.15,260
stress-ng --cpu 16 --cpu-load 54 --timeout 60s --quiet,27,5/15/2026,3:03:49,27.22,2.15,264
stress-ng --cpu 16 --cpu-load 54 --timeout 60s --quiet,27,5/15/2026,3:03:50,27.39,2.14,262
stress-ng --cpu 16 --cpu-load 54 --timeout 60s --quiet,27,5/15/2026,3:03:51,27.66,2.14,265
stress-ng --cpu 16 --cpu-load 54 --timeout 60s --quiet,27,5/15/2026,3:03:52,26.85,2.14,263
stress-ng --cpu 16 --cpu-load 54 --timeout 60s --quiet,27,5/15/2026,3:03:53,27.38,2.15,262
stress-ng --cpu 16 --cpu-load 54 --timeout 60s --quiet,27,5/15/2026,3:03:54,26.67,2.14,273
stress-ng --cpu 16 --cpu-load 54 --timeout 60s --quiet,27,5/15/2026,3:03:55,27.28,2.14,266
stress-ng --cpu 16 --cpu-load 54 --timeout 60s --quiet,27,5/15/2026,3:03:56,27.04,2.14,270
stress-ng --cpu 16 --cpu-load 54 --timeout 60s --quiet,27,5/15/2026,3:03:57,27.28,2.14,269
stress-ng --cpu 16 --cpu-load 54 --timeout 60s --quiet,27,5/15/2026,3:03:58,27.42,2.15,270
stress-ng --cpu 16 --cpu-load 54 --timeout 60s --quiet,27,5/15/2026,3:03:59,26.95,2.15,267
stress-ng --cpu 16 --cpu-load 54 --timeout 60s --quiet,27,5/15/2026,3:04:00,27.41,2.15,272
stress-ng --cpu 16 --cpu-load 54 --timeout 60s --quiet,27,5/15/2026,3:04:01,27.67,2.15,270
stress-ng --cpu 16 --cpu-load 54 --timeout 60s --quiet,27,5/15/2026,3:04:02,10.29,2.07,272
stress-ng --cpu 16 --cpu-load 54 --timeout 60s --quiet,27,5/15/2026,4:41:15,11.4,2.23,134
stress-ng --cpu 16 --cpu-load 54 --timeout 60s --quiet,27,5/15/2026,4:41:16,27.25,2.23,216
stress-ng --cpu 16 --cpu-load 54 --timeout 60s --quiet,27,5/15/2026,4:41:17,27.02,2.23,197
stress-ng --cpu 16 --cpu-load 54 --timeout 60s --quiet,27,5/15/2026,4:41:18,27.59,2.23,247
stress-ng --cpu 16 --cpu-load 54 --timeout 60s --quiet,27,5/15/2026,4:41:19,26.96,2.22,251
stress-ng --cpu 16 --cpu-load 54 --timeout 60s --quiet,27,5/15/2026,4:41:20,27.29,2.23,257
stress-ng --cpu 16 --cpu-load 54 --timeout 60s --quiet,27,5/15/2026,4:41:21,26.82,2.23,254
stress-ng --cpu 16 --cpu-load 54 --timeout 60s --quiet,27,5/15/2026,4:41:22,27.59,2.23,263
stress-ng --cpu 16 --cpu-load 54 --timeout 60s --quiet,27,5/15/2026,4:41:23,27.04,2.22,250
stress-ng --cpu 16 --cpu-load 54 --timeout 60s --quiet,27,5/15/2026,4:41:24,27.6,2.22,254
stress-ng --cpu 16 --cpu-load 54 --timeout 60s --quiet,27,5/15/2026,4:41:25,27.39,2.22,266
stress-ng --cpu 16 --cpu-load 54 --timeout 60s --quiet,27,5/15/2026,4:41:26,27.1,2.21,257
stress-ng --cpu 16 --cpu-load 54 --timeout 60s --quiet,27,5/15/2026,4:41:27,26.98,2.21,255.5
stress-ng --cpu 16 --cpu-load 54 --timeout 60s --quiet,27,5/15/2026,4:41:28,27.48,2.21,254
stress-ng --cpu 16 --cpu-load 54 --timeout 60s --quiet,27,5/15/2026,4:41:29,27.34,2.21,258
stress-ng --cpu 16 --cpu-load 54 --timeout 60s --quiet,27,5/15/2026,4:41:30,26.99,2.21,259
stress-ng --cpu 16 --cpu-load 54 --timeout 60s --quiet,27,5/15/2026,4:41:31,27.25,2.21,255
stress-ng --cpu 16 --cpu-load 54 --timeout 60s --quiet,27,5/15/2026,4:41:32,26.89,2.21,254
stress-ng --cpu 16 --cpu-load 54 --timeout 60s --quiet,27,5/15/2026,4:41:33,27.22,2.21,256
stress-ng --cpu 16 --cpu-load 54 --timeout 60s --quiet,27,5/15/2026,4:41:34,27.11,2.2,261
stress-ng --cpu 16 --cpu-load 54 --timeout 60s --quiet,27,5/15/2026,4:41:35,26.98,2.2,257
stress-ng --cpu 16 --cpu-load 54 --timeout 60s --quiet,27,5/15/2026,4:41:36,27.31,2.2,258.5
stress-ng --cpu 16 --cpu-load 54 --timeout 60s --quiet,27,5/15/2026,4:41:37,26.97,2.19,260
stress-ng --cpu 16 --cpu-load 54 --timeout 60s --quiet,27,5/15/2026,4:41:38,27.06,2.19,269
stress-ng --cpu 16 --cpu-load 54 --timeout 60s --quiet,27,5/15/2026,4:41:39,27.81,2.19,254
stress-ng --cpu 16 --cpu-load 54 --timeout 60s --quiet,27,5/15/2026,4:41:40,27.02,2.19,273
stress-ng --cpu 16 --cpu-load 54 --timeout 60s --quiet,27,5/15/2026,4:41:41,27.77,2.19,268
stress-ng --cpu 16 --cpu-load 54 --timeout 60s --quiet,27,5/15/2026,4:41:42,27.53,2.18,258
stress-ng --cpu 16 --cpu-load 54 --timeout 60s --quiet,27,5/15/2026,4:41:43,26.97,2.18,265
stress-ng --cpu 16 --cpu-load 54 --timeout 60s --quiet,27,5/15/2026,4:41:44,27.19,2.18,272
stress-ng --cpu 16 --cpu-load 54 --timeout 60s --quiet,27,5/15/2026,4:41:45,27.26,2.18,255
stress-ng --cpu 16 --cpu-load 54 --timeout 60s --quiet,27,5/15/2026,4:41:46,27.23,2.175,261
stress-ng --cpu 16 --cpu-load 54 --timeout 60s --quiet,27,5/15/2026,4:41:47,27.2,2.17,266
stress-ng --cpu 16 --cpu-load 54 --timeout 60s --quiet,27,5/15/2026,4:41:48,26.97,2.17,256
stress-ng --cpu 16 --cpu-load 54 --timeout 60s --quiet,27,5/15/2026,4:41:49,27.62,2.17,260
stress-ng --cpu 16 --cpu-load 54 --timeout 60s --quiet,27,5/15/2026,4:41:50,26.98,2.17,268
stress-ng --cpu 16 --cpu-load 54 --timeout 60s --quiet,27,5/15/2026,4:41:51,27.14,2.17,259
stress-ng --cpu 16 --cpu-load 54 --timeout 60s --quiet,27,5/15/2026,4:41:52,27.63,2.17,263
stress-ng --cpu 16 --cpu-load 54 --timeout 60s --quiet,27,5/15/2026,4:41:53,27.09,2.17,258
stress-ng --cpu 16 --cpu-load 54 --timeout 60s --quiet,27,5/15/2026,4:41:54,27.23,2.17,263
stress-ng --cpu 16 --cpu-load 54 --timeout 60s --quiet,27,5/15/2026,4:41:55,26.96,2.17,263
stress-ng --cpu 16 --cpu-load 54 --timeout 60s --quiet,27,5/15/2026,4:41:56,27.31,2.17,257
stress-ng --cpu 16 --cpu-load 54 --timeout 60s --quiet,27,5/15/2026,4:41:57,26.77,2.17,261
stress-ng --cpu 16 --cpu-load 54 --timeout 60s --quiet,27,5/15/2026,4:41:58,27.32,2.17,270
stress-ng --cpu 16 --cpu-load 54 --timeout 60s --quiet,27,5/15/2026,4:41:59,27.73,2.17,261
stress-ng --cpu 16 --cpu-load 54 --timeout 60s --quiet,27,5/15/2026,4:42:00,27.11,2.17,266
stress-ng --cpu 16 --cpu-load 54 --timeout 60s --quiet,27,5/15/2026,4:42:01,27.31,2.18,261
stress-ng --cpu 16 --cpu-load 54 --timeout 60s --quiet,27,5/15/2026,4:42:02,27.04,2.18,265
stress-ng --cpu 16 --cpu-load 54 --timeout 60s --quiet,27,5/15/2026,4:42:03,27.2,2.18,269
stress-ng --cpu 16 --cpu-load 54 --timeout 60s --quiet,27,5/15/2026,4:42:04,26.78,2.18,261
stress-ng --cpu 16 --cpu-load 54 --timeout 60s --quiet,27,5/15/2026,4:42:05,27.56,2.18,273
stress-ng --cpu 16 --cpu-load 54 --timeout 60s --quiet,27,5/15/2026,4:42:06,27.63,2.18,265
stress-ng --cpu 16 --cpu-load 54 --timeout 60s --quiet,27,5/15/2026,4:42:07,27.18,2.18,258
stress-ng --cpu 16 --cpu-load 54 --timeout 60s --quiet,27,5/15/2026,4:42:08,27.38,2.18,270
stress-ng --cpu 16 --cpu-load 54 --timeout 60s --quiet,27,5/15/2026,4:42:09,26.96,2.18,257
stress-ng --cpu 16 --cpu-load 54 --timeout 60s --quiet,27,5/15/2026,4:42:10,27.21,2.18,262
stress-ng --cpu 16 --cpu-load 54 --timeout 60s --quiet,27,5/15/2026,4:42:11,26.86,2.18,266
stress-ng --cpu 16 --cpu-load 54 --timeout 60s --quiet,27,5/15/2026,4:42:12,27.5,2.17,259
stress-ng --cpu 16 --cpu-load 54 --timeout 60s --quiet,27,5/15/2026,4:42:13,27.37,2.17,265
stress-ng --cpu 16 --cpu-load 54 --timeout 60s --quiet,27,5/15/2026,4:42:14,26.76,2.18,260
stress-ng --cpu 16 --cpu-load 54 --timeout 60s --quiet,27,5/15/2026,4:42:15,18.6,2.11,263
stress-ng --cpu 16 --cpu-load 54 --timeout 60s --quiet,27,5/15/2026,21:47:38,22.84,2.23,138
stress-ng --cpu 16 --cpu-load 54 --timeout 60s --quiet,27,5/15/2026,21:47:39,22.84,2.23,242
stress-ng --cpu 16 --cpu-load 54 --timeout 60s --quiet,27,5/15/2026,21:47:40,28.01,2.23,244
stress-ng --cpu 16 --cpu-load 54 --timeout 60s --quiet,27,5/15/2026,21:47:41,26.54,2.23,244
stress-ng --cpu 16 --cpu-load 54 --timeout 60s --quiet,27,5/15/2026,21:47:42,27.99,2.23,252
stress-ng --cpu 16 --cpu-load 54 --timeout 60s --quiet,27,5/15/2026,21:47:43,26.95,2.22,253
stress-ng --cpu 16 --cpu-load 54 --timeout 60s --quiet,27,5/15/2026,21:47:44,27.66,2.22,247.5
stress-ng --cpu 16 --cpu-load 54 --timeout 60s --quiet,27,5/15/2026,21:47:45,27.42,2.22,242
stress-ng --cpu 16 --cpu-load 54 --timeout 60s --quiet,27,5/15/2026,21:47:46,27.07,2.22,252
stress-ng --cpu 16 --cpu-load 54 --timeout 60s --quiet,27,5/15/2026,21:47:47,26.95,2.21,249
stress-ng --cpu 16 --cpu-load 54 --timeout 60s --quiet,27,5/15/2026,21:47:48,27.34,2.22,258
stress-ng --cpu 16 --cpu-load 54 --timeout 60s --quiet,27,5/15/2026,21:47:49,26.54,2.21,254
stress-ng --cpu 16 --cpu-load 54 --timeout 60s --quiet,27,5/15/2026,21:47:50,27.45,2.21,248
stress-ng --cpu 16 --cpu-load 54 --timeout 60s --quiet,27,5/15/2026,21:47:51,27.05,2.21,251
stress-ng --cpu 16 --cpu-load 54 --timeout 60s --quiet,27,5/15/2026,21:47:52,27.34,2.21,249
stress-ng --cpu 16 --cpu-load 54 --timeout 60s --quiet,27,5/15/2026,21:47:53,27.16,2.21,260
stress-ng --cpu 16 --cpu-load 54 --timeout 60s --quiet,27,5/15/2026,21:47:54,27.21,2.21,251
stress-ng --cpu 16 --cpu-load 54 --timeout 60s --quiet,27,5/15/2026,21:47:55,27.55,2.21,252
stress-ng --cpu 16 --cpu-load 54 --timeout 60s --quiet,27,5/15/2026,21:47:56,27.5,2.21,246
stress-ng --cpu 16 --cpu-load 54 --timeout 60s --quiet,27,5/15/2026,21:47:57,26.92,2.21,240
stress-ng --cpu 16 --cpu-load 54 --timeout 60s --quiet,27,5/15/2026,21:47:58,27.23,2.21,251
stress-ng --cpu 16 --cpu-load 54 --timeout 60s --quiet,27,5/15/2026,21:47:59,26.95,2.21,256
stress-ng --cpu 16 --cpu-load 54 --timeout 60s --quiet,27,5/15/2026,21:48:00,27.05,2.2,245
stress-ng --cpu 16 --cpu-load 54 --timeout 60s --quiet,27,5/15/2026,21:48:01,27.32,2.2,247
stress-ng --cpu 16 --cpu-load 54 --timeout 60s --quiet,27,5/15/2026,21:48:02,27.08,2.2,243
stress-ng --cpu 16 --cpu-load 54 --timeout 60s --quiet,27,5/15/2026,21:48:03,27.44,2.19,254
stress-ng --cpu 16 --cpu-load 54 --timeout 60s --quiet,27,5/15/2026,21:48:04,27.35,2.19,260
stress-ng --cpu 16 --cpu-load 54 --timeout 60s --quiet,27,5/15/2026,21:48:05,27.1,2.2,249
stress-ng --cpu 16 --cpu-load 54 --timeout 60s --quiet,27,5/15/2026,21:48:06,27.15,2.19,250
stress-ng --cpu 16 --cpu-load 54 --timeout 60s --quiet,27,5/15/2026,21:48:07,27.26,2.2,245
stress-ng --cpu 16 --cpu-load 54 --timeout 60s --quiet,27,5/15/2026,21:48:08,27.63,2.2,252
stress-ng --cpu 16 --cpu-load 54 --timeout 60s --quiet,27,5/15/2026,21:48:09,26.65,2.2,254
stress-ng --cpu 16 --cpu-load 54 --timeout 60s --quiet,27,5/15/2026,21:48:10,26.99,2.19,257.5
stress-ng --cpu 16 --cpu-load 54 --timeout 60s --quiet,27,5/15/2026,21:48:11,27.06,2.19,261
stress-ng --cpu 16 --cpu-load 54 --timeout 60s --quiet,27,5/15/2026,21:48:12,27.75,2.19,254
stress-ng --cpu 16 --cpu-load 54 --timeout 60s --quiet,27,5/15/2026,21:48:13,27.6,2.19,254
stress-ng --cpu 16 --cpu-load 54 --timeout 60s --quiet,27,5/15/2026,21:48:14,26.95,2.2,253
stress-ng --cpu 16 --cpu-load 54 --timeout 60s --quiet,27,5/15/2026,21:48:15,27.3,2.19,252
stress-ng --cpu 16 --cpu-load 54 --timeout 60s --quiet,27,5/15/2026,21:48:16,26.91,2.18,259
stress-ng --cpu 16 --cpu-load 54 --timeout 60s --quiet,27,5/15/2026,21:48:17,27.05,2.18,257
stress-ng --cpu 16 --cpu-load 54 --timeout 60s --quiet,27,5/15/2026,21:48:18,27.71,2.18,258
stress-ng --cpu 16 --cpu-load 54 --timeout 60s --quiet,27,5/15/2026,21:48:19,27.07,2.18,249
stress-ng --cpu 16 --cpu-load 54 --timeout 60s --quiet,27,5/15/2026,21:48:20,27.46,2.18,258
stress-ng --cpu 16 --cpu-load 54 --timeout 60s --quiet,27,5/15/2026,21:48:21,26.78,2.18,261
stress-ng --cpu 16 --cpu-load 54 --timeout 60s --quiet,27,5/15/2026,21:48:22,27.19,2.18,254
stress-ng --cpu 16 --cpu-load 54 --timeout 60s --quiet,27,5/15/2026,21:48:23,26.51,2.17,255
stress-ng --cpu 16 --cpu-load 54 --timeout 60s --quiet,27,5/15/2026,21:48:24,27.57,2.18,261
stress-ng --cpu 16 --cpu-load 54 --timeout 60s --quiet,27,5/15/2026,21:48:25,27.11,2.17,254
stress-ng --cpu 16 --cpu-load 54 --timeout 60s --quiet,27,5/15/2026,21:48:26,27.46,2.16,255
stress-ng --cpu 16 --cpu-load 54 --timeout 60s --quiet,27,5/15/2026,21:48:27,27.44,2.16,259
stress-ng --cpu 16 --cpu-load 54 --timeout 60s --quiet,27,5/15/2026,21:48:28,27.73,2.17,254
stress-ng --cpu 16 --cpu-load 54 --timeout 60s --quiet,27,5/15/2026,21:48:29,27.19,2.16,262
stress-ng --cpu 16 --cpu-load 54 --timeout 60s --quiet,27,5/15/2026,21:48:30,26.81,2.17,261
stress-ng --cpu 16 --cpu-load 54 --timeout 60s --quiet,27,5/15/2026,21:48:31,27.02,2.17,253
stress-ng --cpu 16 --cpu-load 54 --timeout 60s --quiet,27,5/15/2026,21:48:32,27.28,2.16,263
stress-ng --cpu 16 --cpu-load 54 --timeout 60s --quiet,27,5/15/2026,21:48:33,26.95,2.17,255
stress-ng --cpu 16 --cpu-load 54 --timeout 60s --quiet,27,5/15/2026,21:48:34,27.38,2.17,251
stress-ng --cpu 16 --cpu-load 54 --timeout 60s --quiet,27,5/15/2026,21:48:35,27.12,2.16,266
stress-ng --cpu 16 --cpu-load 54 --timeout 60s --quiet,27,5/15/2026,21:48:36,26.97,2.16,254
stress-ng --cpu 16 --cpu-load 54 --timeout 60s --quiet,27,5/15/2026,21:48:37,27.53,2.17,258
stress-ng --cpu 16 --cpu-load 54 --timeout 60s --quiet,27,5/15/2026,21:48:38,6.56,2.09,265
stress-ng --cpu 16 --cpu-load 56 --timeout 60s --quiet,28,5/15/2026,1:20:47,0.12,2.14,135
stress-ng --cpu 16 --cpu-load 56 --timeout 60s --quiet,28,5/15/2026,1:20:48,22.44,2.25,112
stress-ng --cpu 16 --cpu-load 56 --timeout 60s --quiet,28,5/15/2026,1:20:49,28.78,2.25,226
stress-ng --cpu 16 --cpu-load 56 --timeout 60s --quiet,28,5/15/2026,1:20:50,28.29,2.26,256
stress-ng --cpu 16 --cpu-load 56 --timeout 60s --quiet,28,5/15/2026,1:20:51,28.06,2.26,248
stress-ng --cpu 16 --cpu-load 56 --timeout 60s --quiet,28,5/15/2026,1:20:52,27.5,2.25,239
stress-ng --cpu 16 --cpu-load 56 --timeout 60s --quiet,28,5/15/2026,1:20:53,29.23,2.25,253
stress-ng --cpu 16 --cpu-load 56 --timeout 60s --quiet,28,5/15/2026,1:20:54,27.98,2.25,243
stress-ng --cpu 16 --cpu-load 56 --timeout 60s --quiet,28,5/15/2026,1:20:55,28.03,2.25,264
stress-ng --cpu 16 --cpu-load 56 --timeout 60s --quiet,28,5/15/2026,1:20:56,27.88,2.25,250
stress-ng --cpu 16 --cpu-load 56 --timeout 60s --quiet,28,5/15/2026,1:20:57,28.63,2.23,255
stress-ng --cpu 16 --cpu-load 56 --timeout 60s --quiet,28,5/15/2026,1:20:58,28.83,2.23,257
stress-ng --cpu 16 --cpu-load 56 --timeout 60s --quiet,28,5/15/2026,1:20:59,27.55,2.23,252
stress-ng --cpu 16 --cpu-load 56 --timeout 60s --quiet,28,5/15/2026,1:21:00,28.02,2.22,253
stress-ng --cpu 16 --cpu-load 56 --timeout 60s --quiet,28,5/15/2026,1:21:01,28.8,2.22,250
stress-ng --cpu 16 --cpu-load 56 --timeout 60s --quiet,28,5/15/2026,1:21:02,27.74,2.22,247
stress-ng --cpu 16 --cpu-load 56 --timeout 60s --quiet,28,5/15/2026,1:21:03,28.7,2.23,255
stress-ng --cpu 16 --cpu-load 56 --timeout 60s --quiet,28,5/15/2026,1:21:04,28.37,2.23,252
stress-ng --cpu 16 --cpu-load 56 --timeout 60s --quiet,28,5/15/2026,1:21:05,27.83,2.23,260
stress-ng --cpu 16 --cpu-load 56 --timeout 60s --quiet,28,5/15/2026,1:21:06,28.36,2.22,266
stress-ng --cpu 16 --cpu-load 56 --timeout 60s --quiet,28,5/15/2026,1:21:07,28.06,2.22,258
stress-ng --cpu 16 --cpu-load 56 --timeout 60s --quiet,28,5/15/2026,1:21:08,28.21,2.22,262
stress-ng --cpu 16 --cpu-load 56 --timeout 60s --quiet,28,5/15/2026,1:21:09,28.17,2.22,251
stress-ng --cpu 16 --cpu-load 56 --timeout 60s --quiet,28,5/15/2026,1:21:10,28.05,2.22,263
stress-ng --cpu 16 --cpu-load 56 --timeout 60s --quiet,28,5/15/2026,1:21:11,28.56,2.22,259
stress-ng --cpu 16 --cpu-load 56 --timeout 60s --quiet,28,5/15/2026,1:21:12,28.19,2.22,261
stress-ng --cpu 16 --cpu-load 56 --timeout 60s --quiet,28,5/15/2026,1:21:13,28.1,2.22,263
stress-ng --cpu 16 --cpu-load 56 --timeout 60s --quiet,28,5/15/2026,1:21:14,28.36,2.22,261
stress-ng --cpu 16 --cpu-load 56 --timeout 60s --quiet,28,5/15/2026,1:21:15,28.4,2.22,262
stress-ng --cpu 16 --cpu-load 56 --timeout 60s --quiet,28,5/15/2026,1:21:16,27.96,2.23,263
stress-ng --cpu 16 --cpu-load 56 --timeout 60s --quiet,28,5/15/2026,1:21:17,28.12,2.22,261
stress-ng --cpu 16 --cpu-load 56 --timeout 60s --quiet,28,5/15/2026,1:21:18,28.49,2.22,258
stress-ng --cpu 16 --cpu-load 56 --timeout 60s --quiet,28,5/15/2026,1:21:19,28.33,2.22,259
stress-ng --cpu 16 --cpu-load 56 --timeout 60s --quiet,28,5/15/2026,1:21:20,28.43,2.22,257
stress-ng --cpu 16 --cpu-load 56 --timeout 60s --quiet,28,5/15/2026,1:21:21,27.36,2.22,262
stress-ng --cpu 16 --cpu-load 56 --timeout 60s --quiet,28,5/15/2026,1:21:22,28.71,2.21,258
stress-ng --cpu 16 --cpu-load 56 --timeout 60s --quiet,28,5/15/2026,1:21:23,28.4,2.21,266
stress-ng --cpu 16 --cpu-load 56 --timeout 60s --quiet,28,5/15/2026,1:21:24,27.42,2.21,255
stress-ng --cpu 16 --cpu-load 56 --timeout 60s --quiet,28,5/15/2026,1:21:25,28.68,2.21,256.5
stress-ng --cpu 16 --cpu-load 56 --timeout 60s --quiet,28,5/15/2026,1:21:26,28.15,2.21,258
stress-ng --cpu 16 --cpu-load 56 --timeout 60s --quiet,28,5/15/2026,1:21:27,28.62,2.21,267
stress-ng --cpu 16 --cpu-load 56 --timeout 60s --quiet,28,5/15/2026,1:21:28,28.27,2.22,264
stress-ng --cpu 16 --cpu-load 56 --timeout 60s --quiet,28,5/15/2026,1:21:29,28.12,2.22,259
stress-ng --cpu 16 --cpu-load 56 --timeout 60s --quiet,28,5/15/2026,1:21:30,28,2.22,266
stress-ng --cpu 16 --cpu-load 56 --timeout 60s --quiet,28,5/15/2026,1:21:31,28.45,2.21,256
stress-ng --cpu 16 --cpu-load 56 --timeout 60s --quiet,28,5/15/2026,1:21:32,27.99,2.21,267
stress-ng --cpu 16 --cpu-load 56 --timeout 60s --quiet,28,5/15/2026,1:21:33,28.27,2.21,266
stress-ng --cpu 16 --cpu-load 56 --timeout 60s --quiet,28,5/15/2026,1:21:34,28.435,2.21,269
stress-ng --cpu 16 --cpu-load 56 --timeout 60s --quiet,28,5/15/2026,1:21:35,28.6,2.21,260
stress-ng --cpu 16 --cpu-load 56 --timeout 60s --quiet,28,5/15/2026,1:21:36,27.65,2.21,252
stress-ng --cpu 16 --cpu-load 56 --timeout 60s --quiet,28,5/15/2026,1:21:37,28.55,2.21,259
stress-ng --cpu 16 --cpu-load 56 --timeout 60s --quiet,28,5/15/2026,1:21:38,28.12,2.21,259
stress-ng --cpu 16 --cpu-load 56 --timeout 60s --quiet,28,5/15/2026,1:21:39,28.04,2.21,258
stress-ng --cpu 16 --cpu-load 56 --timeout 60s --quiet,28,5/15/2026,1:21:40,28.32,2.21,256
stress-ng --cpu 16 --cpu-load 56 --timeout 60s --quiet,28,5/15/2026,1:21:41,28.05,2.2,258
stress-ng --cpu 16 --cpu-load 56 --timeout 60s --quiet,28,5/15/2026,1:21:42,28.41,2.21,254
stress-ng --cpu 16 --cpu-load 56 --timeout 60s --quiet,28,5/15/2026,1:21:43,28.11,2.2,257
stress-ng --cpu 16 --cpu-load 56 --timeout 60s --quiet,28,5/15/2026,1:21:44,28.23,2.2,256
stress-ng --cpu 16 --cpu-load 56 --timeout 60s --quiet,28,5/15/2026,1:21:45,28.22,2.2,257
stress-ng --cpu 16 --cpu-load 56 --timeout 60s --quiet,28,5/15/2026,1:21:46,28.39,2.2,264
stress-ng --cpu 16 --cpu-load 56 --timeout 60s --quiet,28,5/15/2026,1:21:47,28.29,2.2,263
stress-ng --cpu 16 --cpu-load 56 --timeout 60s --quiet,28,5/15/2026,7:43:39,0.09,2.15,109
stress-ng --cpu 16 --cpu-load 56 --timeout 60s --quiet,28,5/15/2026,7:43:40,16.9,2.27,129
stress-ng --cpu 16 --cpu-load 56 --timeout 60s --quiet,28,5/15/2026,7:43:41,28.22,2.27,231
stress-ng --cpu 16 --cpu-load 56 --timeout 60s --quiet,28,5/15/2026,7:43:42,28.55,2.3,240
stress-ng --cpu 16 --cpu-load 56 --timeout 60s --quiet,28,5/15/2026,7:43:43,28.13,2.3,249
stress-ng --cpu 16 --cpu-load 56 --timeout 60s --quiet,28,5/15/2026,7:43:44,27.75,2.3,253
stress-ng --cpu 16 --cpu-load 56 --timeout 60s --quiet,28,5/15/2026,7:43:45,28.64,2.3,253
stress-ng --cpu 16 --cpu-load 56 --timeout 60s --quiet,28,5/15/2026,7:43:46,28.1,2.3,254
stress-ng --cpu 16 --cpu-load 56 --timeout 60s --quiet,28,5/15/2026,7:43:47,28.14,2.29,250
stress-ng --cpu 16 --cpu-load 56 --timeout 60s --quiet,28,5/15/2026,7:43:48,27.85,2.29,258
stress-ng --cpu 16 --cpu-load 56 --timeout 60s --quiet,28,5/15/2026,7:43:49,28.4,2.28,248
stress-ng --cpu 16 --cpu-load 56 --timeout 60s --quiet,28,5/15/2026,7:43:50,28.7,2.27,256
stress-ng --cpu 16 --cpu-load 56 --timeout 60s --quiet,28,5/15/2026,7:43:51,27.3,2.26,249
stress-ng --cpu 16 --cpu-load 56 --timeout 60s --quiet,28,5/15/2026,7:43:52,28.38,2.26,242
stress-ng --cpu 16 --cpu-load 56 --timeout 60s --quiet,28,5/15/2026,7:43:53,28.87,2.26,245
stress-ng --cpu 16 --cpu-load 56 --timeout 60s --quiet,28,5/15/2026,7:43:54,27.68,2.26,246
stress-ng --cpu 16 --cpu-load 56 --timeout 60s --quiet,28,5/15/2026,7:43:55,27.92,2.25,249
stress-ng --cpu 16 --cpu-load 56 --timeout 60s --quiet,28,5/15/2026,7:43:56,29.02,2.24,250
stress-ng --cpu 16 --cpu-load 56 --timeout 60s --quiet,28,5/15/2026,7:43:57,28.25,2.24,250
stress-ng --cpu 16 --cpu-load 56 --timeout 60s --quiet,28,5/15/2026,7:43:58,27.15,2.24,252
stress-ng --cpu 16 --cpu-load 56 --timeout 60s --quiet,28,5/15/2026,7:43:59,28.51,2.25,262
stress-ng --cpu 16 --cpu-load 56 --timeout 60s --quiet,28,5/15/2026,7:44:00,28.67,2.24,255
stress-ng --cpu 16 --cpu-load 56 --timeout 60s --quiet,28,5/15/2026,7:44:01,28.29,2.24,257.5
stress-ng --cpu 16 --cpu-load 56 --timeout 60s --quiet,28,5/15/2026,7:44:02,27.76,2.24,260
stress-ng --cpu 16 --cpu-load 56 --timeout 60s --quiet,28,5/15/2026,7:44:03,28.18,2.24,251
stress-ng --cpu 16 --cpu-load 56 --timeout 60s --quiet,28,5/15/2026,7:44:04,28.35,2.24,260
stress-ng --cpu 16 --cpu-load 56 --timeout 60s --quiet,28,5/15/2026,7:44:05,28.67,2.23,249
stress-ng --cpu 16 --cpu-load 56 --timeout 60s --quiet,28,5/15/2026,7:44:06,28.375,2.24,254
stress-ng --cpu 16 --cpu-load 56 --timeout 60s --quiet,28,5/15/2026,7:44:07,28.08,2.25,248
stress-ng --cpu 16 --cpu-load 56 --timeout 60s --quiet,28,5/15/2026,7:44:08,27.91,2.25,258
stress-ng --cpu 16 --cpu-load 56 --timeout 60s --quiet,28,5/15/2026,7:44:09,28.94,2.24,248
stress-ng --cpu 16 --cpu-load 56 --timeout 60s --quiet,28,5/15/2026,7:44:10,27.79,2.24,260
stress-ng --cpu 16 --cpu-load 56 --timeout 60s --quiet,28,5/15/2026,7:44:11,28.14,2.24,250
stress-ng --cpu 16 --cpu-load 56 --timeout 60s --quiet,28,5/15/2026,7:44:12,28.21,2.23,251
stress-ng --cpu 16 --cpu-load 56 --timeout 60s --quiet,28,5/15/2026,7:44:13,28.68,2.23,251
stress-ng --cpu 16 --cpu-load 56 --timeout 60s --quiet,28,5/15/2026,7:44:14,27.97,2.22,255
stress-ng --cpu 16 --cpu-load 56 --timeout 60s --quiet,28,5/15/2026,7:44:15,27.87,2.22,254
stress-ng --cpu 16 --cpu-load 56 --timeout 60s --quiet,28,5/15/2026,7:44:16,28.73,2.22,253
stress-ng --cpu 16 --cpu-load 56 --timeout 60s --quiet,28,5/15/2026,7:44:17,27.96,2.22,245
stress-ng --cpu 16 --cpu-load 56 --timeout 60s --quiet,28,5/15/2026,7:44:18,28.23,2.22,256
stress-ng --cpu 16 --cpu-load 56 --timeout 60s --quiet,28,5/15/2026,7:44:19,28.14,2.22,250
stress-ng --cpu 16 --cpu-load 56 --timeout 60s --quiet,28,5/15/2026,7:44:20,28.48,2.22,255
stress-ng --cpu 16 --cpu-load 56 --timeout 60s --quiet,28,5/15/2026,7:44:21,28.18,2.22,256
stress-ng --cpu 16 --cpu-load 56 --timeout 60s --quiet,28,5/15/2026,7:44:22,28.01,2.22,255
stress-ng --cpu 16 --cpu-load 56 --timeout 60s --quiet,28,5/15/2026,7:44:23,28.15,2.22,261
stress-ng --cpu 16 --cpu-load 56 --timeout 60s --quiet,28,5/15/2026,7:44:24,28.5,2.22,258
stress-ng --cpu 16 --cpu-load 56 --timeout 60s --quiet,28,5/15/2026,7:44:25,28.14,2.21,256.5
stress-ng --cpu 16 --cpu-load 56 --timeout 60s --quiet,28,5/15/2026,7:44:26,28.13,2.21,255
stress-ng --cpu 16 --cpu-load 56 --timeout 60s --quiet,28,5/15/2026,7:44:27,28,2.21,253
stress-ng --cpu 16 --cpu-load 56 --timeout 60s --quiet,28,5/15/2026,7:44:28,28.58,2.2,256
stress-ng --cpu 16 --cpu-load 56 --timeout 60s --quiet,28,5/15/2026,7:44:29,28.4,2.2,259
stress-ng --cpu 16 --cpu-load 56 --timeout 60s --quiet,28,5/15/2026,7:44:30,28.42,2.2,260
stress-ng --cpu 16 --cpu-load 56 --timeout 60s --quiet,28,5/15/2026,7:44:31,28.08,2.2,255
stress-ng --cpu 16 --cpu-load 56 --timeout 60s --quiet,28,5/15/2026,7:44:32,28.09,2.2,261
stress-ng --cpu 16 --cpu-load 56 --timeout 60s --quiet,28,5/15/2026,7:44:33,28.56,2.2,265
stress-ng --cpu 16 --cpu-load 56 --timeout 60s --quiet,28,5/15/2026,7:44:34,27.71,2.2,264
stress-ng --cpu 16 --cpu-load 56 --timeout 60s --quiet,28,5/15/2026,7:44:35,28.42,2.2,265
stress-ng --cpu 16 --cpu-load 56 --timeout 60s --quiet,28,5/15/2026,7:44:36,28.61,2.2,263
stress-ng --cpu 16 --cpu-load 56 --timeout 60s --quiet,28,5/15/2026,7:44:37,27.42,2.2,266
stress-ng --cpu 16 --cpu-load 56 --timeout 60s --quiet,28,5/15/2026,7:44:38,28.43,2.2,265
stress-ng --cpu 16 --cpu-load 56 --timeout 60s --quiet,28,5/15/2026,7:44:39,28.94,2.19,263
stress-ng --cpu 16 --cpu-load 56 --timeout 60s --quiet,28,5/15/2026,7:44:40,13.38,2.13,265
stress-ng --cpu 16 --cpu-load 56 --timeout 60s --quiet,28,5/15/2026,16:44:56,13.96,2.26,108
stress-ng --cpu 16 --cpu-load 56 --timeout 60s --quiet,28,5/15/2026,16:44:57,28.49,2.26,135
stress-ng --cpu 16 --cpu-load 56 --timeout 60s --quiet,28,5/15/2026,16:44:58,28.23,2.26,250
stress-ng --cpu 16 --cpu-load 56 --timeout 60s --quiet,28,5/15/2026,16:44:59,27.91,2.26,242
stress-ng --cpu 16 --cpu-load 56 --timeout 60s --quiet,28,5/15/2026,16:45:00,28.27,2.26,250
stress-ng --cpu 16 --cpu-load 56 --timeout 60s --quiet,28,5/15/2026,16:45:01,27.82,2.26,246
stress-ng --cpu 16 --cpu-load 56 --timeout 60s --quiet,28,5/15/2026,16:45:02,28.58,2.25,255
stress-ng --cpu 16 --cpu-load 56 --timeout 60s --quiet,28,5/15/2026,16:45:03,28.77,2.24,247
stress-ng --cpu 16 --cpu-load 56 --timeout 60s --quiet,28,5/15/2026,16:45:04,27.67,2.24,251
stress-ng --cpu 16 --cpu-load 56 --timeout 60s --quiet,28,5/15/2026,16:45:05,28.22,2.25,251
stress-ng --cpu 16 --cpu-load 56 --timeout 60s --quiet,28,5/15/2026,16:45:06,28.29,2.24,246
stress-ng --cpu 16 --cpu-load 56 --timeout 60s --quiet,28,5/15/2026,16:45:07,28.51,2.24,257
stress-ng --cpu 16 --cpu-load 56 --timeout 60s --quiet,28,5/15/2026,16:45:08,27.76,2.23,257
stress-ng --cpu 16 --cpu-load 56 --timeout 60s --quiet,28,5/15/2026,16:45:09,28.13,2.23,261
stress-ng --cpu 16 --cpu-load 56 --timeout 60s --quiet,28,5/15/2026,16:45:10,28.24,2.225,253
stress-ng --cpu 16 --cpu-load 56 --timeout 60s --quiet,28,5/15/2026,16:45:11,28.35,2.22,258
stress-ng --cpu 16 --cpu-load 56 --timeout 60s --quiet,28,5/15/2026,16:45:12,28.33,2.23,252
stress-ng --cpu 16 --cpu-load 56 --timeout 60s --quiet,28,5/15/2026,16:45:13,27.81,2.23,255
stress-ng --cpu 16 --cpu-load 56 --timeout 60s --quiet,28,5/15/2026,16:45:14,28.3,2.23,259
stress-ng --cpu 16 --cpu-load 56 --timeout 60s --quiet,28,5/15/2026,16:45:15,28.7,2.22,261
stress-ng --cpu 16 --cpu-load 56 --timeout 60s --quiet,28,5/15/2026,16:45:16,28.02,2.22,256
stress-ng --cpu 16 --cpu-load 56 --timeout 60s --quiet,28,5/15/2026,16:45:17,28.11,2.22,257
stress-ng --cpu 16 --cpu-load 56 --timeout 60s --quiet,28,5/15/2026,16:45:18,28.4,2.22,253
stress-ng --cpu 16 --cpu-load 56 --timeout 60s --quiet,28,5/15/2026,16:45:19,28.17,2.22,256
stress-ng --cpu 16 --cpu-load 56 --timeout 60s --quiet,28,5/15/2026,16:45:20,28.38,2.22,259
stress-ng --cpu 16 --cpu-load 56 --timeout 60s --quiet,28,5/15/2026,16:45:21,28.08,2.22,261
stress-ng --cpu 16 --cpu-load 56 --timeout 60s --quiet,28,5/15/2026,16:45:22,27.93,2.22,253
stress-ng --cpu 16 --cpu-load 56 --timeout 60s --quiet,28,5/15/2026,16:45:23,28.34,2.22,268
stress-ng --cpu 16 --cpu-load 56 --timeout 60s --quiet,28,5/15/2026,16:45:24,28.29,2.22,263
stress-ng --cpu 16 --cpu-load 56 --timeout 60s --quiet,28,5/15/2026,16:45:25,28.45,2.22,262
stress-ng --cpu 16 --cpu-load 56 --timeout 60s --quiet,28,5/15/2026,16:45:26,27.93,2.22,264
stress-ng --cpu 16 --cpu-load 56 --timeout 60s --quiet,28,5/15/2026,16:45:27,27.64,2.22,253
stress-ng --cpu 16 --cpu-load 56 --timeout 60s --quiet,28,5/15/2026,16:45:28,28.94,2.22,255
stress-ng --cpu 16 --cpu-load 56 --timeout 60s --quiet,28,5/15/2026,16:45:29,28.48,2.22,257
stress-ng --cpu 16 --cpu-load 56 --timeout 60s --quiet,28,5/15/2026,16:45:30,27.15,2.21,251
stress-ng --cpu 16 --cpu-load 56 --timeout 60s --quiet,28,5/15/2026,16:45:31,28.65,2.21,256
stress-ng --cpu 16 --cpu-load 56 --timeout 60s --quiet,28,5/15/2026,16:45:32,28.51,2.22,262
stress-ng --cpu 16 --cpu-load 56 --timeout 60s --quiet,28,5/15/2026,16:45:33,27.71,2.22,258
stress-ng --cpu 16 --cpu-load 56 --timeout 60s --quiet,28,5/15/2026,16:45:34,28.66,2.22,266
stress-ng --cpu 16 --cpu-load 56 --timeout 60s --quiet,28,5/15/2026,16:45:35,27.71,2.22,259
stress-ng --cpu 16 --cpu-load 56 --timeout 60s --quiet,28,5/15/2026,16:45:36,28.45,2.21,262
stress-ng --cpu 16 --cpu-load 56 --timeout 60s --quiet,28,5/15/2026,16:45:37,28.32,2.22,256
stress-ng --cpu 16 --cpu-load 56 --timeout 60s --quiet,28,5/15/2026,16:45:38,28.39,2.22,260
stress-ng --cpu 16 --cpu-load 56 --timeout 60s --quiet,28,5/15/2026,16:45:39,28.36,2.22,259
stress-ng --cpu 16 --cpu-load 56 --timeout 60s --quiet,28,5/15/2026,16:45:40,27.8,2.2,256
stress-ng --cpu 16 --cpu-load 56 --timeout 60s --quiet,28,5/15/2026,16:45:41,28.7,2.21,259
stress-ng --cpu 16 --cpu-load 56 --timeout 60s --quiet,28,5/15/2026,16:45:42,27.93,2.2,260
stress-ng --cpu 16 --cpu-load 56 --timeout 60s --quiet,28,5/15/2026,16:45:43,27.9,2.2,261
stress-ng --cpu 16 --cpu-load 56 --timeout 60s --quiet,28,5/15/2026,16:45:44,28.91,2.2,265
stress-ng --cpu 16 --cpu-load 56 --timeout 60s --quiet,28,5/15/2026,16:45:45,28.22,2.2,258
stress-ng --cpu 16 --cpu-load 56 --timeout 60s --quiet,28,5/15/2026,16:45:46,27.71,2.19,261
stress-ng --cpu 16 --cpu-load 56 --timeout 60s --quiet,28,5/15/2026,16:45:47,28.38,2.19,261
stress-ng --cpu 16 --cpu-load 56 --timeout 60s --quiet,28,5/15/2026,16:45:48,28.67,2.19,263
stress-ng --cpu 16 --cpu-load 56 --timeout 60s --quiet,28,5/15/2026,16:45:49,27.96,2.19,257
stress-ng --cpu 16 --cpu-load 56 --timeout 60s --quiet,28,5/15/2026,16:45:50,27.75,2.2,265
stress-ng --cpu 16 --cpu-load 56 --timeout 60s --quiet,28,5/15/2026,16:45:51,28.54,2.19,260
stress-ng --cpu 16 --cpu-load 56 --timeout 60s --quiet,28,5/15/2026,16:45:52,28.33,2.19,255
stress-ng --cpu 16 --cpu-load 56 --timeout 60s --quiet,28,5/15/2026,16:45:53,28.27,2.19,261
stress-ng --cpu 16 --cpu-load 56 --timeout 60s --quiet,28,5/15/2026,16:45:54,28.08,2.19,261
stress-ng --cpu 16 --cpu-load 56 --timeout 60s --quiet,28,5/15/2026,16:45:55,27.92,2.18,262
stress-ng --cpu 16 --cpu-load 56 --timeout 60s --quiet,28,5/15/2026,16:45:56,16.74,2.13,261
stress-ng --cpu 16 --cpu-load 58 --timeout 60s --quiet,29,5/15/2026,1:18:47,5.74,2.25,112
stress-ng --cpu 16 --cpu-load 58 --timeout 60s --quiet,29,5/15/2026,1:18:48,27.89,2.25,235
stress-ng --cpu 16 --cpu-load 58 --timeout 60s --quiet,29,5/15/2026,1:18:49,29.53,2.25,257
stress-ng --cpu 16 --cpu-load 58 --timeout 60s --quiet,29,5/15/2026,1:18:50,28.75,2.25,262
stress-ng --cpu 16 --cpu-load 58 --timeout 60s --quiet,29,5/15/2026,1:18:51,29.68,2.25,263
stress-ng --cpu 16 --cpu-load 58 --timeout 60s --quiet,29,5/15/2026,1:18:52,29.52,2.25,265
stress-ng --cpu 16 --cpu-load 58 --timeout 60s --quiet,29,5/15/2026,1:18:53,28.76,2.24,259
stress-ng --cpu 16 --cpu-load 58 --timeout 60s --quiet,29,5/15/2026,1:18:54,29.48,2.24,260
stress-ng --cpu 16 --cpu-load 58 --timeout 60s --quiet,29,5/15/2026,1:18:55,29.09,2.24,259
stress-ng --cpu 16 --cpu-load 58 --timeout 60s --quiet,29,5/15/2026,1:18:56,29.88,2.23,256
stress-ng --cpu 16 --cpu-load 58 --timeout 60s --quiet,29,5/15/2026,1:18:57,28.44,2.23,265
stress-ng --cpu 16 --cpu-load 58 --timeout 60s --quiet,29,5/15/2026,1:18:58,29.89,2.22,272
stress-ng --cpu 16 --cpu-load 58 --timeout 60s --quiet,29,5/15/2026,1:18:59,28.55,2.22,268
stress-ng --cpu 16 --cpu-load 58 --timeout 60s --quiet,29,5/15/2026,1:19:00,29.63,2.22,264
stress-ng --cpu 16 --cpu-load 58 --timeout 60s --quiet,29,5/15/2026,1:19:01,28.72,2.22,265
stress-ng --cpu 16 --cpu-load 58 --timeout 60s --quiet,29,5/15/2026,1:19:02,29.67,2.22,259
stress-ng --cpu 16 --cpu-load 58 --timeout 60s --quiet,29,5/15/2026,1:19:03,28.97,2.22,261
stress-ng --cpu 16 --cpu-load 58 --timeout 60s --quiet,29,5/15/2026,1:19:04,29.7,2.22,264
stress-ng --cpu 16 --cpu-load 58 --timeout 60s --quiet,29,5/15/2026,1:19:05,28.61,2.21,266
stress-ng --cpu 16 --cpu-load 58 --timeout 60s --quiet,29,5/15/2026,1:19:06,29.95,2.21,263
stress-ng --cpu 16 --cpu-load 58 --timeout 60s --quiet,29,5/15/2026,1:19:07,28.68,2.21,262
stress-ng --cpu 16 --cpu-load 58 --timeout 60s --quiet,29,5/15/2026,1:19:08,29.94,2.21,261
stress-ng --cpu 16 --cpu-load 58 --timeout 60s --quiet,29,5/15/2026,1:19:09,28.86,2.21,265
stress-ng --cpu 16 --cpu-load 58 --timeout 60s --quiet,29,5/15/2026,1:19:10,29.07,2.21,263
stress-ng --cpu 16 --cpu-load 58 --timeout 60s --quiet,29,5/15/2026,1:19:11,29.6,2.21,262
stress-ng --cpu 16 --cpu-load 58 --timeout 60s --quiet,29,5/15/2026,1:19:12,28.57,2.21,271
stress-ng --cpu 16 --cpu-load 58 --timeout 60s --quiet,29,5/15/2026,1:19:13,29.35,2.19,261
stress-ng --cpu 16 --cpu-load 58 --timeout 60s --quiet,29,5/15/2026,1:19:14,28.93,2.19,263
stress-ng --cpu 16 --cpu-load 58 --timeout 60s --quiet,29,5/15/2026,1:19:15,29.61,2.18,253
stress-ng --cpu 16 --cpu-load 58 --timeout 60s --quiet,29,5/15/2026,1:19:16,28.9,2.19,259
stress-ng --cpu 16 --cpu-load 58 --timeout 60s --quiet,29,5/15/2026,1:19:17,29.32,2.18,261
stress-ng --cpu 16 --cpu-load 58 --timeout 60s --quiet,29,5/15/2026,1:19:18,29.47,2.19,260
stress-ng --cpu 16 --cpu-load 58 --timeout 60s --quiet,29,5/15/2026,1:19:19,28.9,2.19,254
stress-ng --cpu 16 --cpu-load 58 --timeout 60s --quiet,29,5/15/2026,1:19:20,29.88,2.18,256
stress-ng --cpu 16 --cpu-load 58 --timeout 60s --quiet,29,5/15/2026,1:19:21,28.58,2.18,260
stress-ng --cpu 16 --cpu-load 58 --timeout 60s --quiet,29,5/15/2026,1:19:22,29.63,2.18,263
stress-ng --cpu 16 --cpu-load 58 --timeout 60s --quiet,29,5/15/2026,1:19:23,29.21,2.17,266
stress-ng --cpu 16 --cpu-load 58 --timeout 60s --quiet,29,5/15/2026,1:19:24,29.165,2.17,253
stress-ng --cpu 16 --cpu-load 58 --timeout 60s --quiet,29,5/15/2026,1:19:25,29.12,2.17,258
stress-ng --cpu 16 --cpu-load 58 --timeout 60s --quiet,29,5/15/2026,1:19:26,29.63,2.18,260
stress-ng --cpu 16 --cpu-load 58 --timeout 60s --quiet,29,5/15/2026,1:19:27,29.02,2.17,256
stress-ng --cpu 16 --cpu-load 58 --timeout 60s --quiet,29,5/15/2026,1:19:28,29.17,2.17,257
stress-ng --cpu 16 --cpu-load 58 --timeout 60s --quiet,29,5/15/2026,1:19:29,29.29,2.17,252
stress-ng --cpu 16 --cpu-load 58 --timeout 60s --quiet,29,5/15/2026,1:19:30,29.24,2.17,261
stress-ng --cpu 16 --cpu-load 58 --timeout 60s --quiet,29,5/15/2026,1:19:31,29.23,2.17,267
stress-ng --cpu 16 --cpu-load 58 --timeout 60s --quiet,29,5/15/2026,1:19:32,29.27,2.18,259
stress-ng --cpu 16 --cpu-load 58 --timeout 60s --quiet,29,5/15/2026,1:19:33,29.4,2.18,271
stress-ng --cpu 16 --cpu-load 58 --timeout 60s --quiet,29,5/15/2026,1:19:34,28.8,2.18,268
stress-ng --cpu 16 --cpu-load 58 --timeout 60s --quiet,29,5/15/2026,1:19:35,29.36,2.18,270
stress-ng --cpu 16 --cpu-load 58 --timeout 60s --quiet,29,5/15/2026,1:19:36,29.49,2.18,262
stress-ng --cpu 16 --cpu-load 58 --timeout 60s --quiet,29,5/15/2026,1:19:37,29.03,2.17,274
stress-ng --cpu 16 --cpu-load 58 --timeout 60s --quiet,29,5/15/2026,1:19:38,28.94,2.17,273
stress-ng --cpu 16 --cpu-load 58 --timeout 60s --quiet,29,5/15/2026,1:19:39,29.83,2.17,270
stress-ng --cpu 16 --cpu-load 58 --timeout 60s --quiet,29,5/15/2026,1:19:40,28.55,2.17,267
stress-ng --cpu 16 --cpu-load 58 --timeout 60s --quiet,29,5/15/2026,1:19:41,29.93,2.18,270
stress-ng --cpu 16 --cpu-load 58 --timeout 60s --quiet,29,5/15/2026,1:19:42,28.27,2.18,272
stress-ng --cpu 16 --cpu-load 58 --timeout 60s --quiet,29,5/15/2026,1:19:43,29.93,2.18,270
stress-ng --cpu 16 --cpu-load 58 --timeout 60s --quiet,29,5/15/2026,1:19:44,28.69,2.18,272
stress-ng --cpu 16 --cpu-load 58 --timeout 60s --quiet,29,5/15/2026,1:19:45,29.91,2.17,263
stress-ng --cpu 16 --cpu-load 58 --timeout 60s --quiet,29,5/15/2026,1:19:46,28.93,2.17,267
stress-ng --cpu 16 --cpu-load 58 --timeout 60s --quiet,29,5/15/2026,1:19:47,27.56,2.15,269
stress-ng --cpu 16 --cpu-load 58 --timeout 60s --quiet,29,5/15/2026,8:27:45,0.22,2.15,126
stress-ng --cpu 16 --cpu-load 58 --timeout 60s --quiet,29,5/15/2026,8:27:46,28.08,2.27,150
stress-ng --cpu 16 --cpu-load 58 --timeout 60s --quiet,29,5/15/2026,8:27:47,29.93,2.27,251
stress-ng --cpu 16 --cpu-load 58 --timeout 60s --quiet,29,5/15/2026,8:27:48,28.64,2.26,254
stress-ng --cpu 16 --cpu-load 58 --timeout 60s --quiet,29,5/15/2026,8:27:49,29.7,2.26,255
stress-ng --cpu 16 --cpu-load 58 --timeout 60s --quiet,29,5/15/2026,8:27:50,28.65,2.26,259
stress-ng --cpu 16 --cpu-load 58 --timeout 60s --quiet,29,5/15/2026,8:27:51,29.89,2.26,260.5
stress-ng --cpu 16 --cpu-load 58 --timeout 60s --quiet,29,5/15/2026,8:27:52,28.53,2.25,262
stress-ng --cpu 16 --cpu-load 58 --timeout 60s --quiet,29,5/15/2026,8:27:53,29.68,2.25,258
stress-ng --cpu 16 --cpu-load 58 --timeout 60s --quiet,29,5/15/2026,8:27:54,29.33,2.24,264
stress-ng --cpu 16 --cpu-load 58 --timeout 60s --quiet,29,5/15/2026,8:27:55,29.19,2.24,261
stress-ng --cpu 16 --cpu-load 58 --timeout 60s --quiet,29,5/15/2026,8:27:56,29.05,2.23,262
stress-ng --cpu 16 --cpu-load 58 --timeout 60s --quiet,29,5/15/2026,8:27:57,29.65,2.23,255
stress-ng --cpu 16 --cpu-load 58 --timeout 60s --quiet,29,5/15/2026,8:27:58,29.01,2.23,257
stress-ng --cpu 16 --cpu-load 58 --timeout 60s --quiet,29,5/15/2026,8:27:59,29.32,2.23,257
stress-ng --cpu 16 --cpu-load 58 --timeout 60s --quiet,29,5/15/2026,8:28:00,28.58,2.23,258
stress-ng --cpu 16 --cpu-load 58 --timeout 60s --quiet,29,5/15/2026,8:28:01,29.83,2.22,259
stress-ng --cpu 16 --cpu-load 58 --timeout 60s --quiet,29,5/15/2026,8:28:02,29.63,2.22,262
stress-ng --cpu 16 --cpu-load 58 --timeout 60s --quiet,29,5/15/2026,8:28:03,29.51,2.22,274
stress-ng --cpu 16 --cpu-load 58 --timeout 60s --quiet,29,5/15/2026,8:28:04,28.92,2.22,266
stress-ng --cpu 16 --cpu-load 58 --timeout 60s --quiet,29,5/15/2026,8:28:05,29.34,2.21,265
stress-ng --cpu 16 --cpu-load 58 --timeout 60s --quiet,29,5/15/2026,8:28:06,29.15,2.21,260
stress-ng --cpu 16 --cpu-load 58 --timeout 60s --quiet,29,5/15/2026,8:28:07,28.75,2.2,258
stress-ng --cpu 16 --cpu-load 58 --timeout 60s --quiet,29,5/15/2026,8:28:08,29.9,2.2,264
stress-ng --cpu 16 --cpu-load 58 --timeout 60s --quiet,29,5/15/2026,8:28:09,29.39,2.2,256
stress-ng --cpu 16 --cpu-load 58 --timeout 60s --quiet,29,5/15/2026,8:28:10,28.88,2.2,259
stress-ng --cpu 16 --cpu-load 58 --timeout 60s --quiet,29,5/15/2026,8:28:11,29.26,2.21,259
stress-ng --cpu 16 --cpu-load 58 --timeout 60s --quiet,29,5/15/2026,8:28:12,29.16,2.2,259
stress-ng --cpu 16 --cpu-load 58 --timeout 60s --quiet,29,5/15/2026,8:28:13,29.55,2.21,264
stress-ng --cpu 16 --cpu-load 58 --timeout 60s --quiet,29,5/15/2026,8:28:14,29.69,2.21,266
stress-ng --cpu 16 --cpu-load 58 --timeout 60s --quiet,29,5/15/2026,8:28:15,28.8,2.21,262.5
stress-ng --cpu 16 --cpu-load 58 --timeout 60s --quiet,29,5/15/2026,8:28:16,29.61,2.21,259
stress-ng --cpu 16 --cpu-load 58 --timeout 60s --quiet,29,5/15/2026,8:28:17,29.21,2.2,258
stress-ng --cpu 16 --cpu-load 58 --timeout 60s --quiet,29,5/15/2026,8:28:18,28.98,2.2,265
stress-ng --cpu 16 --cpu-load 58 --timeout 60s --quiet,29,5/15/2026,8:28:19,29.36,2.2,260
stress-ng --cpu 16 --cpu-load 58 --timeout 60s --quiet,29,5/15/2026,8:28:20,29.56,2.2,264
stress-ng --cpu 16 --cpu-load 58 --timeout 60s --quiet,29,5/15/2026,8:28:21,29.09,2.2,264
stress-ng --cpu 16 --cpu-load 58 --timeout 60s --quiet,29,5/15/2026,8:28:22,29.52,2.19,264
stress-ng --cpu 16 --cpu-load 58 --timeout 60s --quiet,29,5/15/2026,8:28:23,28.76,2.19,262
stress-ng --cpu 16 --cpu-load 58 --timeout 60s --quiet,29,5/15/2026,8:28:24,29.49,2.19,259
stress-ng --cpu 16 --cpu-load 58 --timeout 60s --quiet,29,5/15/2026,8:28:25,29.43,2.19,263
stress-ng --cpu 16 --cpu-load 58 --timeout 60s --quiet,29,5/15/2026,8:28:26,28.67,2.19,267
stress-ng --cpu 16 --cpu-load 58 --timeout 60s --quiet,29,5/15/2026,8:28:27,29.3,2.19,263
stress-ng --cpu 16 --cpu-load 58 --timeout 60s --quiet,29,5/15/2026,8:28:28,30.13,2.19,267
stress-ng --cpu 16 --cpu-load 58 --timeout 60s --quiet,29,5/15/2026,8:28:29,28.78,2.19,264
stress-ng --cpu 16 --cpu-load 58 --timeout 60s --quiet,29,5/15/2026,8:28:30,29.39,2.19,265
stress-ng --cpu 16 --cpu-load 58 --timeout 60s --quiet,29,5/15/2026,8:28:31,29.03,2.19,256
stress-ng --cpu 16 --cpu-load 58 --timeout 60s --quiet,29,5/15/2026,8:28:32,29.63,2.19,258
stress-ng --cpu 16 --cpu-load 58 --timeout 60s --quiet,29,5/15/2026,8:28:33,28.91,2.19,259
stress-ng --cpu 16 --cpu-load 58 --timeout 60s --quiet,29,5/15/2026,8:28:34,29.4,2.19,261
stress-ng --cpu 16 --cpu-load 58 --timeout 60s --quiet,29,5/15/2026,8:28:35,29.1,2.19,260
stress-ng --cpu 16 --cpu-load 58 --timeout 60s --quiet,29,5/15/2026,8:28:36,29.68,2.19,265
stress-ng --cpu 16 --cpu-load 58 --timeout 60s --quiet,29,5/15/2026,8:28:37,28.87,2.18,269
stress-ng --cpu 16 --cpu-load 58 --timeout 60s --quiet,29,5/15/2026,8:28:38,29.83,2.18,263
stress-ng --cpu 16 --cpu-load 58 --timeout 60s --quiet,29,5/15/2026,8:28:39,28.58,2.18,263
stress-ng --cpu 16 --cpu-load 58 --timeout 60s --quiet,29,5/15/2026,8:28:40,29.54,2.18,263
stress-ng --cpu 16 --cpu-load 58 --timeout 60s --quiet,29,5/15/2026,8:28:41,29.19,2.18,273
stress-ng --cpu 16 --cpu-load 58 --timeout 60s --quiet,29,5/15/2026,8:28:42,29.34,2.18,274
stress-ng --cpu 16 --cpu-load 58 --timeout 60s --quiet,29,5/15/2026,8:28:43,29.4,2.18,277
stress-ng --cpu 16 --cpu-load 58 --timeout 60s --quiet,29,5/15/2026,8:28:44,29.28,2.19,274
stress-ng --cpu 16 --cpu-load 58 --timeout 60s --quiet,29,5/15/2026,8:28:45,29.06,2.19,275
stress-ng --cpu 16 --cpu-load 58 --timeout 60s --quiet,29,5/15/2026,14:08:33,0.22,2.15,126
stress-ng --cpu 16 --cpu-load 58 --timeout 60s --quiet,29,5/15/2026,14:08:34,28.1,2.27,241
stress-ng --cpu 16 --cpu-load 58 --timeout 60s --quiet,29,5/15/2026,14:08:35,27.95,2.27,242
stress-ng --cpu 16 --cpu-load 58 --timeout 60s --quiet,29,5/15/2026,14:08:36,29.85,2.27,243
stress-ng --cpu 16 --cpu-load 58 --timeout 60s --quiet,29,5/15/2026,14:08:37,28.61,2.26,244
stress-ng --cpu 16 --cpu-load 58 --timeout 60s --quiet,29,5/15/2026,14:08:38,29.61,2.26,245
stress-ng --cpu 16 --cpu-load 58 --timeout 60s --quiet,29,5/15/2026,14:08:39,28.95,2.25,249
stress-ng --cpu 16 --cpu-load 58 --timeout 60s --quiet,29,5/15/2026,14:08:40,29.22,2.25,252
stress-ng --cpu 16 --cpu-load 58 --timeout 60s --quiet,29,5/15/2026,14:08:41,28.94,2.25,249
stress-ng --cpu 16 --cpu-load 58 --timeout 60s --quiet,29,5/15/2026,14:08:42,29.84,2.25,247
stress-ng --cpu 16 --cpu-load 58 --timeout 60s --quiet,29,5/15/2026,14:08:43,28.37,2.24,251
stress-ng --cpu 16 --cpu-load 58 --timeout 60s --quiet,29,5/15/2026,14:08:44,29.9,2.23,248
stress-ng --cpu 16 --cpu-load 58 --timeout 60s --quiet,29,5/15/2026,14:08:45,28.58,2.23,250
stress-ng --cpu 16 --cpu-load 58 --timeout 60s --quiet,29,5/15/2026,14:08:46,29.94,2.22,256
stress-ng --cpu 16 --cpu-load 58 --timeout 60s --quiet,29,5/15/2026,14:08:47,28.45,2.22,256
stress-ng --cpu 16 --cpu-load 58 --timeout 60s --quiet,29,5/15/2026,14:08:48,29.97,2.22,253.5
stress-ng --cpu 16 --cpu-load 58 --timeout 60s --quiet,29,5/15/2026,14:08:49,28.21,2.22,251
stress-ng --cpu 16 --cpu-load 58 --timeout 60s --quiet,29,5/15/2026,14:08:50,29.57,2.22,251
stress-ng --cpu 16 --cpu-load 58 --timeout 60s --quiet,29,5/15/2026,14:08:51,29.47,2.21,255
stress-ng --cpu 16 --cpu-load 58 --timeout 60s --quiet,29,5/15/2026,14:08:52,28.55,2.21,249
stress-ng --cpu 16 --cpu-load 58 --timeout 60s --quiet,29,5/15/2026,14:08:53,30.11,2.2,250
stress-ng --cpu 16 --cpu-load 58 --timeout 60s --quiet,29,5/15/2026,14:08:54,28.65,2.2,249
stress-ng --cpu 16 --cpu-load 58 --timeout 60s --quiet,29,5/15/2026,14:08:55,29.78,2.2,253
stress-ng --cpu 16 --cpu-load 58 --timeout 60s --quiet,29,5/15/2026,14:08:56,28.32,2.2,257
stress-ng --cpu 16 --cpu-load 58 --timeout 60s --quiet,29,5/15/2026,14:08:57,29.95,2.2,256
stress-ng --cpu 16 --cpu-load 58 --timeout 60s --quiet,29,5/15/2026,14:08:58,29,2.19,252
stress-ng --cpu 16 --cpu-load 58 --timeout 60s --quiet,29,5/15/2026,14:08:59,29.41,2.19,257
stress-ng --cpu 16 --cpu-load 58 --timeout 60s --quiet,29,5/15/2026,14:09:00,29.17,2.19,257
stress-ng --cpu 16 --cpu-load 58 --timeout 60s --quiet,29,5/15/2026,14:09:01,28.78,2.19,255
stress-ng --cpu 16 --cpu-load 58 --timeout 60s --quiet,29,5/15/2026,14:09:02,29.69,2.19,263
stress-ng --cpu 16 --cpu-load 58 --timeout 60s --quiet,29,5/15/2026,14:09:03,29.1,2.19,254
stress-ng --cpu 16 --cpu-load 58 --timeout 60s --quiet,29,5/15/2026,14:09:04,29.31,2.19,254.5
stress-ng --cpu 16 --cpu-load 58 --timeout 60s --quiet,29,5/15/2026,14:09:05,29.3,2.19,255
stress-ng --cpu 16 --cpu-load 58 --timeout 60s --quiet,29,5/15/2026,14:09:06,28.98,2.19,259
stress-ng --cpu 16 --cpu-load 58 --timeout 60s --quiet,29,5/15/2026,14:09:07,29.47,2.19,260
stress-ng --cpu 16 --cpu-load 58 --timeout 60s --quiet,29,5/15/2026,14:09:08,28.69,2.19,260
stress-ng --cpu 16 --cpu-load 58 --timeout 60s --quiet,29,5/15/2026,14:09:09,29.78,2.19,260
stress-ng --cpu 16 --cpu-load 58 --timeout 60s --quiet,29,5/15/2026,14:09:10,28.82,2.19,255
stress-ng --cpu 16 --cpu-load 58 --timeout 60s --quiet,29,5/15/2026,14:09:11,29.57,2.19,254
stress-ng --cpu 16 --cpu-load 58 --timeout 60s --quiet,29,5/15/2026,14:09:12,28.8,2.19,249
stress-ng --cpu 16 --cpu-load 58 --timeout 60s --quiet,29,5/15/2026,14:09:13,29.51,2.18,254
stress-ng --cpu 16 --cpu-load 58 --timeout 60s --quiet,29,5/15/2026,14:09:14,29.27,2.18,257
stress-ng --cpu 16 --cpu-load 58 --timeout 60s --quiet,29,5/15/2026,14:09:15,29.34,2.18,253
stress-ng --cpu 16 --cpu-load 58 --timeout 60s --quiet,29,5/15/2026,14:09:16,29.41,2.18,259
stress-ng --cpu 16 --cpu-load 58 --timeout 60s --quiet,29,5/15/2026,14:09:17,28.79,2.18,258
stress-ng --cpu 16 --cpu-load 58 --timeout 60s --quiet,29,5/15/2026,14:09:18,29.54,2.19,259
stress-ng --cpu 16 --cpu-load 58 --timeout 60s --quiet,29,5/15/2026,14:09:19,28.75,2.18,258
stress-ng --cpu 16 --cpu-load 58 --timeout 60s --quiet,29,5/15/2026,14:09:20,29.45,2.19,261
stress-ng --cpu 16 --cpu-load 58 --timeout 60s --quiet,29,5/15/2026,14:09:21,29.3,2.19,258
stress-ng --cpu 16 --cpu-load 58 --timeout 60s --quiet,29,5/15/2026,14:09:22,29.05,2.19,258
stress-ng --cpu 16 --cpu-load 58 --timeout 60s --quiet,29,5/15/2026,14:09:23,29.32,2.19,261
stress-ng --cpu 16 --cpu-load 58 --timeout 60s --quiet,29,5/15/2026,14:09:24,29.09,2.19,254
stress-ng --cpu 16 --cpu-load 58 --timeout 60s --quiet,29,5/15/2026,14:09:25,29.27,2.18,263
stress-ng --cpu 16 --cpu-load 58 --timeout 60s --quiet,29,5/15/2026,14:09:26,28.89,2.18,260.5
stress-ng --cpu 16 --cpu-load 58 --timeout 60s --quiet,29,5/15/2026,14:09:27,29.44,2.18,258
stress-ng --cpu 16 --cpu-load 58 --timeout 60s --quiet,29,5/15/2026,14:09:28,29.2,2.18,257
stress-ng --cpu 16 --cpu-load 58 --timeout 60s --quiet,29,5/15/2026,14:09:29,29.26,2.18,255
stress-ng --cpu 16 --cpu-load 58 --timeout 60s --quiet,29,5/15/2026,14:09:30,29.16,2.18,262
stress-ng --cpu 16 --cpu-load 58 --timeout 60s --quiet,29,5/15/2026,14:09:31,29.29,2.18,255
stress-ng --cpu 16 --cpu-load 58 --timeout 60s --quiet,29,5/15/2026,14:09:32,28.93,2.17,256
stress-ng --cpu 16 --cpu-load 58 --timeout 60s --quiet,29,5/15/2026,14:09:33,29.45,2.17,262
stress-ng --cpu 16 --cpu-load 60 --timeout 60s --quiet,30,5/14/2026,22:38:27,8.23,2.27,121
stress-ng --cpu 16 --cpu-load 60 --timeout 60s --quiet,30,5/14/2026,22:38:28,30.71,2.27,210
stress-ng --cpu 16 --cpu-load 60 --timeout 60s --quiet,30,5/14/2026,22:38:29,30.56,2.25,241
stress-ng --cpu 16 --cpu-load 60 --timeout 60s --quiet,30,5/14/2026,22:38:30,29.38,2.25,259
stress-ng --cpu 16 --cpu-load 60 --timeout 60s --quiet,30,5/14/2026,22:38:31,30.43,2.25,250
stress-ng --cpu 16 --cpu-load 60 --timeout 60s --quiet,30,5/14/2026,22:38:32,30.55,2.25,250
stress-ng --cpu 16 --cpu-load 60 --timeout 60s --quiet,30,5/14/2026,22:38:33,30.09,2.25,249
stress-ng --cpu 16 --cpu-load 60 --timeout 60s --quiet,30,5/14/2026,22:38:34,30.25,2.25,247
stress-ng --cpu 16 --cpu-load 60 --timeout 60s --quiet,30,5/14/2026,22:38:35,30.29,2.25,257
stress-ng --cpu 16 --cpu-load 60 --timeout 60s --quiet,30,5/14/2026,22:38:36,29.65,2.25,257
stress-ng --cpu 16 --cpu-load 60 --timeout 60s --quiet,30,5/14/2026,22:38:37,30.32,2.24,263
stress-ng --cpu 16 --cpu-load 60 --timeout 60s --quiet,30,5/14/2026,22:38:38,30.52,2.24,261
stress-ng --cpu 16 --cpu-load 60 --timeout 60s --quiet,30,5/14/2026,22:38:39,29.95,2.24,261
stress-ng --cpu 16 --cpu-load 60 --timeout 60s --quiet,30,5/14/2026,22:38:40,30.34,2.23,266
stress-ng --cpu 16 --cpu-load 60 --timeout 60s --quiet,30,5/14/2026,22:38:41,30.34,2.23,260
stress-ng --cpu 16 --cpu-load 60 --timeout 60s --quiet,30,5/14/2026,22:38:42,30.04,2.24,258
stress-ng --cpu 16 --cpu-load 60 --timeout 60s --quiet,30,5/14/2026,22:38:43,30.26,2.23,260
stress-ng --cpu 16 --cpu-load 60 --timeout 60s --quiet,30,5/14/2026,22:38:44,30.54,2.23,264
stress-ng --cpu 16 --cpu-load 60 --timeout 60s --quiet,30,5/14/2026,22:38:45,30.22,2.23,258
stress-ng --cpu 16 --cpu-load 60 --timeout 60s --quiet,30,5/14/2026,22:38:46,30.16,2.23,262
stress-ng --cpu 16 --cpu-load 60 --timeout 60s --quiet,30,5/14/2026,22:38:47,29.83,2.22,263
stress-ng --cpu 16 --cpu-load 60 --timeout 60s --quiet,30,5/14/2026,22:38:48,30.45,2.22,270
stress-ng --cpu 16 --cpu-load 60 --timeout 60s --quiet,30,5/14/2026,22:38:49,29.9,2.22,257
stress-ng --cpu 16 --cpu-load 60 --timeout 60s --quiet,30,5/14/2026,22:38:50,30.34,2.22,259.5
stress-ng --cpu 16 --cpu-load 60 --timeout 60s --quiet,30,5/14/2026,22:38:51,30.37,2.22,262
stress-ng --cpu 16 --cpu-load 60 --timeout 60s --quiet,30,5/14/2026,22:38:52,30.4,2.22,264
stress-ng --cpu 16 --cpu-load 60 --timeout 60s --quiet,30,5/14/2026,22:38:53,29.85,2.22,255
stress-ng --cpu 16 --cpu-load 60 --timeout 60s --quiet,30,5/14/2026,22:38:54,30.38,2.22,262
stress-ng --cpu 16 --cpu-load 60 --timeout 60s --quiet,30,5/14/2026,22:38:55,30.22,2.22,261
stress-ng --cpu 16 --cpu-load 60 --timeout 60s --quiet,30,5/14/2026,22:38:56,30.34,2.22,259
stress-ng --cpu 16 --cpu-load 60 --timeout 60s --quiet,30,5/14/2026,22:38:57,29.98,2.22,261
stress-ng --cpu 16 --cpu-load 60 --timeout 60s --quiet,30,5/14/2026,22:38:58,30.21,2.22,265
stress-ng --cpu 16 --cpu-load 60 --timeout 60s --quiet,30,5/14/2026,22:38:59,29.95,2.22,259
stress-ng --cpu 16 --cpu-load 60 --timeout 60s --quiet,30,5/14/2026,22:39:00,30.76,2.22,261
stress-ng --cpu 16 --cpu-load 60 --timeout 60s --quiet,30,5/14/2026,22:39:01,29.97,2.21,264
stress-ng --cpu 16 --cpu-load 60 --timeout 60s --quiet,30,5/14/2026,22:39:02,30.01,2.21,262
stress-ng --cpu 16 --cpu-load 60 --timeout 60s --quiet,30,5/14/2026,22:39:03,30.46,2.21,258
stress-ng --cpu 16 --cpu-load 60 --timeout 60s --quiet,30,5/14/2026,22:39:04,30.37,2.21,265
stress-ng --cpu 16 --cpu-load 60 --timeout 60s --quiet,30,5/14/2026,22:39:05,30.1,2.19,263
stress-ng --cpu 16 --cpu-load 60 --timeout 60s --quiet,30,5/14/2026,22:39:06,30.31,2.19,263
stress-ng --cpu 16 --cpu-load 60 --timeout 60s --quiet,30,5/14/2026,22:39:07,30.1,2.19,269
stress-ng --cpu 16 --cpu-load 60 --timeout 60s --quiet,30,5/14/2026,22:39:08,30.51,2.19,263
stress-ng --cpu 16 --cpu-load 60 --timeout 60s --quiet,30,5/14/2026,22:39:09,30.35,2.2,267
stress-ng --cpu 16 --cpu-load 60 --timeout 60s --quiet,30,5/14/2026,22:39:10,30.11,2.2,266
stress-ng --cpu 16 --cpu-load 60 --timeout 60s --quiet,30,5/14/2026,22:39:11,30.4,2.2,268
stress-ng --cpu 16 --cpu-load 60 --timeout 60s --quiet,30,5/14/2026,22:39:12,30.17,2.2,270
stress-ng --cpu 16 --cpu-load 60 --timeout 60s --quiet,30,5/14/2026,22:39:13,30.18,2.18,270
stress-ng --cpu 16 --cpu-load 60 --timeout 60s --quiet,30,5/14/2026,22:39:14,30.16,2.18,263
stress-ng --cpu 16 --cpu-load 60 --timeout 60s --quiet,30,5/14/2026,22:39:15,30.1,2.18,270
stress-ng --cpu 16 --cpu-load 60 --timeout 60s --quiet,30,5/14/2026,22:39:16,30.25,2.18,261
stress-ng --cpu 16 --cpu-load 60 --timeout 60s --quiet,30,5/14/2026,22:39:17,30.25,2.17,263
stress-ng --cpu 16 --cpu-load 60 --timeout 60s --quiet,30,5/14/2026,22:39:18,30.26,2.17,265
stress-ng --cpu 16 --cpu-load 60 --timeout 60s --quiet,30,5/14/2026,22:39:19,30.08,2.17,260
stress-ng --cpu 16 --cpu-load 60 --timeout 60s --quiet,30,5/14/2026,22:39:20,30.41,2.17,262.5
stress-ng --cpu 16 --cpu-load 60 --timeout 60s --quiet,30,5/14/2026,22:39:21,29.65,2.17,265
stress-ng --cpu 16 --cpu-load 60 --timeout 60s --quiet,30,5/14/2026,22:39:22,30.58,2.17,265
stress-ng --cpu 16 --cpu-load 60 --timeout 60s --quiet,30,5/14/2026,22:39:23,30.1,2.17,262
stress-ng --cpu 16 --cpu-load 60 --timeout 60s --quiet,30,5/14/2026,22:39:24,30.05,2.17,265
stress-ng --cpu 16 --cpu-load 60 --timeout 60s --quiet,30,5/14/2026,22:39:25,30.08,2.17,256
stress-ng --cpu 16 --cpu-load 60 --timeout 60s --quiet,30,5/14/2026,22:39:26,30.5,2.18,257
stress-ng --cpu 16 --cpu-load 60 --timeout 60s --quiet,30,5/14/2026,22:39:27,24.39,2.11,264
stress-ng --cpu 16 --cpu-load 60 --timeout 60s --quiet,30,5/15/2026,5:51:24,2.43,2.21,113
stress-ng --cpu 16 --cpu-load 60 --timeout 60s --quiet,30,5/15/2026,5:51:25,30.93,2.23,249
stress-ng --cpu 16 --cpu-load 60 --timeout 60s --quiet,30,5/15/2026,5:51:26,29.97,2.25,254
stress-ng --cpu 16 --cpu-load 60 --timeout 60s --quiet,30,5/15/2026,5:51:27,29.56,2.25,261
stress-ng --cpu 16 --cpu-load 60 --timeout 60s --quiet,30,5/15/2026,5:51:28,31,2.25,260
stress-ng --cpu 16 --cpu-load 60 --timeout 60s --quiet,30,5/15/2026,5:51:29,29.73,2.25,260
stress-ng --cpu 16 --cpu-load 60 --timeout 60s --quiet,30,5/15/2026,5:51:30,30.07,2.25,256
stress-ng --cpu 16 --cpu-load 60 --timeout 60s --quiet,30,5/15/2026,5:51:31,30.7,2.25,260
stress-ng --cpu 16 --cpu-load 60 --timeout 60s --quiet,30,5/15/2026,5:51:32,29.43,2.24,256
stress-ng --cpu 16 --cpu-load 60 --timeout 60s --quiet,30,5/15/2026,5:51:33,30.78,2.24,255
stress-ng --cpu 16 --cpu-load 60 --timeout 60s --quiet,30,5/15/2026,5:51:34,30.29,2.24,257
stress-ng --cpu 16 --cpu-load 60 --timeout 60s --quiet,30,5/15/2026,5:51:35,29.77,2.23,259
stress-ng --cpu 16 --cpu-load 60 --timeout 60s --quiet,30,5/15/2026,5:51:36,30.88,2.22,261
stress-ng --cpu 16 --cpu-load 60 --timeout 60s --quiet,30,5/15/2026,5:51:37,29.72,2.22,265
stress-ng --cpu 16 --cpu-load 60 --timeout 60s --quiet,30,5/15/2026,5:51:38,29.87,2.22,271
stress-ng --cpu 16 --cpu-load 60 --timeout 60s --quiet,30,5/15/2026,5:51:39,30.4,2.22,263
stress-ng --cpu 16 --cpu-load 60 --timeout 60s --quiet,30,5/15/2026,5:51:40,29.82,2.21,268
stress-ng --cpu 16 --cpu-load 60 --timeout 60s --quiet,30,5/15/2026,5:51:41,30.23,2.21,255
stress-ng --cpu 16 --cpu-load 60 --timeout 60s --quiet,30,5/15/2026,5:51:42,30.55,2.21,260
stress-ng --cpu 16 --cpu-load 60 --timeout 60s --quiet,30,5/15/2026,5:51:43,30.04,2.21,260
stress-ng --cpu 16 --cpu-load 60 --timeout 60s --quiet,30,5/15/2026,5:51:44,29.81,2.21,258
stress-ng --cpu 16 --cpu-load 60 --timeout 60s --quiet,30,5/15/2026,5:51:45,31.12,2.2,264
stress-ng --cpu 16 --cpu-load 60 --timeout 60s --quiet,30,5/15/2026,5:51:46,29.63,2.2,264
stress-ng --cpu 16 --cpu-load 60 --timeout 60s --quiet,30,5/15/2026,5:51:47,30.04,2.21,267
stress-ng --cpu 16 --cpu-load 60 --timeout 60s --quiet,30,5/15/2026,5:51:48,30.9,2.2,264
stress-ng --cpu 16 --cpu-load 60 --timeout 60s --quiet,30,5/15/2026,5:51:49,29.9,2.2,261
stress-ng --cpu 16 --cpu-load 60 --timeout 60s --quiet,30,5/15/2026,5:51:50,29.33,2.2,268
stress-ng --cpu 16 --cpu-load 60 --timeout 60s --quiet,30,5/15/2026,5:51:51,30.8,2.19,262
stress-ng --cpu 16 --cpu-load 60 --timeout 60s --quiet,30,5/15/2026,5:51:52,30.64,2.19,258
stress-ng --cpu 16 --cpu-load 60 --timeout 60s --quiet,30,5/15/2026,5:51:53,29.35,2.19,269
stress-ng --cpu 16 --cpu-load 60 --timeout 60s --quiet,30,5/15/2026,5:51:54,30.54,2.19,271.5
stress-ng --cpu 16 --cpu-load 60 --timeout 60s --quiet,30,5/15/2026,5:51:55,30.49,2.19,274
stress-ng --cpu 16 --cpu-load 60 --timeout 60s --quiet,30,5/15/2026,5:51:56,29.99,2.17,269
stress-ng --cpu 16 --cpu-load 60 --timeout 60s --quiet,30,5/15/2026,5:51:57,30.1,2.17,275
stress-ng --cpu 16 --cpu-load 60 --timeout 60s --quiet,30,5/15/2026,5:51:58,30.3,2.17,265
stress-ng --cpu 16 --cpu-load 60 --timeout 60s --quiet,30,5/15/2026,5:51:59,30.47,2.18,261
stress-ng --cpu 16 --cpu-load 60 --timeout 60s --quiet,30,5/15/2026,5:52:00,30.17,2.17,263
stress-ng --cpu 16 --cpu-load 60 --timeout 60s --quiet,30,5/15/2026,5:52:01,29.89,2.17,260
stress-ng --cpu 16 --cpu-load 60 --timeout 60s --quiet,30,5/15/2026,5:52:02,30.41,2.17,266
stress-ng --cpu 16 --cpu-load 60 --timeout 60s --quiet,30,5/15/2026,5:52:03,30.11,2.17,264
stress-ng --cpu 16 --cpu-load 60 --timeout 60s --quiet,30,5/15/2026,5:52:04,30.48,2.17,265
stress-ng --cpu 16 --cpu-load 60 --timeout 60s --quiet,30,5/15/2026,5:52:05,30.37,2.16,269
stress-ng --cpu 16 --cpu-load 60 --timeout 60s --quiet,30,5/15/2026,5:52:06,30.05,2.16,267
stress-ng --cpu 16 --cpu-load 60 --timeout 60s --quiet,30,5/15/2026,5:52:07,30.28,2.17,266
stress-ng --cpu 16 --cpu-load 60 --timeout 60s --quiet,30,5/15/2026,5:52:08,30.02,2.17,265
stress-ng --cpu 16 --cpu-load 60 --timeout 60s --quiet,30,5/15/2026,5:52:09,30.43,2.16,264
stress-ng --cpu 16 --cpu-load 60 --timeout 60s --quiet,30,5/15/2026,5:52:10,30.54,2.16,263
stress-ng --cpu 16 --cpu-load 60 --timeout 60s --quiet,30,5/15/2026,5:52:11,30.2,2.16,270
stress-ng --cpu 16 --cpu-load 60 --timeout 60s --quiet,30,5/15/2026,5:52:12,29.86,2.16,267
stress-ng --cpu 16 --cpu-load 60 --timeout 60s --quiet,30,5/15/2026,5:52:13,30.71,2.16,262
stress-ng --cpu 16 --cpu-load 60 --timeout 60s --quiet,30,5/15/2026,5:52:14,30.51,2.15,267
stress-ng --cpu 16 --cpu-load 60 --timeout 60s --quiet,30,5/15/2026,5:52:15,29.55,2.15,276
stress-ng --cpu 16 --cpu-load 60 --timeout 60s --quiet,30,5/15/2026,5:52:16,30.64,2.15,276
stress-ng --cpu 16 --cpu-load 60 --timeout 60s --quiet,30,5/15/2026,5:52:17,30.29,2.15,280
stress-ng --cpu 16 --cpu-load 60 --timeout 60s --quiet,30,5/15/2026,5:52:18,29.9,2.15,270
stress-ng --cpu 16 --cpu-load 60 --timeout 60s --quiet,30,5/15/2026,5:52:19,30.79,2.15,263
stress-ng --cpu 16 --cpu-load 60 --timeout 60s --quiet,30,5/15/2026,5:52:20,30.45,2.15,269
stress-ng --cpu 16 --cpu-load 60 --timeout 60s --quiet,30,5/15/2026,5:52:21,29.36,2.15,266
stress-ng --cpu 16 --cpu-load 60 --timeout 60s --quiet,30,5/15/2026,5:52:22,30.48,2.14,267
stress-ng --cpu 16 --cpu-load 60 --timeout 60s --quiet,30,5/15/2026,5:52:23,30.34,2.15,268
stress-ng --cpu 16 --cpu-load 60 --timeout 60s --quiet,30,5/15/2026,5:52:24,29.72,2.14,170
stress-ng --cpu 16 --cpu-load 60 --timeout 60s --quiet,30,5/15/2026,14:30:37,17.26,2.25,108
stress-ng --cpu 16 --cpu-load 60 --timeout 60s --quiet,30,5/15/2026,14:30:38,31.08,2.26,242
stress-ng --cpu 16 --cpu-load 60 --timeout 60s --quiet,30,5/15/2026,14:30:39,29.31,2.26,242
stress-ng --cpu 16 --cpu-load 60 --timeout 60s --quiet,30,5/15/2026,14:30:40,30.37,2.26,260
stress-ng --cpu 16 --cpu-load 60 --timeout 60s --quiet,30,5/15/2026,14:30:41,30.35,2.25,256
stress-ng --cpu 16 --cpu-load 60 --timeout 60s --quiet,30,5/15/2026,14:30:42,30.29,2.25,252
stress-ng --cpu 16 --cpu-load 60 --timeout 60s --quiet,30,5/15/2026,14:30:43,29.85,2.25,253
stress-ng --cpu 16 --cpu-load 60 --timeout 60s --quiet,30,5/15/2026,14:30:44,30.63,2.25,254
stress-ng --cpu 16 --cpu-load 60 --timeout 60s --quiet,30,5/15/2026,14:30:45,30.1,2.25,259
stress-ng --cpu 16 --cpu-load 60 --timeout 60s --quiet,30,5/15/2026,14:30:46,29.58,2.25,251
stress-ng --cpu 16 --cpu-load 60 --timeout 60s --quiet,30,5/15/2026,14:30:47,31.41,2.25,249
stress-ng --cpu 16 --cpu-load 60 --timeout 60s --quiet,30,5/15/2026,14:30:48,30.09,2.25,257
stress-ng --cpu 16 --cpu-load 60 --timeout 60s --quiet,30,5/15/2026,14:30:49,29.48,2.24,260
stress-ng --cpu 16 --cpu-load 60 --timeout 60s --quiet,30,5/15/2026,14:30:50,31.43,2.24,253
stress-ng --cpu 16 --cpu-load 60 --timeout 60s --quiet,30,5/15/2026,14:30:51,29.65,2.23,254
stress-ng --cpu 16 --cpu-load 60 --timeout 60s --quiet,30,5/15/2026,14:30:52,29.58,2.23,255
stress-ng --cpu 16 --cpu-load 60 --timeout 60s --quiet,30,5/15/2026,14:30:53,31.2,2.23,249
stress-ng --cpu 16 --cpu-load 60 --timeout 60s --quiet,30,5/15/2026,14:30:54,30.14,2.22,261
stress-ng --cpu 16 --cpu-load 60 --timeout 60s --quiet,30,5/15/2026,14:30:55,29.55,2.22,257
stress-ng --cpu 16 --cpu-load 60 --timeout 60s --quiet,30,5/15/2026,14:30:56,30.155,2.22,261
stress-ng --cpu 16 --cpu-load 60 --timeout 60s --quiet,30,5/15/2026,14:30:57,30.76,2.22,262
stress-ng --cpu 16 --cpu-load 60 --timeout 60s --quiet,30,5/15/2026,14:30:58,30.55,2.22,249
stress-ng --cpu 16 --cpu-load 60 --timeout 60s --quiet,30,5/15/2026,14:30:59,29.64,2.22,253
stress-ng --cpu 16 --cpu-load 60 --timeout 60s --quiet,30,5/15/2026,14:31:00,30.28,2.23,262
stress-ng --cpu 16 --cpu-load 60 --timeout 60s --quiet,30,5/15/2026,14:31:01,30.45,2.23,257
stress-ng --cpu 16 --cpu-load 60 --timeout 60s --quiet,30,5/15/2026,14:31:02,29.89,2.23,257
stress-ng --cpu 16 --cpu-load 60 --timeout 60s --quiet,30,5/15/2026,14:31:03,30.68,2.23,258
stress-ng --cpu 16 --cpu-load 60 --timeout 60s --quiet,30,5/15/2026,14:31:04,30.67,2.23,260
stress-ng --cpu 16 --cpu-load 60 --timeout 60s --quiet,30,5/15/2026,14:31:05,29.57,2.22,257
stress-ng --cpu 16 --cpu-load 60 --timeout 60s --quiet,30,5/15/2026,14:31:06,30.15,2.23,257
stress-ng --cpu 16 --cpu-load 60 --timeout 60s --quiet,30,5/15/2026,14:31:07,30.49,2.23,262
stress-ng --cpu 16 --cpu-load 60 --timeout 60s --quiet,30,5/15/2026,14:31:08,30.31,2.23,265
stress-ng --cpu 16 --cpu-load 60 --timeout 60s --quiet,30,5/15/2026,14:31:09,30.18,2.23,259
stress-ng --cpu 16 --cpu-load 60 --timeout 60s --quiet,30,5/15/2026,14:31:10,29.88,2.23,262
stress-ng --cpu 16 --cpu-load 60 --timeout 60s --quiet,30,5/15/2026,14:31:11,30.79,2.22,256
stress-ng --cpu 16 --cpu-load 60 --timeout 60s --quiet,30,5/15/2026,14:31:12,29.98,2.23,261
stress-ng --cpu 16 --cpu-load 60 --timeout 60s --quiet,30,5/15/2026,14:31:13,29.68,2.22,260
stress-ng --cpu 16 --cpu-load 60 --timeout 60s --quiet,30,5/15/2026,14:31:14,30.79,2.22,264
stress-ng --cpu 16 --cpu-load 60 --timeout 60s --quiet,30,5/15/2026,14:31:15,30.43,2.22,265
stress-ng --cpu 16 --cpu-load 60 --timeout 60s --quiet,30,5/15/2026,14:31:16,29.61,2.22,261
stress-ng --cpu 16 --cpu-load 60 --timeout 60s --quiet,30,5/15/2026,14:31:17,30.75,2.22,257
stress-ng --cpu 16 --cpu-load 60 --timeout 60s --quiet,30,5/15/2026,14:31:18,30.21,2.21,261
stress-ng --cpu 16 --cpu-load 60 --timeout 60s --quiet,30,5/15/2026,14:31:19,29.86,2.21,256
stress-ng --cpu 16 --cpu-load 60 --timeout 60s --quiet,30,5/15/2026,14:31:20,30.76,2.21,259.5
stress-ng --cpu 16 --cpu-load 60 --timeout 60s --quiet,30,5/15/2026,14:31:21,30.39,2.21,263
stress-ng --cpu 16 --cpu-load 60 --timeout 60s --quiet,30,5/15/2026,14:31:22,29.72,2.21,261
stress-ng --cpu 16 --cpu-load 60 --timeout 60s --quiet,30,5/15/2026,14:31:23,30.74,2.21,261
stress-ng --cpu 16 --cpu-load 60 --timeout 60s --quiet,30,5/15/2026,14:31:24,30.26,2.21,262
stress-ng --cpu 16 --cpu-load 60 --timeout 60s --quiet,30,5/15/2026,14:31:25,29.85,2.21,260
stress-ng --cpu 16 --cpu-load 60 --timeout 60s --quiet,30,5/15/2026,14:31:26,30.46,2.21,266
stress-ng --cpu 16 --cpu-load 60 --timeout 60s --quiet,30,5/15/2026,14:31:27,30.46,2.2,261
stress-ng --cpu 16 --cpu-load 60 --timeout 60s --quiet,30,5/15/2026,14:31:28,29.89,2.21,265
stress-ng --cpu 16 --cpu-load 60 --timeout 60s --quiet,30,5/15/2026,14:31:29,30.48,2.21,260
stress-ng --cpu 16 --cpu-load 60 --timeout 60s --quiet,30,5/15/2026,14:31:30,30.03,2.21,265
stress-ng --cpu 16 --cpu-load 60 --timeout 60s --quiet,30,5/15/2026,14:31:31,30.26,2.21,264
stress-ng --cpu 16 --cpu-load 60 --timeout 60s --quiet,30,5/15/2026,14:31:32,30.51,2.2,261
stress-ng --cpu 16 --cpu-load 60 --timeout 60s --quiet,30,5/15/2026,14:31:33,29.77,2.2,257
stress-ng --cpu 16 --cpu-load 60 --timeout 60s --quiet,30,5/15/2026,14:31:34,30.69,2.2,266
stress-ng --cpu 16 --cpu-load 60 --timeout 60s --quiet,30,5/15/2026,14:31:35,30.11,2.2,262
stress-ng --cpu 16 --cpu-load 60 --timeout 60s --quiet,30,5/15/2026,14:31:36,29.97,2.2,261
stress-ng --cpu 16 --cpu-load 60 --timeout 60s --quiet,30,5/15/2026,14:31:37,15.02,2.13,265
stress-ng --cpu 16 --cpu-load 62 --timeout 60s --quiet,31,5/15/2026,1:10:46,0.86,2.21,144
stress-ng --cpu 16 --cpu-load 62 --timeout 60s --quiet,31,5/15/2026,1:10:47,32.54,2.27,224
stress-ng --cpu 16 --cpu-load 62 --timeout 60s --quiet,31,5/15/2026,1:10:48,30.69,2.26,230
stress-ng --cpu 16 --cpu-load 62 --timeout 60s --quiet,31,5/15/2026,1:10:49,31.76,2.26,253
stress-ng --cpu 16 --cpu-load 62 --timeout 60s --quiet,31,5/15/2026,1:10:50,30.68,2.26,251
stress-ng --cpu 16 --cpu-load 62 --timeout 60s --quiet,31,5/15/2026,1:10:51,31.23,2.25,263
stress-ng --cpu 16 --cpu-load 62 --timeout 60s --quiet,31,5/15/2026,1:10:52,31.2,2.25,253
stress-ng --cpu 16 --cpu-load 62 --timeout 60s --quiet,31,5/15/2026,1:10:53,30.53,2.23,254
stress-ng --cpu 16 --cpu-load 62 --timeout 60s --quiet,31,5/15/2026,1:10:54,31,2.23,255
stress-ng --cpu 16 --cpu-load 62 --timeout 60s --quiet,31,5/15/2026,1:10:55,31.26,2.23,264
stress-ng --cpu 16 --cpu-load 62 --timeout 60s --quiet,31,5/15/2026,1:10:56,32.15,2.22,257
stress-ng --cpu 16 --cpu-load 62 --timeout 60s --quiet,31,5/15/2026,1:10:57,31.24,2.21,264
stress-ng --cpu 16 --cpu-load 62 --timeout 60s --quiet,31,5/15/2026,1:10:58,31.05,2.2,263
stress-ng --cpu 16 --cpu-load 62 --timeout 60s --quiet,31,5/15/2026,1:10:59,30.86,2.21,261
stress-ng --cpu 16 --cpu-load 62 --timeout 60s --quiet,31,5/15/2026,1:11:00,31.17,2.21,256
stress-ng --cpu 16 --cpu-load 62 --timeout 60s --quiet,31,5/15/2026,1:11:01,31.27,2.21,257
stress-ng --cpu 16 --cpu-load 62 --timeout 60s --quiet,31,5/15/2026,1:11:02,31.52,2.21,262
stress-ng --cpu 16 --cpu-load 62 --timeout 60s --quiet,31,5/15/2026,1:11:03,31.09,2.21,256
stress-ng --cpu 16 --cpu-load 62 --timeout 60s --quiet,31,5/15/2026,1:11:04,31.05,2.21,254
stress-ng --cpu 16 --cpu-load 62 --timeout 60s --quiet,31,5/15/2026,1:11:05,31.64,2.2,253
stress-ng --cpu 16 --cpu-load 62 --timeout 60s --quiet,31,5/15/2026,1:11:06,31.16,2.2,255
stress-ng --cpu 16 --cpu-load 62 --timeout 60s --quiet,31,5/15/2026,1:11:07,31.03,2.19,256
stress-ng --cpu 16 --cpu-load 62 --timeout 60s --quiet,31,5/15/2026,1:11:08,31.35,2.19,255
stress-ng --cpu 16 --cpu-load 62 --timeout 60s --quiet,31,5/15/2026,1:11:09,31.02,2.19,254
stress-ng --cpu 16 --cpu-load 62 --timeout 60s --quiet,31,5/15/2026,1:11:10,30.74,2.19,256
stress-ng --cpu 16 --cpu-load 62 --timeout 60s --quiet,31,5/15/2026,1:11:11,31.71,2.18,259
stress-ng --cpu 16 --cpu-load 62 --timeout 60s --quiet,31,5/15/2026,1:11:12,31.07,2.18,256
stress-ng --cpu 16 --cpu-load 62 --timeout 60s --quiet,31,5/15/2026,1:11:13,31.42,2.18,259
stress-ng --cpu 16 --cpu-load 62 --timeout 60s --quiet,31,5/15/2026,1:11:14,31.1,2.18,260
stress-ng --cpu 16 --cpu-load 62 --timeout 60s --quiet,31,5/15/2026,1:11:15,30.8,2.18,265
stress-ng --cpu 16 --cpu-load 62 --timeout 60s --quiet,31,5/15/2026,1:11:16,31.28,2.18,256
stress-ng --cpu 16 --cpu-load 62 --timeout 60s --quiet,31,5/15/2026,1:11:17,31.43,2.18,260
stress-ng --cpu 16 --cpu-load 62 --timeout 60s --quiet,31,5/15/2026,1:11:18,31.52,2.19,260
stress-ng --cpu 16 --cpu-load 62 --timeout 60s --quiet,31,5/15/2026,1:11:19,31.31,2.18,258
stress-ng --cpu 16 --cpu-load 62 --timeout 60s --quiet,31,5/15/2026,1:11:20,31.285,2.18,257
stress-ng --cpu 16 --cpu-load 62 --timeout 60s --quiet,31,5/15/2026,1:11:21,31.26,2.18,255
stress-ng --cpu 16 --cpu-load 62 --timeout 60s --quiet,31,5/15/2026,1:11:22,31.09,2.19,254
stress-ng --cpu 16 --cpu-load 62 --timeout 60s --quiet,31,5/15/2026,1:11:23,31.62,2.18,255
stress-ng --cpu 16 --cpu-load 62 --timeout 60s --quiet,31,5/15/2026,1:11:24,30.89,2.18,260
stress-ng --cpu 16 --cpu-load 62 --timeout 60s --quiet,31,5/15/2026,1:11:25,31.12,2.18,256
stress-ng --cpu 16 --cpu-load 62 --timeout 60s --quiet,31,5/15/2026,1:11:26,31.32,2.18,259
stress-ng --cpu 16 --cpu-load 62 --timeout 60s --quiet,31,5/15/2026,1:11:27,31.19,2.18,259
stress-ng --cpu 16 --cpu-load 62 --timeout 60s --quiet,31,5/15/2026,1:11:28,31.3,2.17,257
stress-ng --cpu 16 --cpu-load 62 --timeout 60s --quiet,31,5/15/2026,1:11:29,31.06,2.17,258
stress-ng --cpu 16 --cpu-load 62 --timeout 60s --quiet,31,5/15/2026,1:11:30,31.2,2.17,255
stress-ng --cpu 16 --cpu-load 62 --timeout 60s --quiet,31,5/15/2026,1:11:31,31.01,2.17,256
stress-ng --cpu 16 --cpu-load 62 --timeout 60s --quiet,31,5/15/2026,1:11:32,31.46,2.17,260
stress-ng --cpu 16 --cpu-load 62 --timeout 60s --quiet,31,5/15/2026,1:11:33,31.25,2.17,257
stress-ng --cpu 16 --cpu-load 62 --timeout 60s --quiet,31,5/15/2026,1:11:34,31.02,2.17,261
stress-ng --cpu 16 --cpu-load 62 --timeout 60s --quiet,31,5/15/2026,1:11:35,31.65,2.17,254
stress-ng --cpu 16 --cpu-load 62 --timeout 60s --quiet,31,5/15/2026,1:11:36,31.07,2.17,258
stress-ng --cpu 16 --cpu-load 62 --timeout 60s --quiet,31,5/15/2026,1:11:37,31.12,2.18,259
stress-ng --cpu 16 --cpu-load 62 --timeout 60s --quiet,31,5/15/2026,1:11:38,30.99,2.18,260.5
stress-ng --cpu 16 --cpu-load 62 --timeout 60s --quiet,31,5/15/2026,1:11:39,31.32,2.18,262
stress-ng --cpu 16 --cpu-load 62 --timeout 60s --quiet,31,5/15/2026,1:11:40,31.18,2.18,263
stress-ng --cpu 16 --cpu-load 62 --timeout 60s --quiet,31,5/15/2026,1:11:41,30.98,2.17,264
stress-ng --cpu 16 --cpu-load 62 --timeout 60s --quiet,31,5/15/2026,1:11:42,31.36,2.17,263
stress-ng --cpu 16 --cpu-load 62 --timeout 60s --quiet,31,5/15/2026,1:11:43,31.51,2.18,261
stress-ng --cpu 16 --cpu-load 62 --timeout 60s --quiet,31,5/15/2026,1:11:44,31.05,2.17,263
stress-ng --cpu 16 --cpu-load 62 --timeout 60s --quiet,31,5/15/2026,1:11:45,31.15,2.18,263
stress-ng --cpu 16 --cpu-load 62 --timeout 60s --quiet,31,5/15/2026,1:11:46,31.24,2.17,264
stress-ng --cpu 16 --cpu-load 62 --timeout 60s --quiet,31,5/15/2026,4:45:15,0.12,2.1,125
stress-ng --cpu 16 --cpu-load 62 --timeout 60s --quiet,31,5/15/2026,4:45:16,22.37,2.2,242
stress-ng --cpu 16 --cpu-load 62 --timeout 60s --quiet,31,5/15/2026,4:45:17,31.4,2.2,244
stress-ng --cpu 16 --cpu-load 62 --timeout 60s --quiet,31,5/15/2026,4:45:18,31.1,2.19,258
stress-ng --cpu 16 --cpu-load 62 --timeout 60s --quiet,31,5/15/2026,4:45:19,31.14,2.2,260
stress-ng --cpu 16 --cpu-load 62 --timeout 60s --quiet,31,5/15/2026,4:45:20,30.88,2.2,261
stress-ng --cpu 16 --cpu-load 62 --timeout 60s --quiet,31,5/15/2026,4:45:21,31.43,2.2,263.5
stress-ng --cpu 16 --cpu-load 62 --timeout 60s --quiet,31,5/15/2026,4:45:22,31.36,2.2,266
stress-ng --cpu 16 --cpu-load 62 --timeout 60s --quiet,31,5/15/2026,4:45:23,31.08,2.2,263
stress-ng --cpu 16 --cpu-load 62 --timeout 60s --quiet,31,5/15/2026,4:45:24,31.36,2.21,258
stress-ng --cpu 16 --cpu-load 62 --timeout 60s --quiet,31,5/15/2026,4:45:25,30.96,2.21,260
stress-ng --cpu 16 --cpu-load 62 --timeout 60s --quiet,31,5/15/2026,4:45:26,31.19,2.21,258
stress-ng --cpu 16 --cpu-load 62 --timeout 60s --quiet,31,5/15/2026,4:45:27,30.93,2.21,263
stress-ng --cpu 16 --cpu-load 62 --timeout 60s --quiet,31,5/15/2026,4:45:28,31.41,2.21,266
stress-ng --cpu 16 --cpu-load 62 --timeout 60s --quiet,31,5/15/2026,4:45:29,31.3,2.21,262
stress-ng --cpu 16 --cpu-load 62 --timeout 60s --quiet,31,5/15/2026,4:45:30,31.78,2.21,265
stress-ng --cpu 16 --cpu-load 62 --timeout 60s --quiet,31,5/15/2026,4:45:31,30.7,2.21,265
stress-ng --cpu 16 --cpu-load 62 --timeout 60s --quiet,31,5/15/2026,4:45:32,31.17,2.21,270
stress-ng --cpu 16 --cpu-load 62 --timeout 60s --quiet,31,5/15/2026,4:45:33,30.98,2.21,263
stress-ng --cpu 16 --cpu-load 62 --timeout 60s --quiet,31,5/15/2026,4:45:34,31.11,2.21,268
stress-ng --cpu 16 --cpu-load 62 --timeout 60s --quiet,31,5/15/2026,4:45:35,31.01,2.2,269
stress-ng --cpu 16 --cpu-load 62 --timeout 60s --quiet,31,5/15/2026,4:45:36,31.95,2.21,261
stress-ng --cpu 16 --cpu-load 62 --timeout 60s --quiet,31,5/15/2026,4:45:37,31.34,2.21,267
stress-ng --cpu 16 --cpu-load 62 --timeout 60s --quiet,31,5/15/2026,4:45:38,31.12,2.2,266
stress-ng --cpu 16 --cpu-load 62 --timeout 60s --quiet,31,5/15/2026,4:45:39,30.87,2.2,268
stress-ng --cpu 16 --cpu-load 62 --timeout 60s --quiet,31,5/15/2026,4:45:40,30.86,2.21,265
stress-ng --cpu 16 --cpu-load 62 --timeout 60s --quiet,31,5/15/2026,4:45:41,31.5,2.2,266
stress-ng --cpu 16 --cpu-load 62 --timeout 60s --quiet,31,5/15/2026,4:45:42,30.91,2.21,272
stress-ng --cpu 16 --cpu-load 62 --timeout 60s --quiet,31,5/15/2026,4:45:43,31.14,2.21,265
stress-ng --cpu 16 --cpu-load 62 --timeout 60s --quiet,31,5/15/2026,4:45:44,31.34,2.21,268
stress-ng --cpu 16 --cpu-load 62 --timeout 60s --quiet,31,5/15/2026,4:45:45,31.54,2.21,263
stress-ng --cpu 16 --cpu-load 62 --timeout 60s --quiet,31,5/15/2026,4:45:46,31.53,2.21,260
stress-ng --cpu 16 --cpu-load 62 --timeout 60s --quiet,31,5/15/2026,4:45:47,31.07,2.21,265
stress-ng --cpu 16 --cpu-load 62 --timeout 60s --quiet,31,5/15/2026,4:45:48,31.06,2.21,270
stress-ng --cpu 16 --cpu-load 62 --timeout 60s --quiet,31,5/15/2026,4:45:49,31.02,2.21,270.5
stress-ng --cpu 16 --cpu-load 62 --timeout 60s --quiet,31,5/15/2026,4:45:50,31.54,2.21,271
stress-ng --cpu 16 --cpu-load 62 --timeout 60s --quiet,31,5/15/2026,4:45:51,31.01,2.21,269
stress-ng --cpu 16 --cpu-load 62 --timeout 60s --quiet,31,5/15/2026,4:45:52,31.14,2.21,265
stress-ng --cpu 16 --cpu-load 62 --timeout 60s --quiet,31,5/15/2026,4:45:53,31.1,2.21,264
stress-ng --cpu 16 --cpu-load 62 --timeout 60s --quiet,31,5/15/2026,4:45:54,31.58,2.21,268
stress-ng --cpu 16 --cpu-load 62 --timeout 60s --quiet,31,5/15/2026,4:45:55,31.24,2.21,271
stress-ng --cpu 16 --cpu-load 62 --timeout 60s --quiet,31,5/15/2026,4:45:56,31.16,2.2,271
stress-ng --cpu 16 --cpu-load 62 --timeout 60s --quiet,31,5/15/2026,4:45:57,31.09,2.2,268
stress-ng --cpu 16 --cpu-load 62 --timeout 60s --quiet,31,5/15/2026,4:45:58,31.42,2.2,266
stress-ng --cpu 16 --cpu-load 62 --timeout 60s --quiet,31,5/15/2026,4:45:59,31.02,2.2,266
stress-ng --cpu 16 --cpu-load 62 --timeout 60s --quiet,31,5/15/2026,4:46:00,31.22,2.2,262
stress-ng --cpu 16 --cpu-load 62 --timeout 60s --quiet,31,5/15/2026,4:46:01,31.02,2.2,267
stress-ng --cpu 16 --cpu-load 62 --timeout 60s --quiet,31,5/15/2026,4:46:02,31.1,2.2,266
stress-ng --cpu 16 --cpu-load 62 --timeout 60s --quiet,31,5/15/2026,4:46:03,31.385,2.205,262
stress-ng --cpu 16 --cpu-load 62 --timeout 60s --quiet,31,5/15/2026,4:46:04,31.67,2.21,271
stress-ng --cpu 16 --cpu-load 62 --timeout 60s --quiet,31,5/15/2026,4:46:05,31.38,2.2,262
stress-ng --cpu 16 --cpu-load 62 --timeout 60s --quiet,31,5/15/2026,4:46:06,31.03,2.21,264
stress-ng --cpu 16 --cpu-load 62 --timeout 60s --quiet,31,5/15/2026,4:46:07,31.09,2.21,265
stress-ng --cpu 16 --cpu-load 62 --timeout 60s --quiet,31,5/15/2026,4:46:08,31.35,2.2,268
stress-ng --cpu 16 --cpu-load 62 --timeout 60s --quiet,31,5/15/2026,4:46:09,31.49,2.19,270
stress-ng --cpu 16 --cpu-load 62 --timeout 60s --quiet,31,5/15/2026,4:46:10,30.88,2.19,273
stress-ng --cpu 16 --cpu-load 62 --timeout 60s --quiet,31,5/15/2026,4:46:11,31.23,2.2,275
stress-ng --cpu 16 --cpu-load 62 --timeout 60s --quiet,31,5/15/2026,4:46:12,31.58,2.2,266
stress-ng --cpu 16 --cpu-load 62 --timeout 60s --quiet,31,5/15/2026,4:46:13,31.22,2.19,269
stress-ng --cpu 16 --cpu-load 62 --timeout 60s --quiet,31,5/15/2026,4:46:14,31.11,2.19,275
stress-ng --cpu 16 --cpu-load 62 --timeout 60s --quiet,31,5/15/2026,4:46:15,31.46,2.19,270
stress-ng --cpu 16 --cpu-load 62 --timeout 60s --quiet,31,5/15/2026,14:22:34,0.15,2.1,131
stress-ng --cpu 16 --cpu-load 62 --timeout 60s --quiet,31,5/15/2026,14:22:35,7.3,2.22,131
stress-ng --cpu 16 --cpu-load 62 --timeout 60s --quiet,31,5/15/2026,14:22:36,31.59,2.23,110
stress-ng --cpu 16 --cpu-load 62 --timeout 60s --quiet,31,5/15/2026,14:22:37,31.5,2.24,259
stress-ng --cpu 16 --cpu-load 62 --timeout 60s --quiet,31,5/15/2026,14:22:38,31.7,2.24,260
stress-ng --cpu 16 --cpu-load 62 --timeout 60s --quiet,31,5/15/2026,14:22:39,30.83,2.24,258
stress-ng --cpu 16 --cpu-load 62 --timeout 60s --quiet,31,5/15/2026,14:22:40,31.37,2.24,258
stress-ng --cpu 16 --cpu-load 62 --timeout 60s --quiet,31,5/15/2026,14:22:41,31.32,2.24,260
stress-ng --cpu 16 --cpu-load 62 --timeout 60s --quiet,31,5/15/2026,14:22:42,30.92,2.23,262
stress-ng --cpu 16 --cpu-load 62 --timeout 60s --quiet,31,5/15/2026,14:22:43,31.31,2.24,251
stress-ng --cpu 16 --cpu-load 62 --timeout 60s --quiet,31,5/15/2026,14:22:44,31.15,2.24,250
stress-ng --cpu 16 --cpu-load 62 --timeout 60s --quiet,31,5/15/2026,14:22:45,31.09,2.24,257
stress-ng --cpu 16 --cpu-load 62 --timeout 60s --quiet,31,5/15/2026,14:22:46,31.44,2.23,259
stress-ng --cpu 16 --cpu-load 62 --timeout 60s --quiet,31,5/15/2026,14:22:47,31.15,2.23,262
stress-ng --cpu 16 --cpu-load 62 --timeout 60s --quiet,31,5/15/2026,14:22:48,31.39,2.22,263
stress-ng --cpu 16 --cpu-load 62 --timeout 60s --quiet,31,5/15/2026,14:22:49,31.28,2.21,260
stress-ng --cpu 16 --cpu-load 62 --timeout 60s --quiet,31,5/15/2026,14:22:50,31.48,2.2,263
stress-ng --cpu 16 --cpu-load 62 --timeout 60s --quiet,31,5/15/2026,14:22:51,30.83,2.2,262
stress-ng --cpu 16 --cpu-load 62 --timeout 60s --quiet,31,5/15/2026,14:22:52,31.22,2.2,265
stress-ng --cpu 16 --cpu-load 62 --timeout 60s --quiet,31,5/15/2026,14:22:53,31.41,2.2,263
stress-ng --cpu 16 --cpu-load 62 --timeout 60s --quiet,31,5/15/2026,14:22:54,32.04,2.19,261
stress-ng --cpu 16 --cpu-load 62 --timeout 60s --quiet,31,5/15/2026,14:22:55,31.16,2.19,266
stress-ng --cpu 16 --cpu-load 62 --timeout 60s --quiet,31,5/15/2026,14:22:56,31.06,2.19,267
stress-ng --cpu 16 --cpu-load 62 --timeout 60s --quiet,31,5/15/2026,14:22:57,31.03,2.19,262
stress-ng --cpu 16 --cpu-load 62 --timeout 60s --quiet,31,5/15/2026,14:22:58,31.45,2.19,264
stress-ng --cpu 16 --cpu-load 62 --timeout 60s --quiet,31,5/15/2026,14:22:59,31.09,2.19,264
stress-ng --cpu 16 --cpu-load 62 --timeout 60s --quiet,31,5/15/2026,14:23:00,31.09,2.19,264
stress-ng --cpu 16 --cpu-load 62 --timeout 60s --quiet,31,5/15/2026,14:23:01,31.25,2.19,264
stress-ng --cpu 16 --cpu-load 62 --timeout 60s --quiet,31,5/15/2026,14:23:02,31.18,2.18,264
stress-ng --cpu 16 --cpu-load 62 --timeout 60s --quiet,31,5/15/2026,14:23:03,31.33,2.18,264
stress-ng --cpu 16 --cpu-load 62 --timeout 60s --quiet,31,5/15/2026,14:23:04,31.28,2.17,267
stress-ng --cpu 16 --cpu-load 62 --timeout 60s --quiet,31,5/15/2026,14:23:05,31.23,2.17,259
stress-ng --cpu 16 --cpu-load 62 --timeout 60s --quiet,31,5/15/2026,14:23:06,31.25,2.17,264
stress-ng --cpu 16 --cpu-load 62 --timeout 60s --quiet,31,5/15/2026,14:23:07,31.59,2.17,266
stress-ng --cpu 16 --cpu-load 62 --timeout 60s --quiet,31,5/15/2026,14:23:08,31.2,2.17,260
stress-ng --cpu 16 --cpu-load 62 --timeout 60s --quiet,31,5/15/2026,14:23:09,31.12,2.17,266
stress-ng --cpu 16 --cpu-load 62 --timeout 60s --quiet,31,5/15/2026,14:23:10,31.33,2.17,267
stress-ng --cpu 16 --cpu-load 62 --timeout 60s --quiet,31,5/15/2026,14:23:11,31.18,2.17,264
stress-ng --cpu 16 --cpu-load 62 --timeout 60s --quiet,31,5/15/2026,14:23:12,30.72,2.18,265
stress-ng --cpu 16 --cpu-load 62 --timeout 60s --quiet,31,5/15/2026,14:23:13,31.55,2.17,266
stress-ng --cpu 16 --cpu-load 62 --timeout 60s --quiet,31,5/15/2026,14:23:14,31.23,2.17,268
stress-ng --cpu 16 --cpu-load 62 --timeout 60s --quiet,31,5/15/2026,14:23:15,31.44,2.17,266
stress-ng --cpu 16 --cpu-load 62 --timeout 60s --quiet,31,5/15/2026,14:23:16,31.44,2.17,265
stress-ng --cpu 16 --cpu-load 62 --timeout 60s --quiet,31,5/15/2026,14:23:17,31.15,2.16,262
stress-ng --cpu 16 --cpu-load 62 --timeout 60s --quiet,31,5/15/2026,14:23:18,30.98,2.16,265
stress-ng --cpu 16 --cpu-load 62 --timeout 60s --quiet,31,5/15/2026,14:23:19,31.05,2.16,267
stress-ng --cpu 16 --cpu-load 62 --timeout 60s --quiet,31,5/15/2026,14:23:20,31.12,2.16,268
stress-ng --cpu 16 --cpu-load 62 --timeout 60s --quiet,31,5/15/2026,14:23:21,31.43,2.16,270
stress-ng --cpu 16 --cpu-load 62 --timeout 60s --quiet,31,5/15/2026,14:23:22,31.79,2.16,266
stress-ng --cpu 16 --cpu-load 62 --timeout 60s --quiet,31,5/15/2026,14:23:23,30.89,2.16,270
stress-ng --cpu 16 --cpu-load 62 --timeout 60s --quiet,31,5/15/2026,14:23:24,31.26,2.16,269
stress-ng --cpu 16 --cpu-load 62 --timeout 60s --quiet,31,5/15/2026,14:23:25,31.54,2.16,270
stress-ng --cpu 16 --cpu-load 62 --timeout 60s --quiet,31,5/15/2026,14:23:26,31.18,2.16,263
stress-ng --cpu 16 --cpu-load 62 --timeout 60s --quiet,31,5/15/2026,14:23:27,31.03,2.17,268
stress-ng --cpu 16 --cpu-load 62 --timeout 60s --quiet,31,5/15/2026,14:23:28,31.51,2.16,261
stress-ng --cpu 16 --cpu-load 62 --timeout 60s --quiet,31,5/15/2026,14:23:29,31.35,2.16,267
stress-ng --cpu 16 --cpu-load 62 --timeout 60s --quiet,31,5/15/2026,14:23:30,31.31,2.16,261
stress-ng --cpu 16 --cpu-load 62 --timeout 60s --quiet,31,5/15/2026,14:23:31,30.79,2.16,266
stress-ng --cpu 16 --cpu-load 62 --timeout 60s --quiet,31,5/15/2026,14:23:32,31.37,2.16,274
stress-ng --cpu 16 --cpu-load 62 --timeout 60s --quiet,31,5/15/2026,14:23:33,31.05,2.16,267
stress-ng --cpu 16 --cpu-load 62 --timeout 60s --quiet,31,5/15/2026,14:23:34,31.06,2.16,269
stress-ng --cpu 16 --cpu-load 62 --timeout 60s --quiet,31,5/15/2026,14:23:35,26.13,2.09,276
stress-ng --cpu 16 --cpu-load 64 --timeout 60s --quiet,32,5/14/2026,23:48:36,1.85,2.18,126
stress-ng --cpu 16 --cpu-load 64 --timeout 60s --quiet,32,5/14/2026,23:48:37,32.06,2.21,246
stress-ng --cpu 16 --cpu-load 64 --timeout 60s --quiet,32,5/14/2026,23:48:38,32.74,2.21,262
stress-ng --cpu 16 --cpu-load 64 --timeout 60s --quiet,32,5/14/2026,23:48:39,32.14,2.21,263
stress-ng --cpu 16 --cpu-load 64 --timeout 60s --quiet,32,5/14/2026,23:48:40,32.13,2.22,253
stress-ng --cpu 16 --cpu-load 64 --timeout 60s --quiet,32,5/14/2026,23:48:41,32.33,2.22,258
stress-ng --cpu 16 --cpu-load 64 --timeout 60s --quiet,32,5/14/2026,23:48:42,32.32,2.21,265
stress-ng --cpu 16 --cpu-load 64 --timeout 60s --quiet,32,5/14/2026,23:48:43,32.1,2.2,258
stress-ng --cpu 16 --cpu-load 64 --timeout 60s --quiet,32,5/14/2026,23:48:44,32.1,2.2,268
stress-ng --cpu 16 --cpu-load 64 --timeout 60s --quiet,32,5/14/2026,23:48:45,31.96,2.19,260
stress-ng --cpu 16 --cpu-load 64 --timeout 60s --quiet,32,5/14/2026,23:48:46,32.47,2.19,262
stress-ng --cpu 16 --cpu-load 64 --timeout 60s --quiet,32,5/14/2026,23:48:47,31.99,2.19,262
stress-ng --cpu 16 --cpu-load 64 --timeout 60s --quiet,32,5/14/2026,23:48:48,32.6,2.19,263
stress-ng --cpu 16 --cpu-load 64 --timeout 60s --quiet,32,5/14/2026,23:48:49,32.25,2.18,264
stress-ng --cpu 16 --cpu-load 64 --timeout 60s --quiet,32,5/14/2026,23:48:50,32.13,2.19,266
stress-ng --cpu 16 --cpu-load 64 --timeout 60s --quiet,32,5/14/2026,23:48:51,32.15,2.18,265
stress-ng --cpu 16 --cpu-load 64 --timeout 60s --quiet,32,5/14/2026,23:48:52,32.09,2.19,265
stress-ng --cpu 16 --cpu-load 64 --timeout 60s --quiet,32,5/14/2026,23:48:53,32.09,2.19,263
stress-ng --cpu 16 --cpu-load 64 --timeout 60s --quiet,32,5/14/2026,23:48:54,32.52,2.18,262
stress-ng --cpu 16 --cpu-load 64 --timeout 60s --quiet,32,5/14/2026,23:48:55,32.16,2.18,260
stress-ng --cpu 16 --cpu-load 64 --timeout 60s --quiet,32,5/14/2026,23:48:56,32.1,2.18,259
stress-ng --cpu 16 --cpu-load 64 --timeout 60s --quiet,32,5/14/2026,23:48:57,32.17,2.18,262
stress-ng --cpu 16 --cpu-load 64 --timeout 60s --quiet,32,5/14/2026,23:48:58,32.24,2.18,261
stress-ng --cpu 16 --cpu-load 64 --timeout 60s --quiet,32,5/14/2026,23:48:59,32.32,2.18,265
stress-ng --cpu 16 --cpu-load 64 --timeout 60s --quiet,32,5/14/2026,23:49:00,32.15,2.18,266.5
stress-ng --cpu 16 --cpu-load 64 --timeout 60s --quiet,32,5/14/2026,23:49:01,32.13,2.18,268
stress-ng --cpu 16 --cpu-load 64 --timeout 60s --quiet,32,5/14/2026,23:49:02,32.2,2.17,268
stress-ng --cpu 16 --cpu-load 64 --timeout 60s --quiet,32,5/14/2026,23:49:03,32.23,2.17,267
stress-ng --cpu 16 --cpu-load 64 --timeout 60s --quiet,32,5/14/2026,23:49:04,32.24,2.18,268
stress-ng --cpu 16 --cpu-load 64 --timeout 60s --quiet,32,5/14/2026,23:49:05,32.1,2.17,263
stress-ng --cpu 16 --cpu-load 64 --timeout 60s --quiet,32,5/14/2026,23:49:06,32.5,2.17,271
stress-ng --cpu 16 --cpu-load 64 --timeout 60s --quiet,32,5/14/2026,23:49:07,31.79,2.17,266
stress-ng --cpu 16 --cpu-load 64 --timeout 60s --quiet,32,5/14/2026,23:49:08,32.21,2.17,267
stress-ng --cpu 16 --cpu-load 64 --timeout 60s --quiet,32,5/14/2026,23:49:09,32.65,2.16,267
stress-ng --cpu 16 --cpu-load 64 --timeout 60s --quiet,32,5/14/2026,23:49:10,31.83,2.16,264
stress-ng --cpu 16 --cpu-load 64 --timeout 60s --quiet,32,5/14/2026,23:49:11,32.35,2.16,264
stress-ng --cpu 16 --cpu-load 64 --timeout 60s --quiet,32,5/14/2026,23:49:12,32.29,2.16,262
stress-ng --cpu 16 --cpu-load 64 --timeout 60s --quiet,32,5/14/2026,23:49:13,32.18,2.16,262
stress-ng --cpu 16 --cpu-load 64 --timeout 60s --quiet,32,5/14/2026,23:49:14,32.6,2.16,267
stress-ng --cpu 16 --cpu-load 64 --timeout 60s --quiet,32,5/14/2026,23:49:15,31.66,2.16,263
stress-ng --cpu 16 --cpu-load 64 --timeout 60s --quiet,32,5/14/2026,23:49:16,32.36,2.15,263
stress-ng --cpu 16 --cpu-load 64 --timeout 60s --quiet,32,5/14/2026,23:49:17,32.21,2.15,263
stress-ng --cpu 16 --cpu-load 64 --timeout 60s --quiet,32,5/14/2026,23:49:18,32.25,2.15,269
stress-ng --cpu 16 --cpu-load 64 --timeout 60s --quiet,32,5/14/2026,23:49:19,31.97,2.16,271
stress-ng --cpu 16 --cpu-load 64 --timeout 60s --quiet,32,5/14/2026,23:49:20,32.49,2.16,268
stress-ng --cpu 16 --cpu-load 64 --timeout 60s --quiet,32,5/14/2026,23:49:21,32.13,2.16,265
stress-ng --cpu 16 --cpu-load 64 --timeout 60s --quiet,32,5/14/2026,23:49:22,32.17,2.17,259
stress-ng --cpu 16 --cpu-load 64 --timeout 60s --quiet,32,5/14/2026,23:49:23,32.45,2.17,271
stress-ng --cpu 16 --cpu-load 64 --timeout 60s --quiet,32,5/14/2026,23:49:24,32.5,2.16,273
stress-ng --cpu 16 --cpu-load 64 --timeout 60s --quiet,32,5/14/2026,23:49:25,32.1,2.16,271
stress-ng --cpu 16 --cpu-load 64 --timeout 60s --quiet,32,5/14/2026,23:49:26,32.35,2.16,276
stress-ng --cpu 16 --cpu-load 64 --timeout 60s --quiet,32,5/14/2026,23:49:27,31.98,2.16,272
stress-ng --cpu 16 --cpu-load 64 --timeout 60s --quiet,32,5/14/2026,23:49:28,32.16,2.16,269
stress-ng --cpu 16 --cpu-load 64 --timeout 60s --quiet,32,5/14/2026,23:49:29,32.45,2.16,274
stress-ng --cpu 16 --cpu-load 64 --timeout 60s --quiet,32,5/14/2026,23:49:30,31.97,2.16,275
stress-ng --cpu 16 --cpu-load 64 --timeout 60s --quiet,32,5/14/2026,23:49:31,32.15,2.16,270
stress-ng --cpu 16 --cpu-load 64 --timeout 60s --quiet,32,5/14/2026,23:49:32,32.07,2.15,263
stress-ng --cpu 16 --cpu-load 64 --timeout 60s --quiet,32,5/14/2026,23:49:33,32.36,2.14,268
stress-ng --cpu 16 --cpu-load 64 --timeout 60s --quiet,32,5/14/2026,23:49:34,32.2,2.15,270
stress-ng --cpu 16 --cpu-load 64 --timeout 60s --quiet,32,5/14/2026,23:49:35,32.12,2.14,271
stress-ng --cpu 16 --cpu-load 64 --timeout 60s --quiet,32,5/14/2026,23:49:36,32.24,2.14,272
stress-ng --cpu 16 --cpu-load 64 --timeout 60s --quiet,32,5/15/2026,9:59:59,0.31,2.14,123
stress-ng --cpu 16 --cpu-load 64 --timeout 60s --quiet,32,5/15/2026,10:00:00,32.01,2.25,128
stress-ng --cpu 16 --cpu-load 64 --timeout 60s --quiet,32,5/15/2026,10:00:01,32.36,2.25,249
stress-ng --cpu 16 --cpu-load 64 --timeout 60s --quiet,32,5/15/2026,10:00:02,31.88,2.25,252
stress-ng --cpu 16 --cpu-load 64 --timeout 60s --quiet,32,5/15/2026,10:00:03,32.54,2.25,262
stress-ng --cpu 16 --cpu-load 64 --timeout 60s --quiet,32,5/15/2026,10:00:04,31.9,2.25,252
stress-ng --cpu 16 --cpu-load 64 --timeout 60s --quiet,32,5/15/2026,10:00:05,32,2.25,264
stress-ng --cpu 16 --cpu-load 64 --timeout 60s --quiet,32,5/15/2026,10:00:06,32.1,2.25,260
stress-ng --cpu 16 --cpu-load 64 --timeout 60s --quiet,32,5/15/2026,10:00:07,32.27,2.24,253
stress-ng --cpu 16 --cpu-load 64 --timeout 60s --quiet,32,5/15/2026,10:00:08,32.04,2.24,262
stress-ng --cpu 16 --cpu-load 64 --timeout 60s --quiet,32,5/15/2026,10:00:09,32.23,2.24,254
stress-ng --cpu 16 --cpu-load 64 --timeout 60s --quiet,32,5/15/2026,10:00:10,32.3,2.23,261
stress-ng --cpu 16 --cpu-load 64 --timeout 60s --quiet,32,5/15/2026,10:00:11,32.22,2.23,266
stress-ng --cpu 16 --cpu-load 64 --timeout 60s --quiet,32,5/15/2026,10:00:12,32.14,2.23,263
stress-ng --cpu 16 --cpu-load 64 --timeout 60s --quiet,32,5/15/2026,10:00:13,32.3,2.23,267
stress-ng --cpu 16 --cpu-load 64 --timeout 60s --quiet,32,5/15/2026,10:00:14,32.25,2.22,265
stress-ng --cpu 16 --cpu-load 64 --timeout 60s --quiet,32,5/15/2026,10:00:15,32,2.22,265
stress-ng --cpu 16 --cpu-load 64 --timeout 60s --quiet,32,5/15/2026,10:00:16,32.39,2.21,263
stress-ng --cpu 16 --cpu-load 64 --timeout 60s --quiet,32,5/15/2026,10:00:17,32.06,2.21,268
stress-ng --cpu 16 --cpu-load 64 --timeout 60s --quiet,32,5/15/2026,10:00:18,32.27,2.21,262
stress-ng --cpu 16 --cpu-load 64 --timeout 60s --quiet,32,5/15/2026,10:00:19,32.12,2.21,269
stress-ng --cpu 16 --cpu-load 64 --timeout 60s --quiet,32,5/15/2026,10:00:20,32.2,2.21,265
stress-ng --cpu 16 --cpu-load 64 --timeout 60s --quiet,32,5/15/2026,10:00:21,32.27,2.2,265.5
stress-ng --cpu 16 --cpu-load 64 --timeout 60s --quiet,32,5/15/2026,10:00:22,32.4,2.2,266
stress-ng --cpu 16 --cpu-load 64 --timeout 60s --quiet,32,5/15/2026,10:00:23,32.04,2.2,260
stress-ng --cpu 16 --cpu-load 64 --timeout 60s --quiet,32,5/15/2026,10:00:24,32.46,2.2,265
stress-ng --cpu 16 --cpu-load 64 --timeout 60s --quiet,32,5/15/2026,10:00:25,32.28,2.2,268
stress-ng --cpu 16 --cpu-load 64 --timeout 60s --quiet,32,5/15/2026,10:00:26,31.79,2.2,268
stress-ng --cpu 16 --cpu-load 64 --timeout 60s --quiet,32,5/15/2026,10:00:27,32.64,2.2,271
stress-ng --cpu 16 --cpu-load 64 --timeout 60s --quiet,32,5/15/2026,10:00:28,32.36,2.19,261
stress-ng --cpu 16 --cpu-load 64 --timeout 60s --quiet,32,5/15/2026,10:00:29,32.35,2.2,265
stress-ng --cpu 16 --cpu-load 64 --timeout 60s --quiet,32,5/15/2026,10:00:30,32.13,2.2,264
stress-ng --cpu 16 --cpu-load 64 --timeout 60s --quiet,32,5/15/2026,10:00:31,32.18,2.19,264
stress-ng --cpu 16 --cpu-load 64 --timeout 60s --quiet,32,5/15/2026,10:00:32,32.1,2.2,266.5
stress-ng --cpu 16 --cpu-load 64 --timeout 60s --quiet,32,5/15/2026,10:00:33,32.66,2.19,269
stress-ng --cpu 16 --cpu-load 64 --timeout 60s --quiet,32,5/15/2026,10:00:34,31.93,2.19,271
stress-ng --cpu 16 --cpu-load 64 --timeout 60s --quiet,32,5/15/2026,10:00:35,31.89,2.19,261
stress-ng --cpu 16 --cpu-load 64 --timeout 60s --quiet,32,5/15/2026,10:00:36,32.59,2.19,270
stress-ng --cpu 16 --cpu-load 64 --timeout 60s --quiet,32,5/15/2026,10:00:37,31.93,2.19,264
stress-ng --cpu 16 --cpu-load 64 --timeout 60s --quiet,32,5/15/2026,10:00:38,32.09,2.19,270
stress-ng --cpu 16 --cpu-load 64 --timeout 60s --quiet,32,5/15/2026,10:00:39,32.32,2.19,266
stress-ng --cpu 16 --cpu-load 64 --timeout 60s --quiet,32,5/15/2026,10:00:40,32.08,2.19,264
stress-ng --cpu 16 --cpu-load 64 --timeout 60s --quiet,32,5/15/2026,10:00:41,32.43,2.19,264
stress-ng --cpu 16 --cpu-load 64 --timeout 60s --quiet,32,5/15/2026,10:00:42,32.43,2.19,264
stress-ng --cpu 16 --cpu-load 64 --timeout 60s --quiet,32,5/15/2026,10:00:43,31.91,2.19,267
stress-ng --cpu 16 --cpu-load 64 --timeout 60s --quiet,32,5/15/2026,10:00:44,32.27,2.2,267
stress-ng --cpu 16 --cpu-load 64 --timeout 60s --quiet,32,5/15/2026,10:00:45,32.39,2.2,263
stress-ng --cpu 16 --cpu-load 64 --timeout 60s --quiet,32,5/15/2026,10:00:46,32.35,2.2,263
stress-ng --cpu 16 --cpu-load 64 --timeout 60s --quiet,32,5/15/2026,10:00:47,32.03,2.19,266
stress-ng --cpu 16 --cpu-load 64 --timeout 60s --quiet,32,5/15/2026,10:00:48,32.41,2.19,260
stress-ng --cpu 16 --cpu-load 64 --timeout 60s --quiet,32,5/15/2026,10:00:49,32.02,2.2,262
stress-ng --cpu 16 --cpu-load 64 --timeout 60s --quiet,32,5/15/2026,10:00:50,32.05,2.19,262
stress-ng --cpu 16 --cpu-load 64 --timeout 60s --quiet,32,5/15/2026,10:00:51,32.4,2.19,268
stress-ng --cpu 16 --cpu-load 64 --timeout 60s --quiet,32,5/15/2026,10:00:52,32.06,2.19,270
stress-ng --cpu 16 --cpu-load 64 --timeout 60s --quiet,32,5/15/2026,10:00:53,32.29,2.19,270
stress-ng --cpu 16 --cpu-load 64 --timeout 60s --quiet,32,5/15/2026,10:00:54,32.24,2.17,266
stress-ng --cpu 16 --cpu-load 64 --timeout 60s --quiet,32,5/15/2026,10:00:55,32.29,2.18,267
stress-ng --cpu 16 --cpu-load 64 --timeout 60s --quiet,32,5/15/2026,10:00:56,32.17,2.17,266
stress-ng --cpu 16 --cpu-load 64 --timeout 60s --quiet,32,5/15/2026,10:00:57,32.05,2.17,263
stress-ng --cpu 16 --cpu-load 64 --timeout 60s --quiet,32,5/15/2026,10:00:58,32.49,2.17,268
stress-ng --cpu 16 --cpu-load 64 --timeout 60s --quiet,32,5/15/2026,10:00:59,32.22,2.18,269
stress-ng --cpu 16 --cpu-load 64 --timeout 60s --quiet,32,5/15/2026,10:01:00,2.77,2.1,267
stress-ng --cpu 16 --cpu-load 64 --timeout 60s --quiet,32,5/15/2026,18:37:10,0.15,2.11,134
stress-ng --cpu 16 --cpu-load 64 --timeout 60s --quiet,32,5/15/2026,18:37:11,13.34,2.23,136
stress-ng --cpu 16 --cpu-load 64 --timeout 60s --quiet,32,5/15/2026,18:37:12,32.62,2.23,239
stress-ng --cpu 16 --cpu-load 64 --timeout 60s --quiet,32,5/15/2026,18:37:13,31.58,2.23,258
stress-ng --cpu 16 --cpu-load 64 --timeout 60s --quiet,32,5/15/2026,18:37:14,32.73,2.23,249
stress-ng --cpu 16 --cpu-load 64 --timeout 60s --quiet,32,5/15/2026,18:37:15,32.53,2.23,254
stress-ng --cpu 16 --cpu-load 64 --timeout 60s --quiet,32,5/15/2026,18:37:16,31.69,2.23,253
stress-ng --cpu 16 --cpu-load 64 --timeout 60s --quiet,32,5/15/2026,18:37:17,32.51,2.23,255
stress-ng --cpu 16 --cpu-load 64 --timeout 60s --quiet,32,5/15/2026,18:37:18,31.76,2.23,255.5
stress-ng --cpu 16 --cpu-load 64 --timeout 60s --quiet,32,5/15/2026,18:37:19,32.03,2.23,256
stress-ng --cpu 16 --cpu-load 64 --timeout 60s --quiet,32,5/15/2026,18:37:20,32.33,2.22,257
stress-ng --cpu 16 --cpu-load 64 --timeout 60s --quiet,32,5/15/2026,18:37:21,32.5,2.22,257
stress-ng --cpu 16 --cpu-load 64 --timeout 60s --quiet,32,5/15/2026,18:37:22,32.22,2.22,257
stress-ng --cpu 16 --cpu-load 64 --timeout 60s --quiet,32,5/15/2026,18:37:23,32.17,2.22,252
stress-ng --cpu 16 --cpu-load 64 --timeout 60s --quiet,32,5/15/2026,18:37:24,31.82,2.21,258
stress-ng --cpu 16 --cpu-load 64 --timeout 60s --quiet,32,5/15/2026,18:37:25,32.26,2.21,260
stress-ng --cpu 16 --cpu-load 64 --timeout 60s --quiet,32,5/15/2026,18:37:26,32.09,2.21,262
stress-ng --cpu 16 --cpu-load 64 --timeout 60s --quiet,32,5/15/2026,18:37:27,32.09,2.2,261
stress-ng --cpu 16 --cpu-load 64 --timeout 60s --quiet,32,5/15/2026,18:37:28,32.58,2.2,258
stress-ng --cpu 16 --cpu-load 64 --timeout 60s --quiet,32,5/15/2026,18:37:29,32.08,2.2,258
stress-ng --cpu 16 --cpu-load 64 --timeout 60s --quiet,32,5/15/2026,18:37:30,32.43,2.2,261
stress-ng --cpu 16 --cpu-load 64 --timeout 60s --quiet,32,5/15/2026,18:37:31,31.92,2.2,259
stress-ng --cpu 16 --cpu-load 64 --timeout 60s --quiet,32,5/15/2026,18:37:32,32.19,2.19,259
stress-ng --cpu 16 --cpu-load 64 --timeout 60s --quiet,32,5/15/2026,18:37:33,32.05,2.2,261
stress-ng --cpu 16 --cpu-load 64 --timeout 60s --quiet,32,5/15/2026,18:37:34,32.2,2.2,264
stress-ng --cpu 16 --cpu-load 64 --timeout 60s --quiet,32,5/15/2026,18:37:35,32.14,2.2,262
stress-ng --cpu 16 --cpu-load 64 --timeout 60s --quiet,32,5/15/2026,18:37:36,32.29,2.2,262
stress-ng --cpu 16 --cpu-load 64 --timeout 60s --quiet,32,5/15/2026,18:37:37,32.27,2.19,260
stress-ng --cpu 16 --cpu-load 64 --timeout 60s --quiet,32,5/15/2026,18:37:38,32.07,2.19,260
stress-ng --cpu 16 --cpu-load 64 --timeout 60s --quiet,32,5/15/2026,18:37:39,32.2,2.19,261
stress-ng --cpu 16 --cpu-load 64 --timeout 60s --quiet,32,5/15/2026,18:37:40,32.3,2.2,264.5
stress-ng --cpu 16 --cpu-load 64 --timeout 60s --quiet,32,5/15/2026,18:37:41,32.06,2.2,268
stress-ng --cpu 16 --cpu-load 64 --timeout 60s --quiet,32,5/15/2026,18:37:42,32.44,2.19,268
stress-ng --cpu 16 --cpu-load 64 --timeout 60s --quiet,32,5/15/2026,18:37:43,31.93,2.19,264
stress-ng --cpu 16 --cpu-load 64 --timeout 60s --quiet,32,5/15/2026,18:37:44,32.55,2.2,267
stress-ng --cpu 16 --cpu-load 64 --timeout 60s --quiet,32,5/15/2026,18:37:45,32.41,2.2,267
stress-ng --cpu 16 --cpu-load 64 --timeout 60s --quiet,32,5/15/2026,18:37:46,32.42,2.2,263
stress-ng --cpu 16 --cpu-load 64 --timeout 60s --quiet,32,5/15/2026,18:37:47,32.08,2.19,264
stress-ng --cpu 16 --cpu-load 64 --timeout 60s --quiet,32,5/15/2026,18:37:48,32.16,2.19,265
stress-ng --cpu 16 --cpu-load 64 --timeout 60s --quiet,32,5/15/2026,18:37:49,32.27,2.19,263
stress-ng --cpu 16 --cpu-load 64 --timeout 60s --quiet,32,5/15/2026,18:37:50,32.05,2.19,259
stress-ng --cpu 16 --cpu-load 64 --timeout 60s --quiet,32,5/15/2026,18:37:51,32.3,2.19,262
stress-ng --cpu 16 --cpu-load 64 --timeout 60s --quiet,32,5/15/2026,18:37:52,32.31,2.19,260
stress-ng --cpu 16 --cpu-load 64 --timeout 60s --quiet,32,5/15/2026,18:37:53,31.94,2.19,263
stress-ng --cpu 16 --cpu-load 64 --timeout 60s --quiet,32,5/15/2026,18:37:54,32.27,2.195,263
stress-ng --cpu 16 --cpu-load 64 --timeout 60s --quiet,32,5/15/2026,18:37:55,32.6,2.2,260
stress-ng --cpu 16 --cpu-load 64 --timeout 60s --quiet,32,5/15/2026,18:37:56,31.89,2.2,264
stress-ng --cpu 16 --cpu-load 64 --timeout 60s --quiet,32,5/15/2026,18:37:57,32.5,2.19,267
stress-ng --cpu 16 --cpu-load 64 --timeout 60s --quiet,32,5/15/2026,18:37:58,32.33,2.2,264
stress-ng --cpu 16 --cpu-load 64 --timeout 60s --quiet,32,5/15/2026,18:37:59,31.91,2.2,265
stress-ng --cpu 16 --cpu-load 64 --timeout 60s --quiet,32,5/15/2026,18:38:00,32.24,2.2,263
stress-ng --cpu 16 --cpu-load 64 --timeout 60s --quiet,32,5/15/2026,18:38:01,32.31,2.2,262
stress-ng --cpu 16 --cpu-load 64 --timeout 60s --quiet,32,5/15/2026,18:38:02,32.55,2.2,264
stress-ng --cpu 16 --cpu-load 64 --timeout 60s --quiet,32,5/15/2026,18:38:03,32.1,2.18,266
stress-ng --cpu 16 --cpu-load 64 --timeout 60s --quiet,32,5/15/2026,18:38:04,32.67,2.18,264
stress-ng --cpu 16 --cpu-load 64 --timeout 60s --quiet,32,5/15/2026,18:38:05,32.11,2.18,264
stress-ng --cpu 16 --cpu-load 64 --timeout 60s --quiet,32,5/15/2026,18:38:06,32.22,2.19,266
stress-ng --cpu 16 --cpu-load 64 --timeout 60s --quiet,32,5/15/2026,18:38:07,31.93,2.19,263.5
stress-ng --cpu 16 --cpu-load 64 --timeout 60s --quiet,32,5/15/2026,18:38:08,32.12,2.19,261
stress-ng --cpu 16 --cpu-load 64 --timeout 60s --quiet,32,5/15/2026,18:38:09,32.23,2.19,264
stress-ng --cpu 16 --cpu-load 64 --timeout 60s --quiet,32,5/15/2026,18:38:10,32.15,2.19,267
stress-ng --cpu 16 --cpu-load 66 --timeout 60s --quiet,33,5/15/2026,2:00:52,0.28,2.09,132
stress-ng --cpu 16 --cpu-load 66 --timeout 60s --quiet,33,5/15/2026,2:00:53,33.1,2.21,189
stress-ng --cpu 16 --cpu-load 66 --timeout 60s --quiet,33,5/15/2026,2:00:54,32.42,2.21,246
stress-ng --cpu 16 --cpu-load 66 --timeout 60s --quiet,33,5/15/2026,2:00:55,33.58,2.21,248
stress-ng --cpu 16 --cpu-load 66 --timeout 60s --quiet,33,5/15/2026,2:00:56,32.96,2.21,256
stress-ng --cpu 16 --cpu-load 66 --timeout 60s --quiet,33,5/15/2026,2:00:57,33.64,2.21,257
stress-ng --cpu 16 --cpu-load 66 --timeout 60s --quiet,33,5/15/2026,2:00:58,33.24,2.21,260
stress-ng --cpu 16 --cpu-load 66 --timeout 60s --quiet,33,5/15/2026,2:00:59,32.84,2.21,265
stress-ng --cpu 16 --cpu-load 66 --timeout 60s --quiet,33,5/15/2026,2:01:00,33.07,2.21,261
stress-ng --cpu 16 --cpu-load 66 --timeout 60s --quiet,33,5/15/2026,2:01:01,33.49,2.21,261
stress-ng --cpu 16 --cpu-load 66 --timeout 60s --quiet,33,5/15/2026,2:01:02,33.48,2.21,263
stress-ng --cpu 16 --cpu-load 66 --timeout 60s --quiet,33,5/15/2026,2:01:03,33.48,2.21,256
stress-ng --cpu 16 --cpu-load 66 --timeout 60s --quiet,33,5/15/2026,2:01:04,33.05,2.21,258
stress-ng --cpu 16 --cpu-load 66 --timeout 60s --quiet,33,5/15/2026,2:01:05,32.98,2.21,261
stress-ng --cpu 16 --cpu-load 66 --timeout 60s --quiet,33,5/15/2026,2:01:06,33.47,2.21,266
stress-ng --cpu 16 --cpu-load 66 --timeout 60s --quiet,33,5/15/2026,2:01:07,32.86,2.2,267
stress-ng --cpu 16 --cpu-load 66 --timeout 60s --quiet,33,5/15/2026,2:01:08,33.38,2.21,260
stress-ng --cpu 16 --cpu-load 66 --timeout 60s --quiet,33,5/15/2026,2:01:09,33.17,2.21,268
stress-ng --cpu 16 --cpu-load 66 --timeout 60s --quiet,33,5/15/2026,2:01:10,33.38,2.21,266
stress-ng --cpu 16 --cpu-load 66 --timeout 60s --quiet,33,5/15/2026,2:01:11,33.245,2.205,263
stress-ng --cpu 16 --cpu-load 66 --timeout 60s --quiet,33,5/15/2026,2:01:12,33.11,2.2,263
stress-ng --cpu 16 --cpu-load 66 --timeout 60s --quiet,33,5/15/2026,2:01:13,33.12,2.2,264
stress-ng --cpu 16 --cpu-load 66 --timeout 60s --quiet,33,5/15/2026,2:01:14,33.48,2.2,264
stress-ng --cpu 16 --cpu-load 66 --timeout 60s --quiet,33,5/15/2026,2:01:15,33.13,2.2,262
stress-ng --cpu 16 --cpu-load 66 --timeout 60s --quiet,33,5/15/2026,2:01:16,33.16,2.2,261
stress-ng --cpu 16 --cpu-load 66 --timeout 60s --quiet,33,5/15/2026,2:01:17,33.13,2.19,260
stress-ng --cpu 16 --cpu-load 66 --timeout 60s --quiet,33,5/15/2026,2:01:18,33.38,2.19,260
stress-ng --cpu 16 --cpu-load 66 --timeout 60s --quiet,33,5/15/2026,2:01:19,33.33,2.19,262
stress-ng --cpu 16 --cpu-load 66 --timeout 60s --quiet,33,5/15/2026,2:01:20,32.95,2.19,263
stress-ng --cpu 16 --cpu-load 66 --timeout 60s --quiet,33,5/15/2026,2:01:21,33.24,2.19,269
stress-ng --cpu 16 --cpu-load 66 --timeout 60s --quiet,33,5/15/2026,2:01:22,33.42,2.19,263
stress-ng --cpu 16 --cpu-load 66 --timeout 60s --quiet,33,5/15/2026,2:01:23,33.39,2.19,261
stress-ng --cpu 16 --cpu-load 66 --timeout 60s --quiet,33,5/15/2026,2:01:24,32.95,2.19,265
stress-ng --cpu 16 --cpu-load 66 --timeout 60s --quiet,33,5/15/2026,2:01:25,32.95,2.19,266
stress-ng --cpu 16 --cpu-load 66 --timeout 60s --quiet,33,5/15/2026,2:01:26,33.39,2.19,267
stress-ng --cpu 16 --cpu-load 66 --timeout 60s --quiet,33,5/15/2026,2:01:27,33.09,2.19,267
stress-ng --cpu 16 --cpu-load 66 --timeout 60s --quiet,33,5/15/2026,2:01:28,33.39,2.19,263
stress-ng --cpu 16 --cpu-load 66 --timeout 60s --quiet,33,5/15/2026,2:01:29,33.26,2.19,266
stress-ng --cpu 16 --cpu-load 66 --timeout 60s --quiet,33,5/15/2026,2:01:30,33.33,2.18,264
stress-ng --cpu 16 --cpu-load 66 --timeout 60s --quiet,33,5/15/2026,2:01:31,32.85,2.18,264
stress-ng --cpu 16 --cpu-load 66 --timeout 60s --quiet,33,5/15/2026,2:01:32,33.34,2.18,269
stress-ng --cpu 16 --cpu-load 66 --timeout 60s --quiet,33,5/15/2026,2:01:33,33.04,2.18,264
stress-ng --cpu 16 --cpu-load 66 --timeout 60s --quiet,33,5/15/2026,2:01:34,33.54,2.18,264
stress-ng --cpu 16 --cpu-load 66 --timeout 60s --quiet,33,5/15/2026,2:01:35,33.26,2.18,261
stress-ng --cpu 16 --cpu-load 66 --timeout 60s --quiet,33,5/15/2026,2:01:36,33.08,2.17,263
stress-ng --cpu 16 --cpu-load 66 --timeout 60s --quiet,33,5/15/2026,2:01:37,33.35,2.17,270
stress-ng --cpu 16 --cpu-load 66 --timeout 60s --quiet,33,5/15/2026,2:01:38,33.02,2.17,268
stress-ng --cpu 16 --cpu-load 66 --timeout 60s --quiet,33,5/15/2026,2:01:39,33.51,2.17,265
stress-ng --cpu 16 --cpu-load 66 --timeout 60s --quiet,33,5/15/2026,2:01:40,32.67,2.17,269
stress-ng --cpu 16 --cpu-load 66 --timeout 60s --quiet,33,5/15/2026,2:01:41,33.51,2.17,263
stress-ng --cpu 16 --cpu-load 66 --timeout 60s --quiet,33,5/15/2026,2:01:42,33.44,2.17,267
stress-ng --cpu 16 --cpu-load 66 --timeout 60s --quiet,33,5/15/2026,2:01:43,33.04,2.16,265
stress-ng --cpu 16 --cpu-load 66 --timeout 60s --quiet,33,5/15/2026,2:01:44,32.97,2.16,265
stress-ng --cpu 16 --cpu-load 66 --timeout 60s --quiet,33,5/15/2026,2:01:45,33.29,2.16,274
stress-ng --cpu 16 --cpu-load 66 --timeout 60s --quiet,33,5/15/2026,2:01:46,33.33,2.16,275
stress-ng --cpu 16 --cpu-load 66 --timeout 60s --quiet,33,5/15/2026,2:01:47,33.16,2.16,274
stress-ng --cpu 16 --cpu-load 66 --timeout 60s --quiet,33,5/15/2026,2:01:48,33.05,2.16,278
stress-ng --cpu 16 --cpu-load 66 --timeout 60s --quiet,33,5/15/2026,2:01:49,33.19,2.16,273
stress-ng --cpu 16 --cpu-load 66 --timeout 60s --quiet,33,5/15/2026,2:01:50,33.49,2.16,274
stress-ng --cpu 16 --cpu-load 66 --timeout 60s --quiet,33,5/15/2026,2:01:51,32.82,2.16,271
stress-ng --cpu 16 --cpu-load 66 --timeout 60s --quiet,33,5/15/2026,2:01:52,33.48,2.15,275
stress-ng --cpu 16 --cpu-load 66 --timeout 60s --quiet,33,5/15/2026,7:03:35,9.12,2.23,124
stress-ng --cpu 16 --cpu-load 66 --timeout 60s --quiet,33,5/15/2026,7:03:36,33.47,2.23,244
stress-ng --cpu 16 --cpu-load 66 --timeout 60s --quiet,33,5/15/2026,7:03:37,33.57,2.24,253
stress-ng --cpu 16 --cpu-load 66 --timeout 60s --quiet,33,5/15/2026,7:03:38,32.31,2.24,263
stress-ng --cpu 16 --cpu-load 66 --timeout 60s --quiet,33,5/15/2026,7:03:39,33.46,2.24,260
stress-ng --cpu 16 --cpu-load 66 --timeout 60s --quiet,33,5/15/2026,7:03:40,33.34,2.23,254
stress-ng --cpu 16 --cpu-load 66 --timeout 60s --quiet,33,5/15/2026,7:03:41,33.34,2.23,258
stress-ng --cpu 16 --cpu-load 66 --timeout 60s --quiet,33,5/15/2026,7:03:42,32.98,2.22,257
stress-ng --cpu 16 --cpu-load 66 --timeout 60s --quiet,33,5/15/2026,7:03:43,33.05,2.23,261
stress-ng --cpu 16 --cpu-load 66 --timeout 60s --quiet,33,5/15/2026,7:03:44,33.41,2.22,265
stress-ng --cpu 16 --cpu-load 66 --timeout 60s --quiet,33,5/15/2026,7:03:45,33.45,2.22,256
stress-ng --cpu 16 --cpu-load 66 --timeout 60s --quiet,33,5/15/2026,7:03:46,33.27,2.22,265
stress-ng --cpu 16 --cpu-load 66 --timeout 60s --quiet,33,5/15/2026,7:03:47,32.95,2.22,261
stress-ng --cpu 16 --cpu-load 66 --timeout 60s --quiet,33,5/15/2026,7:03:48,33.07,2.22,258
stress-ng --cpu 16 --cpu-load 66 --timeout 60s --quiet,33,5/15/2026,7:03:49,33.36,2.22,260
stress-ng --cpu 16 --cpu-load 66 --timeout 60s --quiet,33,5/15/2026,7:03:50,33.21,2.22,261
stress-ng --cpu 16 --cpu-load 66 --timeout 60s --quiet,33,5/15/2026,7:03:51,33.48,2.22,260
stress-ng --cpu 16 --cpu-load 66 --timeout 60s --quiet,33,5/15/2026,7:03:52,33.07,2.22,260
stress-ng --cpu 16 --cpu-load 66 --timeout 60s --quiet,33,5/15/2026,7:03:53,32.84,2.21,261
stress-ng --cpu 16 --cpu-load 66 --timeout 60s --quiet,33,5/15/2026,7:03:54,33.37,2.21,262
stress-ng --cpu 16 --cpu-load 66 --timeout 60s --quiet,33,5/15/2026,7:03:55,33.58,2.21,261
stress-ng --cpu 16 --cpu-load 66 --timeout 60s --quiet,33,5/15/2026,7:03:56,32.88,2.21,264
stress-ng --cpu 16 --cpu-load 66 --timeout 60s --quiet,33,5/15/2026,7:03:57,33.28,2.21,264
stress-ng --cpu 16 --cpu-load 66 --timeout 60s --quiet,33,5/15/2026,7:03:58,33.16,2.21,264
stress-ng --cpu 16 --cpu-load 66 --timeout 60s --quiet,33,5/15/2026,7:03:59,33.17,2.21,264
stress-ng --cpu 16 --cpu-load 66 --timeout 60s --quiet,33,5/15/2026,7:04:00,32.98,2.21,264
stress-ng --cpu 16 --cpu-load 66 --timeout 60s --quiet,33,5/15/2026,7:04:01,33.49,2.21,261
stress-ng --cpu 16 --cpu-load 66 --timeout 60s --quiet,33,5/15/2026,7:04:02,32.89,2.2,265
stress-ng --cpu 16 --cpu-load 66 --timeout 60s --quiet,33,5/15/2026,7:04:03,33.45,2.2,267
stress-ng --cpu 16 --cpu-load 66 --timeout 60s --quiet,33,5/15/2026,7:04:04,33.35,2.2,261
stress-ng --cpu 16 --cpu-load 66 --timeout 60s --quiet,33,5/15/2026,7:04:05,33.345,2.2,261
stress-ng --cpu 16 --cpu-load 66 --timeout 60s --quiet,33,5/15/2026,7:04:06,33.34,2.2,264
stress-ng --cpu 16 --cpu-load 66 --timeout 60s --quiet,33,5/15/2026,7:04:07,32.93,2.2,263
stress-ng --cpu 16 --cpu-load 66 --timeout 60s --quiet,33,5/15/2026,7:04:08,33.21,2.2,266
stress-ng --cpu 16 --cpu-load 66 --timeout 60s --quiet,33,5/15/2026,7:04:09,33.2,2.2,264
stress-ng --cpu 16 --cpu-load 66 --timeout 60s --quiet,33,5/15/2026,7:04:10,33.34,2.2,266
stress-ng --cpu 16 --cpu-load 66 --timeout 60s --quiet,33,5/15/2026,7:04:11,33.23,2.21,262
stress-ng --cpu 16 --cpu-load 66 --timeout 60s --quiet,33,5/15/2026,7:04:12,33.29,2.2,258
stress-ng --cpu 16 --cpu-load 66 --timeout 60s --quiet,33,5/15/2026,7:04:13,33.29,2.2,262
stress-ng --cpu 16 --cpu-load 66 --timeout 60s --quiet,33,5/15/2026,7:04:14,33.11,2.2,262
stress-ng --cpu 16 --cpu-load 66 --timeout 60s --quiet,33,5/15/2026,7:04:15,33.2,2.2,261
stress-ng --cpu 16 --cpu-load 66 --timeout 60s --quiet,33,5/15/2026,7:04:16,33.19,2.19,269
stress-ng --cpu 16 --cpu-load 66 --timeout 60s --quiet,33,5/15/2026,7:04:17,33.34,2.19,264
stress-ng --cpu 16 --cpu-load 66 --timeout 60s --quiet,33,5/15/2026,7:04:18,33.17,2.19,260
stress-ng --cpu 16 --cpu-load 66 --timeout 60s --quiet,33,5/15/2026,7:04:19,33.36,2.19,266
stress-ng --cpu 16 --cpu-load 66 --timeout 60s --quiet,33,5/15/2026,7:04:20,32.57,2.19,268
stress-ng --cpu 16 --cpu-load 66 --timeout 60s --quiet,33,5/15/2026,7:04:21,33.33,2.19,269
stress-ng --cpu 16 --cpu-load 66 --timeout 60s --quiet,33,5/15/2026,7:04:22,33.75,2.19,268.3333333
stress-ng --cpu 16 --cpu-load 66 --timeout 60s --quiet,33,5/15/2026,7:04:23,33.01,2.19,267.6666667
stress-ng --cpu 16 --cpu-load 66 --timeout 60s --quiet,33,5/15/2026,7:04:24,33.05,2.19,267
stress-ng --cpu 16 --cpu-load 66 --timeout 60s --quiet,33,5/15/2026,7:04:25,32.81,2.19,268
stress-ng --cpu 16 --cpu-load 66 --timeout 60s --quiet,33,5/15/2026,7:04:26,33.57,2.19,268
stress-ng --cpu 16 --cpu-load 66 --timeout 60s --quiet,33,5/15/2026,7:04:27,33.47,2.18,266
stress-ng --cpu 16 --cpu-load 66 --timeout 60s --quiet,33,5/15/2026,7:04:28,32.81,2.18,272
stress-ng --cpu 16 --cpu-load 66 --timeout 60s --quiet,33,5/15/2026,7:04:29,33.05,2.18,264
stress-ng --cpu 16 --cpu-load 66 --timeout 60s --quiet,33,5/15/2026,7:04:30,33.66,2.18,271
stress-ng --cpu 16 --cpu-load 66 --timeout 60s --quiet,33,5/15/2026,7:04:31,32.71,2.17,275
stress-ng --cpu 16 --cpu-load 66 --timeout 60s --quiet,33,5/15/2026,7:04:32,33.37,2.17,279
stress-ng --cpu 16 --cpu-load 66 --timeout 60s --quiet,33,5/15/2026,7:04:33,33.41,2.17,278
stress-ng --cpu 16 --cpu-load 66 --timeout 60s --quiet,33,5/15/2026,7:04:34,33.47,2.17,269
stress-ng --cpu 16 --cpu-load 66 --timeout 60s --quiet,33,5/15/2026,7:04:35,26.36,2.12,276
stress-ng --cpu 16 --cpu-load 66 --timeout 60s --quiet,33,5/15/2026,16:58:57,0.12,2.13,114
stress-ng --cpu 16 --cpu-load 66 --timeout 60s --quiet,33,5/15/2026,16:58:58,17.49,2.24,142
stress-ng --cpu 16 --cpu-load 66 --timeout 60s --quiet,33,5/15/2026,16:58:59,33.86,2.23,254
stress-ng --cpu 16 --cpu-load 66 --timeout 60s --quiet,33,5/15/2026,16:59:00,33.23,2.23,265
stress-ng --cpu 16 --cpu-load 66 --timeout 60s --quiet,33,5/15/2026,16:59:01,33.12,2.23,261
stress-ng --cpu 16 --cpu-load 66 --timeout 60s --quiet,33,5/15/2026,16:59:02,33.15,2.23,263
stress-ng --cpu 16 --cpu-load 66 --timeout 60s --quiet,33,5/15/2026,16:59:03,33.21,2.23,261
stress-ng --cpu 16 --cpu-load 66 --timeout 60s --quiet,33,5/15/2026,16:59:04,33.58,2.23,262
stress-ng --cpu 16 --cpu-load 66 --timeout 60s --quiet,33,5/15/2026,16:59:05,33.08,2.23,259
stress-ng --cpu 16 --cpu-load 66 --timeout 60s --quiet,33,5/15/2026,16:59:06,33.15,2.23,259
stress-ng --cpu 16 --cpu-load 66 --timeout 60s --quiet,33,5/15/2026,16:59:07,33.44,2.23,265
stress-ng --cpu 16 --cpu-load 66 --timeout 60s --quiet,33,5/15/2026,16:59:08,33.14,2.23,265
stress-ng --cpu 16 --cpu-load 66 --timeout 60s --quiet,33,5/15/2026,16:59:09,33.49,2.23,267
stress-ng --cpu 16 --cpu-load 66 --timeout 60s --quiet,33,5/15/2026,16:59:10,33.16,2.23,261
stress-ng --cpu 16 --cpu-load 66 --timeout 60s --quiet,33,5/15/2026,16:59:11,33.09,2.23,266
stress-ng --cpu 16 --cpu-load 66 --timeout 60s --quiet,33,5/15/2026,16:59:12,33.33,2.23,263
stress-ng --cpu 16 --cpu-load 66 --timeout 60s --quiet,33,5/15/2026,16:59:13,33.36,2.23,263
stress-ng --cpu 16 --cpu-load 66 --timeout 60s --quiet,33,5/15/2026,16:59:14,33.07,2.23,270
stress-ng --cpu 16 --cpu-load 66 --timeout 60s --quiet,33,5/15/2026,16:59:15,33.58,2.23,267
stress-ng --cpu 16 --cpu-load 66 --timeout 60s --quiet,33,5/15/2026,16:59:16,33.34,2.22,264
stress-ng --cpu 16 --cpu-load 66 --timeout 60s --quiet,33,5/15/2026,16:59:17,33.17,2.22,265
stress-ng --cpu 16 --cpu-load 66 --timeout 60s --quiet,33,5/15/2026,16:59:18,32.87,2.22,262
stress-ng --cpu 16 --cpu-load 66 --timeout 60s --quiet,33,5/15/2026,16:59:19,33.23,2.22,268
stress-ng --cpu 16 --cpu-load 66 --timeout 60s --quiet,33,5/15/2026,16:59:20,33.37,2.22,271
stress-ng --cpu 16 --cpu-load 66 --timeout 60s --quiet,33,5/15/2026,16:59:21,33.53,2.22,270
stress-ng --cpu 16 --cpu-load 66 --timeout 60s --quiet,33,5/15/2026,16:59:22,33.22,2.21,269
stress-ng --cpu 16 --cpu-load 66 --timeout 60s --quiet,33,5/15/2026,16:59:23,33.03,2.22,263
stress-ng --cpu 16 --cpu-load 66 --timeout 60s --quiet,33,5/15/2026,16:59:24,33.3,2.22,264.5
stress-ng --cpu 16 --cpu-load 66 --timeout 60s --quiet,33,5/15/2026,16:59:25,33.51,2.22,266
stress-ng --cpu 16 --cpu-load 66 --timeout 60s --quiet,33,5/15/2026,16:59:26,32.96,2.22,269
stress-ng --cpu 16 --cpu-load 66 --timeout 60s --quiet,33,5/15/2026,16:59:27,33.46,2.22,276
stress-ng --cpu 16 --cpu-load 66 --timeout 60s --quiet,33,5/15/2026,16:59:28,32.93,2.21,268
stress-ng --cpu 16 --cpu-load 66 --timeout 60s --quiet,33,5/15/2026,16:59:29,33.42,2.21,270
stress-ng --cpu 16 --cpu-load 66 --timeout 60s --quiet,33,5/15/2026,16:59:30,32.92,2.21,274
stress-ng --cpu 16 --cpu-load 66 --timeout 60s --quiet,33,5/15/2026,16:59:31,33.48,2.21,274
stress-ng --cpu 16 --cpu-load 66 --timeout 60s --quiet,33,5/15/2026,16:59:32,33.67,2.2,274
stress-ng --cpu 16 --cpu-load 66 --timeout 60s --quiet,33,5/15/2026,16:59:33,32.89,2.2,268
stress-ng --cpu 16 --cpu-load 66 --timeout 60s --quiet,33,5/15/2026,16:59:34,32.67,2.2,268
stress-ng --cpu 16 --cpu-load 66 --timeout 60s --quiet,33,5/15/2026,16:59:35,33.63,2.2,273
stress-ng --cpu 16 --cpu-load 66 --timeout 60s --quiet,33,5/15/2026,16:59:36,33.61,2.2,276
stress-ng --cpu 16 --cpu-load 66 --timeout 60s --quiet,33,5/15/2026,16:59:37,33.05,2.2,275
stress-ng --cpu 16 --cpu-load 66 --timeout 60s --quiet,33,5/15/2026,16:59:38,32.9,2.2,273
stress-ng --cpu 16 --cpu-load 66 --timeout 60s --quiet,33,5/15/2026,16:59:39,33.41,2.2,274
stress-ng --cpu 16 --cpu-load 66 --timeout 60s --quiet,33,5/15/2026,16:59:40,33.27,2.2,275
stress-ng --cpu 16 --cpu-load 66 --timeout 60s --quiet,33,5/15/2026,16:59:41,33.55,2.21,274
stress-ng --cpu 16 --cpu-load 66 --timeout 60s --quiet,33,5/15/2026,16:59:42,32.79,2.2,271
stress-ng --cpu 16 --cpu-load 66 --timeout 60s --quiet,33,5/15/2026,16:59:43,33.14,2.21,272
stress-ng --cpu 16 --cpu-load 66 --timeout 60s --quiet,33,5/15/2026,16:59:44,33.44,2.2,272
stress-ng --cpu 16 --cpu-load 66 --timeout 60s --quiet,33,5/15/2026,16:59:45,33.19,2.19,276
stress-ng --cpu 16 --cpu-load 66 --timeout 60s --quiet,33,5/15/2026,16:59:46,33.04,2.19,275.3333333
stress-ng --cpu 16 --cpu-load 66 --timeout 60s --quiet,33,5/15/2026,16:59:47,33.22,2.19,274.6666667
stress-ng --cpu 16 --cpu-load 66 --timeout 60s --quiet,33,5/15/2026,16:59:48,32.95,2.18,274
stress-ng --cpu 16 --cpu-load 66 --timeout 60s --quiet,33,5/15/2026,16:59:49,33.43,2.18,274
stress-ng --cpu 16 --cpu-load 66 --timeout 60s --quiet,33,5/15/2026,16:59:50,33.34,2.18,274
stress-ng --cpu 16 --cpu-load 66 --timeout 60s --quiet,33,5/15/2026,16:59:51,33.28,2.18,274
stress-ng --cpu 16 --cpu-load 66 --timeout 60s --quiet,33,5/15/2026,16:59:52,32.62,2.18,274
stress-ng --cpu 16 --cpu-load 66 --timeout 60s --quiet,33,5/15/2026,16:59:53,33.48,2.17,274
stress-ng --cpu 16 --cpu-load 66 --timeout 60s --quiet,33,5/15/2026,16:59:54,33.11,2.18,274
stress-ng --cpu 16 --cpu-load 66 --timeout 60s --quiet,33,5/15/2026,16:59:55,33.37,2.18,274
stress-ng --cpu 16 --cpu-load 66 --timeout 60s --quiet,33,5/15/2026,16:59:56,32.85,2.18,274
stress-ng --cpu 16 --cpu-load 66 --timeout 60s --quiet,33,5/15/2026,16:59:57,32.85,2.18,274
stress-ng --cpu 16 --cpu-load 68 --timeout 60s --quiet,34,5/14/2026,19:26:00,1.6,2.24,104
stress-ng --cpu 16 --cpu-load 68 --timeout 60s --quiet,34,5/14/2026,19:26:01,34.66,2.28,244
stress-ng --cpu 16 --cpu-load 68 --timeout 60s --quiet,34,5/14/2026,19:26:02,34.24,2.28,257
stress-ng --cpu 16 --cpu-load 68 --timeout 60s --quiet,34,5/14/2026,19:26:03,34.09,2.28,253
stress-ng --cpu 16 --cpu-load 68 --timeout 60s --quiet,34,5/14/2026,19:26:04,34.34,2.27,252
stress-ng --cpu 16 --cpu-load 68 --timeout 60s --quiet,34,5/14/2026,19:26:05,34.15,2.27,254
stress-ng --cpu 16 --cpu-load 68 --timeout 60s --quiet,34,5/14/2026,19:26:06,34.47,2.27,252
stress-ng --cpu 16 --cpu-load 68 --timeout 60s --quiet,34,5/14/2026,19:26:07,34.33,2.26,254
stress-ng --cpu 16 --cpu-load 68 --timeout 60s --quiet,34,5/14/2026,19:26:08,34.1,2.26,254
stress-ng --cpu 16 --cpu-load 68 --timeout 60s --quiet,34,5/14/2026,19:26:09,34.39,2.26,252
stress-ng --cpu 16 --cpu-load 68 --timeout 60s --quiet,34,5/14/2026,19:26:10,33.97,2.25,250
stress-ng --cpu 16 --cpu-load 68 --timeout 60s --quiet,34,5/14/2026,19:26:11,34.14,2.25,257
stress-ng --cpu 16 --cpu-load 68 --timeout 60s --quiet,34,5/14/2026,19:26:12,34.3,2.24,258
stress-ng --cpu 16 --cpu-load 68 --timeout 60s --quiet,34,5/14/2026,19:26:13,34.4,2.24,255
stress-ng --cpu 16 --cpu-load 68 --timeout 60s --quiet,34,5/14/2026,19:26:14,34.09,2.24,253
stress-ng --cpu 16 --cpu-load 68 --timeout 60s --quiet,34,5/14/2026,19:26:15,34.07,2.23,256
stress-ng --cpu 16 --cpu-load 68 --timeout 60s --quiet,34,5/14/2026,19:26:16,34.43,2.23,257
stress-ng --cpu 16 --cpu-load 68 --timeout 60s --quiet,34,5/14/2026,19:26:17,34.13,2.23,256
stress-ng --cpu 16 --cpu-load 68 --timeout 60s --quiet,34,5/14/2026,19:26:18,34.08,2.23,259
stress-ng --cpu 16 --cpu-load 68 --timeout 60s --quiet,34,5/14/2026,19:26:19,34.28,2.23,261
stress-ng --cpu 16 --cpu-load 68 --timeout 60s --quiet,34,5/14/2026,19:26:20,34.14,2.23,265
stress-ng --cpu 16 --cpu-load 68 --timeout 60s --quiet,34,5/14/2026,19:26:21,34.48,2.22,262
stress-ng --cpu 16 --cpu-load 68 --timeout 60s --quiet,34,5/14/2026,19:26:22,33.96,2.23,258
stress-ng --cpu 16 --cpu-load 68 --timeout 60s --quiet,34,5/14/2026,19:26:23,34.41,2.22,258
stress-ng --cpu 16 --cpu-load 68 --timeout 60s --quiet,34,5/14/2026,19:26:24,34.03,2.22,263
stress-ng --cpu 16 --cpu-load 68 --timeout 60s --quiet,34,5/14/2026,19:26:25,34.39,2.22,259
stress-ng --cpu 16 --cpu-load 68 --timeout 60s --quiet,34,5/14/2026,19:26:26,34.06,2.22,263
stress-ng --cpu 16 --cpu-load 68 --timeout 60s --quiet,34,5/14/2026,19:26:27,34.36,2.21,264
stress-ng --cpu 16 --cpu-load 68 --timeout 60s --quiet,34,5/14/2026,19:26:28,33.86,2.21,260
stress-ng --cpu 16 --cpu-load 68 --timeout 60s --quiet,34,5/14/2026,19:26:29,34.47,2.21,264
stress-ng --cpu 16 --cpu-load 68 --timeout 60s --quiet,34,5/14/2026,19:26:30,34.55,2.21,266
stress-ng --cpu 16 --cpu-load 68 --timeout 60s --quiet,34,5/14/2026,19:26:31,33.65,2.21,262
stress-ng --cpu 16 --cpu-load 68 --timeout 60s --quiet,34,5/14/2026,19:26:32,34.35,2.2,269
stress-ng --cpu 16 --cpu-load 68 --timeout 60s --quiet,34,5/14/2026,19:26:33,34.09,2.2,271
stress-ng --cpu 16 --cpu-load 68 --timeout 60s --quiet,34,5/14/2026,19:26:34,34.49,2.2,269
stress-ng --cpu 16 --cpu-load 68 --timeout 60s --quiet,34,5/14/2026,19:26:35,34.17,2.2,263
stress-ng --cpu 16 --cpu-load 68 --timeout 60s --quiet,34,5/14/2026,19:26:36,34.1,2.2,258
stress-ng --cpu 16 --cpu-load 68 --timeout 60s --quiet,34,5/14/2026,19:26:37,34.17,2.2,263
stress-ng --cpu 16 --cpu-load 68 --timeout 60s --quiet,34,5/14/2026,19:26:38,34.24,2.2,258
stress-ng --cpu 16 --cpu-load 68 --timeout 60s --quiet,34,5/14/2026,19:26:39,34.48,2.2,261
stress-ng --cpu 16 --cpu-load 68 --timeout 60s --quiet,34,5/14/2026,19:26:40,34.08,2.2,262.5
stress-ng --cpu 16 --cpu-load 68 --timeout 60s --quiet,34,5/14/2026,19:26:41,34.2,2.2,264
stress-ng --cpu 16 --cpu-load 68 --timeout 60s --quiet,34,5/14/2026,19:26:42,34.11,2.2,260
stress-ng --cpu 16 --cpu-load 68 --timeout 60s --quiet,34,5/14/2026,19:26:43,34.28,2.19,264
stress-ng --cpu 16 --cpu-load 68 --timeout 60s --quiet,34,5/14/2026,19:26:44,34.23,2.19,257
stress-ng --cpu 16 --cpu-load 68 --timeout 60s --quiet,34,5/14/2026,19:26:45,34,2.2,262
stress-ng --cpu 16 --cpu-load 68 --timeout 60s --quiet,34,5/14/2026,19:26:46,34.58,2.2,261
stress-ng --cpu 16 --cpu-load 68 --timeout 60s --quiet,34,5/14/2026,19:26:47,34.02,2.19,257
stress-ng --cpu 16 --cpu-load 68 --timeout 60s --quiet,34,5/14/2026,19:26:48,34.48,2.19,264
stress-ng --cpu 16 --cpu-load 68 --timeout 60s --quiet,34,5/14/2026,19:26:49,33.77,2.2,262
stress-ng --cpu 16 --cpu-load 68 --timeout 60s --quiet,34,5/14/2026,19:26:50,34.6,2.2,264
stress-ng --cpu 16 --cpu-load 68 --timeout 60s --quiet,34,5/14/2026,19:26:51,34.18,2.2,264
stress-ng --cpu 16 --cpu-load 68 --timeout 60s --quiet,34,5/14/2026,19:26:52,34.07,2.19,262
stress-ng --cpu 16 --cpu-load 68 --timeout 60s --quiet,34,5/14/2026,19:26:53,34.09,2.2,265
stress-ng --cpu 16 --cpu-load 68 --timeout 60s --quiet,34,5/14/2026,19:26:54,34.55,2.2,263
stress-ng --cpu 16 --cpu-load 68 --timeout 60s --quiet,34,5/14/2026,19:26:55,34.13,2.2,267
stress-ng --cpu 16 --cpu-load 68 --timeout 60s --quiet,34,5/14/2026,19:26:56,34.12,2.2,271
stress-ng --cpu 16 --cpu-load 68 --timeout 60s --quiet,34,5/14/2026,19:26:57,33.97,2.2,265
stress-ng --cpu 16 --cpu-load 68 --timeout 60s --quiet,34,5/14/2026,19:26:58,34.67,2.2,264
stress-ng --cpu 16 --cpu-load 68 --timeout 60s --quiet,34,5/14/2026,19:26:59,34.13,2.2,267
stress-ng --cpu 16 --cpu-load 68 --timeout 60s --quiet,34,5/14/2026,19:27:00,33.88,2.2,268
stress-ng --cpu 16 --cpu-load 68 --timeout 60s --quiet,34,5/15/2026,9:45:57,0.15,2.13,125
stress-ng --cpu 16 --cpu-load 68 --timeout 60s --quiet,34,5/15/2026,9:45:58,28.95,2.24,141
stress-ng --cpu 16 --cpu-load 68 --timeout 60s --quiet,34,5/15/2026,9:45:59,34.94,2.25,249
stress-ng --cpu 16 --cpu-load 68 --timeout 60s --quiet,34,5/15/2026,9:46:00,33.84,2.24,257
stress-ng --cpu 16 --cpu-load 68 --timeout 60s --quiet,34,5/15/2026,9:46:01,34.21,2.25,257
stress-ng --cpu 16 --cpu-load 68 --timeout 60s --quiet,34,5/15/2026,9:46:02,34.34,2.25,257
stress-ng --cpu 16 --cpu-load 68 --timeout 60s --quiet,34,5/15/2026,9:46:03,34.215,2.25,257
stress-ng --cpu 16 --cpu-load 68 --timeout 60s --quiet,34,5/15/2026,9:46:04,34.09,2.25,264
stress-ng --cpu 16 --cpu-load 68 --timeout 60s --quiet,34,5/15/2026,9:46:05,34.35,2.25,260
stress-ng --cpu 16 --cpu-load 68 --timeout 60s --quiet,34,5/15/2026,9:46:06,34.18,2.25,260
stress-ng --cpu 16 --cpu-load 68 --timeout 60s --quiet,34,5/15/2026,9:46:07,34.17,2.25,261
stress-ng --cpu 16 --cpu-load 68 --timeout 60s --quiet,34,5/15/2026,9:46:08,34.6,2.25,262
stress-ng --cpu 16 --cpu-load 68 --timeout 60s --quiet,34,5/15/2026,9:46:09,34.09,2.24,264
stress-ng --cpu 16 --cpu-load 68 --timeout 60s --quiet,34,5/15/2026,9:46:10,34.02,2.24,264
stress-ng --cpu 16 --cpu-load 68 --timeout 60s --quiet,34,5/15/2026,9:46:11,34.47,2.24,264
stress-ng --cpu 16 --cpu-load 68 --timeout 60s --quiet,34,5/15/2026,9:46:12,33.73,2.24,265
stress-ng --cpu 16 --cpu-load 68 --timeout 60s --quiet,34,5/15/2026,9:46:13,34.35,2.23,265
stress-ng --cpu 16 --cpu-load 68 --timeout 60s --quiet,34,5/15/2026,9:46:14,34.39,2.23,261
stress-ng --cpu 16 --cpu-load 68 --timeout 60s --quiet,34,5/15/2026,9:46:15,34.08,2.23,260
stress-ng --cpu 16 --cpu-load 68 --timeout 60s --quiet,34,5/15/2026,9:46:16,34.22,2.23,258
stress-ng --cpu 16 --cpu-load 68 --timeout 60s --quiet,34,5/15/2026,9:46:17,34.38,2.23,263
stress-ng --cpu 16 --cpu-load 68 --timeout 60s --quiet,34,5/15/2026,9:46:18,33.98,2.23,259
stress-ng --cpu 16 --cpu-load 68 --timeout 60s --quiet,34,5/15/2026,9:46:19,34.48,2.23,266
stress-ng --cpu 16 --cpu-load 68 --timeout 60s --quiet,34,5/15/2026,9:46:20,33.86,2.23,264
stress-ng --cpu 16 --cpu-load 68 --timeout 60s --quiet,34,5/15/2026,9:46:21,34.48,2.22,264
stress-ng --cpu 16 --cpu-load 68 --timeout 60s --quiet,34,5/15/2026,9:46:22,33.95,2.22,262
stress-ng --cpu 16 --cpu-load 68 --timeout 60s --quiet,34,5/15/2026,9:46:23,34.13,2.22,266
stress-ng --cpu 16 --cpu-load 68 --timeout 60s --quiet,34,5/15/2026,9:46:24,34.46,2.22,268
stress-ng --cpu 16 --cpu-load 68 --timeout 60s --quiet,34,5/15/2026,9:46:25,33.98,2.2,264.5
stress-ng --cpu 16 --cpu-load 68 --timeout 60s --quiet,34,5/15/2026,9:46:26,34.25,2.2,261
stress-ng --cpu 16 --cpu-load 68 --timeout 60s --quiet,34,5/15/2026,9:46:27,34.17,2.2,263
stress-ng --cpu 16 --cpu-load 68 --timeout 60s --quiet,34,5/15/2026,9:46:28,34.36,2.2,260
stress-ng --cpu 16 --cpu-load 68 --timeout 60s --quiet,34,5/15/2026,9:46:29,34.18,2.2,266
stress-ng --cpu 16 --cpu-load 68 --timeout 60s --quiet,34,5/15/2026,9:46:30,34.18,2.21,264
stress-ng --cpu 16 --cpu-load 68 --timeout 60s --quiet,34,5/15/2026,9:46:31,34.24,2.2,264
stress-ng --cpu 16 --cpu-load 68 --timeout 60s --quiet,34,5/15/2026,9:46:32,33.99,2.19,263
stress-ng --cpu 16 --cpu-load 68 --timeout 60s --quiet,34,5/15/2026,9:46:33,34.33,2.19,263
stress-ng --cpu 16 --cpu-load 68 --timeout 60s --quiet,34,5/15/2026,9:46:34,34.43,2.19,266
stress-ng --cpu 16 --cpu-load 68 --timeout 60s --quiet,34,5/15/2026,9:46:35,33.89,2.19,272
stress-ng --cpu 16 --cpu-load 68 --timeout 60s --quiet,34,5/15/2026,9:46:36,34.3,2.19,264
stress-ng --cpu 16 --cpu-load 68 --timeout 60s --quiet,34,5/15/2026,9:46:37,34.44,2.19,266
stress-ng --cpu 16 --cpu-load 68 --timeout 60s --quiet,34,5/15/2026,9:46:38,34.06,2.18,263
stress-ng --cpu 16 --cpu-load 68 --timeout 60s --quiet,34,5/15/2026,9:46:39,34.15,2.18,265
stress-ng --cpu 16 --cpu-load 68 --timeout 60s --quiet,34,5/15/2026,9:46:40,33.86,2.18,266
stress-ng --cpu 16 --cpu-load 68 --timeout 60s --quiet,34,5/15/2026,9:46:41,34.58,2.18,267
stress-ng --cpu 16 --cpu-load 68 --timeout 60s --quiet,34,5/15/2026,9:46:42,34,2.18,268
stress-ng --cpu 16 --cpu-load 68 --timeout 60s --quiet,34,5/15/2026,9:46:43,34.36,2.18,265
stress-ng --cpu 16 --cpu-load 68 --timeout 60s --quiet,34,5/15/2026,9:46:44,33.69,2.17,272
stress-ng --cpu 16 --cpu-load 68 --timeout 60s --quiet,34,5/15/2026,9:46:45,34.71,2.17,268
stress-ng --cpu 16 --cpu-load 68 --timeout 60s --quiet,34,5/15/2026,9:46:46,33.92,2.17,266
stress-ng --cpu 16 --cpu-load 68 --timeout 60s --quiet,34,5/15/2026,9:46:47,34.56,2.17,267
stress-ng --cpu 16 --cpu-load 68 --timeout 60s --quiet,34,5/15/2026,9:46:48,34.23,2.17,268
stress-ng --cpu 16 --cpu-load 68 --timeout 60s --quiet,34,5/15/2026,9:46:49,33.92,2.16,269
stress-ng --cpu 16 --cpu-load 68 --timeout 60s --quiet,34,5/15/2026,9:46:50,34.48,2.16,271
stress-ng --cpu 16 --cpu-load 68 --timeout 60s --quiet,34,5/15/2026,9:46:51,34.12,2.16,270
stress-ng --cpu 16 --cpu-load 68 --timeout 60s --quiet,34,5/15/2026,9:46:52,34.2,2.16,269
stress-ng --cpu 16 --cpu-load 68 --timeout 60s --quiet,34,5/15/2026,9:46:53,34.17,2.16,273
stress-ng --cpu 16 --cpu-load 68 --timeout 60s --quiet,34,5/15/2026,9:46:54,34.11,2.15,268
stress-ng --cpu 16 --cpu-load 68 --timeout 60s --quiet,34,5/15/2026,9:46:55,34.31,2.15,284
stress-ng --cpu 16 --cpu-load 68 --timeout 60s --quiet,34,5/15/2026,9:46:56,34.21,2.16,270
stress-ng --cpu 16 --cpu-load 68 --timeout 60s --quiet,34,5/15/2026,9:46:57,34.23,2.15,268
stress-ng --cpu 16 --cpu-load 68 --timeout 60s --quiet,34,5/15/2026,9:46:58,7.76,2.09,271
stress-ng --cpu 16 --cpu-load 68 --timeout 60s --quiet,34,5/15/2026,16:50:56,0.12,2.15,128
stress-ng --cpu 16 --cpu-load 68 --timeout 60s --quiet,34,5/15/2026,16:50:57,16.6,2.25,255
stress-ng --cpu 16 --cpu-load 68 --timeout 60s --quiet,34,5/15/2026,16:50:58,33.23,2.24,258
stress-ng --cpu 16 --cpu-load 68 --timeout 60s --quiet,34,5/15/2026,16:50:59,34.62,2.24,262
stress-ng --cpu 16 --cpu-load 68 --timeout 60s --quiet,34,5/15/2026,16:51:00,33.88,2.25,264
stress-ng --cpu 16 --cpu-load 68 --timeout 60s --quiet,34,5/15/2026,16:51:01,34.44,2.24,266
stress-ng --cpu 16 --cpu-load 68 --timeout 60s --quiet,34,5/15/2026,16:51:02,33.98,2.24,265
stress-ng --cpu 16 --cpu-load 68 --timeout 60s --quiet,34,5/15/2026,16:51:03,34.33,2.23,265
stress-ng --cpu 16 --cpu-load 68 --timeout 60s --quiet,34,5/15/2026,16:51:04,34.74,2.22,265
stress-ng --cpu 16 --cpu-load 68 --timeout 60s --quiet,34,5/15/2026,16:51:05,33.82,2.22,264
stress-ng --cpu 16 --cpu-load 68 --timeout 60s --quiet,34,5/15/2026,16:51:06,34.14,2.22,263
stress-ng --cpu 16 --cpu-load 68 --timeout 60s --quiet,34,5/15/2026,16:51:07,34.45,2.21,263
stress-ng --cpu 16 --cpu-load 68 --timeout 60s --quiet,34,5/15/2026,16:51:08,34,2.21,261
stress-ng --cpu 16 --cpu-load 68 --timeout 60s --quiet,34,5/15/2026,16:51:09,34.34,2.21,259
stress-ng --cpu 16 --cpu-load 68 --timeout 60s --quiet,34,5/15/2026,16:51:10,34.21,2.21,260
stress-ng --cpu 16 --cpu-load 68 --timeout 60s --quiet,34,5/15/2026,16:51:11,34.02,2.2,261
stress-ng --cpu 16 --cpu-load 68 --timeout 60s --quiet,34,5/15/2026,16:51:12,34.59,2.2,265
stress-ng --cpu 16 --cpu-load 68 --timeout 60s --quiet,34,5/15/2026,16:51:13,33.46,2.2,268
stress-ng --cpu 16 --cpu-load 68 --timeout 60s --quiet,34,5/15/2026,16:51:14,34.88,2.2,267
stress-ng --cpu 16 --cpu-load 68 --timeout 60s --quiet,34,5/15/2026,16:51:15,33.87,2.2,269
stress-ng --cpu 16 --cpu-load 68 --timeout 60s --quiet,34,5/15/2026,16:51:16,34.22,2.19,271
stress-ng --cpu 16 --cpu-load 68 --timeout 60s --quiet,34,5/15/2026,16:51:17,34.4,2.2,271
stress-ng --cpu 16 --cpu-load 68 --timeout 60s --quiet,34,5/15/2026,16:51:18,33.82,2.2,270
stress-ng --cpu 16 --cpu-load 68 --timeout 60s --quiet,34,5/15/2026,16:51:19,34.79,2.2,268
stress-ng --cpu 16 --cpu-load 68 --timeout 60s --quiet,34,5/15/2026,16:51:20,33.55,2.2,268
stress-ng --cpu 16 --cpu-load 68 --timeout 60s --quiet,34,5/15/2026,16:51:21,34.32,2.19,270
stress-ng --cpu 16 --cpu-load 68 --timeout 60s --quiet,34,5/15/2026,16:51:22,34.77,2.2,270
stress-ng --cpu 16 --cpu-load 68 --timeout 60s --quiet,34,5/15/2026,16:51:23,34.08,2.2,274
stress-ng --cpu 16 --cpu-load 68 --timeout 60s --quiet,34,5/15/2026,16:51:24,34.6,2.2,269
stress-ng --cpu 16 --cpu-load 68 --timeout 60s --quiet,34,5/15/2026,16:51:25,33.65,2.19,271
stress-ng --cpu 16 --cpu-load 68 --timeout 60s --quiet,34,5/15/2026,16:51:26,34.99,2.19,270
stress-ng --cpu 16 --cpu-load 68 --timeout 60s --quiet,34,5/15/2026,16:51:27,33.65,2.19,271
stress-ng --cpu 16 --cpu-load 68 --timeout 60s --quiet,34,5/15/2026,16:51:28,34.37,2.19,273
stress-ng --cpu 16 --cpu-load 68 --timeout 60s --quiet,34,5/15/2026,16:51:29,34.5,2.19,271
stress-ng --cpu 16 --cpu-load 68 --timeout 60s --quiet,34,5/15/2026,16:51:30,33.97,2.19,276
stress-ng --cpu 16 --cpu-load 68 --timeout 60s --quiet,34,5/15/2026,16:51:31,34.39,2.19,273
stress-ng --cpu 16 --cpu-load 68 --timeout 60s --quiet,34,5/15/2026,16:51:32,33.87,2.19,272
stress-ng --cpu 16 --cpu-load 68 --timeout 60s --quiet,34,5/15/2026,16:51:33,34.52,2.19,273
stress-ng --cpu 16 --cpu-load 68 --timeout 60s --quiet,34,5/15/2026,16:51:34,33.77,2.19,273
stress-ng --cpu 16 --cpu-load 68 --timeout 60s --quiet,34,5/15/2026,16:51:35,34.48,2.19,272
stress-ng --cpu 16 --cpu-load 68 --timeout 60s --quiet,34,5/15/2026,16:51:36,34.43,2.19,277
stress-ng --cpu 16 --cpu-load 68 --timeout 60s --quiet,34,5/15/2026,16:51:37,33.83,2.19,274
stress-ng --cpu 16 --cpu-load 68 --timeout 60s --quiet,34,5/15/2026,16:51:38,34.46,2.19,273
stress-ng --cpu 16 --cpu-load 68 --timeout 60s --quiet,34,5/15/2026,16:51:39,34.47,2.195,276
stress-ng --cpu 16 --cpu-load 68 --timeout 60s --quiet,34,5/15/2026,16:51:40,34.48,2.2,276
stress-ng --cpu 16 --cpu-load 68 --timeout 60s --quiet,34,5/15/2026,16:51:41,33.81,2.19,269
stress-ng --cpu 16 --cpu-load 68 --timeout 60s --quiet,34,5/15/2026,16:51:42,34.73,2.2,270
stress-ng --cpu 16 --cpu-load 68 --timeout 60s --quiet,34,5/15/2026,16:51:43,33.74,2.2,265
stress-ng --cpu 16 --cpu-load 68 --timeout 60s --quiet,34,5/15/2026,16:51:44,34.51,2.19,270
stress-ng --cpu 16 --cpu-load 68 --timeout 60s --quiet,34,5/15/2026,16:51:45,34.08,2.19,268
stress-ng --cpu 16 --cpu-load 68 --timeout 60s --quiet,34,5/15/2026,16:51:46,34.24,2.19,272
stress-ng --cpu 16 --cpu-load 68 --timeout 60s --quiet,34,5/15/2026,16:51:47,34.13,2.19,272.5
stress-ng --cpu 16 --cpu-load 68 --timeout 60s --quiet,34,5/15/2026,16:51:48,34.62,2.19,273
stress-ng --cpu 16 --cpu-load 68 --timeout 60s --quiet,34,5/15/2026,16:51:49,33.69,2.19,268
stress-ng --cpu 16 --cpu-load 68 --timeout 60s --quiet,34,5/15/2026,16:51:50,34.58,2.19,273
stress-ng --cpu 16 --cpu-load 68 --timeout 60s --quiet,34,5/15/2026,16:51:51,34.09,2.19,272
stress-ng --cpu 16 --cpu-load 68 --timeout 60s --quiet,34,5/15/2026,16:51:52,34.33,2.19,271
stress-ng --cpu 16 --cpu-load 68 --timeout 60s --quiet,34,5/15/2026,16:51:53,34.14,2.19,275
stress-ng --cpu 16 --cpu-load 68 --timeout 60s --quiet,34,5/15/2026,16:51:54,34.76,2.19,269
stress-ng --cpu 16 --cpu-load 68 --timeout 60s --quiet,34,5/15/2026,16:51:55,33.87,2.19,274
stress-ng --cpu 16 --cpu-load 68 --timeout 60s --quiet,34,5/15/2026,16:51:56,34.31,2.2,272
stress-ng --cpu 16 --cpu-load 70 --timeout 60s --quiet,35,5/14/2026,19:30:00,0.12,2.09,127
stress-ng --cpu 16 --cpu-load 70 --timeout 60s --quiet,35,5/14/2026,19:30:01,22.4,2.21,118
stress-ng --cpu 16 --cpu-load 70 --timeout 60s --quiet,35,5/14/2026,19:30:02,36.01,2.2,266
stress-ng --cpu 16 --cpu-load 70 --timeout 60s --quiet,35,5/14/2026,19:30:03,34.71,2.2,262
stress-ng --cpu 16 --cpu-load 70 --timeout 60s --quiet,35,5/14/2026,19:30:04,35.78,2.21,271
stress-ng --cpu 16 --cpu-load 70 --timeout 60s --quiet,35,5/14/2026,19:30:05,35.01,2.21,271
stress-ng --cpu 16 --cpu-load 70 --timeout 60s --quiet,35,5/14/2026,19:30:06,34.89,2.21,269
stress-ng --cpu 16 --cpu-load 70 --timeout 60s --quiet,35,5/14/2026,19:30:07,35.36,2.21,272
stress-ng --cpu 16 --cpu-load 70 --timeout 60s --quiet,35,5/14/2026,19:30:08,35.14,2.21,266
stress-ng --cpu 16 --cpu-load 70 --timeout 60s --quiet,35,5/14/2026,19:30:09,35.41,2.2,269
stress-ng --cpu 16 --cpu-load 70 --timeout 60s --quiet,35,5/14/2026,19:30:10,35.19,2.19,270
stress-ng --cpu 16 --cpu-load 70 --timeout 60s --quiet,35,5/14/2026,19:30:11,35.12,2.19,267
stress-ng --cpu 16 --cpu-load 70 --timeout 60s --quiet,35,5/14/2026,19:30:12,35.54,2.19,266
stress-ng --cpu 16 --cpu-load 70 --timeout 60s --quiet,35,5/14/2026,19:30:13,35,2.19,262
stress-ng --cpu 16 --cpu-load 70 --timeout 60s --quiet,35,5/14/2026,19:30:14,35.23,2.18,264
stress-ng --cpu 16 --cpu-load 70 --timeout 60s --quiet,35,5/14/2026,19:30:15,35.39,2.18,266
stress-ng --cpu 16 --cpu-load 70 --timeout 60s --quiet,35,5/14/2026,19:30:16,35.05,2.18,264
stress-ng --cpu 16 --cpu-load 70 --timeout 60s --quiet,35,5/14/2026,19:30:17,35.47,2.18,267
stress-ng --cpu 16 --cpu-load 70 --timeout 60s --quiet,35,5/14/2026,19:30:18,35.16,2.17,271
stress-ng --cpu 16 --cpu-load 70 --timeout 60s --quiet,35,5/14/2026,19:30:19,35.06,2.17,266
stress-ng --cpu 16 --cpu-load 70 --timeout 60s --quiet,35,5/14/2026,19:30:20,35.22,2.17,268
stress-ng --cpu 16 --cpu-load 70 --timeout 60s --quiet,35,5/14/2026,19:30:21,35.27,2.16,267.5
stress-ng --cpu 16 --cpu-load 70 --timeout 60s --quiet,35,5/14/2026,19:30:22,34.98,2.16,267
stress-ng --cpu 16 --cpu-load 70 --timeout 60s --quiet,35,5/14/2026,19:30:23,35.29,2.16,268
stress-ng --cpu 16 --cpu-load 70 --timeout 60s --quiet,35,5/14/2026,19:30:24,35.3,2.15,269
stress-ng --cpu 16 --cpu-load 70 --timeout 60s --quiet,35,5/14/2026,19:30:25,35.23,2.15,270
stress-ng --cpu 16 --cpu-load 70 --timeout 60s --quiet,35,5/14/2026,19:30:26,34.99,2.15,270.5
stress-ng --cpu 16 --cpu-load 70 --timeout 60s --quiet,35,5/14/2026,19:30:27,35.34,2.14,271
stress-ng --cpu 16 --cpu-load 70 --timeout 60s --quiet,35,5/14/2026,19:30:28,35.08,2.14,274
stress-ng --cpu 16 --cpu-load 70 --timeout 60s --quiet,35,5/14/2026,19:30:29,35.53,2.15,271
stress-ng --cpu 16 --cpu-load 70 --timeout 60s --quiet,35,5/14/2026,19:30:30,35.12,2.15,269
stress-ng --cpu 16 --cpu-load 70 --timeout 60s --quiet,35,5/14/2026,19:30:31,35.27,2.15,270
stress-ng --cpu 16 --cpu-load 70 --timeout 60s --quiet,35,5/14/2026,19:30:32,35.25,2.14,270
stress-ng --cpu 16 --cpu-load 70 --timeout 60s --quiet,35,5/14/2026,19:30:33,35.41,2.15,267
stress-ng --cpu 16 --cpu-load 70 --timeout 60s --quiet,35,5/14/2026,19:30:34,35.14,2.14,270
stress-ng --cpu 16 --cpu-load 70 --timeout 60s --quiet,35,5/14/2026,19:30:35,35.37,2.14,271
stress-ng --cpu 16 --cpu-load 70 --timeout 60s --quiet,35,5/14/2026,19:30:36,35.09,2.14,275
stress-ng --cpu 16 --cpu-load 70 --timeout 60s --quiet,35,5/14/2026,19:30:37,35.19,2.14,269
stress-ng --cpu 16 --cpu-load 70 --timeout 60s --quiet,35,5/14/2026,19:30:38,35.25,2.14,271
stress-ng --cpu 16 --cpu-load 70 --timeout 60s --quiet,35,5/14/2026,19:30:39,34.88,2.13,270
stress-ng --cpu 16 --cpu-load 70 --timeout 60s --quiet,35,5/14/2026,19:30:40,35.51,2.14,275
stress-ng --cpu 16 --cpu-load 70 --timeout 60s --quiet,35,5/14/2026,19:30:41,35.13,2.13,273
stress-ng --cpu 16 --cpu-load 70 --timeout 60s --quiet,35,5/14/2026,19:30:42,35.27,2.13,273
stress-ng --cpu 16 --cpu-load 70 --timeout 60s --quiet,35,5/14/2026,19:30:43,35.25,2.14,275
stress-ng --cpu 16 --cpu-load 70 --timeout 60s --quiet,35,5/14/2026,19:30:44,35.02,2.13,272
stress-ng --cpu 16 --cpu-load 70 --timeout 60s --quiet,35,5/14/2026,19:30:45,35.1,2.13,273.5
stress-ng --cpu 16 --cpu-load 70 --timeout 60s --quiet,35,5/14/2026,19:30:46,35.18,2.13,275
stress-ng --cpu 16 --cpu-load 70 --timeout 60s --quiet,35,5/14/2026,19:30:47,35.33,2.13,274
stress-ng --cpu 16 --cpu-load 70 --timeout 60s --quiet,35,5/14/2026,19:30:48,35.32,2.13,272
stress-ng --cpu 16 --cpu-load 70 --timeout 60s --quiet,35,5/14/2026,19:30:49,35.28,2.14,273
stress-ng --cpu 16 --cpu-load 70 --timeout 60s --quiet,35,5/14/2026,19:30:50,34.95,2.14,277
stress-ng --cpu 16 --cpu-load 70 --timeout 60s --quiet,35,5/14/2026,19:30:51,35.44,2.14,277
stress-ng --cpu 16 --cpu-load 70 --timeout 60s --quiet,35,5/14/2026,19:30:52,35.29,2.14,276.5
stress-ng --cpu 16 --cpu-load 70 --timeout 60s --quiet,35,5/14/2026,19:30:53,34.97,2.14,276
stress-ng --cpu 16 --cpu-load 70 --timeout 60s --quiet,35,5/14/2026,19:30:54,35.18,2.14,278
stress-ng --cpu 16 --cpu-load 70 --timeout 60s --quiet,35,5/14/2026,19:30:55,35.35,2.13,272
stress-ng --cpu 16 --cpu-load 70 --timeout 60s --quiet,35,5/14/2026,19:30:56,34.78,2.13,273
stress-ng --cpu 16 --cpu-load 70 --timeout 60s --quiet,35,5/14/2026,19:30:57,35.49,2.13,274
stress-ng --cpu 16 --cpu-load 70 --timeout 60s --quiet,35,5/14/2026,19:30:58,35.09,2.13,279
stress-ng --cpu 16 --cpu-load 70 --timeout 60s --quiet,35,5/14/2026,19:30:59,35.34,2.14,272
stress-ng --cpu 16 --cpu-load 70 --timeout 60s --quiet,35,5/14/2026,19:31:00,35.19,2.14,277
stress-ng --cpu 16 --cpu-load 70 --timeout 60s --quiet,35,5/15/2026,7:35:38,0.28,2.11,131
stress-ng --cpu 16 --cpu-load 70 --timeout 60s --quiet,35,5/15/2026,7:35:39,28.29,2.23,224
stress-ng --cpu 16 --cpu-load 70 --timeout 60s --quiet,35,5/15/2026,7:35:40,35.82,2.22,269
stress-ng --cpu 16 --cpu-load 70 --timeout 60s --quiet,35,5/15/2026,7:35:41,34.79,2.21,263
stress-ng --cpu 16 --cpu-load 70 --timeout 60s --quiet,35,5/15/2026,7:35:42,35.6,2.22,269
stress-ng --cpu 16 --cpu-load 70 --timeout 60s --quiet,35,5/15/2026,7:35:43,34.89,2.22,271
stress-ng --cpu 16 --cpu-load 70 --timeout 60s --quiet,35,5/15/2026,7:35:44,34.86,2.23,269
stress-ng --cpu 16 --cpu-load 70 --timeout 60s --quiet,35,5/15/2026,7:35:45,35.84,2.23,271
stress-ng --cpu 16 --cpu-load 70 --timeout 60s --quiet,35,5/15/2026,7:35:46,34.64,2.23,273
stress-ng --cpu 16 --cpu-load 70 --timeout 60s --quiet,35,5/15/2026,7:35:47,35.84,2.23,273
stress-ng --cpu 16 --cpu-load 70 --timeout 60s --quiet,35,5/15/2026,7:35:48,34.93,2.23,271
stress-ng --cpu 16 --cpu-load 70 --timeout 60s --quiet,35,5/15/2026,7:35:49,34.83,2.22,275
stress-ng --cpu 16 --cpu-load 70 --timeout 60s --quiet,35,5/15/2026,7:35:50,35.55,2.23,273
stress-ng --cpu 16 --cpu-load 70 --timeout 60s --quiet,35,5/15/2026,7:35:51,34.89,2.22,272
stress-ng --cpu 16 --cpu-load 70 --timeout 60s --quiet,35,5/15/2026,7:35:52,35.61,2.23,273
stress-ng --cpu 16 --cpu-load 70 --timeout 60s --quiet,35,5/15/2026,7:35:53,35.2,2.22,272
stress-ng --cpu 16 --cpu-load 70 --timeout 60s --quiet,35,5/15/2026,7:35:54,35.08,2.22,272
stress-ng --cpu 16 --cpu-load 70 --timeout 60s --quiet,35,5/15/2026,7:35:55,35.37,2.22,268
stress-ng --cpu 16 --cpu-load 70 --timeout 60s --quiet,35,5/15/2026,7:35:56,34.82,2.21,268
stress-ng --cpu 16 --cpu-load 70 --timeout 60s --quiet,35,5/15/2026,7:35:57,35.66,2.21,272
stress-ng --cpu 16 --cpu-load 70 --timeout 60s --quiet,35,5/15/2026,7:35:58,34.75,2.21,269
stress-ng --cpu 16 --cpu-load 70 --timeout 60s --quiet,35,5/15/2026,7:35:59,35.64,2.21,272
stress-ng --cpu 16 --cpu-load 70 --timeout 60s --quiet,35,5/15/2026,7:36:00,35.15,2.21,271
stress-ng --cpu 16 --cpu-load 70 --timeout 60s --quiet,35,5/15/2026,7:36:01,34.82,2.2,269
stress-ng --cpu 16 --cpu-load 70 --timeout 60s --quiet,35,5/15/2026,7:36:02,35.53,2.2,271
stress-ng --cpu 16 --cpu-load 70 --timeout 60s --quiet,35,5/15/2026,7:36:03,35.02,2.19,272
stress-ng --cpu 16 --cpu-load 70 --timeout 60s --quiet,35,5/15/2026,7:36:04,35.59,2.19,273
stress-ng --cpu 16 --cpu-load 70 --timeout 60s --quiet,35,5/15/2026,7:36:05,34.98,2.19,267
stress-ng --cpu 16 --cpu-load 70 --timeout 60s --quiet,35,5/15/2026,7:36:06,35.29,2.19,269
stress-ng --cpu 16 --cpu-load 70 --timeout 60s --quiet,35,5/15/2026,7:36:07,35.31,2.19,271
stress-ng --cpu 16 --cpu-load 70 --timeout 60s --quiet,35,5/15/2026,7:36:08,35.14,2.19,270
stress-ng --cpu 16 --cpu-load 70 --timeout 60s --quiet,35,5/15/2026,7:36:09,35.27,2.18,271
stress-ng --cpu 16 --cpu-load 70 --timeout 60s --quiet,35,5/15/2026,7:36:10,35.25,2.18,272
stress-ng --cpu 16 --cpu-load 70 --timeout 60s --quiet,35,5/15/2026,7:36:11,35.32,2.18,272
stress-ng --cpu 16 --cpu-load 70 --timeout 60s --quiet,35,5/15/2026,7:36:12,35.12,2.17,272.5
stress-ng --cpu 16 --cpu-load 70 --timeout 60s --quiet,35,5/15/2026,7:36:13,35.32,2.18,273
stress-ng --cpu 16 --cpu-load 70 --timeout 60s --quiet,35,5/15/2026,7:36:14,35.25,2.17,266
stress-ng --cpu 16 --cpu-load 70 --timeout 60s --quiet,35,5/15/2026,7:36:15,35.1,2.17,274
stress-ng --cpu 16 --cpu-load 70 --timeout 60s --quiet,35,5/15/2026,7:36:16,35.13,2.17,274
stress-ng --cpu 16 --cpu-load 70 --timeout 60s --quiet,35,5/15/2026,7:36:17,35.34,2.18,275
stress-ng --cpu 16 --cpu-load 70 --timeout 60s --quiet,35,5/15/2026,7:36:18,35.46,2.18,277
stress-ng --cpu 16 --cpu-load 70 --timeout 60s --quiet,35,5/15/2026,7:36:19,35.08,2.18,279
stress-ng --cpu 16 --cpu-load 70 --timeout 60s --quiet,35,5/15/2026,7:36:20,35.18,2.18,276
stress-ng --cpu 16 --cpu-load 70 --timeout 60s --quiet,35,5/15/2026,7:36:21,35.19,2.18,275
stress-ng --cpu 16 --cpu-load 70 --timeout 60s --quiet,35,5/15/2026,7:36:22,35.21,2.17,277
stress-ng --cpu 16 --cpu-load 70 --timeout 60s --quiet,35,5/15/2026,7:36:23,35.54,2.17,271
stress-ng --cpu 16 --cpu-load 70 --timeout 60s --quiet,35,5/15/2026,7:36:24,35.03,2.17,277
stress-ng --cpu 16 --cpu-load 70 --timeout 60s --quiet,35,5/15/2026,7:36:25,35.28,2.17,276
stress-ng --cpu 16 --cpu-load 70 --timeout 60s --quiet,35,5/15/2026,7:36:26,35.12,2.17,275
stress-ng --cpu 16 --cpu-load 70 --timeout 60s --quiet,35,5/15/2026,7:36:27,35.115,2.17,275
stress-ng --cpu 16 --cpu-load 70 --timeout 60s --quiet,35,5/15/2026,7:36:28,35.11,2.17,276
stress-ng --cpu 16 --cpu-load 70 --timeout 60s --quiet,35,5/15/2026,7:36:29,35.47,2.17,277
stress-ng --cpu 16 --cpu-load 70 --timeout 60s --quiet,35,5/15/2026,7:36:30,34.91,2.17,273
stress-ng --cpu 16 --cpu-load 70 --timeout 60s --quiet,35,5/15/2026,7:36:31,35.53,2.17,270
stress-ng --cpu 16 --cpu-load 70 --timeout 60s --quiet,35,5/15/2026,7:36:32,35,2.17,266
stress-ng --cpu 16 --cpu-load 70 --timeout 60s --quiet,35,5/15/2026,7:36:33,35.48,2.17,270
stress-ng --cpu 16 --cpu-load 70 --timeout 60s --quiet,35,5/15/2026,7:36:34,34.91,2.17,273
stress-ng --cpu 16 --cpu-load 70 --timeout 60s --quiet,35,5/15/2026,7:36:35,35.42,2.16,276
stress-ng --cpu 16 --cpu-load 70 --timeout 60s --quiet,35,5/15/2026,7:36:36,35.22,2.16,283
stress-ng --cpu 16 --cpu-load 70 --timeout 60s --quiet,35,5/15/2026,7:36:37,35,2.16,271
stress-ng --cpu 16 --cpu-load 70 --timeout 60s --quiet,35,5/15/2026,7:36:38,35.53,2.17,274
stress-ng --cpu 16 --cpu-load 70 --timeout 60s --quiet,35,5/15/2026,16:42:56,28.13,2.26,130
stress-ng --cpu 16 --cpu-load 70 --timeout 60s --quiet,35,5/15/2026,16:42:57,34.96,2.27,263
stress-ng --cpu 16 --cpu-load 70 --timeout 60s --quiet,35,5/15/2026,16:42:58,34.96,2.26,255
stress-ng --cpu 16 --cpu-load 70 --timeout 60s --quiet,35,5/15/2026,16:42:59,35.13,2.26,259
stress-ng --cpu 16 --cpu-load 70 --timeout 60s --quiet,35,5/15/2026,16:43:00,35.52,2.26,262
stress-ng --cpu 16 --cpu-load 70 --timeout 60s --quiet,35,5/15/2026,16:43:01,35.235,2.26,264
stress-ng --cpu 16 --cpu-load 70 --timeout 60s --quiet,35,5/15/2026,16:43:02,34.95,2.26,264
stress-ng --cpu 16 --cpu-load 70 --timeout 60s --quiet,35,5/15/2026,16:43:03,35.09,2.26,262
stress-ng --cpu 16 --cpu-load 70 --timeout 60s --quiet,35,5/15/2026,16:43:04,35.49,2.26,259
stress-ng --cpu 16 --cpu-load 70 --timeout 60s --quiet,35,5/15/2026,16:43:05,35.3,2.27,259
stress-ng --cpu 16 --cpu-load 70 --timeout 60s --quiet,35,5/15/2026,16:43:06,35.31,2.26,262
stress-ng --cpu 16 --cpu-load 70 --timeout 60s --quiet,35,5/15/2026,16:43:07,35.08,2.25,262
stress-ng --cpu 16 --cpu-load 70 --timeout 60s --quiet,35,5/15/2026,16:43:08,35.14,2.25,260
stress-ng --cpu 16 --cpu-load 70 --timeout 60s --quiet,35,5/15/2026,16:43:09,35.29,2.25,268
stress-ng --cpu 16 --cpu-load 70 --timeout 60s --quiet,35,5/15/2026,16:43:10,35.3,2.25,262
stress-ng --cpu 16 --cpu-load 70 --timeout 60s --quiet,35,5/15/2026,16:43:11,35.02,2.25,264
stress-ng --cpu 16 --cpu-load 70 --timeout 60s --quiet,35,5/15/2026,16:43:12,35.35,2.25,264
stress-ng --cpu 16 --cpu-load 70 --timeout 60s --quiet,35,5/15/2026,16:43:13,35.28,2.24,265
stress-ng --cpu 16 --cpu-load 70 --timeout 60s --quiet,35,5/15/2026,16:43:14,35.1,2.24,264
stress-ng --cpu 16 --cpu-load 70 --timeout 60s --quiet,35,5/15/2026,16:43:15,35.27,2.24,262
stress-ng --cpu 16 --cpu-load 70 --timeout 60s --quiet,35,5/15/2026,16:43:16,35.11,2.24,263
stress-ng --cpu 16 --cpu-load 70 --timeout 60s --quiet,35,5/15/2026,16:43:17,35.08,2.23,265
stress-ng --cpu 16 --cpu-load 70 --timeout 60s --quiet,35,5/15/2026,16:43:18,35.74,2.23,263
stress-ng --cpu 16 --cpu-load 70 --timeout 60s --quiet,35,5/15/2026,16:43:19,34.7,2.23,264
stress-ng --cpu 16 --cpu-load 70 --timeout 60s --quiet,35,5/15/2026,16:43:20,35.67,2.23,264.5
stress-ng --cpu 16 --cpu-load 70 --timeout 60s --quiet,35,5/15/2026,16:43:21,35.11,2.23,265
stress-ng --cpu 16 --cpu-load 70 --timeout 60s --quiet,35,5/15/2026,16:43:22,35.13,2.23,268
stress-ng --cpu 16 --cpu-load 70 --timeout 60s --quiet,35,5/15/2026,16:43:23,35.41,2.23,267
stress-ng --cpu 16 --cpu-load 70 --timeout 60s --quiet,35,5/15/2026,16:43:24,35.06,2.23,265
stress-ng --cpu 16 --cpu-load 70 --timeout 60s --quiet,35,5/15/2026,16:43:25,34.76,2.23,267
stress-ng --cpu 16 --cpu-load 70 --timeout 60s --quiet,35,5/15/2026,16:43:26,35.62,2.23,268
stress-ng --cpu 16 --cpu-load 70 --timeout 60s --quiet,35,5/15/2026,16:43:27,35.08,2.23,270
stress-ng --cpu 16 --cpu-load 70 --timeout 60s --quiet,35,5/15/2026,16:43:28,35.23,2.23,267
stress-ng --cpu 16 --cpu-load 70 --timeout 60s --quiet,35,5/15/2026,16:43:29,35.52,2.22,270
stress-ng --cpu 16 --cpu-load 70 --timeout 60s --quiet,35,5/15/2026,16:43:30,35.07,2.23,271
stress-ng --cpu 16 --cpu-load 70 --timeout 60s --quiet,35,5/15/2026,16:43:31,35.39,2.23,267
stress-ng --cpu 16 --cpu-load 70 --timeout 60s --quiet,35,5/15/2026,16:43:32,35.2,2.22,269
stress-ng --cpu 16 --cpu-load 70 --timeout 60s --quiet,35,5/15/2026,16:43:33,35.02,2.22,271
stress-ng --cpu 16 --cpu-load 70 --timeout 60s --quiet,35,5/15/2026,16:43:34,35.4,2.22,267
stress-ng --cpu 16 --cpu-load 70 --timeout 60s --quiet,35,5/15/2026,16:43:35,35.28,2.22,268
stress-ng --cpu 16 --cpu-load 70 --timeout 60s --quiet,35,5/15/2026,16:43:36,34.9,2.22,274
stress-ng --cpu 16 --cpu-load 70 --timeout 60s --quiet,35,5/15/2026,16:43:37,35.61,2.22,267
stress-ng --cpu 16 --cpu-load 70 --timeout 60s --quiet,35,5/15/2026,16:43:38,35.22,2.22,269
stress-ng --cpu 16 --cpu-load 70 --timeout 60s --quiet,35,5/15/2026,16:43:39,35.02,2.21,271
stress-ng --cpu 16 --cpu-load 70 --timeout 60s --quiet,35,5/15/2026,16:43:40,35.46,2.21,271
stress-ng --cpu 16 --cpu-load 70 --timeout 60s --quiet,35,5/15/2026,16:43:41,35.11,2.21,271
stress-ng --cpu 16 --cpu-load 70 --timeout 60s --quiet,35,5/15/2026,16:43:42,35.26,2.21,270
stress-ng --cpu 16 --cpu-load 70 --timeout 60s --quiet,35,5/15/2026,16:43:43,35.31,2.21,270
stress-ng --cpu 16 --cpu-load 70 --timeout 60s --quiet,35,5/15/2026,16:43:44,35.14,2.21,271
stress-ng --cpu 16 --cpu-load 70 --timeout 60s --quiet,35,5/15/2026,16:43:45,35.05,2.21,274
stress-ng --cpu 16 --cpu-load 70 --timeout 60s --quiet,35,5/15/2026,16:43:46,35.6,2.2,273
stress-ng --cpu 16 --cpu-load 70 --timeout 60s --quiet,35,5/15/2026,16:43:47,35.08,2.2,274
stress-ng --cpu 16 --cpu-load 70 --timeout 60s --quiet,35,5/15/2026,16:43:48,35.14,2.2,271
stress-ng --cpu 16 --cpu-load 70 --timeout 60s --quiet,35,5/15/2026,16:43:49,35.29,2.2,271
stress-ng --cpu 16 --cpu-load 70 --timeout 60s --quiet,35,5/15/2026,16:43:50,35,2.2,275
stress-ng --cpu 16 --cpu-load 70 --timeout 60s --quiet,35,5/15/2026,16:43:51,35.4,2.2,273
stress-ng --cpu 16 --cpu-load 70 --timeout 60s --quiet,35,5/15/2026,16:43:52,35.16,2.2,271
stress-ng --cpu 16 --cpu-load 70 --timeout 60s --quiet,35,5/15/2026,16:43:53,35.2,2.21,275
stress-ng --cpu 16 --cpu-load 70 --timeout 60s --quiet,35,5/15/2026,16:43:54,35.55,2.21,271
stress-ng --cpu 16 --cpu-load 70 --timeout 60s --quiet,35,5/15/2026,16:43:55,35.15,2.21,272
stress-ng --cpu 16 --cpu-load 70 --timeout 60s --quiet,35,5/15/2026,16:43:56,10.16,2.14,271
stress-ng --cpu 16 --cpu-load 72 --timeout 60s --quiet,36,5/14/2026,20:58:12,0.18,2.12,113
stress-ng --cpu 16 --cpu-load 72 --timeout 60s --quiet,36,5/14/2026,20:58:13,33.91,2.25,229
stress-ng --cpu 16 --cpu-load 72 --timeout 60s --quiet,36,5/14/2026,20:58:14,36.25,2.26,270
stress-ng --cpu 16 --cpu-load 72 --timeout 60s --quiet,36,5/14/2026,20:58:15,35.77,2.26,272
stress-ng --cpu 16 --cpu-load 72 --timeout 60s --quiet,36,5/14/2026,20:58:16,36.22,2.23,275
stress-ng --cpu 16 --cpu-load 72 --timeout 60s --quiet,36,5/14/2026,20:58:17,36.41,2.23,274
stress-ng --cpu 16 --cpu-load 72 --timeout 60s --quiet,36,5/14/2026,20:58:18,36.35,2.22,271
stress-ng --cpu 16 --cpu-load 72 --timeout 60s --quiet,36,5/14/2026,20:58:19,36.29,2.21,275
stress-ng --cpu 16 --cpu-load 72 --timeout 60s --quiet,36,5/14/2026,20:58:20,36.07,2.2,270
stress-ng --cpu 16 --cpu-load 72 --timeout 60s --quiet,36,5/14/2026,20:58:21,36.1,2.2,272
stress-ng --cpu 16 --cpu-load 72 --timeout 60s --quiet,36,5/14/2026,20:58:22,36.32,2.2,271
stress-ng --cpu 16 --cpu-load 72 --timeout 60s --quiet,36,5/14/2026,20:58:23,36.28,2.19,273
stress-ng --cpu 16 --cpu-load 72 --timeout 60s --quiet,36,5/14/2026,20:58:24,36.16,2.18,272
stress-ng --cpu 16 --cpu-load 72 --timeout 60s --quiet,36,5/14/2026,20:58:25,36.11,2.18,272
stress-ng --cpu 16 --cpu-load 72 --timeout 60s --quiet,36,5/14/2026,20:58:26,36.32,2.18,272
stress-ng --cpu 16 --cpu-load 72 --timeout 60s --quiet,36,5/14/2026,20:58:27,36.13,2.18,273
stress-ng --cpu 16 --cpu-load 72 --timeout 60s --quiet,36,5/14/2026,20:58:28,36.21,2.18,273
stress-ng --cpu 16 --cpu-load 72 --timeout 60s --quiet,36,5/14/2026,20:58:29,36.08,2.18,273
stress-ng --cpu 16 --cpu-load 72 --timeout 60s --quiet,36,5/14/2026,20:58:30,36.37,2.18,274
stress-ng --cpu 16 --cpu-load 72 --timeout 60s --quiet,36,5/14/2026,20:58:31,36.22,2.18,274
stress-ng --cpu 16 --cpu-load 72 --timeout 60s --quiet,36,5/14/2026,20:58:32,36.13,2.18,277
stress-ng --cpu 16 --cpu-load 72 --timeout 60s --quiet,36,5/14/2026,20:58:33,36.18,2.18,271
stress-ng --cpu 16 --cpu-load 72 --timeout 60s --quiet,36,5/14/2026,20:58:34,36.29,2.18,277
stress-ng --cpu 16 --cpu-load 72 --timeout 60s --quiet,36,5/14/2026,20:58:35,36.42,2.18,273
stress-ng --cpu 16 --cpu-load 72 --timeout 60s --quiet,36,5/14/2026,20:58:36,36.24,2.18,275
stress-ng --cpu 16 --cpu-load 72 --timeout 60s --quiet,36,5/14/2026,20:58:37,36.02,2.19,282
stress-ng --cpu 16 --cpu-load 72 --timeout 60s --quiet,36,5/14/2026,20:58:38,36.39,2.18,278
stress-ng --cpu 16 --cpu-load 72 --timeout 60s --quiet,36,5/14/2026,20:58:39,36.2,2.18,282
stress-ng --cpu 16 --cpu-load 72 --timeout 60s --quiet,36,5/14/2026,20:58:40,36.08,2.18,275
stress-ng --cpu 16 --cpu-load 72 --timeout 60s --quiet,36,5/14/2026,20:58:41,36.21,2.17,280
stress-ng --cpu 16 --cpu-load 72 --timeout 60s --quiet,36,5/14/2026,20:58:42,36.14,2.18,271
stress-ng --cpu 16 --cpu-load 72 --timeout 60s --quiet,36,5/14/2026,20:58:43,36.15,2.17,271
stress-ng --cpu 16 --cpu-load 72 --timeout 60s --quiet,36,5/14/2026,20:58:44,36.19,2.17,273
stress-ng --cpu 16 --cpu-load 72 --timeout 60s --quiet,36,5/14/2026,20:58:45,36.15,2.17,275
stress-ng --cpu 16 --cpu-load 72 --timeout 60s --quiet,36,5/14/2026,20:58:46,36.45,2.17,272
stress-ng --cpu 16 --cpu-load 72 --timeout 60s --quiet,36,5/14/2026,20:58:47,36.02,2.17,278
stress-ng --cpu 16 --cpu-load 72 --timeout 60s --quiet,36,5/14/2026,20:58:48,36.2,2.17,272
stress-ng --cpu 16 --cpu-load 72 --timeout 60s --quiet,36,5/14/2026,20:58:49,36.19,2.17,276
stress-ng --cpu 16 --cpu-load 72 --timeout 60s --quiet,36,5/14/2026,20:58:50,36.19,2.17,274
stress-ng --cpu 16 --cpu-load 72 --timeout 60s --quiet,36,5/14/2026,20:58:51,36.18,2.17,272
stress-ng --cpu 16 --cpu-load 72 --timeout 60s --quiet,36,5/14/2026,20:58:52,36.52,2.17,275.5
stress-ng --cpu 16 --cpu-load 72 --timeout 60s --quiet,36,5/14/2026,20:58:53,36.06,2.17,279
stress-ng --cpu 16 --cpu-load 72 --timeout 60s --quiet,36,5/14/2026,20:58:54,36.2,2.17,277
stress-ng --cpu 16 --cpu-load 72 --timeout 60s --quiet,36,5/14/2026,20:58:55,36.01,2.17,278
stress-ng --cpu 16 --cpu-load 72 --timeout 60s --quiet,36,5/14/2026,20:58:56,36.37,2.16,280
stress-ng --cpu 16 --cpu-load 72 --timeout 60s --quiet,36,5/14/2026,20:58:57,36.24,2.16,277
stress-ng --cpu 16 --cpu-load 72 --timeout 60s --quiet,36,5/14/2026,20:58:58,36.13,2.16,278
stress-ng --cpu 16 --cpu-load 72 --timeout 60s --quiet,36,5/14/2026,20:58:59,36.12,2.16,277
stress-ng --cpu 16 --cpu-load 72 --timeout 60s --quiet,36,5/14/2026,20:59:00,36.47,2.15,278
stress-ng --cpu 16 --cpu-load 72 --timeout 60s --quiet,36,5/14/2026,20:59:01,36.08,2.15,282
stress-ng --cpu 16 --cpu-load 72 --timeout 60s --quiet,36,5/14/2026,20:59:02,36.37,2.15,280
stress-ng --cpu 16 --cpu-load 72 --timeout 60s --quiet,36,5/14/2026,20:59:03,36.09,2.15,288
stress-ng --cpu 16 --cpu-load 72 --timeout 60s --quiet,36,5/14/2026,20:59:04,36.46,2.16,283
stress-ng --cpu 16 --cpu-load 72 --timeout 60s --quiet,36,5/14/2026,20:59:05,36.21,2.16,282
stress-ng --cpu 16 --cpu-load 72 --timeout 60s --quiet,36,5/14/2026,20:59:06,36.06,2.16,283
stress-ng --cpu 16 --cpu-load 72 --timeout 60s --quiet,36,5/14/2026,20:59:07,36.17,2.16,281.5
stress-ng --cpu 16 --cpu-load 72 --timeout 60s --quiet,36,5/14/2026,20:59:08,36.165,2.16,280
stress-ng --cpu 16 --cpu-load 72 --timeout 60s --quiet,36,5/14/2026,20:59:09,36.16,2.16,282
stress-ng --cpu 16 --cpu-load 72 --timeout 60s --quiet,36,5/14/2026,20:59:10,36.2,2.16,279
stress-ng --cpu 16 --cpu-load 72 --timeout 60s --quiet,36,5/14/2026,20:59:11,36.3,2.16,279
stress-ng --cpu 16 --cpu-load 72 --timeout 60s --quiet,36,5/14/2026,20:59:12,36.2,2.16,283
stress-ng --cpu 16 --cpu-load 72 --timeout 60s --quiet,36,5/15/2026,9:33:55,0.12,2.12,120
stress-ng --cpu 16 --cpu-load 72 --timeout 60s --quiet,36,5/15/2026,9:33:56,33.15,2.25,110
stress-ng --cpu 16 --cpu-load 72 --timeout 60s --quiet,36,5/15/2026,9:33:57,36.16,2.26,252
stress-ng --cpu 16 --cpu-load 72 --timeout 60s --quiet,36,5/15/2026,9:33:58,36.08,2.26,265
stress-ng --cpu 16 --cpu-load 72 --timeout 60s --quiet,36,5/15/2026,9:33:59,36.15,2.26,261
stress-ng --cpu 16 --cpu-load 72 --timeout 60s --quiet,36,5/15/2026,9:34:00,36.03,2.26,261
stress-ng --cpu 16 --cpu-load 72 --timeout 60s --quiet,36,5/15/2026,9:34:01,36.51,2.26,259
stress-ng --cpu 16 --cpu-load 72 --timeout 60s --quiet,36,5/15/2026,9:34:02,36.43,2.26,261
stress-ng --cpu 16 --cpu-load 72 --timeout 60s --quiet,36,5/15/2026,9:34:03,36.43,2.26,265
stress-ng --cpu 16 --cpu-load 72 --timeout 60s --quiet,36,5/15/2026,9:34:04,35.56,2.25,272
stress-ng --cpu 16 --cpu-load 72 --timeout 60s --quiet,36,5/15/2026,9:34:05,36.13,2.25,270
stress-ng --cpu 16 --cpu-load 72 --timeout 60s --quiet,36,5/15/2026,9:34:06,36.13,2.24,270
stress-ng --cpu 16 --cpu-load 72 --timeout 60s --quiet,36,5/15/2026,9:34:07,36.63,2.24,265
stress-ng --cpu 16 --cpu-load 72 --timeout 60s --quiet,36,5/15/2026,9:34:08,36.22,2.24,264
stress-ng --cpu 16 --cpu-load 72 --timeout 60s --quiet,36,5/15/2026,9:34:09,36.15,2.23,260
stress-ng --cpu 16 --cpu-load 72 --timeout 60s --quiet,36,5/15/2026,9:34:10,36.3,2.23,265
stress-ng --cpu 16 --cpu-load 72 --timeout 60s --quiet,36,5/15/2026,9:34:11,36.02,2.23,265
stress-ng --cpu 16 --cpu-load 72 --timeout 60s --quiet,36,5/15/2026,9:34:12,36.12,2.225,265
stress-ng --cpu 16 --cpu-load 72 --timeout 60s --quiet,36,5/15/2026,9:34:13,36.22,2.22,265
stress-ng --cpu 16 --cpu-load 72 --timeout 60s --quiet,36,5/15/2026,9:34:14,36.22,2.22,266
stress-ng --cpu 16 --cpu-load 72 --timeout 60s --quiet,36,5/15/2026,9:34:15,36.12,2.21,268
stress-ng --cpu 16 --cpu-load 72 --timeout 60s --quiet,36,5/15/2026,9:34:16,36.16,2.21,268
stress-ng --cpu 16 --cpu-load 72 --timeout 60s --quiet,36,5/15/2026,9:34:17,36.67,2.21,270
stress-ng --cpu 16 --cpu-load 72 --timeout 60s --quiet,36,5/15/2026,9:34:18,36.25,2.21,268
stress-ng --cpu 16 --cpu-load 72 --timeout 60s --quiet,36,5/15/2026,9:34:19,36.14,2.21,269
stress-ng --cpu 16 --cpu-load 72 --timeout 60s --quiet,36,5/15/2026,9:34:20,36.2,2.21,266
stress-ng --cpu 16 --cpu-load 72 --timeout 60s --quiet,36,5/15/2026,9:34:21,36.31,2.21,264
stress-ng --cpu 16 --cpu-load 72 --timeout 60s --quiet,36,5/15/2026,9:34:22,36.08,2.21,263.5
stress-ng --cpu 16 --cpu-load 72 --timeout 60s --quiet,36,5/15/2026,9:34:23,36.31,2.21,263
stress-ng --cpu 16 --cpu-load 72 --timeout 60s --quiet,36,5/15/2026,9:34:24,36.09,2.21,267
stress-ng --cpu 16 --cpu-load 72 --timeout 60s --quiet,36,5/15/2026,9:34:25,36.13,2.21,270
stress-ng --cpu 16 --cpu-load 72 --timeout 60s --quiet,36,5/15/2026,9:34:26,36.25,2.21,265
stress-ng --cpu 16 --cpu-load 72 --timeout 60s --quiet,36,5/15/2026,9:34:27,36.18,2.21,269
stress-ng --cpu 16 --cpu-load 72 --timeout 60s --quiet,36,5/15/2026,9:34:28,36.22,2.21,269
stress-ng --cpu 16 --cpu-load 72 --timeout 60s --quiet,36,5/15/2026,9:34:29,36.11,2.21,268
stress-ng --cpu 16 --cpu-load 72 --timeout 60s --quiet,36,5/15/2026,9:34:30,36.43,2.21,269
stress-ng --cpu 16 --cpu-load 72 --timeout 60s --quiet,36,5/15/2026,9:34:31,36.11,2.21,268
stress-ng --cpu 16 --cpu-load 72 --timeout 60s --quiet,36,5/15/2026,9:34:32,36.08,2.21,269
stress-ng --cpu 16 --cpu-load 72 --timeout 60s --quiet,36,5/15/2026,9:34:33,36.23,2.21,267
stress-ng --cpu 16 --cpu-load 72 --timeout 60s --quiet,36,5/15/2026,9:34:34,36.1,2.2,269
stress-ng --cpu 16 --cpu-load 72 --timeout 60s --quiet,36,5/15/2026,9:34:35,36.52,2.21,269
stress-ng --cpu 16 --cpu-load 72 --timeout 60s --quiet,36,5/15/2026,9:34:36,36.25,2.21,269
stress-ng --cpu 16 --cpu-load 72 --timeout 60s --quiet,36,5/15/2026,9:34:37,36.19,2.21,271
stress-ng --cpu 16 --cpu-load 72 --timeout 60s --quiet,36,5/15/2026,9:34:38,36.32,2.21,270
stress-ng --cpu 16 --cpu-load 72 --timeout 60s --quiet,36,5/15/2026,9:34:39,36.35,2.2,272
stress-ng --cpu 16 --cpu-load 72 --timeout 60s --quiet,36,5/15/2026,9:34:40,36.24,2.21,270
stress-ng --cpu 16 --cpu-load 72 --timeout 60s --quiet,36,5/15/2026,9:34:41,36.06,2.2,272
stress-ng --cpu 16 --cpu-load 72 --timeout 60s --quiet,36,5/15/2026,9:34:42,36.06,2.2,278
stress-ng --cpu 16 --cpu-load 72 --timeout 60s --quiet,36,5/15/2026,9:34:43,36.18,2.2,272
stress-ng --cpu 16 --cpu-load 72 --timeout 60s --quiet,36,5/15/2026,9:34:44,36.39,2.2,273
stress-ng --cpu 16 --cpu-load 72 --timeout 60s --quiet,36,5/15/2026,9:34:45,36.29,2.2,274
stress-ng --cpu 16 --cpu-load 72 --timeout 60s --quiet,36,5/15/2026,9:34:46,36.22,2.2,268
stress-ng --cpu 16 --cpu-load 72 --timeout 60s --quiet,36,5/15/2026,9:34:47,36.11,2.19,271
stress-ng --cpu 16 --cpu-load 72 --timeout 60s --quiet,36,5/15/2026,9:34:48,36.22,2.19,273
stress-ng --cpu 16 --cpu-load 72 --timeout 60s --quiet,36,5/15/2026,9:34:49,36.35,2.19,267
stress-ng --cpu 16 --cpu-load 72 --timeout 60s --quiet,36,5/15/2026,9:34:50,35.92,2.19,272
stress-ng --cpu 16 --cpu-load 72 --timeout 60s --quiet,36,5/15/2026,9:34:51,36.13,2.19,270
stress-ng --cpu 16 --cpu-load 72 --timeout 60s --quiet,36,5/15/2026,9:34:52,36.39,2.18,269
stress-ng --cpu 16 --cpu-load 72 --timeout 60s --quiet,36,5/15/2026,9:34:53,36.17,2.18,268
stress-ng --cpu 16 --cpu-load 72 --timeout 60s --quiet,36,5/15/2026,9:34:54,36.15,2.18,267
stress-ng --cpu 16 --cpu-load 72 --timeout 60s --quiet,36,5/15/2026,9:34:55,36.36,2.17,272
stress-ng --cpu 16 --cpu-load 72 --timeout 60s --quiet,36,5/15/2026,15:40:48,16.56,2.24,122
stress-ng --cpu 16 --cpu-load 72 --timeout 60s --quiet,36,5/15/2026,15:40:49,36.08,2.24,211
stress-ng --cpu 16 --cpu-load 72 --timeout 60s --quiet,36,5/15/2026,15:40:50,35.33,2.24,282
stress-ng --cpu 16 --cpu-load 72 --timeout 60s --quiet,36,5/15/2026,15:40:51,36.01,2.24,281
stress-ng --cpu 16 --cpu-load 72 --timeout 60s --quiet,36,5/15/2026,15:40:52,36.32,2.24,280
stress-ng --cpu 16 --cpu-load 72 --timeout 60s --quiet,36,5/15/2026,15:40:53,36.82,2.22,282
stress-ng --cpu 16 --cpu-load 72 --timeout 60s --quiet,36,5/15/2026,15:40:54,36.31,2.22,274
stress-ng --cpu 16 --cpu-load 72 --timeout 60s --quiet,36,5/15/2026,15:40:55,36.04,2.21,273
stress-ng --cpu 16 --cpu-load 72 --timeout 60s --quiet,36,5/15/2026,15:40:56,36.12,2.215,277
stress-ng --cpu 16 --cpu-load 72 --timeout 60s --quiet,36,5/15/2026,15:40:57,36.2,2.22,271
stress-ng --cpu 16 --cpu-load 72 --timeout 60s --quiet,36,5/15/2026,15:40:58,36.45,2.22,275
stress-ng --cpu 16 --cpu-load 72 --timeout 60s --quiet,36,5/15/2026,15:40:59,36.12,2.21,276
stress-ng --cpu 16 --cpu-load 72 --timeout 60s --quiet,36,5/15/2026,15:41:00,36.07,2.21,268
stress-ng --cpu 16 --cpu-load 72 --timeout 60s --quiet,36,5/15/2026,15:41:01,36.62,2.2,272
stress-ng --cpu 16 --cpu-load 72 --timeout 60s --quiet,36,5/15/2026,15:41:02,36.13,2.18,273
stress-ng --cpu 16 --cpu-load 72 --timeout 60s --quiet,36,5/15/2026,15:41:03,36.12,2.18,272
stress-ng --cpu 16 --cpu-load 72 --timeout 60s --quiet,36,5/15/2026,15:41:04,36.3,2.18,275
stress-ng --cpu 16 --cpu-load 72 --timeout 60s --quiet,36,5/15/2026,15:41:05,36.21,2.18,275
stress-ng --cpu 16 --cpu-load 72 --timeout 60s --quiet,36,5/15/2026,15:41:06,36.24,2.18,277
stress-ng --cpu 16 --cpu-load 72 --timeout 60s --quiet,36,5/15/2026,15:41:07,36.16,2.18,277
stress-ng --cpu 16 --cpu-load 72 --timeout 60s --quiet,36,5/15/2026,15:41:08,36.45,2.17,278
stress-ng --cpu 16 --cpu-load 72 --timeout 60s --quiet,36,5/15/2026,15:41:09,36.59,2.18,277
stress-ng --cpu 16 --cpu-load 72 --timeout 60s --quiet,36,5/15/2026,15:41:10,36.15,2.18,274
stress-ng --cpu 16 --cpu-load 72 --timeout 60s --quiet,36,5/15/2026,15:41:11,36.25,2.18,277
stress-ng --cpu 16 --cpu-load 72 --timeout 60s --quiet,36,5/15/2026,15:41:12,36.08,2.18,275
stress-ng --cpu 16 --cpu-load 72 --timeout 60s --quiet,36,5/15/2026,15:41:13,36.08,2.18,277
stress-ng --cpu 16 --cpu-load 72 --timeout 60s --quiet,36,5/15/2026,15:41:14,36.29,2.18,277
stress-ng --cpu 16 --cpu-load 72 --timeout 60s --quiet,36,5/15/2026,15:41:15,36.54,2.18,277
stress-ng --cpu 16 --cpu-load 72 --timeout 60s --quiet,36,5/15/2026,15:41:16,36.29,2.18,280
stress-ng --cpu 16 --cpu-load 72 --timeout 60s --quiet,36,5/15/2026,15:41:17,36.06,2.18,279
stress-ng --cpu 16 --cpu-load 72 --timeout 60s --quiet,36,5/15/2026,15:41:18,36.41,2.18,284
stress-ng --cpu 16 --cpu-load 72 --timeout 60s --quiet,36,5/15/2026,15:41:19,36.42,2.18,278
stress-ng --cpu 16 --cpu-load 72 --timeout 60s --quiet,36,5/15/2026,15:41:20,36.2,2.18,281
stress-ng --cpu 16 --cpu-load 72 --timeout 60s --quiet,36,5/15/2026,15:41:21,36.57,2.19,276
stress-ng --cpu 16 --cpu-load 72 --timeout 60s --quiet,36,5/15/2026,15:41:22,36.16,2.19,276
stress-ng --cpu 16 --cpu-load 72 --timeout 60s --quiet,36,5/15/2026,15:41:23,36.28,2.19,277
stress-ng --cpu 16 --cpu-load 72 --timeout 60s --quiet,36,5/15/2026,15:41:24,36.36,2.19,275
stress-ng --cpu 16 --cpu-load 72 --timeout 60s --quiet,36,5/15/2026,15:41:25,36,2.19,276
stress-ng --cpu 16 --cpu-load 72 --timeout 60s --quiet,36,5/15/2026,15:41:26,36.38,2.19,280
stress-ng --cpu 16 --cpu-load 72 --timeout 60s --quiet,36,5/15/2026,15:41:27,36.22,2.19,281
stress-ng --cpu 16 --cpu-load 72 --timeout 60s --quiet,36,5/15/2026,15:41:28,36.15,2.19,278
stress-ng --cpu 16 --cpu-load 72 --timeout 60s --quiet,36,5/15/2026,15:41:29,36.09,2.19,275
stress-ng --cpu 16 --cpu-load 72 --timeout 60s --quiet,36,5/15/2026,15:41:30,36.35,2.18,278
stress-ng --cpu 16 --cpu-load 72 --timeout 60s --quiet,36,5/15/2026,15:41:31,36.42,2.19,282
stress-ng --cpu 16 --cpu-load 72 --timeout 60s --quiet,36,5/15/2026,15:41:32,36.49,2.19,282
stress-ng --cpu 16 --cpu-load 72 --timeout 60s --quiet,36,5/15/2026,15:41:33,35.92,2.19,281
stress-ng --cpu 16 --cpu-load 72 --timeout 60s --quiet,36,5/15/2026,15:41:34,36.44,2.19,291
stress-ng --cpu 16 --cpu-load 72 --timeout 60s --quiet,36,5/15/2026,15:41:35,36.3,2.19,284
stress-ng --cpu 16 --cpu-load 72 --timeout 60s --quiet,36,5/15/2026,15:41:36,36.42,2.18,281
stress-ng --cpu 16 --cpu-load 72 --timeout 60s --quiet,36,5/15/2026,15:41:37,36.2,2.18,282
stress-ng --cpu 16 --cpu-load 72 --timeout 60s --quiet,36,5/15/2026,15:41:38,36.27,2.18,281
stress-ng --cpu 16 --cpu-load 72 --timeout 60s --quiet,36,5/15/2026,15:41:39,36.24,2.18,284
stress-ng --cpu 16 --cpu-load 72 --timeout 60s --quiet,36,5/15/2026,15:41:40,36.14,2.18,286
stress-ng --cpu 16 --cpu-load 72 --timeout 60s --quiet,36,5/15/2026,15:41:41,35.88,2.18,286
stress-ng --cpu 16 --cpu-load 72 --timeout 60s --quiet,36,5/15/2026,15:41:42,36.25,2.18,284
stress-ng --cpu 16 --cpu-load 72 --timeout 60s --quiet,36,5/15/2026,15:41:43,36.36,2.18,285
stress-ng --cpu 16 --cpu-load 72 --timeout 60s --quiet,36,5/15/2026,15:41:44,36.25,2.17,280
stress-ng --cpu 16 --cpu-load 72 --timeout 60s --quiet,36,5/15/2026,15:41:45,36.24,2.18,282
stress-ng --cpu 16 --cpu-load 72 --timeout 60s --quiet,36,5/15/2026,15:41:46,36.18,2.18,277
stress-ng --cpu 16 --cpu-load 72 --timeout 60s --quiet,36,5/15/2026,15:41:47,36.46,2.18,279
stress-ng --cpu 16 --cpu-load 72 --timeout 60s --quiet,36,5/15/2026,15:41:48,22.48,2.11,275
stress-ng --cpu 16 --cpu-load 74 --timeout 60s --quiet,37,5/14/2026,20:04:05,0.12,2.08,117
stress-ng --cpu 16 --cpu-load 74 --timeout 60s --quiet,37,5/14/2026,20:04:06,16.73,2.2,125
stress-ng --cpu 16 --cpu-load 74 --timeout 60s --quiet,37,5/14/2026,20:04:07,37.33,2.21,267
stress-ng --cpu 16 --cpu-load 74 --timeout 60s --quiet,37,5/14/2026,20:04:08,36.78,2.21,275
stress-ng --cpu 16 --cpu-load 74 --timeout 60s --quiet,37,5/14/2026,20:04:09,37.93,2.21,272
stress-ng --cpu 16 --cpu-load 74 --timeout 60s --quiet,37,5/14/2026,20:04:10,37.13,2.2,271
stress-ng --cpu 16 --cpu-load 74 --timeout 60s --quiet,37,5/14/2026,20:04:11,37.03,2.2,273
stress-ng --cpu 16 --cpu-load 74 --timeout 60s --quiet,37,5/14/2026,20:04:12,37.21,2.19,275
stress-ng --cpu 16 --cpu-load 74 --timeout 60s --quiet,37,5/14/2026,20:04:13,37.06,2.18,273
stress-ng --cpu 16 --cpu-load 74 --timeout 60s --quiet,37,5/14/2026,20:04:14,37.37,2.18,274
stress-ng --cpu 16 --cpu-load 74 --timeout 60s --quiet,37,5/14/2026,20:04:15,37.02,2.18,270
stress-ng --cpu 16 --cpu-load 74 --timeout 60s --quiet,37,5/14/2026,20:04:16,37.17,2.18,273
stress-ng --cpu 16 --cpu-load 74 --timeout 60s --quiet,37,5/14/2026,20:04:17,37.12,2.18,273
stress-ng --cpu 16 --cpu-load 74 --timeout 60s --quiet,37,5/14/2026,20:04:18,37.36,2.18,269
stress-ng --cpu 16 --cpu-load 74 --timeout 60s --quiet,37,5/14/2026,20:04:19,37.15,2.17,270
stress-ng --cpu 16 --cpu-load 74 --timeout 60s --quiet,37,5/14/2026,20:04:20,37.14,2.17,270
stress-ng --cpu 16 --cpu-load 74 --timeout 60s --quiet,37,5/14/2026,20:04:21,37.25,2.17,271
stress-ng --cpu 16 --cpu-load 74 --timeout 60s --quiet,37,5/14/2026,20:04:22,37.11,2.16,270
stress-ng --cpu 16 --cpu-load 74 --timeout 60s --quiet,37,5/14/2026,20:04:23,37.24,2.16,273
stress-ng --cpu 16 --cpu-load 74 --timeout 60s --quiet,37,5/14/2026,20:04:24,37.32,2.16,275
stress-ng --cpu 16 --cpu-load 74 --timeout 60s --quiet,37,5/14/2026,20:04:25,37.18,2.16,269
stress-ng --cpu 16 --cpu-load 74 --timeout 60s --quiet,37,5/14/2026,20:04:26,37.02,2.16,274
stress-ng --cpu 16 --cpu-load 74 --timeout 60s --quiet,37,5/14/2026,20:04:27,37.35,2.15,276
stress-ng --cpu 16 --cpu-load 74 --timeout 60s --quiet,37,5/14/2026,20:04:28,37.09,2.15,278
stress-ng --cpu 16 --cpu-load 74 --timeout 60s --quiet,37,5/14/2026,20:04:29,37.08,2.15,279
stress-ng --cpu 16 --cpu-load 74 --timeout 60s --quiet,37,5/14/2026,20:04:30,37.32,2.15,275
stress-ng --cpu 16 --cpu-load 74 --timeout 60s --quiet,37,5/14/2026,20:04:31,37.37,2.15,271
stress-ng --cpu 16 --cpu-load 74 --timeout 60s --quiet,37,5/14/2026,20:04:32,37.2,2.15,275
stress-ng --cpu 16 --cpu-load 74 --timeout 60s --quiet,37,5/14/2026,20:04:33,37.15,2.14,276
stress-ng --cpu 16 --cpu-load 74 --timeout 60s --quiet,37,5/14/2026,20:04:34,37.23,2.15,278
stress-ng --cpu 16 --cpu-load 74 --timeout 60s --quiet,37,5/14/2026,20:04:35,37.09,2.14,278
stress-ng --cpu 16 --cpu-load 74 --timeout 60s --quiet,37,5/14/2026,20:04:36,37.08,2.14,278
stress-ng --cpu 16 --cpu-load 74 --timeout 60s --quiet,37,5/14/2026,20:04:37,37.23,2.14,278
stress-ng --cpu 16 --cpu-load 74 --timeout 60s --quiet,37,5/14/2026,20:04:38,37.22,2.14,276
stress-ng --cpu 16 --cpu-load 74 --timeout 60s --quiet,37,5/14/2026,20:04:39,37.14,2.14,273
stress-ng --cpu 16 --cpu-load 74 --timeout 60s --quiet,37,5/14/2026,20:04:40,37.37,2.14,277
stress-ng --cpu 16 --cpu-load 74 --timeout 60s --quiet,37,5/14/2026,20:04:41,37.1,2.14,271
stress-ng --cpu 16 --cpu-load 74 --timeout 60s --quiet,37,5/14/2026,20:04:42,37.21,2.14,273
stress-ng --cpu 16 --cpu-load 74 --timeout 60s --quiet,37,5/14/2026,20:04:43,37.28,2.14,275.5
stress-ng --cpu 16 --cpu-load 74 --timeout 60s --quiet,37,5/14/2026,20:04:44,37.14,2.14,278
stress-ng --cpu 16 --cpu-load 74 --timeout 60s --quiet,37,5/14/2026,20:04:45,37.14,2.14,272
stress-ng --cpu 16 --cpu-load 74 --timeout 60s --quiet,37,5/14/2026,20:04:46,37.3,2.13,273
stress-ng --cpu 16 --cpu-load 74 --timeout 60s --quiet,37,5/14/2026,20:04:47,37.22,2.14,273
stress-ng --cpu 16 --cpu-load 74 --timeout 60s --quiet,37,5/14/2026,20:04:48,37.33,2.14,274
stress-ng --cpu 16 --cpu-load 74 --timeout 60s --quiet,37,5/14/2026,20:04:49,37.175,2.14,273
stress-ng --cpu 16 --cpu-load 74 --timeout 60s --quiet,37,5/14/2026,20:04:50,37.02,2.14,275
stress-ng --cpu 16 --cpu-load 74 --timeout 60s --quiet,37,5/14/2026,20:04:51,37.13,2.14,280
stress-ng --cpu 16 --cpu-load 74 --timeout 60s --quiet,37,5/14/2026,20:04:52,37.2,2.14,276
stress-ng --cpu 16 --cpu-load 74 --timeout 60s --quiet,37,5/14/2026,20:04:53,37.23,2.14,276
stress-ng --cpu 16 --cpu-load 74 --timeout 60s --quiet,37,5/14/2026,20:04:54,37.14,2.14,280
stress-ng --cpu 16 --cpu-load 74 --timeout 60s --quiet,37,5/14/2026,20:04:55,37.13,2.14,277
stress-ng --cpu 16 --cpu-load 74 --timeout 60s --quiet,37,5/14/2026,20:04:56,37.33,2.14,278
stress-ng --cpu 16 --cpu-load 74 --timeout 60s --quiet,37,5/14/2026,20:04:57,37.33,2.14,277
stress-ng --cpu 16 --cpu-load 74 --timeout 60s --quiet,37,5/14/2026,20:04:58,37.06,2.14,276
stress-ng --cpu 16 --cpu-load 74 --timeout 60s --quiet,37,5/14/2026,20:04:59,37.35,2.13,278
stress-ng --cpu 16 --cpu-load 74 --timeout 60s --quiet,37,5/14/2026,20:05:00,37.13,2.14,279
stress-ng --cpu 16 --cpu-load 74 --timeout 60s --quiet,37,5/14/2026,20:05:01,37.24,2.14,280
stress-ng --cpu 16 --cpu-load 74 --timeout 60s --quiet,37,5/14/2026,20:05:02,37.14,2.13,282
stress-ng --cpu 16 --cpu-load 74 --timeout 60s --quiet,37,5/14/2026,20:05:03,37.19,2.13,284
stress-ng --cpu 16 --cpu-load 74 --timeout 60s --quiet,37,5/14/2026,20:05:04,37.42,2.13,283
stress-ng --cpu 16 --cpu-load 74 --timeout 60s --quiet,37,5/14/2026,20:05:05,37.42,2.13,280
stress-ng --cpu 16 --cpu-load 74 --timeout 60s --quiet,37,5/15/2026,12:54:23,0.09,2.13,136
stress-ng --cpu 16 --cpu-load 74 --timeout 60s --quiet,37,5/15/2026,12:54:24,19.15,2.25,136
stress-ng --cpu 16 --cpu-load 74 --timeout 60s --quiet,37,5/15/2026,12:54:25,37.24,2.25,258
stress-ng --cpu 16 --cpu-load 74 --timeout 60s --quiet,37,5/15/2026,12:54:26,37.32,2.25,264
stress-ng --cpu 16 --cpu-load 74 --timeout 60s --quiet,37,5/15/2026,12:54:27,37.3,2.24,265
stress-ng --cpu 16 --cpu-load 74 --timeout 60s --quiet,37,5/15/2026,12:54:28,37.14,2.24,262
stress-ng --cpu 16 --cpu-load 74 --timeout 60s --quiet,37,5/15/2026,12:54:29,37.31,2.23,260
stress-ng --cpu 16 --cpu-load 74 --timeout 60s --quiet,37,5/15/2026,12:54:30,37.34,2.23,261
stress-ng --cpu 16 --cpu-load 74 --timeout 60s --quiet,37,5/15/2026,12:54:31,37.43,2.23,261
stress-ng --cpu 16 --cpu-load 74 --timeout 60s --quiet,37,5/15/2026,12:54:32,37.13,2.23,256
stress-ng --cpu 16 --cpu-load 74 --timeout 60s --quiet,37,5/15/2026,12:54:33,37.23,2.23,258
stress-ng --cpu 16 --cpu-load 74 --timeout 60s --quiet,37,5/15/2026,12:54:34,37.17,2.23,258
stress-ng --cpu 16 --cpu-load 74 --timeout 60s --quiet,37,5/15/2026,12:54:35,37.28,2.23,261
stress-ng --cpu 16 --cpu-load 74 --timeout 60s --quiet,37,5/15/2026,12:54:36,37.44,2.23,261
stress-ng --cpu 16 --cpu-load 74 --timeout 60s --quiet,37,5/15/2026,12:54:37,37.17,2.23,262.5
stress-ng --cpu 16 --cpu-load 74 --timeout 60s --quiet,37,5/15/2026,12:54:38,37.13,2.23,264
stress-ng --cpu 16 --cpu-load 74 --timeout 60s --quiet,37,5/15/2026,12:54:39,37.17,2.22,260
stress-ng --cpu 16 --cpu-load 74 --timeout 60s --quiet,37,5/15/2026,12:54:40,37.35,2.22,260
stress-ng --cpu 16 --cpu-load 74 --timeout 60s --quiet,37,5/15/2026,12:54:41,37.31,2.22,265
stress-ng --cpu 16 --cpu-load 74 --timeout 60s --quiet,37,5/15/2026,12:54:42,37.18,2.22,262
stress-ng --cpu 16 --cpu-load 74 --timeout 60s --quiet,37,5/15/2026,12:54:43,37.25,2.22,262
stress-ng --cpu 16 --cpu-load 74 --timeout 60s --quiet,37,5/15/2026,12:54:44,37.22,2.22,263
stress-ng --cpu 16 --cpu-load 74 --timeout 60s --quiet,37,5/15/2026,12:54:45,37.29,2.22,264
stress-ng --cpu 16 --cpu-load 74 --timeout 60s --quiet,37,5/15/2026,12:54:46,37.35,2.22,263
stress-ng --cpu 16 --cpu-load 74 --timeout 60s --quiet,37,5/15/2026,12:54:47,37.24,2.22,268
stress-ng --cpu 16 --cpu-load 74 --timeout 60s --quiet,37,5/15/2026,12:54:48,37.22,2.21,266
stress-ng --cpu 16 --cpu-load 74 --timeout 60s --quiet,37,5/15/2026,12:54:49,37.3,2.21,265
stress-ng --cpu 16 --cpu-load 74 --timeout 60s --quiet,37,5/15/2026,12:54:50,37.28,2.21,269
stress-ng --cpu 16 --cpu-load 74 --timeout 60s --quiet,37,5/15/2026,12:54:51,37.13,2.21,268
stress-ng --cpu 16 --cpu-load 74 --timeout 60s --quiet,37,5/15/2026,12:54:52,37.2,2.21,271
stress-ng --cpu 16 --cpu-load 74 --timeout 60s --quiet,37,5/15/2026,12:54:53,37.16,2.21,268
stress-ng --cpu 16 --cpu-load 74 --timeout 60s --quiet,37,5/15/2026,12:54:54,37.45,2.21,268
stress-ng --cpu 16 --cpu-load 74 --timeout 60s --quiet,37,5/15/2026,12:54:55,37.15,2.21,271
stress-ng --cpu 16 --cpu-load 74 --timeout 60s --quiet,37,5/15/2026,12:54:56,37.2,2.21,270
stress-ng --cpu 16 --cpu-load 74 --timeout 60s --quiet,37,5/15/2026,12:54:57,37.225,2.21,271
stress-ng --cpu 16 --cpu-load 74 --timeout 60s --quiet,37,5/15/2026,12:54:58,37.25,2.21,273
stress-ng --cpu 16 --cpu-load 74 --timeout 60s --quiet,37,5/15/2026,12:54:59,37.4,2.21,270
stress-ng --cpu 16 --cpu-load 74 --timeout 60s --quiet,37,5/15/2026,12:55:00,37.23,2.21,273
stress-ng --cpu 16 --cpu-load 74 --timeout 60s --quiet,37,5/15/2026,12:55:01,37.18,2.21,272
stress-ng --cpu 16 --cpu-load 74 --timeout 60s --quiet,37,5/15/2026,12:55:02,37.15,2.2,269
stress-ng --cpu 16 --cpu-load 74 --timeout 60s --quiet,37,5/15/2026,12:55:03,39.61,2.22,284
stress-ng --cpu 16 --cpu-load 74 --timeout 60s --quiet,37,5/15/2026,12:55:04,39.51,2.23,279
stress-ng --cpu 16 --cpu-load 74 --timeout 60s --quiet,37,5/15/2026,12:55:05,37.1,2.23,273
stress-ng --cpu 16 --cpu-load 74 --timeout 60s --quiet,37,5/15/2026,12:55:06,37.19,2.23,267
stress-ng --cpu 16 --cpu-load 74 --timeout 60s --quiet,37,5/15/2026,12:55:07,37.3,2.22,270
stress-ng --cpu 16 --cpu-load 74 --timeout 60s --quiet,37,5/15/2026,12:55:08,37.56,2.22,264
stress-ng --cpu 16 --cpu-load 74 --timeout 60s --quiet,37,5/15/2026,12:55:09,37.52,2.22,270
stress-ng --cpu 16 --cpu-load 74 --timeout 60s --quiet,37,5/15/2026,12:55:10,37.11,2.22,267
stress-ng --cpu 16 --cpu-load 74 --timeout 60s --quiet,37,5/15/2026,12:55:11,38.1,2.22,269
stress-ng --cpu 16 --cpu-load 74 --timeout 60s --quiet,37,5/15/2026,12:55:12,37.23,2.22,271
stress-ng --cpu 16 --cpu-load 74 --timeout 60s --quiet,37,5/15/2026,12:55:13,37.46,2.22,270
stress-ng --cpu 16 --cpu-load 74 --timeout 60s --quiet,37,5/15/2026,12:55:14,37.55,2.21,275
stress-ng --cpu 16 --cpu-load 74 --timeout 60s --quiet,37,5/15/2026,12:55:15,37.14,2.2,275
stress-ng --cpu 16 --cpu-load 74 --timeout 60s --quiet,37,5/15/2026,12:55:16,37.16,2.19,275
stress-ng --cpu 16 --cpu-load 74 --timeout 60s --quiet,37,5/15/2026,12:55:17,37.33,2.19,277
stress-ng --cpu 16 --cpu-load 74 --timeout 60s --quiet,37,5/15/2026,12:55:18,37.42,2.2,274
stress-ng --cpu 16 --cpu-load 74 --timeout 60s --quiet,37,5/15/2026,12:55:19,37.37,2.2,271
stress-ng --cpu 16 --cpu-load 74 --timeout 60s --quiet,37,5/15/2026,12:55:20,37.29,2.2,268
stress-ng --cpu 16 --cpu-load 74 --timeout 60s --quiet,37,5/15/2026,12:55:21,37.27,2.2,271
stress-ng --cpu 16 --cpu-load 74 --timeout 60s --quiet,37,5/15/2026,12:55:22,37.25,2.2,273
stress-ng --cpu 16 --cpu-load 74 --timeout 60s --quiet,37,5/15/2026,12:55:23,37.37,2.2,274
stress-ng --cpu 16 --cpu-load 74 --timeout 60s --quiet,37,5/15/2026,12:55:24,20.21,2.12,275
stress-ng --cpu 16 --cpu-load 74 --timeout 60s --quiet,37,5/15/2026,15:12:44,3.76,2.25,110
stress-ng --cpu 16 --cpu-load 74 --timeout 60s --quiet,37,5/15/2026,15:12:45,37.05,2.27,217
stress-ng --cpu 16 --cpu-load 74 --timeout 60s --quiet,37,5/15/2026,15:12:46,37.5,2.27,271
stress-ng --cpu 16 --cpu-load 74 --timeout 60s --quiet,37,5/15/2026,15:12:47,37.48,2.26,271
stress-ng --cpu 16 --cpu-load 74 --timeout 60s --quiet,37,5/15/2026,15:12:48,37.32,2.27,273
stress-ng --cpu 16 --cpu-load 74 --timeout 60s --quiet,37,5/15/2026,15:12:49,37.25,2.26,268
stress-ng --cpu 16 --cpu-load 74 --timeout 60s --quiet,37,5/15/2026,15:12:50,37.64,2.25,266
stress-ng --cpu 16 --cpu-load 74 --timeout 60s --quiet,37,5/15/2026,15:12:51,37.25,2.25,268
stress-ng --cpu 16 --cpu-load 74 --timeout 60s --quiet,37,5/15/2026,15:12:52,37.62,2.26,269
stress-ng --cpu 16 --cpu-load 74 --timeout 60s --quiet,37,5/15/2026,15:12:53,37.35,2.25,273
stress-ng --cpu 16 --cpu-load 74 --timeout 60s --quiet,37,5/15/2026,15:12:54,37.28,2.24,267
stress-ng --cpu 16 --cpu-load 74 --timeout 60s --quiet,37,5/15/2026,15:12:55,37.24,2.23,269
stress-ng --cpu 16 --cpu-load 74 --timeout 60s --quiet,37,5/15/2026,15:12:56,37.33,2.23,269
stress-ng --cpu 16 --cpu-load 74 --timeout 60s --quiet,37,5/15/2026,15:12:57,37.18,2.23,273
stress-ng --cpu 16 --cpu-load 74 --timeout 60s --quiet,37,5/15/2026,15:12:58,37.01,2.22,271
stress-ng --cpu 16 --cpu-load 74 --timeout 60s --quiet,37,5/15/2026,15:12:59,37.42,2.21,271
stress-ng --cpu 16 --cpu-load 74 --timeout 60s --quiet,37,5/15/2026,15:13:00,37.61,2.22,271.5
stress-ng --cpu 16 --cpu-load 74 --timeout 60s --quiet,37,5/15/2026,15:13:01,37.12,2.22,272
stress-ng --cpu 16 --cpu-load 74 --timeout 60s --quiet,37,5/15/2026,15:13:02,37.14,2.21,271
stress-ng --cpu 16 --cpu-load 74 --timeout 60s --quiet,37,5/15/2026,15:13:03,37.47,2.22,272
stress-ng --cpu 16 --cpu-load 74 --timeout 60s --quiet,37,5/15/2026,15:13:04,37.29,2.21,272
stress-ng --cpu 16 --cpu-load 74 --timeout 60s --quiet,37,5/15/2026,15:13:05,37.3,2.2,274
stress-ng --cpu 16 --cpu-load 74 --timeout 60s --quiet,37,5/15/2026,15:13:06,37.25,2.19,272
stress-ng --cpu 16 --cpu-load 74 --timeout 60s --quiet,37,5/15/2026,15:13:07,37.48,2.2,274
stress-ng --cpu 16 --cpu-load 74 --timeout 60s --quiet,37,5/15/2026,15:13:08,37.15,2.2,267
stress-ng --cpu 16 --cpu-load 74 --timeout 60s --quiet,37,5/15/2026,15:13:09,37.25,2.2,268
stress-ng --cpu 16 --cpu-load 74 --timeout 60s --quiet,37,5/15/2026,15:13:10,37.28,2.19,271.5
stress-ng --cpu 16 --cpu-load 74 --timeout 60s --quiet,37,5/15/2026,15:13:11,37.37,2.19,275
stress-ng --cpu 16 --cpu-load 74 --timeout 60s --quiet,37,5/15/2026,15:13:12,37.1,2.19,276.5
stress-ng --cpu 16 --cpu-load 74 --timeout 60s --quiet,37,5/15/2026,15:13:13,37.26,2.2,278
stress-ng --cpu 16 --cpu-load 74 --timeout 60s --quiet,37,5/15/2026,15:13:14,37.51,2.2,280
stress-ng --cpu 16 --cpu-load 74 --timeout 60s --quiet,37,5/15/2026,15:13:15,37.35,2.2,278
stress-ng --cpu 16 --cpu-load 74 --timeout 60s --quiet,37,5/15/2026,15:13:16,37.25,2.2,280
stress-ng --cpu 16 --cpu-load 74 --timeout 60s --quiet,37,5/15/2026,15:13:17,37.15,2.2,277
stress-ng --cpu 16 --cpu-load 74 --timeout 60s --quiet,37,5/15/2026,15:13:18,37.11,2.2,276
stress-ng --cpu 16 --cpu-load 74 --timeout 60s --quiet,37,5/15/2026,15:13:19,37.42,2.21,283
stress-ng --cpu 16 --cpu-load 74 --timeout 60s --quiet,37,5/15/2026,15:13:20,37.4,2.2,280
stress-ng --cpu 16 --cpu-load 74 --timeout 60s --quiet,37,5/15/2026,15:13:21,37.2,2.2,278
stress-ng --cpu 16 --cpu-load 74 --timeout 60s --quiet,37,5/15/2026,15:13:22,37.25,2.2,278
stress-ng --cpu 16 --cpu-load 74 --timeout 60s --quiet,37,5/15/2026,15:13:23,37.3,2.2,275
stress-ng --cpu 16 --cpu-load 74 --timeout 60s --quiet,37,5/15/2026,15:13:24,37.16,2.19,280
stress-ng --cpu 16 --cpu-load 74 --timeout 60s --quiet,37,5/15/2026,15:13:25,37.2,2.19,278
stress-ng --cpu 16 --cpu-load 74 --timeout 60s --quiet,37,5/15/2026,15:13:26,37.4,2.2,270
stress-ng --cpu 16 --cpu-load 74 --timeout 60s --quiet,37,5/15/2026,15:13:27,37.41,2.19,273
stress-ng --cpu 16 --cpu-load 74 --timeout 60s --quiet,37,5/15/2026,15:13:28,37.47,2.19,268
stress-ng --cpu 16 --cpu-load 74 --timeout 60s --quiet,37,5/15/2026,15:13:29,37.03,2.19,275
stress-ng --cpu 16 --cpu-load 74 --timeout 60s --quiet,37,5/15/2026,15:13:30,37.63,2.2,275
stress-ng --cpu 16 --cpu-load 74 --timeout 60s --quiet,37,5/15/2026,15:13:31,37.15,2.19,273
stress-ng --cpu 16 --cpu-load 74 --timeout 60s --quiet,37,5/15/2026,15:13:32,37.3,2.19,279
stress-ng --cpu 16 --cpu-load 74 --timeout 60s --quiet,37,5/15/2026,15:13:33,37.15,2.2,272
stress-ng --cpu 16 --cpu-load 74 --timeout 60s --quiet,37,5/15/2026,15:13:34,37.44,2.19,273
stress-ng --cpu 16 --cpu-load 74 --timeout 60s --quiet,37,5/15/2026,15:13:35,37.17,2.2,274
stress-ng --cpu 16 --cpu-load 74 --timeout 60s --quiet,37,5/15/2026,15:13:36,37.27,2.19,274
stress-ng --cpu 16 --cpu-load 74 --timeout 60s --quiet,37,5/15/2026,15:13:37,37.62,2.19,279
stress-ng --cpu 16 --cpu-load 74 --timeout 60s --quiet,37,5/15/2026,15:13:38,37.5,2.2,281
stress-ng --cpu 16 --cpu-load 74 --timeout 60s --quiet,37,5/15/2026,15:13:39,37.41,2.2,279
stress-ng --cpu 16 --cpu-load 74 --timeout 60s --quiet,37,5/15/2026,15:13:40,37.05,2.19,282
stress-ng --cpu 16 --cpu-load 74 --timeout 60s --quiet,37,5/15/2026,15:13:41,37.2,2.19,279
stress-ng --cpu 16 --cpu-load 74 --timeout 60s --quiet,37,5/15/2026,15:13:42,37.44,2.2,280
stress-ng --cpu 16 --cpu-load 74 --timeout 60s --quiet,37,5/15/2026,15:13:43,37.37,2.19,283
stress-ng --cpu 16 --cpu-load 74 --timeout 60s --quiet,37,5/15/2026,15:13:44,36.12,2.15,280
stress-ng --cpu 16 --cpu-load 76 --timeout 60s --quiet,38,5/15/2026,1:50:51,0.15,2.12,111
stress-ng --cpu 16 --cpu-load 76 --timeout 60s --quiet,38,5/15/2026,1:50:52,22.95,2.22,121
stress-ng --cpu 16 --cpu-load 76 --timeout 60s --quiet,38,5/15/2026,1:50:53,38.49,2.23,261
stress-ng --cpu 16 --cpu-load 76 --timeout 60s --quiet,38,5/15/2026,1:50:54,38.22,2.23,263
stress-ng --cpu 16 --cpu-load 76 --timeout 60s --quiet,38,5/15/2026,1:50:55,38.12,2.23,269
stress-ng --cpu 16 --cpu-load 76 --timeout 60s --quiet,38,5/15/2026,1:50:56,38.44,2.24,269.5
stress-ng --cpu 16 --cpu-load 76 --timeout 60s --quiet,38,5/15/2026,1:50:57,38.35,2.24,270
stress-ng --cpu 16 --cpu-load 76 --timeout 60s --quiet,38,5/15/2026,1:50:58,38.11,2.24,269
stress-ng --cpu 16 --cpu-load 76 --timeout 60s --quiet,38,5/15/2026,1:50:59,38.31,2.22,269
stress-ng --cpu 16 --cpu-load 76 --timeout 60s --quiet,38,5/15/2026,1:51:00,38.15,2.22,275
stress-ng --cpu 16 --cpu-load 76 --timeout 60s --quiet,38,5/15/2026,1:51:01,38.4,2.2,271
stress-ng --cpu 16 --cpu-load 76 --timeout 60s --quiet,38,5/15/2026,1:51:02,38.3,2.21,270
stress-ng --cpu 16 --cpu-load 76 --timeout 60s --quiet,38,5/15/2026,1:51:03,38.25,2.2,268
stress-ng --cpu 16 --cpu-load 76 --timeout 60s --quiet,38,5/15/2026,1:51:04,38.39,2.21,271
stress-ng --cpu 16 --cpu-load 76 --timeout 60s --quiet,38,5/15/2026,1:51:05,38.07,2.21,274
stress-ng --cpu 16 --cpu-load 76 --timeout 60s --quiet,38,5/15/2026,1:51:06,38.25,2.21,274
stress-ng --cpu 16 --cpu-load 76 --timeout 60s --quiet,38,5/15/2026,1:51:07,38.34,2.19,271
stress-ng --cpu 16 --cpu-load 76 --timeout 60s --quiet,38,5/15/2026,1:51:08,38.25,2.19,274
stress-ng --cpu 16 --cpu-load 76 --timeout 60s --quiet,38,5/15/2026,1:51:09,38.32,2.19,275
stress-ng --cpu 16 --cpu-load 76 --timeout 60s --quiet,38,5/15/2026,1:51:10,38.2,2.19,274
stress-ng --cpu 16 --cpu-load 76 --timeout 60s --quiet,38,5/15/2026,1:51:11,38.39,2.19,265
stress-ng --cpu 16 --cpu-load 76 --timeout 60s --quiet,38,5/15/2026,1:51:12,38.12,2.19,272
stress-ng --cpu 16 --cpu-load 76 --timeout 60s --quiet,38,5/15/2026,1:51:13,38.14,2.2,273
stress-ng --cpu 16 --cpu-load 76 --timeout 60s --quiet,38,5/15/2026,1:51:14,38.12,2.19,270
stress-ng --cpu 16 --cpu-load 76 --timeout 60s --quiet,38,5/15/2026,1:51:15,38.36,2.19,268
stress-ng --cpu 16 --cpu-load 76 --timeout 60s --quiet,38,5/15/2026,1:51:16,38.45,2.19,272
stress-ng --cpu 16 --cpu-load 76 --timeout 60s --quiet,38,5/15/2026,1:51:17,38.17,2.19,273.5
stress-ng --cpu 16 --cpu-load 76 --timeout 60s --quiet,38,5/15/2026,1:51:18,38.27,2.19,275
stress-ng --cpu 16 --cpu-load 76 --timeout 60s --quiet,38,5/15/2026,1:51:19,38.19,2.19,272
stress-ng --cpu 16 --cpu-load 76 --timeout 60s --quiet,38,5/15/2026,1:51:20,38.21,2.19,274
stress-ng --cpu 16 --cpu-load 76 --timeout 60s --quiet,38,5/15/2026,1:51:21,38.2,2.19,272
stress-ng --cpu 16 --cpu-load 76 --timeout 60s --quiet,38,5/15/2026,1:51:22,38.41,2.18,275
stress-ng --cpu 16 --cpu-load 76 --timeout 60s --quiet,38,5/15/2026,1:51:23,38.26,2.18,274
stress-ng --cpu 16 --cpu-load 76 --timeout 60s --quiet,38,5/15/2026,1:51:24,38.43,2.17,273
stress-ng --cpu 16 --cpu-load 76 --timeout 60s --quiet,38,5/15/2026,1:51:25,38.27,2.18,272
stress-ng --cpu 16 --cpu-load 76 --timeout 60s --quiet,38,5/15/2026,1:51:26,38.13,2.17,275
stress-ng --cpu 16 --cpu-load 76 --timeout 60s --quiet,38,5/15/2026,1:51:27,38.11,2.17,278
stress-ng --cpu 16 --cpu-load 76 --timeout 60s --quiet,38,5/15/2026,1:51:28,38.09,2.17,275
stress-ng --cpu 16 --cpu-load 76 --timeout 60s --quiet,38,5/15/2026,1:51:29,38.51,2.17,273
stress-ng --cpu 16 --cpu-load 76 --timeout 60s --quiet,38,5/15/2026,1:51:30,38.47,2.16,281
stress-ng --cpu 16 --cpu-load 76 --timeout 60s --quiet,38,5/15/2026,1:51:31,38.16,2.16,279
stress-ng --cpu 16 --cpu-load 76 --timeout 60s --quiet,38,5/15/2026,1:51:32,38.2,2.17,276
stress-ng --cpu 16 --cpu-load 76 --timeout 60s --quiet,38,5/15/2026,1:51:33,38.37,2.17,280
stress-ng --cpu 16 --cpu-load 76 --timeout 60s --quiet,38,5/15/2026,1:51:34,38.16,2.17,276
stress-ng --cpu 16 --cpu-load 76 --timeout 60s --quiet,38,5/15/2026,1:51:35,38.47,2.17,277
stress-ng --cpu 16 --cpu-load 76 --timeout 60s --quiet,38,5/15/2026,1:51:36,38.34,2.17,278
stress-ng --cpu 16 --cpu-load 76 --timeout 60s --quiet,38,5/15/2026,1:51:37,38.18,2.17,274
stress-ng --cpu 16 --cpu-load 76 --timeout 60s --quiet,38,5/15/2026,1:51:38,38.35,2.17,276
stress-ng --cpu 16 --cpu-load 76 --timeout 60s --quiet,38,5/15/2026,1:51:39,38.18,2.17,279
stress-ng --cpu 16 --cpu-load 76 --timeout 60s --quiet,38,5/15/2026,1:51:40,38.31,2.17,280
stress-ng --cpu 16 --cpu-load 76 --timeout 60s --quiet,38,5/15/2026,1:51:41,38.27,2.16,278
stress-ng --cpu 16 --cpu-load 76 --timeout 60s --quiet,38,5/15/2026,1:51:42,38.35,2.16,280
stress-ng --cpu 16 --cpu-load 76 --timeout 60s --quiet,38,5/15/2026,1:51:43,38.23,2.16,282
stress-ng --cpu 16 --cpu-load 76 --timeout 60s --quiet,38,5/15/2026,1:51:44,38.22,2.16,279
stress-ng --cpu 16 --cpu-load 76 --timeout 60s --quiet,38,5/15/2026,1:51:45,38.35,2.17,281
stress-ng --cpu 16 --cpu-load 76 --timeout 60s --quiet,38,5/15/2026,1:51:46,38.21,2.17,279
stress-ng --cpu 16 --cpu-load 76 --timeout 60s --quiet,38,5/15/2026,1:51:47,38.38,2.16,280
stress-ng --cpu 16 --cpu-load 76 --timeout 60s --quiet,38,5/15/2026,1:51:48,38.15,2.16,283
stress-ng --cpu 16 --cpu-load 76 --timeout 60s --quiet,38,5/15/2026,1:51:49,38.28,2.16,278
stress-ng --cpu 16 --cpu-load 76 --timeout 60s --quiet,38,5/15/2026,1:51:50,38.5,2.16,281
stress-ng --cpu 16 --cpu-load 76 --timeout 60s --quiet,38,5/15/2026,1:51:51,38.36,2.16,277
stress-ng --cpu 16 --cpu-load 76 --timeout 60s --quiet,38,5/15/2026,7:33:38,4.92,2.18,120
stress-ng --cpu 16 --cpu-load 76 --timeout 60s --quiet,38,5/15/2026,7:33:39,37.79,2.18,169
stress-ng --cpu 16 --cpu-load 76 --timeout 60s --quiet,38,5/15/2026,7:33:40,38.31,2.18,269
stress-ng --cpu 16 --cpu-load 76 --timeout 60s --quiet,38,5/15/2026,7:33:41,38.16,2.18,270
stress-ng --cpu 16 --cpu-load 76 --timeout 60s --quiet,38,5/15/2026,7:33:42,38.12,2.17,268
stress-ng --cpu 16 --cpu-load 76 --timeout 60s --quiet,38,5/15/2026,7:33:43,38.17,2.17,268
stress-ng --cpu 16 --cpu-load 76 --timeout 60s --quiet,38,5/15/2026,7:33:44,38.08,2.18,267
stress-ng --cpu 16 --cpu-load 76 --timeout 60s --quiet,38,5/15/2026,7:33:45,38.25,2.17,268
stress-ng --cpu 16 --cpu-load 76 --timeout 60s --quiet,38,5/15/2026,7:33:46,38.3,2.18,266
stress-ng --cpu 16 --cpu-load 76 --timeout 60s --quiet,38,5/15/2026,7:33:47,38.34,2.18,271
stress-ng --cpu 16 --cpu-load 76 --timeout 60s --quiet,38,5/15/2026,7:33:48,38.22,2.17,277
stress-ng --cpu 16 --cpu-load 76 --timeout 60s --quiet,38,5/15/2026,7:33:49,38.04,2.17,272
stress-ng --cpu 16 --cpu-load 76 --timeout 60s --quiet,38,5/15/2026,7:33:50,38.06,2.17,277
stress-ng --cpu 16 --cpu-load 76 --timeout 60s --quiet,38,5/15/2026,7:33:51,38.35,2.16,274
stress-ng --cpu 16 --cpu-load 76 --timeout 60s --quiet,38,5/15/2026,7:33:52,38.36,2.16,276
stress-ng --cpu 16 --cpu-load 76 --timeout 60s --quiet,38,5/15/2026,7:33:53,38.29,2.16,276
stress-ng --cpu 16 --cpu-load 76 --timeout 60s --quiet,38,5/15/2026,7:33:54,37.75,2.16,276
stress-ng --cpu 16 --cpu-load 76 --timeout 60s --quiet,38,5/15/2026,7:33:55,38.49,2.16,275
stress-ng --cpu 16 --cpu-load 76 --timeout 60s --quiet,38,5/15/2026,7:33:56,38.09,2.16,273
stress-ng --cpu 16 --cpu-load 76 --timeout 60s --quiet,38,5/15/2026,7:33:57,38.31,2.15,275
stress-ng --cpu 16 --cpu-load 76 --timeout 60s --quiet,38,5/15/2026,7:33:58,38.26,2.15,272
stress-ng --cpu 16 --cpu-load 76 --timeout 60s --quiet,38,5/15/2026,7:33:59,38.04,2.16,274
stress-ng --cpu 16 --cpu-load 76 --timeout 60s --quiet,38,5/15/2026,7:34:00,38.39,2.16,272
stress-ng --cpu 16 --cpu-load 76 --timeout 60s --quiet,38,5/15/2026,7:34:01,37.8,2.16,271
stress-ng --cpu 16 --cpu-load 76 --timeout 60s --quiet,38,5/15/2026,7:34:02,38.44,2.16,275
stress-ng --cpu 16 --cpu-load 76 --timeout 60s --quiet,38,5/15/2026,7:34:03,38.4,2.16,272
stress-ng --cpu 16 --cpu-load 76 --timeout 60s --quiet,38,5/15/2026,7:34:04,38.12,2.16,270
stress-ng --cpu 16 --cpu-load 76 --timeout 60s --quiet,38,5/15/2026,7:34:05,38.39,2.16,270
stress-ng --cpu 16 --cpu-load 76 --timeout 60s --quiet,38,5/15/2026,7:34:06,38.08,2.16,275
stress-ng --cpu 16 --cpu-load 76 --timeout 60s --quiet,38,5/15/2026,7:34:07,38.01,2.16,274
stress-ng --cpu 16 --cpu-load 76 --timeout 60s --quiet,38,5/15/2026,7:34:08,38.33,2.16,274
stress-ng --cpu 16 --cpu-load 76 --timeout 60s --quiet,38,5/15/2026,7:34:09,38.19,2.16,270
stress-ng --cpu 16 --cpu-load 76 --timeout 60s --quiet,38,5/15/2026,7:34:10,38.41,2.15,272
stress-ng --cpu 16 --cpu-load 76 --timeout 60s --quiet,38,5/15/2026,7:34:11,38.12,2.15,276
stress-ng --cpu 16 --cpu-load 76 --timeout 60s --quiet,38,5/15/2026,7:34:12,38,2.15,274
stress-ng --cpu 16 --cpu-load 76 --timeout 60s --quiet,38,5/15/2026,7:34:13,38.23,2.15,271
stress-ng --cpu 16 --cpu-load 76 --timeout 60s --quiet,38,5/15/2026,7:34:14,38.21,2.16,274
stress-ng --cpu 16 --cpu-load 76 --timeout 60s --quiet,38,5/15/2026,7:34:15,38.39,2.16,274
stress-ng --cpu 16 --cpu-load 76 --timeout 60s --quiet,38,5/15/2026,7:34:16,38.15,2.15,274.5
stress-ng --cpu 16 --cpu-load 76 --timeout 60s --quiet,38,5/15/2026,7:34:17,38.095,2.15,275
stress-ng --cpu 16 --cpu-load 76 --timeout 60s --quiet,38,5/15/2026,7:34:18,38.04,2.15,277
stress-ng --cpu 16 --cpu-load 76 --timeout 60s --quiet,38,5/15/2026,7:34:19,38.14,2.15,279
stress-ng --cpu 16 --cpu-load 76 --timeout 60s --quiet,38,5/15/2026,7:34:20,38.12,2.15,279
stress-ng --cpu 16 --cpu-load 76 --timeout 60s --quiet,38,5/15/2026,7:34:21,38.33,2.15,279
stress-ng --cpu 16 --cpu-load 76 --timeout 60s --quiet,38,5/15/2026,7:34:22,38.28,2.15,281
stress-ng --cpu 16 --cpu-load 76 --timeout 60s --quiet,38,5/15/2026,7:34:23,38.13,2.15,278
stress-ng --cpu 16 --cpu-load 76 --timeout 60s --quiet,38,5/15/2026,7:34:24,38.14,2.15,278
stress-ng --cpu 16 --cpu-load 76 --timeout 60s --quiet,38,5/15/2026,7:34:25,38.29,2.15,283
stress-ng --cpu 16 --cpu-load 76 --timeout 60s --quiet,38,5/15/2026,7:34:26,38.1,2.15,284
stress-ng --cpu 16 --cpu-load 76 --timeout 60s --quiet,38,5/15/2026,7:34:27,38.33,2.15,292
stress-ng --cpu 16 --cpu-load 76 --timeout 60s --quiet,38,5/15/2026,7:34:28,38.19,2.15,291
stress-ng --cpu 16 --cpu-load 76 --timeout 60s --quiet,38,5/15/2026,7:34:29,38.33,2.15,289
stress-ng --cpu 16 --cpu-load 76 --timeout 60s --quiet,38,5/15/2026,7:34:30,38.18,2.15,288
stress-ng --cpu 16 --cpu-load 76 --timeout 60s --quiet,38,5/15/2026,7:34:31,38.03,2.15,279
stress-ng --cpu 16 --cpu-load 76 --timeout 60s --quiet,38,5/15/2026,7:34:32,38.29,2.14,284
stress-ng --cpu 16 --cpu-load 76 --timeout 60s --quiet,38,5/15/2026,7:34:33,38.31,2.14,283
stress-ng --cpu 16 --cpu-load 76 --timeout 60s --quiet,38,5/15/2026,7:34:34,38.22,2.15,280
stress-ng --cpu 16 --cpu-load 76 --timeout 60s --quiet,38,5/15/2026,7:34:35,38.15,2.14,283
stress-ng --cpu 16 --cpu-load 76 --timeout 60s --quiet,38,5/15/2026,7:34:36,38.17,2.14,280
stress-ng --cpu 16 --cpu-load 76 --timeout 60s --quiet,38,5/15/2026,7:34:37,38.22,2.15,276
stress-ng --cpu 16 --cpu-load 76 --timeout 60s --quiet,38,5/15/2026,7:34:38,35.95,2.09,279
stress-ng --cpu 16 --cpu-load 76 --timeout 60s --quiet,38,5/15/2026,21:57:40,6.58,2.23,115
stress-ng --cpu 16 --cpu-load 76 --timeout 60s --quiet,38,5/15/2026,21:57:41,38.35,2.23,211
stress-ng --cpu 16 --cpu-load 76 --timeout 60s --quiet,38,5/15/2026,21:57:42,38.33,2.24,268
stress-ng --cpu 16 --cpu-load 76 --timeout 60s --quiet,38,5/15/2026,21:57:43,38.39,2.24,268
stress-ng --cpu 16 --cpu-load 76 --timeout 60s --quiet,38,5/15/2026,21:57:44,38.19,2.24,271
stress-ng --cpu 16 --cpu-load 76 --timeout 60s --quiet,38,5/15/2026,21:57:45,37.82,2.24,275
stress-ng --cpu 16 --cpu-load 76 --timeout 60s --quiet,38,5/15/2026,21:57:46,38.24,2.23,277
stress-ng --cpu 16 --cpu-load 76 --timeout 60s --quiet,38,5/15/2026,21:57:47,38.36,2.23,277
stress-ng --cpu 16 --cpu-load 76 --timeout 60s --quiet,38,5/15/2026,21:57:48,38.28,2.23,271
stress-ng --cpu 16 --cpu-load 76 --timeout 60s --quiet,38,5/15/2026,21:57:49,38.22,2.23,272
stress-ng --cpu 16 --cpu-load 76 --timeout 60s --quiet,38,5/15/2026,21:57:50,38,2.23,276
stress-ng --cpu 16 --cpu-load 76 --timeout 60s --quiet,38,5/15/2026,21:57:51,38.26,2.21,270
stress-ng --cpu 16 --cpu-load 76 --timeout 60s --quiet,38,5/15/2026,21:57:52,38.18,2.21,275
stress-ng --cpu 16 --cpu-load 76 --timeout 60s --quiet,38,5/15/2026,21:57:53,38.3,2.21,273
stress-ng --cpu 16 --cpu-load 76 --timeout 60s --quiet,38,5/15/2026,21:57:54,38.18,2.21,274
stress-ng --cpu 16 --cpu-load 76 --timeout 60s --quiet,38,5/15/2026,21:57:55,38.3,2.21,273
stress-ng --cpu 16 --cpu-load 76 --timeout 60s --quiet,38,5/15/2026,21:57:56,38.15,2.21,275
stress-ng --cpu 16 --cpu-load 76 --timeout 60s --quiet,38,5/15/2026,21:57:57,38.15,2.2,277
stress-ng --cpu 16 --cpu-load 76 --timeout 60s --quiet,38,5/15/2026,21:57:58,38.12,2.2,276
stress-ng --cpu 16 --cpu-load 76 --timeout 60s --quiet,38,5/15/2026,21:57:59,38.23,2.2,275
stress-ng --cpu 16 --cpu-load 76 --timeout 60s --quiet,38,5/15/2026,21:58:00,38.25,2.2,274
stress-ng --cpu 16 --cpu-load 76 --timeout 60s --quiet,38,5/15/2026,21:58:01,38.36,2.2,275
stress-ng --cpu 16 --cpu-load 76 --timeout 60s --quiet,38,5/15/2026,21:58:02,38.76,2.21,276
stress-ng --cpu 16 --cpu-load 76 --timeout 60s --quiet,38,5/15/2026,21:58:03,38.55,2.21,275
stress-ng --cpu 16 --cpu-load 76 --timeout 60s --quiet,38,5/15/2026,21:58:04,38.1,2.21,276
stress-ng --cpu 16 --cpu-load 76 --timeout 60s --quiet,38,5/15/2026,21:58:05,38.12,2.2,277
stress-ng --cpu 16 --cpu-load 76 --timeout 60s --quiet,38,5/15/2026,21:58:06,38.41,2.2,276
stress-ng --cpu 16 --cpu-load 76 --timeout 60s --quiet,38,5/15/2026,21:58:07,38.22,2.2,275
stress-ng --cpu 16 --cpu-load 76 --timeout 60s --quiet,38,5/15/2026,21:58:08,38.16,2.19,276
stress-ng --cpu 16 --cpu-load 76 --timeout 60s --quiet,38,5/15/2026,21:58:09,38.1,2.19,275
stress-ng --cpu 16 --cpu-load 76 --timeout 60s --quiet,38,5/15/2026,21:58:10,38.05,2.19,278
stress-ng --cpu 16 --cpu-load 76 --timeout 60s --quiet,38,5/15/2026,21:58:11,38.28,2.19,279.5
stress-ng --cpu 16 --cpu-load 76 --timeout 60s --quiet,38,5/15/2026,21:58:12,38.91,2.18,281
stress-ng --cpu 16 --cpu-load 76 --timeout 60s --quiet,38,5/15/2026,21:58:13,38.34,2.18,276
stress-ng --cpu 16 --cpu-load 76 --timeout 60s --quiet,38,5/15/2026,21:58:14,38.05,2.18,280
stress-ng --cpu 16 --cpu-load 76 --timeout 60s --quiet,38,5/15/2026,21:58:15,38.29,2.17,278
stress-ng --cpu 16 --cpu-load 76 --timeout 60s --quiet,38,5/15/2026,21:58:16,38.25,2.17,278
stress-ng --cpu 16 --cpu-load 76 --timeout 60s --quiet,38,5/15/2026,21:58:17,38.27,2.17,279
stress-ng --cpu 16 --cpu-load 76 --timeout 60s --quiet,38,5/15/2026,21:58:18,38.08,2.17,274
stress-ng --cpu 16 --cpu-load 76 --timeout 60s --quiet,38,5/15/2026,21:58:19,38.16,2.17,272
stress-ng --cpu 16 --cpu-load 76 --timeout 60s --quiet,38,5/15/2026,21:58:20,38.09,2.17,274
stress-ng --cpu 16 --cpu-load 76 --timeout 60s --quiet,38,5/15/2026,21:58:21,38.175,2.17,274
stress-ng --cpu 16 --cpu-load 76 --timeout 60s --quiet,38,5/15/2026,21:58:22,38.26,2.17,274
stress-ng --cpu 16 --cpu-load 76 --timeout 60s --quiet,38,5/15/2026,21:58:23,38.33,2.17,281
stress-ng --cpu 16 --cpu-load 76 --timeout 60s --quiet,38,5/15/2026,21:58:24,38.21,2.17,271
stress-ng --cpu 16 --cpu-load 76 --timeout 60s --quiet,38,5/15/2026,21:58:25,38.1,2.17,277
stress-ng --cpu 16 --cpu-load 76 --timeout 60s --quiet,38,5/15/2026,21:58:26,38.12,2.16,279
stress-ng --cpu 16 --cpu-load 76 --timeout 60s --quiet,38,5/15/2026,21:58:27,38.07,2.16,278
stress-ng --cpu 16 --cpu-load 76 --timeout 60s --quiet,38,5/15/2026,21:58:28,38.58,2.16,284
stress-ng --cpu 16 --cpu-load 76 --timeout 60s --quiet,38,5/15/2026,21:58:29,37.9,2.16,280.5
stress-ng --cpu 16 --cpu-load 76 --timeout 60s --quiet,38,5/15/2026,21:58:30,38.15,2.16,277
stress-ng --cpu 16 --cpu-load 76 --timeout 60s --quiet,38,5/15/2026,21:58:31,38.19,2.15,282
stress-ng --cpu 16 --cpu-load 76 --timeout 60s --quiet,38,5/15/2026,21:58:32,38.31,2.15,282
stress-ng --cpu 16 --cpu-load 76 --timeout 60s --quiet,38,5/15/2026,21:58:33,38.35,2.15,282
stress-ng --cpu 16 --cpu-load 76 --timeout 60s --quiet,38,5/15/2026,21:58:34,38.13,2.15,281.8333333
stress-ng --cpu 16 --cpu-load 76 --timeout 60s --quiet,38,5/15/2026,21:58:35,38.07,2.15,281.6666667
stress-ng --cpu 16 --cpu-load 76 --timeout 60s --quiet,38,5/15/2026,21:58:36,38.17,2.15,281.5
stress-ng --cpu 16 --cpu-load 76 --timeout 60s --quiet,38,5/15/2026,21:58:37,37.92,2.14,281.3333333
stress-ng --cpu 16 --cpu-load 76 --timeout 60s --quiet,38,5/15/2026,21:58:38,38.34,2.14,281.1666667
stress-ng --cpu 16 --cpu-load 76 --timeout 60s --quiet,38,5/15/2026,21:58:39,38.09,2.14,281
stress-ng --cpu 16 --cpu-load 76 --timeout 60s --quiet,38,5/15/2026,21:58:40,34.08,2.07,281
stress-ng --cpu 16 --cpu-load 78 --timeout 60s --quiet,39,5/14/2026,19:34:01,23.42,2.23,117
stress-ng --cpu 16 --cpu-load 78 --timeout 60s --quiet,39,5/14/2026,19:34:02,39.62,2.24,260
stress-ng --cpu 16 --cpu-load 78 --timeout 60s --quiet,39,5/14/2026,19:34:03,39.39,2.24,270
stress-ng --cpu 16 --cpu-load 78 --timeout 60s --quiet,39,5/14/2026,19:34:04,39.295,2.24,272
stress-ng --cpu 16 --cpu-load 78 --timeout 60s --quiet,39,5/14/2026,19:34:05,39.2,2.24,272
stress-ng --cpu 16 --cpu-load 78 --timeout 60s --quiet,39,5/14/2026,19:34:06,39.12,2.24,279
stress-ng --cpu 16 --cpu-load 78 --timeout 60s --quiet,39,5/14/2026,19:34:07,39.56,2.24,277
stress-ng --cpu 16 --cpu-load 78 --timeout 60s --quiet,39,5/14/2026,19:34:08,38.87,2.24,272
stress-ng --cpu 16 --cpu-load 78 --timeout 60s --quiet,39,5/14/2026,19:34:09,39.23,2.24,270
stress-ng --cpu 16 --cpu-load 78 --timeout 60s --quiet,39,5/14/2026,19:34:10,39.36,2.24,267
stress-ng --cpu 16 --cpu-load 78 --timeout 60s --quiet,39,5/14/2026,19:34:11,38.9,2.24,274
stress-ng --cpu 16 --cpu-load 78 --timeout 60s --quiet,39,5/14/2026,19:34:12,39.24,2.23,270
stress-ng --cpu 16 --cpu-load 78 --timeout 60s --quiet,39,5/14/2026,19:34:13,39.7,2.23,277
stress-ng --cpu 16 --cpu-load 78 --timeout 60s --quiet,39,5/14/2026,19:34:14,39.03,2.22,273.5
stress-ng --cpu 16 --cpu-load 78 --timeout 60s --quiet,39,5/14/2026,19:34:15,39.22,2.22,270
stress-ng --cpu 16 --cpu-load 78 --timeout 60s --quiet,39,5/14/2026,19:34:16,39.44,2.21,273
stress-ng --cpu 16 --cpu-load 78 --timeout 60s --quiet,39,5/14/2026,19:34:17,39.17,2.2,272
stress-ng --cpu 16 --cpu-load 78 --timeout 60s --quiet,39,5/14/2026,19:34:18,39.24,2.2,270
stress-ng --cpu 16 --cpu-load 78 --timeout 60s --quiet,39,5/14/2026,19:34:19,39.15,2.19,269
stress-ng --cpu 16 --cpu-load 78 --timeout 60s --quiet,39,5/14/2026,19:34:20,39.36,2.19,268
stress-ng --cpu 16 --cpu-load 78 --timeout 60s --quiet,39,5/14/2026,19:34:21,39.12,2.19,272
stress-ng --cpu 16 --cpu-load 78 --timeout 60s --quiet,39,5/14/2026,19:34:22,39.06,2.19,277
stress-ng --cpu 16 --cpu-load 78 --timeout 60s --quiet,39,5/14/2026,19:34:23,39.51,2.19,267
stress-ng --cpu 16 --cpu-load 78 --timeout 60s --quiet,39,5/14/2026,19:34:24,39,2.18,275
stress-ng --cpu 16 --cpu-load 78 --timeout 60s --quiet,39,5/14/2026,19:34:25,39.26,2.18,271
stress-ng --cpu 16 --cpu-load 78 --timeout 60s --quiet,39,5/14/2026,19:34:26,39.25,2.18,268
stress-ng --cpu 16 --cpu-load 78 --timeout 60s --quiet,39,5/14/2026,19:34:27,39.11,2.18,271
stress-ng --cpu 16 --cpu-load 78 --timeout 60s --quiet,39,5/14/2026,19:34:28,39.17,2.18,269
stress-ng --cpu 16 --cpu-load 78 --timeout 60s --quiet,39,5/14/2026,19:34:29,39.31,2.18,268
stress-ng --cpu 16 --cpu-load 78 --timeout 60s --quiet,39,5/14/2026,19:34:30,39.17,2.18,274
stress-ng --cpu 16 --cpu-load 78 --timeout 60s --quiet,39,5/14/2026,19:34:31,39.08,2.18,269
stress-ng --cpu 16 --cpu-load 78 --timeout 60s --quiet,39,5/14/2026,19:34:32,39.24,2.18,274
stress-ng --cpu 16 --cpu-load 78 --timeout 60s --quiet,39,5/14/2026,19:34:33,39.21,2.18,272.5
stress-ng --cpu 16 --cpu-load 78 --timeout 60s --quiet,39,5/14/2026,19:34:34,39.14,2.17,271
stress-ng --cpu 16 --cpu-load 78 --timeout 60s --quiet,39,5/14/2026,19:34:35,39.17,2.17,269
stress-ng --cpu 16 --cpu-load 78 --timeout 60s --quiet,39,5/14/2026,19:34:36,39.48,2.17,273
stress-ng --cpu 16 --cpu-load 78 --timeout 60s --quiet,39,5/14/2026,19:34:37,39.21,2.17,276
stress-ng --cpu 16 --cpu-load 78 --timeout 60s --quiet,39,5/14/2026,19:34:38,39.16,2.17,273
stress-ng --cpu 16 --cpu-load 78 --timeout 60s --quiet,39,5/14/2026,19:34:39,39.29,2.17,276
stress-ng --cpu 16 --cpu-load 78 --timeout 60s --quiet,39,5/14/2026,19:34:40,39.3,2.16,277
stress-ng --cpu 16 --cpu-load 78 --timeout 60s --quiet,39,5/14/2026,19:34:41,39.28,2.16,274
stress-ng --cpu 16 --cpu-load 78 --timeout 60s --quiet,39,5/14/2026,19:34:42,39.28,2.17,274
stress-ng --cpu 16 --cpu-load 78 --timeout 60s --quiet,39,5/14/2026,19:34:43,39.12,2.17,272
stress-ng --cpu 16 --cpu-load 78 --timeout 60s --quiet,39,5/14/2026,19:34:44,39.4,2.17,274
stress-ng --cpu 16 --cpu-load 78 --timeout 60s --quiet,39,5/14/2026,19:34:45,39.01,2.17,276
stress-ng --cpu 16 --cpu-load 78 --timeout 60s --quiet,39,5/14/2026,19:34:46,39.43,2.17,280
stress-ng --cpu 16 --cpu-load 78 --timeout 60s --quiet,39,5/14/2026,19:34:47,39.09,2.17,280
stress-ng --cpu 16 --cpu-load 78 --timeout 60s --quiet,39,5/14/2026,19:34:48,39.46,2.17,282
stress-ng --cpu 16 --cpu-load 78 --timeout 60s --quiet,39,5/14/2026,19:34:49,39.24,2.16,277
stress-ng --cpu 16 --cpu-load 78 --timeout 60s --quiet,39,5/14/2026,19:34:50,39.03,2.16,283
stress-ng --cpu 16 --cpu-load 78 --timeout 60s --quiet,39,5/14/2026,19:34:51,39.34,2.16,279
stress-ng --cpu 16 --cpu-load 78 --timeout 60s --quiet,39,5/14/2026,19:34:52,39.02,2.16,285
stress-ng --cpu 16 --cpu-load 78 --timeout 60s --quiet,39,5/14/2026,19:34:53,39.27,2.16,280
stress-ng --cpu 16 --cpu-load 78 --timeout 60s --quiet,39,5/14/2026,19:34:54,39.37,2.16,282
stress-ng --cpu 16 --cpu-load 78 --timeout 60s --quiet,39,5/14/2026,19:34:55,39.21,2.16,280
stress-ng --cpu 16 --cpu-load 78 --timeout 60s --quiet,39,5/14/2026,19:34:56,39.04,2.17,279
stress-ng --cpu 16 --cpu-load 78 --timeout 60s --quiet,39,5/14/2026,19:34:57,39.24,2.16,280
stress-ng --cpu 16 --cpu-load 78 --timeout 60s --quiet,39,5/14/2026,19:34:58,39.36,2.15,281
stress-ng --cpu 16 --cpu-load 78 --timeout 60s --quiet,39,5/14/2026,19:34:59,39.09,2.15,277
stress-ng --cpu 16 --cpu-load 78 --timeout 60s --quiet,39,5/14/2026,19:35:00,39.19,2.15,283
stress-ng --cpu 16 --cpu-load 78 --timeout 60s --quiet,39,5/14/2026,19:35:01,18.2,2.1,277
stress-ng --cpu 16 --cpu-load 78 --timeout 60s --quiet,39,5/15/2026,5:39:21,0.12,2.09,128
stress-ng --cpu 16 --cpu-load 78 --timeout 60s --quiet,39,5/15/2026,5:39:22,4.78,2.19,127
stress-ng --cpu 16 --cpu-load 78 --timeout 60s --quiet,39,5/15/2026,5:39:23,38.47,2.2,279
stress-ng --cpu 16 --cpu-load 78 --timeout 60s --quiet,39,5/15/2026,5:39:24,39.41,2.19,280
stress-ng --cpu 16 --cpu-load 78 --timeout 60s --quiet,39,5/15/2026,5:39:25,39.53,2.19,278
stress-ng --cpu 16 --cpu-load 78 --timeout 60s --quiet,39,5/15/2026,5:39:26,38.89,2.2,273
stress-ng --cpu 16 --cpu-load 78 --timeout 60s --quiet,39,5/15/2026,5:39:27,39.35,2.19,280
stress-ng --cpu 16 --cpu-load 78 --timeout 60s --quiet,39,5/15/2026,5:39:28,39.44,2.2,276
stress-ng --cpu 16 --cpu-load 78 --timeout 60s --quiet,39,5/15/2026,5:39:29,38.9,2.2,281
stress-ng --cpu 16 --cpu-load 78 --timeout 60s --quiet,39,5/15/2026,5:39:30,39.24,2.2,280.6666667
stress-ng --cpu 16 --cpu-load 78 --timeout 60s --quiet,39,5/15/2026,5:39:31,39.48,2.19,280.3333333
stress-ng --cpu 16 --cpu-load 78 --timeout 60s --quiet,39,5/15/2026,5:39:32,38.7,2.19,280
stress-ng --cpu 16 --cpu-load 78 --timeout 60s --quiet,39,5/15/2026,5:39:33,39.65,2.19,282
stress-ng --cpu 16 --cpu-load 78 --timeout 60s --quiet,39,5/15/2026,5:39:34,38.75,2.19,274
stress-ng --cpu 16 --cpu-load 78 --timeout 60s --quiet,39,5/15/2026,5:39:35,39.11,2.19,276
stress-ng --cpu 16 --cpu-load 78 --timeout 60s --quiet,39,5/15/2026,5:39:36,39.72,2.19,278
stress-ng --cpu 16 --cpu-load 78 --timeout 60s --quiet,39,5/15/2026,5:39:37,38.71,2.19,281
stress-ng --cpu 16 --cpu-load 78 --timeout 60s --quiet,39,5/15/2026,5:39:38,39.48,2.18,276
stress-ng --cpu 16 --cpu-load 78 --timeout 60s --quiet,39,5/15/2026,5:39:39,38.89,2.18,279
stress-ng --cpu 16 --cpu-load 78 --timeout 60s --quiet,39,5/15/2026,5:39:40,39.34,2.18,280
stress-ng --cpu 16 --cpu-load 78 --timeout 60s --quiet,39,5/15/2026,5:39:41,39.44,2.17,277
stress-ng --cpu 16 --cpu-load 78 --timeout 60s --quiet,39,5/15/2026,5:39:42,38.92,2.17,286
stress-ng --cpu 16 --cpu-load 78 --timeout 60s --quiet,39,5/15/2026,5:39:43,39.46,2.17,275
stress-ng --cpu 16 --cpu-load 78 --timeout 60s --quiet,39,5/15/2026,5:39:44,39.09,2.17,279
stress-ng --cpu 16 --cpu-load 78 --timeout 60s --quiet,39,5/15/2026,5:39:45,39.06,2.17,277
stress-ng --cpu 16 --cpu-load 78 --timeout 60s --quiet,39,5/15/2026,5:39:46,39.48,2.16,281
stress-ng --cpu 16 --cpu-load 78 --timeout 60s --quiet,39,5/15/2026,5:39:47,38.94,2.16,276
stress-ng --cpu 16 --cpu-load 78 --timeout 60s --quiet,39,5/15/2026,5:39:48,39.39,2.16,285
stress-ng --cpu 16 --cpu-load 78 --timeout 60s --quiet,39,5/15/2026,5:39:49,39.17,2.16,282
stress-ng --cpu 16 --cpu-load 78 --timeout 60s --quiet,39,5/15/2026,5:39:50,39.01,2.16,280
stress-ng --cpu 16 --cpu-load 78 --timeout 60s --quiet,39,5/15/2026,5:39:51,39.53,2.16,285
stress-ng --cpu 16 --cpu-load 78 --timeout 60s --quiet,39,5/15/2026,5:39:52,38.94,2.16,278
stress-ng --cpu 16 --cpu-load 78 --timeout 60s --quiet,39,5/15/2026,5:39:53,39.24,2.17,284
stress-ng --cpu 16 --cpu-load 78 --timeout 60s --quiet,39,5/15/2026,5:39:54,39.5,2.17,282
stress-ng --cpu 16 --cpu-load 78 --timeout 60s --quiet,39,5/15/2026,5:39:55,38.78,2.16,282
stress-ng --cpu 16 --cpu-load 78 --timeout 60s --quiet,39,5/15/2026,5:39:56,39.59,2.17,284
stress-ng --cpu 16 --cpu-load 78 --timeout 60s --quiet,39,5/15/2026,5:39:57,38.83,2.16,281
stress-ng --cpu 16 --cpu-load 78 --timeout 60s --quiet,39,5/15/2026,5:39:58,39.34,2.17,282
stress-ng --cpu 16 --cpu-load 78 --timeout 60s --quiet,39,5/15/2026,5:39:59,39.44,2.16,284
stress-ng --cpu 16 --cpu-load 78 --timeout 60s --quiet,39,5/15/2026,5:40:00,39.05,2.16,284
stress-ng --cpu 16 --cpu-load 78 --timeout 60s --quiet,39,5/15/2026,5:40:01,39.55,2.16,284
stress-ng --cpu 16 --cpu-load 78 --timeout 60s --quiet,39,5/15/2026,5:40:02,38.81,2.16,280
stress-ng --cpu 16 --cpu-load 78 --timeout 60s --quiet,39,5/15/2026,5:40:03,39.62,2.16,281
stress-ng --cpu 16 --cpu-load 78 --timeout 60s --quiet,39,5/15/2026,5:40:04,39.26,2.16,284
stress-ng --cpu 16 --cpu-load 78 --timeout 60s --quiet,39,5/15/2026,5:40:05,39.06,2.16,286
stress-ng --cpu 16 --cpu-load 78 --timeout 60s --quiet,39,5/15/2026,5:40:06,39.34,2.16,284
stress-ng --cpu 16 --cpu-load 78 --timeout 60s --quiet,39,5/15/2026,5:40:07,39.22,2.16,283
stress-ng --cpu 16 --cpu-load 78 --timeout 60s --quiet,39,5/15/2026,5:40:08,39.1,2.15,285
stress-ng --cpu 16 --cpu-load 78 --timeout 60s --quiet,39,5/15/2026,5:40:09,39.22,2.15,278
stress-ng --cpu 16 --cpu-load 78 --timeout 60s --quiet,39,5/15/2026,5:40:10,39.19,2.15,280
stress-ng --cpu 16 --cpu-load 78 --timeout 60s --quiet,39,5/15/2026,5:40:11,39.21,2.15,280
stress-ng --cpu 16 --cpu-load 78 --timeout 60s --quiet,39,5/15/2026,5:40:12,39.35,2.15,279
stress-ng --cpu 16 --cpu-load 78 --timeout 60s --quiet,39,5/15/2026,5:40:13,39,2.15,285
stress-ng --cpu 16 --cpu-load 78 --timeout 60s --quiet,39,5/15/2026,5:40:14,39.36,2.15,287
stress-ng --cpu 16 --cpu-load 78 --timeout 60s --quiet,39,5/15/2026,5:40:15,39.13,2.15,283
stress-ng --cpu 16 --cpu-load 78 --timeout 60s --quiet,39,5/15/2026,5:40:16,38.97,2.15,282
stress-ng --cpu 16 --cpu-load 78 --timeout 60s --quiet,39,5/15/2026,5:40:17,39.205,2.15,284
stress-ng --cpu 16 --cpu-load 78 --timeout 60s --quiet,39,5/15/2026,5:40:18,39.44,2.15,286
stress-ng --cpu 16 --cpu-load 78 --timeout 60s --quiet,39,5/15/2026,5:40:19,39.03,2.15,281
stress-ng --cpu 16 --cpu-load 78 --timeout 60s --quiet,39,5/15/2026,5:40:20,39.49,2.15,280
stress-ng --cpu 16 --cpu-load 78 --timeout 60s --quiet,39,5/15/2026,5:40:21,39.05,2.15,285
stress-ng --cpu 16 --cpu-load 78 --timeout 60s --quiet,39,5/15/2026,5:40:22,37.03,2.07,285
stress-ng --cpu 16 --cpu-load 78 --timeout 60s --quiet,39,5/15/2026,19:59:23,28.36,2.28,113
stress-ng --cpu 16 --cpu-load 78 --timeout 60s --quiet,39,5/15/2026,19:59:24,39.24,2.28,261
stress-ng --cpu 16 --cpu-load 78 --timeout 60s --quiet,39,5/15/2026,19:59:25,39.42,2.28,262
stress-ng --cpu 16 --cpu-load 78 --timeout 60s --quiet,39,5/15/2026,19:59:26,39.03,2.28,260
stress-ng --cpu 16 --cpu-load 78 --timeout 60s --quiet,39,5/15/2026,19:59:27,39.06,2.28,257
stress-ng --cpu 16 --cpu-load 78 --timeout 60s --quiet,39,5/15/2026,19:59:28,39.53,2.28,260
stress-ng --cpu 16 --cpu-load 78 --timeout 60s --quiet,39,5/15/2026,19:59:29,39.255,2.275,263
stress-ng --cpu 16 --cpu-load 78 --timeout 60s --quiet,39,5/15/2026,19:59:30,38.98,2.27,268
stress-ng --cpu 16 --cpu-load 78 --timeout 60s --quiet,39,5/15/2026,19:59:31,39.19,2.27,265
stress-ng --cpu 16 --cpu-load 78 --timeout 60s --quiet,39,5/15/2026,19:59:32,39.19,2.26,263
stress-ng --cpu 16 --cpu-load 78 --timeout 60s --quiet,39,5/15/2026,19:59:33,39.19,2.26,267
stress-ng --cpu 16 --cpu-load 78 --timeout 60s --quiet,39,5/15/2026,19:59:34,39.19,2.27,269
stress-ng --cpu 16 --cpu-load 78 --timeout 60s --quiet,39,5/15/2026,19:59:35,39.44,2.27,264
stress-ng --cpu 16 --cpu-load 78 --timeout 60s --quiet,39,5/15/2026,19:59:36,39.16,2.27,266
stress-ng --cpu 16 --cpu-load 78 --timeout 60s --quiet,39,5/15/2026,19:59:37,39.19,2.27,267
stress-ng --cpu 16 --cpu-load 78 --timeout 60s --quiet,39,5/15/2026,19:59:38,39.19,2.26,268
stress-ng --cpu 16 --cpu-load 78 --timeout 60s --quiet,39,5/15/2026,19:59:39,39.18,2.26,269
stress-ng --cpu 16 --cpu-load 78 --timeout 60s --quiet,39,5/15/2026,19:59:40,39.35,2.25,271
stress-ng --cpu 16 --cpu-load 78 --timeout 60s --quiet,39,5/15/2026,19:59:41,39.29,2.25,267
stress-ng --cpu 16 --cpu-load 78 --timeout 60s --quiet,39,5/15/2026,19:59:42,39.14,2.25,269
stress-ng --cpu 16 --cpu-load 78 --timeout 60s --quiet,39,5/15/2026,19:59:43,39.24,2.25,271
stress-ng --cpu 16 --cpu-load 78 --timeout 60s --quiet,39,5/15/2026,19:59:44,39.02,2.24,267
stress-ng --cpu 16 --cpu-load 78 --timeout 60s --quiet,39,5/15/2026,19:59:45,39.35,2.24,271
stress-ng --cpu 16 --cpu-load 78 --timeout 60s --quiet,39,5/15/2026,19:59:46,39.29,2.23,268
stress-ng --cpu 16 --cpu-load 78 --timeout 60s --quiet,39,5/15/2026,19:59:47,38.98,2.23,267
stress-ng --cpu 16 --cpu-load 78 --timeout 60s --quiet,39,5/15/2026,19:59:48,39.43,2.22,272
stress-ng --cpu 16 --cpu-load 78 --timeout 60s --quiet,39,5/15/2026,19:59:49,38.97,2.22,272
stress-ng --cpu 16 --cpu-load 78 --timeout 60s --quiet,39,5/15/2026,19:59:50,39.19,2.22,272
stress-ng --cpu 16 --cpu-load 78 --timeout 60s --quiet,39,5/15/2026,19:59:51,39.31,2.21,272
stress-ng --cpu 16 --cpu-load 78 --timeout 60s --quiet,39,5/15/2026,19:59:52,38.94,2.21,272
stress-ng --cpu 16 --cpu-load 78 --timeout 60s --quiet,39,5/15/2026,19:59:53,39.25,2.2,272
stress-ng --cpu 16 --cpu-load 78 --timeout 60s --quiet,39,5/15/2026,19:59:54,39.09,2.2,272
stress-ng --cpu 16 --cpu-load 78 --timeout 60s --quiet,39,5/15/2026,19:59:55,38.97,2.2,272
stress-ng --cpu 16 --cpu-load 78 --timeout 60s --quiet,39,5/15/2026,19:59:56,39.24,2.2,272.4
stress-ng --cpu 16 --cpu-load 78 --timeout 60s --quiet,39,5/15/2026,19:59:57,39.08,2.2,272.8
stress-ng --cpu 16 --cpu-load 78 --timeout 60s --quiet,39,5/15/2026,19:59:58,39.18,2.19,273.2
stress-ng --cpu 16 --cpu-load 78 --timeout 60s --quiet,39,5/15/2026,19:59:59,39.08,2.19,273.6
stress-ng --cpu 16 --cpu-load 78 --timeout 60s --quiet,39,5/15/2026,20:00:00,39.08,2.19,274
stress-ng --cpu 16 --cpu-load 78 --timeout 60s --quiet,39,5/15/2026,20:00:01,39.4,2.19,269
stress-ng --cpu 16 --cpu-load 78 --timeout 60s --quiet,39,5/15/2026,20:00:02,39.08,2.19,275
stress-ng --cpu 16 --cpu-load 78 --timeout 60s --quiet,39,5/15/2026,20:00:03,39.29,2.18,270
stress-ng --cpu 16 --cpu-load 78 --timeout 60s --quiet,39,5/15/2026,20:00:04,39.48,2.18,274
stress-ng --cpu 16 --cpu-load 78 --timeout 60s --quiet,39,5/15/2026,20:00:05,38.95,2.18,272
stress-ng --cpu 16 --cpu-load 78 --timeout 60s --quiet,39,5/15/2026,20:00:06,39.21,2.19,272
stress-ng --cpu 16 --cpu-load 78 --timeout 60s --quiet,39,5/15/2026,20:00:07,39.22,2.19,278
stress-ng --cpu 16 --cpu-load 78 --timeout 60s --quiet,39,5/15/2026,20:00:08,39.32,2.18,273
stress-ng --cpu 16 --cpu-load 78 --timeout 60s --quiet,39,5/15/2026,20:00:09,39.18,2.18,274.5
stress-ng --cpu 16 --cpu-load 78 --timeout 60s --quiet,39,5/15/2026,20:00:10,39.22,2.18,276
stress-ng --cpu 16 --cpu-load 78 --timeout 60s --quiet,39,5/15/2026,20:00:11,39.18,2.18,277
stress-ng --cpu 16 --cpu-load 78 --timeout 60s --quiet,39,5/15/2026,20:00:12,39.19,2.18,275.5
stress-ng --cpu 16 --cpu-load 78 --timeout 60s --quiet,39,5/15/2026,20:00:13,39.14,2.18,274
stress-ng --cpu 16 --cpu-load 78 --timeout 60s --quiet,39,5/15/2026,20:00:14,39.22,2.17,277
stress-ng --cpu 16 --cpu-load 78 --timeout 60s --quiet,39,5/15/2026,20:00:15,39.26,2.17,275
stress-ng --cpu 16 --cpu-load 78 --timeout 60s --quiet,39,5/15/2026,20:00:16,39.19,2.18,278
stress-ng --cpu 16 --cpu-load 78 --timeout 60s --quiet,39,5/15/2026,20:00:17,39.23,2.18,276
stress-ng --cpu 16 --cpu-load 78 --timeout 60s --quiet,39,5/15/2026,20:00:18,39.14,2.18,277
stress-ng --cpu 16 --cpu-load 78 --timeout 60s --quiet,39,5/15/2026,20:00:19,39.29,2.18,274
stress-ng --cpu 16 --cpu-load 78 --timeout 60s --quiet,39,5/15/2026,20:00:20,39.13,2.17,276
stress-ng --cpu 16 --cpu-load 78 --timeout 60s --quiet,39,5/15/2026,20:00:21,39.13,2.17,276
stress-ng --cpu 16 --cpu-load 78 --timeout 60s --quiet,39,5/15/2026,20:00:22,39.25,2.17,278
stress-ng --cpu 16 --cpu-load 78 --timeout 60s --quiet,39,5/15/2026,20:00:23,12.83,2.11,278
stress-ng --cpu 16 --cpu-load 80 --timeout 60s --quiet,40,5/14/2026,21:10:13,0.12,2.11,123
stress-ng --cpu 16 --cpu-load 80 --timeout 60s --quiet,40,5/14/2026,21:10:14,31.15,2.24,125
stress-ng --cpu 16 --cpu-load 80 --timeout 60s --quiet,40,5/14/2026,21:10:15,40.15,2.25,201
stress-ng --cpu 16 --cpu-load 80 --timeout 60s --quiet,40,5/14/2026,21:10:16,40.39,2.25,270
stress-ng --cpu 16 --cpu-load 80 --timeout 60s --quiet,40,5/14/2026,21:10:17,39.99,2.25,267
stress-ng --cpu 16 --cpu-load 80 --timeout 60s --quiet,40,5/14/2026,21:10:18,40.6,2.25,266
stress-ng --cpu 16 --cpu-load 80 --timeout 60s --quiet,40,5/14/2026,21:10:19,39.97,2.25,268
stress-ng --cpu 16 --cpu-load 80 --timeout 60s --quiet,40,5/14/2026,21:10:20,40.38,2.25,269
stress-ng --cpu 16 --cpu-load 80 --timeout 60s --quiet,40,5/14/2026,21:10:21,40.25,2.25,271
stress-ng --cpu 16 --cpu-load 80 --timeout 60s --quiet,40,5/14/2026,21:10:22,40.05,2.25,271
stress-ng --cpu 16 --cpu-load 80 --timeout 60s --quiet,40,5/14/2026,21:10:23,40.55,2.25,276
stress-ng --cpu 16 --cpu-load 80 --timeout 60s --quiet,40,5/14/2026,21:10:24,39.93,2.25,271
stress-ng --cpu 16 --cpu-load 80 --timeout 60s --quiet,40,5/14/2026,21:10:25,40.52,2.26,272
stress-ng --cpu 16 --cpu-load 80 --timeout 60s --quiet,40,5/14/2026,21:10:26,40.05,2.26,275
stress-ng --cpu 16 --cpu-load 80 --timeout 60s --quiet,40,5/14/2026,21:10:27,40.6,2.25,274
stress-ng --cpu 16 --cpu-load 80 --timeout 60s --quiet,40,5/14/2026,21:10:28,40.12,2.24,273
stress-ng --cpu 16 --cpu-load 80 --timeout 60s --quiet,40,5/14/2026,21:10:29,40.195,2.235,272
stress-ng --cpu 16 --cpu-load 80 --timeout 60s --quiet,40,5/14/2026,21:10:30,40.27,2.23,277
stress-ng --cpu 16 --cpu-load 80 --timeout 60s --quiet,40,5/14/2026,21:10:31,40.14,2.23,274
stress-ng --cpu 16 --cpu-load 80 --timeout 60s --quiet,40,5/14/2026,21:10:32,40.12,2.23,275
stress-ng --cpu 16 --cpu-load 80 --timeout 60s --quiet,40,5/14/2026,21:10:33,40.3,2.23,278
stress-ng --cpu 16 --cpu-load 80 --timeout 60s --quiet,40,5/14/2026,21:10:34,40.21,2.23,273
stress-ng --cpu 16 --cpu-load 80 --timeout 60s --quiet,40,5/14/2026,21:10:35,40.38,2.22,278
stress-ng --cpu 16 --cpu-load 80 --timeout 60s --quiet,40,5/14/2026,21:10:36,39.98,2.22,279
stress-ng --cpu 16 --cpu-load 80 --timeout 60s --quiet,40,5/14/2026,21:10:37,40.41,2.22,275
stress-ng --cpu 16 --cpu-load 80 --timeout 60s --quiet,40,5/14/2026,21:10:38,40.06,2.22,277
stress-ng --cpu 16 --cpu-load 80 --timeout 60s --quiet,40,5/14/2026,21:10:39,40.26,2.22,277
stress-ng --cpu 16 --cpu-load 80 --timeout 60s --quiet,40,5/14/2026,21:10:40,40.22,2.23,277
stress-ng --cpu 16 --cpu-load 80 --timeout 60s --quiet,40,5/14/2026,21:10:41,40.36,2.22,276
stress-ng --cpu 16 --cpu-load 80 --timeout 60s --quiet,40,5/14/2026,21:10:42,40.22,2.22,279
stress-ng --cpu 16 --cpu-load 80 --timeout 60s --quiet,40,5/14/2026,21:10:43,40.09,2.22,278
stress-ng --cpu 16 --cpu-load 80 --timeout 60s --quiet,40,5/14/2026,21:10:44,40.3,2.23,277
stress-ng --cpu 16 --cpu-load 80 --timeout 60s --quiet,40,5/14/2026,21:10:45,40.16,2.22,279
stress-ng --cpu 16 --cpu-load 80 --timeout 60s --quiet,40,5/14/2026,21:10:46,40.28,2.21,280
stress-ng --cpu 16 --cpu-load 80 --timeout 60s --quiet,40,5/14/2026,21:10:47,40.13,2.21,279
stress-ng --cpu 16 --cpu-load 80 --timeout 60s --quiet,40,5/14/2026,21:10:48,40.39,2.21,284
stress-ng --cpu 16 --cpu-load 80 --timeout 60s --quiet,40,5/14/2026,21:10:49,40.22,2.21,279
stress-ng --cpu 16 --cpu-load 80 --timeout 60s --quiet,40,5/14/2026,21:10:50,40.15,2.21,282
stress-ng --cpu 16 --cpu-load 80 --timeout 60s --quiet,40,5/14/2026,21:10:51,40.2,2.21,281
stress-ng --cpu 16 --cpu-load 80 --timeout 60s --quiet,40,5/14/2026,21:10:52,40.33,2.21,279
stress-ng --cpu 16 --cpu-load 80 --timeout 60s --quiet,40,5/14/2026,21:10:53,40.19,2.21,281
stress-ng --cpu 16 --cpu-load 80 --timeout 60s --quiet,40,5/14/2026,21:10:54,40.25,2.21,281
stress-ng --cpu 16 --cpu-load 80 --timeout 60s --quiet,40,5/14/2026,21:10:55,40.1,2.21,281
stress-ng --cpu 16 --cpu-load 80 --timeout 60s --quiet,40,5/14/2026,21:10:56,40.34,2.21,277
stress-ng --cpu 16 --cpu-load 80 --timeout 60s --quiet,40,5/14/2026,21:10:57,40.03,2.21,277
stress-ng --cpu 16 --cpu-load 80 --timeout 60s --quiet,40,5/14/2026,21:10:58,40.27,2.21,280
stress-ng --cpu 16 --cpu-load 80 --timeout 60s --quiet,40,5/14/2026,21:10:59,40.24,2.21,280
stress-ng --cpu 16 --cpu-load 80 --timeout 60s --quiet,40,5/14/2026,21:11:00,40.22,2.21,280
stress-ng --cpu 16 --cpu-load 80 --timeout 60s --quiet,40,5/14/2026,21:11:01,40.04,2.21,277
stress-ng --cpu 16 --cpu-load 80 --timeout 60s --quiet,40,5/14/2026,21:11:02,40.41,2.2,282
stress-ng --cpu 16 --cpu-load 80 --timeout 60s --quiet,40,5/14/2026,21:11:03,39.98,2.2,280
stress-ng --cpu 16 --cpu-load 80 --timeout 60s --quiet,40,5/14/2026,21:11:04,40.49,2.19,282
stress-ng --cpu 16 --cpu-load 80 --timeout 60s --quiet,40,5/14/2026,21:11:05,40.07,2.2,287
stress-ng --cpu 16 --cpu-load 80 --timeout 60s --quiet,40,5/14/2026,21:11:06,40.18,2.2,281
stress-ng --cpu 16 --cpu-load 80 --timeout 60s --quiet,40,5/14/2026,21:11:07,40.25,2.19,284
stress-ng --cpu 16 --cpu-load 80 --timeout 60s --quiet,40,5/14/2026,21:11:08,40.33,2.19,281.5
stress-ng --cpu 16 --cpu-load 80 --timeout 60s --quiet,40,5/14/2026,21:11:09,40.12,2.19,279
stress-ng --cpu 16 --cpu-load 80 --timeout 60s --quiet,40,5/14/2026,21:11:10,40.17,2.19,282
stress-ng --cpu 16 --cpu-load 80 --timeout 60s --quiet,40,5/14/2026,21:11:11,40.28,2.19,278
stress-ng --cpu 16 --cpu-load 80 --timeout 60s --quiet,40,5/14/2026,21:11:12,40.07,2.19,280
stress-ng --cpu 16 --cpu-load 80 --timeout 60s --quiet,40,5/14/2026,21:11:13,40.25,2.19,284
stress-ng --cpu 16 --cpu-load 80 --timeout 60s --quiet,40,5/14/2026,21:11:14,11.35,2.12,149
stress-ng --cpu 16 --cpu-load 80 --timeout 60s --quiet,40,5/15/2026,9:03:50,0.12,2.09,111
stress-ng --cpu 16 --cpu-load 80 --timeout 60s --quiet,40,5/15/2026,9:03:51,8.8,2.2,208
stress-ng --cpu 16 --cpu-load 80 --timeout 60s --quiet,40,5/15/2026,9:03:52,40.25,2.21,271
stress-ng --cpu 16 --cpu-load 80 --timeout 60s --quiet,40,5/15/2026,9:03:53,40.31,2.21,272
stress-ng --cpu 16 --cpu-load 80 --timeout 60s --quiet,40,5/15/2026,9:03:54,40.55,2.21,278
stress-ng --cpu 16 --cpu-load 80 --timeout 60s --quiet,40,5/15/2026,9:03:55,40.18,2.2,277
stress-ng --cpu 16 --cpu-load 80 --timeout 60s --quiet,40,5/15/2026,9:03:56,39.98,2.2,276
stress-ng --cpu 16 --cpu-load 80 --timeout 60s --quiet,40,5/15/2026,9:03:57,40.28,2.19,279
stress-ng --cpu 16 --cpu-load 80 --timeout 60s --quiet,40,5/15/2026,9:03:58,40.24,2.19,277
stress-ng --cpu 16 --cpu-load 80 --timeout 60s --quiet,40,5/15/2026,9:03:59,40.24,2.19,276
stress-ng --cpu 16 --cpu-load 80 --timeout 60s --quiet,40,5/15/2026,9:04:00,40.19,2.19,277
stress-ng --cpu 16 --cpu-load 80 --timeout 60s --quiet,40,5/15/2026,9:04:01,40.38,2.2,276
stress-ng --cpu 16 --cpu-load 80 --timeout 60s --quiet,40,5/15/2026,9:04:02,39.91,2.21,281
stress-ng --cpu 16 --cpu-load 80 --timeout 60s --quiet,40,5/15/2026,9:04:03,40.65,2.2,279
stress-ng --cpu 16 --cpu-load 80 --timeout 60s --quiet,40,5/15/2026,9:04:04,40.03,2.21,280
stress-ng --cpu 16 --cpu-load 80 --timeout 60s --quiet,40,5/15/2026,9:04:05,40.37,2.19,281
stress-ng --cpu 16 --cpu-load 80 --timeout 60s --quiet,40,5/15/2026,9:04:06,40.02,2.19,279
stress-ng --cpu 16 --cpu-load 80 --timeout 60s --quiet,40,5/15/2026,9:04:07,40.28,2.19,282
stress-ng --cpu 16 --cpu-load 80 --timeout 60s --quiet,40,5/15/2026,9:04:08,40.13,2.18,281
stress-ng --cpu 16 --cpu-load 80 --timeout 60s --quiet,40,5/15/2026,9:04:09,40.22,2.18,287
stress-ng --cpu 16 --cpu-load 80 --timeout 60s --quiet,40,5/15/2026,9:04:10,40.15,2.18,281
stress-ng --cpu 16 --cpu-load 80 --timeout 60s --quiet,40,5/15/2026,9:04:11,40.37,2.17,282
stress-ng --cpu 16 --cpu-load 80 --timeout 60s --quiet,40,5/15/2026,9:04:12,40.21,2.17,278
stress-ng --cpu 16 --cpu-load 80 --timeout 60s --quiet,40,5/15/2026,9:04:13,40.1,2.17,284
stress-ng --cpu 16 --cpu-load 80 --timeout 60s --quiet,40,5/15/2026,9:04:14,40.29,2.16,284
stress-ng --cpu 16 --cpu-load 80 --timeout 60s --quiet,40,5/15/2026,9:04:15,40.28,2.16,280
stress-ng --cpu 16 --cpu-load 80 --timeout 60s --quiet,40,5/15/2026,9:04:16,40.2,2.16,283
stress-ng --cpu 16 --cpu-load 80 --timeout 60s --quiet,40,5/15/2026,9:04:17,40.28,2.15,283
stress-ng --cpu 16 --cpu-load 80 --timeout 60s --quiet,40,5/15/2026,9:04:18,40.02,2.15,284
stress-ng --cpu 16 --cpu-load 80 --timeout 60s --quiet,40,5/15/2026,9:04:19,40.24,2.15,281
stress-ng --cpu 16 --cpu-load 80 --timeout 60s --quiet,40,5/15/2026,9:04:20,40.26,2.15,284
stress-ng --cpu 16 --cpu-load 80 --timeout 60s --quiet,40,5/15/2026,9:04:21,40.18,2.15,285
stress-ng --cpu 16 --cpu-load 80 --timeout 60s --quiet,40,5/15/2026,9:04:22,40.24,2.16,287
stress-ng --cpu 16 --cpu-load 80 --timeout 60s --quiet,40,5/15/2026,9:04:23,40.21,2.16,284
stress-ng --cpu 16 --cpu-load 80 --timeout 60s --quiet,40,5/15/2026,9:04:24,40.03,2.16,286
stress-ng --cpu 16 --cpu-load 80 --timeout 60s --quiet,40,5/15/2026,9:04:25,40.49,2.15,286
stress-ng --cpu 16 --cpu-load 80 --timeout 60s --quiet,40,5/15/2026,9:04:26,40.24,2.16,286
stress-ng --cpu 16 --cpu-load 80 --timeout 60s --quiet,40,5/15/2026,9:04:27,40.22,2.16,284
stress-ng --cpu 16 --cpu-load 80 --timeout 60s --quiet,40,5/15/2026,9:04:28,40.5,2.16,289
stress-ng --cpu 16 --cpu-load 80 --timeout 60s --quiet,40,5/15/2026,9:04:29,40.25,2.16,287
stress-ng --cpu 16 --cpu-load 80 --timeout 60s --quiet,40,5/15/2026,9:04:30,40.21,2.16,288
stress-ng --cpu 16 --cpu-load 80 --timeout 60s --quiet,40,5/15/2026,9:04:31,40.17,2.16,289.5
stress-ng --cpu 16 --cpu-load 80 --timeout 60s --quiet,40,5/15/2026,9:04:32,40.26,2.16,291
stress-ng --cpu 16 --cpu-load 80 --timeout 60s --quiet,40,5/15/2026,9:04:33,40.09,2.16,289
stress-ng --cpu 16 --cpu-load 80 --timeout 60s --quiet,40,5/15/2026,9:04:34,40.24,2.16,288
stress-ng --cpu 16 --cpu-load 80 --timeout 60s --quiet,40,5/15/2026,9:04:35,40.28,2.15,286
stress-ng --cpu 16 --cpu-load 80 --timeout 60s --quiet,40,5/15/2026,9:04:36,40.33,2.15,288
stress-ng --cpu 16 --cpu-load 80 --timeout 60s --quiet,40,5/15/2026,9:04:37,40.09,2.15,285
stress-ng --cpu 16 --cpu-load 80 --timeout 60s --quiet,40,5/15/2026,9:04:38,40.33,2.15,287
stress-ng --cpu 16 --cpu-load 80 --timeout 60s --quiet,40,5/15/2026,9:04:39,40.25,2.16,290
stress-ng --cpu 16 --cpu-load 80 --timeout 60s --quiet,40,5/15/2026,9:04:40,40.42,2.16,284
stress-ng --cpu 16 --cpu-load 80 --timeout 60s --quiet,40,5/15/2026,9:04:41,40.1,2.16,287
stress-ng --cpu 16 --cpu-load 80 --timeout 60s --quiet,40,5/15/2026,9:04:42,40.305,2.16,290
stress-ng --cpu 16 --cpu-load 80 --timeout 60s --quiet,40,5/15/2026,9:04:43,40.51,2.16,287
stress-ng --cpu 16 --cpu-load 80 --timeout 60s --quiet,40,5/15/2026,9:04:44,40.06,2.16,290
stress-ng --cpu 16 --cpu-load 80 --timeout 60s --quiet,40,5/15/2026,9:04:45,40.11,2.16,289
stress-ng --cpu 16 --cpu-load 80 --timeout 60s --quiet,40,5/15/2026,9:04:46,40.5,2.15,286
stress-ng --cpu 16 --cpu-load 80 --timeout 60s --quiet,40,5/15/2026,9:04:47,39.96,2.15,289
stress-ng --cpu 16 --cpu-load 80 --timeout 60s --quiet,40,5/15/2026,9:04:48,40.51,2.15,291
stress-ng --cpu 16 --cpu-load 80 --timeout 60s --quiet,40,5/15/2026,9:04:49,39.99,2.15,287
stress-ng --cpu 16 --cpu-load 80 --timeout 60s --quiet,40,5/15/2026,9:04:50,40.42,2.15,290
stress-ng --cpu 16 --cpu-load 80 --timeout 60s --quiet,40,5/15/2026,9:04:51,33.44,2.1,170
stress-ng --cpu 16 --cpu-load 80 --timeout 60s --quiet,40,5/15/2026,15:30:47,0.25,2.15,118
stress-ng --cpu 16 --cpu-load 80 --timeout 60s --quiet,40,5/15/2026,15:30:48,30.11,2.26,265
stress-ng --cpu 16 --cpu-load 80 --timeout 60s --quiet,40,5/15/2026,15:30:49,40.82,2.27,268
stress-ng --cpu 16 --cpu-load 80 --timeout 60s --quiet,40,5/15/2026,15:30:50,39.94,2.27,274
stress-ng --cpu 16 --cpu-load 80 --timeout 60s --quiet,40,5/15/2026,15:30:51,40.54,2.27,272
stress-ng --cpu 16 --cpu-load 80 --timeout 60s --quiet,40,5/15/2026,15:30:52,40.09,2.27,272
stress-ng --cpu 16 --cpu-load 80 --timeout 60s --quiet,40,5/15/2026,15:30:53,40.34,2.27,276
stress-ng --cpu 16 --cpu-load 80 --timeout 60s --quiet,40,5/15/2026,15:30:54,40.28,2.28,274
stress-ng --cpu 16 --cpu-load 80 --timeout 60s --quiet,40,5/15/2026,15:30:55,40.13,2.27,271
stress-ng --cpu 16 --cpu-load 80 --timeout 60s --quiet,40,5/15/2026,15:30:56,40.34,2.27,273
stress-ng --cpu 16 --cpu-load 80 --timeout 60s --quiet,40,5/15/2026,15:30:57,40.16,2.26,275
stress-ng --cpu 16 --cpu-load 80 --timeout 60s --quiet,40,5/15/2026,15:30:58,40.59,2.26,276
stress-ng --cpu 16 --cpu-load 80 --timeout 60s --quiet,40,5/15/2026,15:30:59,40.14,2.25,278
stress-ng --cpu 16 --cpu-load 80 --timeout 60s --quiet,40,5/15/2026,15:31:00,40.23,2.25,278
stress-ng --cpu 16 --cpu-load 80 --timeout 60s --quiet,40,5/15/2026,15:31:01,40.52,2.24,274
stress-ng --cpu 16 --cpu-load 80 --timeout 60s --quiet,40,5/15/2026,15:31:02,40.26,2.24,279
stress-ng --cpu 16 --cpu-load 80 --timeout 60s --quiet,40,5/15/2026,15:31:03,40.41,2.24,280
stress-ng --cpu 16 --cpu-load 80 --timeout 60s --quiet,40,5/15/2026,15:31:04,40.31,2.24,280
stress-ng --cpu 16 --cpu-load 80 --timeout 60s --quiet,40,5/15/2026,15:31:05,40.33,2.24,279
stress-ng --cpu 16 --cpu-load 80 --timeout 60s --quiet,40,5/15/2026,15:31:06,40.15,2.24,280
stress-ng --cpu 16 --cpu-load 80 --timeout 60s --quiet,40,5/15/2026,15:31:07,40.44,2.23,278
stress-ng --cpu 16 --cpu-load 80 --timeout 60s --quiet,40,5/15/2026,15:31:08,40.12,2.22,279
stress-ng --cpu 16 --cpu-load 80 --timeout 60s --quiet,40,5/15/2026,15:31:09,40.32,2.22,281
stress-ng --cpu 16 --cpu-load 80 --timeout 60s --quiet,40,5/15/2026,15:31:10,40.31,2.22,283
stress-ng --cpu 16 --cpu-load 80 --timeout 60s --quiet,40,5/15/2026,15:31:11,40.16,2.21,282
stress-ng --cpu 16 --cpu-load 80 --timeout 60s --quiet,40,5/15/2026,15:31:12,40.26,2.21,280
stress-ng --cpu 16 --cpu-load 80 --timeout 60s --quiet,40,5/15/2026,15:31:13,40.28,2.21,284
stress-ng --cpu 16 --cpu-load 80 --timeout 60s --quiet,40,5/15/2026,15:31:14,40.33,2.21,278
stress-ng --cpu 16 --cpu-load 80 --timeout 60s --quiet,40,5/15/2026,15:31:15,40.46,2.21,281
stress-ng --cpu 16 --cpu-load 80 --timeout 60s --quiet,40,5/15/2026,15:31:16,40.23,2.21,279
stress-ng --cpu 16 --cpu-load 80 --timeout 60s --quiet,40,5/15/2026,15:31:17,40.31,2.21,280
stress-ng --cpu 16 --cpu-load 80 --timeout 60s --quiet,40,5/15/2026,15:31:18,40.09,2.21,285
stress-ng --cpu 16 --cpu-load 80 --timeout 60s --quiet,40,5/15/2026,15:31:19,40.62,2.2,274
stress-ng --cpu 16 --cpu-load 80 --timeout 60s --quiet,40,5/15/2026,15:31:20,39.93,2.2,284
stress-ng --cpu 16 --cpu-load 80 --timeout 60s --quiet,40,5/15/2026,15:31:21,40.79,2.2,287
stress-ng --cpu 16 --cpu-load 80 --timeout 60s --quiet,40,5/15/2026,15:31:22,40.18,2.2,279
stress-ng --cpu 16 --cpu-load 80 --timeout 60s --quiet,40,5/15/2026,15:31:23,40.26,2.2,284
stress-ng --cpu 16 --cpu-load 80 --timeout 60s --quiet,40,5/15/2026,15:31:24,40.27,2.2,278
stress-ng --cpu 16 --cpu-load 80 --timeout 60s --quiet,40,5/15/2026,15:31:25,40.23,2.2,279.5
stress-ng --cpu 16 --cpu-load 80 --timeout 60s --quiet,40,5/15/2026,15:31:26,40.35,2.2,281
stress-ng --cpu 16 --cpu-load 80 --timeout 60s --quiet,40,5/15/2026,15:31:27,40.36,2.21,279
stress-ng --cpu 16 --cpu-load 80 --timeout 60s --quiet,40,5/15/2026,15:31:28,40.3,2.21,281
stress-ng --cpu 16 --cpu-load 80 --timeout 60s --quiet,40,5/15/2026,15:31:29,40.34,2.21,281
stress-ng --cpu 16 --cpu-load 80 --timeout 60s --quiet,40,5/15/2026,15:31:30,40.01,2.21,288
stress-ng --cpu 16 --cpu-load 80 --timeout 60s --quiet,40,5/15/2026,15:31:31,40.71,2.2,286
stress-ng --cpu 16 --cpu-load 80 --timeout 60s --quiet,40,5/15/2026,15:31:32,39.93,2.2,287
stress-ng --cpu 16 --cpu-load 80 --timeout 60s --quiet,40,5/15/2026,15:31:33,40.55,2.2,284
stress-ng --cpu 16 --cpu-load 80 --timeout 60s --quiet,40,5/15/2026,15:31:34,40.3,2.21,284
stress-ng --cpu 16 --cpu-load 80 --timeout 60s --quiet,40,5/15/2026,15:31:35,40.18,2.21,284
stress-ng --cpu 16 --cpu-load 80 --timeout 60s --quiet,40,5/15/2026,15:31:36,40.34,2.21,285
stress-ng --cpu 16 --cpu-load 80 --timeout 60s --quiet,40,5/15/2026,15:31:37,40.09,2.21,285
stress-ng --cpu 16 --cpu-load 80 --timeout 60s --quiet,40,5/15/2026,15:31:38,40.44,2.21,284
stress-ng --cpu 16 --cpu-load 80 --timeout 60s --quiet,40,5/15/2026,15:31:39,40.13,2.21,284
stress-ng --cpu 16 --cpu-load 80 --timeout 60s --quiet,40,5/15/2026,15:31:40,40.26,2.21,285
stress-ng --cpu 16 --cpu-load 80 --timeout 60s --quiet,40,5/15/2026,15:31:41,40.39,2.21,286
stress-ng --cpu 16 --cpu-load 80 --timeout 60s --quiet,40,5/15/2026,15:31:42,39.94,2.21,287
stress-ng --cpu 16 --cpu-load 80 --timeout 60s --quiet,40,5/15/2026,15:31:43,40.67,2.21,284
stress-ng --cpu 16 --cpu-load 80 --timeout 60s --quiet,40,5/15/2026,15:31:44,40.12,2.21,283
stress-ng --cpu 16 --cpu-load 80 --timeout 60s --quiet,40,5/15/2026,15:31:45,40.51,2.2,286
stress-ng --cpu 16 --cpu-load 80 --timeout 60s --quiet,40,5/15/2026,15:31:46,40.22,2.2,289
stress-ng --cpu 16 --cpu-load 80 --timeout 60s --quiet,40,5/15/2026,15:31:47,40.09,2.2,289
stress-ng --cpu 16 --cpu-load 82 --timeout 60s --quiet,41,5/15/2026,4:01:11,26.82,2.23,120
stress-ng --cpu 16 --cpu-load 82 --timeout 60s --quiet,41,5/15/2026,4:01:12,40.92,2.24,264
stress-ng --cpu 16 --cpu-load 82 --timeout 60s --quiet,41,5/15/2026,4:01:13,41.18,2.23,269
stress-ng --cpu 16 --cpu-load 82 --timeout 60s --quiet,41,5/15/2026,4:01:14,41.31,2.23,271
stress-ng --cpu 16 --cpu-load 82 --timeout 60s --quiet,41,5/15/2026,4:01:15,41.33,2.23,273
stress-ng --cpu 16 --cpu-load 82 --timeout 60s --quiet,41,5/15/2026,4:01:16,41.02,2.23,270
stress-ng --cpu 16 --cpu-load 82 --timeout 60s --quiet,41,5/15/2026,4:01:17,41.18,2.22,273
stress-ng --cpu 16 --cpu-load 82 --timeout 60s --quiet,41,5/15/2026,4:01:18,41.19,2.22,268
stress-ng --cpu 16 --cpu-load 82 --timeout 60s --quiet,41,5/15/2026,4:01:19,41.32,2.22,270
stress-ng --cpu 16 --cpu-load 82 --timeout 60s --quiet,41,5/15/2026,4:01:20,41.4,2.22,273
stress-ng --cpu 16 --cpu-load 82 --timeout 60s --quiet,41,5/15/2026,4:01:21,41.07,2.22,272
stress-ng --cpu 16 --cpu-load 82 --timeout 60s --quiet,41,5/15/2026,4:01:22,41.33,2.23,278
stress-ng --cpu 16 --cpu-load 82 --timeout 60s --quiet,41,5/15/2026,4:01:23,41.25,2.23,271
stress-ng --cpu 16 --cpu-load 82 --timeout 60s --quiet,41,5/15/2026,4:01:24,41.3,2.23,274
stress-ng --cpu 16 --cpu-load 82 --timeout 60s --quiet,41,5/15/2026,4:01:25,41.18,2.22,278
stress-ng --cpu 16 --cpu-load 82 --timeout 60s --quiet,41,5/15/2026,4:01:26,41.07,2.21,273
stress-ng --cpu 16 --cpu-load 82 --timeout 60s --quiet,41,5/15/2026,4:01:27,41.28,2.2,280
stress-ng --cpu 16 --cpu-load 82 --timeout 60s --quiet,41,5/15/2026,4:01:28,41.29,2.21,271
stress-ng --cpu 16 --cpu-load 82 --timeout 60s --quiet,41,5/15/2026,4:01:29,41.195,2.205,273
stress-ng --cpu 16 --cpu-load 82 --timeout 60s --quiet,41,5/15/2026,4:01:30,41.1,2.2,278
stress-ng --cpu 16 --cpu-load 82 --timeout 60s --quiet,41,5/15/2026,4:01:31,41.18,2.2,272
stress-ng --cpu 16 --cpu-load 82 --timeout 60s --quiet,41,5/15/2026,4:01:32,41.39,2.2,273
stress-ng --cpu 16 --cpu-load 82 --timeout 60s --quiet,41,5/15/2026,4:01:33,41.17,2.2,271
stress-ng --cpu 16 --cpu-load 82 --timeout 60s --quiet,41,5/15/2026,4:01:34,41.32,2.2,275
stress-ng --cpu 16 --cpu-load 82 --timeout 60s --quiet,41,5/15/2026,4:01:35,41.34,2.2,279
stress-ng --cpu 16 --cpu-load 82 --timeout 60s --quiet,41,5/15/2026,4:01:36,41.05,2.19,276
stress-ng --cpu 16 --cpu-load 82 --timeout 60s --quiet,41,5/15/2026,4:01:37,41.16,2.19,276
stress-ng --cpu 16 --cpu-load 82 --timeout 60s --quiet,41,5/15/2026,4:01:38,41.22,2.19,277
stress-ng --cpu 16 --cpu-load 82 --timeout 60s --quiet,41,5/15/2026,4:01:39,41.36,2.19,277
stress-ng --cpu 16 --cpu-load 82 --timeout 60s --quiet,41,5/15/2026,4:01:40,41.1,2.19,278.5
stress-ng --cpu 16 --cpu-load 82 --timeout 60s --quiet,41,5/15/2026,4:01:41,41.17,2.19,280
stress-ng --cpu 16 --cpu-load 82 --timeout 60s --quiet,41,5/15/2026,4:01:42,41.21,2.18,275
stress-ng --cpu 16 --cpu-load 82 --timeout 60s --quiet,41,5/15/2026,4:01:43,41.24,2.18,279
stress-ng --cpu 16 --cpu-load 82 --timeout 60s --quiet,41,5/15/2026,4:01:44,41.17,2.18,280
stress-ng --cpu 16 --cpu-load 82 --timeout 60s --quiet,41,5/15/2026,4:01:45,41.1,2.18,280
stress-ng --cpu 16 --cpu-load 82 --timeout 60s --quiet,41,5/15/2026,4:01:46,41.35,2.18,276
stress-ng --cpu 16 --cpu-load 82 --timeout 60s --quiet,41,5/15/2026,4:01:47,41.15,2.18,276
stress-ng --cpu 16 --cpu-load 82 --timeout 60s --quiet,41,5/15/2026,4:01:48,41.22,2.18,281
stress-ng --cpu 16 --cpu-load 82 --timeout 60s --quiet,41,5/15/2026,4:01:49,41.21,2.18,283
stress-ng --cpu 16 --cpu-load 82 --timeout 60s --quiet,41,5/15/2026,4:01:50,41.39,2.19,280
stress-ng --cpu 16 --cpu-load 82 --timeout 60s --quiet,41,5/15/2026,4:01:51,41.16,2.18,280
stress-ng --cpu 16 --cpu-load 82 --timeout 60s --quiet,41,5/15/2026,4:01:52,41.19,2.18,281
stress-ng --cpu 16 --cpu-load 82 --timeout 60s --quiet,41,5/15/2026,4:01:53,41.46,2.19,278
stress-ng --cpu 16 --cpu-load 82 --timeout 60s --quiet,41,5/15/2026,4:01:54,41.19,2.19,280
stress-ng --cpu 16 --cpu-load 82 --timeout 60s --quiet,41,5/15/2026,4:01:55,41.07,2.19,279
stress-ng --cpu 16 --cpu-load 82 --timeout 60s --quiet,41,5/15/2026,4:01:56,41.37,2.19,279
stress-ng --cpu 16 --cpu-load 82 --timeout 60s --quiet,41,5/15/2026,4:01:57,41.26,2.19,283
stress-ng --cpu 16 --cpu-load 82 --timeout 60s --quiet,41,5/15/2026,4:01:58,41.35,2.18,282
stress-ng --cpu 16 --cpu-load 82 --timeout 60s --quiet,41,5/15/2026,4:01:59,41.34,2.18,282
stress-ng --cpu 16 --cpu-load 82 --timeout 60s --quiet,41,5/15/2026,4:02:00,41.06,2.18,282
stress-ng --cpu 16 --cpu-load 82 --timeout 60s --quiet,41,5/15/2026,4:02:01,41.19,2.18,281
stress-ng --cpu 16 --cpu-load 82 --timeout 60s --quiet,41,5/15/2026,4:02:02,41.13,2.17,285
stress-ng --cpu 16 --cpu-load 82 --timeout 60s --quiet,41,5/15/2026,4:02:03,41.45,2.16,283
stress-ng --cpu 16 --cpu-load 82 --timeout 60s --quiet,41,5/15/2026,4:02:04,41.19,2.16,285
stress-ng --cpu 16 --cpu-load 82 --timeout 60s --quiet,41,5/15/2026,4:02:05,41.17,2.16,286
stress-ng --cpu 16 --cpu-load 82 --timeout 60s --quiet,41,5/15/2026,4:02:06,41.18,2.16,284
stress-ng --cpu 16 --cpu-load 82 --timeout 60s --quiet,41,5/15/2026,4:02:07,41.17,2.16,285
stress-ng --cpu 16 --cpu-load 82 --timeout 60s --quiet,41,5/15/2026,4:02:08,41.54,2.16,285
stress-ng --cpu 16 --cpu-load 82 --timeout 60s --quiet,41,5/15/2026,4:02:09,41.23,2.16,286
stress-ng --cpu 16 --cpu-load 82 --timeout 60s --quiet,41,5/15/2026,4:02:10,41.15,2.16,283
stress-ng --cpu 16 --cpu-load 82 --timeout 60s --quiet,41,5/15/2026,4:02:11,17.29,2.09,283
stress-ng --cpu 16 --cpu-load 82 --timeout 60s --quiet,41,5/15/2026,10:14:01,0.4,2.18,133
stress-ng --cpu 16 --cpu-load 82 --timeout 60s --quiet,41,5/15/2026,10:14:02,40.5,2.27,133
stress-ng --cpu 16 --cpu-load 82 --timeout 60s --quiet,41,5/15/2026,10:14:03,41.29,2.27,276
stress-ng --cpu 16 --cpu-load 82 --timeout 60s --quiet,41,5/15/2026,10:14:04,41.64,2.27,283
stress-ng --cpu 16 --cpu-load 82 --timeout 60s --quiet,41,5/15/2026,10:14:05,41.1,2.26,276
stress-ng --cpu 16 --cpu-load 82 --timeout 60s --quiet,41,5/15/2026,10:14:06,41.03,2.25,274
stress-ng --cpu 16 --cpu-load 82 --timeout 60s --quiet,41,5/15/2026,10:14:07,41.05,2.26,288
stress-ng --cpu 16 --cpu-load 82 --timeout 60s --quiet,41,5/15/2026,10:14:08,41.1,2.26,284
stress-ng --cpu 16 --cpu-load 82 --timeout 60s --quiet,41,5/15/2026,10:14:09,41.51,2.25,285
stress-ng --cpu 16 --cpu-load 82 --timeout 60s --quiet,41,5/15/2026,10:14:10,41.12,2.24,284
stress-ng --cpu 16 --cpu-load 82 --timeout 60s --quiet,41,5/15/2026,10:14:11,41.19,2.22,284
stress-ng --cpu 16 --cpu-load 82 --timeout 60s --quiet,41,5/15/2026,10:14:12,41.29,2.22,280
stress-ng --cpu 16 --cpu-load 82 --timeout 60s --quiet,41,5/15/2026,10:14:13,41.37,2.22,283
stress-ng --cpu 16 --cpu-load 82 --timeout 60s --quiet,41,5/15/2026,10:14:14,40.96,2.21,278
stress-ng --cpu 16 --cpu-load 82 --timeout 60s --quiet,41,5/15/2026,10:14:15,41.12,2.21,283
stress-ng --cpu 16 --cpu-load 82 --timeout 60s --quiet,41,5/15/2026,10:14:16,41.12,2.22,284
stress-ng --cpu 16 --cpu-load 82 --timeout 60s --quiet,41,5/15/2026,10:14:17,41.31,2.2,279
stress-ng --cpu 16 --cpu-load 82 --timeout 60s --quiet,41,5/15/2026,10:14:18,41.36,2.2,285
stress-ng --cpu 16 --cpu-load 82 --timeout 60s --quiet,41,5/15/2026,10:14:19,41.08,2.2,280
stress-ng --cpu 16 --cpu-load 82 --timeout 60s --quiet,41,5/15/2026,10:14:20,41.1,2.2,284
stress-ng --cpu 16 --cpu-load 82 --timeout 60s --quiet,41,5/15/2026,10:14:21,41.43,2.2,276
stress-ng --cpu 16 --cpu-load 82 --timeout 60s --quiet,41,5/15/2026,10:14:22,41.29,2.2,284
stress-ng --cpu 16 --cpu-load 82 --timeout 60s --quiet,41,5/15/2026,10:14:23,41.1,2.2,286
stress-ng --cpu 16 --cpu-load 82 --timeout 60s --quiet,41,5/15/2026,10:14:24,41.07,2.2,280
stress-ng --cpu 16 --cpu-load 82 --timeout 60s --quiet,41,5/15/2026,10:14:25,41.52,2.2,282
stress-ng --cpu 16 --cpu-load 82 --timeout 60s --quiet,41,5/15/2026,10:14:26,41.03,2.2,285
stress-ng --cpu 16 --cpu-load 82 --timeout 60s --quiet,41,5/15/2026,10:14:27,41.16,2.2,286
stress-ng --cpu 16 --cpu-load 82 --timeout 60s --quiet,41,5/15/2026,10:14:28,41.24,2.2,287
stress-ng --cpu 16 --cpu-load 82 --timeout 60s --quiet,41,5/15/2026,10:14:29,41.1,2.21,288
stress-ng --cpu 16 --cpu-load 82 --timeout 60s --quiet,41,5/15/2026,10:14:30,41.39,2.21,284
stress-ng --cpu 16 --cpu-load 82 --timeout 60s --quiet,41,5/15/2026,10:14:31,41.14,2.21,287
stress-ng --cpu 16 --cpu-load 82 --timeout 60s --quiet,41,5/15/2026,10:14:32,41.16,2.2,288
stress-ng --cpu 16 --cpu-load 82 --timeout 60s --quiet,41,5/15/2026,10:14:33,41.4,2.2,290
stress-ng --cpu 16 --cpu-load 82 --timeout 60s --quiet,41,5/15/2026,10:14:34,41.1,2.21,288
stress-ng --cpu 16 --cpu-load 82 --timeout 60s --quiet,41,5/15/2026,10:14:35,41.22,2.21,285
stress-ng --cpu 16 --cpu-load 82 --timeout 60s --quiet,41,5/15/2026,10:14:36,41.34,2.21,290
stress-ng --cpu 16 --cpu-load 82 --timeout 60s --quiet,41,5/15/2026,10:14:37,41.16,2.2,286
stress-ng --cpu 16 --cpu-load 82 --timeout 60s --quiet,41,5/15/2026,10:14:38,41.15,2.2,285
stress-ng --cpu 16 --cpu-load 82 --timeout 60s --quiet,41,5/15/2026,10:14:39,41.19,2.2,287
stress-ng --cpu 16 --cpu-load 82 --timeout 60s --quiet,41,5/15/2026,10:14:40,41.21,2.2,287
stress-ng --cpu 16 --cpu-load 82 --timeout 60s --quiet,41,5/15/2026,10:14:41,41.13,2.2,286
stress-ng --cpu 16 --cpu-load 82 --timeout 60s --quiet,41,5/15/2026,10:14:42,41.29,2.2,285
stress-ng --cpu 16 --cpu-load 82 --timeout 60s --quiet,41,5/15/2026,10:14:43,41.29,2.19,287
stress-ng --cpu 16 --cpu-load 82 --timeout 60s --quiet,41,5/15/2026,10:14:44,41.22,2.19,289
stress-ng --cpu 16 --cpu-load 82 --timeout 60s --quiet,41,5/15/2026,10:14:45,41.05,2.19,290
stress-ng --cpu 16 --cpu-load 82 --timeout 60s --quiet,41,5/15/2026,10:14:46,41.22,2.2,290
stress-ng --cpu 16 --cpu-load 82 --timeout 60s --quiet,41,5/15/2026,10:14:47,41.29,2.19,288
stress-ng --cpu 16 --cpu-load 82 --timeout 60s --quiet,41,5/15/2026,10:14:48,41.3,2.2,287
stress-ng --cpu 16 --cpu-load 82 --timeout 60s --quiet,41,5/15/2026,10:14:49,41.04,2.2,287
stress-ng --cpu 16 --cpu-load 82 --timeout 60s --quiet,41,5/15/2026,10:14:50,41.23,2.2,293
stress-ng --cpu 16 --cpu-load 82 --timeout 60s --quiet,41,5/15/2026,10:14:51,41.41,2.2,286
stress-ng --cpu 16 --cpu-load 82 --timeout 60s --quiet,41,5/15/2026,10:14:52,41.01,2.2,288
stress-ng --cpu 16 --cpu-load 82 --timeout 60s --quiet,41,5/15/2026,10:14:53,41.26,2.2,287
stress-ng --cpu 16 --cpu-load 82 --timeout 60s --quiet,41,5/15/2026,10:14:54,41.16,2.19,290
stress-ng --cpu 16 --cpu-load 82 --timeout 60s --quiet,41,5/15/2026,10:14:55,41.17,2.19,290
stress-ng --cpu 16 --cpu-load 82 --timeout 60s --quiet,41,5/15/2026,10:14:56,41.31,2.19,291.5
stress-ng --cpu 16 --cpu-load 82 --timeout 60s --quiet,41,5/15/2026,10:14:57,41.24,2.19,293
stress-ng --cpu 16 --cpu-load 82 --timeout 60s --quiet,41,5/15/2026,10:14:58,40.95,2.19,294
stress-ng --cpu 16 --cpu-load 82 --timeout 60s --quiet,41,5/15/2026,10:14:59,41.45,2.2,296
stress-ng --cpu 16 --cpu-load 82 --timeout 60s --quiet,41,5/15/2026,10:15:00,41.22,2.2,295
stress-ng --cpu 16 --cpu-load 82 --timeout 60s --quiet,41,5/15/2026,10:15:01,41.02,2.2,291
stress-ng --cpu 16 --cpu-load 82 --timeout 60s --quiet,41,5/15/2026,15:44:48,4.22,2.22,145
stress-ng --cpu 16 --cpu-load 82 --timeout 60s --quiet,41,5/15/2026,15:44:49,40.83,2.26,113
stress-ng --cpu 16 --cpu-load 82 --timeout 60s --quiet,41,5/15/2026,15:44:50,41.55,2.26,280
stress-ng --cpu 16 --cpu-load 82 --timeout 60s --quiet,41,5/15/2026,15:44:51,41.05,2.26,285
stress-ng --cpu 16 --cpu-load 82 --timeout 60s --quiet,41,5/15/2026,15:44:52,41.23,2.25,282.5
stress-ng --cpu 16 --cpu-load 82 --timeout 60s --quiet,41,5/15/2026,15:44:53,41.1,2.26,280
stress-ng --cpu 16 --cpu-load 82 --timeout 60s --quiet,41,5/15/2026,15:44:54,41.19,2.26,281.5
stress-ng --cpu 16 --cpu-load 82 --timeout 60s --quiet,41,5/15/2026,15:44:55,41.34,2.26,283
stress-ng --cpu 16 --cpu-load 82 --timeout 60s --quiet,41,5/15/2026,15:44:56,41.13,2.25,283
stress-ng --cpu 16 --cpu-load 82 --timeout 60s --quiet,41,5/15/2026,15:44:57,41.17,2.25,283
stress-ng --cpu 16 --cpu-load 82 --timeout 60s --quiet,41,5/15/2026,15:44:58,41.48,2.24,282
stress-ng --cpu 16 --cpu-load 82 --timeout 60s --quiet,41,5/15/2026,15:44:59,41.13,2.24,280
stress-ng --cpu 16 --cpu-load 82 --timeout 60s --quiet,41,5/15/2026,15:45:00,41.155,2.24,283
stress-ng --cpu 16 --cpu-load 82 --timeout 60s --quiet,41,5/15/2026,15:45:01,41.18,2.24,285
stress-ng --cpu 16 --cpu-load 82 --timeout 60s --quiet,41,5/15/2026,15:45:02,41.31,2.24,287
stress-ng --cpu 16 --cpu-load 82 --timeout 60s --quiet,41,5/15/2026,15:45:03,41.32,2.24,289
stress-ng --cpu 16 --cpu-load 82 --timeout 60s --quiet,41,5/15/2026,15:45:04,41.29,2.24,288
stress-ng --cpu 16 --cpu-load 82 --timeout 60s --quiet,41,5/15/2026,15:45:05,41.36,2.22,288
stress-ng --cpu 16 --cpu-load 82 --timeout 60s --quiet,41,5/15/2026,15:45:06,41.23,2.21,286
stress-ng --cpu 16 --cpu-load 82 --timeout 60s --quiet,41,5/15/2026,15:45:07,41.32,2.22,284
stress-ng --cpu 16 --cpu-load 82 --timeout 60s --quiet,41,5/15/2026,15:45:08,41.13,2.22,287
stress-ng --cpu 16 --cpu-load 82 --timeout 60s --quiet,41,5/15/2026,15:45:09,41.4,2.22,288
stress-ng --cpu 16 --cpu-load 82 --timeout 60s --quiet,41,5/15/2026,15:45:10,41.14,2.22,289
stress-ng --cpu 16 --cpu-load 82 --timeout 60s --quiet,41,5/15/2026,15:45:11,41.39,2.21,287
stress-ng --cpu 16 --cpu-load 82 --timeout 60s --quiet,41,5/15/2026,15:45:12,41.12,2.21,288
stress-ng --cpu 16 --cpu-load 82 --timeout 60s --quiet,41,5/15/2026,15:45:13,41.52,2.21,289
stress-ng --cpu 16 --cpu-load 82 --timeout 60s --quiet,41,5/15/2026,15:45:14,41.03,2.21,284
stress-ng --cpu 16 --cpu-load 82 --timeout 60s --quiet,41,5/15/2026,15:45:15,41.24,2.21,288
stress-ng --cpu 16 --cpu-load 82 --timeout 60s --quiet,41,5/15/2026,15:45:16,41.27,2.21,285
stress-ng --cpu 16 --cpu-load 82 --timeout 60s --quiet,41,5/15/2026,15:45:17,41.23,2.21,287
stress-ng --cpu 16 --cpu-load 82 --timeout 60s --quiet,41,5/15/2026,15:45:18,41.34,2.21,285
stress-ng --cpu 16 --cpu-load 82 --timeout 60s --quiet,41,5/15/2026,15:45:19,41.11,2.21,286
stress-ng --cpu 16 --cpu-load 82 --timeout 60s --quiet,41,5/15/2026,15:45:20,41.12,2.2,289
stress-ng --cpu 16 --cpu-load 82 --timeout 60s --quiet,41,5/15/2026,15:45:21,41.36,2.2,288
stress-ng --cpu 16 --cpu-load 82 --timeout 60s --quiet,41,5/15/2026,15:45:22,41.25,2.2,291
stress-ng --cpu 16 --cpu-load 82 --timeout 60s --quiet,41,5/15/2026,15:45:23,41.04,2.2,291
stress-ng --cpu 16 --cpu-load 82 --timeout 60s --quiet,41,5/15/2026,15:45:24,41.21,2.2,288
stress-ng --cpu 16 --cpu-load 82 --timeout 60s --quiet,41,5/15/2026,15:45:25,41.11,2.2,292
stress-ng --cpu 16 --cpu-load 82 --timeout 60s --quiet,41,5/15/2026,15:45:26,41.31,2.2,287
stress-ng --cpu 16 --cpu-load 82 --timeout 60s --quiet,41,5/15/2026,15:45:27,41.28,2.2,289
stress-ng --cpu 16 --cpu-load 82 --timeout 60s --quiet,41,5/15/2026,15:45:28,41.51,2.2,291
stress-ng --cpu 16 --cpu-load 82 --timeout 60s --quiet,41,5/15/2026,15:45:29,41.17,2.19,291
stress-ng --cpu 16 --cpu-load 82 --timeout 60s --quiet,41,5/15/2026,15:45:30,41.34,2.19,293
stress-ng --cpu 16 --cpu-load 82 --timeout 60s --quiet,41,5/15/2026,15:45:31,41.22,2.19,294
stress-ng --cpu 16 --cpu-load 82 --timeout 60s --quiet,41,5/15/2026,15:45:32,41.08,2.19,297
stress-ng --cpu 16 --cpu-load 82 --timeout 60s --quiet,41,5/15/2026,15:45:33,41.18,2.19,297
stress-ng --cpu 16 --cpu-load 82 --timeout 60s --quiet,41,5/15/2026,15:45:34,41.42,2.19,297
stress-ng --cpu 16 --cpu-load 82 --timeout 60s --quiet,41,5/15/2026,15:45:35,41.16,2.19,299
stress-ng --cpu 16 --cpu-load 82 --timeout 60s --quiet,41,5/15/2026,15:45:36,41.27,2.19,293
stress-ng --cpu 16 --cpu-load 82 --timeout 60s --quiet,41,5/15/2026,15:45:37,41.14,2.19,293
stress-ng --cpu 16 --cpu-load 82 --timeout 60s --quiet,41,5/15/2026,15:45:38,41.36,2.18,292
stress-ng --cpu 16 --cpu-load 82 --timeout 60s --quiet,41,5/15/2026,15:45:39,41.34,2.18,289
stress-ng --cpu 16 --cpu-load 82 --timeout 60s --quiet,41,5/15/2026,15:45:40,41.15,2.18,298
stress-ng --cpu 16 --cpu-load 82 --timeout 60s --quiet,41,5/15/2026,15:45:41,41.24,2.18,299
stress-ng --cpu 16 --cpu-load 82 --timeout 60s --quiet,41,5/15/2026,15:45:42,41.45,2.18,297
stress-ng --cpu 16 --cpu-load 82 --timeout 60s --quiet,41,5/15/2026,15:45:43,41.44,2.18,297
stress-ng --cpu 16 --cpu-load 82 --timeout 60s --quiet,41,5/15/2026,15:45:44,40.92,2.18,293
stress-ng --cpu 16 --cpu-load 82 --timeout 60s --quiet,41,5/15/2026,15:45:45,40.99,2.18,297
stress-ng --cpu 16 --cpu-load 82 --timeout 60s --quiet,41,5/15/2026,15:45:46,41.25,2.18,304
stress-ng --cpu 16 --cpu-load 82 --timeout 60s --quiet,41,5/15/2026,15:45:47,41.33,2.19,300
stress-ng --cpu 16 --cpu-load 82 --timeout 60s --quiet,41,5/15/2026,15:45:48,39.34,2.14,296
stress-ng --cpu 16 --cpu-load 84 --timeout 60s --quiet,42,5/14/2026,20:10:06,25.35,2.18,111
stress-ng --cpu 16 --cpu-load 84 --timeout 60s --quiet,42,5/14/2026,20:10:07,42.19,2.19,268
stress-ng --cpu 16 --cpu-load 84 --timeout 60s --quiet,42,5/14/2026,20:10:08,42.13,2.18,281
stress-ng --cpu 16 --cpu-load 84 --timeout 60s --quiet,42,5/14/2026,20:10:09,42.42,2.19,267
stress-ng --cpu 16 --cpu-load 84 --timeout 60s --quiet,42,5/14/2026,20:10:10,42.1,2.2,274
stress-ng --cpu 16 --cpu-load 84 --timeout 60s --quiet,42,5/14/2026,20:10:11,42.16,2.2,279
stress-ng --cpu 16 --cpu-load 84 --timeout 60s --quiet,42,5/14/2026,20:10:12,42.36,2.2,274
stress-ng --cpu 16 --cpu-load 84 --timeout 60s --quiet,42,5/14/2026,20:10:13,42.27,2.2,278
stress-ng --cpu 16 --cpu-load 84 --timeout 60s --quiet,42,5/14/2026,20:10:14,42.18,2.2,278
stress-ng --cpu 16 --cpu-load 84 --timeout 60s --quiet,42,5/14/2026,20:10:15,42.22,2.2,277.5
stress-ng --cpu 16 --cpu-load 84 --timeout 60s --quiet,42,5/14/2026,20:10:16,42.21,2.2,277
stress-ng --cpu 16 --cpu-load 84 --timeout 60s --quiet,42,5/14/2026,20:10:17,42.03,2.19,277
stress-ng --cpu 16 --cpu-load 84 --timeout 60s --quiet,42,5/14/2026,20:10:18,42.26,2.2,274
stress-ng --cpu 16 --cpu-load 84 --timeout 60s --quiet,42,5/14/2026,20:10:19,42.11,2.2,277
stress-ng --cpu 16 --cpu-load 84 --timeout 60s --quiet,42,5/14/2026,20:10:20,42.2,2.2,274
stress-ng --cpu 16 --cpu-load 84 --timeout 60s --quiet,42,5/14/2026,20:10:21,42.11,2.19,275
stress-ng --cpu 16 --cpu-load 84 --timeout 60s --quiet,42,5/14/2026,20:10:22,42.3,2.19,281
stress-ng --cpu 16 --cpu-load 84 --timeout 60s --quiet,42,5/14/2026,20:10:23,42.28,2.19,275
stress-ng --cpu 16 --cpu-load 84 --timeout 60s --quiet,42,5/14/2026,20:10:24,42.14,2.19,278
stress-ng --cpu 16 --cpu-load 84 --timeout 60s --quiet,42,5/14/2026,20:10:25,42.23,2.19,277
stress-ng --cpu 16 --cpu-load 84 --timeout 60s --quiet,42,5/14/2026,20:10:26,42.18,2.18,280
stress-ng --cpu 16 --cpu-load 84 --timeout 60s --quiet,42,5/14/2026,20:10:27,42.2,2.18,282
stress-ng --cpu 16 --cpu-load 84 --timeout 60s --quiet,42,5/14/2026,20:10:28,42.31,2.18,281
stress-ng --cpu 16 --cpu-load 84 --timeout 60s --quiet,42,5/14/2026,20:10:29,42.16,2.18,284
stress-ng --cpu 16 --cpu-load 84 --timeout 60s --quiet,42,5/14/2026,20:10:30,42.24,2.18,281
stress-ng --cpu 16 --cpu-load 84 --timeout 60s --quiet,42,5/14/2026,20:10:31,42.23,2.18,280
stress-ng --cpu 16 --cpu-load 84 --timeout 60s --quiet,42,5/14/2026,20:10:32,42.16,2.18,280
stress-ng --cpu 16 --cpu-load 84 --timeout 60s --quiet,42,5/14/2026,20:10:33,42.22,2.18,278
stress-ng --cpu 16 --cpu-load 84 --timeout 60s --quiet,42,5/14/2026,20:10:34,42.26,2.18,282
stress-ng --cpu 16 --cpu-load 84 --timeout 60s --quiet,42,5/14/2026,20:10:35,42.08,2.17,280
stress-ng --cpu 16 --cpu-load 84 --timeout 60s --quiet,42,5/14/2026,20:10:36,42.2,2.17,281
stress-ng --cpu 16 --cpu-load 84 --timeout 60s --quiet,42,5/14/2026,20:10:37,42.25,2.17,284
stress-ng --cpu 16 --cpu-load 84 --timeout 60s --quiet,42,5/14/2026,20:10:38,42.15,2.17,282
stress-ng --cpu 16 --cpu-load 84 --timeout 60s --quiet,42,5/14/2026,20:10:39,42.18,2.17,285
stress-ng --cpu 16 --cpu-load 84 --timeout 60s --quiet,42,5/14/2026,20:10:40,42.25,2.17,284
stress-ng --cpu 16 --cpu-load 84 --timeout 60s --quiet,42,5/14/2026,20:10:41,42.19,2.17,284
stress-ng --cpu 16 --cpu-load 84 --timeout 60s --quiet,42,5/14/2026,20:10:42,42.22,2.17,285
stress-ng --cpu 16 --cpu-load 84 --timeout 60s --quiet,42,5/14/2026,20:10:43,42.23,2.16,284
stress-ng --cpu 16 --cpu-load 84 --timeout 60s --quiet,42,5/14/2026,20:10:44,42.21,2.16,283
stress-ng --cpu 16 --cpu-load 84 --timeout 60s --quiet,42,5/14/2026,20:10:45,42.12,2.16,285
stress-ng --cpu 16 --cpu-load 84 --timeout 60s --quiet,42,5/14/2026,20:10:46,42.23,2.15,288.5
stress-ng --cpu 16 --cpu-load 84 --timeout 60s --quiet,42,5/14/2026,20:10:47,42.22,2.15,292
stress-ng --cpu 16 --cpu-load 84 --timeout 60s --quiet,42,5/14/2026,20:10:48,42.25,2.15,291.5
stress-ng --cpu 16 --cpu-load 84 --timeout 60s --quiet,42,5/14/2026,20:10:49,42.12,2.14,291
stress-ng --cpu 16 --cpu-load 84 --timeout 60s --quiet,42,5/14/2026,20:10:50,42.25,2.14,289
stress-ng --cpu 16 --cpu-load 84 --timeout 60s --quiet,42,5/14/2026,20:10:51,42.14,2.14,288
stress-ng --cpu 16 --cpu-load 84 --timeout 60s --quiet,42,5/14/2026,20:10:52,42.11,2.15,289
stress-ng --cpu 16 --cpu-load 84 --timeout 60s --quiet,42,5/14/2026,20:10:53,42.29,2.15,282
stress-ng --cpu 16 --cpu-load 84 --timeout 60s --quiet,42,5/14/2026,20:10:54,42.27,2.15,284
stress-ng --cpu 16 --cpu-load 84 --timeout 60s --quiet,42,5/14/2026,20:10:55,42.25,2.15,283
stress-ng --cpu 16 --cpu-load 84 --timeout 60s --quiet,42,5/14/2026,20:10:56,42.2,2.15,286
stress-ng --cpu 16 --cpu-load 84 --timeout 60s --quiet,42,5/14/2026,20:10:57,42.11,2.15,288
stress-ng --cpu 16 --cpu-load 84 --timeout 60s --quiet,42,5/14/2026,20:10:58,42.36,2.15,287
stress-ng --cpu 16 --cpu-load 84 --timeout 60s --quiet,42,5/14/2026,20:10:59,42.24,2.15,286
stress-ng --cpu 16 --cpu-load 84 --timeout 60s --quiet,42,5/14/2026,20:11:00,42.16,2.15,292
stress-ng --cpu 16 --cpu-load 84 --timeout 60s --quiet,42,5/14/2026,20:11:01,42.17,2.15,292
stress-ng --cpu 16 --cpu-load 84 --timeout 60s --quiet,42,5/14/2026,20:11:02,42.15,2.15,290
stress-ng --cpu 16 --cpu-load 84 --timeout 60s --quiet,42,5/14/2026,20:11:03,42.36,2.15,289
stress-ng --cpu 16 --cpu-load 84 --timeout 60s --quiet,42,5/14/2026,20:11:04,42.21,2.15,289
stress-ng --cpu 16 --cpu-load 84 --timeout 60s --quiet,42,5/14/2026,20:11:05,42.25,2.15,291
stress-ng --cpu 16 --cpu-load 84 --timeout 60s --quiet,42,5/14/2026,20:11:06,19.4,2.06,287
stress-ng --cpu 16 --cpu-load 84 --timeout 60s --quiet,42,5/15/2026,12:58:24,0.12,2.12,124
stress-ng --cpu 16 --cpu-load 84 --timeout 60s --quiet,42,5/15/2026,12:58:25,29.84,2.24,151
stress-ng --cpu 16 --cpu-load 84 --timeout 60s --quiet,42,5/15/2026,12:58:26,42.19,2.24,278
stress-ng --cpu 16 --cpu-load 84 --timeout 60s --quiet,42,5/15/2026,12:58:27,42.3,2.24,281
stress-ng --cpu 16 --cpu-load 84 --timeout 60s --quiet,42,5/15/2026,12:58:28,42.22,2.24,279
stress-ng --cpu 16 --cpu-load 84 --timeout 60s --quiet,42,5/15/2026,12:58:29,42.17,2.23,278
stress-ng --cpu 16 --cpu-load 84 --timeout 60s --quiet,42,5/15/2026,12:58:30,42.45,2.24,274
stress-ng --cpu 16 --cpu-load 84 --timeout 60s --quiet,42,5/15/2026,12:58:31,42.34,2.25,280
stress-ng --cpu 16 --cpu-load 84 --timeout 60s --quiet,42,5/15/2026,12:58:32,42.44,2.24,281
stress-ng --cpu 16 --cpu-load 84 --timeout 60s --quiet,42,5/15/2026,12:58:33,42.19,2.23,276
stress-ng --cpu 16 --cpu-load 84 --timeout 60s --quiet,42,5/15/2026,12:58:34,42.26,2.23,275
stress-ng --cpu 16 --cpu-load 84 --timeout 60s --quiet,42,5/15/2026,12:58:35,42.21,2.22,278
stress-ng --cpu 16 --cpu-load 84 --timeout 60s --quiet,42,5/15/2026,12:58:36,42.12,2.22,279
stress-ng --cpu 16 --cpu-load 84 --timeout 60s --quiet,42,5/15/2026,12:58:37,42.13,2.22,278
stress-ng --cpu 16 --cpu-load 84 --timeout 60s --quiet,42,5/15/2026,12:58:38,42.21,2.22,276
stress-ng --cpu 16 --cpu-load 84 --timeout 60s --quiet,42,5/15/2026,12:58:39,42.19,2.22,277
stress-ng --cpu 16 --cpu-load 84 --timeout 60s --quiet,42,5/15/2026,12:58:40,42.23,2.21,278
stress-ng --cpu 16 --cpu-load 84 --timeout 60s --quiet,42,5/15/2026,12:58:41,42.33,2.22,280
stress-ng --cpu 16 --cpu-load 84 --timeout 60s --quiet,42,5/15/2026,12:58:42,42.25,2.21,281
stress-ng --cpu 16 --cpu-load 84 --timeout 60s --quiet,42,5/15/2026,12:58:43,42.22,2.21,280
stress-ng --cpu 16 --cpu-load 84 --timeout 60s --quiet,42,5/15/2026,12:58:44,42.18,2.2,283
stress-ng --cpu 16 --cpu-load 84 --timeout 60s --quiet,42,5/15/2026,12:58:45,42.22,2.2,282
stress-ng --cpu 16 --cpu-load 84 --timeout 60s --quiet,42,5/15/2026,12:58:46,42.22,2.2,282
stress-ng --cpu 16 --cpu-load 84 --timeout 60s --quiet,42,5/15/2026,12:58:47,42.29,2.2,281
stress-ng --cpu 16 --cpu-load 84 --timeout 60s --quiet,42,5/15/2026,12:58:48,42.15,2.2,281
stress-ng --cpu 16 --cpu-load 84 --timeout 60s --quiet,42,5/15/2026,12:58:49,42.32,2.2,282
stress-ng --cpu 16 --cpu-load 84 --timeout 60s --quiet,42,5/15/2026,12:58:50,42.22,2.2,284
stress-ng --cpu 16 --cpu-load 84 --timeout 60s --quiet,42,5/15/2026,12:58:51,42.27,2.2,281
stress-ng --cpu 16 --cpu-load 84 --timeout 60s --quiet,42,5/15/2026,12:58:52,42.18,2.19,276
stress-ng --cpu 16 --cpu-load 84 --timeout 60s --quiet,42,5/15/2026,12:58:53,42.19,2.19,287
stress-ng --cpu 16 --cpu-load 84 --timeout 60s --quiet,42,5/15/2026,12:58:54,42.16,2.19,278
stress-ng --cpu 16 --cpu-load 84 --timeout 60s --quiet,42,5/15/2026,12:58:55,42.16,2.19,280
stress-ng --cpu 16 --cpu-load 84 --timeout 60s --quiet,42,5/15/2026,12:58:56,42.22,2.19,279
stress-ng --cpu 16 --cpu-load 84 --timeout 60s --quiet,42,5/15/2026,12:58:57,42.13,2.19,278
stress-ng --cpu 16 --cpu-load 84 --timeout 60s --quiet,42,5/15/2026,12:58:58,42.23,2.19,282
stress-ng --cpu 16 --cpu-load 84 --timeout 60s --quiet,42,5/15/2026,12:58:59,42.2,2.18,283
stress-ng --cpu 16 --cpu-load 84 --timeout 60s --quiet,42,5/15/2026,12:59:00,42.25,2.18,280
stress-ng --cpu 16 --cpu-load 84 --timeout 60s --quiet,42,5/15/2026,12:59:01,42.21,2.18,282
stress-ng --cpu 16 --cpu-load 84 --timeout 60s --quiet,42,5/15/2026,12:59:02,42.18,2.18,279.5
stress-ng --cpu 16 --cpu-load 84 --timeout 60s --quiet,42,5/15/2026,12:59:03,42.28,2.18,277
stress-ng --cpu 16 --cpu-load 84 --timeout 60s --quiet,42,5/15/2026,12:59:04,42.25,2.18,281
stress-ng --cpu 16 --cpu-load 84 --timeout 60s --quiet,42,5/15/2026,12:59:05,42.41,2.17,285
stress-ng --cpu 16 --cpu-load 84 --timeout 60s --quiet,42,5/15/2026,12:59:06,42.2,2.18,281
stress-ng --cpu 16 --cpu-load 84 --timeout 60s --quiet,42,5/15/2026,12:59:07,42.12,2.17,280
stress-ng --cpu 16 --cpu-load 84 --timeout 60s --quiet,42,5/15/2026,12:59:08,42.22,2.17,290
stress-ng --cpu 16 --cpu-load 84 --timeout 60s --quiet,42,5/15/2026,12:59:09,42.21,2.17,289
stress-ng --cpu 16 --cpu-load 84 --timeout 60s --quiet,42,5/15/2026,12:59:10,42.31,2.17,286
stress-ng --cpu 16 --cpu-load 84 --timeout 60s --quiet,42,5/15/2026,12:59:11,42.19,2.18,284
stress-ng --cpu 16 --cpu-load 84 --timeout 60s --quiet,42,5/15/2026,12:59:12,42.18,2.17,283
stress-ng --cpu 16 --cpu-load 84 --timeout 60s --quiet,42,5/15/2026,12:59:13,42.19,2.18,288
stress-ng --cpu 16 --cpu-load 84 --timeout 60s --quiet,42,5/15/2026,12:59:14,42.25,2.16,290
stress-ng --cpu 16 --cpu-load 84 --timeout 60s --quiet,42,5/15/2026,12:59:15,42.24,2.16,288
stress-ng --cpu 16 --cpu-load 84 --timeout 60s --quiet,42,5/15/2026,12:59:16,42.26,2.16,289
stress-ng --cpu 16 --cpu-load 84 --timeout 60s --quiet,42,5/15/2026,12:59:17,42.28,2.16,289
stress-ng --cpu 16 --cpu-load 84 --timeout 60s --quiet,42,5/15/2026,12:59:18,42.15,2.16,287
stress-ng --cpu 16 --cpu-load 84 --timeout 60s --quiet,42,5/15/2026,12:59:19,42.21,2.16,290
stress-ng --cpu 16 --cpu-load 84 --timeout 60s --quiet,42,5/15/2026,12:59:20,42.21,2.16,288
stress-ng --cpu 16 --cpu-load 84 --timeout 60s --quiet,42,5/15/2026,12:59:21,42.28,2.16,290
stress-ng --cpu 16 --cpu-load 84 --timeout 60s --quiet,42,5/15/2026,12:59:22,42.27,2.16,288
stress-ng --cpu 16 --cpu-load 84 --timeout 60s --quiet,42,5/15/2026,12:59:23,42.21,2.16,291
stress-ng --cpu 16 --cpu-load 84 --timeout 60s --quiet,42,5/15/2026,12:59:24,42.1,2.15,288
stress-ng --cpu 16 --cpu-load 84 --timeout 60s --quiet,42,5/15/2026,19:55:22,0.12,2.18,129
stress-ng --cpu 16 --cpu-load 84 --timeout 60s --quiet,42,5/15/2026,19:55:23,16.72,2.3,119
stress-ng --cpu 16 --cpu-load 84 --timeout 60s --quiet,42,5/15/2026,19:55:24,42.62,2.3,273
stress-ng --cpu 16 --cpu-load 84 --timeout 60s --quiet,42,5/15/2026,19:55:25,42.21,2.3,274
stress-ng --cpu 16 --cpu-load 84 --timeout 60s --quiet,42,5/15/2026,19:55:26,42.04,2.3,275
stress-ng --cpu 16 --cpu-load 84 --timeout 60s --quiet,42,5/15/2026,19:55:27,42.18,2.3,276
stress-ng --cpu 16 --cpu-load 84 --timeout 60s --quiet,42,5/15/2026,19:55:28,42.19,2.29,277
stress-ng --cpu 16 --cpu-load 84 --timeout 60s --quiet,42,5/15/2026,19:55:29,42.29,2.29,278
stress-ng --cpu 16 --cpu-load 84 --timeout 60s --quiet,42,5/15/2026,19:55:30,42.11,2.28,274
stress-ng --cpu 16 --cpu-load 84 --timeout 60s --quiet,42,5/15/2026,19:55:31,42.15,2.28,279
stress-ng --cpu 16 --cpu-load 84 --timeout 60s --quiet,42,5/15/2026,19:55:32,42.24,2.27,280
stress-ng --cpu 16 --cpu-load 84 --timeout 60s --quiet,42,5/15/2026,19:55:33,42.29,2.26,276
stress-ng --cpu 16 --cpu-load 84 --timeout 60s --quiet,42,5/15/2026,19:55:34,42.19,2.27,278.5
stress-ng --cpu 16 --cpu-load 84 --timeout 60s --quiet,42,5/15/2026,19:55:35,42.04,2.27,281
stress-ng --cpu 16 --cpu-load 84 --timeout 60s --quiet,42,5/15/2026,19:55:36,42.22,2.26,279
stress-ng --cpu 16 --cpu-load 84 --timeout 60s --quiet,42,5/15/2026,19:55:37,42.23,2.26,276
stress-ng --cpu 16 --cpu-load 84 --timeout 60s --quiet,42,5/15/2026,19:55:38,42.27,2.26,279
stress-ng --cpu 16 --cpu-load 84 --timeout 60s --quiet,42,5/15/2026,19:55:39,42.19,2.25,276
stress-ng --cpu 16 --cpu-load 84 --timeout 60s --quiet,42,5/15/2026,19:55:40,42.19,2.26,279
stress-ng --cpu 16 --cpu-load 84 --timeout 60s --quiet,42,5/15/2026,19:55:41,42.22,2.25,280
stress-ng --cpu 16 --cpu-load 84 --timeout 60s --quiet,42,5/15/2026,19:55:42,42.24,2.25,276
stress-ng --cpu 16 --cpu-load 84 --timeout 60s --quiet,42,5/15/2026,19:55:43,42.07,2.25,276
stress-ng --cpu 16 --cpu-load 84 --timeout 60s --quiet,42,5/15/2026,19:55:44,42.18,2.24,278
stress-ng --cpu 16 --cpu-load 84 --timeout 60s --quiet,42,5/15/2026,19:55:45,42.17,2.24,279
stress-ng --cpu 16 --cpu-load 84 --timeout 60s --quiet,42,5/15/2026,19:55:46,42.29,2.24,277
stress-ng --cpu 16 --cpu-load 84 --timeout 60s --quiet,42,5/15/2026,19:55:47,42.14,2.23,280
stress-ng --cpu 16 --cpu-load 84 --timeout 60s --quiet,42,5/15/2026,19:55:48,42.11,2.23,281
stress-ng --cpu 16 --cpu-load 84 --timeout 60s --quiet,42,5/15/2026,19:55:49,42.23,2.23,281
stress-ng --cpu 16 --cpu-load 84 --timeout 60s --quiet,42,5/15/2026,19:55:50,42.31,2.23,280
stress-ng --cpu 16 --cpu-load 84 --timeout 60s --quiet,42,5/15/2026,19:55:51,42.19,2.23,282
stress-ng --cpu 16 --cpu-load 84 --timeout 60s --quiet,42,5/15/2026,19:55:52,42.12,2.23,284
stress-ng --cpu 16 --cpu-load 84 --timeout 60s --quiet,42,5/15/2026,19:55:53,42.34,2.23,285
stress-ng --cpu 16 --cpu-load 84 --timeout 60s --quiet,42,5/15/2026,19:55:54,42.16,2.23,283
stress-ng --cpu 16 --cpu-load 84 --timeout 60s --quiet,42,5/15/2026,19:55:55,42.25,2.24,285
stress-ng --cpu 16 --cpu-load 84 --timeout 60s --quiet,42,5/15/2026,19:55:56,42.21,2.24,284
stress-ng --cpu 16 --cpu-load 84 --timeout 60s --quiet,42,5/15/2026,19:55:57,42.15,2.24,283
stress-ng --cpu 16 --cpu-load 84 --timeout 60s --quiet,42,5/15/2026,19:55:58,42.12,2.23,281
stress-ng --cpu 16 --cpu-load 84 --timeout 60s --quiet,42,5/15/2026,19:55:59,42.23,2.23,280
stress-ng --cpu 16 --cpu-load 84 --timeout 60s --quiet,42,5/15/2026,19:56:00,42.25,2.23,288
stress-ng --cpu 16 --cpu-load 84 --timeout 60s --quiet,42,5/15/2026,19:56:01,42.25,2.23,285
stress-ng --cpu 16 --cpu-load 84 --timeout 60s --quiet,42,5/15/2026,19:56:02,42.21,2.22,282
stress-ng --cpu 16 --cpu-load 84 --timeout 60s --quiet,42,5/15/2026,19:56:03,42.31,2.23,289
stress-ng --cpu 16 --cpu-load 84 --timeout 60s --quiet,42,5/15/2026,19:56:04,42.225,2.225,287
stress-ng --cpu 16 --cpu-load 84 --timeout 60s --quiet,42,5/15/2026,19:56:05,42.14,2.22,285
stress-ng --cpu 16 --cpu-load 84 --timeout 60s --quiet,42,5/15/2026,19:56:06,42.2,2.22,283
stress-ng --cpu 16 --cpu-load 84 --timeout 60s --quiet,42,5/15/2026,19:56:07,42.14,2.22,287
stress-ng --cpu 16 --cpu-load 84 --timeout 60s --quiet,42,5/15/2026,19:56:08,42.2,2.22,284
stress-ng --cpu 16 --cpu-load 84 --timeout 60s --quiet,42,5/15/2026,19:56:09,42.19,2.22,288
stress-ng --cpu 16 --cpu-load 84 --timeout 60s --quiet,42,5/15/2026,19:56:10,42.26,2.22,285
stress-ng --cpu 16 --cpu-load 84 --timeout 60s --quiet,42,5/15/2026,19:56:11,42.26,2.22,285
stress-ng --cpu 16 --cpu-load 84 --timeout 60s --quiet,42,5/15/2026,19:56:12,42.19,2.21,285
stress-ng --cpu 16 --cpu-load 84 --timeout 60s --quiet,42,5/15/2026,19:56:13,42.17,2.21,284
stress-ng --cpu 16 --cpu-load 84 --timeout 60s --quiet,42,5/15/2026,19:56:14,42.27,2.2,286
stress-ng --cpu 16 --cpu-load 84 --timeout 60s --quiet,42,5/15/2026,19:56:15,42.24,2.2,286
stress-ng --cpu 16 --cpu-load 84 --timeout 60s --quiet,42,5/15/2026,19:56:16,42.17,2.2,289
stress-ng --cpu 16 --cpu-load 84 --timeout 60s --quiet,42,5/15/2026,19:56:17,42.26,2.2,288
stress-ng --cpu 16 --cpu-load 84 --timeout 60s --quiet,42,5/15/2026,19:56:18,42.34,2.2,285
stress-ng --cpu 16 --cpu-load 84 --timeout 60s --quiet,42,5/15/2026,19:56:19,42.14,2.2,290
stress-ng --cpu 16 --cpu-load 84 --timeout 60s --quiet,42,5/15/2026,19:56:20,42.28,2.2,289
stress-ng --cpu 16 --cpu-load 84 --timeout 60s --quiet,42,5/15/2026,19:56:21,42.19,2.19,292
stress-ng --cpu 16 --cpu-load 84 --timeout 60s --quiet,42,5/15/2026,19:56:22,42.25,2.2,292
stress-ng --cpu 16 --cpu-load 86 --timeout 60s --quiet,43,5/15/2026,2:51:01,13.16,2.22,130
stress-ng --cpu 16 --cpu-load 86 --timeout 60s --quiet,43,5/15/2026,2:51:02,43.31,2.23,149
stress-ng --cpu 16 --cpu-load 86 --timeout 60s --quiet,43,5/15/2026,2:51:03,43.47,2.23,272
stress-ng --cpu 16 --cpu-load 86 --timeout 60s --quiet,43,5/15/2026,2:51:04,43.25,2.23,274
stress-ng --cpu 16 --cpu-load 86 --timeout 60s --quiet,43,5/15/2026,2:51:05,43.04,2.23,274
stress-ng --cpu 16 --cpu-load 86 --timeout 60s --quiet,43,5/15/2026,2:51:06,43.39,2.23,283
stress-ng --cpu 16 --cpu-load 86 --timeout 60s --quiet,43,5/15/2026,2:51:07,43.09,2.23,272
stress-ng --cpu 16 --cpu-load 86 --timeout 60s --quiet,43,5/15/2026,2:51:08,43.17,2.22,273
stress-ng --cpu 16 --cpu-load 86 --timeout 60s --quiet,43,5/15/2026,2:51:09,43.15,2.22,270
stress-ng --cpu 16 --cpu-load 86 --timeout 60s --quiet,43,5/15/2026,2:51:10,43.3,2.2,271
stress-ng --cpu 16 --cpu-load 86 --timeout 60s --quiet,43,5/15/2026,2:51:11,43.17,2.2,269
stress-ng --cpu 16 --cpu-load 86 --timeout 60s --quiet,43,5/15/2026,2:51:12,43.22,2.2,273
stress-ng --cpu 16 --cpu-load 86 --timeout 60s --quiet,43,5/15/2026,2:51:13,43.21,2.2,274
stress-ng --cpu 16 --cpu-load 86 --timeout 60s --quiet,43,5/15/2026,2:51:14,43.05,2.2,274
stress-ng --cpu 16 --cpu-load 86 --timeout 60s --quiet,43,5/15/2026,2:51:15,43.29,2.2,276.5
stress-ng --cpu 16 --cpu-load 86 --timeout 60s --quiet,43,5/15/2026,2:51:16,43.18,2.2,279
stress-ng --cpu 16 --cpu-load 86 --timeout 60s --quiet,43,5/15/2026,2:51:17,43.4,2.2,274
stress-ng --cpu 16 --cpu-load 86 --timeout 60s --quiet,43,5/15/2026,2:51:18,43.04,2.19,275
stress-ng --cpu 16 --cpu-load 86 --timeout 60s --quiet,43,5/15/2026,2:51:19,43.19,2.2,274
stress-ng --cpu 16 --cpu-load 86 --timeout 60s --quiet,43,5/15/2026,2:51:20,43.12,2.19,273
stress-ng --cpu 16 --cpu-load 86 --timeout 60s --quiet,43,5/15/2026,2:51:21,43.18,2.19,278
stress-ng --cpu 16 --cpu-load 86 --timeout 60s --quiet,43,5/15/2026,2:51:22,43.41,2.2,278
stress-ng --cpu 16 --cpu-load 86 --timeout 60s --quiet,43,5/15/2026,2:51:23,43.28,2.19,278
stress-ng --cpu 16 --cpu-load 86 --timeout 60s --quiet,43,5/15/2026,2:51:24,43.15,2.19,276
stress-ng --cpu 16 --cpu-load 86 --timeout 60s --quiet,43,5/15/2026,2:51:25,43.21,2.19,283
stress-ng --cpu 16 --cpu-load 86 --timeout 60s --quiet,43,5/15/2026,2:51:26,43.18,2.19,285
stress-ng --cpu 16 --cpu-load 86 --timeout 60s --quiet,43,5/15/2026,2:51:27,43.16,2.19,287
stress-ng --cpu 16 --cpu-load 86 --timeout 60s --quiet,43,5/15/2026,2:51:28,43.09,2.2,287
stress-ng --cpu 16 --cpu-load 86 --timeout 60s --quiet,43,5/15/2026,2:51:29,43.3,2.19,285
stress-ng --cpu 16 --cpu-load 86 --timeout 60s --quiet,43,5/15/2026,2:51:30,43.3,2.19,286
stress-ng --cpu 16 --cpu-load 86 --timeout 60s --quiet,43,5/15/2026,2:51:31,43.2,2.19,287
stress-ng --cpu 16 --cpu-load 86 --timeout 60s --quiet,43,5/15/2026,2:51:32,43.135,2.19,287
stress-ng --cpu 16 --cpu-load 86 --timeout 60s --quiet,43,5/15/2026,2:51:33,43.07,2.19,281
stress-ng --cpu 16 --cpu-load 86 --timeout 60s --quiet,43,5/15/2026,2:51:34,43.18,2.19,280
stress-ng --cpu 16 --cpu-load 86 --timeout 60s --quiet,43,5/15/2026,2:51:35,43.2,2.18,280
stress-ng --cpu 16 --cpu-load 86 --timeout 60s --quiet,43,5/15/2026,2:51:36,43.23,2.18,283
stress-ng --cpu 16 --cpu-load 86 --timeout 60s --quiet,43,5/15/2026,2:51:37,43.2,2.18,284
stress-ng --cpu 16 --cpu-load 86 --timeout 60s --quiet,43,5/15/2026,2:51:38,43.27,2.18,282
stress-ng --cpu 16 --cpu-load 86 --timeout 60s --quiet,43,5/15/2026,2:51:39,43.34,2.18,287
stress-ng --cpu 16 --cpu-load 86 --timeout 60s --quiet,43,5/15/2026,2:51:40,43.09,2.18,290
stress-ng --cpu 16 --cpu-load 86 --timeout 60s --quiet,43,5/15/2026,2:51:41,43.02,2.18,288
stress-ng --cpu 16 --cpu-load 86 --timeout 60s --quiet,43,5/15/2026,2:51:42,43.27,2.19,284.5
stress-ng --cpu 16 --cpu-load 86 --timeout 60s --quiet,43,5/15/2026,2:51:43,43.34,2.18,281
stress-ng --cpu 16 --cpu-load 86 --timeout 60s --quiet,43,5/15/2026,2:51:44,43.31,2.18,280
stress-ng --cpu 16 --cpu-load 86 --timeout 60s --quiet,43,5/15/2026,2:51:45,43.17,2.18,279
stress-ng --cpu 16 --cpu-load 86 --timeout 60s --quiet,43,5/15/2026,2:51:46,43.18,2.17,279
stress-ng --cpu 16 --cpu-load 86 --timeout 60s --quiet,43,5/15/2026,2:51:47,43.09,2.18,279
stress-ng --cpu 16 --cpu-load 86 --timeout 60s --quiet,43,5/15/2026,2:51:48,43.3,2.18,284
stress-ng --cpu 16 --cpu-load 86 --timeout 60s --quiet,43,5/15/2026,2:51:49,43.25,2.18,286
stress-ng --cpu 16 --cpu-load 86 --timeout 60s --quiet,43,5/15/2026,2:51:50,43.13,2.17,286
stress-ng --cpu 16 --cpu-load 86 --timeout 60s --quiet,43,5/15/2026,2:51:51,43.17,2.17,285
stress-ng --cpu 16 --cpu-load 86 --timeout 60s --quiet,43,5/15/2026,2:51:52,43.26,2.17,287
stress-ng --cpu 16 --cpu-load 86 --timeout 60s --quiet,43,5/15/2026,2:51:53,43.21,2.17,285
stress-ng --cpu 16 --cpu-load 86 --timeout 60s --quiet,43,5/15/2026,2:51:54,43.2,2.16,287
stress-ng --cpu 16 --cpu-load 86 --timeout 60s --quiet,43,5/15/2026,2:51:55,43.2,2.16,290
stress-ng --cpu 16 --cpu-load 86 --timeout 60s --quiet,43,5/15/2026,2:51:56,43.19,2.16,288
stress-ng --cpu 16 --cpu-load 86 --timeout 60s --quiet,43,5/15/2026,2:51:57,43.29,2.17,287
stress-ng --cpu 16 --cpu-load 86 --timeout 60s --quiet,43,5/15/2026,2:51:58,43.13,2.17,287
stress-ng --cpu 16 --cpu-load 86 --timeout 60s --quiet,43,5/15/2026,2:51:59,43.24,2.17,290
stress-ng --cpu 16 --cpu-load 86 --timeout 60s --quiet,43,5/15/2026,2:52:00,43.31,2.16,289
stress-ng --cpu 16 --cpu-load 86 --timeout 60s --quiet,43,5/15/2026,2:52:01,31.59,2.09,287
stress-ng --cpu 16 --cpu-load 86 --timeout 60s --quiet,43,5/15/2026,6:49:33,0.12,2.1,115
stress-ng --cpu 16 --cpu-load 86 --timeout 60s --quiet,43,5/15/2026,6:49:34,40.18,2.22,275
stress-ng --cpu 16 --cpu-load 86 --timeout 60s --quiet,43,5/15/2026,6:49:35,43.08,2.23,280
stress-ng --cpu 16 --cpu-load 86 --timeout 60s --quiet,43,5/15/2026,6:49:36,43.3,2.24,289
stress-ng --cpu 16 --cpu-load 86 --timeout 60s --quiet,43,5/15/2026,6:49:37,43.24,2.24,290
stress-ng --cpu 16 --cpu-load 86 --timeout 60s --quiet,43,5/15/2026,6:49:38,43.24,2.23,284
stress-ng --cpu 16 --cpu-load 86 --timeout 60s --quiet,43,5/15/2026,6:49:39,43.1,2.23,287
stress-ng --cpu 16 --cpu-load 86 --timeout 60s --quiet,43,5/15/2026,6:49:40,43.24,2.23,286
stress-ng --cpu 16 --cpu-load 86 --timeout 60s --quiet,43,5/15/2026,6:49:41,43.19,2.22,286
stress-ng --cpu 16 --cpu-load 86 --timeout 60s --quiet,43,5/15/2026,6:49:42,43.21,2.22,287
stress-ng --cpu 16 --cpu-load 86 --timeout 60s --quiet,43,5/15/2026,6:49:43,43.13,2.22,289
stress-ng --cpu 16 --cpu-load 86 --timeout 60s --quiet,43,5/15/2026,6:49:44,43.21,2.22,288
stress-ng --cpu 16 --cpu-load 86 --timeout 60s --quiet,43,5/15/2026,6:49:45,43.22,2.22,287
stress-ng --cpu 16 --cpu-load 86 --timeout 60s --quiet,43,5/15/2026,6:49:46,43.27,2.22,288.5
stress-ng --cpu 16 --cpu-load 86 --timeout 60s --quiet,43,5/15/2026,6:49:47,43.34,2.22,290
stress-ng --cpu 16 --cpu-load 86 --timeout 60s --quiet,43,5/15/2026,6:49:48,43.05,2.22,290
stress-ng --cpu 16 --cpu-load 86 --timeout 60s --quiet,43,5/15/2026,6:49:49,43.18,2.22,293
stress-ng --cpu 16 --cpu-load 86 --timeout 60s --quiet,43,5/15/2026,6:49:50,43.2,2.22,291
stress-ng --cpu 16 --cpu-load 86 --timeout 60s --quiet,43,5/15/2026,6:49:51,43.23,2.21,292
stress-ng --cpu 16 --cpu-load 86 --timeout 60s --quiet,43,5/15/2026,6:49:52,43.22,2.21,292
stress-ng --cpu 16 --cpu-load 86 --timeout 60s --quiet,43,5/15/2026,6:49:53,43.23,2.22,294
stress-ng --cpu 16 --cpu-load 86 --timeout 60s --quiet,43,5/15/2026,6:49:54,43.23,2.21,293
stress-ng --cpu 16 --cpu-load 86 --timeout 60s --quiet,43,5/15/2026,6:49:55,43.22,2.21,290
stress-ng --cpu 16 --cpu-load 86 --timeout 60s --quiet,43,5/15/2026,6:49:56,43.17,2.2,290
stress-ng --cpu 16 --cpu-load 86 --timeout 60s --quiet,43,5/15/2026,6:49:57,43.24,2.2,300
stress-ng --cpu 16 --cpu-load 86 --timeout 60s --quiet,43,5/15/2026,6:49:58,43.05,2.21,299
stress-ng --cpu 16 --cpu-load 86 --timeout 60s --quiet,43,5/15/2026,6:49:59,43.34,2.2,300
stress-ng --cpu 16 --cpu-load 86 --timeout 60s --quiet,43,5/15/2026,6:50:00,43.2,2.2,298
stress-ng --cpu 16 --cpu-load 86 --timeout 60s --quiet,43,5/15/2026,6:50:01,43.25,2.2,299
stress-ng --cpu 16 --cpu-load 86 --timeout 60s --quiet,43,5/15/2026,6:50:02,43.21,2.19,299
stress-ng --cpu 16 --cpu-load 86 --timeout 60s --quiet,43,5/15/2026,6:50:03,43.34,2.19,298
stress-ng --cpu 16 --cpu-load 86 --timeout 60s --quiet,43,5/15/2026,6:50:04,43.23,2.19,302
stress-ng --cpu 16 --cpu-load 86 --timeout 60s --quiet,43,5/15/2026,6:50:05,43.18,2.19,301
stress-ng --cpu 16 --cpu-load 86 --timeout 60s --quiet,43,5/15/2026,6:50:06,43.22,2.19,302
stress-ng --cpu 16 --cpu-load 86 --timeout 60s --quiet,43,5/15/2026,6:50:07,43.12,2.19,304
stress-ng --cpu 16 --cpu-load 86 --timeout 60s --quiet,43,5/15/2026,6:50:08,43.22,2.19,296
stress-ng --cpu 16 --cpu-load 86 --timeout 60s --quiet,43,5/15/2026,6:50:09,43.21,2.19,296
stress-ng --cpu 16 --cpu-load 86 --timeout 60s --quiet,43,5/15/2026,6:50:10,43.26,2.19,298
stress-ng --cpu 16 --cpu-load 86 --timeout 60s --quiet,43,5/15/2026,6:50:11,43.18,2.18,297
stress-ng --cpu 16 --cpu-load 86 --timeout 60s --quiet,43,5/15/2026,6:50:12,43.13,2.19,299
stress-ng --cpu 16 --cpu-load 86 --timeout 60s --quiet,43,5/15/2026,6:50:13,43.23,2.18,297
stress-ng --cpu 16 --cpu-load 86 --timeout 60s --quiet,43,5/15/2026,6:50:14,43.13,2.19,296.5
stress-ng --cpu 16 --cpu-load 86 --timeout 60s --quiet,43,5/15/2026,6:50:15,43.16,2.185,296
stress-ng --cpu 16 --cpu-load 86 --timeout 60s --quiet,43,5/15/2026,6:50:16,43.19,2.18,297
stress-ng --cpu 16 --cpu-load 86 --timeout 60s --quiet,43,5/15/2026,6:50:17,43.19,2.18,293
stress-ng --cpu 16 --cpu-load 86 --timeout 60s --quiet,43,5/15/2026,6:50:18,43.19,2.17,301
stress-ng --cpu 16 --cpu-load 86 --timeout 60s --quiet,43,5/15/2026,6:50:19,43.33,2.17,297
stress-ng --cpu 16 --cpu-load 86 --timeout 60s --quiet,43,5/15/2026,6:50:20,43.13,2.17,293
stress-ng --cpu 16 --cpu-load 86 --timeout 60s --quiet,43,5/15/2026,6:50:21,43.21,2.17,299
stress-ng --cpu 16 --cpu-load 86 --timeout 60s --quiet,43,5/15/2026,6:50:22,43.25,2.17,298
stress-ng --cpu 16 --cpu-load 86 --timeout 60s --quiet,43,5/15/2026,6:50:23,43.17,2.17,295
stress-ng --cpu 16 --cpu-load 86 --timeout 60s --quiet,43,5/15/2026,6:50:24,43.24,2.17,295
stress-ng --cpu 16 --cpu-load 86 --timeout 60s --quiet,43,5/15/2026,6:50:25,43.07,2.17,297
stress-ng --cpu 16 --cpu-load 86 --timeout 60s --quiet,43,5/15/2026,6:50:26,43.22,2.17,302
stress-ng --cpu 16 --cpu-load 86 --timeout 60s --quiet,43,5/15/2026,6:50:27,43.26,2.17,307
stress-ng --cpu 16 --cpu-load 86 --timeout 60s --quiet,43,5/15/2026,6:50:28,43.22,2.17,308
stress-ng --cpu 16 --cpu-load 86 --timeout 60s --quiet,43,5/15/2026,6:50:29,43.19,2.17,307
stress-ng --cpu 16 --cpu-load 86 --timeout 60s --quiet,43,5/15/2026,6:50:30,43.22,2.17,306
stress-ng --cpu 16 --cpu-load 86 --timeout 60s --quiet,43,5/15/2026,6:50:31,43.28,2.17,308
stress-ng --cpu 16 --cpu-load 86 --timeout 60s --quiet,43,5/15/2026,6:50:32,43.12,2.17,308
stress-ng --cpu 16 --cpu-load 86 --timeout 60s --quiet,43,5/15/2026,6:50:33,43.25,2.17,308
stress-ng --cpu 16 --cpu-load 86 --timeout 60s --quiet,43,5/15/2026,15:18:45,0.18,2.15,120
stress-ng --cpu 16 --cpu-load 86 --timeout 60s --quiet,43,5/15/2026,15:18:46,38.95,2.27,272
stress-ng --cpu 16 --cpu-load 86 --timeout 60s --quiet,43,5/15/2026,15:18:47,43.04,2.28,277
stress-ng --cpu 16 --cpu-load 86 --timeout 60s --quiet,43,5/15/2026,15:18:48,43.11,2.27,277
stress-ng --cpu 16 --cpu-load 86 --timeout 60s --quiet,43,5/15/2026,15:18:49,43.44,2.28,279
stress-ng --cpu 16 --cpu-load 86 --timeout 60s --quiet,43,5/15/2026,15:18:50,43.47,2.28,277
stress-ng --cpu 16 --cpu-load 86 --timeout 60s --quiet,43,5/15/2026,15:18:51,43.23,2.28,275
stress-ng --cpu 16 --cpu-load 86 --timeout 60s --quiet,43,5/15/2026,15:18:52,43.32,2.28,280
stress-ng --cpu 16 --cpu-load 86 --timeout 60s --quiet,43,5/15/2026,15:18:53,43.4,2.28,282
stress-ng --cpu 16 --cpu-load 86 --timeout 60s --quiet,43,5/15/2026,15:18:54,43.02,2.28,284
stress-ng --cpu 16 --cpu-load 86 --timeout 60s --quiet,43,5/15/2026,15:18:55,43.25,2.28,280
stress-ng --cpu 16 --cpu-load 86 --timeout 60s --quiet,43,5/15/2026,15:18:56,43.38,2.27,280
stress-ng --cpu 16 --cpu-load 86 --timeout 60s --quiet,43,5/15/2026,15:18:57,43.47,2.27,287
stress-ng --cpu 16 --cpu-load 86 --timeout 60s --quiet,43,5/15/2026,15:18:58,43.46,2.27,283
stress-ng --cpu 16 --cpu-load 86 --timeout 60s --quiet,43,5/15/2026,15:18:59,43.32,2.27,284
stress-ng --cpu 16 --cpu-load 86 --timeout 60s --quiet,43,5/15/2026,15:19:00,43.35,2.27,284
stress-ng --cpu 16 --cpu-load 86 --timeout 60s --quiet,43,5/15/2026,15:19:01,43.06,2.27,283
stress-ng --cpu 16 --cpu-load 86 --timeout 60s --quiet,43,5/15/2026,15:19:02,43.17,2.27,283
stress-ng --cpu 16 --cpu-load 86 --timeout 60s --quiet,43,5/15/2026,15:19:03,43.43,2.27,283
stress-ng --cpu 16 --cpu-load 86 --timeout 60s --quiet,43,5/15/2026,15:19:04,43.4,2.27,288
stress-ng --cpu 16 --cpu-load 86 --timeout 60s --quiet,43,5/15/2026,15:19:05,43.26,2.27,283
stress-ng --cpu 16 --cpu-load 86 --timeout 60s --quiet,43,5/15/2026,15:19:06,43.25,2.26,279
stress-ng --cpu 16 --cpu-load 86 --timeout 60s --quiet,43,5/15/2026,15:19:07,43.42,2.26,282
stress-ng --cpu 16 --cpu-load 86 --timeout 60s --quiet,43,5/15/2026,15:19:08,43.2,2.26,280
stress-ng --cpu 16 --cpu-load 86 --timeout 60s --quiet,43,5/15/2026,15:19:09,43.23,2.25,282
stress-ng --cpu 16 --cpu-load 86 --timeout 60s --quiet,43,5/15/2026,15:19:10,43.36,2.24,280
stress-ng --cpu 16 --cpu-load 86 --timeout 60s --quiet,43,5/15/2026,15:19:11,43.23,2.24,283
stress-ng --cpu 16 --cpu-load 86 --timeout 60s --quiet,43,5/15/2026,15:19:12,43.2,2.24,283
stress-ng --cpu 16 --cpu-load 86 --timeout 60s --quiet,43,5/15/2026,15:19:13,43.29,2.24,284
stress-ng --cpu 16 --cpu-load 86 --timeout 60s --quiet,43,5/15/2026,15:19:14,43.48,2.24,286
stress-ng --cpu 16 --cpu-load 86 --timeout 60s --quiet,43,5/15/2026,15:19:15,43.13,2.24,281
stress-ng --cpu 16 --cpu-load 86 --timeout 60s --quiet,43,5/15/2026,15:19:16,43.26,2.24,284
stress-ng --cpu 16 --cpu-load 86 --timeout 60s --quiet,43,5/15/2026,15:19:17,43.49,2.23,288
stress-ng --cpu 16 --cpu-load 86 --timeout 60s --quiet,43,5/15/2026,15:19:18,43.18,2.23,285
stress-ng --cpu 16 --cpu-load 86 --timeout 60s --quiet,43,5/15/2026,15:19:19,43.33,2.24,284
stress-ng --cpu 16 --cpu-load 86 --timeout 60s --quiet,43,5/15/2026,15:19:20,43.22,2.24,285
stress-ng --cpu 16 --cpu-load 86 --timeout 60s --quiet,43,5/15/2026,15:19:21,43.38,2.24,285
stress-ng --cpu 16 --cpu-load 86 --timeout 60s --quiet,43,5/15/2026,15:19:22,43.38,2.23,288
stress-ng --cpu 16 --cpu-load 86 --timeout 60s --quiet,43,5/15/2026,15:19:23,43.27,2.22,291
stress-ng --cpu 16 --cpu-load 86 --timeout 60s --quiet,43,5/15/2026,15:19:24,43.33,2.22,288
stress-ng --cpu 16 --cpu-load 86 --timeout 60s --quiet,43,5/15/2026,15:19:25,43.41,2.23,289
stress-ng --cpu 16 --cpu-load 86 --timeout 60s --quiet,43,5/15/2026,15:19:26,43.21,2.23,290
stress-ng --cpu 16 --cpu-load 86 --timeout 60s --quiet,43,5/15/2026,15:19:27,43.47,2.23,288
stress-ng --cpu 16 --cpu-load 86 --timeout 60s --quiet,43,5/15/2026,15:19:28,43.28,2.23,289
stress-ng --cpu 16 --cpu-load 86 --timeout 60s --quiet,43,5/15/2026,15:19:29,43.41,2.23,289
stress-ng --cpu 16 --cpu-load 86 --timeout 60s --quiet,43,5/15/2026,15:19:30,43.19,2.2,288
stress-ng --cpu 16 --cpu-load 86 --timeout 60s --quiet,43,5/15/2026,15:19:31,43.41,2.2,289
stress-ng --cpu 16 --cpu-load 86 --timeout 60s --quiet,43,5/15/2026,15:19:32,43.27,2.21,291
stress-ng --cpu 16 --cpu-load 86 --timeout 60s --quiet,43,5/15/2026,15:19:33,43.19,2.21,292
stress-ng --cpu 16 --cpu-load 86 --timeout 60s --quiet,43,5/15/2026,15:19:34,43.27,2.2,290
stress-ng --cpu 16 --cpu-load 86 --timeout 60s --quiet,43,5/15/2026,15:19:35,43.54,2.2,291
stress-ng --cpu 16 --cpu-load 86 --timeout 60s --quiet,43,5/15/2026,15:19:36,43.28,2.2,291
stress-ng --cpu 16 --cpu-load 86 --timeout 60s --quiet,43,5/15/2026,15:19:37,43.24,2.2,289
stress-ng --cpu 16 --cpu-load 86 --timeout 60s --quiet,43,5/15/2026,15:19:38,43.21,2.19,292
stress-ng --cpu 16 --cpu-load 86 --timeout 60s --quiet,43,5/15/2026,15:19:39,43.31,2.19,290
stress-ng --cpu 16 --cpu-load 86 --timeout 60s --quiet,43,5/15/2026,15:19:40,43.28,2.19,289
stress-ng --cpu 16 --cpu-load 86 --timeout 60s --quiet,43,5/15/2026,15:19:41,43.25,2.19,288
stress-ng --cpu 16 --cpu-load 86 --timeout 60s --quiet,43,5/15/2026,15:19:42,43.32,2.19,289
stress-ng --cpu 16 --cpu-load 86 --timeout 60s --quiet,43,5/15/2026,15:19:43,43.38,2.18,293
stress-ng --cpu 16 --cpu-load 86 --timeout 60s --quiet,43,5/15/2026,15:19:44,43.21,2.18,293
stress-ng --cpu 16 --cpu-load 86 --timeout 60s --quiet,43,5/15/2026,15:19:45,43.21,2.18,296
stress-ng --cpu 16 --cpu-load 88 --timeout 60s --quiet,44,5/15/2026,0:38:41,0.12,2.13,119
stress-ng --cpu 16 --cpu-load 88 --timeout 60s --quiet,44,5/15/2026,0:38:42,18.09,2.25,123
stress-ng --cpu 16 --cpu-load 88 --timeout 60s --quiet,44,5/15/2026,0:38:43,44.27,2.26,278
stress-ng --cpu 16 --cpu-load 88 --timeout 60s --quiet,44,5/15/2026,0:38:44,44.38,2.25,280
stress-ng --cpu 16 --cpu-load 88 --timeout 60s --quiet,44,5/15/2026,0:38:45,44.16,2.26,287
stress-ng --cpu 16 --cpu-load 88 --timeout 60s --quiet,44,5/15/2026,0:38:46,44.21,2.26,289
stress-ng --cpu 16 --cpu-load 88 --timeout 60s --quiet,44,5/15/2026,0:38:47,44.23,2.25,289
stress-ng --cpu 16 --cpu-load 88 --timeout 60s --quiet,44,5/15/2026,0:38:48,44.17,2.25,286
stress-ng --cpu 16 --cpu-load 88 --timeout 60s --quiet,44,5/15/2026,0:38:49,44.18,2.25,285
stress-ng --cpu 16 --cpu-load 88 --timeout 60s --quiet,44,5/15/2026,0:38:50,44.22,2.24,289
stress-ng --cpu 16 --cpu-load 88 --timeout 60s --quiet,44,5/15/2026,0:38:51,44.16,2.24,287.5
stress-ng --cpu 16 --cpu-load 88 --timeout 60s --quiet,44,5/15/2026,0:38:52,44.26,2.22,286
stress-ng --cpu 16 --cpu-load 88 --timeout 60s --quiet,44,5/15/2026,0:38:53,44.24,2.22,293
stress-ng --cpu 16 --cpu-load 88 --timeout 60s --quiet,44,5/15/2026,0:38:54,44.24,2.22,290
stress-ng --cpu 16 --cpu-load 88 --timeout 60s --quiet,44,5/15/2026,0:38:55,44.14,2.22,291
stress-ng --cpu 16 --cpu-load 88 --timeout 60s --quiet,44,5/15/2026,0:38:56,44.15,2.22,291
stress-ng --cpu 16 --cpu-load 88 --timeout 60s --quiet,44,5/15/2026,0:38:57,44.28,2.21,293
stress-ng --cpu 16 --cpu-load 88 --timeout 60s --quiet,44,5/15/2026,0:38:58,44.18,2.2,289
stress-ng --cpu 16 --cpu-load 88 --timeout 60s --quiet,44,5/15/2026,0:38:59,44.11,2.2,293
stress-ng --cpu 16 --cpu-load 88 --timeout 60s --quiet,44,5/15/2026,0:39:00,44.19,2.2,293
stress-ng --cpu 16 --cpu-load 88 --timeout 60s --quiet,44,5/15/2026,0:39:01,44.17,2.2,293
stress-ng --cpu 16 --cpu-load 88 --timeout 60s --quiet,44,5/15/2026,0:39:02,44.17,2.2,292
stress-ng --cpu 16 --cpu-load 88 --timeout 60s --quiet,44,5/15/2026,0:39:03,44.43,2.19,292
stress-ng --cpu 16 --cpu-load 88 --timeout 60s --quiet,44,5/15/2026,0:39:04,44.15,2.18,295
stress-ng --cpu 16 --cpu-load 88 --timeout 60s --quiet,44,5/15/2026,0:39:05,44.17,2.19,293
stress-ng --cpu 16 --cpu-load 88 --timeout 60s --quiet,44,5/15/2026,0:39:06,44.29,2.19,295
stress-ng --cpu 16 --cpu-load 88 --timeout 60s --quiet,44,5/15/2026,0:39:07,44.18,2.18,296
stress-ng --cpu 16 --cpu-load 88 --timeout 60s --quiet,44,5/15/2026,0:39:08,44.14,2.17,294
stress-ng --cpu 16 --cpu-load 88 --timeout 60s --quiet,44,5/15/2026,0:39:09,44.26,2.17,297
stress-ng --cpu 16 --cpu-load 88 --timeout 60s --quiet,44,5/15/2026,0:39:10,44.18,2.17,296
stress-ng --cpu 16 --cpu-load 88 --timeout 60s --quiet,44,5/15/2026,0:39:11,44.14,2.17,298
stress-ng --cpu 16 --cpu-load 88 --timeout 60s --quiet,44,5/15/2026,0:39:12,44.22,2.17,296
stress-ng --cpu 16 --cpu-load 88 --timeout 60s --quiet,44,5/15/2026,0:39:13,44.05,2.17,294
stress-ng --cpu 16 --cpu-load 88 --timeout 60s --quiet,44,5/15/2026,0:39:14,44.33,2.18,297
stress-ng --cpu 16 --cpu-load 88 --timeout 60s --quiet,44,5/15/2026,0:39:15,44.21,2.17,297
stress-ng --cpu 16 --cpu-load 88 --timeout 60s --quiet,44,5/15/2026,0:39:16,44.27,2.18,297
stress-ng --cpu 16 --cpu-load 88 --timeout 60s --quiet,44,5/15/2026,0:39:17,44.19,2.18,297
stress-ng --cpu 16 --cpu-load 88 --timeout 60s --quiet,44,5/15/2026,0:39:18,44.13,2.18,294
stress-ng --cpu 16 --cpu-load 88 --timeout 60s --quiet,44,5/15/2026,0:39:19,44.215,2.18,293
stress-ng --cpu 16 --cpu-load 88 --timeout 60s --quiet,44,5/15/2026,0:39:20,44.3,2.18,292
stress-ng --cpu 16 --cpu-load 88 --timeout 60s --quiet,44,5/15/2026,0:39:21,44.19,2.17,293
stress-ng --cpu 16 --cpu-load 88 --timeout 60s --quiet,44,5/15/2026,0:39:22,44.18,2.17,293
stress-ng --cpu 16 --cpu-load 88 --timeout 60s --quiet,44,5/15/2026,0:39:23,44.14,2.17,295
stress-ng --cpu 16 --cpu-load 88 --timeout 60s --quiet,44,5/15/2026,0:39:24,44.28,2.17,301
stress-ng --cpu 16 --cpu-load 88 --timeout 60s --quiet,44,5/15/2026,0:39:25,44.11,2.17,303
stress-ng --cpu 16 --cpu-load 88 --timeout 60s --quiet,44,5/15/2026,0:39:26,44.34,2.17,303
stress-ng --cpu 16 --cpu-load 88 --timeout 60s --quiet,44,5/15/2026,0:39:27,44.04,2.17,299
stress-ng --cpu 16 --cpu-load 88 --timeout 60s --quiet,44,5/15/2026,0:39:28,44.24,2.17,306
stress-ng --cpu 16 --cpu-load 88 --timeout 60s --quiet,44,5/15/2026,0:39:29,44.3,2.17,305
stress-ng --cpu 16 --cpu-load 88 --timeout 60s --quiet,44,5/15/2026,0:39:30,44.07,2.17,307
stress-ng --cpu 16 --cpu-load 88 --timeout 60s --quiet,44,5/15/2026,0:39:31,44.26,2.17,303
stress-ng --cpu 16 --cpu-load 88 --timeout 60s --quiet,44,5/15/2026,0:39:32,44.34,2.17,300
stress-ng --cpu 16 --cpu-load 88 --timeout 60s --quiet,44,5/15/2026,0:39:33,44.03,2.17,303
stress-ng --cpu 16 --cpu-load 88 --timeout 60s --quiet,44,5/15/2026,0:39:34,44.27,2.17,302
stress-ng --cpu 16 --cpu-load 88 --timeout 60s --quiet,44,5/15/2026,0:39:35,44.29,2.17,301
stress-ng --cpu 16 --cpu-load 88 --timeout 60s --quiet,44,5/15/2026,0:39:36,44.15,2.16,304
stress-ng --cpu 16 --cpu-load 88 --timeout 60s --quiet,44,5/15/2026,0:39:37,44.21,2.17,302
stress-ng --cpu 16 --cpu-load 88 --timeout 60s --quiet,44,5/15/2026,0:39:38,44.19,2.17,303
stress-ng --cpu 16 --cpu-load 88 --timeout 60s --quiet,44,5/15/2026,0:39:39,44.23,2.17,302
stress-ng --cpu 16 --cpu-load 88 --timeout 60s --quiet,44,5/15/2026,0:39:40,44.2,2.17,302
stress-ng --cpu 16 --cpu-load 88 --timeout 60s --quiet,44,5/15/2026,0:39:41,44.11,2.18,305
stress-ng --cpu 16 --cpu-load 88 --timeout 60s --quiet,44,5/15/2026,0:39:42,27.92,2.09,235
stress-ng --cpu 16 --cpu-load 88 --timeout 60s --quiet,44,5/15/2026,13:32:28,0.15,2.15,122
stress-ng --cpu 16 --cpu-load 88 --timeout 60s --quiet,44,5/15/2026,13:32:29,21.66,2.25,128
stress-ng --cpu 16 --cpu-load 88 --timeout 60s --quiet,44,5/15/2026,13:32:30,43.82,2.26,276
stress-ng --cpu 16 --cpu-load 88 --timeout 60s --quiet,44,5/15/2026,13:32:31,44.3,2.26,283
stress-ng --cpu 16 --cpu-load 88 --timeout 60s --quiet,44,5/15/2026,13:32:32,44.33,2.27,275
stress-ng --cpu 16 --cpu-load 88 --timeout 60s --quiet,44,5/15/2026,13:32:33,44.03,2.26,275
stress-ng --cpu 16 --cpu-load 88 --timeout 60s --quiet,44,5/15/2026,13:32:34,44.28,2.26,275
stress-ng --cpu 16 --cpu-load 88 --timeout 60s --quiet,44,5/15/2026,13:32:35,44.34,2.25,282
stress-ng --cpu 16 --cpu-load 88 --timeout 60s --quiet,44,5/15/2026,13:32:36,44.08,2.25,277
stress-ng --cpu 16 --cpu-load 88 --timeout 60s --quiet,44,5/15/2026,13:32:37,44.19,2.25,273
stress-ng --cpu 16 --cpu-load 88 --timeout 60s --quiet,44,5/15/2026,13:32:38,44.22,2.25,277
stress-ng --cpu 16 --cpu-load 88 --timeout 60s --quiet,44,5/15/2026,13:32:39,44.26,2.25,276
stress-ng --cpu 16 --cpu-load 88 --timeout 60s --quiet,44,5/15/2026,13:32:40,44.16,2.25,281
stress-ng --cpu 16 --cpu-load 88 --timeout 60s --quiet,44,5/15/2026,13:32:41,44.23,2.24,281
stress-ng --cpu 16 --cpu-load 88 --timeout 60s --quiet,44,5/15/2026,13:32:42,44.21,2.23,281
stress-ng --cpu 16 --cpu-load 88 --timeout 60s --quiet,44,5/15/2026,13:32:43,44.2,2.23,282
stress-ng --cpu 16 --cpu-load 88 --timeout 60s --quiet,44,5/15/2026,13:32:44,44.23,2.22,281
stress-ng --cpu 16 --cpu-load 88 --timeout 60s --quiet,44,5/15/2026,13:32:45,44.22,2.22,277
stress-ng --cpu 16 --cpu-load 88 --timeout 60s --quiet,44,5/15/2026,13:32:46,44.18,2.22,278
stress-ng --cpu 16 --cpu-load 88 --timeout 60s --quiet,44,5/15/2026,13:32:47,44.11,2.22,284
stress-ng --cpu 16 --cpu-load 88 --timeout 60s --quiet,44,5/15/2026,13:32:48,44.26,2.21,288
stress-ng --cpu 16 --cpu-load 88 --timeout 60s --quiet,44,5/15/2026,13:32:49,44.16,2.21,289
stress-ng --cpu 16 --cpu-load 88 --timeout 60s --quiet,44,5/15/2026,13:32:50,44.17,2.22,288.5
stress-ng --cpu 16 --cpu-load 88 --timeout 60s --quiet,44,5/15/2026,13:32:51,44.42,2.23,288
stress-ng --cpu 16 --cpu-load 88 --timeout 60s --quiet,44,5/15/2026,13:32:52,44.5,2.22,289
stress-ng --cpu 16 --cpu-load 88 --timeout 60s --quiet,44,5/15/2026,13:32:53,44.14,2.22,287
stress-ng --cpu 16 --cpu-load 88 --timeout 60s --quiet,44,5/15/2026,13:32:54,44.21,2.21,291
stress-ng --cpu 16 --cpu-load 88 --timeout 60s --quiet,44,5/15/2026,13:32:55,44.34,2.21,290
stress-ng --cpu 16 --cpu-load 88 --timeout 60s --quiet,44,5/15/2026,13:32:56,44.1,2.21,286
stress-ng --cpu 16 --cpu-load 88 --timeout 60s --quiet,44,5/15/2026,13:32:57,44.1,2.21,291
stress-ng --cpu 16 --cpu-load 88 --timeout 60s --quiet,44,5/15/2026,13:32:58,44.28,2.21,284
stress-ng --cpu 16 --cpu-load 88 --timeout 60s --quiet,44,5/15/2026,13:32:59,44.25,2.21,285
stress-ng --cpu 16 --cpu-load 88 --timeout 60s --quiet,44,5/15/2026,13:33:00,44.08,2.21,284.5
stress-ng --cpu 16 --cpu-load 88 --timeout 60s --quiet,44,5/15/2026,13:33:01,44.25,2.21,284
stress-ng --cpu 16 --cpu-load 88 --timeout 60s --quiet,44,5/15/2026,13:33:02,44.21,2.21,285
stress-ng --cpu 16 --cpu-load 88 --timeout 60s --quiet,44,5/15/2026,13:33:03,44.31,2.21,286
stress-ng --cpu 16 --cpu-load 88 --timeout 60s --quiet,44,5/15/2026,13:33:04,44.27,2.21,287
stress-ng --cpu 16 --cpu-load 88 --timeout 60s --quiet,44,5/15/2026,13:33:05,44.29,2.2,281
stress-ng --cpu 16 --cpu-load 88 --timeout 60s --quiet,44,5/15/2026,13:33:06,44.135,2.2,282
stress-ng --cpu 16 --cpu-load 88 --timeout 60s --quiet,44,5/15/2026,13:33:07,43.98,2.2,282
stress-ng --cpu 16 --cpu-load 88 --timeout 60s --quiet,44,5/15/2026,13:33:08,44.31,2.2,288
stress-ng --cpu 16 --cpu-load 88 --timeout 60s --quiet,44,5/15/2026,13:33:09,44.28,2.2,286
stress-ng --cpu 16 --cpu-load 88 --timeout 60s --quiet,44,5/15/2026,13:33:10,44.17,2.2,288
stress-ng --cpu 16 --cpu-load 88 --timeout 60s --quiet,44,5/15/2026,13:33:11,44.28,2.2,290
stress-ng --cpu 16 --cpu-load 88 --timeout 60s --quiet,44,5/15/2026,13:33:12,44.44,2.2,288
stress-ng --cpu 16 --cpu-load 88 --timeout 60s --quiet,44,5/15/2026,13:33:13,44.05,2.19,290
stress-ng --cpu 16 --cpu-load 88 --timeout 60s --quiet,44,5/15/2026,13:33:14,44.23,2.19,285
stress-ng --cpu 16 --cpu-load 88 --timeout 60s --quiet,44,5/15/2026,13:33:15,44.25,2.19,295
stress-ng --cpu 16 --cpu-load 88 --timeout 60s --quiet,44,5/15/2026,13:33:16,44.11,2.19,298
stress-ng --cpu 16 --cpu-load 88 --timeout 60s --quiet,44,5/15/2026,13:33:17,44.2,2.2,295
stress-ng --cpu 16 --cpu-load 88 --timeout 60s --quiet,44,5/15/2026,13:33:18,44.26,2.19,290
stress-ng --cpu 16 --cpu-load 88 --timeout 60s --quiet,44,5/15/2026,13:33:19,44.14,2.19,289
stress-ng --cpu 16 --cpu-load 88 --timeout 60s --quiet,44,5/15/2026,13:33:20,44.19,2.19,291
stress-ng --cpu 16 --cpu-load 88 --timeout 60s --quiet,44,5/15/2026,13:33:21,44.32,2.19,290
stress-ng --cpu 16 --cpu-load 88 --timeout 60s --quiet,44,5/15/2026,13:33:22,44.08,2.19,291
stress-ng --cpu 16 --cpu-load 88 --timeout 60s --quiet,44,5/15/2026,13:33:23,44.24,2.19,297
stress-ng --cpu 16 --cpu-load 88 --timeout 60s --quiet,44,5/15/2026,13:33:24,44.29,2.18,298
stress-ng --cpu 16 --cpu-load 88 --timeout 60s --quiet,44,5/15/2026,13:33:25,44.08,2.19,296
stress-ng --cpu 16 --cpu-load 88 --timeout 60s --quiet,44,5/15/2026,13:33:26,44.3,2.19,297
stress-ng --cpu 16 --cpu-load 88 --timeout 60s --quiet,44,5/15/2026,13:33:27,44.19,2.19,297
stress-ng --cpu 16 --cpu-load 88 --timeout 60s --quiet,44,5/15/2026,13:33:28,44.19,2.19,299
stress-ng --cpu 16 --cpu-load 88 --timeout 60s --quiet,44,5/15/2026,14:14:33,0.12,2.1,115
stress-ng --cpu 16 --cpu-load 88 --timeout 60s --quiet,44,5/15/2026,14:14:34,35.46,2.22,132
stress-ng --cpu 16 --cpu-load 88 --timeout 60s --quiet,44,5/15/2026,14:14:35,44.27,2.22,266
stress-ng --cpu 16 --cpu-load 88 --timeout 60s --quiet,44,5/15/2026,14:14:36,44.33,2.22,271
stress-ng --cpu 16 --cpu-load 88 --timeout 60s --quiet,44,5/15/2026,14:14:37,44.21,2.22,273
stress-ng --cpu 16 --cpu-load 88 --timeout 60s --quiet,44,5/15/2026,14:14:38,44.05,2.22,275
stress-ng --cpu 16 --cpu-load 88 --timeout 60s --quiet,44,5/15/2026,14:14:39,44.33,2.21,276
stress-ng --cpu 16 --cpu-load 88 --timeout 60s --quiet,44,5/15/2026,14:14:40,44.15,2.22,277
stress-ng --cpu 16 --cpu-load 88 --timeout 60s --quiet,44,5/15/2026,14:14:41,44.2,2.22,279
stress-ng --cpu 16 --cpu-load 88 --timeout 60s --quiet,44,5/15/2026,14:14:42,44.31,2.21,273
stress-ng --cpu 16 --cpu-load 88 --timeout 60s --quiet,44,5/15/2026,14:14:43,44.07,2.21,279
stress-ng --cpu 16 --cpu-load 88 --timeout 60s --quiet,44,5/15/2026,14:14:44,44.29,2.22,275
stress-ng --cpu 16 --cpu-load 88 --timeout 60s --quiet,44,5/15/2026,14:14:45,44.24,2.21,278
stress-ng --cpu 16 --cpu-load 88 --timeout 60s --quiet,44,5/15/2026,14:14:46,44.44,2.22,278
stress-ng --cpu 16 --cpu-load 88 --timeout 60s --quiet,44,5/15/2026,14:14:47,44.15,2.22,276
stress-ng --cpu 16 --cpu-load 88 --timeout 60s --quiet,44,5/15/2026,14:14:48,44.22,2.215,276
stress-ng --cpu 16 --cpu-load 88 --timeout 60s --quiet,44,5/15/2026,14:14:49,44.29,2.21,280
stress-ng --cpu 16 --cpu-load 88 --timeout 60s --quiet,44,5/15/2026,14:14:50,44.25,2.21,280
stress-ng --cpu 16 --cpu-load 88 --timeout 60s --quiet,44,5/15/2026,14:14:51,44.14,2.21,280
stress-ng --cpu 16 --cpu-load 88 --timeout 60s --quiet,44,5/15/2026,14:14:52,44.25,2.2,281
stress-ng --cpu 16 --cpu-load 88 --timeout 60s --quiet,44,5/15/2026,14:14:53,44.14,2.2,283
stress-ng --cpu 16 --cpu-load 88 --timeout 60s --quiet,44,5/15/2026,14:14:54,44.29,2.2,282.5
stress-ng --cpu 16 --cpu-load 88 --timeout 60s --quiet,44,5/15/2026,14:14:55,44.18,2.2,282
stress-ng --cpu 16 --cpu-load 88 --timeout 60s --quiet,44,5/15/2026,14:14:56,44.23,2.2,281
stress-ng --cpu 16 --cpu-load 88 --timeout 60s --quiet,44,5/15/2026,14:14:57,44.13,2.2,280
stress-ng --cpu 16 --cpu-load 88 --timeout 60s --quiet,44,5/15/2026,14:14:58,44.3,2.19,276
stress-ng --cpu 16 --cpu-load 88 --timeout 60s --quiet,44,5/15/2026,14:14:59,44.07,2.19,278
stress-ng --cpu 16 --cpu-load 88 --timeout 60s --quiet,44,5/15/2026,14:15:00,44.13,2.2,278
stress-ng --cpu 16 --cpu-load 88 --timeout 60s --quiet,44,5/15/2026,14:15:01,44.28,2.19,277
stress-ng --cpu 16 --cpu-load 88 --timeout 60s --quiet,44,5/15/2026,14:15:02,44.2,2.19,281
stress-ng --cpu 16 --cpu-load 88 --timeout 60s --quiet,44,5/15/2026,14:15:03,44.09,2.19,282
stress-ng --cpu 16 --cpu-load 88 --timeout 60s --quiet,44,5/15/2026,14:15:04,44.57,2.2,283
stress-ng --cpu 16 --cpu-load 88 --timeout 60s --quiet,44,5/15/2026,14:15:05,44.17,2.2,285
stress-ng --cpu 16 --cpu-load 88 --timeout 60s --quiet,44,5/15/2026,14:15:06,44.05,2.2,283
stress-ng --cpu 16 --cpu-load 88 --timeout 60s --quiet,44,5/15/2026,14:15:07,44.42,2.2,285
stress-ng --cpu 16 --cpu-load 88 --timeout 60s --quiet,44,5/15/2026,14:15:08,44.18,2.19,283
stress-ng --cpu 16 --cpu-load 88 --timeout 60s --quiet,44,5/15/2026,14:15:09,44.13,2.19,285
stress-ng --cpu 16 --cpu-load 88 --timeout 60s --quiet,44,5/15/2026,14:15:10,44.25,2.19,286
stress-ng --cpu 16 --cpu-load 88 --timeout 60s --quiet,44,5/15/2026,14:15:11,44.18,2.19,284
stress-ng --cpu 16 --cpu-load 88 --timeout 60s --quiet,44,5/15/2026,14:15:12,44.18,2.18,287
stress-ng --cpu 16 --cpu-load 88 --timeout 60s --quiet,44,5/15/2026,14:15:13,44.24,2.18,287
stress-ng --cpu 16 --cpu-load 88 --timeout 60s --quiet,44,5/15/2026,14:15:14,44.27,2.18,284
stress-ng --cpu 16 --cpu-load 88 --timeout 60s --quiet,44,5/15/2026,14:15:15,44.07,2.18,288
stress-ng --cpu 16 --cpu-load 88 --timeout 60s --quiet,44,5/15/2026,14:15:16,44.32,2.17,287
stress-ng --cpu 16 --cpu-load 88 --timeout 60s --quiet,44,5/15/2026,14:15:17,44.14,2.17,288
stress-ng --cpu 16 --cpu-load 88 --timeout 60s --quiet,44,5/15/2026,14:15:18,44.14,2.17,283
stress-ng --cpu 16 --cpu-load 88 --timeout 60s --quiet,44,5/15/2026,14:15:19,44.31,2.17,288
stress-ng --cpu 16 --cpu-load 88 --timeout 60s --quiet,44,5/15/2026,14:15:20,44.28,2.16,289
stress-ng --cpu 16 --cpu-load 88 --timeout 60s --quiet,44,5/15/2026,14:15:21,44.04,2.16,288
stress-ng --cpu 16 --cpu-load 88 --timeout 60s --quiet,44,5/15/2026,14:15:22,44.23,2.16,289
stress-ng --cpu 16 --cpu-load 88 --timeout 60s --quiet,44,5/15/2026,14:15:23,44.21,2.16,292
stress-ng --cpu 16 --cpu-load 88 --timeout 60s --quiet,44,5/15/2026,14:15:24,44.15,2.16,289
stress-ng --cpu 16 --cpu-load 88 --timeout 60s --quiet,44,5/15/2026,14:15:25,44.24,2.17,290
stress-ng --cpu 16 --cpu-load 88 --timeout 60s --quiet,44,5/15/2026,14:15:26,44.27,2.17,291
stress-ng --cpu 16 --cpu-load 88 --timeout 60s --quiet,44,5/15/2026,14:15:27,44.1,2.16,288
stress-ng --cpu 16 --cpu-load 88 --timeout 60s --quiet,44,5/15/2026,14:15:28,44.28,2.16,290
stress-ng --cpu 16 --cpu-load 88 --timeout 60s --quiet,44,5/15/2026,14:15:29,44.33,2.16,291
stress-ng --cpu 16 --cpu-load 88 --timeout 60s --quiet,44,5/15/2026,14:15:30,44.04,2.16,286
stress-ng --cpu 16 --cpu-load 88 --timeout 60s --quiet,44,5/15/2026,14:15:31,44.22,2.17,287
stress-ng --cpu 16 --cpu-load 88 --timeout 60s --quiet,44,5/15/2026,14:15:32,44.26,2.17,291
stress-ng --cpu 16 --cpu-load 88 --timeout 60s --quiet,44,5/15/2026,14:15:33,44.06,2.16,292
stress-ng --cpu 16 --cpu-load 90 --timeout 60s --quiet,45,5/14/2026,21:04:12,15.23,2.25,125
stress-ng --cpu 16 --cpu-load 90 --timeout 60s --quiet,45,5/14/2026,21:04:13,45.15,2.25,238
stress-ng --cpu 16 --cpu-load 90 --timeout 60s --quiet,45,5/14/2026,21:04:14,45.29,2.25,285
stress-ng --cpu 16 --cpu-load 90 --timeout 60s --quiet,45,5/14/2026,21:04:15,45.08,2.26,288
stress-ng --cpu 16 --cpu-load 90 --timeout 60s --quiet,45,5/14/2026,21:04:16,45.195,2.255,291
stress-ng --cpu 16 --cpu-load 90 --timeout 60s --quiet,45,5/14/2026,21:04:17,45.31,2.25,294
stress-ng --cpu 16 --cpu-load 90 --timeout 60s --quiet,45,5/14/2026,21:04:18,45.02,2.25,297
stress-ng --cpu 16 --cpu-load 90 --timeout 60s --quiet,45,5/14/2026,21:04:19,45.43,2.25,290
stress-ng --cpu 16 --cpu-load 90 --timeout 60s --quiet,45,5/14/2026,21:04:20,45.19,2.25,290
stress-ng --cpu 16 --cpu-load 90 --timeout 60s --quiet,45,5/14/2026,21:04:21,45.18,2.25,293
stress-ng --cpu 16 --cpu-load 90 --timeout 60s --quiet,45,5/14/2026,21:04:22,45.42,2.25,293
stress-ng --cpu 16 --cpu-load 90 --timeout 60s --quiet,45,5/14/2026,21:04:23,45.24,2.25,296
stress-ng --cpu 16 --cpu-load 90 --timeout 60s --quiet,45,5/14/2026,21:04:24,45.14,2.25,298
stress-ng --cpu 16 --cpu-load 90 --timeout 60s --quiet,45,5/14/2026,21:04:25,45.29,2.24,296
stress-ng --cpu 16 --cpu-load 90 --timeout 60s --quiet,45,5/14/2026,21:04:26,45.13,2.24,297
stress-ng --cpu 16 --cpu-load 90 --timeout 60s --quiet,45,5/14/2026,21:04:27,45.21,2.24,298
stress-ng --cpu 16 --cpu-load 90 --timeout 60s --quiet,45,5/14/2026,21:04:28,45.19,2.23,300
stress-ng --cpu 16 --cpu-load 90 --timeout 60s --quiet,45,5/14/2026,21:04:29,45.26,2.23,297
stress-ng --cpu 16 --cpu-load 90 --timeout 60s --quiet,45,5/14/2026,21:04:30,45.13,2.22,294
stress-ng --cpu 16 --cpu-load 90 --timeout 60s --quiet,45,5/14/2026,21:04:31,45.26,2.22,300
stress-ng --cpu 16 --cpu-load 90 --timeout 60s --quiet,45,5/14/2026,21:04:32,45.24,2.22,297
stress-ng --cpu 16 --cpu-load 90 --timeout 60s --quiet,45,5/14/2026,21:04:33,45.1,2.22,302
stress-ng --cpu 16 --cpu-load 90 --timeout 60s --quiet,45,5/14/2026,21:04:34,45.36,2.21,299
stress-ng --cpu 16 --cpu-load 90 --timeout 60s --quiet,45,5/14/2026,21:04:35,45.14,2.2,300
stress-ng --cpu 16 --cpu-load 90 --timeout 60s --quiet,45,5/14/2026,21:04:36,45.33,2.2,301
stress-ng --cpu 16 --cpu-load 90 --timeout 60s --quiet,45,5/14/2026,21:04:37,45.04,2.2,296
stress-ng --cpu 16 --cpu-load 90 --timeout 60s --quiet,45,5/14/2026,21:04:38,45.37,2.19,298
stress-ng --cpu 16 --cpu-load 90 --timeout 60s --quiet,45,5/14/2026,21:04:39,45.14,2.19,300
stress-ng --cpu 16 --cpu-load 90 --timeout 60s --quiet,45,5/14/2026,21:04:40,45.19,2.19,297
stress-ng --cpu 16 --cpu-load 90 --timeout 60s --quiet,45,5/14/2026,21:04:41,45.09,2.19,297
stress-ng --cpu 16 --cpu-load 90 --timeout 60s --quiet,45,5/14/2026,21:04:42,45.31,2.19,298
stress-ng --cpu 16 --cpu-load 90 --timeout 60s --quiet,45,5/14/2026,21:04:43,45.05,2.18,298
stress-ng --cpu 16 --cpu-load 90 --timeout 60s --quiet,45,5/14/2026,21:04:44,45.32,2.19,299
stress-ng --cpu 16 --cpu-load 90 --timeout 60s --quiet,45,5/14/2026,21:04:45,45.16,2.19,300.5
stress-ng --cpu 16 --cpu-load 90 --timeout 60s --quiet,45,5/14/2026,21:04:46,45.25,2.18,302
stress-ng --cpu 16 --cpu-load 90 --timeout 60s --quiet,45,5/14/2026,21:04:47,45.22,2.18,303
stress-ng --cpu 16 --cpu-load 90 --timeout 60s --quiet,45,5/14/2026,21:04:48,45.06,2.18,302
stress-ng --cpu 16 --cpu-load 90 --timeout 60s --quiet,45,5/14/2026,21:04:49,45.3,2.17,305
stress-ng --cpu 16 --cpu-load 90 --timeout 60s --quiet,45,5/14/2026,21:04:50,45.11,2.17,305
stress-ng --cpu 16 --cpu-load 90 --timeout 60s --quiet,45,5/14/2026,21:04:51,45.31,2.17,305
stress-ng --cpu 16 --cpu-load 90 --timeout 60s --quiet,45,5/14/2026,21:04:52,45.18,2.17,304
stress-ng --cpu 16 --cpu-load 90 --timeout 60s --quiet,45,5/14/2026,21:04:53,45.25,2.17,306
stress-ng --cpu 16 --cpu-load 90 --timeout 60s --quiet,45,5/14/2026,21:04:54,45.21,2.17,308
stress-ng --cpu 16 --cpu-load 90 --timeout 60s --quiet,45,5/14/2026,21:04:55,45.09,2.17,306
stress-ng --cpu 16 --cpu-load 90 --timeout 60s --quiet,45,5/14/2026,21:04:56,45.25,2.17,306
stress-ng --cpu 16 --cpu-load 90 --timeout 60s --quiet,45,5/14/2026,21:04:57,45.16,2.16,305
stress-ng --cpu 16 --cpu-load 90 --timeout 60s --quiet,45,5/14/2026,21:04:58,45.25,2.16,307
stress-ng --cpu 16 --cpu-load 90 --timeout 60s --quiet,45,5/14/2026,21:04:59,45.21,2.16,306
stress-ng --cpu 16 --cpu-load 90 --timeout 60s --quiet,45,5/14/2026,21:05:00,45.4,2.16,307
stress-ng --cpu 16 --cpu-load 90 --timeout 60s --quiet,45,5/14/2026,21:05:01,45.17,2.16,307
stress-ng --cpu 16 --cpu-load 90 --timeout 60s --quiet,45,5/14/2026,21:05:02,45.29,2.17,307
stress-ng --cpu 16 --cpu-load 90 --timeout 60s --quiet,45,5/14/2026,21:05:03,45.3,2.17,304
stress-ng --cpu 16 --cpu-load 90 --timeout 60s --quiet,45,5/14/2026,21:05:04,45.35,2.16,301
stress-ng --cpu 16 --cpu-load 90 --timeout 60s --quiet,45,5/14/2026,21:05:05,45.03,2.17,304
stress-ng --cpu 16 --cpu-load 90 --timeout 60s --quiet,45,5/14/2026,21:05:06,45.4,2.16,307
stress-ng --cpu 16 --cpu-load 90 --timeout 60s --quiet,45,5/14/2026,21:05:07,45.08,2.16,312
stress-ng --cpu 16 --cpu-load 90 --timeout 60s --quiet,45,5/14/2026,21:05:08,45.26,2.16,309
stress-ng --cpu 16 --cpu-load 90 --timeout 60s --quiet,45,5/14/2026,21:05:09,45.14,2.16,311
stress-ng --cpu 16 --cpu-load 90 --timeout 60s --quiet,45,5/14/2026,21:05:10,45.22,2.17,310
stress-ng --cpu 16 --cpu-load 90 --timeout 60s --quiet,45,5/14/2026,21:05:11,45.23,2.17,308
stress-ng --cpu 16 --cpu-load 90 --timeout 60s --quiet,45,5/14/2026,21:05:12,31.61,2.11,312
stress-ng --cpu 16 --cpu-load 90 --timeout 60s --quiet,45,5/15/2026,10:16:01,0.12,2.16,134
stress-ng --cpu 16 --cpu-load 90 --timeout 60s --quiet,45,5/15/2026,10:16:02,32.33,2.25,157
stress-ng --cpu 16 --cpu-load 90 --timeout 60s --quiet,45,5/15/2026,10:16:03,45.16,2.26,285
stress-ng --cpu 16 --cpu-load 90 --timeout 60s --quiet,45,5/15/2026,10:16:04,45.26,2.26,293
stress-ng --cpu 16 --cpu-load 90 --timeout 60s --quiet,45,5/15/2026,10:16:05,45.19,2.28,292
stress-ng --cpu 16 --cpu-load 90 --timeout 60s --quiet,45,5/15/2026,10:16:06,45.21,2.28,295
stress-ng --cpu 16 --cpu-load 90 --timeout 60s --quiet,45,5/15/2026,10:16:07,45.19,2.28,291
stress-ng --cpu 16 --cpu-load 90 --timeout 60s --quiet,45,5/15/2026,10:16:08,45.18,2.28,290
stress-ng --cpu 16 --cpu-load 90 --timeout 60s --quiet,45,5/15/2026,10:16:09,45.24,2.26,293
stress-ng --cpu 16 --cpu-load 90 --timeout 60s --quiet,45,5/15/2026,10:16:10,45.16,2.27,291
stress-ng --cpu 16 --cpu-load 90 --timeout 60s --quiet,45,5/15/2026,10:16:11,45.26,2.27,292
stress-ng --cpu 16 --cpu-load 90 --timeout 60s --quiet,45,5/15/2026,10:16:12,45.14,2.27,293
stress-ng --cpu 16 --cpu-load 90 --timeout 60s --quiet,45,5/15/2026,10:16:13,45.25,2.26,292.5
stress-ng --cpu 16 --cpu-load 90 --timeout 60s --quiet,45,5/15/2026,10:16:14,45.2,2.26,292
stress-ng --cpu 16 --cpu-load 90 --timeout 60s --quiet,45,5/15/2026,10:16:15,45.18,2.25,292
stress-ng --cpu 16 --cpu-load 90 --timeout 60s --quiet,45,5/15/2026,10:16:16,45.19,2.25,295
stress-ng --cpu 16 --cpu-load 90 --timeout 60s --quiet,45,5/15/2026,10:16:17,45.28,2.25,290
stress-ng --cpu 16 --cpu-load 90 --timeout 60s --quiet,45,5/15/2026,10:16:18,45.19,2.25,290
stress-ng --cpu 16 --cpu-load 90 --timeout 60s --quiet,45,5/15/2026,10:16:19,45.28,2.25,296
stress-ng --cpu 16 --cpu-load 90 --timeout 60s --quiet,45,5/15/2026,10:16:20,45.15,2.25,300
stress-ng --cpu 16 --cpu-load 90 --timeout 60s --quiet,45,5/15/2026,10:16:21,45.24,2.25,303
stress-ng --cpu 16 --cpu-load 90 --timeout 60s --quiet,45,5/15/2026,10:16:22,45.25,2.25,302
stress-ng --cpu 16 --cpu-load 90 --timeout 60s --quiet,45,5/15/2026,10:16:23,45.11,2.25,303
stress-ng --cpu 16 --cpu-load 90 --timeout 60s --quiet,45,5/15/2026,10:16:24,45.25,2.25,299
stress-ng --cpu 16 --cpu-load 90 --timeout 60s --quiet,45,5/15/2026,10:16:25,45.14,2.25,295
stress-ng --cpu 16 --cpu-load 90 --timeout 60s --quiet,45,5/15/2026,10:16:26,45.17,2.24,295.5
stress-ng --cpu 16 --cpu-load 90 --timeout 60s --quiet,45,5/15/2026,10:16:27,45.07,2.24,296
stress-ng --cpu 16 --cpu-load 90 --timeout 60s --quiet,45,5/15/2026,10:16:28,45.33,2.24,297
stress-ng --cpu 16 --cpu-load 90 --timeout 60s --quiet,45,5/15/2026,10:16:29,45.13,2.24,303
stress-ng --cpu 16 --cpu-load 90 --timeout 60s --quiet,45,5/15/2026,10:16:30,45.27,2.23,298
stress-ng --cpu 16 --cpu-load 90 --timeout 60s --quiet,45,5/15/2026,10:16:31,45.19,2.23,296
stress-ng --cpu 16 --cpu-load 90 --timeout 60s --quiet,45,5/15/2026,10:16:32,45.17,2.23,298
stress-ng --cpu 16 --cpu-load 90 --timeout 60s --quiet,45,5/15/2026,10:16:33,45.25,2.23,298
stress-ng --cpu 16 --cpu-load 90 --timeout 60s --quiet,45,5/15/2026,10:16:34,45.2,2.22,300
stress-ng --cpu 16 --cpu-load 90 --timeout 60s --quiet,45,5/15/2026,10:16:35,45.2,2.22,299
stress-ng --cpu 16 --cpu-load 90 --timeout 60s --quiet,45,5/15/2026,10:16:36,45.22,2.22,298
stress-ng --cpu 16 --cpu-load 90 --timeout 60s --quiet,45,5/15/2026,10:16:37,45.17,2.22,299
stress-ng --cpu 16 --cpu-load 90 --timeout 60s --quiet,45,5/15/2026,10:16:38,45.29,2.22,296
stress-ng --cpu 16 --cpu-load 90 --timeout 60s --quiet,45,5/15/2026,10:16:39,45.14,2.22,295
stress-ng --cpu 16 --cpu-load 90 --timeout 60s --quiet,45,5/15/2026,10:16:40,45.31,2.21,301
stress-ng --cpu 16 --cpu-load 90 --timeout 60s --quiet,45,5/15/2026,10:16:41,45.09,2.21,300
stress-ng --cpu 16 --cpu-load 90 --timeout 60s --quiet,45,5/15/2026,10:16:42,45.18,2.21,296
stress-ng --cpu 16 --cpu-load 90 --timeout 60s --quiet,45,5/15/2026,10:16:43,45.2,2.21,302
stress-ng --cpu 16 --cpu-load 90 --timeout 60s --quiet,45,5/15/2026,10:16:44,45.22,2.21,299.5
stress-ng --cpu 16 --cpu-load 90 --timeout 60s --quiet,45,5/15/2026,10:16:45,45.15,2.21,297
stress-ng --cpu 16 --cpu-load 90 --timeout 60s --quiet,45,5/15/2026,10:16:46,45.2,2.21,300
stress-ng --cpu 16 --cpu-load 90 --timeout 60s --quiet,45,5/15/2026,10:16:47,45.21,2.21,302
stress-ng --cpu 16 --cpu-load 90 --timeout 60s --quiet,45,5/15/2026,10:16:48,45.2,2.21,298
stress-ng --cpu 16 --cpu-load 90 --timeout 60s --quiet,45,5/15/2026,10:16:49,45.12,2.21,308
stress-ng --cpu 16 --cpu-load 90 --timeout 60s --quiet,45,5/15/2026,10:16:50,45.32,2.21,297
stress-ng --cpu 16 --cpu-load 90 --timeout 60s --quiet,45,5/15/2026,10:16:51,45.12,2.2,301
stress-ng --cpu 16 --cpu-load 90 --timeout 60s --quiet,45,5/15/2026,10:16:52,45.21,2.2,298
stress-ng --cpu 16 --cpu-load 90 --timeout 60s --quiet,45,5/15/2026,10:16:53,45.28,2.2,303
stress-ng --cpu 16 --cpu-load 90 --timeout 60s --quiet,45,5/15/2026,10:16:54,45.09,2.2,304
stress-ng --cpu 16 --cpu-load 90 --timeout 60s --quiet,45,5/15/2026,10:16:55,45.32,2.2,303
stress-ng --cpu 16 --cpu-load 90 --timeout 60s --quiet,45,5/15/2026,10:16:56,45.12,2.2,301
stress-ng --cpu 16 --cpu-load 90 --timeout 60s --quiet,45,5/15/2026,10:16:57,45.35,2.19,307
stress-ng --cpu 16 --cpu-load 90 --timeout 60s --quiet,45,5/15/2026,10:16:58,45.06,2.19,306
stress-ng --cpu 16 --cpu-load 90 --timeout 60s --quiet,45,5/15/2026,10:16:59,45.35,2.2,305
stress-ng --cpu 16 --cpu-load 90 --timeout 60s --quiet,45,5/15/2026,10:17:00,45.21,2.2,304
stress-ng --cpu 16 --cpu-load 90 --timeout 60s --quiet,45,5/15/2026,10:17:01,45.59,2.21,304
stress-ng --cpu 16 --cpu-load 90 --timeout 60s --quiet,45,5/15/2026,16:12:52,13.49,2.27,130
stress-ng --cpu 16 --cpu-load 90 --timeout 60s --quiet,45,5/15/2026,16:12:53,45.41,2.28,278
stress-ng --cpu 16 --cpu-load 90 --timeout 60s --quiet,45,5/15/2026,16:12:54,45.08,2.29,280
stress-ng --cpu 16 --cpu-load 90 --timeout 60s --quiet,45,5/15/2026,16:12:55,45.51,2.29,282
stress-ng --cpu 16 --cpu-load 90 --timeout 60s --quiet,45,5/15/2026,16:12:56,45,2.29,279
stress-ng --cpu 16 --cpu-load 90 --timeout 60s --quiet,45,5/15/2026,16:12:57,45.37,2.29,283
stress-ng --cpu 16 --cpu-load 90 --timeout 60s --quiet,45,5/15/2026,16:12:58,45.07,2.28,280
stress-ng --cpu 16 --cpu-load 90 --timeout 60s --quiet,45,5/15/2026,16:12:59,45.24,2.28,282
stress-ng --cpu 16 --cpu-load 90 --timeout 60s --quiet,45,5/15/2026,16:13:00,45.2,2.27,284
stress-ng --cpu 16 --cpu-load 90 --timeout 60s --quiet,45,5/15/2026,16:13:01,45.26,2.27,280
stress-ng --cpu 16 --cpu-load 90 --timeout 60s --quiet,45,5/15/2026,16:13:02,45.08,2.26,283
stress-ng --cpu 16 --cpu-load 90 --timeout 60s --quiet,45,5/15/2026,16:13:03,45.5,2.26,283
stress-ng --cpu 16 --cpu-load 90 --timeout 60s --quiet,45,5/15/2026,16:13:04,45.12,2.25,283
stress-ng --cpu 16 --cpu-load 90 --timeout 60s --quiet,45,5/15/2026,16:13:05,45.36,2.24,283
stress-ng --cpu 16 --cpu-load 90 --timeout 60s --quiet,45,5/15/2026,16:13:06,45.08,2.24,280
stress-ng --cpu 16 --cpu-load 90 --timeout 60s --quiet,45,5/15/2026,16:13:07,45.35,2.24,282
stress-ng --cpu 16 --cpu-load 90 --timeout 60s --quiet,45,5/15/2026,16:13:08,45.03,2.24,283
stress-ng --cpu 16 --cpu-load 90 --timeout 60s --quiet,45,5/15/2026,16:13:09,45.33,2.24,285
stress-ng --cpu 16 --cpu-load 90 --timeout 60s --quiet,45,5/15/2026,16:13:10,45.09,2.24,286
stress-ng --cpu 16 --cpu-load 90 --timeout 60s --quiet,45,5/15/2026,16:13:11,45.3,2.24,284
stress-ng --cpu 16 --cpu-load 90 --timeout 60s --quiet,45,5/15/2026,16:13:12,45.16,2.24,285
stress-ng --cpu 16 --cpu-load 90 --timeout 60s --quiet,45,5/15/2026,16:13:13,45.19,2.23,286
stress-ng --cpu 16 --cpu-load 90 --timeout 60s --quiet,45,5/15/2026,16:13:14,45.22,2.23,286
stress-ng --cpu 16 --cpu-load 90 --timeout 60s --quiet,45,5/15/2026,16:13:15,45.23,2.23,288
stress-ng --cpu 16 --cpu-load 90 --timeout 60s --quiet,45,5/15/2026,16:13:16,45.14,2.23,287
stress-ng --cpu 16 --cpu-load 90 --timeout 60s --quiet,45,5/15/2026,16:13:17,45.31,2.23,280
stress-ng --cpu 16 --cpu-load 90 --timeout 60s --quiet,45,5/15/2026,16:13:18,45.17,2.23,283
stress-ng --cpu 16 --cpu-load 90 --timeout 60s --quiet,45,5/15/2026,16:13:19,45.32,2.23,283
stress-ng --cpu 16 --cpu-load 90 --timeout 60s --quiet,45,5/15/2026,16:13:20,45.12,2.23,283
stress-ng --cpu 16 --cpu-load 90 --timeout 60s --quiet,45,5/15/2026,16:13:21,45.26,2.23,288
stress-ng --cpu 16 --cpu-load 90 --timeout 60s --quiet,45,5/15/2026,16:13:22,45.04,2.23,289
stress-ng --cpu 16 --cpu-load 90 --timeout 60s --quiet,45,5/15/2026,16:13:23,45.37,2.22,287
stress-ng --cpu 16 --cpu-load 90 --timeout 60s --quiet,45,5/15/2026,16:13:24,45.16,2.22,290
stress-ng --cpu 16 --cpu-load 90 --timeout 60s --quiet,45,5/15/2026,16:13:25,45.18,2.22,283
stress-ng --cpu 16 --cpu-load 90 --timeout 60s --quiet,45,5/15/2026,16:13:26,45.19,2.22,286
stress-ng --cpu 16 --cpu-load 90 --timeout 60s --quiet,45,5/15/2026,16:13:27,45.16,2.21,289
stress-ng --cpu 16 --cpu-load 90 --timeout 60s --quiet,45,5/15/2026,16:13:28,45.22,2.21,291
stress-ng --cpu 16 --cpu-load 90 --timeout 60s --quiet,45,5/15/2026,16:13:29,45.195,2.215,289
stress-ng --cpu 16 --cpu-load 90 --timeout 60s --quiet,45,5/15/2026,16:13:30,45.17,2.22,292
stress-ng --cpu 16 --cpu-load 90 --timeout 60s --quiet,45,5/15/2026,16:13:31,45.3,2.22,290
stress-ng --cpu 16 --cpu-load 90 --timeout 60s --quiet,45,5/15/2026,16:13:32,45.19,2.22,292
stress-ng --cpu 16 --cpu-load 90 --timeout 60s --quiet,45,5/15/2026,16:13:33,45.22,2.22,292
stress-ng --cpu 16 --cpu-load 90 --timeout 60s --quiet,45,5/15/2026,16:13:34,45.19,2.22,292
stress-ng --cpu 16 --cpu-load 90 --timeout 60s --quiet,45,5/15/2026,16:13:35,45.22,2.22,293
stress-ng --cpu 16 --cpu-load 90 --timeout 60s --quiet,45,5/15/2026,16:13:36,45.25,2.22,293
stress-ng --cpu 16 --cpu-load 90 --timeout 60s --quiet,45,5/15/2026,16:13:37,45.2,2.22,291
stress-ng --cpu 16 --cpu-load 90 --timeout 60s --quiet,45,5/15/2026,16:13:38,45.19,2.22,293
stress-ng --cpu 16 --cpu-load 90 --timeout 60s --quiet,45,5/15/2026,16:13:39,45.39,2.22,293
stress-ng --cpu 16 --cpu-load 90 --timeout 60s --quiet,45,5/15/2026,16:13:40,45.16,2.22,294
stress-ng --cpu 16 --cpu-load 90 --timeout 60s --quiet,45,5/15/2026,16:13:41,45.27,2.22,294
stress-ng --cpu 16 --cpu-load 90 --timeout 60s --quiet,45,5/15/2026,16:13:42,45.2,2.21,294
stress-ng --cpu 16 --cpu-load 90 --timeout 60s --quiet,45,5/15/2026,16:13:43,45.22,2.21,294
stress-ng --cpu 16 --cpu-load 90 --timeout 60s --quiet,45,5/15/2026,16:13:44,45.26,2.21,294
stress-ng --cpu 16 --cpu-load 90 --timeout 60s --quiet,45,5/15/2026,16:13:45,45.24,2.2,294
stress-ng --cpu 16 --cpu-load 90 --timeout 60s --quiet,45,5/15/2026,16:13:46,45.2,2.21,294
stress-ng --cpu 16 --cpu-load 90 --timeout 60s --quiet,45,5/15/2026,16:13:47,45.16,2.21,296
stress-ng --cpu 16 --cpu-load 90 --timeout 60s --quiet,45,5/15/2026,16:13:48,45.22,2.21,297
stress-ng --cpu 16 --cpu-load 90 --timeout 60s --quiet,45,5/15/2026,16:13:49,45.28,2.21,293
stress-ng --cpu 16 --cpu-load 90 --timeout 60s --quiet,45,5/15/2026,16:13:50,45.17,2.2,294
stress-ng --cpu 16 --cpu-load 90 --timeout 60s --quiet,45,5/15/2026,16:13:51,45.24,2.2,291
stress-ng --cpu 16 --cpu-load 90 --timeout 60s --quiet,45,5/15/2026,16:13:52,33.24,2.14,299
stress-ng --cpu 16 --cpu-load 92 --timeout 60s --quiet,46,5/15/2026,2:08:53,0.15,2.1,130
stress-ng --cpu 16 --cpu-load 92 --timeout 60s --quiet,46,5/15/2026,2:08:54,1.39,2.17,123
stress-ng --cpu 16 --cpu-load 92 --timeout 60s --quiet,46,5/15/2026,2:08:55,46.48,2.22,182
stress-ng --cpu 16 --cpu-load 92 --timeout 60s --quiet,46,5/15/2026,2:08:56,46.11,2.24,288
stress-ng --cpu 16 --cpu-load 92 --timeout 60s --quiet,46,5/15/2026,2:08:57,46.09,2.24,289.5
stress-ng --cpu 16 --cpu-load 92 --timeout 60s --quiet,46,5/15/2026,2:08:58,46.18,2.24,291
stress-ng --cpu 16 --cpu-load 92 --timeout 60s --quiet,46,5/15/2026,2:08:59,46.2,2.24,291
stress-ng --cpu 16 --cpu-load 92 --timeout 60s --quiet,46,5/15/2026,2:09:00,46.17,2.24,289
stress-ng --cpu 16 --cpu-load 92 --timeout 60s --quiet,46,5/15/2026,2:09:01,46.37,2.23,287
stress-ng --cpu 16 --cpu-load 92 --timeout 60s --quiet,46,5/15/2026,2:09:02,46.2,2.22,289
stress-ng --cpu 16 --cpu-load 92 --timeout 60s --quiet,46,5/15/2026,2:09:03,46.21,2.22,292
stress-ng --cpu 16 --cpu-load 92 --timeout 60s --quiet,46,5/15/2026,2:09:04,46.47,2.22,293
stress-ng --cpu 16 --cpu-load 92 --timeout 60s --quiet,46,5/15/2026,2:09:05,46.07,2.22,287
stress-ng --cpu 16 --cpu-load 92 --timeout 60s --quiet,46,5/15/2026,2:09:06,46.27,2.21,285
stress-ng --cpu 16 --cpu-load 92 --timeout 60s --quiet,46,5/15/2026,2:09:07,46.29,2.21,289
stress-ng --cpu 16 --cpu-load 92 --timeout 60s --quiet,46,5/15/2026,2:09:08,46.15,2.21,293
stress-ng --cpu 16 --cpu-load 92 --timeout 60s --quiet,46,5/15/2026,2:09:09,46.09,2.2,295
stress-ng --cpu 16 --cpu-load 92 --timeout 60s --quiet,46,5/15/2026,2:09:10,46.31,2.2,294
stress-ng --cpu 16 --cpu-load 92 --timeout 60s --quiet,46,5/15/2026,2:09:11,46.31,2.2,292
stress-ng --cpu 16 --cpu-load 92 --timeout 60s --quiet,46,5/15/2026,2:09:12,46.12,2.2,289
stress-ng --cpu 16 --cpu-load 92 --timeout 60s --quiet,46,5/15/2026,2:09:13,46.15,2.2,289
stress-ng --cpu 16 --cpu-load 92 --timeout 60s --quiet,46,5/15/2026,2:09:14,46.38,2.2,296
stress-ng --cpu 16 --cpu-load 92 --timeout 60s --quiet,46,5/15/2026,2:09:15,46.29,2.19,295
stress-ng --cpu 16 --cpu-load 92 --timeout 60s --quiet,46,5/15/2026,2:09:16,46.16,2.19,294
stress-ng --cpu 16 --cpu-load 92 --timeout 60s --quiet,46,5/15/2026,2:09:17,46.32,2.19,296
stress-ng --cpu 16 --cpu-load 92 --timeout 60s --quiet,46,5/15/2026,2:09:18,46.28,2.19,296
stress-ng --cpu 16 --cpu-load 92 --timeout 60s --quiet,46,5/15/2026,2:09:19,46.17,2.19,296
stress-ng --cpu 16 --cpu-load 92 --timeout 60s --quiet,46,5/15/2026,2:09:20,46.19,2.19,296
stress-ng --cpu 16 --cpu-load 92 --timeout 60s --quiet,46,5/15/2026,2:09:21,46.36,2.18,298
stress-ng --cpu 16 --cpu-load 92 --timeout 60s --quiet,46,5/15/2026,2:09:22,46.3,2.19,299
stress-ng --cpu 16 --cpu-load 92 --timeout 60s --quiet,46,5/15/2026,2:09:23,46.14,2.18,297
stress-ng --cpu 16 --cpu-load 92 --timeout 60s --quiet,46,5/15/2026,2:09:24,46.26,2.18,292
stress-ng --cpu 16 --cpu-load 92 --timeout 60s --quiet,46,5/15/2026,2:09:25,46.25,2.17,301
stress-ng --cpu 16 --cpu-load 92 --timeout 60s --quiet,46,5/15/2026,2:09:26,46.16,2.17,298
stress-ng --cpu 16 --cpu-load 92 --timeout 60s --quiet,46,5/15/2026,2:09:27,46.18,2.17,300
stress-ng --cpu 16 --cpu-load 92 --timeout 60s --quiet,46,5/15/2026,2:09:28,46.06,2.17,299
stress-ng --cpu 16 --cpu-load 92 --timeout 60s --quiet,46,5/15/2026,2:09:29,46.22,2.17,298
stress-ng --cpu 16 --cpu-load 92 --timeout 60s --quiet,46,5/15/2026,2:09:30,46.26,2.17,302
stress-ng --cpu 16 --cpu-load 92 --timeout 60s --quiet,46,5/15/2026,2:09:31,46.21,2.17,299
stress-ng --cpu 16 --cpu-load 92 --timeout 60s --quiet,46,5/15/2026,2:09:32,46.25,2.18,299
stress-ng --cpu 16 --cpu-load 92 --timeout 60s --quiet,46,5/15/2026,2:09:33,46.18,2.17,299
stress-ng --cpu 16 --cpu-load 92 --timeout 60s --quiet,46,5/15/2026,2:09:34,46.26,2.17,299
stress-ng --cpu 16 --cpu-load 92 --timeout 60s --quiet,46,5/15/2026,2:09:35,46.19,2.17,301
stress-ng --cpu 16 --cpu-load 92 --timeout 60s --quiet,46,5/15/2026,2:09:36,46.28,2.17,301
stress-ng --cpu 16 --cpu-load 92 --timeout 60s --quiet,46,5/15/2026,2:09:37,46.23,2.17,301
stress-ng --cpu 16 --cpu-load 92 --timeout 60s --quiet,46,5/15/2026,2:09:38,46.26,2.17,302
stress-ng --cpu 16 --cpu-load 92 --timeout 60s --quiet,46,5/15/2026,2:09:39,46.21,2.17,303
stress-ng --cpu 16 --cpu-load 92 --timeout 60s --quiet,46,5/15/2026,2:09:40,46.17,2.17,301
stress-ng --cpu 16 --cpu-load 92 --timeout 60s --quiet,46,5/15/2026,2:09:41,46.22,2.17,302
stress-ng --cpu 16 --cpu-load 92 --timeout 60s --quiet,46,5/15/2026,2:09:42,46.25,2.17,301
stress-ng --cpu 16 --cpu-load 92 --timeout 60s --quiet,46,5/15/2026,2:09:43,46.2,2.17,302
stress-ng --cpu 16 --cpu-load 92 --timeout 60s --quiet,46,5/15/2026,2:09:44,46.19,2.17,303
stress-ng --cpu 16 --cpu-load 92 --timeout 60s --quiet,46,5/15/2026,2:09:45,46.17,2.17,302
stress-ng --cpu 16 --cpu-load 92 --timeout 60s --quiet,46,5/15/2026,2:09:46,46.27,2.17,303
stress-ng --cpu 16 --cpu-load 92 --timeout 60s --quiet,46,5/15/2026,2:09:47,46.19,2.16,303
stress-ng --cpu 16 --cpu-load 92 --timeout 60s --quiet,46,5/15/2026,2:09:48,46.22,2.16,303
stress-ng --cpu 16 --cpu-load 92 --timeout 60s --quiet,46,5/15/2026,2:09:49,46.25,2.16,303
stress-ng --cpu 16 --cpu-load 92 --timeout 60s --quiet,46,5/15/2026,2:09:50,46.22,2.16,303
stress-ng --cpu 16 --cpu-load 92 --timeout 60s --quiet,46,5/15/2026,2:09:51,46.16,2.16,303.5
stress-ng --cpu 16 --cpu-load 92 --timeout 60s --quiet,46,5/15/2026,2:09:52,46.11,2.15,304
stress-ng --cpu 16 --cpu-load 92 --timeout 60s --quiet,46,5/15/2026,2:09:53,45.955,2.135,303
stress-ng --cpu 16 --cpu-load 92 --timeout 60s --quiet,46,5/15/2026,2:09:54,45.8,2.12,305
stress-ng --cpu 16 --cpu-load 92 --timeout 60s --quiet,46,5/15/2026,11:38:14,34.15,2.24,138
stress-ng --cpu 16 --cpu-load 92 --timeout 60s --quiet,46,5/15/2026,11:38:15,46.34,2.25,286
stress-ng --cpu 16 --cpu-load 92 --timeout 60s --quiet,46,5/15/2026,11:38:16,46.26,2.25,286
stress-ng --cpu 16 --cpu-load 92 --timeout 60s --quiet,46,5/15/2026,11:38:17,46.29,2.24,286
stress-ng --cpu 16 --cpu-load 92 --timeout 60s --quiet,46,5/15/2026,11:38:18,46.285,2.24,286
stress-ng --cpu 16 --cpu-load 92 --timeout 60s --quiet,46,5/15/2026,11:38:19,46.28,2.24,285
stress-ng --cpu 16 --cpu-load 92 --timeout 60s --quiet,46,5/15/2026,11:38:20,46.23,2.25,287
stress-ng --cpu 16 --cpu-load 92 --timeout 60s --quiet,46,5/15/2026,11:38:21,46.31,2.25,287
stress-ng --cpu 16 --cpu-load 92 --timeout 60s --quiet,46,5/15/2026,11:38:22,46.22,2.25,291
stress-ng --cpu 16 --cpu-load 92 --timeout 60s --quiet,46,5/15/2026,11:38:23,46.3,2.25,293
stress-ng --cpu 16 --cpu-load 92 --timeout 60s --quiet,46,5/15/2026,11:38:24,46.34,2.25,291
stress-ng --cpu 16 --cpu-load 92 --timeout 60s --quiet,46,5/15/2026,11:38:25,46.18,2.25,295
stress-ng --cpu 16 --cpu-load 92 --timeout 60s --quiet,46,5/15/2026,11:38:26,46.28,2.24,293
stress-ng --cpu 16 --cpu-load 92 --timeout 60s --quiet,46,5/15/2026,11:38:27,46.2,2.25,292
stress-ng --cpu 16 --cpu-load 92 --timeout 60s --quiet,46,5/15/2026,11:38:28,46.36,2.24,293
stress-ng --cpu 16 --cpu-load 92 --timeout 60s --quiet,46,5/15/2026,11:38:29,46.25,2.24,293
stress-ng --cpu 16 --cpu-load 92 --timeout 60s --quiet,46,5/15/2026,11:38:30,46.31,2.23,294
stress-ng --cpu 16 --cpu-load 92 --timeout 60s --quiet,46,5/15/2026,11:38:31,46.31,2.24,295
stress-ng --cpu 16 --cpu-load 92 --timeout 60s --quiet,46,5/15/2026,11:38:32,46.26,2.23,295
stress-ng --cpu 16 --cpu-load 92 --timeout 60s --quiet,46,5/15/2026,11:38:33,46.23,2.23,293
stress-ng --cpu 16 --cpu-load 92 --timeout 60s --quiet,46,5/15/2026,11:38:34,46.37,2.23,294
stress-ng --cpu 16 --cpu-load 92 --timeout 60s --quiet,46,5/15/2026,11:38:35,46.2,2.23,294
stress-ng --cpu 16 --cpu-load 92 --timeout 60s --quiet,46,5/15/2026,11:38:36,46.37,2.24,296
stress-ng --cpu 16 --cpu-load 92 --timeout 60s --quiet,46,5/15/2026,11:38:37,46.28,2.23,296
stress-ng --cpu 16 --cpu-load 92 --timeout 60s --quiet,46,5/15/2026,11:38:38,46.35,2.23,296
stress-ng --cpu 16 --cpu-load 92 --timeout 60s --quiet,46,5/15/2026,11:38:39,46.22,2.23,296
stress-ng --cpu 16 --cpu-load 92 --timeout 60s --quiet,46,5/15/2026,11:38:40,46.18,2.23,297
stress-ng --cpu 16 --cpu-load 92 --timeout 60s --quiet,46,5/15/2026,11:38:41,46.45,2.23,298
stress-ng --cpu 16 --cpu-load 92 --timeout 60s --quiet,46,5/15/2026,11:38:42,46.2,2.24,299
stress-ng --cpu 16 --cpu-load 92 --timeout 60s --quiet,46,5/15/2026,11:38:43,46.23,2.23,298
stress-ng --cpu 16 --cpu-load 92 --timeout 60s --quiet,46,5/15/2026,11:38:44,46.26,2.24,295.5
stress-ng --cpu 16 --cpu-load 92 --timeout 60s --quiet,46,5/15/2026,11:38:45,46.29,2.23,293
stress-ng --cpu 16 --cpu-load 92 --timeout 60s --quiet,46,5/15/2026,11:38:46,46.23,2.23,292
stress-ng --cpu 16 --cpu-load 92 --timeout 60s --quiet,46,5/15/2026,11:38:47,46.3,2.23,299
stress-ng --cpu 16 --cpu-load 92 --timeout 60s --quiet,46,5/15/2026,11:38:48,46.36,2.23,298
stress-ng --cpu 16 --cpu-load 92 --timeout 60s --quiet,46,5/15/2026,11:38:49,46.23,2.23,295
stress-ng --cpu 16 --cpu-load 92 --timeout 60s --quiet,46,5/15/2026,11:38:50,46.19,2.22,299
stress-ng --cpu 16 --cpu-load 92 --timeout 60s --quiet,46,5/15/2026,11:38:51,46.39,2.22,299
stress-ng --cpu 16 --cpu-load 92 --timeout 60s --quiet,46,5/15/2026,11:38:52,46.17,2.22,295
stress-ng --cpu 16 --cpu-load 92 --timeout 60s --quiet,46,5/15/2026,11:38:53,46.33,2.22,299
stress-ng --cpu 16 --cpu-load 92 --timeout 60s --quiet,46,5/15/2026,11:38:54,46.2,2.22,300
stress-ng --cpu 16 --cpu-load 92 --timeout 60s --quiet,46,5/15/2026,11:38:55,46.29,2.21,298
stress-ng --cpu 16 --cpu-load 92 --timeout 60s --quiet,46,5/15/2026,11:38:56,46.22,2.21,300
stress-ng --cpu 16 --cpu-load 92 --timeout 60s --quiet,46,5/15/2026,11:38:57,46.19,2.21,295
stress-ng --cpu 16 --cpu-load 92 --timeout 60s --quiet,46,5/15/2026,11:38:58,46.48,2.21,302
stress-ng --cpu 16 --cpu-load 92 --timeout 60s --quiet,46,5/15/2026,11:38:59,46.16,2.21,301
stress-ng --cpu 16 --cpu-load 92 --timeout 60s --quiet,46,5/15/2026,11:39:00,46.24,2.22,302
stress-ng --cpu 16 --cpu-load 92 --timeout 60s --quiet,46,5/15/2026,11:39:01,46.35,2.22,302
stress-ng --cpu 16 --cpu-load 92 --timeout 60s --quiet,46,5/15/2026,11:39:02,46.26,2.22,302
stress-ng --cpu 16 --cpu-load 92 --timeout 60s --quiet,46,5/15/2026,11:39:03,46.39,2.22,305
stress-ng --cpu 16 --cpu-load 92 --timeout 60s --quiet,46,5/15/2026,11:39:04,46.22,2.21,302
stress-ng --cpu 16 --cpu-load 92 --timeout 60s --quiet,46,5/15/2026,11:39:05,46.42,2.21,304
stress-ng --cpu 16 --cpu-load 92 --timeout 60s --quiet,46,5/15/2026,11:39:06,46.17,2.21,303
stress-ng --cpu 16 --cpu-load 92 --timeout 60s --quiet,46,5/15/2026,11:39:07,46.22,2.21,303
stress-ng --cpu 16 --cpu-load 92 --timeout 60s --quiet,46,5/15/2026,11:39:08,46.33,2.21,302
stress-ng --cpu 16 --cpu-load 92 --timeout 60s --quiet,46,5/15/2026,11:39:09,46.26,2.21,299
stress-ng --cpu 16 --cpu-load 92 --timeout 60s --quiet,46,5/15/2026,11:39:10,46.21,2.2,304
stress-ng --cpu 16 --cpu-load 92 --timeout 60s --quiet,46,5/15/2026,11:39:11,46.26,2.2,306
stress-ng --cpu 16 --cpu-load 92 --timeout 60s --quiet,46,5/15/2026,11:39:12,46.38,2.21,306
stress-ng --cpu 16 --cpu-load 92 --timeout 60s --quiet,46,5/15/2026,11:39:13,46.25,2.2,306
stress-ng --cpu 16 --cpu-load 92 --timeout 60s --quiet,46,5/15/2026,11:39:14,12.16,2.13,307
stress-ng --cpu 16 --cpu-load 92 --timeout 60s --quiet,46,5/15/2026,22:21:43,18.67,2.25,113
stress-ng --cpu 16 --cpu-load 92 --timeout 60s --quiet,46,5/15/2026,22:21:44,46.23,2.25,283
stress-ng --cpu 16 --cpu-load 92 --timeout 60s --quiet,46,5/15/2026,22:21:45,46.28,2.25,282
stress-ng --cpu 16 --cpu-load 92 --timeout 60s --quiet,46,5/15/2026,22:21:46,46.14,2.26,290
stress-ng --cpu 16 --cpu-load 92 --timeout 60s --quiet,46,5/15/2026,22:21:47,46.28,2.26,291
stress-ng --cpu 16 --cpu-load 92 --timeout 60s --quiet,46,5/15/2026,22:21:48,46.26,2.26,284
stress-ng --cpu 16 --cpu-load 92 --timeout 60s --quiet,46,5/15/2026,22:21:49,46.13,2.26,291
stress-ng --cpu 16 --cpu-load 92 --timeout 60s --quiet,46,5/15/2026,22:21:50,46.26,2.26,288
stress-ng --cpu 16 --cpu-load 92 --timeout 60s --quiet,46,5/15/2026,22:21:51,46.23,2.25,290
stress-ng --cpu 16 --cpu-load 92 --timeout 60s --quiet,46,5/15/2026,22:21:52,46.2,2.25,292
stress-ng --cpu 16 --cpu-load 92 --timeout 60s --quiet,46,5/15/2026,22:21:53,46.14,2.25,291
stress-ng --cpu 16 --cpu-load 92 --timeout 60s --quiet,46,5/15/2026,22:21:54,46.2,2.25,293
stress-ng --cpu 16 --cpu-load 92 --timeout 60s --quiet,46,5/15/2026,22:21:55,46.25,2.24,288
stress-ng --cpu 16 --cpu-load 92 --timeout 60s --quiet,46,5/15/2026,22:21:56,46.17,2.24,292
stress-ng --cpu 16 --cpu-load 92 --timeout 60s --quiet,46,5/15/2026,22:21:57,46.13,2.24,294
stress-ng --cpu 16 --cpu-load 92 --timeout 60s --quiet,46,5/15/2026,22:21:58,46.22,2.24,292
stress-ng --cpu 16 --cpu-load 92 --timeout 60s --quiet,46,5/15/2026,22:21:59,46.23,2.24,295
stress-ng --cpu 16 --cpu-load 92 --timeout 60s --quiet,46,5/15/2026,22:22:00,46.21,2.24,293
stress-ng --cpu 16 --cpu-load 92 --timeout 60s --quiet,46,5/15/2026,22:22:01,46.19,2.24,293
stress-ng --cpu 16 --cpu-load 92 --timeout 60s --quiet,46,5/15/2026,22:22:02,46.32,2.24,296
stress-ng --cpu 16 --cpu-load 92 --timeout 60s --quiet,46,5/15/2026,22:22:03,46.26,2.23,294
stress-ng --cpu 16 --cpu-load 92 --timeout 60s --quiet,46,5/15/2026,22:22:04,46.18,2.23,295
stress-ng --cpu 16 --cpu-load 92 --timeout 60s --quiet,46,5/15/2026,22:22:05,46.19,2.23,296
stress-ng --cpu 16 --cpu-load 92 --timeout 60s --quiet,46,5/15/2026,22:22:06,46.31,2.23,296
stress-ng --cpu 16 --cpu-load 92 --timeout 60s --quiet,46,5/15/2026,22:22:07,46.17,2.22,296
stress-ng --cpu 16 --cpu-load 92 --timeout 60s --quiet,46,5/15/2026,22:22:08,46.23,2.22,296
stress-ng --cpu 16 --cpu-load 92 --timeout 60s --quiet,46,5/15/2026,22:22:09,46.25,2.22,296
stress-ng --cpu 16 --cpu-load 92 --timeout 60s --quiet,46,5/15/2026,22:22:10,46.17,2.22,297
stress-ng --cpu 16 --cpu-load 92 --timeout 60s --quiet,46,5/15/2026,22:22:11,46.3,2.22,296
stress-ng --cpu 16 --cpu-load 92 --timeout 60s --quiet,46,5/15/2026,22:22:12,46.245,2.22,296
stress-ng --cpu 16 --cpu-load 92 --timeout 60s --quiet,46,5/15/2026,22:22:13,46.19,2.22,293
stress-ng --cpu 16 --cpu-load 92 --timeout 60s --quiet,46,5/15/2026,22:22:14,46.27,2.22,297
stress-ng --cpu 16 --cpu-load 92 --timeout 60s --quiet,46,5/15/2026,22:22:15,46.14,2.21,296
stress-ng --cpu 16 --cpu-load 92 --timeout 60s --quiet,46,5/15/2026,22:22:16,46.3,2.21,297
stress-ng --cpu 16 --cpu-load 92 --timeout 60s --quiet,46,5/15/2026,22:22:17,46.13,2.21,295
stress-ng --cpu 16 --cpu-load 92 --timeout 60s --quiet,46,5/15/2026,22:22:18,46.31,2.21,298
stress-ng --cpu 16 --cpu-load 92 --timeout 60s --quiet,46,5/15/2026,22:22:19,46.17,2.21,299
stress-ng --cpu 16 --cpu-load 92 --timeout 60s --quiet,46,5/15/2026,22:22:20,46.14,2.21,300
stress-ng --cpu 16 --cpu-load 92 --timeout 60s --quiet,46,5/15/2026,22:22:21,46.25,2.21,295
stress-ng --cpu 16 --cpu-load 92 --timeout 60s --quiet,46,5/15/2026,22:22:22,46.28,2.21,300
stress-ng --cpu 16 --cpu-load 92 --timeout 60s --quiet,46,5/15/2026,22:22:23,46.16,2.2,301
stress-ng --cpu 16 --cpu-load 92 --timeout 60s --quiet,46,5/15/2026,22:22:24,46.12,2.2,300
stress-ng --cpu 16 --cpu-load 92 --timeout 60s --quiet,46,5/15/2026,22:22:25,46.32,2.2,301
stress-ng --cpu 16 --cpu-load 92 --timeout 60s --quiet,46,5/15/2026,22:22:26,46.14,2.2,301
stress-ng --cpu 16 --cpu-load 92 --timeout 60s --quiet,46,5/15/2026,22:22:27,46.17,2.2,301.5
stress-ng --cpu 16 --cpu-load 92 --timeout 60s --quiet,46,5/15/2026,22:22:28,46.42,2.2,302
stress-ng --cpu 16 --cpu-load 92 --timeout 60s --quiet,46,5/15/2026,22:22:29,46.2,2.2,301
stress-ng --cpu 16 --cpu-load 92 --timeout 60s --quiet,46,5/15/2026,22:22:30,46.2,2.2,301
stress-ng --cpu 16 --cpu-load 92 --timeout 60s --quiet,46,5/15/2026,22:22:31,46.2,2.2,299
stress-ng --cpu 16 --cpu-load 92 --timeout 60s --quiet,46,5/15/2026,22:22:32,46.22,2.2,301
stress-ng --cpu 16 --cpu-load 92 --timeout 60s --quiet,46,5/15/2026,22:22:33,46.31,2.2,304
stress-ng --cpu 16 --cpu-load 92 --timeout 60s --quiet,46,5/15/2026,22:22:34,46.15,2.2,303
stress-ng --cpu 16 --cpu-load 92 --timeout 60s --quiet,46,5/15/2026,22:22:35,46.23,2.2,303
stress-ng --cpu 16 --cpu-load 92 --timeout 60s --quiet,46,5/15/2026,22:22:36,46.33,2.2,303
stress-ng --cpu 16 --cpu-load 92 --timeout 60s --quiet,46,5/15/2026,22:22:37,46.19,2.2,303
stress-ng --cpu 16 --cpu-load 92 --timeout 60s --quiet,46,5/15/2026,22:22:38,46.19,2.21,303
stress-ng --cpu 16 --cpu-load 92 --timeout 60s --quiet,46,5/15/2026,22:22:39,46.24,2.21,296
stress-ng --cpu 16 --cpu-load 92 --timeout 60s --quiet,46,5/15/2026,22:22:40,46.23,2.21,304
stress-ng --cpu 16 --cpu-load 92 --timeout 60s --quiet,46,5/15/2026,22:22:41,46.16,2.21,303
stress-ng --cpu 16 --cpu-load 92 --timeout 60s --quiet,46,5/15/2026,22:22:42,46.25,2.21,306
stress-ng --cpu 16 --cpu-load 92 --timeout 60s --quiet,46,5/15/2026,22:22:43,28.1,2.14,307
stress-ng --cpu 16 --cpu-load 94 --timeout 60s --quiet,47,5/15/2026,4:19:12,11.25,2.22,141
stress-ng --cpu 16 --cpu-load 94 --timeout 60s --quiet,47,5/15/2026,4:19:13,47.14,2.22,290
stress-ng --cpu 16 --cpu-load 94 --timeout 60s --quiet,47,5/15/2026,4:19:14,47.21,2.23,300
stress-ng --cpu 16 --cpu-load 94 --timeout 60s --quiet,47,5/15/2026,4:19:15,47.22,2.24,298
stress-ng --cpu 16 --cpu-load 94 --timeout 60s --quiet,47,5/15/2026,4:19:16,47.18,2.24,297
stress-ng --cpu 16 --cpu-load 94 --timeout 60s --quiet,47,5/15/2026,4:19:17,47.22,2.24,300
stress-ng --cpu 16 --cpu-load 94 --timeout 60s --quiet,47,5/15/2026,4:19:18,47.19,2.23,300.5
stress-ng --cpu 16 --cpu-load 94 --timeout 60s --quiet,47,5/15/2026,4:19:19,47.25,2.23,301
stress-ng --cpu 16 --cpu-load 94 --timeout 60s --quiet,47,5/15/2026,4:19:20,47.2,2.22,298
stress-ng --cpu 16 --cpu-load 94 --timeout 60s --quiet,47,5/15/2026,4:19:21,47.26,2.23,302
stress-ng --cpu 16 --cpu-load 94 --timeout 60s --quiet,47,5/15/2026,4:19:22,47.17,2.22,301
stress-ng --cpu 16 --cpu-load 94 --timeout 60s --quiet,47,5/15/2026,4:19:23,47.2,2.22,297
stress-ng --cpu 16 --cpu-load 94 --timeout 60s --quiet,47,5/15/2026,4:19:24,47.19,2.22,297
stress-ng --cpu 16 --cpu-load 94 --timeout 60s --quiet,47,5/15/2026,4:19:25,47.11,2.22,297
stress-ng --cpu 16 --cpu-load 94 --timeout 60s --quiet,47,5/15/2026,4:19:26,47.21,2.22,303
stress-ng --cpu 16 --cpu-load 94 --timeout 60s --quiet,47,5/15/2026,4:19:27,47.2,2.21,303
stress-ng --cpu 16 --cpu-load 94 --timeout 60s --quiet,47,5/15/2026,4:19:28,47.18,2.21,297
stress-ng --cpu 16 --cpu-load 94 --timeout 60s --quiet,47,5/15/2026,4:19:29,47.2,2.21,303
stress-ng --cpu 16 --cpu-load 94 --timeout 60s --quiet,47,5/15/2026,4:19:30,47.23,2.21,302
stress-ng --cpu 16 --cpu-load 94 --timeout 60s --quiet,47,5/15/2026,4:19:31,47.26,2.21,303
stress-ng --cpu 16 --cpu-load 94 --timeout 60s --quiet,47,5/15/2026,4:19:32,47.18,2.22,304
stress-ng --cpu 16 --cpu-load 94 --timeout 60s --quiet,47,5/15/2026,4:19:33,47.17,2.22,310
stress-ng --cpu 16 --cpu-load 94 --timeout 60s --quiet,47,5/15/2026,4:19:34,47.21,2.22,311
stress-ng --cpu 16 --cpu-load 94 --timeout 60s --quiet,47,5/15/2026,4:19:35,47.2,2.22,312
stress-ng --cpu 16 --cpu-load 94 --timeout 60s --quiet,47,5/15/2026,4:19:36,47.27,2.21,305
stress-ng --cpu 16 --cpu-load 94 --timeout 60s --quiet,47,5/15/2026,4:19:37,47.16,2.21,306
stress-ng --cpu 16 --cpu-load 94 --timeout 60s --quiet,47,5/15/2026,4:19:38,47.19,2.21,308
stress-ng --cpu 16 --cpu-load 94 --timeout 60s --quiet,47,5/15/2026,4:19:39,47.21,2.21,306
stress-ng --cpu 16 --cpu-load 94 --timeout 60s --quiet,47,5/15/2026,4:19:40,47.21,2.21,304
stress-ng --cpu 16 --cpu-load 94 --timeout 60s --quiet,47,5/15/2026,4:19:41,47.2,2.21,307
stress-ng --cpu 16 --cpu-load 94 --timeout 60s --quiet,47,5/15/2026,4:19:42,47.23,2.21,306
stress-ng --cpu 16 --cpu-load 94 --timeout 60s --quiet,47,5/15/2026,4:19:43,47.19,2.21,308
stress-ng --cpu 16 --cpu-load 94 --timeout 60s --quiet,47,5/15/2026,4:19:44,47.21,2.21,307
stress-ng --cpu 16 --cpu-load 94 --timeout 60s --quiet,47,5/15/2026,4:19:45,47.19,2.21,309
stress-ng --cpu 16 --cpu-load 94 --timeout 60s --quiet,47,5/15/2026,4:19:46,47.26,2.2,308
stress-ng --cpu 16 --cpu-load 94 --timeout 60s --quiet,47,5/15/2026,4:19:47,47.22,2.2,309
stress-ng --cpu 16 --cpu-load 94 --timeout 60s --quiet,47,5/15/2026,4:19:48,47.21,2.2,310
stress-ng --cpu 16 --cpu-load 94 --timeout 60s --quiet,47,5/15/2026,4:19:49,47.26,2.2,309
stress-ng --cpu 16 --cpu-load 94 --timeout 60s --quiet,47,5/15/2026,4:19:50,47.22,2.2,311
stress-ng --cpu 16 --cpu-load 94 --timeout 60s --quiet,47,5/15/2026,4:19:51,47.18,2.2,310
stress-ng --cpu 16 --cpu-load 94 --timeout 60s --quiet,47,5/15/2026,4:19:52,47.17,2.19,305
stress-ng --cpu 16 --cpu-load 94 --timeout 60s --quiet,47,5/15/2026,4:19:53,47.24,2.19,304
stress-ng --cpu 16 --cpu-load 94 --timeout 60s --quiet,47,5/15/2026,4:19:54,47.18,2.19,303
stress-ng --cpu 16 --cpu-load 94 --timeout 60s --quiet,47,5/15/2026,4:19:55,47.2,2.19,309
stress-ng --cpu 16 --cpu-load 94 --timeout 60s --quiet,47,5/15/2026,4:19:56,47.22,2.2,310
stress-ng --cpu 16 --cpu-load 94 --timeout 60s --quiet,47,5/15/2026,4:19:57,47.22,2.19,312
stress-ng --cpu 16 --cpu-load 94 --timeout 60s --quiet,47,5/15/2026,4:19:58,47.22,2.19,311
stress-ng --cpu 16 --cpu-load 94 --timeout 60s --quiet,47,5/15/2026,4:19:59,47.22,2.19,312
stress-ng --cpu 16 --cpu-load 94 --timeout 60s --quiet,47,5/15/2026,4:20:00,47.11,2.18,311
stress-ng --cpu 16 --cpu-load 94 --timeout 60s --quiet,47,5/15/2026,4:20:01,47.21,2.18,318
stress-ng --cpu 16 --cpu-load 94 --timeout 60s --quiet,47,5/15/2026,4:20:02,47.24,2.18,319
stress-ng --cpu 16 --cpu-load 94 --timeout 60s --quiet,47,5/15/2026,4:20:03,47.39,2.18,317
stress-ng --cpu 16 --cpu-load 94 --timeout 60s --quiet,47,5/15/2026,4:20:04,47.34,2.18,320
stress-ng --cpu 16 --cpu-load 94 --timeout 60s --quiet,47,5/15/2026,4:20:05,47.33,2.17,321
stress-ng --cpu 16 --cpu-load 94 --timeout 60s --quiet,47,5/15/2026,4:20:06,47.19,2.18,313
stress-ng --cpu 16 --cpu-load 94 --timeout 60s --quiet,47,5/15/2026,4:20:07,47.24,2.16,313
stress-ng --cpu 16 --cpu-load 94 --timeout 60s --quiet,47,5/15/2026,4:20:08,47.24,2.16,315
stress-ng --cpu 16 --cpu-load 94 --timeout 60s --quiet,47,5/15/2026,4:20:09,47.27,2.17,314
stress-ng --cpu 16 --cpu-load 94 --timeout 60s --quiet,47,5/15/2026,4:20:10,47.31,2.17,314
stress-ng --cpu 16 --cpu-load 94 --timeout 60s --quiet,47,5/15/2026,4:20:11,47.19,2.17,316
stress-ng --cpu 16 --cpu-load 94 --timeout 60s --quiet,47,5/15/2026,4:20:12,35.92,2.11,315
stress-ng --cpu 16 --cpu-load 94 --timeout 60s --quiet,47,5/15/2026,12:46:23,0.18,2.13,129
stress-ng --cpu 16 --cpu-load 94 --timeout 60s --quiet,47,5/15/2026,12:46:24,40.18,2.25,280
stress-ng --cpu 16 --cpu-load 94 --timeout 60s --quiet,47,5/15/2026,12:46:25,47.37,2.26,279
stress-ng --cpu 16 --cpu-load 94 --timeout 60s --quiet,47,5/15/2026,12:46:26,47.4,2.26,287
stress-ng --cpu 16 --cpu-load 94 --timeout 60s --quiet,47,5/15/2026,12:46:27,47.37,2.27,287
stress-ng --cpu 16 --cpu-load 94 --timeout 60s --quiet,47,5/15/2026,12:46:28,47.31,2.27,284
stress-ng --cpu 16 --cpu-load 94 --timeout 60s --quiet,47,5/15/2026,12:46:29,47.25,2.27,288
stress-ng --cpu 16 --cpu-load 94 --timeout 60s --quiet,47,5/15/2026,12:46:30,47.19,2.26,285
stress-ng --cpu 16 --cpu-load 94 --timeout 60s --quiet,47,5/15/2026,12:46:31,47.34,2.26,286
stress-ng --cpu 16 --cpu-load 94 --timeout 60s --quiet,47,5/15/2026,12:46:32,47.38,2.27,289
stress-ng --cpu 16 --cpu-load 94 --timeout 60s --quiet,47,5/15/2026,12:46:33,47.24,2.27,285
stress-ng --cpu 16 --cpu-load 94 --timeout 60s --quiet,47,5/15/2026,12:46:34,47.31,2.27,291
stress-ng --cpu 16 --cpu-load 94 --timeout 60s --quiet,47,5/15/2026,12:46:35,47.31,2.27,290
stress-ng --cpu 16 --cpu-load 94 --timeout 60s --quiet,47,5/15/2026,12:46:36,47.2,2.28,290
stress-ng --cpu 16 --cpu-load 94 --timeout 60s --quiet,47,5/15/2026,12:46:37,47.23,2.26,291
stress-ng --cpu 16 --cpu-load 94 --timeout 60s --quiet,47,5/15/2026,12:46:38,47.37,2.25,291
stress-ng --cpu 16 --cpu-load 94 --timeout 60s --quiet,47,5/15/2026,12:46:39,47.28,2.25,291
stress-ng --cpu 16 --cpu-load 94 --timeout 60s --quiet,47,5/15/2026,12:46:40,47.23,2.25,291
stress-ng --cpu 16 --cpu-load 94 --timeout 60s --quiet,47,5/15/2026,12:46:41,47.26,2.24,291
stress-ng --cpu 16 --cpu-load 94 --timeout 60s --quiet,47,5/15/2026,12:46:42,47.2,2.24,292
stress-ng --cpu 16 --cpu-load 94 --timeout 60s --quiet,47,5/15/2026,12:46:43,47.34,2.24,294
stress-ng --cpu 16 --cpu-load 94 --timeout 60s --quiet,47,5/15/2026,12:46:44,47.26,2.23,292
stress-ng --cpu 16 --cpu-load 94 --timeout 60s --quiet,47,5/15/2026,12:46:45,47.21,2.23,293
stress-ng --cpu 16 --cpu-load 94 --timeout 60s --quiet,47,5/15/2026,12:46:46,47.26,2.23,293
stress-ng --cpu 16 --cpu-load 94 --timeout 60s --quiet,47,5/15/2026,12:46:47,47.17,2.23,293
stress-ng --cpu 16 --cpu-load 94 --timeout 60s --quiet,47,5/15/2026,12:46:48,47.3,2.23,293
stress-ng --cpu 16 --cpu-load 94 --timeout 60s --quiet,47,5/15/2026,12:46:49,47.3,2.23,294
stress-ng --cpu 16 --cpu-load 94 --timeout 60s --quiet,47,5/15/2026,12:46:50,47.23,2.23,295
stress-ng --cpu 16 --cpu-load 94 --timeout 60s --quiet,47,5/15/2026,12:46:51,47.23,2.22,294
stress-ng --cpu 16 --cpu-load 94 --timeout 60s --quiet,47,5/15/2026,12:46:52,47.22,2.22,296
stress-ng --cpu 16 --cpu-load 94 --timeout 60s --quiet,47,5/15/2026,12:46:53,47.2,2.22,294
stress-ng --cpu 16 --cpu-load 94 --timeout 60s --quiet,47,5/15/2026,12:46:54,47.44,2.21,298
stress-ng --cpu 16 --cpu-load 94 --timeout 60s --quiet,47,5/15/2026,12:46:55,47.28,2.2,295
stress-ng --cpu 16 --cpu-load 94 --timeout 60s --quiet,47,5/15/2026,12:46:56,47.19,2.2,299
stress-ng --cpu 16 --cpu-load 94 --timeout 60s --quiet,47,5/15/2026,12:46:57,47.32,2.2,295
stress-ng --cpu 16 --cpu-load 94 --timeout 60s --quiet,47,5/15/2026,12:46:58,47.23,2.2,296
stress-ng --cpu 16 --cpu-load 94 --timeout 60s --quiet,47,5/15/2026,12:46:59,47.17,2.2,296
stress-ng --cpu 16 --cpu-load 94 --timeout 60s --quiet,47,5/15/2026,12:47:00,47.26,2.19,296
stress-ng --cpu 16 --cpu-load 94 --timeout 60s --quiet,47,5/15/2026,12:47:01,47.23,2.19,297
stress-ng --cpu 16 --cpu-load 94 --timeout 60s --quiet,47,5/15/2026,12:47:02,47.31,2.19,296
stress-ng --cpu 16 --cpu-load 94 --timeout 60s --quiet,47,5/15/2026,12:47:03,47.45,2.19,298
stress-ng --cpu 16 --cpu-load 94 --timeout 60s --quiet,47,5/15/2026,12:47:04,47.23,2.19,297.5
stress-ng --cpu 16 --cpu-load 94 --timeout 60s --quiet,47,5/15/2026,12:47:05,47.19,2.19,297
stress-ng --cpu 16 --cpu-load 94 --timeout 60s --quiet,47,5/15/2026,12:47:06,47.19,2.18,298
stress-ng --cpu 16 --cpu-load 94 --timeout 60s --quiet,47,5/15/2026,12:47:07,47.27,2.18,299
stress-ng --cpu 16 --cpu-load 94 --timeout 60s --quiet,47,5/15/2026,12:47:08,47.33,2.19,298
stress-ng --cpu 16 --cpu-load 94 --timeout 60s --quiet,47,5/15/2026,12:47:09,47.23,2.19,300
stress-ng --cpu 16 --cpu-load 94 --timeout 60s --quiet,47,5/15/2026,12:47:10,47.22,2.18,300
stress-ng --cpu 16 --cpu-load 94 --timeout 60s --quiet,47,5/15/2026,12:47:11,47.23,2.19,299
stress-ng --cpu 16 --cpu-load 94 --timeout 60s --quiet,47,5/15/2026,12:47:12,47.17,2.18,302
stress-ng --cpu 16 --cpu-load 94 --timeout 60s --quiet,47,5/15/2026,12:47:13,47.42,2.18,299
stress-ng --cpu 16 --cpu-load 94 --timeout 60s --quiet,47,5/15/2026,12:47:14,47.28,2.19,303
stress-ng --cpu 16 --cpu-load 94 --timeout 60s --quiet,47,5/15/2026,12:47:15,47.19,2.18,300
stress-ng --cpu 16 --cpu-load 94 --timeout 60s --quiet,47,5/15/2026,12:47:16,47.18,2.18,301
stress-ng --cpu 16 --cpu-load 94 --timeout 60s --quiet,47,5/15/2026,12:47:17,47.28,2.18,301
stress-ng --cpu 16 --cpu-load 94 --timeout 60s --quiet,47,5/15/2026,12:47:18,47.365,2.185,301
stress-ng --cpu 16 --cpu-load 94 --timeout 60s --quiet,47,5/15/2026,12:47:19,47.45,2.19,304
stress-ng --cpu 16 --cpu-load 94 --timeout 60s --quiet,47,5/15/2026,12:47:20,47.25,2.19,303.5
stress-ng --cpu 16 --cpu-load 94 --timeout 60s --quiet,47,5/15/2026,12:47:21,47.22,2.18,303
stress-ng --cpu 16 --cpu-load 94 --timeout 60s --quiet,47,5/15/2026,12:47:22,47.19,2.18,302
stress-ng --cpu 16 --cpu-load 94 --timeout 60s --quiet,47,5/15/2026,12:47:23,47.19,2.18,301
stress-ng --cpu 16 --cpu-load 94 --timeout 60s --quiet,47,5/15/2026,22:53:48,0.09,2.11,130
stress-ng --cpu 16 --cpu-load 94 --timeout 60s --quiet,47,5/15/2026,22:53:49,35.99,2.21,290
stress-ng --cpu 16 --cpu-load 94 --timeout 60s --quiet,47,5/15/2026,22:53:50,47.19,2.21,292
stress-ng --cpu 16 --cpu-load 94 --timeout 60s --quiet,47,5/15/2026,22:53:51,47.19,2.21,293
stress-ng --cpu 16 --cpu-load 94 --timeout 60s --quiet,47,5/15/2026,22:53:52,47.14,2.21,294
stress-ng --cpu 16 --cpu-load 94 --timeout 60s --quiet,47,5/15/2026,22:53:53,47.16,2.2,292
stress-ng --cpu 16 --cpu-load 94 --timeout 60s --quiet,47,5/15/2026,22:53:54,47.27,2.2,293
stress-ng --cpu 16 --cpu-load 94 --timeout 60s --quiet,47,5/15/2026,22:53:55,47.26,2.2,292
stress-ng --cpu 16 --cpu-load 94 --timeout 60s --quiet,47,5/15/2026,22:53:56,47.19,2.2,295
stress-ng --cpu 16 --cpu-load 94 --timeout 60s --quiet,47,5/15/2026,22:53:57,47.17,2.2,299
stress-ng --cpu 16 --cpu-load 94 --timeout 60s --quiet,47,5/15/2026,22:53:58,47.22,2.2,295
stress-ng --cpu 16 --cpu-load 94 --timeout 60s --quiet,47,5/15/2026,22:53:59,47.2,2.2,297
stress-ng --cpu 16 --cpu-load 94 --timeout 60s --quiet,47,5/15/2026,22:54:00,47.22,2.2,297
stress-ng --cpu 16 --cpu-load 94 --timeout 60s --quiet,47,5/15/2026,22:54:01,47.11,2.2,297
stress-ng --cpu 16 --cpu-load 94 --timeout 60s --quiet,47,5/15/2026,22:54:02,47.13,2.2,297
stress-ng --cpu 16 --cpu-load 94 --timeout 60s --quiet,47,5/15/2026,22:54:03,47.37,2.19,298
stress-ng --cpu 16 --cpu-load 94 --timeout 60s --quiet,47,5/15/2026,22:54:04,47.22,2.19,297
stress-ng --cpu 16 --cpu-load 94 --timeout 60s --quiet,47,5/15/2026,22:54:05,47.22,2.19,298
stress-ng --cpu 16 --cpu-load 94 --timeout 60s --quiet,47,5/15/2026,22:54:06,47.27,2.19,298
stress-ng --cpu 16 --cpu-load 94 --timeout 60s --quiet,47,5/15/2026,22:54:07,47.17,2.19,298
stress-ng --cpu 16 --cpu-load 94 --timeout 60s --quiet,47,5/15/2026,22:54:08,47.24,2.18,300
stress-ng --cpu 16 --cpu-load 94 --timeout 60s --quiet,47,5/15/2026,22:54:09,47.25,2.18,295
stress-ng --cpu 16 --cpu-load 94 --timeout 60s --quiet,47,5/15/2026,22:54:10,47.2,2.18,297
stress-ng --cpu 16 --cpu-load 94 --timeout 60s --quiet,47,5/15/2026,22:54:11,47.2,2.18,302
stress-ng --cpu 16 --cpu-load 94 --timeout 60s --quiet,47,5/15/2026,22:54:12,47.19,2.18,300.5
stress-ng --cpu 16 --cpu-load 94 --timeout 60s --quiet,47,5/15/2026,22:54:13,47.22,2.18,299
stress-ng --cpu 16 --cpu-load 94 --timeout 60s --quiet,47,5/15/2026,22:54:14,47.17,2.17,300
stress-ng --cpu 16 --cpu-load 94 --timeout 60s --quiet,47,5/15/2026,22:54:15,47.24,2.17,300
stress-ng --cpu 16 --cpu-load 94 --timeout 60s --quiet,47,5/15/2026,22:54:16,47.22,2.17,299
stress-ng --cpu 16 --cpu-load 94 --timeout 60s --quiet,47,5/15/2026,22:54:17,47.23,2.17,302
stress-ng --cpu 16 --cpu-load 94 --timeout 60s --quiet,47,5/15/2026,22:54:18,47.2,2.17,301
stress-ng --cpu 16 --cpu-load 94 --timeout 60s --quiet,47,5/15/2026,22:54:19,47.12,2.17,301
stress-ng --cpu 16 --cpu-load 94 --timeout 60s --quiet,47,5/15/2026,22:54:20,47.23,2.18,297
stress-ng --cpu 16 --cpu-load 94 --timeout 60s --quiet,47,5/15/2026,22:54:21,47.21,2.18,298
stress-ng --cpu 16 --cpu-load 94 --timeout 60s --quiet,47,5/15/2026,22:54:22,47.24,2.18,303
stress-ng --cpu 16 --cpu-load 94 --timeout 60s --quiet,47,5/15/2026,22:54:23,47.27,2.18,302
stress-ng --cpu 16 --cpu-load 94 --timeout 60s --quiet,47,5/15/2026,22:54:24,47.19,2.18,304
stress-ng --cpu 16 --cpu-load 94 --timeout 60s --quiet,47,5/15/2026,22:54:25,47.2,2.16,304
stress-ng --cpu 16 --cpu-load 94 --timeout 60s --quiet,47,5/15/2026,22:54:26,47.15,2.16,304
stress-ng --cpu 16 --cpu-load 94 --timeout 60s --quiet,47,5/15/2026,22:54:27,47.26,2.16,304
stress-ng --cpu 16 --cpu-load 94 --timeout 60s --quiet,47,5/15/2026,22:54:28,47.25,2.16,301
stress-ng --cpu 16 --cpu-load 94 --timeout 60s --quiet,47,5/15/2026,22:54:29,47.19,2.16,303
stress-ng --cpu 16 --cpu-load 94 --timeout 60s --quiet,47,5/15/2026,22:54:30,47.2,2.16,305
stress-ng --cpu 16 --cpu-load 94 --timeout 60s --quiet,47,5/15/2026,22:54:31,47.19,2.16,305
stress-ng --cpu 16 --cpu-load 94 --timeout 60s --quiet,47,5/15/2026,22:54:32,47.2,2.16,305
stress-ng --cpu 16 --cpu-load 94 --timeout 60s --quiet,47,5/15/2026,22:54:33,47.23,2.17,306
stress-ng --cpu 16 --cpu-load 94 --timeout 60s --quiet,47,5/15/2026,22:54:34,47.22,2.16,305
stress-ng --cpu 16 --cpu-load 94 --timeout 60s --quiet,47,5/15/2026,22:54:35,47.2,2.17,306
stress-ng --cpu 16 --cpu-load 94 --timeout 60s --quiet,47,5/15/2026,22:54:36,47.205,2.165,306
stress-ng --cpu 16 --cpu-load 94 --timeout 60s --quiet,47,5/15/2026,22:54:37,47.21,2.16,307
stress-ng --cpu 16 --cpu-load 94 --timeout 60s --quiet,47,5/15/2026,22:54:38,47.2,2.16,307
stress-ng --cpu 16 --cpu-load 94 --timeout 60s --quiet,47,5/15/2026,22:54:39,47.25,2.17,307
stress-ng --cpu 16 --cpu-load 94 --timeout 60s --quiet,47,5/15/2026,22:54:40,47.25,2.16,307.5
stress-ng --cpu 16 --cpu-load 94 --timeout 60s --quiet,47,5/15/2026,22:54:41,47.25,2.16,308
stress-ng --cpu 16 --cpu-load 94 --timeout 60s --quiet,47,5/15/2026,22:54:42,47.22,2.15,308
stress-ng --cpu 16 --cpu-load 94 --timeout 60s --quiet,47,5/15/2026,22:54:43,47.18,2.15,310
stress-ng --cpu 16 --cpu-load 94 --timeout 60s --quiet,47,5/15/2026,22:54:44,47.24,2.15,308
stress-ng --cpu 16 --cpu-load 94 --timeout 60s --quiet,47,5/15/2026,22:54:45,47.17,2.16,310
stress-ng --cpu 16 --cpu-load 94 --timeout 60s --quiet,47,5/15/2026,22:54:46,47.17,2.16,310
stress-ng --cpu 16 --cpu-load 94 --timeout 60s --quiet,47,5/15/2026,22:54:47,47.21,2.16,310
stress-ng --cpu 16 --cpu-load 94 --timeout 60s --quiet,47,5/15/2026,22:54:48,47.21,2.15,310
stress-ng --cpu 16 --cpu-load 96 --timeout 60s --quiet,48,5/14/2026,23:42:35,0.4,2.19,145
stress-ng --cpu 16 --cpu-load 96 --timeout 60s --quiet,48,5/14/2026,23:42:36,47.95,2.24,291
stress-ng --cpu 16 --cpu-load 96 --timeout 60s --quiet,48,5/14/2026,23:42:37,48.17,2.24,297
stress-ng --cpu 16 --cpu-load 96 --timeout 60s --quiet,48,5/14/2026,23:42:38,48.2,2.23,293
stress-ng --cpu 16 --cpu-load 96 --timeout 60s --quiet,48,5/14/2026,23:42:39,48.25,2.25,296
stress-ng --cpu 16 --cpu-load 96 --timeout 60s --quiet,48,5/14/2026,23:42:40,48.2,2.24,299
stress-ng --cpu 16 --cpu-load 96 --timeout 60s --quiet,48,5/14/2026,23:42:41,48.17,2.24,298
stress-ng --cpu 16 --cpu-load 96 --timeout 60s --quiet,48,5/14/2026,23:42:42,48.23,2.24,300
stress-ng --cpu 16 --cpu-load 96 --timeout 60s --quiet,48,5/14/2026,23:42:43,48.19,2.25,300
stress-ng --cpu 16 --cpu-load 96 --timeout 60s --quiet,48,5/14/2026,23:42:44,48.23,2.24,301
stress-ng --cpu 16 --cpu-load 96 --timeout 60s --quiet,48,5/14/2026,23:42:45,48.23,2.24,301
stress-ng --cpu 16 --cpu-load 96 --timeout 60s --quiet,48,5/14/2026,23:42:46,48.23,2.24,302
stress-ng --cpu 16 --cpu-load 96 --timeout 60s --quiet,48,5/14/2026,23:42:47,48.22,2.24,301
stress-ng --cpu 16 --cpu-load 96 --timeout 60s --quiet,48,5/14/2026,23:42:48,48.22,2.24,301
stress-ng --cpu 16 --cpu-load 96 --timeout 60s --quiet,48,5/14/2026,23:42:49,48.22,2.24,303
stress-ng --cpu 16 --cpu-load 96 --timeout 60s --quiet,48,5/14/2026,23:42:50,48.17,2.24,302
stress-ng --cpu 16 --cpu-load 96 --timeout 60s --quiet,48,5/14/2026,23:42:51,48.17,2.22,302
stress-ng --cpu 16 --cpu-load 96 --timeout 60s --quiet,48,5/14/2026,23:42:52,48.55,2.23,304
stress-ng --cpu 16 --cpu-load 96 --timeout 60s --quiet,48,5/14/2026,23:42:53,48.23,2.23,307
stress-ng --cpu 16 --cpu-load 96 --timeout 60s --quiet,48,5/14/2026,23:42:54,48.2,2.23,308
stress-ng --cpu 16 --cpu-load 96 --timeout 60s --quiet,48,5/14/2026,23:42:55,48.25,2.22,302
stress-ng --cpu 16 --cpu-load 96 --timeout 60s --quiet,48,5/14/2026,23:42:56,48.22,2.22,304
stress-ng --cpu 16 --cpu-load 96 --timeout 60s --quiet,48,5/14/2026,23:42:57,48.22,2.21,304
stress-ng --cpu 16 --cpu-load 96 --timeout 60s --quiet,48,5/14/2026,23:42:58,48.25,2.21,305
stress-ng --cpu 16 --cpu-load 96 --timeout 60s --quiet,48,5/14/2026,23:42:59,48.23,2.21,306
stress-ng --cpu 16 --cpu-load 96 --timeout 60s --quiet,48,5/14/2026,23:43:00,48.17,2.21,304
stress-ng --cpu 16 --cpu-load 96 --timeout 60s --quiet,48,5/14/2026,23:43:01,48.17,2.21,300
stress-ng --cpu 16 --cpu-load 96 --timeout 60s --quiet,48,5/14/2026,23:43:02,48.22,2.2,306
stress-ng --cpu 16 --cpu-load 96 --timeout 60s --quiet,48,5/14/2026,23:43:03,48.36,2.2,306
stress-ng --cpu 16 --cpu-load 96 --timeout 60s --quiet,48,5/14/2026,23:43:04,48.19,2.2,307
stress-ng --cpu 16 --cpu-load 96 --timeout 60s --quiet,48,5/14/2026,23:43:05,48.22,2.2,307
stress-ng --cpu 16 --cpu-load 96 --timeout 60s --quiet,48,5/14/2026,23:43:06,48.23,2.2,314
stress-ng --cpu 16 --cpu-load 96 --timeout 60s --quiet,48,5/14/2026,23:43:07,48.25,2.2,308
stress-ng --cpu 16 --cpu-load 96 --timeout 60s --quiet,48,5/14/2026,23:43:08,48.2,2.2,309
stress-ng --cpu 16 --cpu-load 96 --timeout 60s --quiet,48,5/14/2026,23:43:09,48.18,2.2,308
stress-ng --cpu 16 --cpu-load 96 --timeout 60s --quiet,48,5/14/2026,23:43:10,48.22,2.2,307
stress-ng --cpu 16 --cpu-load 96 --timeout 60s --quiet,48,5/14/2026,23:43:11,48.22,2.2,308
stress-ng --cpu 16 --cpu-load 96 --timeout 60s --quiet,48,5/14/2026,23:43:12,48.2,2.2,309
stress-ng --cpu 16 --cpu-load 96 --timeout 60s --quiet,48,5/14/2026,23:43:13,48.23,2.2,309
stress-ng --cpu 16 --cpu-load 96 --timeout 60s --quiet,48,5/14/2026,23:43:14,48.16,2.19,308
stress-ng --cpu 16 --cpu-load 96 --timeout 60s --quiet,48,5/14/2026,23:43:15,48.22,2.2,308
stress-ng --cpu 16 --cpu-load 96 --timeout 60s --quiet,48,5/14/2026,23:43:16,48.14,2.2,309
stress-ng --cpu 16 --cpu-load 96 --timeout 60s --quiet,48,5/14/2026,23:43:17,48.34,2.18,304
stress-ng --cpu 16 --cpu-load 96 --timeout 60s --quiet,48,5/14/2026,23:43:18,48.22,2.18,311
stress-ng --cpu 16 --cpu-load 96 --timeout 60s --quiet,48,5/14/2026,23:43:19,48.19,2.18,311
stress-ng --cpu 16 --cpu-load 96 --timeout 60s --quiet,48,5/14/2026,23:43:20,48.25,2.17,310
stress-ng --cpu 16 --cpu-load 96 --timeout 60s --quiet,48,5/14/2026,23:43:21,48.18,2.17,310
stress-ng --cpu 16 --cpu-load 96 --timeout 60s --quiet,48,5/14/2026,23:43:22,48.2,2.17,309
stress-ng --cpu 16 --cpu-load 96 --timeout 60s --quiet,48,5/14/2026,23:43:23,48.2,2.16,313
stress-ng --cpu 16 --cpu-load 96 --timeout 60s --quiet,48,5/14/2026,23:43:24,48.22,2.17,313
stress-ng --cpu 16 --cpu-load 96 --timeout 60s --quiet,48,5/14/2026,23:43:25,48.22,2.17,315
stress-ng --cpu 16 --cpu-load 96 --timeout 60s --quiet,48,5/14/2026,23:43:26,48.2,2.17,313
stress-ng --cpu 16 --cpu-load 96 --timeout 60s --quiet,48,5/14/2026,23:43:27,48.2,2.17,314
stress-ng --cpu 16 --cpu-load 96 --timeout 60s --quiet,48,5/14/2026,23:43:28,48.21,2.175,308
stress-ng --cpu 16 --cpu-load 96 --timeout 60s --quiet,48,5/14/2026,23:43:29,48.22,2.18,312
stress-ng --cpu 16 --cpu-load 96 --timeout 60s --quiet,48,5/14/2026,23:43:30,48.25,2.17,316
stress-ng --cpu 16 --cpu-load 96 --timeout 60s --quiet,48,5/14/2026,23:43:31,48.19,2.17,314
stress-ng --cpu 16 --cpu-load 96 --timeout 60s --quiet,48,5/14/2026,23:43:32,48.2,2.17,314
stress-ng --cpu 16 --cpu-load 96 --timeout 60s --quiet,48,5/14/2026,23:43:33,48.19,2.18,314.5
stress-ng --cpu 16 --cpu-load 96 --timeout 60s --quiet,48,5/14/2026,23:43:34,48.22,2.17,315
stress-ng --cpu 16 --cpu-load 96 --timeout 60s --quiet,48,5/14/2026,23:43:35,46.85,2.09,314
stress-ng --cpu 16 --cpu-load 96 --timeout 60s --quiet,48,5/15/2026,10:38:04,0.15,2.13,131
stress-ng --cpu 16 --cpu-load 96 --timeout 60s --quiet,48,5/15/2026,10:38:05,35.23,2.23,291
stress-ng --cpu 16 --cpu-load 96 --timeout 60s --quiet,48,5/15/2026,10:38:06,48.27,2.23,291.5
stress-ng --cpu 16 --cpu-load 96 --timeout 60s --quiet,48,5/15/2026,10:38:07,48.22,2.22,292
stress-ng --cpu 16 --cpu-load 96 --timeout 60s --quiet,48,5/15/2026,10:38:08,48.23,2.22,294
stress-ng --cpu 16 --cpu-load 96 --timeout 60s --quiet,48,5/15/2026,10:38:09,48.23,2.22,297
stress-ng --cpu 16 --cpu-load 96 --timeout 60s --quiet,48,5/15/2026,10:38:10,48.2,2.22,295
stress-ng --cpu 16 --cpu-load 96 --timeout 60s --quiet,48,5/15/2026,10:38:11,48.16,2.22,294
stress-ng --cpu 16 --cpu-load 96 --timeout 60s --quiet,48,5/15/2026,10:38:12,48.2,2.22,294
stress-ng --cpu 16 --cpu-load 96 --timeout 60s --quiet,48,5/15/2026,10:38:13,48.21,2.21,295
stress-ng --cpu 16 --cpu-load 96 --timeout 60s --quiet,48,5/15/2026,10:38:14,48.2,2.21,291
stress-ng --cpu 16 --cpu-load 96 --timeout 60s --quiet,48,5/15/2026,10:38:15,48.22,2.21,293.5
stress-ng --cpu 16 --cpu-load 96 --timeout 60s --quiet,48,5/15/2026,10:38:16,48.17,2.2,296
stress-ng --cpu 16 --cpu-load 96 --timeout 60s --quiet,48,5/15/2026,10:38:17,48.25,2.19,296
stress-ng --cpu 16 --cpu-load 96 --timeout 60s --quiet,48,5/15/2026,10:38:18,48.19,2.2,296
stress-ng --cpu 16 --cpu-load 96 --timeout 60s --quiet,48,5/15/2026,10:38:19,48.12,2.19,301
stress-ng --cpu 16 --cpu-load 96 --timeout 60s --quiet,48,5/15/2026,10:38:20,48.22,2.19,297
stress-ng --cpu 16 --cpu-load 96 --timeout 60s --quiet,48,5/15/2026,10:38:21,48.23,2.19,296
stress-ng --cpu 16 --cpu-load 96 --timeout 60s --quiet,48,5/15/2026,10:38:22,48.26,2.19,298
stress-ng --cpu 16 --cpu-load 96 --timeout 60s --quiet,48,5/15/2026,10:38:23,48.2,2.18,300
stress-ng --cpu 16 --cpu-load 96 --timeout 60s --quiet,48,5/15/2026,10:38:24,48.23,2.18,297
stress-ng --cpu 16 --cpu-load 96 --timeout 60s --quiet,48,5/15/2026,10:38:25,48.17,2.18,300
stress-ng --cpu 16 --cpu-load 96 --timeout 60s --quiet,48,5/15/2026,10:38:26,48.22,2.18,300
stress-ng --cpu 16 --cpu-load 96 --timeout 60s --quiet,48,5/15/2026,10:38:27,48.23,2.18,299
stress-ng --cpu 16 --cpu-load 96 --timeout 60s --quiet,48,5/15/2026,10:38:28,48.22,2.18,300
stress-ng --cpu 16 --cpu-load 96 --timeout 60s --quiet,48,5/15/2026,10:38:29,48.23,2.18,300
stress-ng --cpu 16 --cpu-load 96 --timeout 60s --quiet,48,5/15/2026,10:38:30,48.19,2.17,300
stress-ng --cpu 16 --cpu-load 96 --timeout 60s --quiet,48,5/15/2026,10:38:31,48.2,2.17,298
stress-ng --cpu 16 --cpu-load 96 --timeout 60s --quiet,48,5/15/2026,10:38:32,48.23,2.17,301
stress-ng --cpu 16 --cpu-load 96 --timeout 60s --quiet,48,5/15/2026,10:38:33,48.22,2.17,302
stress-ng --cpu 16 --cpu-load 96 --timeout 60s --quiet,48,5/15/2026,10:38:34,48.22,2.17,303
stress-ng --cpu 16 --cpu-load 96 --timeout 60s --quiet,48,5/15/2026,10:38:35,48.22,2.17,302
stress-ng --cpu 16 --cpu-load 96 --timeout 60s --quiet,48,5/15/2026,10:38:36,48.2,2.17,303
stress-ng --cpu 16 --cpu-load 96 --timeout 60s --quiet,48,5/15/2026,10:38:37,48.25,2.17,303
stress-ng --cpu 16 --cpu-load 96 --timeout 60s --quiet,48,5/15/2026,10:38:38,48.23,2.17,304
stress-ng --cpu 16 --cpu-load 96 --timeout 60s --quiet,48,5/15/2026,10:38:39,48.16,2.17,302.5
stress-ng --cpu 16 --cpu-load 96 --timeout 60s --quiet,48,5/15/2026,10:38:40,48.135,2.17,301
stress-ng --cpu 16 --cpu-load 96 --timeout 60s --quiet,48,5/15/2026,10:38:41,48.11,2.17,302.5
stress-ng --cpu 16 --cpu-load 96 --timeout 60s --quiet,48,5/15/2026,10:38:42,48.22,2.17,304
stress-ng --cpu 16 --cpu-load 96 --timeout 60s --quiet,48,5/15/2026,10:38:43,48.27,2.17,304
stress-ng --cpu 16 --cpu-load 96 --timeout 60s --quiet,48,5/15/2026,10:38:44,48.25,2.17,305
stress-ng --cpu 16 --cpu-load 96 --timeout 60s --quiet,48,5/15/2026,10:38:45,48.25,2.17,305
stress-ng --cpu 16 --cpu-load 96 --timeout 60s --quiet,48,5/15/2026,10:38:46,48.16,2.17,305
stress-ng --cpu 16 --cpu-load 96 --timeout 60s --quiet,48,5/15/2026,10:38:47,48.25,2.18,306
stress-ng --cpu 16 --cpu-load 96 --timeout 60s --quiet,48,5/15/2026,10:38:48,48.27,2.18,305
stress-ng --cpu 16 --cpu-load 96 --timeout 60s --quiet,48,5/15/2026,10:38:49,48.2,2.18,310
stress-ng --cpu 16 --cpu-load 96 --timeout 60s --quiet,48,5/15/2026,10:38:50,48.19,2.18,305
stress-ng --cpu 16 --cpu-load 96 --timeout 60s --quiet,48,5/15/2026,10:38:51,48.25,2.18,307
stress-ng --cpu 16 --cpu-load 96 --timeout 60s --quiet,48,5/15/2026,10:38:52,48.2,2.18,303
stress-ng --cpu 16 --cpu-load 96 --timeout 60s --quiet,48,5/15/2026,10:38:53,48.23,2.18,308
stress-ng --cpu 16 --cpu-load 96 --timeout 60s --quiet,48,5/15/2026,10:38:54,48.25,2.16,308
stress-ng --cpu 16 --cpu-load 96 --timeout 60s --quiet,48,5/15/2026,10:38:55,48.19,2.16,308
stress-ng --cpu 16 --cpu-load 96 --timeout 60s --quiet,48,5/15/2026,10:38:56,48.2,2.16,308
stress-ng --cpu 16 --cpu-load 96 --timeout 60s --quiet,48,5/15/2026,10:38:57,48.2,2.16,307
stress-ng --cpu 16 --cpu-load 96 --timeout 60s --quiet,48,5/15/2026,10:38:58,48.22,2.16,309
stress-ng --cpu 16 --cpu-load 96 --timeout 60s --quiet,48,5/15/2026,10:38:59,48.22,2.16,310
stress-ng --cpu 16 --cpu-load 96 --timeout 60s --quiet,48,5/15/2026,10:39:00,48.2,2.16,310
stress-ng --cpu 16 --cpu-load 96 --timeout 60s --quiet,48,5/15/2026,10:39:01,48.24,2.15,310
stress-ng --cpu 16 --cpu-load 96 --timeout 60s --quiet,48,5/15/2026,10:39:02,48.2,2.15,309
stress-ng --cpu 16 --cpu-load 96 --timeout 60s --quiet,48,5/15/2026,10:39:03,48.37,2.15,311
stress-ng --cpu 16 --cpu-load 96 --timeout 60s --quiet,48,5/15/2026,10:39:04,48.22,2.15,311
stress-ng --cpu 16 --cpu-load 96 --timeout 60s --quiet,48,5/15/2026,23:01:48,0.15,2.11,122
stress-ng --cpu 16 --cpu-load 96 --timeout 60s --quiet,48,5/15/2026,23:01:49,29.76,2.22,202
stress-ng --cpu 16 --cpu-load 96 --timeout 60s --quiet,48,5/15/2026,23:01:50,48.22,2.21,282
stress-ng --cpu 16 --cpu-load 96 --timeout 60s --quiet,48,5/15/2026,23:01:51,48.25,2.22,286
stress-ng --cpu 16 --cpu-load 96 --timeout 60s --quiet,48,5/15/2026,23:01:52,48.24,2.22,287
stress-ng --cpu 16 --cpu-load 96 --timeout 60s --quiet,48,5/15/2026,23:01:53,48.25,2.22,289
stress-ng --cpu 16 --cpu-load 96 --timeout 60s --quiet,48,5/15/2026,23:01:54,48.2,2.22,290
stress-ng --cpu 16 --cpu-load 96 --timeout 60s --quiet,48,5/15/2026,23:01:55,48.17,2.22,287
stress-ng --cpu 16 --cpu-load 96 --timeout 60s --quiet,48,5/15/2026,23:01:56,48.25,2.23,288
stress-ng --cpu 16 --cpu-load 96 --timeout 60s --quiet,48,5/15/2026,23:01:57,48.15,2.22,291
stress-ng --cpu 16 --cpu-load 96 --timeout 60s --quiet,48,5/15/2026,23:01:58,48.22,2.22,289
stress-ng --cpu 16 --cpu-load 96 --timeout 60s --quiet,48,5/15/2026,23:01:59,48.2,2.22,291
stress-ng --cpu 16 --cpu-load 96 --timeout 60s --quiet,48,5/15/2026,23:02:00,48.23,2.21,288
stress-ng --cpu 16 --cpu-load 96 --timeout 60s --quiet,48,5/15/2026,23:02:01,48.2,2.21,289
stress-ng --cpu 16 --cpu-load 96 --timeout 60s --quiet,48,5/15/2026,23:02:02,48.24,2.21,292
stress-ng --cpu 16 --cpu-load 96 --timeout 60s --quiet,48,5/15/2026,23:02:03,48.36,2.21,294
stress-ng --cpu 16 --cpu-load 96 --timeout 60s --quiet,48,5/15/2026,23:02:04,48.22,2.21,293
stress-ng --cpu 16 --cpu-load 96 --timeout 60s --quiet,48,5/15/2026,23:02:05,48.23,2.21,293
stress-ng --cpu 16 --cpu-load 96 --timeout 60s --quiet,48,5/15/2026,23:02:06,48.28,2.21,293
stress-ng --cpu 16 --cpu-load 96 --timeout 60s --quiet,48,5/15/2026,23:02:07,48.305,2.21,294
stress-ng --cpu 16 --cpu-load 96 --timeout 60s --quiet,48,5/15/2026,23:02:08,48.33,2.21,289
stress-ng --cpu 16 --cpu-load 96 --timeout 60s --quiet,48,5/15/2026,23:02:09,48.22,2.2,293
stress-ng --cpu 16 --cpu-load 96 --timeout 60s --quiet,48,5/15/2026,23:02:10,48.3,2.2,295
stress-ng --cpu 16 --cpu-load 96 --timeout 60s --quiet,48,5/15/2026,23:02:11,48.2,2.2,295
stress-ng --cpu 16 --cpu-load 96 --timeout 60s --quiet,48,5/15/2026,23:02:12,48.31,2.2,295
stress-ng --cpu 16 --cpu-load 96 --timeout 60s --quiet,48,5/15/2026,23:02:13,48.23,2.2,296
stress-ng --cpu 16 --cpu-load 96 --timeout 60s --quiet,48,5/15/2026,23:02:14,48.23,2.2,297
stress-ng --cpu 16 --cpu-load 96 --timeout 60s --quiet,48,5/15/2026,23:02:15,48.17,2.2,297
stress-ng --cpu 16 --cpu-load 96 --timeout 60s --quiet,48,5/15/2026,23:02:16,48.26,2.2,297
stress-ng --cpu 16 --cpu-load 96 --timeout 60s --quiet,48,5/15/2026,23:02:17,48.16,2.2,297
stress-ng --cpu 16 --cpu-load 96 --timeout 60s --quiet,48,5/15/2026,23:02:18,48.22,2.19,298
stress-ng --cpu 16 --cpu-load 96 --timeout 60s --quiet,48,5/15/2026,23:02:19,48.22,2.2,298
stress-ng --cpu 16 --cpu-load 96 --timeout 60s --quiet,48,5/15/2026,23:02:20,48.2,2.2,298
stress-ng --cpu 16 --cpu-load 96 --timeout 60s --quiet,48,5/15/2026,23:02:21,48.22,2.2,298
stress-ng --cpu 16 --cpu-load 96 --timeout 60s --quiet,48,5/15/2026,23:02:22,48.25,2.2,298
stress-ng --cpu 16 --cpu-load 96 --timeout 60s --quiet,48,5/15/2026,23:02:23,48.22,2.19,298
stress-ng --cpu 16 --cpu-load 96 --timeout 60s --quiet,48,5/15/2026,23:02:24,48.22,2.18,299
stress-ng --cpu 16 --cpu-load 96 --timeout 60s --quiet,48,5/15/2026,23:02:25,48.2,2.18,300
stress-ng --cpu 16 --cpu-load 96 --timeout 60s --quiet,48,5/15/2026,23:02:26,48.19,2.18,300
stress-ng --cpu 16 --cpu-load 96 --timeout 60s --quiet,48,5/15/2026,23:02:27,48.22,2.17,300
stress-ng --cpu 16 --cpu-load 96 --timeout 60s --quiet,48,5/15/2026,23:02:28,48.22,2.18,303
stress-ng --cpu 16 --cpu-load 96 --timeout 60s --quiet,48,5/15/2026,23:02:29,48.22,2.18,300
stress-ng --cpu 16 --cpu-load 96 --timeout 60s --quiet,48,5/15/2026,23:02:30,48.22,2.18,302
stress-ng --cpu 16 --cpu-load 96 --timeout 60s --quiet,48,5/15/2026,23:02:31,48.25,2.18,301
stress-ng --cpu 16 --cpu-load 96 --timeout 60s --quiet,48,5/15/2026,23:02:32,48.25,2.18,302
stress-ng --cpu 16 --cpu-load 96 --timeout 60s --quiet,48,5/15/2026,23:02:33,48.17,2.17,302
stress-ng --cpu 16 --cpu-load 96 --timeout 60s --quiet,48,5/15/2026,23:02:34,48.23,2.18,301
stress-ng --cpu 16 --cpu-load 96 --timeout 60s --quiet,48,5/15/2026,23:02:35,48.15,2.17,303
stress-ng --cpu 16 --cpu-load 96 --timeout 60s --quiet,48,5/15/2026,23:02:36,48.22,2.18,302
stress-ng --cpu 16 --cpu-load 96 --timeout 60s --quiet,48,5/15/2026,23:02:37,48.2,2.18,303
stress-ng --cpu 16 --cpu-load 96 --timeout 60s --quiet,48,5/15/2026,23:02:38,48.48,2.18,305
stress-ng --cpu 16 --cpu-load 96 --timeout 60s --quiet,48,5/15/2026,23:02:39,48.29,2.18,304
stress-ng --cpu 16 --cpu-load 96 --timeout 60s --quiet,48,5/15/2026,23:02:40,48.22,2.18,303.5
stress-ng --cpu 16 --cpu-load 96 --timeout 60s --quiet,48,5/15/2026,23:02:41,48.25,2.18,303
stress-ng --cpu 16 --cpu-load 96 --timeout 60s --quiet,48,5/15/2026,23:02:42,48.22,2.17,305
stress-ng --cpu 16 --cpu-load 96 --timeout 60s --quiet,48,5/15/2026,23:02:43,48.22,2.17,304
stress-ng --cpu 16 --cpu-load 96 --timeout 60s --quiet,48,5/15/2026,23:02:44,48.19,2.17,306
stress-ng --cpu 16 --cpu-load 96 --timeout 60s --quiet,48,5/15/2026,23:02:45,48.17,2.17,305
stress-ng --cpu 16 --cpu-load 96 --timeout 60s --quiet,48,5/15/2026,23:02:46,48.22,2.17,306
stress-ng --cpu 16 --cpu-load 96 --timeout 60s --quiet,48,5/15/2026,23:02:47,48.2,2.17,304
stress-ng --cpu 16 --cpu-load 96 --timeout 60s --quiet,48,5/15/2026,23:02:48,48.19,2.17,306
stress-ng --cpu 16 --cpu-load 96 --timeout 60s --quiet,48,5/15/2026,23:02:49,16.7,2.09,306
stress-ng --cpu 16 --cpu-load 98 --timeout 60s --quiet,49,5/14/2026,21:00:12,28.72,2.21,112
stress-ng --cpu 16 --cpu-load 98 --timeout 60s --quiet,49,5/14/2026,21:00:13,49.25,2.22,142
stress-ng --cpu 16 --cpu-load 98 --timeout 60s --quiet,49,5/14/2026,21:00:14,49.22,2.22,299
stress-ng --cpu 16 --cpu-load 98 --timeout 60s --quiet,49,5/14/2026,21:00:15,49.21,2.22,296
stress-ng --cpu 16 --cpu-load 98 --timeout 60s --quiet,49,5/14/2026,21:00:16,49.2,2.22,300
stress-ng --cpu 16 --cpu-load 98 --timeout 60s --quiet,49,5/14/2026,21:00:17,49.2,2.23,298
stress-ng --cpu 16 --cpu-load 98 --timeout 60s --quiet,49,5/14/2026,21:00:18,49.22,2.22,301
stress-ng --cpu 16 --cpu-load 98 --timeout 60s --quiet,49,5/14/2026,21:00:19,49.22,2.22,303
stress-ng --cpu 16 --cpu-load 98 --timeout 60s --quiet,49,5/14/2026,21:00:20,49.23,2.22,302
stress-ng --cpu 16 --cpu-load 98 --timeout 60s --quiet,49,5/14/2026,21:00:21,49.19,2.22,304
stress-ng --cpu 16 --cpu-load 98 --timeout 60s --quiet,49,5/14/2026,21:00:22,49.2,2.21,304
stress-ng --cpu 16 --cpu-load 98 --timeout 60s --quiet,49,5/14/2026,21:00:23,49.19,2.2,304
stress-ng --cpu 16 --cpu-load 98 --timeout 60s --quiet,49,5/14/2026,21:00:24,49.25,2.2,304
stress-ng --cpu 16 --cpu-load 98 --timeout 60s --quiet,49,5/14/2026,21:00:25,49.23,2.19,303
stress-ng --cpu 16 --cpu-load 98 --timeout 60s --quiet,49,5/14/2026,21:00:26,49.19,2.19,305
stress-ng --cpu 16 --cpu-load 98 --timeout 60s --quiet,49,5/14/2026,21:00:27,49.22,2.18,307
stress-ng --cpu 16 --cpu-load 98 --timeout 60s --quiet,49,5/14/2026,21:00:28,49.34,2.18,305
stress-ng --cpu 16 --cpu-load 98 --timeout 60s --quiet,49,5/14/2026,21:00:29,49.17,2.18,300
stress-ng --cpu 16 --cpu-load 98 --timeout 60s --quiet,49,5/14/2026,21:00:30,49.23,2.17,306
stress-ng --cpu 16 --cpu-load 98 --timeout 60s --quiet,49,5/14/2026,21:00:31,49.25,2.17,306
stress-ng --cpu 16 --cpu-load 98 --timeout 60s --quiet,49,5/14/2026,21:00:32,49.2,2.17,308
stress-ng --cpu 16 --cpu-load 98 --timeout 60s --quiet,49,5/14/2026,21:00:33,49.2,2.17,313
stress-ng --cpu 16 --cpu-load 98 --timeout 60s --quiet,49,5/14/2026,21:00:34,49.23,2.17,306
stress-ng --cpu 16 --cpu-load 98 --timeout 60s --quiet,49,5/14/2026,21:00:35,49.19,2.16,304
stress-ng --cpu 16 --cpu-load 98 --timeout 60s --quiet,49,5/14/2026,21:00:36,49.22,2.16,307
stress-ng --cpu 16 --cpu-load 98 --timeout 60s --quiet,49,5/14/2026,21:00:37,49.2,2.16,309
stress-ng --cpu 16 --cpu-load 98 --timeout 60s --quiet,49,5/14/2026,21:00:38,49.19,2.16,307
stress-ng --cpu 16 --cpu-load 98 --timeout 60s --quiet,49,5/14/2026,21:00:39,49.22,2.16,309
stress-ng --cpu 16 --cpu-load 98 --timeout 60s --quiet,49,5/14/2026,21:00:40,49.19,2.15,308
stress-ng --cpu 16 --cpu-load 98 --timeout 60s --quiet,49,5/14/2026,21:00:41,49.23,2.15,310
stress-ng --cpu 16 --cpu-load 98 --timeout 60s --quiet,49,5/14/2026,21:00:42,49.22,2.15,310
stress-ng --cpu 16 --cpu-load 98 --timeout 60s --quiet,49,5/14/2026,21:00:43,49.22,2.15,310
stress-ng --cpu 16 --cpu-load 98 --timeout 60s --quiet,49,5/14/2026,21:00:44,49.2,2.15,310
stress-ng --cpu 16 --cpu-load 98 --timeout 60s --quiet,49,5/14/2026,21:00:45,49.22,2.15,310
stress-ng --cpu 16 --cpu-load 98 --timeout 60s --quiet,49,5/14/2026,21:00:46,49.2,2.15,310
stress-ng --cpu 16 --cpu-load 98 --timeout 60s --quiet,49,5/14/2026,21:00:47,49.26,2.14,311
stress-ng --cpu 16 --cpu-load 98 --timeout 60s --quiet,49,5/14/2026,21:00:48,49.2,2.14,311
stress-ng --cpu 16 --cpu-load 98 --timeout 60s --quiet,49,5/14/2026,21:00:49,49.2,2.14,312
stress-ng --cpu 16 --cpu-load 98 --timeout 60s --quiet,49,5/14/2026,21:00:50,49.19,2.15,312
stress-ng --cpu 16 --cpu-load 98 --timeout 60s --quiet,49,5/14/2026,21:00:51,49.23,2.14,313
stress-ng --cpu 16 --cpu-load 98 --timeout 60s --quiet,49,5/14/2026,21:00:52,49.19,2.14,313
stress-ng --cpu 16 --cpu-load 98 --timeout 60s --quiet,49,5/14/2026,21:00:53,49.19,2.14,312
stress-ng --cpu 16 --cpu-load 98 --timeout 60s --quiet,49,5/14/2026,21:00:54,49.25,2.14,312
stress-ng --cpu 16 --cpu-load 98 --timeout 60s --quiet,49,5/14/2026,21:00:55,49.23,2.14,313
stress-ng --cpu 16 --cpu-load 98 --timeout 60s --quiet,49,5/14/2026,21:00:56,49.19,2.13,314
stress-ng --cpu 16 --cpu-load 98 --timeout 60s --quiet,49,5/14/2026,21:00:57,49.22,2.13,313
stress-ng --cpu 16 --cpu-load 98 --timeout 60s --quiet,49,5/14/2026,21:00:58,49.23,2.13,313
stress-ng --cpu 16 --cpu-load 98 --timeout 60s --quiet,49,5/14/2026,21:00:59,49.34,2.12,314
stress-ng --cpu 16 --cpu-load 98 --timeout 60s --quiet,49,5/14/2026,21:01:00,49.26,2.12,314
stress-ng --cpu 16 --cpu-load 98 --timeout 60s --quiet,49,5/14/2026,21:01:01,49.22,2.12,315
stress-ng --cpu 16 --cpu-load 98 --timeout 60s --quiet,49,5/14/2026,21:01:02,49.22,2.12,315
stress-ng --cpu 16 --cpu-load 98 --timeout 60s --quiet,49,5/14/2026,21:01:03,49.35,2.12,314
stress-ng --cpu 16 --cpu-load 98 --timeout 60s --quiet,49,5/14/2026,21:01:04,49.2,2.12,316
stress-ng --cpu 16 --cpu-load 98 --timeout 60s --quiet,49,5/14/2026,21:01:05,49.25,2.11,316
stress-ng --cpu 16 --cpu-load 98 --timeout 60s --quiet,49,5/14/2026,21:01:06,49.22,2.11,317
stress-ng --cpu 16 --cpu-load 98 --timeout 60s --quiet,49,5/14/2026,21:01:07,49.2,2.12,316
stress-ng --cpu 16 --cpu-load 98 --timeout 60s --quiet,49,5/14/2026,21:01:08,49.22,2.12,318
stress-ng --cpu 16 --cpu-load 98 --timeout 60s --quiet,49,5/14/2026,21:01:09,49.23,2.12,319
stress-ng --cpu 16 --cpu-load 98 --timeout 60s --quiet,49,5/14/2026,21:01:10,49.21,2.12,318
stress-ng --cpu 16 --cpu-load 98 --timeout 60s --quiet,49,5/14/2026,21:01:11,49.19,2.12,318
stress-ng --cpu 16 --cpu-load 98 --timeout 60s --quiet,49,5/14/2026,21:01:12,49.35,2.12,319
stress-ng --cpu 16 --cpu-load 98 --timeout 60s --quiet,49,5/15/2026,6:11:28,0.15,2.08,131
stress-ng --cpu 16 --cpu-load 98 --timeout 60s --quiet,49,5/15/2026,6:11:29,39.51,2.19,216
stress-ng --cpu 16 --cpu-load 98 --timeout 60s --quiet,49,5/15/2026,6:11:30,49.22,2.2,301
stress-ng --cpu 16 --cpu-load 98 --timeout 60s --quiet,49,5/15/2026,6:11:31,49.12,2.19,299
stress-ng --cpu 16 --cpu-load 98 --timeout 60s --quiet,49,5/15/2026,6:11:32,49.17,2.19,304
stress-ng --cpu 16 --cpu-load 98 --timeout 60s --quiet,49,5/15/2026,6:11:33,49.22,2.19,301
stress-ng --cpu 16 --cpu-load 98 --timeout 60s --quiet,49,5/15/2026,6:11:34,49.2,2.19,305
stress-ng --cpu 16 --cpu-load 98 --timeout 60s --quiet,49,5/15/2026,6:11:35,49.22,2.19,300
stress-ng --cpu 16 --cpu-load 98 --timeout 60s --quiet,49,5/15/2026,6:11:36,49.22,2.19,302
stress-ng --cpu 16 --cpu-load 98 --timeout 60s --quiet,49,5/15/2026,6:11:37,49.23,2.19,303
stress-ng --cpu 16 --cpu-load 98 --timeout 60s --quiet,49,5/15/2026,6:11:38,49.23,2.19,301
stress-ng --cpu 16 --cpu-load 98 --timeout 60s --quiet,49,5/15/2026,6:11:39,49.19,2.19,300
stress-ng --cpu 16 --cpu-load 98 --timeout 60s --quiet,49,5/15/2026,6:11:40,49.22,2.19,308
stress-ng --cpu 16 --cpu-load 98 --timeout 60s --quiet,49,5/15/2026,6:11:41,49.22,2.18,303
stress-ng --cpu 16 --cpu-load 98 --timeout 60s --quiet,49,5/15/2026,6:11:42,49.19,2.18,303
stress-ng --cpu 16 --cpu-load 98 --timeout 60s --quiet,49,5/15/2026,6:11:43,49.32,2.18,303
stress-ng --cpu 16 --cpu-load 98 --timeout 60s --quiet,49,5/15/2026,6:11:44,49.29,2.18,303
stress-ng --cpu 16 --cpu-load 98 --timeout 60s --quiet,49,5/15/2026,6:11:45,49.23,2.18,303
stress-ng --cpu 16 --cpu-load 98 --timeout 60s --quiet,49,5/15/2026,6:11:46,49.23,2.18,303
stress-ng --cpu 16 --cpu-load 98 --timeout 60s --quiet,49,5/15/2026,6:11:47,49.23,2.18,301
stress-ng --cpu 16 --cpu-load 98 --timeout 60s --quiet,49,5/15/2026,6:11:48,49.22,2.17,304
stress-ng --cpu 16 --cpu-load 98 --timeout 60s --quiet,49,5/15/2026,6:11:49,49.23,2.17,305
stress-ng --cpu 16 --cpu-load 98 --timeout 60s --quiet,49,5/15/2026,6:11:50,49.2,2.17,305
stress-ng --cpu 16 --cpu-load 98 --timeout 60s --quiet,49,5/15/2026,6:11:51,49.22,2.16,306
stress-ng --cpu 16 --cpu-load 98 --timeout 60s --quiet,49,5/15/2026,6:11:52,49.22,2.16,307
stress-ng --cpu 16 --cpu-load 98 --timeout 60s --quiet,49,5/15/2026,6:11:53,49.2,2.16,305
stress-ng --cpu 16 --cpu-load 98 --timeout 60s --quiet,49,5/15/2026,6:11:54,49.17,2.16,308
stress-ng --cpu 16 --cpu-load 98 --timeout 60s --quiet,49,5/15/2026,6:11:55,49.22,2.16,307.5
stress-ng --cpu 16 --cpu-load 98 --timeout 60s --quiet,49,5/15/2026,6:11:56,49.22,2.16,307
stress-ng --cpu 16 --cpu-load 98 --timeout 60s --quiet,49,5/15/2026,6:11:57,49.22,2.16,307
stress-ng --cpu 16 --cpu-load 98 --timeout 60s --quiet,49,5/15/2026,6:11:58,49.19,2.16,308
stress-ng --cpu 16 --cpu-load 98 --timeout 60s --quiet,49,5/15/2026,6:11:59,49.25,2.16,314
stress-ng --cpu 16 --cpu-load 98 --timeout 60s --quiet,49,5/15/2026,6:12:00,49.22,2.15,314
stress-ng --cpu 16 --cpu-load 98 --timeout 60s --quiet,49,5/15/2026,6:12:01,49.19,2.16,310
stress-ng --cpu 16 --cpu-load 98 --timeout 60s --quiet,49,5/15/2026,6:12:02,49.25,2.15,309
stress-ng --cpu 16 --cpu-load 98 --timeout 60s --quiet,49,5/15/2026,6:12:03,49.34,2.15,309
stress-ng --cpu 16 --cpu-load 98 --timeout 60s --quiet,49,5/15/2026,6:12:04,49.22,2.13,310
stress-ng --cpu 16 --cpu-load 98 --timeout 60s --quiet,49,5/15/2026,6:12:05,49.25,2.13,310
stress-ng --cpu 16 --cpu-load 98 --timeout 60s --quiet,49,5/15/2026,6:12:06,49.22,2.13,310
stress-ng --cpu 16 --cpu-load 98 --timeout 60s --quiet,49,5/15/2026,6:12:07,49.2,2.13,310
stress-ng --cpu 16 --cpu-load 98 --timeout 60s --quiet,49,5/15/2026,6:12:08,49.2,2.13,311
stress-ng --cpu 16 --cpu-load 98 --timeout 60s --quiet,49,5/15/2026,6:12:09,49.2,2.14,312
stress-ng --cpu 16 --cpu-load 98 --timeout 60s --quiet,49,5/15/2026,6:12:10,49.2,2.14,311
stress-ng --cpu 16 --cpu-load 98 --timeout 60s --quiet,49,5/15/2026,6:12:11,49.34,2.14,313
stress-ng --cpu 16 --cpu-load 98 --timeout 60s --quiet,49,5/15/2026,6:12:12,49.22,2.14,312
stress-ng --cpu 16 --cpu-load 98 --timeout 60s --quiet,49,5/15/2026,6:12:13,49.22,2.13,312
stress-ng --cpu 16 --cpu-load 98 --timeout 60s --quiet,49,5/15/2026,6:12:14,49.22,2.13,311
stress-ng --cpu 16 --cpu-load 98 --timeout 60s --quiet,49,5/15/2026,6:12:15,49.23,2.13,313
stress-ng --cpu 16 --cpu-load 98 --timeout 60s --quiet,49,5/15/2026,6:12:16,49.2,2.13,312
stress-ng --cpu 16 --cpu-load 98 --timeout 60s --quiet,49,5/15/2026,6:12:17,49.22,2.13,314
stress-ng --cpu 16 --cpu-load 98 --timeout 60s --quiet,49,5/15/2026,6:12:18,49.23,2.13,313
stress-ng --cpu 16 --cpu-load 98 --timeout 60s --quiet,49,5/15/2026,6:12:19,49.23,2.135,314
stress-ng --cpu 16 --cpu-load 98 --timeout 60s --quiet,49,5/15/2026,6:12:20,49.23,2.14,313.5
stress-ng --cpu 16 --cpu-load 98 --timeout 60s --quiet,49,5/15/2026,6:12:21,49.25,2.14,313
stress-ng --cpu 16 --cpu-load 98 --timeout 60s --quiet,49,5/15/2026,6:12:22,49.17,2.14,315
stress-ng --cpu 16 --cpu-load 98 --timeout 60s --quiet,49,5/15/2026,6:12:23,49.17,2.14,315
stress-ng --cpu 16 --cpu-load 98 --timeout 60s --quiet,49,5/15/2026,6:12:24,49.25,2.14,314
stress-ng --cpu 16 --cpu-load 98 --timeout 60s --quiet,49,5/15/2026,6:12:25,49.17,2.13,316
stress-ng --cpu 16 --cpu-load 98 --timeout 60s --quiet,49,5/15/2026,6:12:26,49.19,2.13,315
stress-ng --cpu 16 --cpu-load 98 --timeout 60s --quiet,49,5/15/2026,6:12:27,49.22,2.13,316
stress-ng --cpu 16 --cpu-load 98 --timeout 60s --quiet,49,5/15/2026,6:12:28,49.2,2.13,317
stress-ng --cpu 16 --cpu-load 98 --timeout 60s --quiet,49,5/15/2026,20:29:28,15.39,2.25,125
stress-ng --cpu 16 --cpu-load 98 --timeout 60s --quiet,49,5/15/2026,20:29:29,49.17,2.25,300
stress-ng --cpu 16 --cpu-load 98 --timeout 60s --quiet,49,5/15/2026,20:29:30,49.23,2.25,301
stress-ng --cpu 16 --cpu-load 98 --timeout 60s --quiet,49,5/15/2026,20:29:31,49.18,2.25,305
stress-ng --cpu 16 --cpu-load 98 --timeout 60s --quiet,49,5/15/2026,20:29:32,49.23,2.24,304
stress-ng --cpu 16 --cpu-load 98 --timeout 60s --quiet,49,5/15/2026,20:29:33,49.17,2.24,306
stress-ng --cpu 16 --cpu-load 98 --timeout 60s --quiet,49,5/15/2026,20:29:34,49.25,2.24,303
stress-ng --cpu 16 --cpu-load 98 --timeout 60s --quiet,49,5/15/2026,20:29:35,49.25,2.24,300
stress-ng --cpu 16 --cpu-load 98 --timeout 60s --quiet,49,5/15/2026,20:29:36,49.225,2.235,298
stress-ng --cpu 16 --cpu-load 98 --timeout 60s --quiet,49,5/15/2026,20:29:37,49.2,2.23,301
stress-ng --cpu 16 --cpu-load 98 --timeout 60s --quiet,49,5/15/2026,20:29:38,49.2,2.25,300
stress-ng --cpu 16 --cpu-load 98 --timeout 60s --quiet,49,5/15/2026,20:29:39,49.26,2.24,302
stress-ng --cpu 16 --cpu-load 98 --timeout 60s --quiet,49,5/15/2026,20:29:40,49.22,2.24,301
stress-ng --cpu 16 --cpu-load 98 --timeout 60s --quiet,49,5/15/2026,20:29:41,49.2,2.23,301
stress-ng --cpu 16 --cpu-load 98 --timeout 60s --quiet,49,5/15/2026,20:29:42,49.23,2.23,302
stress-ng --cpu 16 --cpu-load 98 --timeout 60s --quiet,49,5/15/2026,20:29:43,49.25,2.23,302
stress-ng --cpu 16 --cpu-load 98 --timeout 60s --quiet,49,5/15/2026,20:29:44,49.19,2.21,302
stress-ng --cpu 16 --cpu-load 98 --timeout 60s --quiet,49,5/15/2026,20:29:45,49.23,2.2,303
stress-ng --cpu 16 --cpu-load 98 --timeout 60s --quiet,49,5/15/2026,20:29:46,49.2,2.21,302
stress-ng --cpu 16 --cpu-load 98 --timeout 60s --quiet,49,5/15/2026,20:29:47,49.23,2.21,302
stress-ng --cpu 16 --cpu-load 98 --timeout 60s --quiet,49,5/15/2026,20:29:48,49.23,2.21,304
stress-ng --cpu 16 --cpu-load 98 --timeout 60s --quiet,49,5/15/2026,20:29:49,49.2,2.21,302
stress-ng --cpu 16 --cpu-load 98 --timeout 60s --quiet,49,5/15/2026,20:29:50,49.23,2.22,303
stress-ng --cpu 16 --cpu-load 98 --timeout 60s --quiet,49,5/15/2026,20:29:51,49.25,2.21,304
stress-ng --cpu 16 --cpu-load 98 --timeout 60s --quiet,49,5/15/2026,20:29:52,49.18,2.2,304
stress-ng --cpu 16 --cpu-load 98 --timeout 60s --quiet,49,5/15/2026,20:29:53,49.25,2.19,305
stress-ng --cpu 16 --cpu-load 98 --timeout 60s --quiet,49,5/15/2026,20:29:54,49.22,2.19,305
stress-ng --cpu 16 --cpu-load 98 --timeout 60s --quiet,49,5/15/2026,20:29:55,49.17,2.19,305
stress-ng --cpu 16 --cpu-load 98 --timeout 60s --quiet,49,5/15/2026,20:29:56,49.17,2.19,306
stress-ng --cpu 16 --cpu-load 98 --timeout 60s --quiet,49,5/15/2026,20:29:57,49.22,2.19,305
stress-ng --cpu 16 --cpu-load 98 --timeout 60s --quiet,49,5/15/2026,20:29:58,49.17,2.19,307
stress-ng --cpu 16 --cpu-load 98 --timeout 60s --quiet,49,5/15/2026,20:29:59,49.22,2.19,307
stress-ng --cpu 16 --cpu-load 98 --timeout 60s --quiet,49,5/15/2026,20:30:00,49.2,2.2,308
stress-ng --cpu 16 --cpu-load 98 --timeout 60s --quiet,49,5/15/2026,20:30:01,49.23,2.2,307
stress-ng --cpu 16 --cpu-load 98 --timeout 60s --quiet,49,5/15/2026,20:30:02,49.22,2.2,307
stress-ng --cpu 16 --cpu-load 98 --timeout 60s --quiet,49,5/15/2026,20:30:03,49.37,2.2,307
stress-ng --cpu 16 --cpu-load 98 --timeout 60s --quiet,49,5/15/2026,20:30:04,49.19,2.2,304
stress-ng --cpu 16 --cpu-load 98 --timeout 60s --quiet,49,5/15/2026,20:30:05,49.22,2.18,308
stress-ng --cpu 16 --cpu-load 98 --timeout 60s --quiet,49,5/15/2026,20:30:06,49.25,2.18,309
stress-ng --cpu 16 --cpu-load 98 --timeout 60s --quiet,49,5/15/2026,20:30:07,49.17,2.18,310
stress-ng --cpu 16 --cpu-load 98 --timeout 60s --quiet,49,5/15/2026,20:30:08,49.25,2.18,310
stress-ng --cpu 16 --cpu-load 98 --timeout 60s --quiet,49,5/15/2026,20:30:09,49.19,2.17,310
stress-ng --cpu 16 --cpu-load 98 --timeout 60s --quiet,49,5/15/2026,20:30:10,49.22,2.18,311
stress-ng --cpu 16 --cpu-load 98 --timeout 60s --quiet,49,5/15/2026,20:30:11,49.23,2.17,312
stress-ng --cpu 16 --cpu-load 98 --timeout 60s --quiet,49,5/15/2026,20:30:12,49.17,2.17,310
stress-ng --cpu 16 --cpu-load 98 --timeout 60s --quiet,49,5/15/2026,20:30:13,49.2,2.17,311
stress-ng --cpu 16 --cpu-load 98 --timeout 60s --quiet,49,5/15/2026,20:30:14,49.39,2.17,312
stress-ng --cpu 16 --cpu-load 98 --timeout 60s --quiet,49,5/15/2026,20:30:15,49.22,2.18,314
stress-ng --cpu 16 --cpu-load 98 --timeout 60s --quiet,49,5/15/2026,20:30:16,49.25,2.17,313
stress-ng --cpu 16 --cpu-load 98 --timeout 60s --quiet,49,5/15/2026,20:30:17,49.22,2.17,312
stress-ng --cpu 16 --cpu-load 98 --timeout 60s --quiet,49,5/15/2026,20:30:18,49.25,2.17,312.5
stress-ng --cpu 16 --cpu-load 98 --timeout 60s --quiet,49,5/15/2026,20:30:19,49.2,2.16,313
stress-ng --cpu 16 --cpu-load 98 --timeout 60s --quiet,49,5/15/2026,20:30:20,49.2,2.16,313
stress-ng --cpu 16 --cpu-load 98 --timeout 60s --quiet,49,5/15/2026,20:30:21,49.23,2.16,310
stress-ng --cpu 16 --cpu-load 98 --timeout 60s --quiet,49,5/15/2026,20:30:22,49.14,2.16,312
stress-ng --cpu 16 --cpu-load 98 --timeout 60s --quiet,49,5/15/2026,20:30:23,49.22,2.16,314
stress-ng --cpu 16 --cpu-load 98 --timeout 60s --quiet,49,5/15/2026,20:30:24,49.17,2.16,314
stress-ng --cpu 16 --cpu-load 98 --timeout 60s --quiet,49,5/15/2026,20:30:25,49.22,2.16,314
stress-ng --cpu 16 --cpu-load 98 --timeout 60s --quiet,49,5/15/2026,20:30:26,49.19,2.17,316
stress-ng --cpu 16 --cpu-load 98 --timeout 60s --quiet,49,5/15/2026,20:30:27,49.34,2.17,315
stress-ng --cpu 16 --cpu-load 98 --timeout 60s --quiet,49,5/15/2026,20:30:28,29.75,2.09,315
stress-ng --cpu 16 --cpu-load 100 --timeout 60s --quiet,50,5/14/2026,22:30:26,16.64,2.22,120
stress-ng --cpu 16 --cpu-load 100 --timeout 60s --quiet,50,5/14/2026,22:30:27,33.445,2.225,266
stress-ng --cpu 16 --cpu-load 100 --timeout 60s --quiet,50,5/14/2026,22:30:28,50.25,2.23,297
stress-ng --cpu 16 --cpu-load 100 --timeout 60s --quiet,50,5/14/2026,22:30:29,50.21,2.23,298
stress-ng --cpu 16 --cpu-load 100 --timeout 60s --quiet,50,5/14/2026,22:30:30,50.17,2.22,299
stress-ng --cpu 16 --cpu-load 100 --timeout 60s --quiet,50,5/14/2026,22:30:31,50.14,2.22,298
stress-ng --cpu 16 --cpu-load 100 --timeout 60s --quiet,50,5/14/2026,22:30:32,50.22,2.22,300
stress-ng --cpu 16 --cpu-load 100 --timeout 60s --quiet,50,5/14/2026,22:30:33,50.18,2.22,299
stress-ng --cpu 16 --cpu-load 100 --timeout 60s --quiet,50,5/14/2026,22:30:34,50.2,2.22,300.5
stress-ng --cpu 16 --cpu-load 100 --timeout 60s --quiet,50,5/14/2026,22:30:35,50.18,2.22,302
stress-ng --cpu 16 --cpu-load 100 --timeout 60s --quiet,50,5/14/2026,22:30:36,50.2,2.22,300
stress-ng --cpu 16 --cpu-load 100 --timeout 60s --quiet,50,5/14/2026,22:30:37,50.18,2.22,301
stress-ng --cpu 16 --cpu-load 100 --timeout 60s --quiet,50,5/14/2026,22:30:38,50.2,2.21,302
stress-ng --cpu 16 --cpu-load 100 --timeout 60s --quiet,50,5/14/2026,22:30:39,50.2,2.21,301
stress-ng --cpu 16 --cpu-load 100 --timeout 60s --quiet,50,5/14/2026,22:30:40,50.17,2.21,302
stress-ng --cpu 16 --cpu-load 100 --timeout 60s --quiet,50,5/14/2026,22:30:41,50.22,2.21,303
stress-ng --cpu 16 --cpu-load 100 --timeout 60s --quiet,50,5/14/2026,22:30:42,50.18,2.21,303
stress-ng --cpu 16 --cpu-load 100 --timeout 60s --quiet,50,5/14/2026,22:30:43,50.18,2.21,303
stress-ng --cpu 16 --cpu-load 100 --timeout 60s --quiet,50,5/14/2026,22:30:44,50.17,2.21,303
stress-ng --cpu 16 --cpu-load 100 --timeout 60s --quiet,50,5/14/2026,22:30:45,50.17,2.2,303
stress-ng --cpu 16 --cpu-load 100 --timeout 60s --quiet,50,5/14/2026,22:30:46,50.18,2.2,304
stress-ng --cpu 16 --cpu-load 100 --timeout 60s --quiet,50,5/14/2026,22:30:47,50.2,2.18,305
stress-ng --cpu 16 --cpu-load 100 --timeout 60s --quiet,50,5/14/2026,22:30:48,50.2,2.18,305
stress-ng --cpu 16 --cpu-load 100 --timeout 60s --quiet,50,5/14/2026,22:30:49,50.18,2.18,305
stress-ng --cpu 16 --cpu-load 100 --timeout 60s --quiet,50,5/14/2026,22:30:50,50.21,2.18,305
stress-ng --cpu 16 --cpu-load 100 --timeout 60s --quiet,50,5/14/2026,22:30:51,50.18,2.19,305
stress-ng --cpu 16 --cpu-load 100 --timeout 60s --quiet,50,5/14/2026,22:30:52,50.2,2.19,306
stress-ng --cpu 16 --cpu-load 100 --timeout 60s --quiet,50,5/14/2026,22:30:53,50.2,2.18,307
stress-ng --cpu 16 --cpu-load 100 --timeout 60s --quiet,50,5/14/2026,22:30:54,50.17,2.18,307
stress-ng --cpu 16 --cpu-load 100 --timeout 60s --quiet,50,5/14/2026,22:30:55,50.23,2.17,309
stress-ng --cpu 16 --cpu-load 100 --timeout 60s --quiet,50,5/14/2026,22:30:56,50.18,2.18,308
stress-ng --cpu 16 --cpu-load 100 --timeout 60s --quiet,50,5/14/2026,22:30:57,50.17,2.17,307
stress-ng --cpu 16 --cpu-load 100 --timeout 60s --quiet,50,5/14/2026,22:30:58,50.23,2.18,308
stress-ng --cpu 16 --cpu-load 100 --timeout 60s --quiet,50,5/14/2026,22:30:59,50.15,2.18,309
stress-ng --cpu 16 --cpu-load 100 --timeout 60s --quiet,50,5/14/2026,22:31:00,50.18,2.18,310
stress-ng --cpu 16 --cpu-load 100 --timeout 60s --quiet,50,5/14/2026,22:31:01,50.2,2.18,309
stress-ng --cpu 16 --cpu-load 100 --timeout 60s --quiet,50,5/14/2026,22:31:02,50.2,2.18,310
stress-ng --cpu 16 --cpu-load 100 --timeout 60s --quiet,50,5/14/2026,22:31:03,50.29,2.18,309
stress-ng --cpu 16 --cpu-load 100 --timeout 60s --quiet,50,5/14/2026,22:31:04,50.18,2.18,310
stress-ng --cpu 16 --cpu-load 100 --timeout 60s --quiet,50,5/14/2026,22:31:05,50.18,2.17,309
stress-ng --cpu 16 --cpu-load 100 --timeout 60s --quiet,50,5/14/2026,22:31:06,50.2,2.17,309
stress-ng --cpu 16 --cpu-load 100 --timeout 60s --quiet,50,5/14/2026,22:31:07,50.18,2.16,311
stress-ng --cpu 16 --cpu-load 100 --timeout 60s --quiet,50,5/14/2026,22:31:08,50.2,2.16,310
stress-ng --cpu 16 --cpu-load 100 --timeout 60s --quiet,50,5/14/2026,22:31:09,50.18,2.16,311
stress-ng --cpu 16 --cpu-load 100 --timeout 60s --quiet,50,5/14/2026,22:31:10,50.17,2.16,312
stress-ng --cpu 16 --cpu-load 100 --timeout 60s --quiet,50,5/14/2026,22:31:11,50.21,2.17,313
stress-ng --cpu 16 --cpu-load 100 --timeout 60s --quiet,50,5/14/2026,22:31:12,50.18,2.16,313
stress-ng --cpu 16 --cpu-load 100 --timeout 60s --quiet,50,5/14/2026,22:31:13,50.2,2.16,312
stress-ng --cpu 16 --cpu-load 100 --timeout 60s --quiet,50,5/14/2026,22:31:14,50.2,2.17,313
stress-ng --cpu 16 --cpu-load 100 --timeout 60s --quiet,50,5/14/2026,22:31:15,50.2,2.17,314
stress-ng --cpu 16 --cpu-load 100 --timeout 60s --quiet,50,5/14/2026,22:31:16,50.18,2.17,314
stress-ng --cpu 16 --cpu-load 100 --timeout 60s --quiet,50,5/14/2026,22:31:17,50.2,2.17,313
stress-ng --cpu 16 --cpu-load 100 --timeout 60s --quiet,50,5/14/2026,22:31:18,50.2,2.17,315
stress-ng --cpu 16 --cpu-load 100 --timeout 60s --quiet,50,5/14/2026,22:31:19,50.2,2.18,315
stress-ng --cpu 16 --cpu-load 100 --timeout 60s --quiet,50,5/14/2026,22:31:20,50.18,2.18,314
stress-ng --cpu 16 --cpu-load 100 --timeout 60s --quiet,50,5/14/2026,22:31:21,50.21,2.18,315
stress-ng --cpu 16 --cpu-load 100 --timeout 60s --quiet,50,5/14/2026,22:31:22,50.31,2.18,315
stress-ng --cpu 16 --cpu-load 100 --timeout 60s --quiet,50,5/14/2026,22:31:23,50.14,2.18,315
stress-ng --cpu 16 --cpu-load 100 --timeout 60s --quiet,50,5/14/2026,22:31:24,50.155,2.18,315
stress-ng --cpu 16 --cpu-load 100 --timeout 60s --quiet,50,5/14/2026,22:31:25,50.17,2.18,316
stress-ng --cpu 16 --cpu-load 100 --timeout 60s --quiet,50,5/14/2026,22:31:26,50.28,2.18,316
stress-ng --cpu 16 --cpu-load 100 --timeout 60s --quiet,50,5/15/2026,4:59:17,0.15,2.08,129
stress-ng --cpu 16 --cpu-load 100 --timeout 60s --quiet,50,5/15/2026,4:59:18,45.55,2.18,213
stress-ng --cpu 16 --cpu-load 100 --timeout 60s --quiet,50,5/15/2026,4:59:19,50.21,2.19,297
stress-ng --cpu 16 --cpu-load 100 --timeout 60s --quiet,50,5/15/2026,4:59:20,50.18,2.19,300
stress-ng --cpu 16 --cpu-load 100 --timeout 60s --quiet,50,5/15/2026,4:59:21,50.2,2.19,301
stress-ng --cpu 16 --cpu-load 100 --timeout 60s --quiet,50,5/15/2026,4:59:22,50.18,2.19,301
stress-ng --cpu 16 --cpu-load 100 --timeout 60s --quiet,50,5/15/2026,4:59:23,50.18,2.19,301
stress-ng --cpu 16 --cpu-load 100 --timeout 60s --quiet,50,5/15/2026,4:59:24,50.22,2.19,302
stress-ng --cpu 16 --cpu-load 100 --timeout 60s --quiet,50,5/15/2026,4:59:25,50.14,2.19,302.5
stress-ng --cpu 16 --cpu-load 100 --timeout 60s --quiet,50,5/15/2026,4:59:26,50.09,2.19,303
stress-ng --cpu 16 --cpu-load 100 --timeout 60s --quiet,50,5/15/2026,4:59:27,50.18,2.19,303
stress-ng --cpu 16 --cpu-load 100 --timeout 60s --quiet,50,5/15/2026,4:59:28,50.18,2.18,303
stress-ng --cpu 16 --cpu-load 100 --timeout 60s --quiet,50,5/15/2026,4:59:29,50.18,2.18,304
stress-ng --cpu 16 --cpu-load 100 --timeout 60s --quiet,50,5/15/2026,4:59:30,50.2,2.18,304
stress-ng --cpu 16 --cpu-load 100 --timeout 60s --quiet,50,5/15/2026,4:59:31,50.21,2.18,304
stress-ng --cpu 16 --cpu-load 100 --timeout 60s --quiet,50,5/15/2026,4:59:32,50.17,2.18,304
stress-ng --cpu 16 --cpu-load 100 --timeout 60s --quiet,50,5/15/2026,4:59:33,50.2,2.18,304
stress-ng --cpu 16 --cpu-load 100 --timeout 60s --quiet,50,5/15/2026,4:59:34,50.21,2.18,304.3333333
stress-ng --cpu 16 --cpu-load 100 --timeout 60s --quiet,50,5/15/2026,4:59:35,50.12,2.18,304.6666667
stress-ng --cpu 16 --cpu-load 100 --timeout 60s --quiet,50,5/15/2026,4:59:36,50.26,2.18,305
stress-ng --cpu 16 --cpu-load 100 --timeout 60s --quiet,50,5/15/2026,4:59:37,50.15,2.17,305
stress-ng --cpu 16 --cpu-load 100 --timeout 60s --quiet,50,5/15/2026,4:59:38,50.15,2.17,305
stress-ng --cpu 16 --cpu-load 100 --timeout 60s --quiet,50,5/15/2026,4:59:39,50.09,2.17,305
stress-ng --cpu 16 --cpu-load 100 --timeout 60s --quiet,50,5/15/2026,4:59:40,50.09,2.17,305
stress-ng --cpu 16 --cpu-load 100 --timeout 60s --quiet,50,5/15/2026,4:59:41,50.09,2.17,305
stress-ng --cpu 16 --cpu-load 100 --timeout 60s --quiet,50,5/15/2026,4:59:42,50.17,2.17,305
stress-ng --cpu 16 --cpu-load 100 --timeout 60s --quiet,50,5/15/2026,4:59:43,50.09,2.17,305
stress-ng --cpu 16 --cpu-load 100 --timeout 60s --quiet,50,5/15/2026,4:59:44,50.12,2.17,305
stress-ng --cpu 16 --cpu-load 100 --timeout 60s --quiet,50,5/15/2026,4:59:45,50.12,2.16,305
stress-ng --cpu 16 --cpu-load 100 --timeout 60s --quiet,50,5/15/2026,4:59:46,50.17,2.16,311
stress-ng --cpu 16 --cpu-load 100 --timeout 60s --quiet,50,5/15/2026,4:59:47,50.21,2.16,311
stress-ng --cpu 16 --cpu-load 100 --timeout 60s --quiet,50,5/15/2026,4:59:48,50.18,2.17,311
stress-ng --cpu 16 --cpu-load 100 --timeout 60s --quiet,50,5/15/2026,4:59:49,50.2,2.15,312
stress-ng --cpu 16 --cpu-load 100 --timeout 60s --quiet,50,5/15/2026,4:59:50,50.18,2.15,311
stress-ng --cpu 16 --cpu-load 100 --timeout 60s --quiet,50,5/15/2026,4:59:51,50.18,2.15,310
stress-ng --cpu 16 --cpu-load 100 --timeout 60s --quiet,50,5/15/2026,4:59:52,50.14,2.16,312
stress-ng --cpu 16 --cpu-load 100 --timeout 60s --quiet,50,5/15/2026,4:59:53,50.14,2.16,311
stress-ng --cpu 16 --cpu-load 100 --timeout 60s --quiet,50,5/15/2026,4:59:54,50.23,2.16,313
stress-ng --cpu 16 --cpu-load 100 --timeout 60s --quiet,50,5/15/2026,4:59:55,50.2,2.16,313
stress-ng --cpu 16 --cpu-load 100 --timeout 60s --quiet,50,5/15/2026,4:59:56,50.2,2.16,312
stress-ng --cpu 16 --cpu-load 100 --timeout 60s --quiet,50,5/15/2026,4:59:57,50.18,2.16,315
stress-ng --cpu 16 --cpu-load 100 --timeout 60s --quiet,50,5/15/2026,4:59:58,50.18,2.16,313
stress-ng --cpu 16 --cpu-load 100 --timeout 60s --quiet,50,5/15/2026,4:59:59,50.2,2.17,313.5
stress-ng --cpu 16 --cpu-load 100 --timeout 60s --quiet,50,5/15/2026,5:00:00,50.17,2.17,314
stress-ng --cpu 16 --cpu-load 100 --timeout 60s --quiet,50,5/15/2026,5:00:01,50.23,2.17,314
stress-ng --cpu 16 --cpu-load 100 --timeout 60s --quiet,50,5/15/2026,5:00:02,50.17,2.17,313
stress-ng --cpu 16 --cpu-load 100 --timeout 60s --quiet,50,5/15/2026,5:00:03,50.41,2.18,315
stress-ng --cpu 16 --cpu-load 100 --timeout 60s --quiet,50,5/15/2026,5:00:04,50.2,2.18,314
stress-ng --cpu 16 --cpu-load 100 --timeout 60s --quiet,50,5/15/2026,5:00:05,50.18,2.18,315
stress-ng --cpu 16 --cpu-load 100 --timeout 60s --quiet,50,5/15/2026,5:00:06,50.175,2.18,316
stress-ng --cpu 16 --cpu-load 100 --timeout 60s --quiet,50,5/15/2026,5:00:07,50.17,2.18,316
stress-ng --cpu 16 --cpu-load 100 --timeout 60s --quiet,50,5/15/2026,5:00:08,50.21,2.18,316
stress-ng --cpu 16 --cpu-load 100 --timeout 60s --quiet,50,5/15/2026,5:00:09,50.2,2.18,316
stress-ng --cpu 16 --cpu-load 100 --timeout 60s --quiet,50,5/15/2026,5:00:10,50.2,2.18,315
stress-ng --cpu 16 --cpu-load 100 --timeout 60s --quiet,50,5/15/2026,5:00:11,50.18,2.18,317
stress-ng --cpu 16 --cpu-load 100 --timeout 60s --quiet,50,5/15/2026,5:00:12,50.2,2.18,317
stress-ng --cpu 16 --cpu-load 100 --timeout 60s --quiet,50,5/15/2026,5:00:13,50.18,2.18,318
stress-ng --cpu 16 --cpu-load 100 --timeout 60s --quiet,50,5/15/2026,5:00:14,50.18,2.18,317
stress-ng --cpu 16 --cpu-load 100 --timeout 60s --quiet,50,5/15/2026,5:00:15,50.2,2.19,319
stress-ng --cpu 16 --cpu-load 100 --timeout 60s --quiet,50,5/15/2026,5:00:16,50.17,2.19,321
stress-ng --cpu 16 --cpu-load 100 --timeout 60s --quiet,50,5/15/2026,5:00:17,50.17,2.18,323
stress-ng --cpu 16 --cpu-load 100 --timeout 60s --quiet,50,5/15/2026,17:27:00,0.15,2.12,137
stress-ng --cpu 16 --cpu-load 100 --timeout 60s --quiet,50,5/15/2026,17:27:01,40.42,2.23,111
stress-ng --cpu 16 --cpu-load 100 --timeout 60s --quiet,50,5/15/2026,17:27:02,50.23,2.23,298
stress-ng --cpu 16 --cpu-load 100 --timeout 60s --quiet,50,5/15/2026,17:27:03,50.34,2.23,299
stress-ng --cpu 16 --cpu-load 100 --timeout 60s --quiet,50,5/15/2026,17:27:04,50.2,2.23,299
stress-ng --cpu 16 --cpu-load 100 --timeout 60s --quiet,50,5/15/2026,17:27:05,50.26,2.24,297
stress-ng --cpu 16 --cpu-load 100 --timeout 60s --quiet,50,5/15/2026,17:27:06,50.2,2.24,299
stress-ng --cpu 16 --cpu-load 100 --timeout 60s --quiet,50,5/15/2026,17:27:07,50.25,2.24,300
stress-ng --cpu 16 --cpu-load 100 --timeout 60s --quiet,50,5/15/2026,17:27:08,50.2,2.24,301
stress-ng --cpu 16 --cpu-load 100 --timeout 60s --quiet,50,5/15/2026,17:27:09,50.17,2.25,301
stress-ng --cpu 16 --cpu-load 100 --timeout 60s --quiet,50,5/15/2026,17:27:10,50.35,2.24,301
stress-ng --cpu 16 --cpu-load 100 --timeout 60s --quiet,50,5/15/2026,17:27:11,50.11,2.24,301.5
stress-ng --cpu 16 --cpu-load 100 --timeout 60s --quiet,50,5/15/2026,17:27:12,50.2,2.24,302
stress-ng --cpu 16 --cpu-load 100 --timeout 60s --quiet,50,5/15/2026,17:27:13,50.28,2.24,304
stress-ng --cpu 16 --cpu-load 100 --timeout 60s --quiet,50,5/15/2026,17:27:14,50.18,2.24,305.5
stress-ng --cpu 16 --cpu-load 100 --timeout 60s --quiet,50,5/15/2026,17:27:15,50.18,2.23,307
stress-ng --cpu 16 --cpu-load 100 --timeout 60s --quiet,50,5/15/2026,17:27:16,50.18,2.23,305
stress-ng --cpu 16 --cpu-load 100 --timeout 60s --quiet,50,5/15/2026,17:27:17,50.2,2.23,306
stress-ng --cpu 16 --cpu-load 100 --timeout 60s --quiet,50,5/15/2026,17:27:18,50.25,2.23,304
stress-ng --cpu 16 --cpu-load 100 --timeout 60s --quiet,50,5/15/2026,17:27:19,50.225,2.23,305
stress-ng --cpu 16 --cpu-load 100 --timeout 60s --quiet,50,5/15/2026,17:27:20,50.2,2.23,306
stress-ng --cpu 16 --cpu-load 100 --timeout 60s --quiet,50,5/15/2026,17:27:21,50.2,2.23,306
stress-ng --cpu 16 --cpu-load 100 --timeout 60s --quiet,50,5/15/2026,17:27:22,50.25,2.23,307
stress-ng --cpu 16 --cpu-load 100 --timeout 60s --quiet,50,5/15/2026,17:27:23,50.2,2.23,306
stress-ng --cpu 16 --cpu-load 100 --timeout 60s --quiet,50,5/15/2026,17:27:24,50.42,2.23,308
stress-ng --cpu 16 --cpu-load 100 --timeout 60s --quiet,50,5/15/2026,17:27:25,50.38,2.24,308
stress-ng --cpu 16 --cpu-load 100 --timeout 60s --quiet,50,5/15/2026,17:27:26,50.2,2.24,307
stress-ng --cpu 16 --cpu-load 100 --timeout 60s --quiet,50,5/15/2026,17:27:27,50.25,2.24,308
stress-ng --cpu 16 --cpu-load 100 --timeout 60s --quiet,50,5/15/2026,17:27:28,50.2,2.24,309
stress-ng --cpu 16 --cpu-load 100 --timeout 60s --quiet,50,5/15/2026,17:27:29,50.23,2.24,309
stress-ng --cpu 16 --cpu-load 100 --timeout 60s --quiet,50,5/15/2026,17:27:30,50.25,2.24,310
stress-ng --cpu 16 --cpu-load 100 --timeout 60s --quiet,50,5/15/2026,17:27:31,50.2,2.24,310.5
stress-ng --cpu 16 --cpu-load 100 --timeout 60s --quiet,50,5/15/2026,17:27:32,50.22,2.24,311
stress-ng --cpu 16 --cpu-load 100 --timeout 60s --quiet,50,5/15/2026,17:27:33,50.21,2.24,310
stress-ng --cpu 16 --cpu-load 100 --timeout 60s --quiet,50,5/15/2026,17:27:34,50.18,2.24,310
stress-ng --cpu 16 --cpu-load 100 --timeout 60s --quiet,50,5/15/2026,17:27:35,50.26,2.23,310
stress-ng --cpu 16 --cpu-load 100 --timeout 60s --quiet,50,5/15/2026,17:27:36,50.22,2.24,311
stress-ng --cpu 16 --cpu-load 100 --timeout 60s --quiet,50,5/15/2026,17:27:37,50.28,2.24,313
stress-ng --cpu 16 --cpu-load 100 --timeout 60s --quiet,50,5/15/2026,17:27:38,50.31,2.24,310
stress-ng --cpu 16 --cpu-load 100 --timeout 60s --quiet,50,5/15/2026,17:27:39,50.18,2.24,311
stress-ng --cpu 16 --cpu-load 100 --timeout 60s --quiet,50,5/15/2026,17:27:40,50.25,2.24,311
stress-ng --cpu 16 --cpu-load 100 --timeout 60s --quiet,50,5/15/2026,17:27:41,50.2,2.24,312
stress-ng --cpu 16 --cpu-load 100 --timeout 60s --quiet,50,5/15/2026,17:27:42,50.17,2.24,313
stress-ng --cpu 16 --cpu-load 100 --timeout 60s --quiet,50,5/15/2026,17:27:43,50.2,2.24,312
stress-ng --cpu 16 --cpu-load 100 --timeout 60s --quiet,50,5/15/2026,17:27:44,50.17,2.24,314
stress-ng --cpu 16 --cpu-load 100 --timeout 60s --quiet,50,5/15/2026,17:27:45,50.22,2.24,313
stress-ng --cpu 16 --cpu-load 100 --timeout 60s --quiet,50,5/15/2026,17:27:46,50.2,2.24,314
stress-ng --cpu 16 --cpu-load 100 --timeout 60s --quiet,50,5/15/2026,17:27:47,50.2,2.24,316
stress-ng --cpu 16 --cpu-load 100 --timeout 60s --quiet,50,5/15/2026,17:27:48,50.23,2.24,315
stress-ng --cpu 16 --cpu-load 100 --timeout 60s --quiet,50,5/15/2026,17:27:49,50.18,2.24,317
stress-ng --cpu 16 --cpu-load 100 --timeout 60s --quiet,50,5/15/2026,17:27:50,50.23,2.23,315
stress-ng --cpu 16 --cpu-load 100 --timeout 60s --quiet,50,5/15/2026,17:27:51,50.23,2.24,314
stress-ng --cpu 16 --cpu-load 100 --timeout 60s --quiet,50,5/15/2026,17:27:52,50.2,2.24,316
stress-ng --cpu 16 --cpu-load 100 --timeout 60s --quiet,50,5/15/2026,17:27:53,50.38,2.23,315
stress-ng --cpu 16 --cpu-load 100 --timeout 60s --quiet,50,5/15/2026,17:27:54,50.18,2.24,316
stress-ng --cpu 16 --cpu-load 100 --timeout 60s --quiet,50,5/15/2026,17:27:55,50.21,2.23,317
stress-ng --cpu 16 --cpu-load 100 --timeout 60s --quiet,50,5/15/2026,17:27:56,50.2,2.23,315
stress-ng --cpu 16 --cpu-load 100 --timeout 60s --quiet,50,5/15/2026,17:27:57,50.2,2.23,317
stress-ng --cpu 16 --cpu-load 100 --timeout 60s --quiet,50,5/15/2026,17:27:58,50.22,2.22,316
stress-ng --cpu 16 --cpu-load 100 --timeout 60s --quiet,50,5/15/2026,17:27:59,50.2,2.21,318
stress-ng --cpu 16 --cpu-load 100 --timeout 60s --quiet,50,5/15/2026,17:28:00,50.21,2.21,318
